customer_id,customer_name,email,phone,city,state,pincode,signup_date,customer_segment,is_prime_member,lifetime_orders,avg_rating_given
CUST-00922,Rahul Chowdhury,rahul.chowdhury28@outlook.com,09709931145,Pune,MH,411001,2021-12-08,Smb,1,17.0,2.3
CUST-04911,bhavana patel,bhavana.patel521@gmail.com,91 98945-07693,Nagpur,MH,440001,2023-07-25,Enterprise,0,133.0,4.6
CUST-00280,aravind bose,aravind.bose368@outlook.com,9815078433,Madurai,TN,625001,2023-03-10,Retail,1,142.0,3.2
CUST-03317,SURESH MEHTA,suresh.mehta950@gmail.com,9871475729,Mysuru,KA,570001,2023-04-08,Business,1,62.0,4.5
CUST-00596,  Karthik Mehta  ,karthik.mehta781@gmail.com,9712649259,Gurugram,HR,122001,2023-07-29,Smb,1,94.0,2.3
CUST-01827,kavya mehta,kavya.mehta444@protonmail.com,9929222515,Ahmedabad,GJ,380001,2023-07-17,Retail,1,138.0,4.4
CUST-04744,Rahul Raman,rahul.raman597@protonmail.com,91 97944-08032,Delhi,DL,110001,2022-09-05,Smb,0,83.0,3.7
CUST-02818,revathi iyer,revathi.iyer149@protonmail.com,9685610992,Visakhapatnam,AP,530001,2023-03-13,Enterprise,0,150.0,4.6
CUST-03998,Meera Reddy,meera.reddy541@protonmail.com,9980843297,Chennai,TN,600001,2021-12-23,Smb,1,170.0,2.1
CUST-01737,revathi patel,revathi.patel567@gmail.com,9967302100,Coimbatore,TN,641001,2022-08-08,Business,0,62.0,3.0
CUST-03985,Sneha Verma,sneha.verma495@yahoo.in,9670208834,Nagpur,MH,440001,2022-11-08,Retail,0,127.0,4.9
CUST-00483,Bhavana Menon,bhavana.menon211@gmail.com,9865539441,Chennai,TN,600001,2021-09-19,Enterprise,1,220.0,4.8
CUST-04699,Fatima Patel,fatima.patel939@gmail.com,+91-99059 13341,Lucknow,UP,226001,2022-08-20,Retail,0,11.0,5.0
CUST-03349,Swetha Singh,,+91-98999 71404,Pune,MH,411001,2021-09-17,Smb,1,166.0,4.8
CUST-01396,Anitha Das,anitha.das961@outlook.com,9963119182,Ahmedabad,GJ,380001,2023-02-02,Enterprise,1,214.0,3.3
CUST-01322,Ishita Reddy,ishita.reddy736@protonmail.com,9878852344,Kochi,KL,682001,2022-09-20,Enterprise,0,120.0,4.0
CUST-04412,Ananya Krishnan,ananya.krishnan944@yahoo.in,9927253608,Visakhapatnam,AP,530001,2023-03-16,Business,1,151.0,4.3
CUST-03503,RAVI PILLAI,ravi.pillai381@protonmail.com,91 99642-84290,Nagpur,MH,440001,2022-01-31,Retail,1,127.0,4.3
CUST-04746,priya joshi,priya.joshi789@outlook.com,09773348667,Gurugram,HR,122001,2022-09-23,Retail,0,3.0,4.8
CUST-02561,ravi iyer,ravi.iyer45@yahoo.in,9863839237,Kochi,KL,682001,2022-03-30,Retail,1,70.0,2.0
CUST-02606,Fatima Iyer,fatima.iyer515@outlook.com,,Kochi,KL,682001,2021-09-29,Enterprise,0,226.0,3.5
CUST-01605,Bhavana Sharma,bhavana.sharma303@yahoo.in,9805634923,Chandigarh,CH,160017,2023-11-10,Retail,0,238.0,4.6
CUST-03779,Arjun Kumar,arjun.kumar320@gmail.com,957843460,Hyderabad,TS,500001,2023-11-05,Enterprise,0,,3.4
CUST-04267,Deepa Joshi,deepa.joshi64@gmail.com,9937131259,CHENNAI,TN,600001,2023-07-06,Business,1,219.0,2.6
CUST-01701,Priya Verma,priya.verma116@yahoo.in,9924482202,Pune,MH,411001,2022-01-16,Retail,1,,4.0
CUST-01303,Nithin Iyer,nithin.iyer77@outlook.com,+91-99240 55829,Gurugram,HR,122001,2022-11-02,Business,0,183.0,3.7
CUST-04034,Pradeep Bose,pradeep.bose940@protonmail.com,9832359023,Bhubaneswar,OD,751001,2021-07-17,Business,0,22.0,4.2
CUST-02221,Divya Joshi,divya.joshi174@yahoo.in,9910516259,Coimbatore,TN,641001,2022-01-05,Retail,0,170.0,4.1
CUST-03946,Revathi Mehta,revathi.mehta637@gmail.com,9976882971,Guwahati,AS,781001,2023-11-07,Smb,1,121.0,2.2
CUST-03196,ANITHA KRISHNAN,anitha.krishnan766@protonmail.com,+91-99896 99902,Kochi,KL,682001,2022-03-15,Business,1,31.0,4.1
CUST-01668,suresh reddy,suresh.reddy210@yahoo.in,914193605,Guwahati,AS,781001,2023-12-17,Smb,0,55.0,2.4
CUST-01727,Ishita Singh,ishita.singh482@protonmail.com,,Chandigarh,CH,160017,2022-02-24,Smb,1,218.0,3.2
CUST-03052,Arjun Patel,arjun.patel9@outlook.com,9820650441,Lucknow,UP,226001,2023-11-20,Business,1,16.0,4.1
CUST-02314,ARJUN REDDY,arjun.reddy741@gmail.com,9861340725,Madurai,TN,625001,2023-01-16,Business,0,227.0,2.5
CUST-03687,Sneha Chowdhury,sneha.chowdhury19@protonmail.com,  ,Jaipur,RJ,302001,2022-05-24,Smb,1,23.0,3.9
CUST-01934,Ishita Kumar,ishita.kumar963@gmail.com,09637923586,Delhi,DL,110001,2021-11-07,Smb,1,225.0,4.3
CUST-01065,Rahul Pillai,rahul.pillai558@gmail.com,9651236912,Lucknow,UP,226001,2022-02-17,Business,1,166.0,
CUST-01993,ravi reddy,pradeep.krishnan259@gmail.com,9612600854,Delhi,DL,110001,2022-11-10,Enterprise,1,56.0,3.8
CUST-01154,Rahul Chowdhury,rahul.chowdhury781@gmail.com,9741002173,Nagpur,MH,440001,2023-05-07,Smb,1,173.0,
CUST-00500,Priya Krishnan,priya.krishnan29@outlook.com,+91-99029 07446,Visakhapatnam,AP,530001,2023-02-01,Business,0,,3.1
CUST-04890,Joseph Iyer,joseph.iyer303@yahoo.in,9602669340,Kolkata,WB,700001,2022-12-31,Enterprise,0,20.0,4.5
CUST-04426,  Manish Raman  ,manish.raman264@protonmail.com,693908022,Pune,MH,411001,2023-09-10,Enterprise,1,130.0,3.4
CUST-00929,Arjun Mehta,arjun.mehta809@yahoo.in,+91-98596 58788,Madurai,TN,625001,2021-11-23,Retail,1,117.0,3.3
CUST-04213,fatima nair,fatima.nair959@outlook.com,9985733555,Jaipur,RJ,302001,2023-01-18,Smb,0,135.0,3.8
CUST-00376,Ishita Chowdhury,ishita.chowdhury531@yahoo.in,872251460,Nagpur,MH,440001,2021-10-18,Business,0,171.0,4.1
CUST-00626,Kavya Raman,kavya.raman445@yahoo.in,91 99656-80703,Mumbai,MH,400001,2023-06-06,Retail,0,164.0,2.1
CUST-02248,Priya Verma,priya.verma346@outlook.com,91 98094-85176,Pune,MH,411001,2022-08-01,Retail,1,62.0,3.2
CUST-04181,Rahul Krishnan,rahul.krishnan761@gmail.com,09736753447,Jaipur,RJ,302001,2023-08-06,Retail,0,17.0,2.8
CUST-04804,Ravi Patel,ravi.patel649@yahoo.in,9890561032,Hyderabad,TS,500001,2023-10-11,Business,1,129.0,4.5
CUST-03482,Sneha Singh,sneha.singh347@gmail.com,+91-98615 19048,Mumbai,MH,400001,2022-06-07,Business,0,152.0,4.9
CUST-00386,Pradeep Nair,pradeep.nair512@outlook.com,+91-98250 28003,Jaipur,RJ,302001,2023-11-29,Retail,0,146.0,3.8
CUST-02361,Vasanth Sharma,vasanth.sharma281@gmail.com,9858978362,Visakhapatnam,AP,530001,2023-01-30,Retail,1,146.0,2.7
CUST-00812,Neha Raman,neha.raman676@gmail.com,91 99545-71095,Bengaluru,KA,560001,2022-12-18,Smb,0,147.0,3.5
CUST-04393,Imran Reddy,imran.reddy580@protonmail.com,+91-98896 60567,Mysuru,KA,570001,2022-04-24,Smb,1,153.0,4.4
CUST-03963,Suresh Kumar,suresh.kumar609@protonmail.com,9850929121,Kochi,KL,682001,2022-11-04,Retail,0,39.0,2.4
CUST-00522,Divya Nair,divya.nair932@protonmail.com,9957503765,Delhi,DL,110001,2023-08-02,Business,0,231.0,3.4
CUST-00231,Anitha Pillai,anitha.pillai426@outlook.com,631299586,Delhi,DL,110001,2022-07-18,Retail,0,137.0,2.6
CUST-01307,Arjun Reddy,arjun.reddy287@outlook.com,+91-96587 20488,Nagpur,MH,440001,2022-09-27,Enterprise,1,176.0,2.2
CUST-02308,ravi mehta,ravi.mehta825@gmail.com,9632612761,Pune,MH,411001,2023-12-25,Retail,0,116.0,2.9
CUST-02249,SWETHA MEHTA,unknown,+91-97072 20616,VISAKHAPATNAM,AP,530001,2021-12-15,Retail,1,165.0,3.6
CUST-01105,Ravi Chowdhury,ravi.chowdhury811@protonmail.com,9768556096,Visakhapatnam,AP,530001,2023-11-21,Smb,0,119.0,3.1
CUST-01203,Priya Das,priya.das894@outlook.com,09602342259,Hyderabad,TS,500001,2021-08-28,Business,0,13.0,3.9
CUST-00055,Bhavana Patel,bhavana.patel424@outlook.com,+91-98140 66637,Bengaluru,KA,560001,2022-02-09,Retail,0,24.0,4.2
CUST-02585,Karthik Mehta,karthik.mehta555@outlook.com,9928041709,Delhi,DL,110001,2023-10-13,Business,0,151.0,4.2
CUST-00314,ravi iyer,,9996102476,Madurai,TN,625001,2022-04-04,Retail,0,170.0,4.3
CUST-00239,  Anitha Menon  ,anitha.menon776@gmail.com,9629279874,CHANDIGARH,CH,160017,2023-09-09,Business,0,6.0,4.2
CUST-02918,Aravind Krishnan,aravind.krishnan504@yahoo.in,91 98982-90054,Coimbatore,TN,641001,2023-03-18,Smb,0,122.0,3.9
CUST-01921,  Deepa Reddy  ,deepa.reddy529@gmail.com,9920005779,Madurai,TN,625001,2023-03-30,Enterprise,1,144.0,4.4
CUST-01026,Vikram Das,vikram.das905@outlook.com,09792885514,Guwahati,AS,781001,2022-01-03,Retail,1,202.0,4.2
CUST-00678,Lakshmi Nair,  ,9606531263,Delhi,DL,110001,2021-02-10,Retail,0,123.0,2.3
CUST-03150,Anithā Chowdhury,anitha.chowdhury821@protonmail.com,9860667545,Bengaluru,KA,560001,2022-06-23,Business,1,116.0,3.1
CUST-02193,Anitha Iyer,-,9917173117,Delhi,DL,110001,2021-12-25,Business,0,203.0,4.0
CUST-03676,Ishita Raman,ishita.raman328@outlook.com,+91-98412 20699,Madurai,TN,625001,2023-03-30,Retail,1,122.0,2.5
CUST-02496,Pradeep Reddy,pradeep.reddy988@gmail.com,9879217624,Delhi,DL,110001,2023-05-27,Business,1,70.0,3.6
CUST-03169,Manish Iyer,,9680697280,Nagpur,MH,440001,2023-01-23,Business,0,60.0,
CUST-02938,Pradeep Das,pradeep.das515@protonmail.com,,Kochi,KL,682001,2021-08-24,Business,1,230.0,3.1
CUST-00375,Arjun Nair,arjun.nair432@protonmail.com,9838705863,Mysuru,KA,570001,2021-11-19,Business,0,227.0,2.4
CUST-02889,Gopal Joshi,gopal.joshi208@outlook.com,9855853907,Guwahati,AS,781001,2021-11-29,Retail,0,126.0,
CUST-03250,Meera Pillai,meera.pillai82@gmail.com,9611550343,Bengaluru,KA,560001,2023-05-11,Business,1,19.0,3.5
CUST-03784,Suresh Nair,suresh.nair86@protonmail.com,+91-96694 42140,Bhubaneswar,OD,751001,2022-09-19,Enterprise,1,168.0,3.5
CUST-02213,Vikram Menon,VIKRAM.MENON959@YAHOO.IN,+91-96089 41295,Chandigarh,CH,160017,2022-08-10,Business,1,20.0,3.5
CUST-03102,Rahul Menon,rahul.menon773@outlook.com,9862258750,Ahmedabad,GJ,380001,2021-12-07,Retail,1,124.0,3.5
CUST-02764,Priya Pillai,priya.pillai524@yahoo.in,+91-98772 93221,Gurugram,HR,122001,2022-03-26,Retail,0,6.0,2.1
CUST-00073,Sneha Raman,sneha.raman260@gmail.com,9636270760,BENGALURU,KA,560001,2021-09-19,Retail,0,179.0,2.5
CUST-01304,Nithin Sharma,nithin.sharma987@gmail.com,9958393855,Coimbatore,TN,641001,2021-08-20,Enterprise,1,100.0,3.5
CUST-02629,Ravi Chowdhury,ravi.chowdhury304@outlook.com,9714047034,Delhi,DL,110001,2023-10-08,Enterprise,1,166.0,2.9
CUST-00722,Suresh Reddy,suresh.reddy814@yahoo.in,9690398221,Visakhapatnam,AP,530001,2023-08-24,Smb,1,62.0,2.0
CUST-04317,Revathi Mehta,revathi.mehta89@outlook.com,9687387117,Nagpur,MH,440001,2023-04-16,Enterprise,0,191.0,4.4
CUST-04225,REVATHI REDDY,revathi.reddy432@outlook.com,+91-96829 14143,Kolkata,WB,700001,2022-05-20,Business,1,178.0,3.9
CUST-03778,Meera Bose,meera.bose347@outlook.com,9817115048,Hyderabad,TS,500001,2023-12-14,Retail,1,29.0,3.0
CUST-01610,Gopal Das,gopal.das516@protonmail.com,9935137006,Madurai,TN,625001,2022-02-22,Business,0,156.0,4.7
CUST-04766,Priya Reddy,priya.reddy54@outlook.com,09910076090,Mumbai,MH,400001,2022-03-21,Retail,1,63.0,3.2
CUST-04502,KAVYA CHOWDHURY,kavya.chowdhury907@gmail.com,9778210652,Chennai,TN,600001,2021-09-19,Retail,1,,2.3
CUST-03043,fatima krishnan,fatima.krishnan17@outlook.com,-,Madurai,TN,625001,2021-07-11,Smb,1,115.0,4.9
CUST-03030,Priya Raman,priya.raman966@protonmail.com,,Mumbai,MH,400001,2021-10-24,Business,0,236.0,4.2
CUST-00843,Revathi Singh,revathi.singh536@gmail.com,09901559230,Kochi,KL,682001,2022-06-01,Business,1,100.0,4.4
CUST-04121,deepa nair,deepa.nair294@protonmail.com,9828581697,VISAKHAPATNAM,AP,530001,2023-11-24,Business,1,148.0,2.4
CUST-00490,bhavana bose,bhavana.bose746@gmail.com,9820288305,Mysuru,KA,570001,2023-06-03,Retail,0,236.0,3.9
CUST-01765,Priya Raman,priya.raman97@yahoo.in,+91-96945 41569,Kochi,KL,682001,2023-11-28,Business,1,14.0,4.5
CUST-03406,Deepa Iyer,deepa.iyer839@gmail.com,9966753891,Hyderabad,TS,500001,2021-10-27,Smb,0,65.0,2.7
CUST-00956,DIVYA VERMA,divya.verma544@outlook.com,9654258498,Bengaluru,KA,560001,2023-06-03,Retail,0,239.0,4.4
CUST-00958,Rahul Chowdhury,rahul.chowdhury246@protonmail.com,9791699613,Bengaluru,KA,560001,2023-08-16,Retail,0,125.0,2.1
CUST-03040,Aravind Kumar,aravind.kumar929@yahoo.in,91 96670-10156,Chandigarh,CH,160017,2022-10-02,Enterprise,1,213.0,4.2
CUST-03529,Imran Singh,imran.singh181@yahoo.in,+91-98888 90772,Gurugram,HR,122001,2023-07-25,Enterprise,0,69.0,
CUST-03068,Pradeep Iyer,pradeep.iyer143@yahoo.in,+91-98504 49081,Coimbatore,TN,641001,2022-11-15,Retail,1,13.0,2.8
CUST-03865,Meera Joshi,meera.joshi396@gmail.com,+91-96228 29725,Lucknow,UP,226001,2023-02-25,Smb,1,79.0,4.5
CUST-00323,Sathish Raman,sathish.raman30@outlook.com,91 97491-27701,Hyderabad,TS,500001,2023-10-07,Enterprise,1,222.0,4.9
CUST-02185,Bhavana Raman,bhavana.raman862@yahoo.in,9785343945,Delhi,DL,110001,2022-11-05,Retail,1,159.0,4.2
CUST-02343,Ravi Pillai,ravi.pillai914@yahoo.in,9721529325,Madurai,TN,625001,2021-12-17,Enterprise,1,89.0,3.7
CUST-03172,neha iyer,neha.iyer38@gmail.com,610918485,Hyderabad,TS,500001,2022-10-10,Business,0,172.0,3.4
CUST-02935,LAKSHMI BOSE,lakshmi.bose186@gmail.com,+91-99815 26129,Mumbai,MH,400001,2022-07-25,Retail,1,228.0,4.3
CUST-03393,Imran Nair,imran.nair451@protonmail.com,+91-97389 22894,Madurai,TN,625001,2022-08-08,Business,0,80.0,2.9
CUST-02923,Pradeep Sharma,pradeep.sharma106@protonmail.com,9989951537,Chennai,TN,600001,2023-04-14,Business,0,180.0,4.0
CUST-00364,Divya Kumar,divya.kumar692@gmail.com,91 98978-06294,Mysuru,KA,570001,2023-08-08,Enterprise,1,201.0,4.9
CUST-02625,Fatima Chowdhury,fatima.chowdhury974@yahoo.in,91 99889-05720,BENGALURU,KA,560001,2022-09-08,Smb,0,16.0,4.9
CUST-02730,Ananya Iyer,ananya.iyer296@yahoo.in,9767237537,Lucknow,UP,226001,2022-02-03,Enterprise,0,165.0,2.7
CUST-03405,Karthik Raman,karthik.raman181@yahoo.in,9982699421,Gurugram,HR,122001,2021-12-03,Retail,0,236.0,2.8
CUST-00550,Nithin Kumar,nithin.kumar121@outlook.com,9973819021,Lucknow,UP,226001,2022-03-30,Retail,1,56.0,3.4
CUST-01427,Vasanth Mehta,vasanth.mehta91@protonmail.com,9952884824,Ahmedabad,GJ,380001,2022-05-08,Retail,1,15.0,4.5
CUST-02086,Deepa Kumar,deepa.kumar93@yahoo.in,9894700799,GUWAHATI,AS,781001,2021-10-08,Enterprise,0,119.0,2.0
CUST-02953,Sathish Patel,sathish.patel393@protonmail.com,,Nagpur,MH,440001,2023-10-31,Business,1,8.0,2.3
CUST-01354,pradeep pillai,pradeep.pillai291@yahoo.in,9642644080,Bhubaneswar,OD,751001,2022-09-27,Retail,1,87.0,4.7
CUST-04006,Joseph Raman,joseph.raman761@yahoo.in,91 96599-69058,Chandigarh,CH,160017,2021-10-16,Retail,0,64.0,4.5
CUST-02097,Vikram Menon,vikram.menon743@outlook.com,9968829621,Gurugram,HR,122001,2023-03-27,Smb,1,123.0,2.2
CUST-00939,Kavya Das,kavya.das515@protonmail.com,91 96104-72028,GUWAHATI,AS,781001,2021-11-23,Business,0,228.0,2.1
CUST-04762,Sathish Verma,sathish.verma618@protonmail.com,09803585426,Guwahati,AS,781001,2023-02-15,Business,1,83.0,4.9
CUST-00089,Ravi Chowdhury,ravi.chowdhury209@protonmail.com,9928284782,Coimbatore,TN,641001,2022-12-11,Retail,0,234.0,3.6
CUST-00587,Priya Raman,priya.raman379@protonmail.com,+91-96596 09200,Madurai,TN,625001,2023-02-28,Retail,1,23.0,3.0
CUST-04238,Neha Reddy,neha.reddy470@protonmail.com,+91-97710 53798,Gurugram,HR,122001,2022-11-21,Enterprise,1,12.0,3.5
CUST-03889,Joseph Singh,joseph.singh574@gmail.com,09710149470,Kochi,KL,682001,2022-03-19,Retail,0,177.0,2.3
CUST-02480,Anitha Iyer,anitha.iyer26@gmail.com,9700051846,Jaipur,RJ,302001,2023-10-24,Retail,0,237.0,2.3
CUST-03844,Joseph Das,joseph.das467@protonmail.com,9888608490,Nagpur,MH,440001,2021-08-27,Smb,1,175.0,4.2
CUST-00935,Lakshmi Joshi,lakshmi.joshi199@outlook.com,9848057626,Lucknow,UP,226001,2022-03-07,Business,1,199.0,2.1
CUST-03456,  Aravind Menon  ,aravind.menon671@gmail.com,9665088966,Chandigarh,CH,160017,2023-07-25,Smb,1,26.0,2.8
CUST-00650,Karthik Reddy,karthik.reddy484@yahoo.in,9706169706,Jaipur,RJ,302001,2022-04-19,Business,1,112.0,2.5
CUST-00278,  Nithin Singh  ,nithin.singh951@yahoo.in,91 96958-00408,Bengaluru,KA,560001,2021-12-29,Retail,1,19.0,4.2
CUST-03922,Swetha Singh,swetha.singh544@gmail.com,+91-99129 20099,Visakhapatnam,AP,530001,2021-11-16,Smb,0,163.0,4.2
CUST-02804,Kavya Bose,kavya.bose621@outlook.com,9892443857,Gurugram,HR,122001,2021-11-17,Enterprise,0,153.0,3.0
CUST-04092,Fatima Patel,fatima.patel784@gmail.com,9786715392,Bengaluru,KA,560001,2022-10-06,Smb,0,125.0,3.3
CUST-00492,fātimā dās,fatima.das950@yahoo.in,+91-96806 52908,Gurugram,HR,122001,2023-12-16,Retail,0,73.0,2.4
CUST-04832,Bhavana Menon,bhavana.menon306@outlook.com,9728407378,Kolkata,WB,700001,2023-08-03,Smb,1,220.0,4.3
CUST-01331,Nithin Raman,nithin.raman57@protonmail.com,9783424290,Nagpur,MH,440001,2022-08-13,Retail,1,56.0,
CUST-00937,PRIYA MENON,priya.menon587@yahoo.in,9622091706,Gurugram,HR,122001,2021-08-30,Retail,1,89.0,
CUST-01258,Divya Pillai,divya.pillai489@gmail.com,718026153,Lucknow,UP,226001,2022-03-11,Business,0,101.0,
CUST-02751,Neha Kumar,neha.kumar308@outlook.com,+91-96467 71805,Chennai,TN,600001,2023-12-09,Business,1,140.0,3.0
CUST-00662,Gopal Menon,gopal.menon259@yahoo.in,9766377137,Hyderabad,TS,500001,2022-11-26,Retail,0,123.0,2.9
CUST-01476,Suresh Krishnan,suresh.krishnan848@gmail.com,9900845082,Madurai,TN,625001,2022-07-15,Business,0,239.0,2.0
CUST-02289,Vasanth Mehta,VASANTH.MEHTA486@GMAIL.COM,9768616573,Kolkata,WB,700001,2022-01-05,Retail,0,179.0,2.2
CUST-00883,Nithin Pillai,nithin.pillai124@gmail.com,+91-98947 32894,Nagpur,MH,440001,2023-07-04,Enterprise,0,67.0,4.0
CUST-03473,Ishita Chowdhury,ishita.chowdhury665@outlook.com,9992941509,Madurai,TN,625001,2021-10-17,Retail,0,64.0,4.3
CUST-01707,Swetha Chowdhury,swetha.chowdhury290@gmail.com,9705970987,GUWAHATI,AS,781001,2023-07-02,Enterprise,1,129.0,3.6
CUST-00219,PRIYA IYER,PRIYA.IYER562@GMAIL.COM,+91-98131 44473,Madurai,TN,625001,2023-11-05,Smb,1,114.0,2.4
CUST-00290,Ishita Reddy,ishita.reddy236@gmail.com,+91-98801 22481,Mumbai,MH,400001,2023-04-23,Business,1,149.0,4.8
CUST-03158,Kavya Iyer,kavya.iyer112@outlook.com,91 97619-53101,Chennai,TN,600001,2022-01-20,Smb,1,,5.0
CUST-00885,ravi kumar,ravi.kumar662@gmail.com,09937852744,Mysuru,KA,570001,2022-03-07,Smb,1,10.0,2.5
CUST-00969,PRADEEP KUMAR,PRADEEP.KUMAR620@OUTLOOK.COM,+91-96514 21329,MYSURU,KA,570001,2022-04-10,Retail,0,193.0,4.0
CUST-02084,Neha Sharma,neha.sharma824@yahoo.in,+91-97675 33075,Visakhapatnam,AP,530001,2023-08-20,Business,0,2.0,4.5
CUST-02201,Ishita Raman,ishita.raman121@gmail.com,91 97666-95883,NAGPUR,MH,440001,2023-09-27,Business,1,145.0,4.1
CUST-01461,Joseph Joshi,joseph.joshi733@yahoo.in,9733046595,Lucknow,UP,226001,2021-10-22,Enterprise,0,222.0,
CUST-03419,,manish.singh534@yahoo.in,,CHANDIGARH,CH,160017,2022-07-17,Retail,1,175.0,3.7
CUST-04386,ARJUN VERMA,arjun.verma231@yahoo.in,91 98609-79031,Pune,MH,411001,2023-08-03,Retail,1,103.0,2.7
CUST-04180,Anitha Mehta,anitha.mehta489yahoo.in,9655558769,Hyderabad,TS,500001,2022-02-13,Enterprise,0,60.0,4.0
CUST-04703,Sneha Krishnan,sneha.krishnan939@protonmail.com,728339562,Delhi,DL,110001,2021-08-08,Smb,0,117.0,4.9
CUST-03073,Manish Mehta,manish.mehta702@gmail.com,+91-98675 56573,Mumbai,MH,400001,2022-07-18,Smb,0,159.0,4.1
CUST-02778,Deepa Joshi,deepa.joshi613@gmail.com,+91-96738 93275,Mysuru,KA,570001,2022-11-16,Retail,1,120.0,4.8
CUST-03439,Karthik Krishnan,karthik.krishnan250@gmail.com,91 96543-45219,Jaipur,RJ,302001,2023-11-05,Smb,0,205.0,4.3
CUST-03941,Manish Patel,manish.patel557@protonmail.com,+91-98493 09539,Chandigarh,CH,160017,2022-02-01,Smb,1,6.0,3.6
CUST-04159,Lakshmi Reddy,lakshmi.reddy670@gmail.com,9783726841,Coimbatore,TN,641001,2022-01-16,Enterprise,0,79.0,4.8
CUST-03138,Lakshmi Nair,lakshmi.nair690@protonmail.com,817633273,Kochi,KL,682001,2023-01-23,Retail,0,187.0,4.7
CUST-00977,Meera Patel,meera.patel962@yahoo.in,,CHENNAI,TN,600001,2023-04-21,Smb,1,117.0,
CUST-00499,Nithin Krishnan,nithin.krishnan443@yahoo.in,9699217961,Pune,MH,411001,2022-02-16,Enterprise,0,95.0,3.2
CUST-02492,Ishita Bose,ishita.bose815@yahoo.in,+91-99550 88799,Hyderabad,TS,500001,2023-07-24,Business,1,163.0,2.9
CUST-00398,Divya Verma,divya.verma62@yahoo.in,9759243820,Jaipur,RJ,302001,2021-12-05,Retail,1,82.0,4.3
CUST-00799,meera iyer,meera.iyer572@protonmail.com,9675490070,Chennai,TN,600001,2023-12-14,Retail,0,90.0,4.5
CUST-00684,  Arjun Chowdhury  ,arjun.chowdhury509@outlook.com,09860029838,Visakhapatnam,AP,530001,2022-12-11,Business,1,18.0,4.8
CUST-02659,Deepā Kumār,deepa.kumar220@yahoo.in,+91-98863 89004,BENGALURU,KA,560001,2022-04-09,Retail,1,199.0,3.5
CUST-00271,Sneha Krishnan,sneha.krishnan752@outlook.com,9758171804,Coimbatore,TN,641001,2022-03-27,Enterprise,1,147.0,5.0
CUST-03733,Aravind Singh,aravind.singh701@outlook.com,9681661297,Mumbai,MH,400001,2021-11-04,Retail,0,70.0,3.1
CUST-01699,Suresh Bose,suresh.bose139@yahoo.in,91 98651-25553,Pune,MH,411001,2023-07-23,Retail,0,99.0,3.5
CUST-03814,BHAVANA MEHTA,bhavana.mehta785@protonmail.com,91 97023-81405,Bhubaneswar,OD,751001,2023-01-28,Enterprise,0,12.0,2.3
CUST-04018,Meera Chowdhury,meera.chowdhury708@outlook.com,+91-98429 38859,Bengaluru,KA,560001,2022-11-19,Business,0,21.0,3.5
CUST-04017,Priya Raman,priya.raman192@protonmail.com,9707718454,Visakhapatnam,AP,530001,2021-07-27,Smb,1,164.0,4.9
CUST-01151,  Ananya Reddy  ,ananya.reddy152@yahoo.in,9683227442,Nagpur,MH,440001,2022-05-05,Business,1,1.0,2.1
CUST-00627,Sāthish Iyer,sathish.iyer247@outlook.com,809334432,Ahmedabad,GJ,380001,2023-04-11,Smb,0,182.0,3.9
CUST-04729,Aravind Raman,aravind.raman560@gmail.com,9938585787,Chandigarh,CH,160017,2021-07-24,Enterprise,0,153.0,4.3
CUST-04261,Meera Verma,meera.verma469@outlook.com,91 99013-03262,Hyderabad,TS,500001,2022-06-23,Retail,1,76.0,2.7
CUST-03910,KARTHIK PILLAI,karthik.pillai304@gmail.com,9625358802,BHUBANESWAR,OD,751001,2022-06-06,Business,1,97.0,2.4
CUST-01500,Revathi Menon,revathi.menon367@outlook.com,9919365517,BENGALURU,KA,560001,2022-09-25,Retail,1,140.0,3.0
CUST-03907,Vasanth Kumar,vasanth.kumar310yahoo.in,9937363547,Gurugram,HR,122001,2021-08-18,Business,0,208.0,4.2
CUST-00122,Swetha Sharma,swetha.sharma550@yahoo.in,+91-97058 03447,Delhi,DL,110001,2022-11-25,Retail,0,91.0,3.9
CUST-01347,Meera Pillai,meera.pillai135@outlook.com,9619109016,Guwahati,AS,781001,2023-12-01,Business,0,187.0,3.8
CUST-01704,  Gopal Iyer  ,gopal.iyer116@protonmail.com,9606774697,Chandigarh,CH,160017,2022-01-31,Business,1,183.0,2.5
CUST-02150,Anitha Raman,anitha.raman189@protonmail.com,889945758,Bhubaneswar,OD,751001,2023-01-01,Retail,0,146.0,2.9
CUST-01366,Ravi Kumar,ravi.kumar515@outlook.com,09907371820,Coimbatore,TN,641001,2022-09-18,Retail,0,6.0,2.8
CUST-02383,Nithin Raman,nithin.raman635@protonmail.com,9668747781,Kochi,KL,682001,2021-12-13,Retail,1,168.0,3.1
CUST-02584,Vikram Krishnan,vikram.krishnan734@yahoo.in,9674653870,Delhi,DL,110001,2022-11-24,Smb,0,41.0,2.3
CUST-02500,Anitha Iyer,anitha.iyer196@outlook.com,91 97813-80572,VISAKHAPATNAM,AP,530001,2023-11-12,Retail,1,178.0,3.3
CUST-03514,Gopal Raman,gopal.raman80@protonmail.com,9798838058,Kolkata,WB,700001,2022-03-13,Smb,1,16.0,2.5
CUST-00036,Divya Nair,divya.nair74@gmail.com,91 97651-47832,Visakhapatnam,AP,530001,2023-03-28,Enterprise,0,113.0,2.1
CUST-01291,Joseph Das,joseph.das614@yahoo.in,+91-97873 80920,Mysuru,KA,570001,2022-12-31,Smb,0,143.0,2.1
CUST-02719,Vasanth Patel,vasanth.patel896@gmail.com,9855984920,Kolkata,WB,700001,2023-07-18,Retail,1,186.0,2.1
CUST-01598,Sneha Singh,sneha.singh191@yahoo.in,91 99567-25665,Gurugram,HR,122001,2023-08-13,Retail,0,113.0,3.5
CUST-00749,Bhavana Raman,bhavana.raman941@protonmail.com,9775793583,Bengaluru,KA,560001,2023-12-23,Retail,0,211.0,4.4
CUST-02577,Suresh Sharma,suresh.sharma281@outlook.com,9832572780,Visakhapatnam,AP,530001,2022-02-15,Retail,0,189.0,4.5
CUST-01607,Deepa Chowdhury,deepa.chowdhury691@yahoo.in,09793089090,Chennai,TN,600001,2022-10-16,Business,1,30.0,3.8
CUST-01212,  Aravind Chowdhury  ,aravind.chowdhury743@gmail.com,91 97283-12474,Visakhapatnam,AP,530001,2021-09-16,Retail,1,112.0,3.1
CUST-00936,Vasanth Reddy,vasanth.reddy404@gmail.com,9691751964,Coimbatore,TN,641001,2022-04-24,Retail,1,46.0,4.5
CUST-02591,Manish Menon,manish.menon829@outlook.com,+91-96906 44222,Coimbatore,TN,641001,2022-09-08,Smb,1,4.0,4.3
CUST-01636,Manish Bose,manish.bose831@gmail.com,09943107340,Delhi,DL,110001,2022-05-01,Enterprise,0,147.0,3.2
CUST-01740,SWETHA VERMA,swetha.verma735@gmail.com,09666194071,Gurugram,HR,122001,2022-10-27,Enterprise,0,189.0,4.0
CUST-00910,  Joseph Chowdhury  ,joseph.chowdhury748@yahoo.in,+91-96716 59686,Mysuru,KA,570001,2023-12-09,Retail,1,59.0,2.6
CUST-04279,Fatima Singh,fatima.singh341@outlook.com,91 97708-55829,Gurugram,HR,122001,2021-11-16,Retail,0,208.0,4.6
CUST-03241,Rahul Reddy,rahul.reddy330@yahoo.in,9615130614,Mumbai,MH,400001,2022-08-31,Retail,1,121.0,3.4
CUST-01553,PRADEEP PATEL,pradeep.patel996@gmail.com,+91-97995 77774,Kolkata,WB,700001,2023-06-03,Retail,1,156.0,4.0
CUST-03331,Gopal Verma,gopal.verma846@outlook.com,9612340160,Visakhapatnam,AP,530001,2022-07-09,Business,1,224.0,3.3
CUST-03629,Ananya Bose,ananya.bose673@protonmail.com,+91-99456 99386,Mumbai,MH,400001,2021-09-02,Retail,0,5.0,2.4
CUST-00120,revathi sharma,revathi.sharma146@outlook.com,09844454845,Guwahati,AS,781001,2023-02-27,Smb,0,6.0,3.9
CUST-01832,Karthik Nair,karthik.nair783@protonmail.com,+91-96974 19563,Delhi,DL,110001,2022-07-16,Business,1,24.0,4.8
CUST-03461,Sneha Das,sneha.das121@protonmail.com,9668935992,Pune,MH,411001,2023-05-13,Business,1,149.0,4.8
CUST-00739,Vasanth Kumar,vasanth.kumar884@gmail.com,09688542861,Visakhapatnam,AP,530001,2022-06-28,Business,1,202.0,
CUST-00744,Joseph Patel,joseph.patel275@yahoo.in,9635181450,Jaipur,RJ,302001,2021-12-13,Business,1,41.0,4.6
CUST-00583,Revathi Krishnan,revathi.krishnan843@yahoo.in,09658364151,Mumbai,MH,400001,2022-04-16,Enterprise,1,83.0,4.3
CUST-02161,  Gopal Chowdhury  ,gopal.chowdhury711@protonmail.com,9995166681,Chennai,TN,600001,2023-02-08,Business,1,16.0,3.9
CUST-00130,SWETHA KRISHNAN,swetha.krishnan162@protonmail.com,9829673001,Mysuru,KA,570001,2022-12-27,Retail,0,171.0,2.5
CUST-00381,  Ishita Sharma  ,ishita.sharma904@outlook.com,9849251598,Ahmedabad,GJ,380001,2022-03-18,Smb,1,54.0,2.6
CUST-04005,Fatima Bose,fatima.bose999@protonmail.com,975005399,Delhi,DL,110001,2021-07-28,Business,0,160.0,2.3
CUST-03602,joseph menon,joseph.menon817@protonmail.com,unknown,PUNE,MH,411001,2022-08-01,Smb,0,166.0,3.6
CUST-02340,  Revathi Das  ,revathi.das611@gmail.com,09834540719,Chandigarh,CH,160017,2022-08-23,Smb,0,189.0,3.1
CUST-01522,arjun chowdhury,arjun.chowdhury994@yahoo.in,9777768003,Pune,MH,411001,2022-04-09,Retail,1,113.0,3.3
CUST-03325,Aravind Menon,aravind.menon761@gmail.com,9727892139,Gurugram,HR,122001,2023-01-29,Retail,0,148.0,3.7
CUST-01299,Swetha Das,swetha.das477@gmail.com,9918312385,Lucknow,UP,226001,2021-12-24,Retail,1,32.0,4.1
CUST-03697,  Anitha Sharma  ,anitha.sharma183@gmail.com,9908851995,Mysuru,KA,570001,2022-04-24,Retail,1,89.0,2.4
CUST-03827,Anitha Singh,anitha.singh781@yahoo.in,822822420,Visakhapatnam,AP,530001,2022-01-11,Smb,1,94.0,3.9
CUST-01292,Imran Chowdhury,imran.chowdhury163@protonmail.com,9739490664,Chandigarh,CH,160017,2022-10-01,Enterprise,1,213.0,3.0
CUST-00119,Aravind Chowdhury,aravind.chowdhury11@gmail.com,09874167216,Nagpur,MH,440001,2022-05-08,Enterprise,1,89.0,3.4
CUST-01101,Deepa Singh,deepa.singh739@yahoo.in,+91-98688 97301,Mysuru,KA,570001,2021-09-27,Retail,0,108.0,3.9
CUST-00829,VASANTH IYER,vasanth.iyer103@gmail.com,870239604,Delhi,DL,110001,2022-06-30,Retail,0,151.0,3.2
CUST-03722,VIKRAM SHARMA,vikram.sharma631@gmail.com,91 97120-81024,Coimbatore,TN,641001,2023-09-26,Enterprise,0,27.0,2.1
CUST-00955,Deepa Kumar,deepa.kumar200@yahoo.in,09610724096,BENGALURU,KA,560001,2022-04-07,Enterprise,0,79.0,4.6
CUST-01005,Sneha Menon,sneha.menon222@gmail.com,9764763331,Guwahati,AS,781001,2022-08-03,Smb,0,172.0,2.1
CUST-01268,Revathi Verma,revathi.verma886@protonmail.com,9651277635,MUMBAI,MH,400001,2022-12-14,Business,1,198.0,4.4
CUST-02404,Sathish Singh,sathish.singh125@gmail.com,9978286847,Chennai,TN,600001,2021-12-07,Retail,0,189.0,4.8
CUST-02101,Joseph Patel,joseph.patel11@yahoo.in,9820157120,Chandigarh,CH,160017,2021-09-08,Enterprise,0,116.0,2.9
CUST-02121,Arjun Nair,arjun.nair857@outlook.com,9854581882,Jaipur,RJ,302001,2022-09-23,Enterprise,0,43.0,2.4
CUST-00378,VASANTH PILLAI,vasanth.pillai569@gmail.com,9836442310,Visakhapatnam,AP,530001,2023-05-21,Smb,1,87.0,2.7
CUST-00961,Manish Iyer,manish.iyer278@protonmail.com,9910854494,Kolkata,WB,700001,2022-08-11,Business,0,161.0,4.8
CUST-04548,Nithin Iyer,nithin.iyer751@outlook.com,09822830950,VISAKHAPATNAM,AP,530001,2023-12-24,Business,1,180.0,4.4
CUST-00028,Ananya Joshi,ananya.joshi78@yahoo.in,9761910968,CHANDIGARH,CH,160017,2022-02-22,Retail,1,166.0,4.5
CUST-01796,snehā singh,sneha.singh109@gmail.com,91 98774-32343,Guwahati,AS,781001,2022-05-11,Business,1,79.0,2.7
CUST-04144,Joseph Singh,joseph.singh601@outlook.com,+91-98892 81742,Madurai,TN,625001,2022-09-27,Retail,1,158.0,4.6
CUST-04995,Karthik Das,karthik.das225@yahoo.in,+91-98780 33525,Lucknow,UP,226001,2022-07-21,Business,1,35.0,2.4
CUST-03254,Ravi Kumar,ravi.kumar524@protonmail.com,878218520,Hyderabad,TS,500001,2022-10-06,Retail,0,142.0,3.1
CUST-03627,Rahul Pillai,rahul.pillai126@protonmail.com,9817966300,Lucknow,UP,226001,2021-08-07,Business,0,158.0,3.6
CUST-02379,Meera Joshi,meera.joshi893@protonmail.com,09823972570,Bengaluru,KA,560001,2022-04-29,Business,0,71.0,4.6
CUST-01735,Karthik Kumar,karthik.kumar270@protonmail.com,91 98830-43749,Guwahati,AS,781001,2022-04-23,Smb,0,178.0,2.9
CUST-01806,ARAVIND IYER,aravind.iyer993@gmail.com,+91-99260 24074,Visakhapatnam,AP,530001,2023-01-27,Business,1,117.0,4.2
CUST-01581,Neha Pillai,neha.pillai227@yahoo.in,9822169087,Kolkata,WB,700001,2023-07-31,Business,1,229.0,2.7
CUST-04583,Suresh Verma,suresh.verma462@gmail.com,9748302047,Mysuru,KA,570001,2022-11-02,Retail,0,214.0,2.8
CUST-02421,SNEHA SHARMA,sneha.sharma324@protonmail.com,+91-99376 71019,Visakhapatnam,AP,530001,2021-07-20,Retail,0,197.0,3.5
CUST-03762,KAVYA KUMAR,kavya.kumar688@protonmail.com,9909693173,Chennai,TN,600001,2023-04-14,Retail,0,200.0,2.9
CUST-01083,SURESH KUMAR,suresh.kumar234@yahoo.in,9757483072,Gurugram,HR,122001,2021-10-04,Business,0,210.0,2.3
CUST-01920,Sneha Raman,sneha.raman737@outlook.com,9656278437,Chennai,TN,600001,2022-08-27,Retail,0,58.0,2.3
CUST-04700,Manish Pillai,manish.pillai984@outlook.com,931384589,Hyderabad,TS,500001,2022-04-27,Retail,1,50.0,3.6
CUST-04922,Manish Patel,manish.patel396@protonmail.com,9970856860,Guwahati,AS,781001,2022-03-30,Enterprise,1,204.0,2.8
CUST-04956,Ravi Krishnan,ravi.krishnan538@protonmail.com,91 96741-92109,Bhubaneswar,OD,751001,2023-08-30,Business,1,98.0,2.6
CUST-00506,lakshmi iyer,LAKSHMI.IYER616@OUTLOOK.COM,9755636984,Delhi,DL,110001,2022-07-02,Retail,1,239.0,2.9
CUST-03965,vikram sharma,vikram.sharma861@protonmail.com,9921440593,Madurai,TN,625001,2022-07-24,Smb,0,192.0,2.8
CUST-01462,  Arjun Menon  ,arjun.menon865@gmail.com,9818088139,Nagpur,MH,440001,2023-06-17,Smb,1,63.0,
CUST-00199,Imran Iyer,imran.iyer850@outlook.com,91 97413-66738,Visakhapatnam,AP,530001,2022-07-20,Business,0,133.0,4.5
CUST-03027,Arjun Chowdhury,arjun.chowdhury707@yahoo.in,+91-99304 83416,Mysuru,KA,570001,2023-08-28,Business,1,176.0,2.9
CUST-03888,Nithin Iyer,nithin.iyer761@outlook.com,09813015154,MYSURU,KA,570001,2021-12-27,Business,0,206.0,3.6
CUST-03832,Aravind Singh,aravind.singh942@protonmail.com,91 98329-23536,Bengaluru,KA,560001,2023-07-08,Enterprise,0,48.0,2.7
CUST-04899,Nithin Raman,nithin.raman385@yahoo.in,9877094019,Gurugram,HR,122001,2022-03-11,Business,1,73.0,3.6
CUST-02288,Gopal Iyer,gopal.iyer862@protonmail.com,9875529651,Visakhapatnam,AP,530001,2023-11-29,Retail,0,238.0,2.7
CUST-04337,arjun bose,arjun.bose374@protonmail.com,786547224,Ahmedabad,GJ,380001,2023-11-04,Retail,1,109.0,3.3
CUST-01936,Manish Reddy,manish.reddy965@yahoo.in,9636137069,Pune,MH,411001,2021-11-06,Smb,0,210.0,4.3
CUST-03921,Bhavana Patel,bhavana.patel731@gmail.com,+91-96731 70240,Mumbai,MH,400001,2023-01-10,Smb,1,39.0,
CUST-03845,Karthik Kumar,karthik.kumar307@protonmail.com,91 97658-54555,Guwahati,AS,781001,2023-04-24,Retail,1,201.0,2.9
CUST-01872,nithin iyer,nithin.iyer645@protonmail.com,9647960016,Gurugram,HR,122001,2021-07-22,Business,1,78.0,3.9
CUST-03750,Aravind Sharma,aravind.sharma874@yahoo.in,9647227917,Guwahati,AS,781001,2021-07-30,Smb,0,57.0,3.6
CUST-01800,Ishita Raman,ishita.raman547@gmail.com,795739901,Jaipur,RJ,302001,2023-09-26,Smb,0,198.0,2.1
CUST-00019,Priya Joshi,priya.joshi46protonmail.com,91 98890-79213,Mumbai,MH,400001,2021-08-15,Smb,1,130.0,3.2
CUST-02522,KARTHIK REDDY,karthik.reddy327@yahoo.in,9901378898,Chennai,TN,600001,2022-11-25,Smb,1,171.0,2.0
CUST-01163,ARAVIND PILLAI,aravind.pillai429@gmail.com,9626171890,Pune,MH,411001,2022-04-22,Retail,1,166.0,4.1
CUST-03915,Priya Das,priya.das955@yahoo.in,+91-99275 02540,Kochi,KL,682001,2022-05-20,Business,0,38.0,4.5
CUST-04755,Deepa Chowdhury,DEEPA.CHOWDHURY2@YAHOO.IN,9760865884,Lucknow,UP,226001,2023-08-03,Smb,0,29.0,
CUST-01390,Ravi Kumar,ravi.kumar482@outlook.com,+91-96372 34549,Hyderabad,TS,500001,2023-10-25,Enterprise,0,91.0,
CUST-03251,Meera Mehta,meera.mehta225@outlook.com,9737747343,Mysuru,KA,570001,2022-07-20,Business,1,205.0,2.8
CUST-03560,ISHITA SHARMA,ishita.sharma207@outlook.com,9631042692,Mumbai,MH,400001,2023-02-17,Retail,1,24.0,4.9
CUST-01720,Gopal Reddy,gopal.reddy296@yahoo.in,9869030423,Hyderabad,TS,500001,2022-07-09,Business,0,208.0,
CUST-04048,  Kavya Chowdhury  ,kavya.chowdhury796@yahoo.in,09697924162,Kochi,KL,682001,2023-08-19,Enterprise,0,66.0,3.2
CUST-03995,Karthik Iyer,karthik.iyer163@yahoo.in,91 96934-18712,Mumbai,MH,400001,2022-07-25,Business,0,114.0,4.8
CUST-00339,gopal nair,gopal.nair443@outlook.com,9924008900,Bengaluru,KA,560001,2022-06-03,Business,0,194.0,3.1
CUST-00186,Bhavana Krishnan,bhavana.krishnan722@outlook.com,09893461767,Mumbai,MH,400001,2023-06-23,Smb,1,31.0,3.3
CUST-00342,joseph raman,joseph.raman305@outlook.com,09844275270,Lucknow,UP,226001,2023-06-25,Smb,0,67.0,2.3
CUST-03604,Bhavana Mehta,bhavana.mehta258@protonmail.com,9927382968,Lucknow,UP,226001,2022-01-06,Retail,0,42.0,2.9
CUST-02483,Lakshmi Mehta,lakshmi.mehta844@protonmail.com,9905010379,Delhi,DL,110001,2022-03-15,Business,1,31.0,3.5
CUST-04923,Aravind Iyer,aravind.iyer588@protonmail.com,9953455561,Gurugram,HR,122001,2021-07-20,Retail,1,126.0,3.5
CUST-01558,Aravind Mehta,aravind.mehta82@outlook.com,9917692629,Coimbatore,TN,641001,2023-01-29,Business,1,117.0,4.0
CUST-01761,Deepa Pillai,deepa.pillai775@yahoo.in,9608195339,VISAKHAPATNAM,AP,530001,2022-06-04,Smb,0,105.0,3.6
CUST-00563,Meera Sharma,meera.sharma149@protonmail.com,9747476418,Lucknow,UP,226001,2022-07-13,Business,1,20.0,2.1
CUST-03586,Suresh Mehta,suresh.mehta439@outlook.com,91 98542-69316,Mumbai,MH,400001,2021-06-12,Enterprise,1,19.0,
CUST-02993,VASANTH KRISHNAN,vasanth.krishnan809@gmail.com,960841291,Mumbai,MH,400001,2021-11-27,Business,1,176.0,2.9
CUST-01035,Joseph Singh,joseph.singh12@yahoo.in,09757529682,Ahmedabad,GJ,380001,2023-03-19,Business,1,51.0,4.2
CUST-04597,Anitha Singh,anitha.singh778@gmail.com,09844921229,Ahmedabad,GJ,380001,2022-05-25,Business,0,,2.6
CUST-03281,  Imran Kumar  ,imran.kumar659@yahoo.in,9695532423,Bengaluru,KA,560001,2022-09-03,Business,0,80.0,2.9
CUST-00983,Sathish Nair,sathish.nair368@yahoo.in,,Pune,MH,411001,2021-11-01,Retail,1,180.0,3.6
CUST-02437,Vasanth Menon,vasanth.menon439@outlook.com,9846453634,Hyderabad,TS,500001,2022-07-27,Business,1,121.0,3.2
CUST-00069,Manish Verma,manish.verma821@yahoo.in,91 96280-13817,Ahmedabad,GJ,380001,2021-10-11,Business,0,232.0,4.5
CUST-01072,Fatima Menon,fatima.menon394@gmail.com,9761709207,Ahmedabad,GJ,380001,2022-11-16,Business,1,101.0,3.2
CUST-01003,bhavana iyer,bhavana.iyer928@protonmail.com,776907446,Mysuru,KA,570001,2023-10-04,Business,1,196.0,3.8
CUST-01131,Pradeep Pillai,pradeep.pillai652@protonmail.com,9730192790,Visakhapatnam,AP,530001,2022-12-11,Business,1,99.0,3.2
CUST-02491,Ananya Nair,ananya.nair976@gmail.com,9679010024,Mumbai,MH,400001,2022-02-08,Retail,0,179.0,2.7
CUST-04787,Pradeep Menon,pradeep.menon825@protonmail.com,9942111211,Chennai,TN,600001,2021-09-24,Retail,0,151.0,2.8
CUST-02517,Ravi Raman,ravi.raman733@gmail.com,9690323006,Pune,MH,411001,2022-06-14,Retail,1,170.0,2.2
CUST-03834,Ishita Bose,ishita.bose692@yahoo.in,+91-97487 84147,Ahmedabad,GJ,380001,2022-01-11,Smb,0,192.0,2.4
CUST-02184,Joseph Das,joseph.das435@outlook.com,755188575,Kolkata,WB,700001,2021-12-18,Retail,1,105.0,2.9
CUST-00890,Sneha Verma,sneha.verma547@outlook.com,9856880047,Lucknow,UP,226001,2022-01-23,Retail,1,236.0,2.1
CUST-02611,  Gopal Krishnan  ,gopal.krishnan344@gmail.com,9709529887,Kochi,KL,682001,2021-08-18,Retail,1,33.0,3.9
CUST-04584,Vikram Krishnan,vikram.krishnan80@outlook.com,9711401279,Ahmedabad,GJ,380001,2022-06-18,Retail,1,95.0,
CUST-00295,Ravi Pillai,ravi.pillai829@gmail.com,9845819298,Jaipur,RJ,302001,2022-01-17,Business,1,224.0,
CUST-02270,KAVYA JOSHI,kavya.joshi402@protonmail.com,+91-98844 28351,Mumbai,MH,400001,2023-03-06,Smb,0,45.0,3.7
CUST-00465,DEEPA CHOWDHURY,deepa.chowdhury957@yahoo.in,9769870167,Kochi,KL,682001,2022-03-22,Smb,0,25.0,4.2
CUST-03599,RAVI SHARMA,ravi.sharma710@yahoo.in,91 98345-69696,Hyderabad,TS,500001,2022-09-02,Business,0,130.0,2.7
CUST-03339,ANANYA PATEL,ananya.patel155@gmail.com,9882749423,Jaipur,RJ,302001,2022-11-24,Retail,1,237.0,3.3
CUST-00187,Karthik Reddy,karthik.reddy339@protonmail.com,9683110676,Kolkata,WB,700001,2021-10-14,Enterprise,0,19.0,3.0
CUST-01615,Karthik Pillai,karthik.pillai297@gmail.com,9957784981,Visakhapatnam,AP,530001,2021-11-20,Smb,0,149.0,4.1
CUST-02119,Vasanth Bose,vasanth.bose188@protonmail.com,9796853947,Chennai,TN,600001,2023-12-20,Retail,0,189.0,3.9
CUST-04874,Revathi Iyer,revathi.iyer854@outlook.com,9775731238,Pune,MH,411001,2023-05-29,Smb,0,228.0,2.0
CUST-00046,Fatima Das,fatima.das850@protonmail.com,9903830827,Coimbatore,TN,641001,2023-05-10,Business,0,163.0,2.8
CUST-03382,ANANYA PILLAI,ananya.pillai768@protonmail.com,9910805235,Coimbatore,TN,641001,2023-08-19,Business,1,226.0,3.9
CUST-04240,Divya Das,divya.das95@protonmail.com,9797949202,Chennai,TN,600001,2023-06-10,Enterprise,1,47.0,3.1
CUST-03652,Manish Kumar,manish.kumar742@gmail.com,91 99394-83406,Bhubaneswar,OD,751001,2021-12-27,Retail,1,210.0,4.1
CUST-04848,Revathi Joshi,revathi.joshi69@outlook.com,+91-99438 45858,Coimbatore,TN,641001,2023-09-24,Retail,0,66.0,3.1
CUST-00185,Aravind Raman,aravind.raman631@yahoo.in,+91-99013 29833,Guwahati,AS,781001,2022-11-30,Smb,0,142.0,4.2
CUST-03083,Revathi Bose,revathi.bose99@protonmail.com,09940314473,Mumbai,MH,400001,2022-06-17,Smb,0,98.0,3.7
CUST-02368,Swetha Nair,swetha.nair270@gmail.com,9850506736,Chandigarh,CH,160017,2023-04-18,Retail,1,56.0,3.1
CUST-03242,bhavana menon,bhavana.menon859@outlook.com,09868922620,Jaipur,RJ,302001,2022-07-12,Business,0,70.0,
CUST-01140,Rahul Patel,rahul.patel279@yahoo.in,+91-99574 93510,Bhubaneswar,OD,751001,2023-11-15,Enterprise,1,23.0,4.9
CUST-04468,Sneha Verma,sneha.verma670@outlook.com,09923249933,Kochi,KL,682001,2023-11-19,Enterprise,1,147.0,2.5
CUST-02072,  ,aravind.joshi181@protonmail.com,91 98541-64731,Chennai,TN,600001,2023-11-15,Business,1,171.0,3.5
CUST-02430,Aravind Chowdhury,aravind.chowdhury35@gmail.com,9605963796,Ahmedabad,GJ,380001,2022-04-14,Smb,1,178.0,4.6
CUST-00564,Deepa Iyer,deepa.iyer81@outlook.com,+91-97621 27487,Chennai,TN,600001,2022-10-14,Retail,0,67.0,3.8
CUST-03126,Anitha Kumar,anitha.kumar626@yahoo.in,+91-98355 93670,Madurai,TN,625001,2023-03-27,Business,1,201.0,4.7
CUST-00318,Rahul Sharma,rahul.sharma174@gmail.com,+91-96200 66957,Kochi,KL,682001,2023-02-10,Enterprise,1,83.0,4.4
CUST-00320,Deepa Sharma,deepa.sharma607@outlook.com,904098874,Bhubaneswar,OD,751001,2023-02-27,Smb,1,81.0,3.2
CUST-03852,Fatima Patel,fatima.patel901@outlook.com,+91-99832 90282,Delhi,DL,110001,2022-09-30,Smb,1,23.0,3.9
CUST-02038,Sneha Chowdhury,sneha.chowdhury558@protonmail.com,9861753366,Lucknow,UP,226001,2022-01-24,Retail,1,48.0,3.7
CUST-00329,Priya Reddy,priya.reddy787@yahoo.in,+91-99681 61041,Kolkata,WB,700001,2023-01-30,Retail,0,107.0,3.2
CUST-01560,Vikram Patel,vikram.patel524@gmail.com,09872617469,Mysuru,KA,570001,2022-09-25,Business,0,70.0,4.6
CUST-02677,Aravind Pillai,aravind.pillai254@gmail.com,+91-97702 94369,Kolkata,WB,700001,2022-10-05,Business,1,49.0,4.9
CUST-03346,Ananya Sharma,ananya.sharma280@outlook.com,91 99738-34043,Madurai,TN,625001,2023-10-06,Business,0,213.0,4.8
CUST-03391,Ananya Kumar,unknown,09612839180,Ahmedabad,GJ,380001,2023-10-07,Business,1,112.0,2.7
CUST-00193,Deepa Pillai,deepa.pillai896@yahoo.in,91 96027-00373,Jaipur,RJ,302001,2023-01-13,Business,1,37.0,2.7
CUST-00840,Manish Bose,manish.bose561@gmail.com,+91-97016 56954,Madurai,TN,625001,2022-06-03,Smb,0,151.0,2.1
CUST-03544,Vasanth Das,vasanth.das376@gmail.com,9641589852,Mumbai,MH,400001,2022-09-15,Business,1,71.0,4.2
CUST-03306,Suresh Verma,suresh.verma225@yahoo.in,9913040478,Coimbatore,TN,641001,2022-02-08,Retail,0,68.0,2.7
CUST-02910,Aravind Sharma,aravind.sharma440@yahoo.in,+91-99305 97790,CHENNAI,TN,600001,2022-07-06,Enterprise,1,55.0,3.7
CUST-03272,Manish Raman,manish.raman166@outlook.com,9870463917,Guwahati,AS,781001,2022-08-19,Business,1,35.0,4.6
CUST-02883,Sneha Krishnan,sneha.krishnan589@gmail.com,91 97806-18885,Mumbai,MH,400001,2021-10-20,Retail,1,176.0,2.1
CUST-04195,Aravind Singh,aravind.singh470@outlook.com,+91-97671 41414,Jaipur,RJ,302001,2022-03-18,Business,1,64.0,4.2
CUST-03577,ANANYA MENON,ananya.menon324@protonmail.com,unknown,Guwahati,AS,781001,2023-11-07,Business,1,214.0,3.2
CUST-04348,Neha Singh,neha.singh583@yahoo.in,+91-97333 40088,Bhubaneswar,OD,751001,2022-08-22,Retail,0,147.0,3.9
CUST-00131,Lakshmi Menon,lakshmi.menon98@gmail.com,,Pune,MH,411001,2022-10-25,Retail,0,19.0,2.3
CUST-01093,Ishita Singh,ishita.singh198@yahoo.in,9933340724,Lucknow,UP,226001,2023-08-09,Retail,1,103.0,2.3
CUST-03754,Revathi Singh,revathi.singh872@yahoo.in,9763067988,Mysuru,KA,570001,2023-06-13,Retail,0,54.0,4.3
CUST-01020,suresh singh,suresh.singh59@protonmail.com,+91-99212 87308,Chandigarh,CH,160017,2022-11-15,Retail,0,118.0,3.1
CUST-04717,  Lakshmi Mehta  ,lakshmi.mehta489@yahoo.in,9881812190,Pune,MH,411001,2022-07-29,Retail,1,6.0,
CUST-02526,Ananya Bose,ananya.bose418@yahoo.in,09953763501,Chennai,TN,600001,2021-12-09,Business,0,224.0,
CUST-04982,swetha bose,swetha.bose532@protonmail.com,9676197860,Lucknow,UP,226001,2023-01-31,Business,0,97.0,
CUST-02545,MANISH BOSE,manish.bose5@gmail.com,9675164290,Coimbatore,TN,641001,2021-12-26,Business,1,136.0,2.1
CUST-04612,Aravind Pillai,aravind.pillai656@yahoo.in,9963178741,BENGALURU,KA,560001,2022-05-29,Retail,0,83.0,3.8
CUST-00750,imran verma,imran.verma612@gmail.com,9802556631,Bhubaneswar,OD,751001,2022-01-11,Enterprise,0,101.0,4.4
CUST-02824,NITHIN BOSE,nithin.bose422@protonmail.com,956671712,Hyderabad,TS,500001,2023-09-27,Enterprise,1,156.0,3.0
CUST-02638,-,aravind.krishnan316@gmail.com,9868132124,Delhi,DL,110001,2022-05-20,Retail,0,179.0,3.8
CUST-02009,Bhavana Menon,bhavana.menon511@protonmail.com,09687554073,Mumbai,MH,400001,2023-09-11,Business,0,71.0,4.6
CUST-04877,Ravi Menon,ravi.menon645@gmail.com,91 98997-57848,BHUBANESWAR,OD,751001,2022-01-29,Retail,1,87.0,2.6
CUST-04054,Meera Joshi,meera.joshi535@protonmail.com,+91-96277 09249,Pune,MH,411001,2023-10-30,Business,1,238.0,4.1
CUST-01657,Vasanth Reddy,vasanth.reddy125@yahoo.in,+91-96252 75521,Nagpur,MH,440001,2022-01-31,Business,1,151.0,4.3
CUST-01582,  Sneha Raman  ,sneha.raman116gmail.com,9791258479,Kochi,KL,682001,2021-10-31,Retail,0,179.0,4.5
CUST-00623,Revathi Joshi,revathi.joshi685@gmail.com,9796330210,Bhubaneswar,OD,751001,2021-09-22,Smb,0,26.0,2.3
CUST-01912,Ravi Singh,ravi.singh368@yahoo.in,09775852238,Ahmedabad,GJ,380001,2023-04-02,Smb,1,100.0,2.1
CUST-03970,Manish Das,manish.das533@protonmail.com,9821083893,Mysuru,KA,570001,2021-10-27,Enterprise,1,60.0,3.4
CUST-01694,Anitha Krishnan,anitha.krishnan409@protonmail.com,91 98025-53771,Nagpur,MH,440001,2023-02-18,Enterprise,1,130.0,4.0
CUST-01631,Pradeep Chowdhury,pradeep.chowdhury234@outlook.com,9844859638,Coimbatore,TN,641001,2022-02-27,Retail,1,176.0,3.1
CUST-01421,aravind singh,aravind.singh244@outlook.com,9744985724,Jaipur,RJ,302001,2023-04-08,Retail,1,,
CUST-04727,Neha Mehta,neha.mehta138@gmail.com,09983726557,Chennai,TN,600001,2023-09-28,Retail,0,94.0,2.1
CUST-04173,Sneha Joshi,sneha.joshi503@gmail.com,91 97765-92147,Pune,MH,411001,2022-03-10,Business,1,66.0,4.5
CUST-02752,  Divya Reddy  ,divya.reddy894@outlook.com,9725054098,Mumbai,MH,400001,2023-05-25,Smb,0,4.0,2.7
CUST-02839,Rahul Verma,rahul.verma42@outlook.com,+91-97841 28029,Jaipur,RJ,302001,2021-12-22,Business,1,92.0,4.1
CUST-00538,Kavya Reddy,kavya.reddy608@yahoo.in,91 98164-63705,Bhubaneswar,OD,751001,2022-11-05,Smb,0,214.0,3.0
CUST-04579,Ananya Singh,ananya.singh679@protonmail.com,09837059441,Lucknow,UP,226001,2022-05-03,Business,0,48.0,5.0
CUST-03505,joseph raman,joseph.raman294@yahoo.in,09990559392,Guwahati,AS,781001,2022-03-25,Retail,1,39.0,3.7
CUST-04562,KARTHIK PATEL,karthik.patel472@gmail.com,9980117274,Nagpur,MH,440001,2023-06-17,Business,0,199.0,4.2
CUST-03962,Vikram Patel,vikram.patel48@gmail.com,9824922380,Visakhapatnam,AP,530001,2023-09-22,Retail,0,238.0,4.0
CUST-03715,Neha Iyer,neha.iyer799@outlook.com,9607031967,Madurai,TN,625001,2022-04-23,Smb,0,117.0,4.4
CUST-02013,Imran Menon,imran.menon896@protonmail.com,09929674433,Kolkata,WB,700001,2023-07-10,Enterprise,0,163.0,4.5
CUST-01240,Arjun Singh,arjun.singh399@yahoo.in,9923791005,Bhubaneswar,OD,751001,2022-03-05,Business,1,93.0,3.7
CUST-04689,Nithin Sharma,nithin.sharma483@protonmail.com,,Chandigarh,CH,160017,2023-12-06,Smb,1,62.0,5.0
CUST-03300,Pradeep Singh,pradeep.singh289@yahoo.in,09709440719,Visakhapatnam,AP,530001,2021-11-18,Retail,1,57.0,2.9
CUST-02644,Aravind Bose,anitha.sharma127@outlook.com,+91-98476 81511,Ahmedabad,GJ,380001,2023-07-02,Business,0,16.0,3.2
CUST-01979,RAVI PATEL,ravi.patel691@outlook.com,91 97093-36427,Jaipur,RJ,302001,2023-08-01,Retail,0,123.0,4.5
CUST-03860,Ananya Mehta,ananya.mehta56@gmail.com,634888379,Ahmedabad,GJ,380001,2022-06-25,Retail,0,60.0,4.4
CUST-03621,Kavya Iyer,KAVYA.IYER174@PROTONMAIL.COM,9966241907,Delhi,DL,110001,2021-10-21,Business,1,209.0,2.6
CUST-04209,Lakshmi Patel,lakshmi.patel742@gmail.com,+91-97583 38470,Kolkata,WB,700001,2022-08-12,Smb,0,220.0,
CUST-00745,Karthik Pillai,karthik.pillai442@yahoo.in,9735210900,Coimbatore,TN,641001,2021-11-23,Business,1,48.0,2.7
CUST-01173,Anitha Verma,anitha.verma897@protonmail.com,91 96962-73364,Pune,MH,411001,2022-01-29,Retail,0,34.0,2.9
CUST-01143,RAHUL VERMA,rahul.verma688@gmail.com,9917654864,Nagpur,MH,440001,2023-10-04,Retail,0,225.0,4.1
CUST-00620,  Lakshmi Pillai  ,lakshmi.pillai259@protonmail.com,+91-97398 57862,Pune,MH,411001,2023-12-04,Enterprise,1,143.0,3.1
CUST-04215,Vasanth Patel,vasanth.patel613@outlook.com,9766822243,Bhubaneswar,OD,751001,2021-12-03,Enterprise,0,238.0,2.4
CUST-02186,  Rahul Reddy  ,rahul.reddy756@protonmail.com,9838486563,Nagpur,MH,440001,2023-07-17,Business,0,10.0,
CUST-00092,-,ananya.mehta103@protonmail.com,9853619916,Mysuru,KA,570001,2022-08-31,Smb,0,194.0,3.0
CUST-02727,Ishita Iyer,ishita.iyer230@protonmail.com,91 97819-12454,Hyderabad,TS,500001,2022-11-26,Smb,1,108.0,2.8
CUST-04277,REVATHI IYER,revathi.iyer901@yahoo.in,91 97852-69904,Bengaluru,KA,560001,2023-01-03,Smb,0,5.0,3.6
CUST-01880,Deepa Nair,deepa.nair757@outlook.com,9798164704,Visakhapatnam,AP,530001,2023-11-16,Enterprise,1,125.0,2.4
CUST-00419,Deepa Joshi,deepa.joshi687@gmail.com,+91-99491 33025,Lucknow,UP,226001,2022-07-28,Retail,0,147.0,3.4
CUST-03656,  Imran Das  ,imran.das943@gmail.com,9955387395,Mysuru,KA,570001,2022-08-25,Business,1,203.0,2.6
CUST-04716,Bhavana Raman,bhavana.raman287@gmail.com,09623396413,Bhubaneswar,OD,751001,2023-01-18,Business,0,126.0,3.6
CUST-04030,Joseph Nair,joseph.nair96@protonmail.com,9766144825,Chandigarh,CH,160017,2023-05-11,Enterprise,0,162.0,4.0
CUST-00251,Divya Patel,divya.patel420@protonmail.com,9922177367,Nagpur,MH,440001,2023-11-05,Business,1,38.0,4.0
CUST-00664,Vasanth Das,vasanth.das310@yahoo.in,9709879200,Chennai,TN,600001,2022-09-21,Smb,1,70.0,4.1
CUST-04151,Ishita Nair,ishita.nair412@protonmail.com,+91-96559 62130,Bhubaneswar,OD,751001,2023-01-28,Business,1,230.0,3.4
CUST-04496,Ravi Bose,ravi.bose964@outlook.com,91 98788-70513,Chandigarh,CH,160017,2022-03-12,Enterprise,1,39.0,
CUST-02807,Suresh Kumar,suresh.kumar177@protonmail.com,9673622598,Bengaluru,KA,560001,2023-02-17,Enterprise,0,4.0,2.9
CUST-04002,Divya Nair,divya.nair812@yahoo.in,09647585620,Gurugram,HR,122001,2023-08-30,Business,0,238.0,4.3
CUST-01108,Sneha Kumar,sneha.kumar779@gmail.com,+91-96252 73371,Mysuru,KA,570001,2023-09-05,Business,1,170.0,3.3
CUST-04660,Karthik Patel,karthik.patel50@yahoo.in,+91-98530 49764,Madurai,TN,625001,2022-01-26,Retail,0,150.0,3.7
CUST-01146,SATHISH RAMAN,sathish.raman943@outlook.com,+91-96275 94717,Kochi,KL,682001,2023-01-20,Business,1,194.0,4.2
CUST-04501,Lakshmi Nair,lakshmi.nair251@outlook.com,9904194062,Mysuru,KA,570001,2023-11-21,Smb,0,37.0,
CUST-01227,Aravind Sharma,aravind.sharma312@outlook.com,+91-97950 82046,Bhubaneswar,OD,751001,2022-09-23,Business,0,61.0,4.2
CUST-03226,Priya Verma,priya.verma276@gmail.com,09614702590,Nagpur,MH,440001,2022-06-09,Retail,0,178.0,4.6
CUST-00259,  Aravind Chowdhury  ,aravind.chowdhury842@yahoo.in,+91-96196 23994,Guwahati,AS,781001,2023-01-24,Retail,0,134.0,
CUST-00016,Kavya Raman,kavya.raman152@protonmail.com,+91-97654 94940,Coimbatore,TN,641001,2021-07-19,Enterprise,1,237.0,4.6
CUST-04798,Neha Menon,neha.menon201@outlook.com,9824902740,Hyderabad,TS,500001,2023-07-11,Retail,0,113.0,2.6
CUST-00138,  Meera Pillai  ,meera.pillai916@gmail.com,9873173282,Chennai,TN,600001,2021-05-08,Enterprise,1,58.0,3.2
CUST-04402,  Aravind Kumar  ,aravind.kumar983@gmail.com,91 99002-59131,Madurai,TN,625001,2023-09-11,Smb,0,79.0,3.0
CUST-04871,Divya Mehta,divya.mehta990@yahoo.in,9677077920,Guwahati,AS,781001,2022-11-27,Enterprise,0,223.0,4.6
CUST-00031,Aravind Menon,aravind.menon503@protonmail.com,9649957637,Jaipur,RJ,302001,2022-10-22,Enterprise,0,91.0,2.8
CUST-04437,Divya Joshi,divya.joshi939@outlook.com,9682636522,Guwahati,AS,781001,2023-05-13,Business,1,29.0,3.7
CUST-00501,Manish Patel,manish.patel400@gmail.com,+91-96812 83712,Visakhapatnam,AP,530001,2023-02-24,Retail,0,97.0,3.8
CUST-02518,Vasanth Das,vasanth.das546@protonmail.com,09705237139,Lucknow,UP,226001,2023-07-05,Enterprise,0,3.0,3.0
CUST-02990,Sneha Raman,sneha.raman890@gmail.com,91 96895-24862,Kolkata,WB,700001,2023-01-23,Retail,1,228.0,4.3
CUST-01903,Fatima Das,fatima.das77@yahoo.in,,Delhi,DL,110001,2023-02-09,Retail,1,91.0,4.4
CUST-03856,FATIMA SHARMA,karthik.mehta207@gmail.com,91 97786-56584,Visakhapatnam,AP,530001,2021-10-14,Business,1,65.0,2.8
CUST-03926,Gopal Singh,gopal.singh972outlook.com,+91-96219 50772,Guwahati,AS,781001,2021-09-18,Retail,0,213.0,3.0
CUST-02711,Divya Reddy,divya.reddy964@protonmail.com,9667649417,Lucknow,UP,226001,2021-09-26,Business,1,157.0,4.5
CUST-02553,Aravind Chowdhury,aravind.chowdhury707@yahoo.in,09719922289,Nagpur,MH,440001,2023-04-13,Enterprise,0,5.0,2.6
CUST-02081,Meera Raman,meera.raman430@yahoo.in,9839677976,Kolkata,WB,700001,2022-11-01,Business,0,206.0,4.4
CUST-01577,Meera Reddy,meera.reddy952@protonmail.com,09820523269,Mumbai,MH,400001,2023-08-22,Retail,1,,4.8
CUST-00208,LAKSHMI PATEL,lakshmi.patel529@yahoo.in,9961864085,Pune,MH,411001,2022-02-14,Business,0,52.0,4.2
CUST-01960,NITHIN VERMA,nithin.verma494@protonmail.com,09702295801,Delhi,DL,110001,2023-11-11,Business,1,216.0,3.1
CUST-01368,Vasanth Menon,vasanth.menon235@protonmail.com,9930106154,HYDERABAD,TS,500001,2023-05-16,Business,0,90.0,2.2
CUST-03337,Vikram Sharma,vikram.sharma433@protonmail.com,9855790079,Mysuru,KA,570001,2021-09-23,Business,1,103.0,3.4
CUST-04647,Nithin Nair,nithin.nair985@outlook.com,+91-99436 51841,Kolkata,WB,700001,2023-06-22,Retail,1,227.0,
CUST-03952,Ravi Singh,ravi.singh498@protonmail.com,9821538749,Hyderabad,TS,500001,2023-05-21,Enterprise,1,190.0,2.7
CUST-04578,Vasanth Menon,vasanth.menon272@gmail.com,9768851314,Visakhapatnam,AP,530001,2021-12-25,Business,0,40.0,
CUST-01194,Nithin Nair,nithin.nair978@yahoo.in,91 99462-62772,Mumbai,MH,400001,2022-04-28,Retail,1,23.0,
CUST-02888,Gopal Sharma,gopal.sharma478@protonmail.com,9649223172,Jaipur,RJ,302001,2022-07-01,Business,0,,2.2
CUST-03942,Karthik Chowdhury,karthik.chowdhury412@protonmail.com,9733454203,Jaipur,RJ,302001,2022-08-30,Retail,1,16.0,3.6
CUST-03429,MEERA JOSHI,meera.joshi46@yahoo.in,9811141406,Ahmedabad,GJ,380001,2021-02-09,Business,0,203.0,3.1
CUST-03184,Ananya Nair,ananya.nair732@gmail.com,91 98754-03028,Jaipur,RJ,302001,2022-11-30,Smb,0,132.0,3.4
CUST-03772,Arjun Pillai,arjun.pillai950@gmail.com,91 99921-00204,Chandigarh,CH,160017,2023-02-28,Enterprise,0,236.0,2.5
CUST-04483,Pradeep Singh,pradeep.singh482@outlook.com,9976421238,Ahmedabad,GJ,380001,2022-12-14,Business,0,240.0,3.8
CUST-03151,Neha Nair,neha.nair987@gmail.com,+91-99826 77772,Madurai,TN,625001,2022-08-31,Business,1,70.0,4.0
CUST-01519,Rahul Singh,rahul.singh552@protonmail.com,91 97423-99203,Mumbai,MH,400001,2023-07-30,Business,1,194.0,4.8
CUST-04443,Anitha Nair,anitha.nair501@protonmail.com,+91-99432 51634,Coimbatore,TN,641001,2021-11-03,Retail,1,159.0,2.1
CUST-04801,Meera Menon,meera.menon188@outlook.com,+91-96899 24965,Guwahati,AS,781001,2023-11-05,Retail,0,19.0,4.5
CUST-03718,ANANYA KUMAR,ananya.kumar805@gmail.com,+91-99499 85804,Hyderabad,TS,500001,2022-11-20,Retail,0,130.0,3.5
CUST-02390,  Bhavana Reddy  ,bhavana.reddy438@outlook.com,91 97069-82315,Coimbatore,TN,641001,2023-10-12,Smb,1,131.0,3.0
CUST-01797,joseph kumar,joseph.kumar726@outlook.com,+91-98368 44309,Kochi,KL,682001,2023-09-21,Retail,1,121.0,3.4
CUST-02890,  Divya Krishnan  ,divya.krishnan353@protonmail.com,+91-97118 68652,Delhi,DL,110001,2021-11-13,Retail,1,65.0,4.7
CUST-02399,Aravind Chowdhury,aravind.chowdhury424@yahoo.in,9996245470,Mumbai,MH,400001,2023-12-19,Business,1,152.0,3.9
CUST-04242,Revathi Chowdhury,revathi.chowdhury11@outlook.com,91 97453-93237,Chennai,TN,600001,2021-09-12,Retail,0,151.0,4.3
CUST-04886,Suresh Patel,suresh.patel441@outlook.com,+91-98988 75649,Chennai,TN,600001,2023-04-30,Retail,0,7.0,
CUST-04687,Manish Verma,manish.verma197@protonmail.com,09820078855,Nagpur,MH,440001,2023-09-15,Retail,1,4.0,2.4
CUST-01147,Vasanth Nair,vasanth.nair738@gmail.com,91 98504-74271,Chandigarh,CH,160017,2022-04-21,Enterprise,0,154.0,2.2
CUST-00869,Imran Menon,imran.menon717@yahoo.in,91 98015-61584,Mysuru,KA,570001,2023-02-16,Smb,0,132.0,4.2
CUST-00279,  Vasanth Bose  ,vasanth.bose956@gmail.com,9743041997,Kolkata,WB,700001,2022-10-11,Smb,0,139.0,3.2
CUST-00689,Ravi Patel,ravi.patel616@protonmail.com,9816899239,Kolkata,WB,700001,2021-07-16,Retail,0,63.0,2.2
CUST-00214,Pradeep Iyer,pradeep.iyer266@yahoo.in,9727313114,Chandigarh,CH,160017,2022-12-23,Business,0,47.0,4.9
CUST-00496,Ishita Das,ishita.das383@yahoo.in,9903640550,COIMBATORE,TN,641001,2021-07-19,Business,1,22.0,4.5
CUST-02943,,BHAVANA.KRISHNAN167@OUTLOOK.COM,9873564461,Mysuru,KA,570001,2021-11-02,Smb,0,159.0,2.2
CUST-03876,sathish kumar,sathish.kumar818@yahoo.in,9939381351,Jaipur,RJ,302001,2021-10-09,Business,0,148.0,2.5
CUST-04458,Ishita Raman,ishita.raman322yahoo.in,09692524445,Nagpur,MH,440001,2023-08-06,Smb,1,24.0,2.0
CUST-04931,MEERA CHOWDHURY,meera.chowdhury843@yahoo.in,9705593114,Guwahati,AS,781001,2021-12-16,Retail,0,222.0,
CUST-01381,Rahul Mehta,rahul.mehta22@protonmail.com,+91-96438 14689,Jaipur,RJ,302001,2021-12-26,Retail,1,49.0,4.3
CUST-02234,Anitha Patel,anitha.patel122@gmail.com,9609943246,Mysuru,KA,570001,2021-08-29,Retail,0,,4.9
CUST-02452,Ishita Iyer,ishita.iyer252@protonmail.com,787661244,Chennai,TN,600001,2023-09-11,Smb,1,20.0,3.4
CUST-01901,Meera Patel,meera.patel455@outlook.com,91 97616-05686,Ahmedabad,GJ,380001,2022-02-01,Enterprise,0,178.0,4.3
CUST-02609,Fatima Nair,fatima.nair187@gmail.com,,Kolkata,WB,700001,2023-08-19,Business,1,204.0,3.7
CUST-01344,Bhavana Reddy,bhavana.reddy179@protonmail.com,9719417319,Mumbai,MH,400001,2022-08-26,Business,0,64.0,4.5
CUST-00990,PRADEEP REDDY,pradeep.reddy708@outlook.com,945110333,Bengaluru,KA,560001,2022-06-07,Business,0,1.0,3.3
CUST-04573,Nithin Singh,nithin.singh501@protonmail.com,9876842413,Guwahati,AS,781001,2022-01-30,Retail,0,30.0,3.3
CUST-00804,neha kumar,neha.kumar788@gmail.com,9876049909,Mumbai,MH,400001,2022-11-18,Retail,0,42.0,
CUST-00498,Swetha Bose,swetha.bose69@gmail.com,+91-96649 79858,Pune,MH,411001,2023-08-29,Business,0,48.0,4.5
CUST-03188,arjun verma,neha.das345@gmail.com,813537037,Hyderabad,TS,500001,2021-08-21,Smb,0,207.0,3.7
CUST-03008,Vasanth Verma,vasanth.verma587@yahoo.in,9794384060,Coimbatore,TN,641001,2023-11-23,Smb,1,35.0,4.4
CUST-04878,Anitha Das,anitha.das36@gmail.com,923074245,Gurugram,HR,122001,2023-12-07,Smb,1,99.0,4.3
CUST-02164,Imran Iyer,imran.iyer129@protonmail.com,09866188857,Mysuru,KA,570001,2021-11-30,Retail,1,1.0,4.6
CUST-02974,Imran Nair,imran.nair526@protonmail.com,91 99575-03011,Guwahati,AS,781001,2023-10-23,Business,1,167.0,4.8
CUST-00886,MEERA NAIR,meera.nair475@yahoo.in,91 96142-10840,Pune,MH,411001,2022-07-08,Smb,0,127.0,4.7
CUST-01999,Suresh Menon,suresh.menon314@protonmail.com,91 98314-21315,Ahmedabad,GJ,380001,2021-08-13,Retail,0,,3.1
CUST-04290,Bhavana Nair,bhavana.nair884@outlook.com,09657507998,Kochi,KL,682001,2022-04-16,Smb,1,73.0,4.3
CUST-00825,Swetha Joshi,swetha.joshi421@yahoo.in,,Ahmedabad,GJ,380001,2023-02-26,Business,1,149.0,2.1
CUST-02785,Sneha Raman,sneha.raman832@yahoo.in,9906492643,Guwahati,AS,781001,2022-04-27,Business,1,197.0,3.7
CUST-02835,Priya Pillai,priya.pillai654@outlook.com,851622987,Chennai,TN,600001,2022-05-09,Business,0,75.0,4.3
CUST-02012,Bhavana Krishnan,bhavana.krishnan146@gmail.com,09610952693,Hyderabad,TS,500001,2021-09-16,Smb,0,15.0,3.1
CUST-00260,Lakshmi Patel,lakshmi.patel284@outlook.com,9960306977,Mysuru,KA,570001,2022-06-24,Enterprise,0,70.0,4.1
CUST-00777,Joseph Krishnan,joseph.krishnan362@outlook.com,91 97324-05678,Mysuru,KA,570001,2023-05-18,Enterprise,0,240.0,3.2
CUST-00525,Vasanth Pillai,vasanth.pillai329@protonmail.com,91 99879-07049,Bengaluru,KA,560001,2022-07-29,Business,0,99.0,2.5
CUST-03192,BHAVANA SINGH,bhavana.singh357@gmail.com,9818903459,JAIPUR,RJ,302001,2022-04-07,Enterprise,0,124.0,4.1
CUST-03413,Divya Menon,divya.menon145@protonmail.com,09834500123,Gurugram,HR,122001,2021-10-02,Smb,0,,3.7
CUST-04792,Bhavana Raman,bhavana.raman706@yahoo.in,09849456277,Chennai,TN,600001,2023-10-17,Retail,0,172.0,4.5
CUST-01117,Priya Menon,priya.menon281@protonmail.com,09631446472,Delhi,DL,110001,2023-08-22,Smb,1,138.0,4.0
CUST-00123,Vikram Das,vikram.das689@yahoo.in,9728082759,Hyderabad,TS,500001,2022-10-24,Business,1,178.0,4.8
CUST-04481,Ananya Nair,ananya.nair736@outlook.com,9801136032,Mumbai,MH,400001,2023-03-30,Enterprise,1,,2.9
CUST-03632,  Divya Kumar  ,divya.kumar922@protonmail.com,09624899911,Mysuru,KA,570001,2022-06-01,Business,1,46.0,3.7
CUST-04434,Karthik Kumar,karthik.kumar304@outlook.com,91 96159-46968,Guwahati,AS,781001,2023-06-02,Enterprise,1,108.0,3.0
CUST-02131,Ananya Krishnan,ananya.krishnan360@gmail.com,09803999749,Pune,MH,411001,2021-12-27,Business,0,180.0,3.9
CUST-01975,Arjun Kumar,arjun.kumar329@gmail.com,9663494869,Nagpur,MH,440001,2022-06-24,Retail,1,73.0,2.9
CUST-01724,suresh krishnan,suresh.krishnan105@gmail.com,9770951029,Mumbai,MH,400001,2022-08-26,Enterprise,0,139.0,5.0
CUST-04825,  Imran Joshi  ,imran.joshi822@protonmail.com,9638016968,Chandigarh,CH,160017,2022-11-04,Retail,0,,2.5
CUST-01644,Suresh Joshi,suresh.joshi35@outlook.com,9628384201,Chennai,TN,600001,2022-10-13,Smb,0,94.0,4.4
CUST-04710,  Anitha Patel  ,anitha.patel567@protonmail.com,+91-99219 73464,Kochi,KL,682001,2023-05-09,Business,1,226.0,3.6
CUST-00605,Rahul Raman,rahul.raman493@yahoo.in,+91-97301 71365,Hyderabad,TS,500001,2023-03-24,Business,0,186.0,4.8
CUST-04962,Pradeep Kumar,pradeep.kumar655@yahoo.in,9874718975,Delhi,DL,110001,2023-01-18,Retail,0,126.0,4.0
CUST-04523,Anitha Raman,anitha.raman966@gmail.com,9882524621,Lucknow,UP,226001,2023-05-06,Business,0,187.0,2.1
CUST-01606,,ravi.pillai137@gmail.com,9996285519,Hyderabad,TS,500001,2022-12-04,Retail,0,87.0,4.0
CUST-01168,Sneha Iyer,sneha.iyer74@yahoo.in,+91-99413 20466,Gurugram,HR,122001,2021-08-17,Enterprise,1,50.0,2.1
CUST-00827,Aravind Chowdhury,aravind.chowdhury519@gmail.com,9730200125,Ahmedabad,GJ,380001,2021-11-03,Business,1,14.0,3.9
CUST-00429,Manish Iyer,manish.iyer933@gmail.com,+91-99772 01055,Ahmedabad,GJ,380001,2022-07-09,Enterprise,1,156.0,2.5
CUST-00552,Rahul Bose,rahul.bose791@protonmail.com,968851720,Coimbatore,TN,641001,2022-10-13,Smb,1,54.0,4.9
CUST-00126,Gopal Menon,gopal.menon461@outlook.com,+91-96466 98644,Bengaluru,KA,560001,2022-01-03,Smb,1,43.0,4.4
CUST-03364,Revathi Das,revathi.das663@protonmail.com,,Ahmedabad,GJ,380001,2021-08-18,Enterprise,1,172.0,3.1
CUST-04914,Nithin Raman,nithin.raman697@outlook.com,+91-99305 90995,Bengaluru,KA,560001,2023-08-27,Smb,1,11.0,4.6
CUST-03074,Lakshmi Sharma,lakshmi.sharma484@gmail.com,9771206592,Gurugram,HR,122001,2023-06-27,Retail,0,108.0,3.9
CUST-03437,Anitha Pillai,anitha.pillai329@yahoo.in,910114282,Nagpur,MH,440001,2022-03-08,Retail,0,132.0,3.6
CUST-01909,Revathi Iyer,revathi.iyer298@protonmail.com,91 97299-76194,CHENNAI,TN,600001,2022-10-19,Smb,0,116.0,2.2
CUST-00104,Imran Sharma,imran.sharma95@yahoo.in,91 98024-90515,Chandigarh,CH,160017,2023-05-23,Retail,0,78.0,2.0
CUST-02152,Joseph Nair,joseph.nair636@outlook.com,9964204622,MYSURU,KA,570001,2022-09-28,Business,1,200.0,3.9
CUST-04778,Meera Sharma,meera.sharma323@yahoo.in,+91-98324 51341,Chennai,TN,600001,2021-09-17,Retail,1,58.0,3.4
CUST-01126,Ishita Joshi,ishita.joshi309@yahoo.in,  ,Kochi,KL,682001,2023-12-06,Smb,0,96.0,2.5
CUST-01353,Priya Das,priya.das470@yahoo.in,9751782998,Guwahati,AS,781001,2021-11-04,Enterprise,0,227.0,3.8
CUST-02847,Kavya Reddy,kavya.reddy706@gmail.com,694772345,Bengaluru,KA,560001,2023-10-14,Retail,1,135.0,3.7
CUST-01714,Ananya Nair,ananya.nair153@gmail.com,91 97896-83634,Hyderabad,TS,500001,2022-08-04,Retail,0,44.0,4.6
CUST-04779,Rahul Kumar,rahul.kumar235@outlook.com,9969228374,Bhubaneswar,OD,751001,2022-06-24,Smb,0,146.0,2.6
CUST-04665,  Sneha Joshi  ,sneha.joshi944@protonmail.com,9658060587,Hyderabad,TS,500001,2023-03-11,Enterprise,1,177.0,4.6
CUST-00659,Anitha Menon,anitha.menon978@yahoo.in,+91-97733 82598,Jaipur,RJ,302001,2022-06-16,Retail,0,151.0,2.7
CUST-03698,Rahul Nair,rahul.nair19@protonmail.com,91 96190-92711,Visakhapatnam,AP,530001,2022-07-09,Enterprise,1,110.0,3.4
CUST-03470,Kavya Singh,kavya.singh607@yahoo.in,+91-97819 02255,Lucknow,UP,226001,2021-07-19,Enterprise,0,204.0,3.6
CUST-01916,  Bhavana Singh  ,bhavana.singh693@outlook.com,91 96063-70201,Hyderabad,TS,500001,2022-07-29,Retail,0,182.0,
CUST-04205,Ishita Kumar,ishita.kumar606@protonmail.com,9917293584,Ahmedabad,GJ,380001,2022-12-19,Smb,0,98.0,
CUST-02325,Lakshmi Pillai,lakshmi.pillai92@gmail.com,9687461434,Guwahati,AS,781001,2022-11-10,Business,0,10.0,3.6
CUST-03342,Kavya Pillai,kavya.pillai998@yahoo.in,+91-98680 46715,Visakhapatnam,AP,530001,2023-06-02,Enterprise,0,129.0,3.2
CUST-04228,Manish Bose,  ,91 98119-30917,Delhi,DL,110001,2021-12-25,Smb,0,3.0,4.7
CUST-00306,Lakshmi Singh,lakshmi.singh99@outlook.com,9606924383,Gurugram,HR,122001,2023-07-26,Retail,0,204.0,3.8
CUST-01991,Priya Bose,priya.bose232@gmail.com,+91-99310 67353,Kochi,KL,682001,2023-03-26,Business,1,,3.0
CUST-03521,Vasanth Sharma,vasanth.sharma619@outlook.com,91 97310-00546,Delhi,DL,110001,2022-03-08,Retail,0,141.0,4.7
CUST-01523,Vikram Raman,vikram.raman994@protonmail.com,91 99794-43848,Guwahati,AS,781001,2023-10-19,Retail,1,143.0,2.6
CUST-03525,Vasanth Das,vasanth.das324@gmail.com,9724884371,Bengaluru,KA,560001,2022-12-26,Retail,0,153.0,
CUST-04870,Arjun Bose,arjun.bose844@gmail.com,9974361063,Mumbai,MH,400001,2023-10-29,Retail,0,1.0,2.0
CUST-03847,Arjun Patel,arjun.patel142@outlook.com,-,Pune,MH,411001,2021-12-26,Retail,0,36.0,3.0
CUST-01261,ARAVIND PATEL,aravind.patel808@gmail.com,91 96249-70561,Delhi,DL,110001,2023-04-28,Business,1,88.0,4.9
CUST-04589,Neha Krishnan,neha.krishnan85@outlook.com,9813993572,Hyderabad,TS,500001,2023-10-29,Business,0,154.0,4.5
CUST-01620,arjun pillai,ARJUN.PILLAI947@GMAIL.COM,+91-98205 04167,Kolkata,WB,700001,2021-11-17,Smb,0,3.0,
CUST-00209,Rahul Das,rahul.das597@outlook.com,,Mumbai,MH,400001,2023-10-18,Business,0,30.0,4.9
CUST-01874,  Lakshmi Bose  ,lakshmi.bose372@outlook.com,9999324748,Coimbatore,TN,641001,2021-07-22,Smb,1,67.0,3.9
CUST-01651,Vikram Nair,vikram.nair431@protonmail.com,9746516100,Chandigarh,CH,160017,2022-09-20,Smb,1,184.0,4.9
CUST-02958,Ravi Mehta,ravi.mehta737@gmail.com,690535953,Pune,MH,411001,2022-02-28,Business,1,168.0,4.8
CUST-00369,  ,vikram.menon372@gmail.com,09977982730,Mumbai,MH,400001,2023-07-10,Retail,0,173.0,3.7
CUST-01755,Ishita Das,ishita.das666@yahoo.in,91 97752-18150,Delhi,DL,110001,2023-07-07,Smb,0,72.0,2.1
CUST-03095,Vasanth Kumar,vasanth.kumar668@protonmail.com,91 98302-50961,Coimbatore,TN,641001,2021-11-27,Business,1,26.0,4.8
CUST-03791,Anitha Iyer,anitha.iyer225@gmail.com,91 96359-89370,Kochi,KL,682001,2022-09-02,Retail,0,51.0,4.0
CUST-02353,  Sathish Das  ,sathish.das452@yahoo.in,+91-97372 44360,Lucknow,UP,226001,2022-11-27,Business,1,165.0,2.0
CUST-00455,Deepa Sharma,deepa.sharma321@protonmail.com,9688489407,Ahmedabad,GJ,380001,2021-08-17,Retail,0,73.0,2.3
CUST-00832,Aravind Menon,ishita.pillai265@outlook.com,9830444996,Ahmedabad,GJ,380001,2023-10-14,Retail,0,40.0,5.0
CUST-02979,Vasanth Raman,vasanth.raman241@yahoo.in,91 98714-55914,Chandigarh,CH,160017,2022-09-15,Business,1,165.0,3.7
CUST-01817,Pradeep Krishnan,pradeep.krishnan887@yahoo.in,9879699987,Kolkata,WB,700001,2021-07-25,Business,1,,3.9
CUST-01895,Suresh Krishnan,suresh.krishnan834@yahoo.in,09744738432,Mumbai,MH,400001,2022-12-28,Smb,0,,4.8
CUST-03153,Meera Patel,meera.patel969@yahoo.in,9950424509,Coimbatore,TN,641001,2022-03-18,Smb,0,9.0,3.4
CUST-02389,Rahul Sharma,rahul.sharma725@outlook.com,9615292932,Mysuru,KA,570001,2023-04-24,Retail,1,60.0,4.2
CUST-02525,Pradeep Menon,pradeep.menon131@outlook.com,9785688588,Guwahati,AS,781001,2022-07-06,Retail,1,161.0,2.9
CUST-01495,Ravi Singh,ravi.singh67@protonmail.com,09602731815,Visakhapatnam,AP,530001,2021-12-17,Smb,0,54.0,4.2
CUST-00810,Pradeep Krishnan,pradeep.krishnan392@outlook.com,9805086846,Mysuru,KA,570001,2023-07-05,Business,1,47.0,4.1
CUST-03062,Manish Sharma,manish.sharma661@yahoo.in,91 96698-51676,Madurai,TN,625001,2023-06-22,Business,1,215.0,2.3
CUST-01838,Manish Verma,manish.verma405@yahoo.in,+91-97727 71238,Visakhapatnam,AP,530001,2022-01-14,Business,0,162.0,4.0
CUST-02927,Swetha Iyer,swetha.iyer366@outlook.com,9692802117,Madurai,TN,625001,2023-05-24,Retail,0,140.0,3.9
CUST-00995,Gopal Krishnan,gopal.krishnan374@gmail.com,9641361242,Lucknow,UP,226001,2023-07-14,Enterprise,0,134.0,3.4
CUST-02124,,nithin.bose874@protonmail.com,09716614966,Nagpur,MH,440001,2022-04-14,Retail,1,202.0,
CUST-02269,  Sathish Reddy  ,sathish.reddy48@outlook.com,9967657934,Lucknow,UP,226001,2022-04-29,Enterprise,0,50.0,3.5
CUST-01124,Vikram Krishnan,vikram.krishnan844@outlook.com,9671947724,Chennai,TN,600001,2022-10-22,Enterprise,0,14.0,4.4
CUST-02120,Meera Sharma,meera.sharma958@gmail.com,9864297207,Jaipur,RJ,302001,2023-12-07,Retail,1,220.0,2.3
CUST-02541,Nithin Bose,nithin.bose449@gmail.com,+91-96591 50256,Kochi,KL,682001,2023-07-23,Business,0,154.0,3.3
CUST-00200,Swethā Bose,swetha.bose904@yahoo.in,9723475355,Delhi,DL,110001,2023-05-10,Business,0,124.0,3.4
CUST-01742,Meera Singh,meera.singh618@gmail.com,91 99856-47761,Gurugram,HR,122001,2022-05-14,Smb,0,71.0,4.4
CUST-01229,Manish Bose,manish.bose48@yahoo.in,91 97167-24006,Gurugram,HR,122001,2023-07-04,Business,0,187.0,2.9
CUST-00743,  Aravind Mehta  ,aravind.mehta275@gmail.com,9810279755,GUWAHATI,AS,781001,2023-04-11,Retail,1,122.0,4.8
CUST-02555,Rahul Raman,rahul.raman46@outlook.com,988844663,Bhubaneswar,OD,751001,2021-07-15,Retail,0,120.0,4.5
CUST-01112,Gopal Joshi,gopal.joshi617@gmail.com,91 99128-77266,Lucknow,UP,226001,2023-02-25,Business,0,110.0,2.8
CUST-02557,Manish Verma,MANISH.VERMA829@YAHOO.IN,9864703807,Mumbai,MH,400001,2023-08-16,Smb,0,105.0,2.3
CUST-02897,FATIMA KRISHNAN,fatima.krishnan412@gmail.com,9646508103,Mumbai,MH,400001,2023-09-21,Retail,1,47.0,3.3
CUST-00392,RAVI KUMAR,ravi.kumar768@protonmail.com,9814395012,Jaipur,RJ,302001,2022-09-12,Business,0,22.0,2.7
CUST-00930,ARAVIND IYER,aravind.iyer159@yahoo.in,09721122819,Mysuru,KA,570001,2023-06-23,Smb,0,187.0,3.6
CUST-02704,Rahul Verma,rahul.verma913@outlook.com,09873375264,Delhi,DL,110001,2022-01-13,Smb,0,117.0,3.3
CUST-00242,JOSEPH REDDY,joseph.reddy364@outlook.com,9869107328,Coimbatore,TN,641001,2022-06-11,Retail,1,88.0,4.0
CUST-02268,Neha Nair,neha.nair857@outlook.com,9850314977,Chandigarh,CH,160017,2022-07-14,Business,0,21.0,4.0
CUST-01279,VIKRAM CHOWDHURY,vikram.chowdhury264@gmail.com,91 99912-05517,KOLKATA,WB,700001,2023-01-28,Business,1,207.0,3.5
CUST-01997,Bhāvānā Reddy,bhavana.reddy663@outlook.com,9983370577,Nagpur,MH,440001,2022-07-08,Retail,0,106.0,3.1
CUST-02468,  Anitha Patel  ,anitha.patel754@yahoo.in,+91-97831 94041,Visakhapatnam,AP,530001,2023-01-19,Business,1,187.0,3.9
CUST-04145,Rahul Krishnan,rahul.krishnan260@protonmail.com,+91-97252 12442,Visakhapatnam,AP,530001,2023-09-30,Retail,0,107.0,4.4
CUST-02080,Meera Menon,meera.menon399@protonmail.com,91 96346-37761,Delhi,DL,110001,2023-07-30,Retail,1,76.0,5.0
CUST-04286,Vasanth Mehta,vasanth.mehta176@gmail.com,9820360884,Delhi,DL,110001,2023-04-18,Enterprise,0,173.0,3.5
CUST-04537,Sathish Joshi,sathish.joshi109@protonmail.com,9942136211,Gurugram,HR,122001,2022-04-28,Smb,0,67.0,3.7
CUST-04691,Rahul Verma,rahul.verma781@outlook.com,,Jaipur,RJ,302001,2023-09-02,Business,1,122.0,4.7
CUST-03105,Arjun Iyer,arjun.iyer9@gmail.com,9875181197,Pune,MH,411001,2022-01-21,Business,0,124.0,3.1
CUST-04272,-,vikram.sharma936@yahoo.in,09822341300,Delhi,DL,110001,2023-02-05,Enterprise,1,240.0,2.2
CUST-01400,Manish Krishnan,manish.krishnan775@gmail.com,9953957676,Hyderabad,TS,500001,2022-12-12,Retail,1,51.0,3.3
CUST-02582,fatima patel,fatima.patel361@protonmail.com,9891741243,Mysuru,KA,570001,2021-12-26,Retail,0,65.0,4.4
CUST-00771,Fatima Kumar,fatima.kumar675@yahoo.in,9937785718,Hyderabad,TS,500001,2022-06-27,Retail,1,104.0,4.2
CUST-03610,Bhavana Kumar,bhavana.kumar78@gmail.com,9802466019,Ahmedabad,GJ,380001,2022-11-22,Smb,0,79.0,
CUST-00577,Deepa Mehta,deepa.mehta416@protonmail.com,9691488237,Mysuru,KA,570001,2022-08-03,Enterprise,0,45.0,3.1
CUST-00802,Bhavana Kumar,bhavana.kumar881@outlook.com,9657466490,Delhi,DL,110001,2022-01-12,Business,1,64.0,2.1
CUST-02871,Manish Iyer,manish.iyer300@gmail.com,+91-97868 01697,Kochi,KL,682001,2023-05-04,Smb,0,50.0,3.4
CUST-01987,Arjun Singh,arjun.singh560@outlook.com,9738769596,Guwahati,AS,781001,2022-03-07,Retail,1,107.0,3.0
CUST-04484,Joseph Reddy,joseph.reddy681@gmail.com,9969547524,Madurai,TN,625001,2023-03-15,Enterprise,0,235.0,3.3
CUST-03305,Joseph Reddy,joseph.reddy965@gmail.com,+91-99544 88111,Kolkata,WB,700001,2022-11-06,Smb,0,104.0,
CUST-04683,Revathi Raman,revathi.raman87@protonmail.com,+91-97352 03560,Delhi,DL,110001,2022-06-06,Business,1,193.0,3.2
CUST-02578,Sathish Joshi,sathish.joshi616@outlook.com,+91-98169 11016,Mumbai,MH,400001,2023-09-16,Business,1,193.0,3.5
CUST-03553,Rahul Das,rahul.das113@outlook.com,09643678954,Chennai,TN,600001,2023-09-20,Retail,1,229.0,3.8
CUST-02610,Imran Raman,imran.raman753@gmail.com,9905382969,Mysuru,KA,570001,2022-04-19,Retail,0,47.0,2.0
CUST-01178,vikram raman,vikram.raman268@outlook.com,9650241297,Mumbai,MH,400001,2023-01-26,Business,0,122.0,4.7
CUST-00021,Meera Sharma,meera.sharma635@outlook.com,91 97260-94117,Pune,MH,411001,2021-05-11,Business,1,227.0,2.6
CUST-02843,Joseph Chowdhury,joseph.chowdhury5@protonmail.com,+91-99591 21626,Coimbatore,TN,641001,2022-07-13,Retail,1,,3.9
CUST-02602,Lakshmi Kumar,lakshmi.kumar244@gmail.com,9601564523,VISAKHAPATNAM,AP,530001,2022-12-12,Retail,1,148.0,3.9
CUST-00476,Swetha Patel,swetha.patel905@protonmail.com,745853824,Chandigarh,CH,160017,2021-09-13,Business,1,228.0,3.5
CUST-00979,Kavya Chowdhury,kavya.chowdhury974@gmail.com,-,Delhi,DL,110001,2022-07-22,Smb,0,64.0,4.7
CUST-02156,manish bose,manish.bose56@yahoo.in,+91-97402 27277,Delhi,DL,110001,2022-05-11,Smb,1,74.0,2.0
CUST-04741,Joseph Singh,joseph.singh12@gmail.com,9600935831,Nagpur,MH,440001,2021-03-10,Enterprise,0,95.0,3.6
CUST-04932,Ananya Kumar,ananya.kumar161@yahoo.in,91 97426-80963,Visakhapatnam,AP,530001,2022-12-22,Retail,1,140.0,4.7
CUST-03301,Arjun Kumar,-,91 97810-80089,Guwahati,AS,781001,2023-07-11,Business,0,82.0,3.3
CUST-00604,Divya Nair,divya.nair435@yahoo.in,9815216969,Guwahati,AS,781001,2023-12-31,Business,1,172.0,4.8
CUST-00022,Sneha Joshi,sneha.joshi6@gmail.com,9717489440,Guwahati,AS,781001,2022-09-12,Enterprise,1,153.0,4.3
CUST-01882,  Arjun Das  ,arjun.das395@gmail.com,676975676,Kochi,KL,682001,2022-01-26,Business,0,,3.1
CUST-03056,bhavana iyer,bhavana.iyer171@outlook.com,9830585130,Delhi,DL,110001,2022-01-25,Retail,1,174.0,3.8
CUST-03749,Imran Singh,imran.singh63@outlook.com,9746339352,Kochi,KL,682001,2023-02-19,Smb,0,163.0,3.4
CUST-02206,Ananya Joshi,ananya.joshi663@yahoo.in,9690678511,Lucknow,UP,226001,2023-11-23,Smb,1,5.0,2.5
CUST-00900,Pradeep Joshi,pradeep.joshi632@yahoo.in,9836963776,Visakhapatnam,AP,530001,2022-01-19,Enterprise,0,,3.0
CUST-03716,Fatima Reddy,fatima.reddy525@protonmail.com,+91-97695 25582,Ahmedabad,GJ,380001,2022-03-13,Business,1,3.0,3.8
CUST-00005,Karthik Menon,karthik.menon765@protonmail.com,+91-98144 26514,Mysuru,KA,570001,2021-10-11,Business,0,17.0,3.8
CUST-02551,Sneha Bose,sneha.bose432@protonmail.com,91 99749-04305,Coimbatore,TN,641001,2022-06-12,Smb,1,128.0,2.7
CUST-02863,Vikram Singh,vikram.singh428@protonmail.com,91 99189-22636,Gurugram,HR,122001,2021-07-25,Enterprise,1,19.0,4.0
CUST-04056,Divya Chowdhury,divya.chowdhury763@outlook.com,+91-98272 04903,Mysuru,KA,570001,2021-07-25,Enterprise,0,167.0,3.3
CUST-03307,Anitha Patel,anitha.patel537@outlook.com,9638071517,Madurai,TN,625001,2022-10-30,Business,1,174.0,4.8
CUST-02620,Lakshmi Chowdhury,lakshmi.chowdhury548@protonmail.com,9647752613,Nagpur,MH,440001,2021-10-31,Enterprise,0,212.0,2.5
CUST-00276,Ananya Kumar,ananya.kumar101@gmail.com,9788718941,Gurugram,HR,122001,2021-08-28,Enterprise,0,182.0,2.3
CUST-00065,Meera Pillai,meera.pillai419@outlook.com,09628113521,Kolkata,WB,700001,2022-02-27,Retail,0,21.0,2.4
CUST-01394,Deepa Chowdhury,deepa.chowdhury747@gmail.com,,Kochi,KL,682001,2023-12-25,Retail,0,207.0,3.7
CUST-02676,Bhavana Reddy,bhavana.reddy998@protonmail.com,+91-97823 63249,Kolkata,WB,700001,2023-09-02,Retail,1,122.0,2.8
CUST-00370,karthik sharma,unknown,09991324596,Mumbai,MH,400001,2022-09-23,Business,1,219.0,3.3
CUST-04177,Suresh Sharma,suresh.sharma848@gmail.com,09604107957,Delhi,DL,110001,2021-12-11,Enterprise,1,79.0,3.7
CUST-01206,Sneha Das,sneha.das335@protonmail.com,9970644700,Delhi,DL,110001,2021-10-27,Business,1,185.0,4.7
CUST-02408,JOSEPH CHOWDHURY,joseph.chowdhury51@outlook.com,9740406287,Delhi,DL,110001,2021-09-27,Retail,0,46.0,2.8
CUST-04619,Ravi Krishnan,ravi.krishnan742@gmail.com,9848179993,Madurai,TN,625001,2023-09-16,Enterprise,0,12.0,4.1
CUST-01092,KAVYA DAS,kavya.das394@gmail.com,91 97073-35801,Delhi,DL,110001,2022-06-30,Business,1,193.0,3.5
CUST-02357,Manish Menon,manish.menon649@protonmail.com,+91-99290 63949,Visakhapatnam,AP,530001,2023-07-19,Enterprise,1,188.0,2.9
CUST-01429,Anitha Mehta,anitha.mehta73@outlook.com,9827789433,Chandigarh,CH,160017,2023-04-27,Enterprise,1,31.0,2.6
CUST-01551,Manish Singh,manish.singh11@yahoo.in,+91-97885 86212,Kochi,KL,682001,2021-07-16,Enterprise,1,123.0,
CUST-04626,imran krishnan,imran.krishnan291@protonmail.com,9730084028,Mysuru,KA,570001,2022-01-01,Retail,0,83.0,3.9
CUST-02579,Vikram Kumar,vikram.kumar590@yahoo.in,9794547122,Chandigarh,CH,160017,2023-07-29,Retail,1,33.0,5.0
CUST-02628,  Joseph Verma  ,joseph.verma961@protonmail.com,+91-99623 42054,Hyderabad,TS,500001,2021-07-22,Business,0,22.0,4.6
CUST-02675,Suresh Verma,suresh.verma345@gmail.com,9740860409,Jaipur,RJ,302001,2023-05-26,Business,1,240.0,2.1
CUST-04397,Suresh Joshi,suresh.joshi930@yahoo.in,9833076568,Madurai,TN,625001,2021-08-18,Enterprise,1,165.0,2.2
CUST-04634,  Ananya Mehta  ,ananya.mehta983@outlook.com,9965220277,Chennai,TN,600001,2023-01-10,Retail,0,135.0,3.8
CUST-00794,  Anitha Patel  ,anitha.patel272@protonmail.com,9968301252,Guwahati,AS,781001,2021-12-22,Business,1,92.0,3.9
CUST-00266,Aravind Nair,aravind.nair299@protonmail.com,9840067075,Kolkata,WB,700001,2021-12-26,Retail,0,3.0,3.5
CUST-02178,Lakshmi Raman,lakshmi.raman285@outlook.com,9767235001,Hyderabad,TS,500001,2023-12-05,Smb,0,57.0,2.7
CUST-04837,Manish Singh,manish.singh139@outlook.com,9903971839,Ahmedabad,GJ,380001,2022-12-23,Smb,0,,4.7
CUST-01282,LAKSHMI DAS,lakshmi.das125@outlook.com,09902450400,Ahmedabad,GJ,380001,2021-12-08,Business,0,164.0,3.7
CUST-01383,Sathish Joshi,sathish.joshi180@protonmail.com,+91-97290 63631,Delhi,DL,110001,2023-02-14,Enterprise,1,195.0,2.9
CUST-03202,Lakshmi Patel,lakshmi.patel332@gmail.com,09640051930,Kochi,KL,682001,2023-01-27,Business,0,225.0,2.5
CUST-00893,  Aravind Joshi  ,aravind.joshi521@outlook.com,91 97230-71536,Bhubaneswar,OD,751001,2022-12-26,Business,0,19.0,4.8
CUST-04255,Neha Kumar,neha.kumar131@outlook.com,,Mumbai,MH,400001,2021-10-08,Business,0,179.0,3.8
CUST-01397,Kavya Reddy,kavya.reddy456@outlook.com,9610029288,Chennai,TN,600001,2023-12-24,Enterprise,0,31.0,3.3
CUST-02285,  Vasanth Krishnan  ,vasanth.krishnan122@gmail.com,9814541679,Ahmedabad,GJ,380001,2021-08-05,Business,0,97.0,4.2
CUST-03932,Ishita Kumar,ishita.kumar492@outlook.com,+91-98657 07069,Bhubaneswar,OD,751001,2021-09-20,Business,1,129.0,4.8
CUST-01885,Pradeep Das,pradeep.das458@protonmail.com,91 99133-01670,Visakhapatnam,AP,530001,2023-01-11,Business,1,222.0,4.3
CUST-02922,Karthik Raman,karthik.raman957@protonmail.com,91 99104-54373,Bhubaneswar,OD,751001,2023-03-19,Smb,1,127.0,4.8
CUST-01088,Ishita Bose,ishita.bose536@yahoo.in,09975263543,Bhubaneswar,OD,751001,2023-10-13,Enterprise,1,110.0,4.2
CUST-00216,anitha joshi,anitha.joshi221@outlook.com,9938154701,Kolkata,WB,700001,2022-05-11,Business,0,51.0,3.9
CUST-03600,  Gopal Joshi  ,gopal.joshi725@outlook.com,+91-99154 70531,Bengaluru,KA,560001,2023-05-17,Business,1,135.0,2.1
CUST-03666,  Fatima Das  ,fatima.das674@protonmail.com,601658204,Visakhapatnam,AP,530001,2023-09-17,Business,1,138.0,2.1
CUST-03972,Gopal Joshi,gopal.joshi871@protonmail.com,09897694169,Chennai,TN,600001,2023-06-07,Retail,1,142.0,4.3
CUST-04882,SNEHA SHARMA,sneha.sharma775@outlook.com,+91-99539 83617,Bengaluru,KA,560001,2023-03-29,Business,1,24.0,3.8
CUST-03260,KARTHIK SINGH,karthik.singh356@yahoo.in,+91-97113 24368,Coimbatore,TN,641001,2022-01-19,Retail,1,203.0,3.0
CUST-01917,Ananya Chowdhury,ananya.chowdhury983@outlook.com,944132367,Chennai,TN,600001,2022-08-15,Enterprise,0,58.0,4.0
CUST-04285,Ananya Nair,ananya.nair936gmail.com,9797978112,Bengaluru,KA,560001,2022-07-16,Smb,1,82.0,4.7
CUST-04842,Ravi Nair,ravi.nair572@yahoo.in,+91-99579 56881,Kochi,KL,682001,2023-04-03,Smb,0,184.0,4.7
CUST-03215,Karthik Chowdhury,,+91-96135 32765,Coimbatore,TN,641001,2022-02-19,Smb,1,142.0,4.8
CUST-00597,Sneha Patel,sneha.patel931@outlook.com,09615289105,Kolkata,WB,700001,2022-06-27,Enterprise,1,44.0,2.0
CUST-00863,Vasanth Kumar,vasanth.kumar777@yahoo.in,9604321780,Ahmedabad,GJ,380001,2022-11-26,Business,0,118.0,2.6
CUST-03353,Pradeep Pillai,ananya.mehta449@outlook.com,9939990729,Nagpur,MH,440001,2022-03-25,Retail,1,138.0,3.0
CUST-02673,Kavya Reddy,kavya.reddy158@outlook.com,+91-99316 80771,Kochi,KL,682001,2023-09-23,Retail,0,191.0,3.8
CUST-02669,Aravind Das,aravind.das455@protonmail.com,9693788208,Lucknow,UP,226001,2023-12-07,Business,1,100.0,4.3
CUST-02176,Sneha Reddy,sneha.reddy955@yahoo.in,9915519032,Kolkata,WB,700001,2023-06-14,Smb,1,177.0,4.8
CUST-00361,Ishita Raman,  ,9610020197,Nagpur,MH,440001,2022-05-17,Retail,1,156.0,3.8
CUST-02053,BHAVANA MEHTA,bhavana.mehta815@outlook.com,91 96760-27862,Bhubaneswar,OD,751001,2023-04-01,Business,1,213.0,2.7
CUST-04467,Neha Joshi,neha.joshi396@gmail.com,9770033061,Jaipur,RJ,302001,2021-09-25,Retail,0,15.0,2.0
CUST-04291,nithin raman,nithin.raman923@gmail.com,9861905879,Delhi,DL,110001,2022-11-30,Retail,0,120.0,3.3
CUST-01555,,ravi.patel150@outlook.com,9899802777,Kolkata,WB,700001,2023-11-22,Business,1,33.0,2.2
CUST-00396,Imran Kumar,imran.kumar68@outlook.com,9798094609,Mumbai,MH,400001,2021-10-12,Retail,1,25.0,4.9
CUST-04958,RAVI VERMA,,09894972783,Chandigarh,CH,160017,2022-03-04,Smb,0,77.0,4.6
CUST-03198,Imran Pillai,imran.pillai657@protonmail.com,09966240304,Kochi,KL,682001,2022-03-25,Retail,1,48.0,2.0
CUST-04288,Sneha Chowdhury,sneha.chowdhury864@gmail.com,9809586132,Gurugram,HR,122001,2021-12-28,Retail,1,170.0,3.3
CUST-00701,Ishita Pillai,ishita.pillai265@outlook.com,+91-97753 06107,Visakhapatnam,AP,530001,2023-12-09,Business,1,85.0,2.9
CUST-00232,Pradeep Reddy,pradeep.reddy765@gmail.com,+91-99095 40258,Lucknow,UP,226001,2022-08-02,Smb,1,137.0,3.3
CUST-00435,Manish Reddy,manish.reddy885@outlook.com,91 97327-97365,Kochi,KL,682001,2023-06-29,Enterprise,1,59.0,3.2
CUST-02997,Aravind Iyer,aravind.iyer758@yahoo.in,9975069283,Mumbai,MH,400001,2021-10-05,Enterprise,1,164.0,2.6
CUST-00822,Gopal Raman,gopal.raman747@gmail.com,847886755,Mysuru,KA,570001,2021-10-16,Business,0,48.0,3.9
CUST-03794,meera joshi,meera.joshi82@gmail.com,+91-96105 43327,Kochi,KL,682001,2022-08-20,Retail,1,97.0,4.9
CUST-03654,Anitha Patel,anitha.patel113@gmail.com,91 96271-38352,Hyderabad,TS,500001,2021-08-11,Enterprise,0,131.0,2.3
CUST-04643,Ananya Raman,ananya.raman272@protonmail.com,9974793990,PUNE,MH,411001,2023-03-13,Smb,0,198.0,3.2
CUST-00835,Imran Menon,imran.menon879@gmail.com,9983946120,Lucknow,UP,226001,2023-07-08,Business,1,235.0,3.1
CUST-02596,Deepa Raman,deepa.raman412@yahoo.in,9935045945,Bhubaneswar,OD,751001,2023-02-06,Smb,1,166.0,3.3
CUST-02247,Deepa Chowdhury,deepa.chowdhury694@protonmail.com,9670713792,Kochi,KL,682001,2023-10-31,Retail,0,43.0,2.7
CUST-04887,Gopal Raman,gopal.raman941@gmail.com,9858166288,Kochi,KL,682001,2023-06-26,Retail,1,99.0,2.8
CUST-02881,Meera Krishnan,meera.krishnan503@gmail.com,9748139345,Visakhapatnam,AP,530001,2023-05-15,Retail,1,225.0,2.1
CUST-03737,Nithin Sharma,nithin.sharma639@yahoo.in,9730714265,Pune,MH,411001,2023-04-07,Retail,0,110.0,
CUST-02019,sneha das,sneha.das3@protonmail.com,9929803990,Mysuru,KA,570001,2022-11-01,Retail,1,180.0,2.1
CUST-03606,,kavya.patel292@outlook.com,842566818,Ahmedabad,GJ,380001,2023-01-14,Smb,1,110.0,3.1
CUST-04035,Meera Krishnan,meera.krishnan258@protonmail.com,+91-96498 73631,Bengaluru,KA,560001,2022-10-17,Retail,1,152.0,2.3
CUST-04765,DIVYA PATEL,divya.patel236@protonmail.com,+91-96632 61968,Bhubaneswar,OD,751001,2022-04-08,Retail,1,179.0,2.1
CUST-00194,  Arjun Iyer  ,arjun.iyer873@gmail.com,+91-98946 62198,Nagpur,MH,440001,2023-01-27,Retail,0,26.0,2.2
CUST-03809,Suresh Kumar,suresh.kumar321@gmail.com,+91-97041 98236,Pune,MH,411001,2021-09-11,Retail,0,105.0,2.7
CUST-02016,Pradeep Nair,pradeep.nair681@gmail.com,9841842561,Pune,MH,411001,2022-09-02,Enterprise,1,90.0,4.7
CUST-01611,Suresh Iyer,suresh.iyer196@yahoo.in,91 99005-11585,Bengaluru,KA,560001,2022-11-14,Retail,0,75.0,2.8
CUST-04673,Vasanth Mehta,vasanth.mehta49@yahoo.in,9933026761,Coimbatore,TN,641001,2023-11-08,Business,1,128.0,3.6
CUST-04394,Swetha Menon,swetha.menon767@outlook.com,+91-98007 72660,Mumbai,MH,400001,2022-06-04,Enterprise,1,167.0,
CUST-01329,Aravind Reddy,aravind.reddy483gmail.com,09642187793,Hyderabad,TS,500001,2022-02-02,Smb,1,22.0,3.5
CUST-04498,  Nithin Pillai  ,nithin.pillai128@outlook.com,9835854394,GURUGRAM,HR,122001,2021-08-12,Smb,0,41.0,
CUST-01388,ravi verma,ravi.verma971@outlook.com,9686096764,Chennai,TN,600001,2022-07-29,Retail,0,43.0,5.0
CUST-03764,REVATHI NAIR,revathi.nair98@protonmail.com,674747945,Pune,MH,411001,2022-01-23,Retail,0,130.0,3.9
CUST-01023,Imran Nair,imran.nair723@gmail.com,9971022491,Kolkata,WB,700001,2022-05-15,Retail,1,61.0,2.1
CUST-04985,Priya Patel,unknown,9772624096,Mumbai,MH,400001,2023-11-28,Smb,0,221.0,3.7
CUST-04192,ishita raman,ishita.raman816@yahoo.in,+91-99051 64895,Jaipur,RJ,302001,2021-07-16,Retail,1,115.0,3.6
CUST-04357,divya chowdhury,-,+91-99792 75832,Gurugram,HR,122001,2022-02-28,Enterprise,0,38.0,3.7
CUST-01855,Lakshmi Krishnan,lakshmi.krishnan419@yahoo.in,91 98574-35876,Mysuru,KA,570001,2023-09-05,Retail,0,1.0,3.5
CUST-00747,Nithin Singh,nithin.singh477@gmail.com,9782497998,Coimbatore,TN,641001,2021-09-09,Retail,1,66.0,4.7
CUST-03721,Suresh Patel,SURESH.PATEL927@PROTONMAIL.COM,+91-97700 32807,Coimbatore,TN,641001,2023-04-15,Smb,1,193.0,2.9
CUST-03994,Suresh Krishnān,suresh.krishnan872@yahoo.in,91 97926-71496,Kolkata,WB,700001,2022-09-22,Retail,0,174.0,2.6
CUST-00964,Aravind Bose,aravind.bose97@yahoo.in,9924829911,Bengaluru,KA,560001,2023-08-12,Enterprise,1,102.0,2.8
CUST-02670,Karthik Kumar,karthik.kumar224@protonmail.com,9885548837,Mumbai,MH,400001,2021-06-08,Retail,1,127.0,4.3
CUST-00523,Neha Singh,neha.singh482@gmail.com,618294234,Chennai,TN,600001,2022-10-25,Retail,1,179.0,4.1
CUST-01365,Kavya Patel,kavya.patel226@outlook.com,9650055899,Madurai,TN,625001,2023-02-15,Business,0,179.0,2.5
CUST-04206,Lakshmi Singh,lakshmi.singh745@gmail.com,838908375,Madurai,TN,625001,2022-05-24,Retail,0,177.0,2.1
CUST-00672,Anitha Bose,anitha.bose718@protonmail.com,09806027040,Bengaluru,KA,560001,2023-12-04,Retail,0,195.0,3.4
CUST-03374,Karthik Bose,karthik.bose867@outlook.com,+91-96843 40365,Ahmedabad,GJ,380001,2022-02-13,Retail,0,39.0,3.1
CUST-01687,Ravi Joshi,ravi.joshi161@protonmail.com,+91-99367 25370,Lucknow,UP,226001,2023-06-22,Business,0,,
CUST-04596,Imran Singh,imran.singh881@protonmail.com,+91-99275 41650,Kolkata,WB,700001,2023-04-07,Retail,1,48.0,4.1
CUST-00004,Ravi Joshi,ravi.joshi705@yahoo.in,9630031457,Coimbatore,TN,641001,2021-12-26,Retail,0,102.0,3.9
CUST-04551,Kavya Bose,kavya.bose260@yahoo.in,9619396271,Chennai,TN,600001,2022-05-28,Retail,1,208.0,4.7
CUST-04949,Ishita Joshi,ishita.joshi235@yahoo.in,9790485726,Jaipur,RJ,302001,2022-02-22,Retail,1,,3.9
CUST-04176,Suresh Mehta,suresh.mehta184@protonmail.com,9841364392,Guwahati,AS,781001,2023-12-02,Enterprise,0,226.0,4.6
CUST-00982,Swetha Nair,swetha.nair94@yahoo.in,9950371762,Lucknow,UP,226001,2023-09-08,Enterprise,0,129.0,3.5
CUST-01191,Bhavana Krishnan,bhavana.krishnan885@yahoo.in,+91-97551 67708,Mumbai,MH,400001,2022-09-04,Retail,1,99.0,4.7
CUST-04350,Vasanth Chowdhury,vasanth.chowdhury121@gmail.com,9883850656,Kolkata,WB,700001,2022-08-13,Retail,0,40.0,4.5
CUST-04944,Vasanth Raman,vasanth.raman900@protonmail.com,91 98657-65132,Lucknow,UP,226001,2023-05-10,Business,1,114.0,2.1
CUST-00172,Kavya Singh,kavya.singh712@gmail.com,9955228466,Guwahati,AS,781001,2021-12-25,Retail,1,30.0,3.5
CUST-00823,Kavya Verma,kavya.verma825@yahoo.in,+91-99123 35168,Chandigarh,CH,160017,2021-07-27,Business,0,151.0,2.9
CUST-04684,Suresh Sharma,suresh.sharma196@protonmail.com,+91-98576 79638,Ahmedabad,GJ,380001,2022-01-06,Smb,1,112.0,3.3
CUST-02239,Bhavana Patel,bhavana.patel505@yahoo.in,9601601253,Kochi,KL,682001,2021-12-10,Business,0,46.0,3.0
CUST-02345,Pradeep Krishnan,pradeep.krishnan456@yahoo.in,9745163810,Visakhapatnam,AP,530001,2022-03-30,Retail,0,166.0,4.2
CUST-03548,Nithin Sharma,nithin.sharma473@yahoo.in,+91-99193 94086,Mumbai,MH,400001,2022-08-03,Retail,1,44.0,4.7
CUST-03796,SURESH SINGH,suresh.singh145@yahoo.in,-,Coimbatore,TN,641001,2021-10-19,Business,0,177.0,3.2
CUST-04406,Divya Iyer,divya.iyer297@yahoo.in,9634963604,Jaipur,RJ,302001,2023-09-06,Business,1,21.0,4.0
CUST-01835,Rahul Verma,rahul.verma486@outlook.com,91 98389-64219,Guwahati,AS,781001,2023-05-25,Business,0,224.0,3.7
CUST-01177,ANANYA JOSHI,ananya.joshi171@protonmail.com,91 99973-19994,Mumbai,MH,400001,2022-10-12,Retail,1,144.0,4.8
CUST-00222,Swetha Kumar,swetha.kumar904@protonmail.com,09687654641,Jaipur,RJ,302001,2021-10-03,Smb,1,73.0,3.6
CUST-02195,Revathi Verma,revathi.verma861@protonmail.com,9894583624,Madurai,TN,625001,2022-01-15,Retail,1,,3.5
CUST-03575,Neha Kumar,neha.kumar585@yahoo.in,9945635777,Lucknow,UP,226001,2023-08-02,Business,0,12.0,3.6
CUST-02844,Ananya Bose,ananya.bose85yahoo.in,09669306671,Coimbatore,TN,641001,2023-05-13,Retail,1,113.0,3.1
CUST-04847,Kavya Raman,kavya.raman719@yahoo.in,9928822792,Coimbatore,TN,641001,2023-10-18,Retail,0,207.0,2.6
CUST-00559,Rahul Chowdhury,rahul.chowdhury155@outlook.com,962534393,Coimbatore,TN,641001,2023-09-14,Retail,0,176.0,4.0
CUST-02312,Meera Menon,meera.menon354@outlook.com,9614612960,Bengaluru,KA,560001,2022-02-05,Business,1,141.0,3.5
CUST-03571,Joseph Kumar,joseph.kumar827@gmail.com,9764782115,Chennai,TN,600001,2022-04-19,Business,0,166.0,3.3
CUST-04063,Nithin Verma,nithin.verma585@protonmail.com,91 97400-69029,Mysuru,KA,570001,2021-11-24,Enterprise,1,219.0,3.1
CUST-04170,Rahul Bose,rahul.bose139@gmail.com,+91-99388 26523,Visakhapatnam,AP,530001,2022-04-18,Business,0,27.0,4.9
CUST-04782,Sneha Nair,sneha.nair68@yahoo.in,+91-97836 67364,Jaipur,RJ,302001,2023-01-01,Retail,1,43.0,3.2
CUST-00888,Aravind Krishnan,aravind.krishnan916yahoo.in,9795201201,Pune,MH,411001,2023-11-26,Business,0,233.0,
CUST-04567,Neha Pillai,neha.pillai792@protonmail.com,9899507125,Kolkata,WB,700001,2022-07-27,Business,0,195.0,3.9
CUST-02657,Priya Krishnan,priya.krishnan458@yahoo.in,9855500648,Chennai,TN,600001,2022-09-17,Business,0,95.0,4.7
CUST-04866,Vikram Bose,vikram.bose905@yahoo.in,9772405609,Madurai,TN,625001,2022-11-27,Retail,1,35.0,4.4
CUST-01829,Neha Nair,neha.nair937@gmail.com,91 98075-40685,Visakhapatnam,AP,530001,2021-08-24,Business,0,160.0,4.2
CUST-01940,Meera Joshi,meera.joshi591@yahoo.in,9833661482,Bhubaneswar,OD,751001,2022-09-29,Enterprise,0,7.0,4.5
CUST-04720,Ravi Menon,ravi.menon444@outlook.com,09619278961,Gurugram,HR,122001,2023-12-19,Retail,1,155.0,3.8
CUST-04352,Fatima Reddy,fatima.reddy950@yahoo.in,91 97523-53547,Mysuru,KA,570001,2022-08-06,Retail,1,168.0,2.1
CUST-03243,  ,ananya.mehta141@gmail.com,09835568332,Kolkata,WB,700001,2023-10-26,Enterprise,1,4.0,3.2
CUST-03371,Joseph Bose,joseph.bose384@yahoo.in,9808264183,Chennai,TN,600001,2022-01-05,Business,0,140.0,4.9
CUST-03765,Manish Chowdhury,manish.chowdhury380@gmail.com,+91-97728 98215,Chandigarh,CH,160017,2023-07-17,Smb,0,137.0,3.9
CUST-02653,Ishita Bose,ishita.bose170@yahoo.in,91 99292-71062,Lucknow,UP,226001,2023-11-08,Retail,0,215.0,2.7
CUST-04305,Bhavana Singh,,91 97222-69077,Chennai,TN,600001,2022-03-27,Retail,1,225.0,4.4
CUST-03245,Anitha Krishnan,anitha.krishnan176@protonmail.com,9922832351,Bengaluru,KA,560001,2022-06-14,Retail,0,229.0,3.2
CUST-02290,Gopal Sharma,gopal.sharma953@yahoo.in,+91-97402 26342,Madurai,TN,625001,2022-03-23,Retail,0,78.0,4.4
CUST-01323,  Sathish Verma  ,sathish.verma480@yahoo.in,9838391757,Madurai,TN,625001,2022-04-29,Retail,1,170.0,3.2
CUST-04628,Deepa Krishnan,deepa.krishnan561@yahoo.in,+91-97917 79541,Pune,MH,411001,2022-02-18,Enterprise,1,12.0,2.2
CUST-04163,Pradeep Raman,pradeep.raman50@outlook.com,9990741268,Ahmedabad,GJ,380001,2022-08-06,Retail,1,104.0,3.6
CUST-01379,  Pradeep Krishnan  ,pradeep.krishnan259@gmail.com,9647094331,Chennai,TN,600001,2021-08-09,Smb,1,214.0,2.2
CUST-04831,Divya Nair,divya.nair745@yahoo.in,873829122,Guwahati,AS,781001,2022-12-28,Business,1,167.0,4.6
CUST-00111,  Sathish Raman  ,sathish.raman17@yahoo.in,982634017,Madurai,TN,625001,2022-06-26,Business,1,203.0,4.2
CUST-04904,Arjun Chowdhury,arjun.chowdhury943@yahoo.in,9722986791,Chennai,TN,600001,2022-12-07,Retail,0,183.0,5.0
CUST-01673,Swetha Sharma,swetha.sharma92@yahoo.in,9728347251,Chennai,TN,600001,2023-12-10,Business,1,129.0,3.0
CUST-02447,Ishita Iyer,ishita.iyer320@protonmail.com,+91-98945 63378,Jaipur,RJ,302001,2023-09-06,Smb,0,22.0,2.2
CUST-01070,ISHITA JOSHI,ishita.joshi818@yahoo.in,9768330210,Bhubaneswar,OD,751001,2022-08-27,Smb,1,222.0,4.7
CUST-02715,Sathish Menon,sathish.menon666@gmail.com,09671808556,Lucknow,UP,226001,2023-03-23,Enterprise,1,14.0,2.5
CUST-02262,Divya Iyer,divya.iyer926@gmail.com,9866023711,Gurugram,HR,122001,2023-01-05,Smb,0,153.0,4.4
CUST-00965,ANITHA SINGH,anitha.singh884@yahoo.in,9928142536,Ahmedabad,GJ,380001,2022-01-06,Business,0,215.0,2.3
CUST-03499,DIVYA RAMAN,divya.raman516@yahoo.in,91 97491-46820,Mysuru,KA,570001,2023-11-19,Business,1,210.0,3.5
CUST-01216,Rahul Verma,rahul.verma241@outlook.com,09833982623,Coimbatore,TN,641001,2023-07-08,Smb,1,113.0,4.4
CUST-01508,Nithin Pillai,nithin.pillai503@gmail.com,91 96632-86160,Coimbatore,TN,641001,2021-07-30,Smb,0,224.0,4.5
CUST-04053,Neha Patel,neha.patel906@yahoo.in,9638103454,Coimbatore,TN,641001,2022-06-13,Business,0,211.0,4.6
CUST-04981,Ravi Das,ravi.das839@yahoo.in,+91-97191 40096,Kochi,KL,682001,2021-12-19,Business,1,122.0,4.9
CUST-03438,Priya Verma,priya.verma701@outlook.com,+91-96378 60264,KOCHI,KL,682001,2023-03-18,Business,1,83.0,
CUST-01747,Neha Joshi,neha.joshi356@outlook.com,91 96589-54668,Ahmedabad,GJ,380001,2022-05-14,Retail,0,62.0,4.2
CUST-04895,Joseph Patel,joseph.patel998@yahoo.in,+91-96101 47036,Madurai,TN,625001,2021-09-05,Business,1,42.0,3.8
CUST-01472,Vikram Bose,vikram.bose363@protonmail.com,9784036639,Chennai,TN,600001,2021-12-26,Smb,0,53.0,3.4
CUST-01710,Vasanth Verma,vasanth.verma547@gmail.com,91 99317-59901,Ahmedabad,GJ,380001,2022-03-18,Business,0,206.0,
CUST-00281,Vikram Joshi,vikram.joshi368@protonmail.com,+91-99397 27224,Mumbai,MH,400001,2023-10-28,Smb,1,128.0,4.5
CUST-02351,Karthik Chowdhury,karthik.chowdhury611@gmail.com,9710369542,MADURAI,TN,625001,2021-10-21,Smb,1,143.0,2.5
CUST-03146,Kavya Chowdhury,kavya.chowdhury388@protonmail.com,91 98296-88141,KOCHI,KL,682001,2023-07-21,Business,1,106.0,4.3
CUST-02165,Nithin Das,nithin.das697protonmail.com,9948725948,Jaipur,RJ,302001,2022-11-13,Retail,0,207.0,
CUST-02542,Suresh Verma,suresh.verma219@gmail.com,9907379714,Ahmedabad,GJ,380001,2023-06-23,Business,0,9.0,3.5
CUST-00706,ISHITA MEHTA,ishita.mehta142@gmail.com,9739576893,GUWAHATI,AS,781001,2022-02-19,Smb,0,208.0,4.9
CUST-02992,Vikram Kumar,vikram.kumar595@protonmail.com,91 97256-46577,Coimbatore,TN,641001,2022-09-08,Business,0,208.0,2.6
CUST-04082,Pradeep Chowdhury,pradeep.chowdhury442@outlook.com,09759696526,Pune,MH,411001,2022-09-02,Retail,1,222.0,4.8
CUST-00082,  Pradeep Nair  ,pradeep.nair924@outlook.com,9902590128,Chennai,TN,600001,2022-05-25,Enterprise,1,128.0,3.6
CUST-01517,Imran Mehta,imran.mehta400@gmail.com,+91-96579 82323,Coimbatore,TN,641001,2023-01-27,Retail,0,185.0,2.8
CUST-01401,Karthik Mehta,karthik.mehta601yahoo.in,9866203177,Bengaluru,KA,560001,2022-08-28,Enterprise,1,120.0,4.7
CUST-02969,Arjun Raman,arjun.raman98@protonmail.com,9712860477,Nagpur,MH,440001,2022-02-11,Business,1,220.0,4.1
CUST-02967,Arjun Kumar,arjun.kumar160@gmail.com,9997360571,Kochi,KL,682001,2023-06-29,Retail,1,44.0,4.6
CUST-02873,Vasanth Sharma,vasanth.sharma622@yahoo.in,+91-96526 96331,Gurugram,HR,122001,2023-11-02,Enterprise,0,206.0,3.3
CUST-04650,Meera Singh,meera.singh323@yahoo.in,9722549943,Jaipur,RJ,302001,2022-09-14,Business,1,10.0,4.1
CUST-01973,Lakshmi Menon,lakshmi.menon810@yahoo.in,9603122341,Coimbatore,TN,641001,2022-07-03,Smb,0,228.0,2.8
CUST-02451,IMRAN CHOWDHURY,imran.chowdhury679@yahoo.in,9798175007,GUWAHATI,AS,781001,2021-08-18,Smb,0,13.0,4.0
CUST-04297,Swetha Das,swetha.das994@yahoo.in,9625477978,Pune,MH,411001,2022-02-23,Retail,1,220.0,2.6
CUST-03949,Arjun Kumar,arjun.kumar510@gmail.com,+91-97228 22082,Mumbai,MH,400001,2021-10-09,Enterprise,0,28.0,2.6
CUST-01618,Vāsānth Bose,vasanth.bose572@outlook.com,91 99535-95281,Chandigarh,CH,160017,2022-01-09,Retail,0,61.0,2.0
CUST-04947,Arjun Verma,arjun.verma976@yahoo.in,+91-96971 96283,Visakhapatnam,AP,530001,2022-10-11,Retail,1,,2.6
CUST-01498,swetha chowdhury,swetha.chowdhury31@outlook.com,9785097263,Madurai,TN,625001,2023-09-30,Enterprise,1,129.0,3.3
CUST-02236,aravind patel,aravind.patel281@yahoo.in,9823492485,Ahmedabad,GJ,380001,2023-01-13,Enterprise,0,159.0,4.0
CUST-03867,,ravi.raman549@outlook.com,91 96689-77680,Kochi,KL,682001,2023-06-16,Enterprise,0,161.0,2.1
CUST-03660,Pradeep Iyer,pradeep.iyer343@protonmail.com,+91-99844 04434,Nagpur,MH,440001,2022-11-06,Business,0,207.0,4.6
CUST-02560,Ishita Reddy,ishita.reddy959@protonmail.com,+91-98375 58271,Mumbai,MH,400001,2022-05-08,Enterprise,0,99.0,2.3
CUST-02373,Swetha Krishnan,swetha.krishnan329@outlook.com,91 98868-47367,Mysuru,KA,570001,2022-01-25,Business,1,166.0,
CUST-00685,Ravi Singh,ravi.singh273@gmail.com,9937215449,Chandigarh,CH,160017,2021-11-13,Retail,0,72.0,3.6
CUST-01113,PRADEEP DAS,pradeep.das238@protonmail.com,9829390422,Chennai,TN,600001,2022-08-08,Smb,0,223.0,3.7
CUST-04822,SURESH PATEL,suresh.patel705@yahoo.in,9887848346,Bengaluru,KA,560001,2022-07-13,Business,1,72.0,4.3
CUST-04955,Swetha Krishnan,swetha.krishnan593@outlook.com,9937666096,Guwahati,AS,781001,2021-04-08,Business,0,176.0,4.9
CUST-04924,Meera Bose,meera.bose337@gmail.com,09804297019,Mysuru,KA,570001,2022-03-08,Enterprise,1,141.0,3.2
CUST-00029,Priya Verma,priya.verma849@protonmail.com,9833800381,Guwahati,AS,781001,2022-10-11,Enterprise,1,83.0,4.5
CUST-01501,Ishitā Dās,ishita.das307@gmail.com,9816016024,Delhi,DL,110001,2022-10-21,Retail,1,30.0,2.1
CUST-01814,Pradeep Singh,pradeep.singh171@protonmail.com,91 98503-76097,Chennai,TN,600001,2023-01-25,Retail,1,30.0,4.3
CUST-03309,Neha Bose,neha.bose104@protonmail.com,9804702080,Mumbai,MH,400001,2021-09-10,Business,0,103.0,
CUST-01947,Priya Joshi,priya.joshi628@protonmail.com,91 98578-90383,Mysuru,KA,570001,2021-11-19,Business,0,5.0,4.8
CUST-03756,  Ravi Krishnan  ,ravi.krishnan885@outlook.com,9862525352,Mysuru,KA,570001,2021-10-06,Business,1,42.0,4.9
CUST-01681,Divya Reddy,DIVYA.REDDY656@PROTONMAIL.COM,-,GURUGRAM,HR,122001,2022-02-14,Retail,0,174.0,4.1
CUST-00460,PRIYA BOSE,priya.bose411@protonmail.com,9965386174,Ahmedabad,GJ,380001,2022-09-27,Smb,1,159.0,2.2
CUST-04937,Divya Singh,divya.singh491@gmail.com,91 98177-84862,Coimbatore,TN,641001,2021-12-20,Business,1,15.0,2.5
CUST-03282,Ravi Bose,,09860526988,Chandigarh,CH,160017,2022-11-11,Retail,1,46.0,
CUST-02070,Suresh Patel,suresh.patel69@yahoo.in,9882142648,Mumbai,MH,400001,2022-10-10,Enterprise,1,106.0,2.3
CUST-03365,Vasanth Pillai,vasanth.pillai305@protonmail.com,9631796201,Guwahati,AS,781001,2022-09-20,Retail,1,184.0,3.9
CUST-02147,Kavya Bose,kavya.bose332@outlook.com,91 96284-62982,Pune,MH,411001,2023-08-01,Smb,0,68.0,2.6
CUST-03009,Ananya Iyer,ananya.iyer864gmail.com,9799176214,Bhubaneswar,OD,751001,2022-12-05,Retail,0,216.0,4.7
CUST-03908,Anitha Patel,anitha.patel127@yahoo.in,9883005058,Chennai,TN,600001,2021-09-04,Retail,1,177.0,4.9
CUST-00867,Nithin Reddy,nithin.reddy7@yahoo.in,9976037291,Bengaluru,KA,560001,2022-12-07,Enterprise,0,233.0,2.0
CUST-00539,Neha Kumar,neha.kumar576@protonmail.com,9768049279,Pune,MH,411001,2023-09-10,Business,0,97.0,2.0
CUST-00254,Bhavana Chowdhury,bhavana.chowdhury639@outlook.com,91 99297-94421,Guwahati,AS,781001,2023-09-03,Retail,0,7.0,4.4
CUST-00400,Gopal Nair,gopal.nair178@yahoo.in,+91-96419 64253,Lucknow,UP,226001,2023-03-14,Business,0,70.0,3.4
CUST-01528,Divya Chowdhury,divya.chowdhury901protonmail.com,9841843676,Bengaluru,KA,560001,2021-10-06,Enterprise,0,80.0,4.2
CUST-04099,Imran Sharma,imran.sharma884@protonmail.com,91 98937-36362,Delhi,DL,110001,2021-11-30,Retail,1,146.0,4.4
CUST-01248,Suresh Patel,suresh.patel981@protonmail.com,9928722863,Coimbatore,TN,641001,2021-12-17,Retail,1,159.0,3.7
CUST-02714,Swetha Kumar,swetha.kumar7@protonmail.com,9821065781,Bhubaneswar,OD,751001,2023-03-30,Business,1,177.0,2.3
CUST-00003,Fatima Patel,fatima.patel234@outlook.com,9724978655,Jaipur,RJ,302001,2023-04-02,Smb,0,156.0,3.6
CUST-04558,Kavya Singh,kavya.singh83@yahoo.in,+91-97144 52907,Visakhapatnam,AP,530001,2021-08-26,Business,1,193.0,2.9
CUST-03098,Revathi Bose,revathi.bose966@protonmail.com,91 98476-13361,Guwahati,AS,781001,2021-10-25,Business,1,210.0,2.9
CUST-02381,Deepa Chowdhury,deepa.chowdhury365@outlook.com,9739352780,Visakhapatnam,AP,530001,2021-02-10,Smb,1,86.0,3.4
CUST-02693,Deepa Verma,deepa.verma592@yahoo.in,91 97017-90394,Lucknow,UP,226001,2023-11-29,Enterprise,1,179.0,4.5
CUST-01471,Anitha Kumar,anitha.kumar499@outlook.com,9909453267,Bengaluru,KA,560001,2022-11-30,Enterprise,0,76.0,2.3
CUST-04405,Karthik Bose,karthik.bose715@gmail.com,9618668812,Coimbatore,TN,641001,2023-12-07,Smb,0,43.0,3.5
CUST-01059,Imran Joshi,imran.joshi684@yahoo.in,9606096989,Mysuru,KA,570001,2022-08-22,Business,0,205.0,4.8
CUST-03434,rahul kumar,rahul.kumar976@gmail.com,+91-97550 95494,Delhi,DL,110001,2021-09-23,Retail,1,240.0,3.1
CUST-03477,Gopal Bose,gopal.bose359@protonmail.com,91 99190-46491,Kolkata,WB,700001,2022-12-06,Business,1,105.0,2.0
CUST-04416,Fatima Nair,pradeep.reddy988@gmail.com,+91-99424 04424,Guwahati,AS,781001,2023-03-15,Retail,1,170.0,3.0
CUST-01441,  Vasanth Menon  ,vasanth.menon935@protonmail.com,,Lucknow,UP,226001,2023-05-18,Smb,0,209.0,4.3
CUST-04289,Sathish Iyer,sathish.iyer790@protonmail.com,+91-96407 82549,Visakhapatnam,AP,530001,2023-06-07,Enterprise,0,79.0,3.6
CUST-02005,Nithin Mehta,nithin.mehta695@outlook.com,9788054107,Mysuru,KA,570001,2021-07-24,Smb,1,132.0,3.2
CUST-02129,deepa das,deepa.das241@outlook.com,+91-97668 92734,Visakhapatnam,AP,530001,2022-09-17,Business,1,150.0,3.9
CUST-02842,Joseph Verma,joseph.verma986@protonmail.com,9719463244,Pune,MH,411001,2021-08-13,Business,1,22.0,2.6
CUST-00477,Lakshmi Mehta,lakshmi.mehta185@outlook.com,+91-96998 12296,Madurai,TN,625001,2022-01-26,Smb,0,55.0,4.4
CUST-02837,Karthik Nair,karthik.nair19@protonmail.com,09786005535,Chandigarh,CH,160017,2022-03-18,Retail,1,169.0,2.6
CUST-00600,Suresh Nair,unknown,  ,Mumbai,MH,400001,2023-12-20,Business,0,220.0,3.9
CUST-02703,Manish Pillai,-,91 96759-90979,Bhubaneswar,OD,751001,2022-11-09,Business,0,72.0,2.6
CUST-01626,lakshmi nair,lakshmi.nair68@gmail.com,757962876,Chennai,TN,600001,2023-01-24,Business,0,78.0,4.2
CUST-04108,ARAVIND SINGH,,9706313785,Kochi,KL,682001,2022-09-16,Business,1,48.0,5.0
CUST-02117,Pradeep Kumar,pradeep.kumar942@outlook.com,9865714045,Hyderabad,TS,500001,2023-12-18,Business,0,163.0,3.5
CUST-04462,Karthik Patel,karthik.patel798@yahoo.in,09979801805,Gurugram,HR,122001,2023-08-13,Retail,0,112.0,2.5
CUST-02681,Anitha Pillai,anitha.pillai35protonmail.com,9741121473,Bengaluru,KA,560001,2023-10-25,Enterprise,1,84.0,4.8
CUST-01305,Imran Reddy,imran.reddy243@protonmail.com,09741957549,Madurai,TN,625001,2023-09-16,Retail,1,51.0,2.5
CUST-01080,Joseph Iyer,unknown,91 99600-00211,Jaipur,RJ,302001,2021-11-28,Business,0,206.0,3.6
CUST-01638,Ravi Pillai,RAVI.PILLAI487@GMAIL.COM,9745614008,Lucknow,UP,226001,2022-09-07,Retail,0,54.0,2.9
CUST-01380,Sathish Joshi,sathish.joshi955@yahoo.in,91 97415-70744,Guwahati,AS,781001,2022-03-28,Business,0,186.0,3.8
CUST-00274,ARAVIND IYER,aravind.iyer488@outlook.com,9885894945,JAIPUR,RJ,302001,2022-09-28,Smb,0,136.0,2.1
CUST-04025,Revathi Raman,revathi.raman319@outlook.com,+91-99735 62964,Madurai,TN,625001,2023-07-04,Business,1,55.0,4.2
CUST-04574,MEERA KRISHNAN,meera.krishnan923@yahoo.in,9742607315,Visakhapatnam,AP,530001,2023-08-01,Business,0,120.0,3.3
CUST-03023,  Suresh Nair  ,suresh.nair145@outlook.com,9846449761,Gurugram,HR,122001,2022-11-06,Retail,1,219.0,4.6
CUST-02246,Suresh Iyer,suresh.iyer734@protonmail.com,91 96314-37125,Mysuru,KA,570001,2023-09-09,Business,1,60.0,
CUST-04193,Aravind Pillai,aravind.pillai110@yahoo.in,9931961059,Mumbai,MH,400001,2023-07-23,Business,1,189.0,4.9
CUST-04750,Bhavana Reddy,bhavana.reddy912@outlook.com,+91-97785 48399,Nagpur,MH,440001,2021-11-07,Smb,1,98.0,4.5
CUST-01602,SWETHA SHARMA,swetha.sharma499@protonmail.com,  ,Visakhapatnam,AP,530001,2022-06-21,Enterprise,1,157.0,3.9
CUST-01779,Gopal Singh,gopal.singh771@yahoo.in,91 96515-30343,Mumbai,MH,400001,2023-09-30,Retail,0,36.0,4.1
CUST-01497,Revathi Pillai,revathi.pillai15@outlook.com,863519009,Delhi,DL,110001,2023-05-27,Retail,1,113.0,4.6
CUST-04473,  Arjun Joshi  ,arjun.joshi156@protonmail.com,9849269819,Kolkata,WB,700001,2022-04-14,Retail,0,101.0,3.1
CUST-02647,ISHITA MEHTA,ishita.mehta311outlook.com,+91-96824 82440,Mumbai,MH,400001,2023-03-24,Business,0,176.0,4.6
CUST-02253,Deepa Pillai,deepa.pillai905@yahoo.in,9635080494,Chennai,TN,600001,2023-10-07,Retail,0,165.0,4.0
CUST-03504,Manish Joshi,manish.joshi742@yahoo.in,9955943601,Mysuru,KA,570001,2022-12-27,Retail,1,46.0,2.6
CUST-04954,Gopal Kumar,gopal.kumar103@protonmail.com,9824259819,Kochi,KL,682001,2023-05-29,Business,1,128.0,4.5
CUST-01850,Rahul Pillai,rahul.pillai139@gmail.com,09692761439,Ahmedabad,GJ,380001,2022-02-17,Business,1,154.0,2.7
CUST-03875,Joseph Bose,joseph.bose172@yahoo.in,+91-96818 12362,Madurai,TN,625001,2022-05-16,Retail,0,190.0,4.7
CUST-03550,Rahul Patel,rahul.patel865@yahoo.in,9806126106,Guwahati,AS,781001,2023-09-20,Enterprise,1,50.0,2.8
CUST-03134,Sathish Iyer,sathish.iyer767@protonmail.com,09976708482,Delhi,DL,110001,2021-10-27,Enterprise,0,144.0,
CUST-03578,Aravind Verma,aravind.verma521@gmail.com,91 99707-63247,Jaipur,RJ,302001,2023-07-08,Enterprise,0,96.0,3.5
CUST-04284,Revathi Mehta,revathi.mehta269@outlook.com,9818606458,Mysuru,KA,570001,2023-03-20,Retail,1,11.0,2.7
CUST-04417,lakshmi raman,lakshmi.raman571@protonmail.com,09950654870,DELHI,DL,110001,2022-02-01,Business,1,178.0,4.2
CUST-01831,Manish Singh,manish.singh572@yahoo.in,91 96455-97961,Lucknow,UP,226001,2021-07-27,Business,1,35.0,3.8
CUST-01130,Suresh Chowdhury,suresh.chowdhury291@outlook.com,9763358692,Jaipur,RJ,302001,2023-04-05,Enterprise,1,110.0,
CUST-00751,Anitha Sharma,anitha.sharma127@outlook.com,,Jaipur,RJ,302001,2023-07-10,Retail,0,156.0,2.4
CUST-00896,Ravi Krishnan,ravi.krishnan536@protonmail.com,+91-96885 69575,Bhubaneswar,OD,751001,2022-11-28,Retail,0,87.0,4.9
CUST-00740,Fatima Chowdhury,fatima.chowdhury937@outlook.com,9740018118,Nagpur,MH,440001,2021-05-11,Retail,1,212.0,3.5
CUST-04649,Meera Joshi,meera.joshi473@protonmail.com,9849963204,Madurai,TN,625001,2022-08-22,Retail,1,104.0,3.7
CUST-01064,NEHA CHOWDHURY,neha.chowdhury74@protonmail.com,91 99694-00020,Ahmedabad,GJ,380001,2023-10-01,Business,0,99.0,2.8
CUST-02127,  Rahul Iyer  ,rahul.iyer22@outlook.com,9724374439,Kolkata,WB,700001,2022-02-10,Smb,1,133.0,3.7
CUST-02214,Swetha Menon,swetha.menon284@outlook.com,+91-99254 39861,Chandigarh,CH,160017,2023-06-10,Enterprise,1,28.0,3.5
CUST-02671,  Ishita Sharma  ,ishita.sharma181@gmail.com,9817885793,Nagpur,MH,440001,2023-09-07,Smb,0,194.0,2.3
CUST-02174,Imran Raman,imran.raman581@gmail.com,9725270857,Hyderabad,TS,500001,2023-06-26,Business,1,71.0,3.5
CUST-00308,Karthik Menon,karthik.menon81@protonmail.com,9659980396,Bhubaneswar,OD,751001,2023-11-01,Retail,1,12.0,4.0
CUST-04704,Revathi Mehta,revathi.mehta901@gmail.com,91 96225-87958,Mumbai,MH,400001,2022-11-04,Retail,1,83.0,3.3
CUST-01306,Ananya Reddy,ananya.reddy387@gmail.com,+91-99143 81332,Nagpur,MH,440001,2022-11-23,Business,1,162.0,3.1
CUST-04569,Arjun Das,arjun.das907@protonmail.com,9934076549,Visakhapatnam,AP,530001,2023-12-04,Business,1,162.0,2.3
CUST-04617,Ananya Nair,ananya.nair582@protonmail.com,+91-97826 18802,Ahmedabad,GJ,380001,2023-03-17,Business,1,177.0,2.2
CUST-03489,Karthik Raman,karthik.raman125@gmail.com,9651651050,Delhi,DL,110001,2021-10-07,Smb,0,63.0,3.6
CUST-03149,Arjun Raman,arjun.raman739@gmail.com,9744132619,COIMBATORE,TN,641001,2023-09-28,Retail,0,226.0,2.7
CUST-00096,  Ravi Das  ,ravi.das946@outlook.com,9942905530,Gurugram,HR,122001,2022-04-20,Business,1,234.0,3.6
CUST-01480,Arjun Pillai,arjun.pillai413@yahoo.in,9985086328,Chennai,TN,600001,2021-08-20,Business,1,208.0,3.6
CUST-03010,Meera Reddy,meera.reddy730@yahoo.in,+91-99098 36164,Madurai,TN,625001,2021-11-20,Retail,0,148.0,2.4
CUST-02859,  Bhavana Das  ,bhavana.das276@protonmail.com,9849129074,Mumbai,MH,400001,2022-08-19,Smb,0,7.0,3.4
CUST-02777,Neha Joshi,neha.joshi146@gmail.com,+91-99451 48225,Lucknow,UP,226001,2021-07-12,Retail,1,88.0,2.7
CUST-00380,Arjun Joshi,arjun.joshi440@yahoo.in,91 99307-27518,Nagpur,MH,440001,2023-08-24,Enterprise,0,54.0,4.4
CUST-04265,Rahul Iyer,rahul.iyer737@protonmail.com,665131622,Guwahati,AS,781001,2022-08-02,Retail,1,115.0,4.7
CUST-04892,ARJUN NAIR,arjun.nair70@protonmail.com,91 99842-58517,Mysuru,KA,570001,2023-08-01,Retail,0,171.0,2.1
CUST-04345,Divya Das,divya.das129@gmail.com,,Gurugram,HR,122001,2021-11-28,Enterprise,0,52.0,
CUST-02699,sathish chowdhury,sathish.chowdhury651@yahoo.in,,Coimbatore,TN,641001,2023-04-21,Business,0,55.0,3.4
CUST-00698,Meera Kumar,meera.kumar729@outlook.com,9873539331,Guwahati,AS,781001,2023-01-31,Business,1,206.0,2.4
CUST-04463,Kavya Mehta,kavya.mehta180@protonmail.com,+91-98756 05170,Ahmedabad,GJ,380001,2022-05-08,Business,1,144.0,4.4
CUST-00433,bhavana patel,bhavana.patel137@protonmail.com,9777818898,Hyderabad,TS,500001,2022-08-18,Business,1,84.0,4.3
CUST-02691,Ananya Raman,,09847479473,Gurugram,HR,122001,2022-05-22,Business,0,3.0,4.3
CUST-01963,Imran Raman,imran.raman94@outlook.com,09749783287,Chandigarh,CH,160017,2023-12-12,Enterprise,1,180.0,2.1
CUST-02191,Arjun Pillai,arjun.pillai37@protonmail.com,9826485200,Chennai,TN,600001,2023-05-25,Smb,1,128.0,4.7
CUST-01098,pradeep bose,pradeep.bose157@outlook.com,+91-97946 57874,Delhi,DL,110001,2021-11-03,Smb,0,77.0,
CUST-01152,Suresh Krishnan,suresh.krishnan382@gmail.com,9732217723,Chennai,TN,600001,2022-04-10,Retail,1,152.0,4.5
CUST-01549,Priya Reddy,priya.reddy737@protonmail.com,91 97172-64093,Mysuru,KA,570001,2023-03-02,Retail,0,233.0,3.5
CUST-01723,Deepa Kumar,deepa.kumar642@protonmail.com,9839376731,Chandigarh,CH,160017,2022-08-16,Smb,1,99.0,3.3
CUST-01136,arjun krishnan,arjun.krishnan510@yahoo.in,9803763766,Hyderabad,TS,500001,2021-09-18,Enterprise,1,143.0,3.2
CUST-01613,SNEHA JOSHI,sneha.joshi634@yahoo.in,9940634138,Visakhapatnam,AP,530001,2022-09-06,Retail,1,180.0,4.6
CUST-00061,  Vasanth Chowdhury  ,vasanth.chowdhury472@outlook.com,9656834839,Visakhapatnam,AP,530001,2021-10-25,Retail,1,163.0,3.5
CUST-00132,Priya Chowdhury,priya.chowdhury392@yahoo.in,9963535203,Guwahati,AS,781001,2021-11-25,Business,0,176.0,2.7
CUST-02559,Vasanth Patel,vasanth.patel61@protonmail.com,9936291565,Pune,MH,411001,2022-07-19,Retail,1,143.0,2.7
CUST-04507,Revathi Menon,revathi.menon299@outlook.com,+91-96627 17279,Kochi,KL,682001,2023-12-26,Smb,1,122.0,4.5
CUST-03729,Lakshmi Sharma,lakshmi.sharma565@protonmail.com,9639546367,Ahmedabad,GJ,380001,2022-10-08,Smb,1,83.0,2.9
CUST-04022,Karthik Mehta,karthik.mehta413@outlook.com,+91-97184 76814,Visakhapatnam,AP,530001,2023-08-26,Retail,0,16.0,3.0
CUST-04577,NITHIN KUMAR,nithin.kumar728@yahoo.in,9914880109,Jaipur,RJ,302001,2023-09-12,Business,1,224.0,3.1
CUST-03320,Arjun Verma,arjun.verma410@outlook.com,9987298984,Coimbatore,TN,641001,2021-03-11,Retail,1,224.0,2.5
CUST-00817,Aravind Krishnan,aravind.krishnan675@protonmail.com,9943596647,Chandigarh,CH,160017,2023-04-21,Business,0,110.0,3.4
CUST-00647,Neha Singh,neha.singh544@gmail.com,9966967926,Hyderabad,TS,500001,2021-09-15,Retail,0,4.0,4.0
CUST-04739,Pradeep Verma,pradeep.verma902@protonmail.com,09899684418,Jaipur,RJ,302001,2023-06-28,Business,1,121.0,2.2
CUST-01428,Joseph Reddy,joseph.reddy365@protonmail.com,9777543756,Chandigarh,CH,160017,2023-08-05,Smb,0,28.0,2.3
CUST-03367,MANISH PATEL,manish.patel409@yahoo.in,+91-98312 86218,Delhi,DL,110001,2023-05-29,Retail,1,220.0,4.9
CUST-03810,Anitha Patel,anitha.patel599@yahoo.in,871515582,Bhubaneswar,OD,751001,2022-09-05,Smb,1,104.0,3.3
CUST-01745,Vasanth Raman,vasanth.raman79@protonmail.com,9981761064,Bhubaneswar,OD,751001,2023-09-22,Smb,1,4.0,3.8
CUST-02598,pradeep chowdhury,pradeep.chowdhury404@protonmail.com,9894590180,PUNE,MH,411001,2023-12-31,Retail,0,140.0,2.4
CUST-02317,Aravind Das,aravind.das780@protonmail.com,09705210663,Nagpur,MH,440001,2021-11-03,Business,1,110.0,5.0
CUST-04581,suresh menon,suresh.menon722@outlook.com,+91-96823 73897,Bengaluru,KA,560001,2023-06-07,Retail,1,,5.0
CUST-03738,joseph pillai,joseph.pillai222@yahoo.in,9691750590,Mysuru,KA,570001,2023-03-25,Enterprise,0,99.0,3.0
CUST-01559,Nithin Das,nithin.das758@gmail.com,09774665680,Guwahati,AS,781001,2023-01-25,Business,1,153.0,3.0
CUST-02125,Aravind Krishnan,aravind.krishnan356@yahoo.in,+91-99307 47123,Gurugram,HR,122001,2023-09-16,Retail,0,14.0,4.4
CUST-03142,Karthik Chowdhury,karthik.chowdhury130@yahoo.in,9712031331,Pune,MH,411001,2023-08-14,Business,1,169.0,4.5
CUST-03216,unknown,vasanth.verma521@gmail.com,91 99343-62571,Madurai,TN,625001,2023-07-04,Enterprise,0,90.0,4.5
CUST-02406,Manish Das,manish.das722@protonmail.com,+91-97908 67882,Visakhapatnam,AP,530001,2022-04-24,Business,0,166.0,2.2
CUST-03096,Pradeep Singh,pradeep.singh173@protonmail.com,09822298245,Chandigarh,CH,160017,2023-05-12,Retail,0,72.0,4.6
CUST-03080,Imran Singh,,91 98253-94097,Hyderabad,TS,500001,2021-11-02,Retail,0,207.0,4.8
CUST-03397,ISHITA SINGH,ishita.singh71@protonmail.com,9972698125,Kochi,KL,682001,2022-03-12,Retail,1,176.0,4.3
CUST-01554,ARJUN MENON,arjun.menon913@yahoo.in,792315989,JAIPUR,RJ,302001,2022-03-05,Business,1,207.0,2.2
CUST-01369,Anitha Pillai,anitha.pillai248@gmail.com,9619437788,Nagpur,MH,440001,2023-05-14,Retail,1,239.0,2.2
CUST-01399,Rahul Iyer,rahul.iyer607yahoo.in,09763987310,Lucknow,UP,226001,2023-09-16,Business,1,141.0,4.7
CUST-02895,Joseph Singh,joseph.singh872@outlook.com,9733897080,Chennai,TN,600001,2021-07-30,Enterprise,0,90.0,3.8
CUST-00118,Ishita Bose,ishita.bose946@protonmail.com,09793020925,Nagpur,MH,440001,2023-07-14,Enterprise,1,145.0,4.0
CUST-00335,  Anitha Patel  ,anitha.patel37@protonmail.com,+91-99790 10926,Bengaluru,KA,560001,2022-08-22,Business,0,217.0,2.4
CUST-00495,Lakshmi Krishnan,lakshmi.krishnan897@protonmail.com,+91-98827 00866,Kolkata,WB,700001,2022-11-06,Retail,1,7.0,3.3
CUST-04156,Ravi Patel,ravi.patel393@gmail.com,9988587014,Hyderabad,TS,500001,2021-10-31,Smb,0,104.0,2.9
CUST-04377,Meera Verma,meera.verma986@yahoo.in,9609175456,Kolkata,WB,700001,2023-03-15,Enterprise,0,74.0,4.6
CUST-01395,priya patel,priya.patel726@outlook.com,9974806171,HYDERABAD,TS,500001,2022-06-18,Business,0,163.0,3.0
CUST-01318,Joseph Singh,joseph.singh978@protonmail.com,958788917,Madurai,TN,625001,2022-05-16,Smb,0,86.0,5.0
CUST-02988,Manish Iyer,manish.iyer855@outlook.com,9735370557,Delhi,DL,110001,2021-11-18,Business,0,56.0,
CUST-03067,Sneha Sharma,sneha.sharma978@outlook.com,91 99739-51006,Chandigarh,CH,160017,2022-08-05,Business,0,235.0,4.3
CUST-03892,Pradeep Chowdhury,pradeep.chowdhury260@yahoo.in,9600742256,Nagpur,MH,440001,2023-12-28,Smb,0,,4.5
CUST-01641,Suresh Nair,suresh.nair547@outlook.com,9776872344,Lucknow,UP,226001,2023-08-23,Smb,0,95.0,2.3
CUST-01584,Arjun Nair,arjun.nair233@gmail.com,+91-96948 31574,Delhi,DL,110001,2023-09-09,Retail,1,185.0,2.2
CUST-00241,Suresh Pillai,suresh.pillai889@protonmail.com,+91-98043 87402,Bengaluru,KA,560001,2022-09-19,Smb,1,11.0,3.6
CUST-04436,Meera Krishnan,meera.krishnan339@gmail.com,9852822505,Pune,MH,411001,2021-08-05,Retail,0,225.0,3.6
CUST-02002,Karthik Das,karthik.das439@protonmail.com,9992700248,Coimbatore,TN,641001,2022-03-20,Smb,1,234.0,2.5
CUST-04322,Ravi Raman,ravi.raman807@gmail.com,9739485913,Ahmedabad,GJ,380001,2022-12-15,Enterprise,1,167.0,2.0
CUST-02011,Deepa Bose,deepa.bose340@yahoo.in,9709939729,Lucknow,UP,226001,2021-09-16,Business,1,226.0,4.5
CUST-00736,  Ravi Verma  ,ravi.verma456@outlook.com,9925494801,Chennai,TN,600001,2022-05-15,Smb,1,231.0,4.2
CUST-04299,Manish Pillai,manish.pillai684@gmail.com,763794970,Pune,MH,411001,2022-09-15,Business,1,100.0,
CUST-01904,Vasanth Iyer,vasanth.iyer956@protonmail.com,,Jaipur,RJ,302001,2022-04-07,Retail,1,162.0,2.3
CUST-03171,Priya Singh,,9909525236,Pune,MH,411001,2022-05-15,Business,1,160.0,3.9
CUST-02566,Ravi Krishnan,ravi.krishnan515@protonmail.com,+91-98023 08946,Gurugram,HR,122001,2023-02-07,Business,0,112.0,4.1
CUST-02965,Revathi Mehta,revathi.mehta538@yahoo.in,+91-96252 17273,Coimbatore,TN,641001,2022-02-25,Smb,0,198.0,2.4
CUST-01639,Ananya Nair,,9635681231,Chennai,TN,600001,2022-05-13,Retail,1,93.0,2.5
CUST-01596,Fatima Nair,fatima.nair627@yahoo.in,9803992771,Kochi,KL,682001,2022-05-28,Enterprise,0,49.0,
CUST-01989,Mānish Bose,manish.bose720@yahoo.in,9692866850,Kolkata,WB,700001,2021-07-19,Enterprise,0,6.0,4.7
CUST-00622,  Meera Mehta  ,meera.mehta32@gmail.com,664576484,Gurugram,HR,122001,2023-09-20,Retail,0,40.0,4.8
CUST-02511,Rahul Mehta,rahul.mehta708@yahoo.in,9735758158,Mysuru,KA,570001,2023-08-20,Smb,1,17.0,2.7
CUST-01494,  Anitha Raman  ,anitha.raman17@yahoo.in,9851117518,Jaipur,RJ,302001,2022-02-27,Retail,1,44.0,2.6
CUST-00305,Ravi Nair,ravi.nair370@protonmail.com,9791117630,Gurugram,HR,122001,2023-09-26,Retail,1,83.0,4.5
CUST-00515,Suresh Reddy,suresh.reddy947@yahoo.in,9608151535,Delhi,DL,110001,2022-04-10,Business,1,169.0,4.0
CUST-00365,KAVYA KRISHNAN,kavya.krishnan985@outlook.com,9689862352,Bhubaneswar,OD,751001,2023-05-28,Enterprise,1,12.0,3.6
CUST-02833,Arjun Das,arjun.das52@yahoo.in,9915855196,Jaipur,RJ,302001,2022-08-27,Business,1,179.0,4.9
CUST-02471,Sneha Chowdhury,sneha.chowdhury223@protonmail.com,9709718356,Bhubaneswar,OD,751001,2022-10-13,Business,1,95.0,4.5
CUST-03157,Joseph Patel,joseph.patel177@gmail.com,9717880474,Jaipur,RJ,302001,2022-05-11,Business,0,203.0,2.5
CUST-01561,sathish iyer,,+91-97333 15480,Bhubaneswar,OD,751001,2022-04-26,Enterprise,1,146.0,3.2
CUST-01037,Kavya Sharma,kavya.sharma313@protonmail.com,+91-99409 61888,Bengaluru,KA,560001,2022-09-19,Business,1,22.0,3.4
CUST-01573,Anitha Menon,anitha.menon724@outlook.com,91 98076-64952,Madurai,TN,625001,2023-01-31,Enterprise,0,14.0,4.4
CUST-00858,Pradeep Pillai,pradeep.pillai162@protonmail.com,9975614239,Madurai,TN,625001,2023-01-10,Smb,0,67.0,4.7
CUST-03322,joseph verma,joseph.verma745@protonmail.com,802104449,Visakhapatnam,AP,530001,2023-05-30,Smb,0,22.0,3.6
CUST-00614,Ravi Raman,ravi.raman281@gmail.com,9973167749,Pune,MH,411001,2023-12-10,Business,0,107.0,5.0
CUST-04083,Nithin Nair,nithin.nair953@gmail.com,9920519667,Nagpur,MH,440001,2022-07-27,Enterprise,1,39.0,2.0
CUST-01183,Divya Pillai,divya.pillai593@yahoo.in,+91-98082 50250,Mysuru,KA,570001,2022-02-02,Enterprise,1,238.0,3.6
CUST-03774,Bhavana Krishnan,bhavana.krishnan154@outlook.com,9942731211,Kolkata,WB,700001,2022-10-07,Business,1,195.0,
CUST-00905,ARAVIND NAIR,aravind.nair310@outlook.com,+91-97634 16348,Madurai,TN,625001,2021-12-07,Retail,1,200.0,4.2
CUST-02067,lakshmi menon,lakshmi.menon649@outlook.com,+91-98000 69492,Kochi,KL,682001,2021-12-07,Retail,1,184.0,2.5
CUST-04384,  Anitha Iyer  ,anitha.iyer745protonmail.com,9922998093,Delhi,DL,110001,2023-02-19,Smb,1,137.0,4.1
CUST-00811,Pradeep Das,pradeep.das626@protonmail.com,09635967987,Delhi,DL,110001,2022-09-09,Enterprise,0,210.0,4.5
CUST-03515,Fatima Menon,fatima.menon655outlook.com,9642986556,Hyderabad,TS,500001,2023-04-06,Business,0,161.0,4.0
CUST-04813,RAHUL REDDY,rahul.reddy338@yahoo.in,9676939394,Visakhapatnam,AP,530001,2022-03-02,Smb,1,86.0,4.8
CUST-01446,RAVI KUMAR,ravi.kumar913@yahoo.in,9930154205,Kolkata,WB,700001,2023-11-29,Business,1,163.0,
CUST-03524,Joseph Singh,joseph.singh525@outlook.com,9997441253,Chandigarh,CH,160017,2023-12-01,Enterprise,0,206.0,3.8
CUST-01129,Anitha Pillai,anitha.pillai98@gmail.com,09661134451,Delhi,DL,110001,2022-12-24,Enterprise,1,30.0,2.5
CUST-04074,arjun kumar,arjun.kumar307@outlook.com,91 98998-27690,Pune,MH,411001,2022-03-01,Smb,0,82.0,4.7
CUST-01222,VASANTH REDDY,vasanth.reddy387@yahoo.in,91 98979-37345,Mumbai,MH,400001,2022-08-03,Business,1,13.0,4.3
CUST-00302,deepa verma,deepa.verma89@yahoo.in,9854805983,Guwahati,AS,781001,2022-11-07,Business,1,45.0,4.1
CUST-00503,deepa menon,deepa.menon746@protonmail.com,9825515930,Coimbatore,TN,641001,2022-04-19,Retail,1,83.0,3.3
CUST-02168,Vasanth Kumar,vasanth.kumar935@yahoo.in,9940676405,Delhi,DL,110001,2022-02-19,Retail,0,94.0,3.2
CUST-00202,Sneha Reddy,sneha.reddy147@yahoo.in,9874236298,Kolkata,WB,700001,2023-12-15,Enterprise,1,176.0,2.4
CUST-02020,Priya Joshi,priya.joshi871@protonmail.com,9606814328,Gurugram,HR,122001,2021-08-31,Retail,0,52.0,3.7
CUST-01243,Neha Chowdhury,neha.chowdhury913@gmail.com,9766432070,Hyderabad,TS,500001,2022-02-15,Retail,1,63.0,
CUST-03362,neha mehta,neha.mehta641@gmail.com,9879487396,Ahmedabad,GJ,380001,2022-10-10,Retail,0,48.0,4.0
CUST-04946,Sathish Reddy,sathish.reddy328@protonmail.com,9806481778,Bhubaneswar,OD,751001,2023-01-09,Enterprise,0,46.0,2.9
CUST-00205,Arjun Chowdhury,arjun.chowdhury437@outlook.com,+91-98878 19121,Ahmedabad,GJ,380001,2022-06-09,Retail,0,144.0,2.8
CUST-02530,Rahul Nair,rahul.nair923@outlook.com,91 99695-17202,Chandigarh,CH,160017,2023-10-02,Business,1,62.0,4.8
CUST-03486,Rahul Krishnan,rahul.krishnan995@gmail.com,91 96694-24489,Pune,MH,411001,2023-11-11,Retail,1,78.0,4.8
CUST-04851,Karthik Raman,karthik.raman981@gmail.com,09940461319,Chandigarh,CH,160017,2021-10-12,Business,0,16.0,2.3
CUST-02796,SATHISH SHARMA,sathish.sharma661@outlook.com,9769031273,Bhubaneswar,OD,751001,2022-10-28,Business,0,222.0,2.8
CUST-02220,Nithin Verma,nithin.verma229@protonmail.com,9808570741,AHMEDABAD,GJ,380001,2022-05-12,Enterprise,0,64.0,3.1
CUST-00772,ARAVIND REDDY,aravind.reddy336@protonmail.com,9918993215,Nagpur,MH,440001,2023-03-11,Retail,1,33.0,2.1
CUST-04027,Imran Krishnan,imran.krishnan239@outlook.com,+91-99834 46560,Visakhapatnam,AP,530001,2023-01-15,Business,0,121.0,3.1
CUST-02477,gopal singh,gopal.singh952@protonmail.com,09781151268,Hyderabad,TS,500001,2022-05-28,Enterprise,1,27.0,2.9
CUST-04208,Lakshmi Pillai,lakshmi.pillai561@outlook.com,9949240186,Gurugram,HR,122001,2023-01-18,Retail,0,69.0,3.4
CUST-02319,Karthik Chowdhury,karthik.chowdhury318@yahoo.in,9802885643,BHUBANESWAR,OD,751001,2022-01-25,Business,1,178.0,3.2
CUST-00967,Revathi Verma,revathi.verma81@protonmail.com,9677391592,Chennai,TN,600001,2023-09-12,Enterprise,1,10.0,3.1
CUST-04840,Anitha Menon,anitha.menon4@yahoo.in,9617576632,Visakhapatnam,AP,530001,2022-12-08,Retail,1,189.0,3.5
CUST-02371,PRADEEP JOSHI,pradeep.joshi812@protonmail.com,767442850,Chandigarh,CH,160017,2022-11-02,Enterprise,0,222.0,4.5
CUST-00264,Pradeep Verma,pradeep.verma163@protonmail.com,9782919520,Visakhapatnam,AP,530001,2023-07-07,Smb,0,190.0,3.7
CUST-04850,Ishita Sharma,ishita.sharma509@yahoo.in,,Kochi,KL,682001,2021-08-22,Business,1,140.0,3.9
CUST-02409,Neha Raman,neha.raman772@protonmail.com,9637932732,Nagpur,MH,440001,2022-05-06,Retail,1,198.0,3.6
CUST-00640,Vasanth Pillai,vasanth.pillai187@protonmail.com,9864015415,Visakhapatnam,AP,530001,2022-04-01,Smb,1,235.0,5.0
CUST-03209,  Suresh Chowdhury  ,suresh.chowdhury721@gmail.com,+91-99979 25969,Ahmedabad,GJ,380001,2022-08-21,Enterprise,0,28.0,2.6
CUST-00875,Manish Joshi,manish.joshi596@outlook.com,9736760197,Coimbatore,TN,641001,2023-06-21,Retail,0,107.0,2.9
CUST-01334,  Imran Mehta  ,imran.mehta352@outlook.com,9667051394,Mumbai,MH,400001,2021-10-16,Business,0,78.0,2.3
CUST-00949,Ishita Singh,ishita.singh441@outlook.com,9783317287,Visakhapatnam,AP,530001,2022-06-12,Business,0,,4.5
CUST-02793,Gopal Krishnan,gopal.krishnan807@gmail.com,+91-99603 83359,Bhubaneswar,OD,751001,2021-12-14,Retail,0,116.0,2.2
CUST-03934,Bhavana Verma,bhavana.verma128@outlook.com,9938351979,Chennai,TN,600001,2022-09-27,Business,0,166.0,3.1
CUST-03037,NITHIN PATEL,nithin.patel933@protonmail.com,+91-98834 23757,Nagpur,MH,440001,2023-01-04,Business,0,102.0,3.9
CUST-01716,Pradeep Menon,pradeep.menon816@outlook.com,91 97287-12761,Nagpur,MH,440001,2022-03-09,Business,0,213.0,
CUST-02554,Divya Mehta,divya.mehta693@outlook.com,9894828030,Hyderabad,TS,500001,2023-11-14,Business,0,64.0,4.6
CUST-01545,Manish Menon,manish.menon596@protonmail.com,9756418071,Lucknow,UP,226001,2022-11-23,Smb,1,64.0,4.6
CUST-00287,Arjun Iyer,arjun.iyer992@protonmail.com,91 96857-70278,Coimbatore,TN,641001,2021-11-15,Retail,0,190.0,3.6
CUST-03321,Rahul Bose,rahul.bose98@yahoo.in,9905314213,LUCKNOW,UP,226001,2022-06-28,Retail,0,75.0,2.6
CUST-01448,Anitha Kumar,anitha.kumar224@yahoo.in,9706153961,Lucknow,UP,226001,2023-10-20,Business,0,156.0,3.9
CUST-04388,Vikram Mehta,vikram.mehta827@protonmail.com,9937096915,Bhubaneswar,OD,751001,2023-03-10,Business,1,199.0,4.4
CUST-04515,Karthik Nair,karthik.nair429@gmail.com,9693016857,Nagpur,MH,440001,2023-10-28,Smb,1,201.0,3.7
CUST-04296,Ishita Das,ishita.das127@protonmail.com,+91-97256 48350,Visakhapatnam,AP,530001,2023-03-21,Smb,1,132.0,4.2
CUST-04732,  Karthik Sharma  ,karthik.sharma90protonmail.com,725709832,Visakhapatnam,AP,530001,2022-12-25,Retail,0,87.0,3.1
CUST-03763,Sneha Singh,sneha.singh517@outlook.com,9691620600,Madurai,TN,625001,2022-10-04,Smb,0,36.0,2.9
CUST-01078,Rahul Krishnan,rahul.krishnan974@gmail.com,9650406494,Coimbatore,TN,641001,2023-10-16,Retail,0,84.0,
CUST-03046,Arjun Kumar,arjun.kumar164@protonmail.com,9836853510,Coimbatore,TN,641001,2021-12-20,Business,1,12.0,3.5
CUST-00677,Manish Menon,manish.menon124@gmail.com,9906242240,Mumbai,MH,400001,2021-10-14,Retail,0,106.0,2.1
CUST-02726,Neha Pillai,neha.pillai172@outlook.com,91 98943-00950,Pune,MH,411001,2021-08-20,Enterprise,0,131.0,3.1
CUST-04731,Vasanth Joshi,vasanth.joshi182@gmail.com,9748159792,Hyderabad,TS,500001,2021-07-28,Business,1,210.0,3.4
CUST-04810,Priya Das,priya.das310@outlook.com,9704732646,Kolkata,WB,700001,2021-10-05,Business,0,4.0,3.5
CUST-04939,Suresh Sharma,SURESH.SHARMA613@PROTONMAIL.COM,9883622232,Mumbai,MH,400001,2022-12-27,Business,1,,
CUST-01264,Suresh Joshi,suresh.joshi314@protonmail.com,+91-96499 34044,Kochi,KL,682001,2022-11-17,Smb,1,141.0,
CUST-00356,Swetha Nair,swetha.nair254@gmail.com,9912657003,Ahmedabad,GJ,380001,2022-10-22,Business,0,115.0,4.0
CUST-02065,Sneha Menon,sneha.menon555@yahoo.in,91 97218-68098,Guwahati,AS,781001,2022-04-05,Smb,0,149.0,
CUST-03630,Imran Bose,imran.bose159@gmail.com,09712231852,Bengaluru,KA,560001,2022-04-09,Retail,0,,
CUST-01913,Deepa Reddy,deepa.reddy651@gmail.com,9785934140,Coimbatore,TN,641001,2022-06-12,Smb,0,132.0,
CUST-01858,Fatima Mehta,fatima.mehta766@outlook.com,+91-97944 58387,Pune,MH,411001,2021-10-11,Enterprise,1,17.0,2.7
CUST-01567,ishita sharma,kavya.verma651@gmail.com,9753027252,Chandigarh,CH,160017,2022-10-14,Business,0,11.0,2.0
CUST-04627,  Aravind Mehta  ,aravind.mehta175@outlook.com,9895688739,Kolkata,WB,700001,2021-07-16,Business,0,217.0,2.7
CUST-03266,Sneha Singh,sneha.singh443@yahoo.in,9683296024,Ahmedabad,GJ,380001,2022-10-03,Business,1,228.0,2.4
CUST-00820,Meera Patel,meera.patel219@protonmail.com,9600227857,Pune,MH,411001,2021-09-03,Retail,1,93.0,2.8
CUST-01479,  Imran Iyer  ,imran.iyer745@gmail.com,09687737866,Jaipur,RJ,302001,2021-12-16,Retail,1,111.0,4.2
CUST-00849,SATHISH SINGH,sathish.singh533@yahoo.in,09740562235,Pune,MH,411001,2021-10-09,Retail,0,17.0,3.1
CUST-01957,Vasanth Reddy,vasanth.reddy718@protonmail.com,9714393529,Chandigarh,CH,160017,2023-09-22,Business,0,44.0,2.2
CUST-04499,Bhavana Raman,bhavana.raman809@protonmail.com,9926309111,Kochi,KL,682001,2022-01-14,Retail,0,2.0,2.9
CUST-04987,Aravind Joshi,aravind.joshi308@outlook.com,09745432568,Nagpur,MH,440001,2023-05-19,Retail,0,115.0,4.1
CUST-00142,Pradeep Raman,pradeep.raman243@outlook.com,9769119120,Jaipur,RJ,302001,2023-07-06,Enterprise,0,40.0,3.3
CUST-01431,Pradeep Mehta,pradeep.mehta944@gmail.com,9675648500,Gurugram,HR,122001,2022-01-12,Business,1,150.0,3.4
CUST-03692,imran reddy,imran.reddy200@protonmail.com,9714800153,Chennai,TN,600001,2022-08-26,Retail,1,71.0,2.2
CUST-03173,Imran Chowdhury,imran.chowdhury196@outlook.com,+91-97233 02659,Kolkata,WB,700001,2022-03-14,Smb,0,167.0,4.4
CUST-01055,sneha reddy,sneha.reddy263@yahoo.in,9807743053,Kochi,KL,682001,2022-05-28,Business,1,49.0,3.1
CUST-04380,Revathi Kumar,revathi.kumar343@yahoo.in,09794401173,Guwahati,AS,781001,2023-08-09,Enterprise,1,100.0,4.2
CUST-00249,Vikram Patel,vikram.patel332@yahoo.in,9666327296,Lucknow,UP,226001,2022-04-14,Business,1,98.0,2.5
CUST-01616,Ananya Iyer,ananya.iyer951@yahoo.in,9947948292,Hyderabad,TS,500001,2021-06-12,Business,1,167.0,3.1
CUST-01057,Swetha Singh,swetha.singh98@outlook.com,09883403521,CHANDIGARH,CH,160017,2023-03-10,Retail,0,239.0,4.5
CUST-02040,  Karthik Reddy  ,karthik.reddy898@yahoo.in,818961326,Delhi,DL,110001,2022-07-19,Business,0,144.0,
CUST-03724,Gopal Bose,gopal.bose519@gmail.com,9744529250,Pune,MH,411001,2023-11-22,Business,0,216.0,4.9
CUST-02296,KAVYA SINGH,kavya.singh478@yahoo.in,9855962111,Ahmedabad,GJ,380001,2023-08-21,Smb,1,158.0,2.6
CUST-01586,RAVI RAMAN,ravi.raman922@outlook.com,9741490686,Lucknow,UP,226001,2021-11-27,Business,1,29.0,3.0
CUST-01063,,anitha.patel301@outlook.com,unknown,Chandigarh,CH,160017,2023-08-22,Business,0,237.0,2.0
CUST-03388,Ravi Nair,ravi.nair134@yahoo.in,9999981961,Visakhapatnam,AP,530001,2022-05-28,Enterprise,1,3.0,4.4
CUST-00298,meera menon,meera.menon589@yahoo.in,9798466221,Nagpur,MH,440001,2023-07-18,Business,0,236.0,4.8
CUST-02534,Ishita Kumar,ishita.kumar953@gmail.com,+91-98509 17889,Coimbatore,TN,641001,2023-01-26,Enterprise,0,152.0,2.5
CUST-04900,ANANYA MEHTA,ananya.mehta458@protonmail.com,9942597306,Bhubaneswar,OD,751001,2021-11-26,Business,1,,2.3
CUST-01591,Neha Mehta,neha.mehta121@gmail.com,+91-97182 61881,Chennai,TN,600001,2023-10-24,Business,1,13.0,5.0
CUST-03770,Imran Raman,imran.raman32@gmail.com,+91-98909 23643,Kolkata,WB,700001,2023-11-20,Smb,1,31.0,3.7
CUST-03893,Ravi Das,ravi.das364@gmail.com,9879331357,Guwahati,AS,781001,2023-06-25,Retail,1,120.0,4.4
CUST-03229,Rahul Joshi,rahul.joshi779@outlook.com,9792934280,Jaipur,RJ,302001,2023-01-02,Enterprise,1,87.0,3.8
CUST-01807,Pradeep Bose,pradeep.bose153@outlook.com,9944712208,Bhubaneswar,OD,751001,2023-03-24,Smb,0,131.0,3.4
CUST-03648,Aravind Verma,aravind.verma136@protonmail.com,91 99652-30096,Hyderabad,TS,500001,2022-08-17,Business,0,114.0,2.2
CUST-02830,Nithin Das,nithin.das363@outlook.com,09987471231,Lucknow,UP,226001,2022-05-01,Smb,1,136.0,4.8
CUST-00957,joseph joshi,joseph.joshi223@outlook.com,+91-99218 99130,Pune,MH,411001,2022-06-22,Business,0,94.0,2.9
CUST-01709,Vasanth Sharma,vasanth.sharma172@protonmail.com,9837667861,Mysuru,KA,570001,2023-08-20,Business,0,24.0,2.2
CUST-00994,Deepa Iyer,vikram.joshi662@protonmail.com,9656351196,Jaipur,RJ,302001,2021-11-22,Smb,1,67.0,3.9
CUST-00452,Neha Menon,neha.menon765@yahoo.in,09973544437,Jaipur,RJ,302001,2022-05-15,Business,0,223.0,2.4
CUST-04556,Bhavana Krishnan,bhavana.krishnan405@protonmail.com,09970667396,Delhi,DL,110001,2023-03-25,Smb,1,218.0,2.9
CUST-04465,Deepa Pillai,deepa.pillai128@outlook.com,+91-97945 80004,Bhubaneswar,OD,751001,2023-05-04,Business,0,13.0,3.1
CUST-04952,Ananya Verma,ananya.verma385@gmail.com,9932482607,Visakhapatnam,AP,530001,2021-05-08,Smb,0,131.0,3.1
CUST-04893,Deepā Iyer,deepa.iyer999@yahoo.in,9949001547,Gurugram,HR,122001,2023-09-16,Smb,1,123.0,3.9
CUST-00481,Imran Verma,imran.verma742@outlook.com,9888599450,Coimbatore,TN,641001,2023-01-28,Enterprise,1,70.0,4.8
CUST-04439,Karthik Kumar,karthik.kumar111@yahoo.in,9745355848,GURUGRAM,HR,122001,2022-06-01,Smb,1,,3.5
CUST-04645,Anitha Mehta,anitha.mehta934@outlook.com,9730593096,Nagpur,MH,440001,2022-01-18,Retail,1,87.0,2.4
CUST-02784,gopal kumar,gopal.kumar27@yahoo.in,91 96963-87870,Gurugram,HR,122001,2022-01-15,Enterprise,1,102.0,2.5
CUST-00526,Nithin Patel,nithin.patel901@outlook.com,9752895983,Gurugram,HR,122001,2022-04-20,Retail,1,37.0,3.7
CUST-04753,suresh das,suresh.das994@outlook.com,09715294361,GUWAHATI,AS,781001,2021-03-10,Business,1,58.0,2.4
CUST-01624,Swetha Kumar,swetha.kumar561@outlook.com,9963735540,Coimbatore,TN,641001,2023-10-03,Retail,1,133.0,3.3
CUST-00474,Anitha Iyer,,9998195453,Bengaluru,KA,560001,2022-12-23,Retail,1,84.0,2.3
CUST-02435,Swetha Menon,swetha.menon283@outlook.com,9836655567,Guwahati,AS,781001,2023-05-05,Smb,1,142.0,3.1
CUST-03830,gopal kumar,gopal.kumar359@yahoo.in,968248325,Gurugram,HR,122001,2021-07-31,Business,0,24.0,3.8
CUST-03395,Kavya Mehta,kavya.mehta514@gmail.com,09892641246,Mysuru,KA,570001,2023-04-02,Smb,0,182.0,4.7
CUST-02656,Joseph Iyer,joseph.iyer962@gmail.com,9963210632,LUCKNOW,UP,226001,2022-04-12,Retail,1,68.0,4.3
CUST-03527,Sathish Singh,sathish.singh935@yahoo.in,9891889105,Jaipur,RJ,302001,2021-09-22,Enterprise,1,132.0,3.2
CUST-01081,Vasanth Iyer,vasanth.iyer618@outlook.com,9729866660,Mysuru,KA,570001,2022-05-31,Business,1,11.0,3.7
CUST-04826,Meera Patel,meera.patel607@protonmail.com,09828511911,Pune,MH,411001,2022-08-22,Business,0,62.0,2.5
CUST-00725,Vikram Iyer,vikram.iyer110@outlook.com,9677515409,Bengaluru,KA,560001,2022-10-03,Retail,1,53.0,2.6
CUST-00351,Swetha Bose,swetha.bose88@outlook.com,+91-98228 06048,Pune,MH,411001,2022-11-03,Business,1,204.0,4.8
CUST-00766,Fatima Reddy,fatima.reddy411@gmail.com,+91-96424 93777,Mumbai,MH,400001,2023-12-31,Retail,0,193.0,4.5
CUST-04137,Gopal Chowdhury,gopal.chowdhury619@outlook.com,09961012051,Kolkata,WB,700001,2021-10-28,Business,1,218.0,2.3
CUST-00189,Revathi Menon,-,+91-96608 67219,Nagpur,MH,440001,2022-10-01,Retail,1,230.0,3.0
CUST-04313,Ananya Bose,ananya.bose443@protonmail.com,+91-96542 98475,Nagpur,MH,440001,2021-09-21,Enterprise,0,21.0,4.2
CUST-02940,Nithin Menon,nithin.menon457@protonmail.com,9651789533,Guwahati,AS,781001,2022-09-30,Retail,1,46.0,2.3
CUST-02364,Arjun Nair,arjun.nair802@protonmail.com,+91-96383 04172,Jaipur,RJ,302001,2023-12-25,Retail,1,,4.3
CUST-03705,ANANYA PATEL,ananya.patel53@gmail.com,+91-98383 58052,Coimbatore,TN,641001,2021-07-21,Smb,0,200.0,2.0
CUST-03937,Lakshmi Reddy,lakshmi.reddy912@gmail.com,9620709978,Nagpur,MH,440001,2023-06-07,Enterprise,0,177.0,4.3
CUST-01839,ANANYA MEHTA,ananya.mehta647@outlook.com,9859709943,Delhi,DL,110001,2021-12-24,Enterprise,1,109.0,4.0
CUST-04725,Bhavana Reddy,bhavana.reddy160@gmail.com,9862725587,Pune,MH,411001,2022-12-27,Retail,1,231.0,3.9
CUST-03097,Rahul Chowdhury,rahul.chowdhury588@yahoo.in,9852860325,Lucknow,UP,226001,2023-09-02,Retail,1,21.0,2.3
CUST-00418,Neha Reddy,neha.reddy998@protonmail.com,9628170755,Guwahati,AS,781001,2023-11-27,Retail,1,126.0,3.8
CUST-00800,Deepa Kumar,deepa.kumar683@outlook.com,91 99728-89372,Chennai,TN,600001,2022-12-29,Business,1,94.0,4.3
CUST-03191,Priya Krishnan,priya.krishnan622@protonmail.com,9846261956,Kochi,KL,682001,2023-10-04,Business,0,134.0,2.3
CUST-03543,KARTHIK NAIR,karthik.nair552@outlook.com,9633366025,Hyderabad,TS,500001,2021-10-14,Enterprise,0,183.0,3.4
CUST-04114,Bhavana Nair,bhavana.nair541@protonmail.com,+91-99435 18059,Nagpur,MH,440001,2021-08-10,Enterprise,1,140.0,3.5
CUST-01741,Sathish Krishnan,sathish.krishnan289@gmail.com,775659588,Hyderabad,TS,500001,2022-12-27,Enterprise,0,117.0,2.3
CUST-03344,  Suresh Verma  ,suresh.verma433@yahoo.in,+91-99681 30321,Chennai,TN,600001,2022-09-11,Retail,0,35.0,3.0
CUST-02400,Imran Krishnan,imran.krishnan439@outlook.com,+91-97358 00296,Bengaluru,KA,560001,2022-02-24,Retail,1,229.0,3.0
CUST-01753,swetha chowdhury,swetha.chowdhury806@outlook.com,9643413310,Guwahati,AS,781001,2022-01-27,Smb,0,85.0,5.0
CUST-02731,KAVYA IYER,kavya.iyer464@outlook.com,91 96468-81491,Bengaluru,KA,560001,2023-11-24,Retail,1,161.0,4.0
CUST-02122,  Anitha Krishnan  ,anitha.krishnan516@outlook.com,09886186358,Bengaluru,KA,560001,2022-03-18,Business,0,139.0,3.4
CUST-01759,vikram joshi,vikram.joshi336@outlook.com,91 99025-55464,Chennai,TN,600001,2021-10-25,Retail,1,190.0,3.4
CUST-03416,Lakshmi Das,lakshmi.das781@yahoo.in,9948321527,Pune,MH,411001,2022-01-07,Business,0,127.0,3.8
CUST-04774,  Ravi Mehta  ,ravi.mehta274@gmail.com,91 99765-73901,Bhubaneswar,OD,751001,2023-07-17,Smb,1,23.0,2.1
CUST-02426,Karthik Singh,karthik.singh511@yahoo.in,+91-96583 45282,Delhi,DL,110001,2023-05-29,Enterprise,1,6.0,4.8
CUST-04712,Aravind Das,aravind.das727@outlook.com,91 98090-88595,Bhubaneswar,OD,751001,2023-01-26,Business,1,214.0,3.6
CUST-04480,Ravi Bose,ravi.bose252@gmail.com,91 98184-59771,Bengaluru,KA,560001,2023-03-21,Retail,1,127.0,2.6
CUST-03855,Deepa Pillai,deepa.pillai167@yahoo.in,9832609160,Hyderabad,TS,500001,2022-09-23,Business,1,209.0,2.6
CUST-02690,Priya Pillai,priya.pillai468@outlook.com,9683898029,Madurai,TN,625001,2023-07-13,Retail,0,193.0,
CUST-03999,Joseph Joshi,joseph.joshi350@protonmail.com,9897543747,Mysuru,KA,570001,2022-11-14,Business,0,193.0,2.4
CUST-02664,  Manish Das  ,manish.das135@yahoo.in,9855225401,Hyderabad,TS,500001,2023-07-12,Smb,1,62.0,2.4
CUST-04469,Joseph Patel,joseph.patel278@protonmail.com,+91-96458 58458,Hyderabad,TS,500001,2022-08-09,Business,0,110.0,2.8
CUST-04072,ARAVIND SHARMA,aravind.sharma217@outlook.com,9726375731,Chandigarh,CH,160017,2021-09-10,Business,0,22.0,
CUST-02570,Anitha Krishnan,anitha.krishnan71@gmail.com,91 97011-59019,Madurai,TN,625001,2021-09-06,Business,0,1.0,4.9
CUST-04713,Ananya Kumar,ananya.kumar498@gmail.com,9682755974,Nagpur,MH,440001,2023-01-06,Business,1,28.0,
CUST-02697,Lakshmi Verma,lakshmi.verma694@outlook.com,+91-99782 39029,Mysuru,KA,570001,2023-03-16,Business,0,5.0,4.6
CUST-04591,Meera Kumar,meera.kumar126@yahoo.in,9726451365,Chennai,TN,600001,2021-07-24,Business,0,233.0,4.0
CUST-02909,Fatima Raman,fatima.raman529yahoo.in,91 98151-06760,Mysuru,KA,570001,2022-05-18,Business,0,39.0,2.4
CUST-01915,Vasanth Patel,vasanth.patel775@protonmail.com,91 96938-78938,Bengaluru,KA,560001,2022-01-05,Retail,1,52.0,3.5
CUST-03583,Divya Raman,divya.raman949@protonmail.com,9797868779,Mumbai,MH,400001,2023-09-16,Business,1,94.0,3.5
CUST-02521,  Deepa Raman  ,deepa.raman465@outlook.com,612869116,Delhi,DL,110001,2022-03-02,Retail,0,187.0,2.5
CUST-00086,Lakshmi Sharma,lakshmi.sharma564@outlook.com,91 99346-00275,Bengaluru,KA,560001,2022-12-22,Retail,0,131.0,
CUST-01816,lakshmi sharma,lakshmi.sharma951@protonmail.com,91 97707-05476,CHANDIGARH,CH,160017,2023-06-23,Smb,0,17.0,3.4
CUST-04366,sathish verma,sathish.verma848@outlook.com,9816154316,Ahmedabad,GJ,380001,2023-11-10,Business,1,196.0,4.3
CUST-03650,Ravi Raman,ravi.raman995@outlook.com,9727708072,Nagpur,MH,440001,2022-06-12,Business,1,214.0,2.7
CUST-04475,swetha verma,swetha.verma966@protonmail.com,+91-99405 74156,Madurai,TN,625001,2022-08-21,Smb,0,44.0,2.7
CUST-00327,Revathi Joshi,revathi.joshi309@gmail.com,9726411870,Hyderabad,TS,500001,2023-11-27,Retail,0,121.0,4.8
CUST-03326,Revathi Patel,fatima.sharma211@yahoo.in,9607008231,Guwahati,AS,781001,2023-02-28,Enterprise,1,64.0,4.0
CUST-02362,Aravind Mehta,aravind.mehta73@gmail.com,9701789789,Pune,MH,411001,2021-08-30,Enterprise,1,142.0,4.4
CUST-02418,  Pradeep Nair  ,pradeep.nair954@protonmail.com,91 96137-62030,Mumbai,MH,400001,2021-10-18,Business,0,181.0,3.2
CUST-03147,Kavya Reddy,kavya.reddy321@protonmail.com,9758076460,Lucknow,UP,226001,2022-12-01,Retail,0,238.0,2.5
CUST-01784,Arjun Joshi,arjun.joshi846@outlook.com,+91-99583 56130,Visakhapatnam,AP,530001,2022-06-01,Smb,1,59.0,2.2
CUST-03879,Priya Reddy,priya.reddy379@protonmail.com,91 99812-01076,Nagpur,MH,440001,2022-12-28,Business,0,152.0,2.6
CUST-03268,Sathish Pillai,sathish.pillai361@yahoo.in,91 97046-72329,Delhi,DL,110001,2023-09-23,Business,0,10.0,3.5
CUST-04764,Nithin Chowdhury,nithin.chowdhury463@outlook.com,+91-99045 23372,CHANDIGARH,CH,160017,2023-10-22,Business,1,130.0,3.1
CUST-00141,Priya Patel,priya.patel504@gmail.com,09676436180,Madurai,TN,625001,2022-09-18,Retail,0,25.0,3.9
CUST-01284,Meera Kumar,meera.kumar224@yahoo.in,9712564963,Guwahati,AS,781001,2022-08-22,Smb,0,,2.8
CUST-03911,Meera Singh,meera.singh461@outlook.com,+91-97858 24940,Guwahati,AS,781001,2023-04-15,Retail,0,36.0,2.8
CUST-00083,Lakshmi Bose,lakshmi.bose416@outlook.com,9969696596,Lucknow,UP,226001,2023-02-08,Business,1,34.0,3.5
CUST-04224,Lakshmi Singh,lakshmi.singh996@outlook.com,09937046910,Mysuru,KA,570001,2022-05-31,Business,0,,3.9
CUST-02692,Priya Nair,priya.nair878@outlook.com,9721472722,Bhubaneswar,OD,751001,2021-11-20,Retail,0,90.0,2.3
CUST-00085,Rahul Joshi,,91 98656-94302,Bhubaneswar,OD,751001,2021-11-09,Business,1,103.0,3.7
CUST-02032,Revathi Bose,revathi.bose545@outlook.com,9964531721,Guwahati,AS,781001,2022-01-20,Business,1,202.0,2.7
CUST-00062,Fatima Pillai,fatima.pillai835@yahoo.in,9678621642,Hyderabad,TS,500001,2022-08-13,Enterprise,0,115.0,4.6
CUST-00908,Lakshmi Menon,lakshmi.menon426@protonmail.com,890056470,Coimbatore,TN,641001,2023-08-09,Business,1,193.0,2.2
CUST-04057,SNEHA RAMAN,sneha.raman280@outlook.com,9757570590,Guwahati,AS,781001,2023-01-11,Business,1,82.0,2.6
CUST-00458,Vikram Reddy,vikram.reddy747@outlook.com,9670436162,Ahmedabad,GJ,380001,2023-01-05,Enterprise,0,20.0,3.7
CUST-04419,  Sathish Verma  ,sathish.verma160@gmail.com,9848491026,Bengaluru,KA,560001,2022-02-13,Enterprise,0,228.0,4.4
CUST-02342,ARJUN BOSE,arjun.bose877@protonmail.com,91 97260-25536,Chandigarh,CH,160017,2022-12-15,Retail,1,136.0,3.6
CUST-04378,Aravind Chowdhury,aravind.chowdhury488@gmail.com,09637863860,Guwahati,AS,781001,2022-06-14,Retail,1,181.0,2.8
CUST-02622,Bhavana Das,bhavana.das465@outlook.com,9965301336,Madurai,TN,625001,2022-06-22,Retail,1,41.0,2.6
CUST-00902,Sathish Das,sathish.das264@gmail.com,91 97639-34885,Jaipur,RJ,302001,2021-08-05,Business,0,116.0,3.7
CUST-02740,Pradeep Reddy,pradeep.reddy551@protonmail.com,09984641934,Bhubaneswar,OD,751001,2022-09-29,Enterprise,0,190.0,3.4
CUST-02056,Gopal Reddy,gopal.reddy930@outlook.com,91 99937-24247,Kochi,KL,682001,2022-03-17,Retail,1,37.0,2.8
CUST-04155,Aravind Iyer,aravind.iyer614@protonmail.com,9957697061,Visakhapatnam,AP,530001,2023-11-29,Business,1,192.0,2.6
CUST-04364,Karthik Sharma,karthik.sharma100@outlook.com,09978666381,Madurai,TN,625001,2021-10-14,Business,1,43.0,4.3
CUST-03841,Ishita Singh,ishita.singh52@yahoo.in,91 98750-02016,Jaipur,RJ,302001,2022-08-31,Enterprise,0,232.0,4.7
CUST-02224,Deepa Raman,deepa.raman205@outlook.com,+91-96934 68648,Gurugram,HR,122001,2022-08-27,Retail,0,228.0,4.5
CUST-04015,Neha Das,neha.das561@gmail.com,91 96633-54291,Kolkata,WB,700001,2023-06-23,Business,0,205.0,
CUST-02279,Vāsānth Singh,vasanth.singh160@gmail.com,+91-97192 47559,Madurai,TN,625001,2023-07-04,Enterprise,0,149.0,2.4
CUST-00660,Fatima Sharma,fatima.sharma921@yahoo.in,+91-96817 41739,Chandigarh,CH,160017,2022-04-18,Business,0,84.0,3.2
CUST-04287,Ananya Patel,ananya.patel97@protonmail.com,09948050918,Madurai,TN,625001,2023-11-15,Business,0,129.0,2.0
CUST-02512,PRADEEP PATEL,pradeep.patel8@gmail.com,9825683927,Gurugram,HR,122001,2023-02-23,Business,1,86.0,2.4
CUST-04600,Sathish Joshi,sathish.joshi495@yahoo.in,+91-97276 63250,Madurai,TN,625001,2022-06-26,Business,1,9.0,3.0
CUST-01403,Aravind Menon,aravind.menon714@yahoo.in,9905196558,Chennai,TN,600001,2021-10-21,Smb,1,201.0,3.4
CUST-01848,Aravind Chowdhury,aravind.chowdhury452@protonmail.com,9632850684,Gurugram,HR,122001,2022-01-20,Enterprise,1,156.0,4.8
CUST-00528,Karthik Singh,karthik.singh363@gmail.com,09719422517,Kolkata,WB,700001,2023-10-17,Smb,0,229.0,3.3
CUST-01062,Sneha Patel,sneha.patel994@outlook.com,9824972383,Visakhapatnam,AP,530001,2021-11-29,Enterprise,0,152.0,3.5
CUST-04216,Priya Chowdhury,priya.chowdhury225@yahoo.in,9971236889,Hyderabad,TS,500001,2022-01-05,Retail,0,89.0,2.4
CUST-03247,Ananya Das,ananya.das757@outlook.com,9928265946,Madurai,TN,625001,2022-03-21,Retail,0,158.0,3.9
CUST-02271,Manish Menon,manish.menon152@yahoo.in,9780080195,Gurugram,HR,122001,2023-03-21,Smb,0,103.0,3.2
CUST-01193,Deepa Bose,deepa.bose41@gmail.com,91 99944-05473,Mysuru,KA,570001,2021-10-14,Business,0,151.0,4.3
CUST-02385,Priya Bose,priya.bose571@yahoo.in,757831669,Hyderabad,TS,500001,2022-08-11,Business,0,118.0,2.7
CUST-01967,Revathi Bose,revathi.bose439@protonmail.com,91 96495-74492,Hyderabad,TS,500001,2023-10-04,Retail,0,204.0,3.1
CUST-00582,Manish Das,manish.das889@yahoo.in,91 99639-13948,Gurugram,HR,122001,2022-07-28,Business,1,46.0,3.3
CUST-04751,Divya Chowdhury,divya.chowdhury121@outlook.com,932074492,Guwahati,AS,781001,2021-08-14,Business,0,177.0,
CUST-04024,Rahul Mehta,rahul.mehta561@outlook.com,9782161902,Delhi,DL,110001,2022-05-03,Retail,1,169.0,3.6
CUST-01511,Vasanth Singh,vasanth.singh417@gmail.com,  ,Chandigarh,CH,160017,2022-10-22,Business,1,72.0,3.1
CUST-00656,Revathi Singh,revathi.singh622@protonmail.com,9914864232,Chennai,TN,600001,2021-12-24,Enterprise,1,161.0,3.0
CUST-03237,Fatima Menon,fatima.menon711@protonmail.com,91 96065-42746,Bhubaneswar,OD,751001,2021-10-09,Enterprise,1,52.0,4.6
CUST-01578,Manish Sharma,manish.sharma40@outlook.com,9923807714,Delhi,DL,110001,2021-09-01,Business,0,154.0,4.5
CUST-01670,Ananya Das,ananya.das504@protonmail.com,9814479150,Bhubaneswar,OD,751001,2022-06-04,Retail,1,129.0,4.8
CUST-03894,Priya Sharma,lakshmi.singh800@outlook.com,9787890517,Mumbai,MH,400001,2022-06-02,Business,1,134.0,3.4
CUST-04113,  Neha Joshi  ,neha.joshi945@gmail.com,+91-97805 99084,Jaipur,RJ,302001,2022-12-18,Retail,1,66.0,5.0
CUST-03400,RAVI RAMAN,ravi.raman459@gmail.com,9830290630,Guwahati,AS,781001,2021-11-19,Business,0,160.0,4.7
CUST-01219,Sathish Pillai,sathish.pillai908@gmail.com,91 96841-72309,Visakhapatnam,AP,530001,2022-01-31,Retail,0,155.0,4.7
CUST-02564,Deepa Patel,deepa.patel337@protonmail.com,9623888750,Visakhapatnam,AP,530001,2022-01-16,Enterprise,1,222.0,2.7
CUST-01609,Aravind Sharma,aravind.sharma371@protonmail.com,9911965434,BENGALURU,KA,560001,2023-07-18,Retail,0,116.0,
CUST-00675,  Nithin Sharma  ,nithin.sharma6@protonmail.com,9951044606,Jaipur,RJ,302001,2023-05-11,Business,0,26.0,2.4
CUST-02765,Swetha Kumar,swetha.kumar119outlook.com,+91-97848 63307,Visakhapatnam,AP,530001,2023-04-17,Business,1,60.0,3.0
CUST-01252,Rahul Kumar,rahul.kumar537@outlook.com,9984305210,Lucknow,UP,226001,2023-12-31,Business,0,139.0,
CUST-02601,ANITHA MEHTA,anitha.mehta35@gmail.com,+91-97749 51123,Nagpur,MH,440001,2023-06-19,Business,0,151.0,2.5
CUST-04560,FATIMA KRISHNAN,fatima.krishnan462@yahoo.in,09886622239,Delhi,DL,110001,2023-12-12,Smb,0,,3.8
CUST-01955,Vikram Menon,vikram.menon185@protonmail.com,9884063185,GURUGRAM,HR,122001,2022-12-18,Retail,0,8.0,4.2
CUST-01407,Kavya Patel,kavya.patel196@yahoo.in,9868998813,Chennai,TN,600001,2022-06-12,Smb,1,187.0,2.3
CUST-02333,Neha Singh,neha.singh823@gmail.com,  ,Kolkata,WB,700001,2023-05-03,Retail,1,196.0,2.1
CUST-03673,Aravind Verma,aravind.verma15@gmail.com,91 97136-41519,Chennai,TN,600001,2022-01-13,Enterprise,0,199.0,3.7
CUST-03422,Neha Mehta,neha.mehta363@protonmail.com,09914643841,Pune,MH,411001,2022-01-13,Business,0,,2.2
CUST-00363,lakshmi joshi,lakshmi.joshi915@outlook.com,9664943269,Pune,MH,411001,2023-09-05,Retail,0,119.0,
CUST-01145,Bhavana Mehta,bhavana.mehta881@protonmail.com,9638519197,Madurai,TN,625001,2022-08-12,Enterprise,1,44.0,2.5
CUST-01460,Deepa Raman,deepa.raman774@protonmail.com,9616630614,Visakhapatnam,AP,530001,2023-08-12,Business,0,156.0,4.7
CUST-01382,Neha Menon,neha.menon935@gmail.com,+91-98482 71358,Chennai,TN,600001,2021-10-12,Smb,1,88.0,4.7
CUST-02050,Anitha Krishnan,unknown,+91-97515 79142,Visakhapatnam,AP,530001,2023-06-01,Retail,0,93.0,4.9
CUST-01135,Vasanth Verma,vasanth.verma552@yahoo.in,91 98525-38126,Pune,MH,411001,2023-09-24,Retail,1,22.0,4.7
CUST-04938,NEHA SHARMA,neha.sharma695@protonmail.com,91 98876-64786,Guwahati,AS,781001,2021-08-27,Business,1,185.0,3.6
CUST-00782,Ravi Joshi,,09924845431,Mysuru,KA,570001,2021-08-06,Business,1,228.0,3.0
CUST-04188,Karthik Sharma,karthik.sharma682@yahoo.in,9837067194,Coimbatore,TN,641001,2021-10-28,Retail,0,181.0,2.5
CUST-00328,Neha Iyer,neha.iyer519@gmail.com,,Nagpur,MH,440001,2022-10-03,Retail,1,103.0,2.9
CUST-00953,Vasanth Patel,vasanth.patel445@gmail.com,9910377021,Bhubaneswar,OD,751001,2021-12-09,Smb,0,169.0,4.9
CUST-02284,Swetha Chowdhury,swetha.chowdhury596@protonmail.com,9987379274,Kolkata,WB,700001,2023-02-22,Retail,0,132.0,4.7
CUST-00912,Revathi Menon,revathi.menon265@protonmail.com,9615592549,Mysuru,KA,570001,2021-09-24,Retail,0,117.0,4.9
CUST-00128,Karthik Chowdhury,karthik.chowdhury693@protonmail.com,91 99100-02970,Kochi,KL,682001,2021-11-24,Smb,0,117.0,
CUST-00044,Gopal Iyer,ravi.joshi705@yahoo.in,+91-97575 00627,Kochi,KL,682001,2023-10-12,Business,0,175.0,4.7
CUST-03989,REVATHI KUMAR,revathi.kumar614@yahoo.in,9889020740,Chandigarh,CH,160017,2023-12-09,Business,1,220.0,2.8
CUST-04433,Manish Bose,manish.bose307@yahoo.in,9720692445,Mumbai,MH,400001,2021-12-04,Retail,0,25.0,2.2
CUST-03315,joseph menon,joseph.menon945@yahoo.in,91 98040-18136,Nagpur,MH,440001,2022-01-20,Smb,0,120.0,4.2
CUST-03748,Rahul Chowdhury,rahul.chowdhury957outlook.com,09831250776,Kochi,KL,682001,2023-12-19,Retail,1,101.0,2.6
CUST-04859,Sneha Reddy,sneha.reddy660@gmail.com,+91-97744 38480,Coimbatore,TN,641001,2023-12-05,Smb,1,27.0,3.3
CUST-04943,  Manish Nair  ,manish.nair554gmail.com,9717922526,Bhubaneswar,OD,751001,2023-07-08,Business,1,122.0,3.6
CUST-03063,Lakshmi Das,LAKSHMI.DAS787@YAHOO.IN,9759259240,Lucknow,UP,226001,2022-08-31,Enterprise,1,210.0,4.1
CUST-02064,Karthik Kumar,karthik.kumar689@protonmail.com,9903020223,BENGALURU,KA,560001,2022-07-07,Enterprise,1,218.0,2.6
CUST-03982,Manish Patel,manish.patel755@protonmail.com,9865623893,Coimbatore,TN,641001,2022-05-09,Business,1,90.0,3.1
CUST-00471,Nithin Reddy,nithin.reddy96@gmail.com,09937634963,Mysuru,KA,570001,2021-12-01,Retail,0,163.0,3.1
CUST-01717,GOPAL REDDY,gopal.reddy435@yahoo.in,9631729419,Mysuru,KA,570001,2023-07-03,Retail,1,44.0,3.6
CUST-03380,Manish Nair,manish.nair433gmail.com,91 99646-84864,Bhubaneswar,OD,751001,2022-04-12,Smb,1,177.0,3.8
CUST-00453,DIVYA SHARMA,divya.sharma427@yahoo.in,09852203022,Guwahati,AS,781001,2022-01-19,Business,0,40.0,3.9
CUST-04244,Ishita Bose,ishita.bose895@protonmail.com,834978732,Kochi,KL,682001,2021-09-20,Retail,1,206.0,
CUST-00854,Bhavana Nair,bhavana.nair883@outlook.com,9833765258,Kochi,KL,682001,2023-02-28,Enterprise,0,141.0,2.5
CUST-02747,RAHUL SHARMA,rahul.sharma757@protonmail.com,unknown,Pune,MH,411001,2023-02-26,Business,1,83.0,3.2
CUST-04860,Swetha Nair,swetha.nair26@gmail.com,91 97449-38487,Bhubaneswar,OD,751001,2023-05-17,Retail,0,82.0,3.8
CUST-02183,Gopal Iyer,gopal.iyer64@outlook.com,9820374601,Gurugram,HR,122001,2022-07-30,Smb,0,212.0,2.1
CUST-00063,Ishita Chowdhury,ishita.chowdhury155@protonmail.com,91 98374-08645,Delhi,DL,110001,2022-12-19,Retail,0,158.0,3.2
CUST-00058,Rahul Nair,rahul.nair94@yahoo.in,9843549228,Ahmedabad,GJ,380001,2023-07-25,Enterprise,1,173.0,3.3
CUST-02003,Deepa Mehta,deepa.mehta106@gmail.com,9937057776,Madurai,TN,625001,2022-04-12,Retail,0,146.0,3.1
CUST-03747,Neha Menon,neha.menon142@outlook.com,9736404597,Jaipur,RJ,302001,2022-04-19,Retail,1,141.0,4.8
CUST-00595,Neha Joshi,neha.joshi370@outlook.com,9833081905,Gurugram,HR,122001,2023-12-15,Smb,0,12.0,2.7
CUST-00598,Rahul Verma,,+91-98881 53221,Chandigarh,CH,160017,2022-02-27,Business,0,172.0,3.4
CUST-00959,Ishita Verma,ishita.verma420@gmail.com,9733881651,Guwahati,AS,781001,2023-10-14,Retail,0,179.0,4.8
CUST-00850,vikram raman,vikram.raman999@gmail.com,9849012462,Bengaluru,KA,560001,2023-11-17,Business,0,210.0,3.3
CUST-04889,Fatima Bose,fatima.bose648@yahoo.in,958377063,Delhi,DL,110001,2022-04-15,Enterprise,0,19.0,2.8
CUST-00876,  Meera Krishnan  ,meera.krishnan395@yahoo.in,9663066843,Mysuru,KA,570001,2022-03-01,Smb,0,69.0,2.3
CUST-03179,Rahul Reddy,rahul.reddy635@gmail.com,9785272306,Chandigarh,CH,160017,2021-12-24,Enterprise,1,210.0,3.6
CUST-03891,Lakshmi Nair,lakshmi.nair361@protonmail.com,9823990571,Chennai,TN,600001,2023-12-02,Business,0,155.0,3.5
CUST-03093,Nithin Singh,nithin.singh959@outlook.com,+91-97774 81973,Madurai,TN,625001,2022-10-04,Business,0,110.0,3.3
CUST-02188,Anitha Raman,anitha.raman705@gmail.com,9757538499,HYDERABAD,TS,500001,2023-10-03,Business,0,34.0,3.4
CUST-04360,Ishita Chowdhury,ishita.chowdhury749@outlook.com,91 97960-01708,Mysuru,KA,570001,2023-09-17,Business,0,208.0,3.1
CUST-03384,unknown,pradeep.kumar690@protonmail.com,9741543292,Pune,MH,411001,2022-10-02,Smb,1,4.0,4.5
CUST-02706,Anitha Verma,anitha.verma522@yahoo.in,9831448313,Gurugram,HR,122001,2023-10-23,Smb,1,146.0,3.9
CUST-04029,Ananya Verma,ananya.verma354@yahoo.in,9868260513,Bhubaneswar,OD,751001,2023-02-12,Smb,1,38.0,3.8
CUST-03961,,,91 98808-11999,Jaipur,RJ,302001,2023-08-06,Business,0,165.0,3.4
CUST-02137,Meera Nair,meera.nair411@outlook.com,+91-96616 45628,Hyderabad,TS,500001,2023-08-06,Enterprise,1,84.0,3.4
CUST-04907,Manish Sharma,manish.sharma396@gmail.com,09812988067,Coimbatore,TN,641001,2023-04-24,Smb,0,189.0,2.2
CUST-03195,Sneha Verma,sneha.verma234@yahoo.in,9764883698,Hyderabad,TS,500001,2023-08-17,Business,1,125.0,4.0
CUST-00478,Kavya Sharma,kavya.sharma540@yahoo.in,09749276135,Madurai,TN,625001,2023-12-06,Retail,0,128.0,2.8
CUST-02849,Pradeep Reddy,,857417738,Visakhapatnam,AP,530001,2022-04-10,Retail,0,187.0,4.7
CUST-04040,Vasanth Reddy,vasanth.reddy136@gmail.com,91 98117-52432,Guwahati,AS,781001,2022-04-04,Business,0,94.0,4.4
CUST-02144,MANISH MEHTA,manish.mehta1@gmail.com,+91-97047 52723,Mysuru,KA,570001,2021-12-20,Smb,1,14.0,
CUST-03536,Lakshmi Verma,  ,+91-98142 48007,Mysuru,KA,570001,2023-01-17,Smb,1,58.0,2.0
CUST-04621,Divya Das,divya.das692@yahoo.in,91 96536-05768,Coimbatore,TN,641001,2022-11-04,Retail,0,184.0,4.3
CUST-04376,Fatima Iyer,fatima.iyer450@gmail.com,9927290517,Lucknow,UP,226001,2023-08-28,Retail,0,78.0,2.3
CUST-04107,Deepa Singh,deepa.singh606@protonmail.com,+91-99577 48038,Pune,MH,411001,2023-10-22,Business,1,182.0,4.8
CUST-02275,Aravind Joshi,aravind.joshi191@protonmail.com,09638269581,Madurai,TN,625001,2022-02-02,Retail,0,20.0,2.9
CUST-03528,fatima chowdhury,fatima.chowdhury903@gmail.com,+91-96553 80685,Mumbai,MH,400001,2021-12-20,Retail,0,87.0,3.2
CUST-01889,Bhavana Reddy,bhavana.reddy62@outlook.com,+91-96757 78542,Hyderabad,TS,500001,2023-08-05,Retail,1,179.0,4.9
CUST-03407,FATIMA RAMAN,fatima.raman392@yahoo.in,9787179161,Mumbai,MH,400001,2021-10-23,Retail,1,49.0,2.9
CUST-01665,Neha Singh,neha.singh880@protonmail.com,836862441,CHENNAI,TN,600001,2022-10-12,Business,0,64.0,
CUST-02217,Neha Verma,neha.verma521@yahoo.in,91 97419-63080,Kochi,KL,682001,2022-12-26,Business,0,52.0,3.2
CUST-03861,  Imran Raman  ,imran.raman103@protonmail.com,91 99310-50155,Chandigarh,CH,160017,2023-08-18,Retail,0,76.0,4.4
CUST-01862,Revathi Kumar,revathi.kumar161@yahoo.in,91 96644-45027,Chennai,TN,600001,2022-03-04,Retail,0,49.0,4.8
CUST-00612,imran das,imran.das655@protonmail.com,91 98669-28294,Jaipur,RJ,302001,2022-12-26,Retail,0,5.0,3.7
CUST-00160,Anitha Bose,anitha.bose21@outlook.com,9762701390,Bhubaneswar,OD,751001,2021-11-30,Business,1,187.0,3.9
CUST-00927,Neha Verma,neha.verma764@yahoo.in,9633494281,Mumbai,MH,400001,2023-12-28,Smb,1,84.0,2.8
CUST-02240,Meera Das,meera.das560@gmail.com,9761292916,Bhubaneswar,OD,751001,2023-09-23,Business,0,188.0,
CUST-02846,Suresh Singh,suresh.singh735@protonmail.com,9646025075,Visakhapatnam,AP,530001,2022-12-02,Smb,1,210.0,2.2
CUST-04061,Bhavana Verma,bhavana.verma259@outlook.com,9628757432,Mysuru,KA,570001,2023-11-20,Enterprise,0,68.0,3.3
CUST-03992,,karthik.krishnan308@gmail.com,9983341452,Ahmedabad,GJ,380001,2023-04-04,Enterprise,0,223.0,4.5
CUST-00708,Vikram Bose,vikram.bose660@outlook.com,9712620417,COIMBATORE,TN,641001,2021-09-30,Business,1,209.0,4.0
CUST-02189,SURESH PATEL,suresh.patel380@gmail.com,09795653122,GUWAHATI,AS,781001,2021-09-23,Smb,0,69.0,3.6
CUST-03454,Ishita Pillai,ishita.pillai282@outlook.com,9701581129,Jaipur,RJ,302001,2022-03-29,Retail,0,28.0,3.3
CUST-03854,Arjun Nair,arjun.nair792@gmail.com,+91-99012 07984,Kochi,KL,682001,2023-10-13,Retail,1,111.0,5.0
CUST-00765,Rahul Bose,rahul.bose945@protonmail.com,-,Chandigarh,CH,160017,2023-06-15,Retail,0,60.0,2.4
CUST-01424,Meera Menon,meera.menon34gmail.com,9962163059,Bhubaneswar,OD,751001,2022-01-21,Smb,0,164.0,3.8
CUST-03359,Deepa Iyer,deepa.iyer895@outlook.com,91 96800-24113,Kolkata,WB,700001,2021-08-23,Retail,1,167.0,3.0
CUST-01837,Manish Joshi,manish.joshi785@protonmail.com,9906119669,Bhubaneswar,OD,751001,2022-06-16,Smb,0,6.0,2.3
CUST-01285,Divya Bose,divya.bose589@outlook.com,9854983559,Madurai,TN,625001,2022-01-30,Business,0,161.0,3.5
CUST-01661,Ravi Chowdhury,ravi.chowdhury75@yahoo.in,9714225251,Bengaluru,KA,560001,2023-11-04,Business,1,4.0,
CUST-01804,Meera Singh,MEERA.SINGH66@PROTONMAIL.COM,9884449348,Ahmedabad,GJ,380001,2023-05-13,Smb,1,55.0,3.2
CUST-01255,Imran Bose,imran.bose386@outlook.com,91 96383-02970,Pune,MH,411001,2021-07-25,Smb,1,51.0,
CUST-01830,Divya Iyer,divya.iyer679@protonmail.com,91 99076-90684,Kochi,KL,682001,2023-08-14,Smb,0,21.0,
CUST-00756,Ravi Kumar,ravi.kumar378@gmail.com,91 97534-18601,Chennai,TN,600001,2022-04-28,Enterprise,0,161.0,3.9
CUST-02392,Sathish Pillai,sathish.pillai911@yahoo.in,9705684628,Lucknow,UP,226001,2022-09-23,Retail,0,6.0,5.0
CUST-00521,Nithin Das,nithin.das819@outlook.com,09769015752,Bengaluru,KA,560001,2022-06-06,Retail,0,168.0,2.7
CUST-02806,  Anitha Pillai  ,anitha.pillai140@outlook.com,9765130702,Mysuru,KA,570001,2022-12-14,Retail,1,180.0,4.3
CUST-04047,Imran Singh,IMRAN.SINGH19@GMAIL.COM,9931509866,Bhubaneswar,OD,751001,2022-06-28,Retail,1,199.0,2.9
CUST-00143,Priya Pillai,priya.pillai316@protonmail.com,9664378103,Gurugram,HR,122001,2023-09-29,Retail,0,102.0,4.0
CUST-00156,Joseph Reddy,rahul.reddy496@gmail.com,9849676091,Delhi,DL,110001,2021-09-25,Business,0,59.0,4.5
CUST-01287,Divya Singh,divya.singh326@gmail.com,+91-99443 09330,Bengaluru,KA,560001,2021-09-24,Enterprise,0,90.0,4.5
CUST-00644,PRIYA MENON,priya.menon158@yahoo.in,9640486267,Chennai,TN,600001,2021-07-22,Smb,0,202.0,
CUST-04557,rahul pillai,rahul.pillai562@yahoo.in,09602682800,Mumbai,MH,400001,2023-05-11,Business,1,156.0,2.9
CUST-00489,Pradeep Das,pradeep.das172@yahoo.in,9653683047,Kolkata,WB,700001,2022-12-23,Retail,0,78.0,4.7
CUST-01928,Sathish Menon,sathish.menon452@gmail.com,9841750977,Coimbatore,TN,641001,2023-05-06,Smb,0,3.0,3.6
CUST-04309,SURESH PATEL,suresh.patel328@yahoo.in,91 96328-16942,Visakhapatnam,AP,530001,2023-02-24,Business,0,208.0,3.8
CUST-04796,Rahul Reddy,rahul.reddy717@gmail.com,9863770234,Coimbatore,TN,641001,2021-07-29,Retail,1,16.0,2.7
CUST-03120,Ishita Kumar,ishita.kumar998@yahoo.in,-,Chennai,TN,600001,2022-06-18,Business,0,39.0,
CUST-02205,Joseph Kumar,joseph.kumar591@protonmail.com,+91-99781 14951,AHMEDABAD,GJ,380001,2023-04-09,Business,0,13.0,4.4
CUST-00657,Ishita Raman,ishita.raman775@gmail.com,09629989168,Mysuru,KA,570001,2021-12-31,Retail,0,92.0,3.2
CUST-01302,Ananya Menon,ananya.menon439@protonmail.com,9797576237,Ahmedabad,GJ,380001,2022-07-03,Retail,1,200.0,2.6
CUST-04550,,imran.singh509@protonmail.com,9753472980,Gurugram,HR,122001,2023-08-11,Retail,0,213.0,3.0
CUST-03228,Aravind Pillai,aravind.pillai228@yahoo.in,91 98278-55370,Chandigarh,CH,160017,2021-12-16,Business,1,199.0,3.9
CUST-01600,Lakshmi Chowdhury,lakshmi.chowdhury948@gmail.com,+91-97773 95815,Coimbatore,TN,641001,2022-07-22,Smb,0,98.0,4.6
CUST-00270,  Sneha Sharma  ,sneha.sharma880@outlook.com,+91-96420 01883,Chandigarh,CH,160017,2022-03-23,Enterprise,1,157.0,3.0
CUST-00809,Pradeep Kumar,pradeep.kumar725@gmail.com,9692406529,Chandigarh,CH,160017,2022-08-10,Enterprise,1,127.0,3.9
CUST-00385,Bhavana Joshi,bhavana.joshi215@protonmail.com,09915145176,Lucknow,UP,226001,2021-11-03,Business,0,113.0,3.7
CUST-00372,Meera Chowdhury,meera.chowdhury100@gmail.com,91 96128-97535,Kolkata,WB,700001,2021-09-11,Enterprise,0,19.0,3.9
CUST-00530,MANISH PATEL,manish.patel572@yahoo.in,+91-96208 37427,Delhi,DL,110001,2023-06-30,Retail,1,172.0,4.4
CUST-03815,Swetha Bose,,9860632217,Bengaluru,KA,560001,2022-07-14,Retail,1,230.0,3.6
CUST-01544,LAKSHMI MEHTA,,9846207959,Delhi,DL,110001,2021-08-25,Business,0,12.0,4.6
CUST-02633,Anitha Verma,anitha.verma446@outlook.com,91 97130-27456,Delhi,DL,110001,2023-01-27,Business,1,5.0,3.0
CUST-02754,Joseph Iyer,joseph.iyer287@yahoo.in,91 97634-32058,Bengaluru,KA,560001,2023-01-11,Business,0,187.0,3.3
CUST-01576,FATIMA NAIR,fatima.nair647@gmail.com,9883296737,Chennai,TN,600001,2021-08-11,Business,1,140.0,2.8
CUST-00393,Karthik Bose,karthik.bose175@gmail.com,9695153179,NAGPUR,MH,440001,2022-10-06,Retail,0,183.0,4.0
CUST-04387,Aravind Das,aravind.das301@protonmail.com,9721351205,Mysuru,KA,570001,2022-04-15,Business,0,90.0,3.2
CUST-04326,Joseph Singh,joseph.singh641@outlook.com,91 99106-92697,Bhubaneswar,OD,751001,2023-04-10,Enterprise,1,15.0,4.0
CUST-03805,Imran Raman,imran.raman860@protonmail.com,+91-97282 13355,Chennai,TN,600001,2022-11-01,Business,1,216.0,3.0
CUST-00006,Suresh Kumar,unknown,9782630317,Kochi,KL,682001,2023-07-02,Retail,1,216.0,3.8
CUST-04854,  Rahul Joshi  ,rahul.joshi614@outlook.com,+91-98691 96506,Coimbatore,TN,641001,2022-02-19,Enterprise,1,88.0,2.6
CUST-02792,Rahul Raman,rahul.raman507@gmail.com,91 97200-29099,Delhi,DL,110001,2022-07-09,Enterprise,0,138.0,2.6
CUST-03031,Revathi Raman,revathi.raman524@outlook.com,09897546797,Bhubaneswar,OD,751001,2022-11-26,Business,1,53.0,4.6
CUST-02058,IMRAN PATEL,imran.patel595@outlook.com,,Coimbatore,TN,641001,2022-06-09,Business,1,234.0,2.4
CUST-00424,Vikram Nair,vikram.nair751@outlook.com,91 99740-93227,Ahmedabad,GJ,380001,2023-02-11,Business,1,155.0,2.8
CUST-02265,,ARJUN.KRISHNAN139@YAHOO.IN,9668281500,Madurai,TN,625001,2023-07-24,Retail,0,186.0,
CUST-03274,  Neha Patel  ,neha.patel501@yahoo.in,09736458213,Coimbatore,TN,641001,2023-03-30,Retail,0,230.0,3.5
CUST-03679,Suresh Das,suresh.das59@protonmail.com,9919316232,Guwahati,AS,781001,2022-03-10,Enterprise,0,38.0,3.5
CUST-04413,ARAVIND JOSHI,aravind.joshi505@gmail.com,9837608873,Mysuru,KA,570001,2022-04-15,Enterprise,0,30.0,4.2
CUST-00467,aravind chowdhury,aravind.chowdhury439@outlook.com,9919380108,Kochi,KL,682001,2022-05-04,Retail,0,23.0,3.8
CUST-01294,Manish Chowdhury,manish.chowdhury451@protonmail.com,09803600425,Visakhapatnam,AP,530001,2022-03-07,Retail,1,57.0,3.3
CUST-04298,Ravi Bose,ravi.bose528@protonmail.com,91 98210-11545,Mumbai,MH,400001,2022-05-17,Enterprise,1,163.0,2.9
CUST-01952,Arjun Reddy,arjun.reddy150@outlook.com,91 99514-53806,Guwahati,AS,781001,2022-01-06,Enterprise,0,188.0,4.0
CUST-00996,Ishita Raman,ishita.raman969@protonmail.com,91 96147-58783,Guwahati,AS,781001,2022-02-06,Enterprise,1,65.0,4.3
CUST-02978,MEERA CHOWDHURY,meera.chowdhury677@protonmail.com,9882176479,Madurai,TN,625001,2021-10-09,Smb,0,62.0,2.6
CUST-04508,Vikram Iyer,vikram.iyer746@yahoo.in,,Hyderabad,TS,500001,2022-09-02,Smb,0,96.0,3.2
CUST-03637,Rahul Joshi,rahul.joshi909@gmail.com,9848615851,Lucknow,UP,226001,2022-01-30,Business,1,73.0,3.6
CUST-01782,  Karthik Sharma  ,karthik.sharma813@outlook.com,9824318772,Nagpur,MH,440001,2022-10-09,Retail,1,211.0,3.6
CUST-01440,Deepa Reddy,deepa.reddy18@yahoo.in,+91-98048 88882,Gurugram,HR,122001,2022-10-20,Smb,0,48.0,3.6
CUST-03467,lakshmi krishnan,lakshmi.krishnan787@protonmail.com,+91-98535 13166,MUMBAI,MH,400001,2021-07-28,Smb,0,202.0,3.7
CUST-01452,  Lakshmi Raman  ,lakshmi.raman700@yahoo.in,09649156928,Gurugram,HR,122001,2021-10-31,Retail,1,165.0,4.4
CUST-02864,Meera Iyer,meera.iyer745@yahoo.in,9688273488,Chennai,TN,600001,2023-07-16,Retail,1,110.0,
CUST-04509,Vikram Reddy,vikram.reddy243@yahoo.in,+91-97819 61159,Madurai,TN,625001,2023-05-18,Business,1,95.0,4.5
CUST-02052,Revāthi Nāir,revathi.nair317@gmail.com,9708198993,Kochi,KL,682001,2022-02-23,Business,0,72.0,3.8
CUST-03711,Ravi Reddy,ravi.reddy99@yahoo.in,9814480500,Pune,MH,411001,2023-01-11,Business,1,68.0,4.1
CUST-02413,Revathi Das,revathi.das658@yahoo.in,+91-96556 28794,Bhubaneswar,OD,751001,2022-08-27,Retail,0,176.0,2.7
CUST-00371,Suresh Iyer,suresh.iyer371@gmail.com,9720553402,Kochi,KL,682001,2021-09-25,Smb,0,177.0,2.2
CUST-01128,Rahul Singh,rahul.singh146@gmail.com,+91-98157 12231,Pune,MH,411001,2023-11-23,Business,0,223.0,2.4
CUST-04775,Gopal Verma,gopal.verma127@gmail.com,9678874311,Lucknow,UP,226001,2023-12-07,Business,0,202.0,3.9
CUST-00283,Anitha Menon,anitha.menon177@gmail.com,+91-96522 33373,Hyderabad,TS,500001,2022-10-04,Retail,0,110.0,4.5
CUST-02431,sathish chowdhury,sathish.chowdhury892@protonmail.com,9963725717,Kochi,KL,682001,2023-01-15,Retail,1,104.0,4.3
CUST-03863,,priya.patel289@protonmail.com,9781284362,Guwahati,AS,781001,2022-05-22,Business,1,158.0,4.9
CUST-00338,Karthik Patel,karthik.patel290@outlook.com,9999324583,Chandigarh,CH,160017,2023-01-10,Retail,1,100.0,2.9
CUST-02478,joseph joshi,joseph.joshi164@gmail.com,9862109502,CHENNAI,TN,600001,2023-04-23,Retail,0,160.0,3.4
CUST-04302,Meera Kumar,meera.kumar223@outlook.com,9712031259,Chandigarh,CH,160017,2022-09-13,Retail,0,158.0,2.1
CUST-03573,Vikram Verma,VIKRAM.VERMA341@YAHOO.IN,9763407358,Lucknow,UP,226001,2022-02-02,Enterprise,1,63.0,3.9
CUST-02073,Priya Joshi,priya.joshi532@gmail.com,9742057319,Guwahati,AS,781001,2022-11-15,Retail,1,135.0,3.3
CUST-01590,Fatima Kumar,fatima.kumar891@gmail.com,9947909801,Mysuru,KA,570001,2022-06-11,Retail,1,202.0,4.9
CUST-02725,Suresh Pillai,suresh.pillai222@yahoo.in,9922443079,Kolkata,WB,700001,2021-08-17,Enterprise,1,125.0,3.0
CUST-02753,  Kavya Nair  ,kavya.nair881@gmail.com,9851495638,Madurai,TN,625001,2021-08-05,Retail,1,130.0,4.6
CUST-01029,Ishita Verma,ishita.verma455@gmail.com,9813944089,Kolkata,WB,700001,2022-08-30,Smb,1,5.0,
CUST-00134,Gopal Raman,gopal.raman246@protonmail.com,,Chandigarh,CH,160017,2021-08-02,Business,0,140.0,4.3
CUST-01134,Joseph Bose,joseph.bose106@outlook.com,91 96841-03098,Kochi,KL,682001,2022-02-24,Business,1,85.0,3.3
CUST-00586,Swetha Patel,swetha.patel281@gmail.com,9686123729,Bhubaneswar,OD,751001,2022-11-27,Smb,0,64.0,3.8
CUST-01818,vikram reddy,vikram.reddy427@gmail.com,+91-99668 13383,Kolkata,WB,700001,2021-09-21,Retail,1,232.0,3.3
CUST-03634,ANANYA MENON,ananya.menon270@gmail.com,9750136432,Guwahati,AS,781001,2023-01-04,Business,1,8.0,4.6
CUST-02712,Neha Singh,neha.singh994@gmail.com,09642207497,Delhi,DL,110001,2022-01-22,Smb,0,,3.7
CUST-02854,Bhavana Krishnan,bhavana.krishnan551@outlook.com,09665201172,Ahmedabad,GJ,380001,2023-07-05,Smb,1,168.0,3.1
CUST-01593,Joseph Das,joseph.das461@yahoo.in,+91-99192 37468,Visakhapatnam,AP,530001,2021-09-17,Retail,0,103.0,4.8
CUST-00112,fatima raman,fatima.raman78@outlook.com,9929566387,Jaipur,RJ,302001,2023-05-12,Enterprise,1,111.0,3.8
CUST-03670,  Priya Chowdhury  ,priya.chowdhury185@protonmail.com,9957411345,Chennai,TN,600001,2022-11-26,Business,0,196.0,
CUST-00161,Arjun Verma,arjun.verma889@outlook.com,09876633312,Madurai,TN,625001,2023-02-12,Retail,0,215.0,
CUST-03644,Kavya Iyer,kavya.iyer172@outlook.com,9726592405,MADURAI,TN,625001,2023-10-17,Enterprise,1,19.0,3.9
CUST-00237,Neha Das,neha.das345@gmail.com,+91-96264 73692,Delhi,DL,110001,2022-07-06,Business,1,167.0,3.7
CUST-00821,karthik singh,karthik.singh326@gmail.com,9974206838,Chennai,TN,600001,2021-11-26,Enterprise,1,180.0,3.6
CUST-02255,Pradeep Verma,pradeep.verma66@yahoo.in,91 98404-29014,Gurugram,HR,122001,2023-05-23,Business,1,7.0,3.3
CUST-01948,Divya Reddy,divya.reddy882@yahoo.in,91 97496-30340,Bengaluru,KA,560001,2022-04-15,Retail,0,166.0,3.7
CUST-03523,Imran Nair,imran.nair962@gmail.com,9660303112,Mumbai,MH,400001,2023-06-30,Enterprise,0,238.0,3.0
CUST-04802,Deepa Sharma,deepa.sharma66@protonmail.com,9762385937,Nagpur,MH,440001,2022-10-24,Smb,0,45.0,2.1
CUST-04940,manish bose,manish.bose811@gmail.com,9975920659,Chandigarh,CH,160017,2021-12-25,Enterprise,0,159.0,2.6
CUST-02756,Ananya Raman,ananya.raman612@outlook.com,91 99056-94475,Delhi,DL,110001,2021-08-29,Retail,1,98.0,4.6
CUST-04818,  Revathi Nair  ,REVATHI.NAIR239@GMAIL.COM,91 96411-13833,Hyderabad,TS,500001,2021-04-08,Enterprise,1,177.0,
CUST-01447,Vikram Raman,vikram.raman590@gmail.com,09729559770,Guwahati,AS,781001,2022-10-23,Enterprise,1,83.0,3.6
CUST-01278,Imran Mehta,imran.mehta24@yahoo.in,+91-98770 29921,Jaipur,RJ,302001,2023-12-18,Business,1,227.0,3.4
CUST-01068,Deepa Menon,-,9924753965,Gurugram,HR,122001,2022-08-19,Enterprise,0,143.0,4.9
CUST-01464,Divya Verma,divya.verma212@protonmail.com,,Mumbai,MH,400001,2022-10-08,Enterprise,1,106.0,4.4
CUST-01013,Sathish Raman,sathish.raman964@gmail.com,9706453187,Kochi,KL,682001,2023-09-07,Retail,0,72.0,3.3
CUST-03279,Imran Menon,imran.menon135@outlook.com,91 99185-28983,Lucknow,UP,226001,2023-10-02,Retail,0,61.0,4.6
CUST-03057,Arjun Reddy,arjun.reddy145@gmail.com,+91-97178 24386,Chennai,TN,600001,2022-07-28,Business,0,182.0,2.5
CUST-02891,Karthik Krishnan,karthik.krishnan399@protonmail.com,+91-96713 23435,Visakhapatnam,AP,530001,2023-08-21,Enterprise,1,129.0,2.3
CUST-01520,Manish Nair,manish.nair638@gmail.com,9950653796,Coimbatore,TN,641001,2023-01-13,Enterprise,0,194.0,4.4
CUST-02547,Manish Mehta,  ,+91-96981 44910,Mumbai,MH,400001,2021-07-23,Retail,1,211.0,2.6
CUST-04915,Fatima Nair,fatima.nair834@protonmail.com,9690698758,Guwahati,AS,781001,2023-05-13,Enterprise,0,186.0,2.4
CUST-00273,Sneha Reddy,sneha.reddy352@gmail.com,9919730296,Mysuru,KA,570001,2021-12-18,Retail,0,148.0,3.0
CUST-03445,anitha patel,anitha.patel922@protonmail.com,9770176332,Kochi,KL,682001,2023-02-26,Retail,0,112.0,2.9
CUST-03180,Revathi Reddy,revathi.reddy263@outlook.com,9690850246,Mumbai,MH,400001,2023-12-08,Retail,1,189.0,4.8
CUST-01156,Imran Chowdhury,imran.chowdhury804@outlook.com,91 97643-15277,Chennai,TN,600001,2022-04-23,Enterprise,1,177.0,4.7
CUST-00697,Karthik Verma,karthik.verma150@gmail.com,+91-96285 18231,Jaipur,RJ,302001,2022-06-15,Retail,0,18.0,2.6
CUST-03060,Divya Singh,meera.nair823@outlook.com,91 98328-40618,Coimbatore,TN,641001,2022-06-24,Enterprise,0,73.0,2.6
CUST-00072,Nithin Bose,nithin.bose528@yahoo.in,+91-97563 75457,Chandigarh,CH,160017,2022-12-27,Enterprise,1,130.0,
CUST-02865,NITHIN VERMA,nithin.verma873@yahoo.in,9991006228,Kochi,KL,682001,2023-11-29,Smb,0,132.0,2.1
CUST-04052,Vikram Bose,vikram.bose197@gmail.com,09820455900,Madurai,TN,625001,2021-10-08,Business,1,178.0,4.6
CUST-03360,Meera Iyer,meera.iyer560@gmail.com,9820538293,Gurugram,HR,122001,2023-03-02,Retail,0,188.0,3.4
CUST-02235,Fatima Pillai,fatima.pillai437@gmail.com,unknown,Jaipur,RJ,302001,2021-07-29,Smb,1,223.0,2.1
CUST-04613,Fatima Bose,fatima.bose731@gmail.com,9736403496,Kolkata,WB,700001,2022-11-06,Business,0,,3.1
CUST-00045,Ravi Singh,ravi.singh921@protonmail.com,+91-99637 89573,Madurai,TN,625001,2023-04-19,Business,0,99.0,2.3
CUST-01348,Aravind Sharma,aravind.sharma113@outlook.com,+91-97686 09120,Bengaluru,KA,560001,2022-06-03,Business,1,,3.3
CUST-00103,Ananya Joshi,ananya.joshi427@protonmail.com,9802110525,Nagpur,MH,440001,2023-11-02,Business,1,143.0,3.2
CUST-00102,Lakshmi Menon,lakshmi.menon327@outlook.com,9676912356,Guwahati,AS,781001,2023-07-05,Smb,1,143.0,4.9
CUST-02415,Nithin Patel,nithin.patel769@protonmail.com,9962975176,Lucknow,UP,226001,2022-02-28,Retail,0,98.0,3.4
CUST-03812,Revathi Das,revathi.das321@gmail.com,9713352400,Ahmedabad,GJ,380001,2023-11-05,Enterprise,0,181.0,2.2
CUST-00461,  Vikram Kumar  ,vikram.kumar385@yahoo.in,9639180129,Lucknow,UP,226001,2023-11-09,Retail,0,235.0,3.2
CUST-00091,Joseph Pillai,joseph.pillai298@gmail.com,9983401687,Lucknow,UP,226001,2022-06-04,Business,1,28.0,3.8
CUST-04268,VASANTH MENON,vasanth.menon701@outlook.com,9943838046,Gurugram,HR,122001,2022-04-11,Enterprise,0,85.0,2.2
CUST-04752,  Neha Reddy  ,neha.reddy707@yahoo.in,9688870716,Bhubaneswar,OD,751001,2022-04-12,Retail,0,200.0,3.2
CUST-01686,Suresh Patel,suresh.patel402@outlook.com,712885322,Visakhapatnam,AP,530001,2022-06-01,Smb,1,119.0,2.5
CUST-04014,RAHUL SHARMA,rahul.sharma201@protonmail.com,+91-98846 87093,Visakhapatnam,AP,530001,2021-11-13,Business,0,110.0,3.6
CUST-04749,  Aravind Reddy  ,aravind.reddy155@protonmail.com,91 99072-77101,Chandigarh,CH,160017,2022-02-20,Smb,0,177.0,3.0
CUST-00557,ANANYA PILLAI,ananya.pillai103@protonmail.com,91 98115-52528,Bhubaneswar,OD,751001,2023-08-22,Retail,1,198.0,2.8
CUST-03686,Anithā Iyer,anitha.iyer489@yahoo.in,+91-96508 42976,Ahmedabad,GJ,380001,2021-08-22,Business,1,116.0,2.3
CUST-00643,Swetha Mehta,swetha.mehta417@outlook.com,09785885698,Nagpur,MH,440001,2021-09-28,Business,1,230.0,4.4
CUST-03425,  Nithin Pillai  ,nithin.pillai417@yahoo.in,unknown,Hyderabad,TS,500001,2023-12-24,Enterprise,0,236.0,2.9
CUST-00113,Aravind Das,aravind.das85@outlook.com,09982078761,MYSURU,KA,570001,2022-12-28,Retail,1,23.0,3.3
CUST-02041,Neha Patel,neha.patel77@gmail.com,953273553,Mumbai,MH,400001,2022-07-21,Business,1,79.0,3.5
CUST-00459,  Priya Kumar  ,priya.kumar561@gmail.com,9844173109,Gurugram,HR,122001,2021-11-01,Business,0,66.0,3.3
CUST-03152,  Priya Pillai  ,priya.pillai450@protonmail.com,9614426306,Guwahati,AS,781001,2023-01-17,Business,1,62.0,3.5
CUST-03501,Joseph Das,joseph.das157@gmail.com,+91-99126 47493,Guwahati,AS,781001,2022-09-23,Retail,1,129.0,3.0
CUST-02708,Rahul Iyer,rahul.iyer791@outlook.com,9652010576,Gurugram,HR,122001,2022-04-20,Retail,0,96.0,3.8
CUST-01190,Anitha Iyer,anitha.iyer601@gmail.com,9776497924,Bengaluru,KA,560001,2022-02-08,Retail,1,90.0,4.2
CUST-00585,JOSEPH VERMA,joseph.verma57@protonmail.com,9675124499,Delhi,DL,110001,2022-12-14,Business,1,203.0,3.7
CUST-01776,Bhavana Menon,bhavana.menon62@yahoo.in,+91-97718 19243,Kochi,KL,682001,2023-06-07,Retail,0,200.0,2.5
CUST-03526,Imran Menon,imran.menon932@yahoo.in,91 99647-33720,Pune,MH,411001,2021-11-23,Business,1,63.0,
CUST-01032,Sathish Patel,sathish.patel659@outlook.com,9650011394,Gurugram,HR,122001,2023-12-03,Smb,0,118.0,3.4
CUST-03464,Fatima Reddy,fatima.reddy712@protonmail.com,9714253001,Madurai,TN,625001,2022-12-17,Business,0,77.0,4.9
CUST-00243,Joseph Mehta,joseph.mehta641@yahoo.in,9907572569,Gurugram,HR,122001,2022-06-25,Retail,1,80.0,4.7
CUST-03736,Ananya Chowdhury,ANANYA.CHOWDHURY857@GMAIL.COM,9873512147,Kochi,KL,682001,2023-05-08,Retail,0,113.0,3.8
CUST-00313,Fatima Patel,fatima.patel414@gmail.com,09828011333,Delhi,DL,110001,2022-11-17,Business,0,104.0,3.5
CUST-03441,Pradeep Krishnan,pradeep.krishnan458@outlook.com,9719951686,Jaipur,RJ,302001,2023-07-07,Business,1,173.0,4.4
CUST-04497,Ananya Raman,ananya.raman901@protonmail.com,+91-97905 72869,Madurai,TN,625001,2022-01-22,Enterprise,0,175.0,4.6
CUST-00738,Imran Nair,imran.nair503@yahoo.in,91 97183-84235,Madurai,TN,625001,2021-12-06,Business,1,175.0,
CUST-03203,Lakshmi Menon,lakshmi.menon747@gmail.com,9891603727,Madurai,TN,625001,2022-11-28,Smb,1,98.0,3.2
CUST-02069,Divya Nair,divya.nair455@protonmail.com,9893834637,Kochi,KL,682001,2021-11-10,Retail,1,48.0,3.3
CUST-04609,  ,fatima.menon159@gmail.com,+91-98113 85972,Delhi,DL,110001,2022-05-06,Enterprise,0,223.0,4.3
CUST-03974,Kavya Sharma,kavya.sharma414@yahoo.in,9927800320,Delhi,DL,110001,2023-06-06,Business,1,225.0,2.3
CUST-01608,Deepa Bose,deepa.bose721@outlook.com,91 97632-18283,Hyderabad,TS,500001,2023-07-21,Enterprise,0,70.0,2.9
CUST-03906,Bhavana Singh,bhavana.singh547@yahoo.in,09917933751,Gurugram,HR,122001,2023-08-30,Retail,1,105.0,3.1
CUST-01946,Fatima Menon,fatima.menon479@outlook.com,9863588878,Gurugram,HR,122001,2022-05-15,Retail,0,206.0,3.8
CUST-04466,Imran Singh,imran.singh766@yahoo.in,9771818849,Hyderabad,TS,500001,2023-09-24,Retail,0,165.0,3.3
CUST-00733,Fatima Pillai,fatima.pillai169@gmail.com,91 99367-28898,DELHI,DL,110001,2021-05-09,Retail,1,76.0,4.0
CUST-04252,Neha Bose,neha.bose183@protonmail.com,91 99464-27462,MYSURU,KA,570001,2022-09-01,Retail,0,93.0,4.0
CUST-02107,Rahul Nair,rahul.nair226@outlook.com,+91-98208 47411,Hyderabad,TS,500001,2021-11-20,Enterprise,1,181.0,4.7
CUST-01978,Vasanth Bose,vasanth.bose282@outlook.com,91 98296-84448,Mumbai,MH,400001,2021-10-30,Enterprise,0,229.0,2.8
CUST-04806,Priya Bose,priya.bose604@gmail.com,9653468279,Jaipur,RJ,302001,2023-10-03,Business,0,194.0,2.4
CUST-01325,  Fatima Nair  ,fatima.nair902@protonmail.com,91 96754-70519,Madurai,TN,625001,2022-12-05,Business,1,227.0,3.0
CUST-04533,Priya Raman,priya.raman104@protonmail.com,9643928204,Lucknow,UP,226001,2021-08-14,Enterprise,0,86.0,4.6
CUST-02639,Karthik Iyer,karthik.iyer648@gmail.com,91 98136-55738,Gurugram,HR,122001,2023-12-20,Smb,0,80.0,3.9
CUST-02225,Rahul Bose,unknown,09883221224,Mumbai,MH,400001,2021-08-20,Business,1,107.0,4.2
CUST-00921,Revathi Verma,revathi.verma326@outlook.com,91 99764-17064,Pune,MH,411001,2021-09-06,Smb,1,171.0,2.5
CUST-03680,Nithin Kumar,nithin.kumar184@yahoo.in,91 99339-52191,Madurai,TN,625001,2023-02-23,Retail,1,95.0,2.1
CUST-04529,RAVI MENON,ravi.menon612@protonmail.com,91 98948-56105,Mumbai,MH,400001,2023-03-29,Enterprise,0,197.0,2.5
CUST-03947,Priya Nair,priya.nair627@gmail.com,9979707207,Visakhapatnam,AP,530001,2021-10-21,Business,0,212.0,2.9
CUST-03547,VASANTH IYER,vasanth.iyer891gmail.com,91 96548-44789,Chennai,TN,600001,2023-02-22,Retail,0,10.0,2.0
CUST-00524,Sathish Chowdhury,sathish.chowdhury740@gmail.com,9790566426,Kochi,KL,682001,2021-10-12,Smb,0,235.0,3.5
CUST-00324,Ananya Sharma,ananya.sharma863@yahoo.in,09906538998,Bengaluru,KA,560001,2023-09-30,Enterprise,0,198.0,3.0
CUST-00348,  Meera Patel  ,meera.patel813@protonmail.com,9865066633,Mumbai,MH,400001,2023-07-06,Retail,0,87.0,3.9
CUST-03428,FATIMA KRISHNAN,fatima.krishnan294@gmail.com,,Delhi,DL,110001,2022-06-08,Business,0,54.0,2.7
CUST-04651,  Imran Patel  ,imran.patel364@protonmail.com,,Jaipur,RJ,302001,2023-06-14,Smb,1,199.0,3.3
CUST-01795,Sathish Mehta,sathish.mehta543@protonmail.com,09861329085,Bhubaneswar,OD,751001,2023-08-15,Business,1,187.0,2.9
CUST-02775,Nithin Mehta,nithin.mehta800@gmail.com,91 99683-24732,Delhi,DL,110001,2021-10-14,Retail,0,57.0,4.4
CUST-00954,Gopal Reddy,gopal.reddy591@gmail.com,91 96793-53256,Kochi,KL,682001,2021-09-04,Business,1,138.0,4.3
CUST-00852,Pradeep Mehta,pradeep.mehta587@yahoo.in,9821257935,Chandigarh,CH,160017,2022-04-01,Enterprise,1,122.0,2.9
CUST-03793,Joseph Iyer,joseph.iyer416@outlook.com,9886140205,Lucknow,UP,226001,2023-12-16,Business,0,46.0,4.8
CUST-03302,  Vasanth Bose  ,vasanth.bose706@protonmail.com,+91-96125 15499,Lucknow,UP,226001,2023-02-24,Retail,1,52.0,4.7
CUST-01161,Gopal Nair,gopal.nair287@gmail.com,91 96750-66071,Jaipur,RJ,302001,2022-08-21,Retail,0,36.0,2.1
CUST-00080,SATHISH SHARMA,sathish.sharma735@protonmail.com,819812949,Madurai,TN,625001,2023-08-22,Smb,0,47.0,2.4
CUST-03225,Gopal Kumar,gopal.kumar687@gmail.com,+91-98781 27981,Chandigarh,CH,160017,2022-08-02,Business,0,134.0,2.5
CUST-02661,Bhavana Krishnan,bhavana.krishnan658@yahoo.in,+91-98582 22217,Chandigarh,CH,160017,2021-08-19,Business,0,224.0,3.9
CUST-04777,Ananya Raman,,9957737032,Ahmedabad,GJ,380001,2021-09-13,Business,1,87.0,2.8
CUST-03033,Revathi Bose,revathi.bose507@yahoo.in,9957702402,Ahmedabad,GJ,380001,2023-01-04,Smb,0,161.0,2.8
CUST-03597,Nithin Sharma,nithin.sharma398@yahoo.in,+91-99960 50378,Visakhapatnam,AP,530001,2023-01-18,Business,0,49.0,4.6
CUST-00505,Imran Reddy,imran.reddy746@protonmail.com,91 97113-87174,Bhubaneswar,OD,751001,2022-10-08,Smb,1,224.0,2.2
CUST-00210,Nithin Singh,nithin.singh577@protonmail.com,9782353980,Lucknow,UP,226001,2022-12-05,Retail,0,205.0,4.9
CUST-01455,Sathish Krishnan,sathish.krishnan191@protonmail.com,9668946119,Bengaluru,KA,560001,2022-04-08,Retail,1,24.0,4.6
CUST-02055,Revathi Kumar,revathi.kumar609@gmail.com,9787399971,Kolkata,WB,700001,2022-09-15,Smb,0,206.0,3.2
CUST-00714,Rahul Chowdhury,rahul.chowdhury22@gmail.com,9992461538,Gurugram,HR,122001,2023-09-23,Business,1,178.0,2.2
CUST-02393,Anitha Joshi,anitha.joshi20@outlook.com,9828995460,Coimbatore,TN,641001,2023-08-14,Business,0,70.0,3.9
CUST-02329,Vasanth Singh,vasanth.singh797@protonmail.com,9779490829,Bhubaneswar,OD,751001,2022-03-21,Business,0,53.0,3.7
CUST-04490,Rahul Verma,rahul.verma646@protonmail.com,677925095,Jaipur,RJ,302001,2022-10-03,Business,1,134.0,
CUST-04653,Fatima Mehta,fatima.mehta499@gmail.com,840141285,Bengaluru,KA,560001,2023-09-02,Retail,1,171.0,2.9
CUST-02724,Sathish Raman,sathish.raman659@outlook.com,+91-98129 98956,Hyderabad,TS,500001,2022-04-29,Business,0,206.0,2.3
CUST-00294,Divya Iyer,divya.iyer771@yahoo.in,9721030689,Delhi,DL,110001,2022-08-05,Retail,0,182.0,4.5
CUST-03530,Ananya Iyer,ananya.iyer680@outlook.com,9993642996,Nagpur,MH,440001,2022-03-07,Enterprise,0,9.0,3.2
CUST-00970,Rahul Iyer,rahul.iyer580@gmail.com,  ,Jaipur,RJ,302001,2022-01-04,Smb,1,203.0,3.5
CUST-01355,Lakshmi Pillai,lakshmi.pillai623@outlook.com,9711254800,Pune,MH,411001,2022-08-05,Retail,1,35.0,4.5
CUST-03230,Bhavana Mehta,bhavana.mehta226@outlook.com,9967246289,Delhi,DL,110001,2022-01-09,Retail,0,193.0,4.5
CUST-04694,Kavya Iyer,kavya.iyer970@yahoo.in,09897593611,Bhubaneswar,OD,751001,2022-07-29,Smb,0,47.0,4.2
CUST-02113,Nithin Nair,nithin.nair510@outlook.com,09785274179,Lucknow,UP,226001,2022-05-16,Retail,0,8.0,3.1
CUST-01042,Vikram Mehta,vikram.mehta25@outlook.com,9942352094,Chennai,TN,600001,2022-09-21,Business,1,109.0,4.3
CUST-04141,Nithin Reddy,nithin.reddy326@gmail.com,9854415700,Delhi,DL,110001,2022-03-27,Retail,1,45.0,2.8
CUST-01188,Priya Joshi,priya.joshi359@protonmail.com,+91-98444 15290,Coimbatore,TN,641001,2021-10-25,Retail,1,158.0,2.5
CUST-04927,Deepa Mehta,deepa.mehta862@protonmail.com,09803632802,Lucknow,UP,226001,2022-03-23,Retail,1,42.0,3.9
CUST-02786,  Sathish Das  ,sathish.das323@outlook.com,91 99645-82269,Lucknow,UP,226001,2022-05-04,Business,1,218.0,4.1
CUST-04642,Divya Sharma,divya.sharma955@yahoo.in,9656613706,Delhi,DL,110001,2023-08-10,Smb,0,231.0,2.6
CUST-00262,Aravind Sharma,aravind.sharma477@yahoo.in,+91-99750 57701,Lucknow,UP,226001,2023-08-06,Business,0,101.0,4.8
CUST-02814,Rahul Mehta,RAHUL.MEHTA296@PROTONMAIL.COM,91 98126-89622,Mysuru,KA,570001,2022-11-10,Business,1,43.0,4.7
CUST-00651,Anitha Pillai,anitha.pillai332@protonmail.com,,Bhubaneswar,OD,751001,2023-02-16,Enterprise,1,157.0,2.4
CUST-00618,Karthik Joshi,karthik.joshi552@outlook.com,09905939843,Guwahati,AS,781001,2023-12-25,Retail,0,151.0,4.9
CUST-03004,Vikram Patel,VIKRAM.PATEL149@OUTLOOK.COM,91 97638-16170,Lucknow,UP,226001,2021-08-21,Business,0,85.0,
CUST-01137,arjun iyer,arjun.iyer293@protonmail.com,09917909857,Lucknow,UP,226001,2021-09-01,Retail,1,216.0,3.0
CUST-03401,Anitha Iyer,anitha.iyer651@outlook.com,9776613313,Madurai,TN,625001,2023-11-01,Enterprise,0,64.0,2.5
CUST-03870,Rahul Patel,rahul.patel850@outlook.com,09882208884,JAIPUR,RJ,302001,2023-11-16,Enterprise,0,51.0,
CUST-04219,Fatima Chowdhury,,+91-99392 69812,Coimbatore,TN,641001,2022-05-02,Enterprise,1,28.0,4.1
CUST-00730,ishita pillai,ishita.pillai201@yahoo.in,+91-97804 68071,Pune,MH,411001,2023-09-17,Retail,0,106.0,2.6
CUST-00999,Rahul Verma,rahul.verma592@outlook.com,9676255833,Coimbatore,TN,641001,2023-12-27,Retail,0,51.0,4.9
CUST-01712,divya mehta,divya.mehta128@gmail.com,747303809,Kolkata,WB,700001,2023-10-20,Business,1,69.0,4.2
CUST-04398,MANISH JOSHI,manish.joshi173@outlook.com,09965085330,Nagpur,MH,440001,2023-03-26,Retail,0,214.0,
CUST-02482,  Joseph Chowdhury  ,joseph.chowdhury389@protonmail.com,+91-97112 15738,Kochi,KL,682001,2023-12-07,Enterprise,1,55.0,3.0
CUST-04559,Anitha Singh,anitha.singh213yahoo.in,09647894378,Hyderabad,TS,500001,2022-03-17,Enterprise,1,72.0,4.7
CUST-00571,Ishita Verma,ishita.verma256@yahoo.in,91 98533-56653,Ahmedabad,GJ,380001,2023-06-17,Business,0,186.0,2.5
CUST-03143,Karthik Nair,karthik.nair125@outlook.com,9675763064,Chennai,TN,600001,2023-12-19,Business,0,162.0,3.1
CUST-00769,kavya reddy,kavya.reddy532@protonmail.com,9893198667,Bhubaneswar,OD,751001,2023-05-08,Retail,0,218.0,3.6
CUST-04246,,nithin.menon73@gmail.com,9991274436,Coimbatore,TN,641001,2023-11-17,Retail,1,215.0,3.1
CUST-02798,Joseph Bose,joseph.bose233@yahoo.in,09985690043,Bengaluru,KA,560001,2022-03-15,Retail,1,158.0,2.1
CUST-04707,Swetha Menon,swetha.menon214@outlook.com,9630958653,Chandigarh,CH,160017,2021-10-13,Business,0,15.0,2.2
CUST-04697,Divya Chowdhury,divya.chowdhury837@protonmail.com,9906708502,Mysuru,KA,570001,2023-01-12,Enterprise,0,40.0,4.5
CUST-02226,Lakshmi Joshi,lakshmi.joshi741@protonmail.com,9811144182,Madurai,TN,625001,2023-08-25,Business,1,167.0,4.8
CUST-02648,Ravi Raman,ravi.raman84@outlook.com,91 98633-63055,Hyderabad,TS,500001,2021-03-11,Retail,1,,2.0
CUST-02111,Kavya Singh,-,+91-96685 65092,Kolkata,WB,700001,2023-05-30,Enterprise,0,240.0,4.9
CUST-02604,Divya Singh,unknown,+91-98202 91065,Guwahati,AS,781001,2022-12-12,Smb,0,46.0,
CUST-03013,Pradeep Krishnan,pradeep.krishnan890@gmail.com,9729683505,Bengaluru,KA,560001,2023-03-24,Smb,0,209.0,
CUST-03289,KARTHIK VERMA,karthik.verma430@yahoo.in,+91-98954 86653,Nagpur,MH,440001,2023-03-03,Enterprise,0,108.0,2.4
CUST-00615,Meera Mehta,meera.mehta910@protonmail.com,09979431331,Ahmedabad,GJ,380001,2023-02-07,Business,0,178.0,4.6
CUST-04281,Gopal Menon,gopal.menon419@gmail.com,  ,Chennai,TN,600001,2022-04-22,Business,1,10.0,3.6
CUST-01162,Ravi Reddy,ravi.reddy247@yahoo.in,91 98053-26136,Bhubaneswar,OD,751001,2021-11-22,Retail,0,215.0,
CUST-00828,Fātimā Menon,fatima.menon955@protonmail.com,9700254229,Mysuru,KA,570001,2022-01-20,Business,1,103.0,2.9
CUST-04668,Joseph Chowdhury,joseph.chowdhury991@protonmail.com,+91-99702 40797,Hyderabad,TS,500001,2023-10-14,Retail,1,17.0,5.0
CUST-02485,Arjun Singh,arjun.singh887@gmail.com,+91-96673 07166,Chandigarh,CH,160017,2023-07-28,Retail,1,234.0,4.8
CUST-03653,Bhavana Verma,bhavana.verma571@protonmail.com,9655069272,Chennai,TN,600001,2021-11-02,Retail,1,219.0,
CUST-01250,Neha Das,neha.das99@protonmail.com,  ,Bengaluru,KA,560001,2023-03-26,Enterprise,1,117.0,2.8
CUST-00291,Revathi Kumar,revathi.kumar482@gmail.com,+91-98116 99023,BENGALURU,KA,560001,2023-05-22,Business,1,62.0,2.3
CUST-00227,ARAVIND RAMAN,aravind.raman719@gmail.com,9724916241,Nagpur,MH,440001,2022-01-25,Business,1,65.0,3.5
CUST-02722,Deepa Chowdhury,deepa.chowdhury400@protonmail.com,9863926805,Visakhapatnam,AP,530001,2022-07-12,Business,0,102.0,3.2
CUST-00742,Divya Chowdhury,divya.chowdhury318@yahoo.in,09801501358,Nagpur,MH,440001,2021-08-07,Enterprise,0,159.0,5.0
CUST-04635,Swetha Bose,swetha.bose671@outlook.com,+91-97510 12327,Delhi,DL,110001,2023-12-18,Business,1,50.0,4.2
CUST-01841,Ravi Patel,ravi.patel841@yahoo.in,+91-97797 47833,Bhubaneswar,OD,751001,2022-10-09,Retail,1,1.0,3.4
CUST-03291,Rahul Patel,rahul.patel920@protonmail.com,9747179649,Pune,MH,411001,2021-11-20,Retail,0,198.0,4.0
CUST-00962,Meera Mehta,meera.mehta962@protonmail.com,09771745571,Ahmedabad,GJ,380001,2022-09-23,Business,0,117.0,2.6
CUST-04339,Suresh Iyer,suresh.iyer909@protonmail.com,9948257025,Delhi,DL,110001,2023-11-05,Smb,0,230.0,2.7
CUST-03727,Rahul Patel,rahul.patel881@gmail.com,91 98084-86361,Nagpur,MH,440001,2022-11-02,Retail,0,102.0,3.1
CUST-02300,Anitha Krishnan,anitha.krishnan334@outlook.com,9911593054,Chandigarh,CH,160017,2023-07-22,Business,1,80.0,
CUST-00076,  Ishita Verma  ,ishita.verma458@gmail.com,91 97892-78838,Kochi,KL,682001,2022-12-24,Smb,1,8.0,3.8
CUST-03980,Pradeep Singh,pradeep.singh343@protonmail.com,694001953,Lucknow,UP,226001,2021-09-04,Smb,1,66.0,3.0
CUST-00412,Ananya Iyer,ananya.iyer649@protonmail.com,9971399002,Pune,MH,411001,2021-12-27,Smb,1,168.0,3.7
CUST-01692,Karthik Verma,meera.patel694@yahoo.in,09718476261,Mysuru,KA,570001,2022-03-18,Business,0,156.0,3.8
CUST-00402,ISHITA BOSE,ishita.bose481@yahoo.in,9701804584,Guwahati,AS,781001,2021-12-01,Business,0,79.0,3.8
CUST-04853,  Lakshmi Iyer  ,lakshmi.iyer938@protonmail.com,9861543196,Chennai,TN,600001,2022-03-13,Enterprise,0,64.0,4.2
CUST-01971,Sathish Pillai,sathish.pillai895@yahoo.in,9629179377,Ahmedabad,GJ,380001,2023-10-30,Retail,1,84.0,3.1
CUST-03617,Bhavana Menon,bhavana.menon902@yahoo.in,09655850008,Bhubaneswar,OD,751001,2021-09-04,Enterprise,0,7.0,3.0
CUST-04839,Arjun Patel,arjun.patel348@protonmail.com,716160801,Ahmedabad,GJ,380001,2023-10-04,Business,1,119.0,3.9
CUST-03006,Kavya Das,kavya.das814@protonmail.com,9825094759,Pune,MH,411001,2023-11-09,Retail,1,125.0,4.5
CUST-01994,Nithin Mehta,nithin.mehta663@outlook.com,09868968600,Hyderabad,TS,500001,2022-12-15,Business,1,14.0,2.9
CUST-01197,Pradeep Das,pradeep.das263@protonmail.com,9786553298,PUNE,MH,411001,2022-06-18,Smb,0,3.0,3.3
CUST-03175,Priya Patel,priya.patel195@outlook.com,+91-96140 97938,Madurai,TN,625001,2023-01-16,Enterprise,0,131.0,3.1
CUST-03194,  Neha Singh  ,neha.singh83@yahoo.in,9809828811,Chennai,TN,600001,2023-02-12,Smb,0,49.0,4.4
CUST-02039,Rahul Reddy,rahul.reddy796@yahoo.in,+91-99284 26959,Kolkata,WB,700001,2021-11-14,Business,1,86.0,3.9
CUST-04186,-,vasanth.pillai573@yahoo.in,+91-96234 53737,Bengaluru,KA,560001,2022-08-13,Enterprise,1,144.0,2.9
CUST-03898,Aravind Iyer,aravind.iyer788@outlook.com,09642401449,Nagpur,MH,440001,2021-10-21,Retail,1,207.0,2.8
CUST-00464,  Imran Das  ,imran.das430@protonmail.com,09969813055,KOCHI,KL,682001,2022-04-29,Retail,0,158.0,4.0
CUST-01734,Sathish Chowdhury,sathish.chowdhury349@gmail.com,91 97082-95632,Chandigarh,CH,160017,2023-10-20,Retail,1,192.0,2.8
CUST-01493,Divya Krishnan,divya.krishnan425@yahoo.in,91 97380-67652,Chandigarh,CH,160017,2022-11-02,Business,0,51.0,2.2
CUST-03682,Pradeep Das,pradeep.das882@yahoo.in,9694694702,Nagpur,MH,440001,2022-09-18,Enterprise,1,44.0,2.5
CUST-01150,SATHISH KUMAR,sathish.kumar833@protonmail.com,9921856828,Delhi,DL,110001,2022-09-04,Retail,0,129.0,2.4
CUST-00774,Aravind Raman,aravind.raman366@yahoo.in,+91-98920 41083,Jaipur,RJ,302001,2022-09-25,Business,0,158.0,3.9
CUST-01886,Manish Singh,manish.singh898@gmail.com,9777346778,Kochi,KL,682001,2022-11-20,Smb,0,224.0,
CUST-00839,Nithin Reddy,nithin.reddy177@gmail.com,9899061710,Hyderabad,TS,500001,2023-12-29,Retail,1,99.0,
CUST-00568,Pradeep Reddy,pradeep.reddy426@gmail.com,91 97524-11039,Bhubaneswar,OD,751001,2023-08-27,Business,0,55.0,3.7
CUST-04996,Imran Sharma,imran.sharma584@gmail.com,9959786538,Jaipur,RJ,302001,2022-12-30,Business,0,240.0,
CUST-02033,Priya Iyer,priya.iyer489@protonmail.com,91 96535-01225,Ahmedabad,GJ,380001,2022-12-19,Retail,0,121.0,3.5
CUST-04422,Ananya Nair,ananya.nair148@protonmail.com,+91-99941 55050,Chennai,TN,600001,2023-11-23,Business,0,89.0,3.5
CUST-02445,Ananya Chowdhury,ananya.chowdhury37@gmail.com,9818330873,Kochi,KL,682001,2021-08-06,Smb,0,61.0,3.9
CUST-01172,  Lakshmi Verma  ,lakshmi.verma822@outlook.com,9664592944,Kochi,KL,682001,2022-10-29,Business,1,238.0,2.3
CUST-01629,Priya Singh,priya.singh420@gmail.com,844944657,PUNE,MH,411001,2022-05-18,Business,1,187.0,2.7
CUST-00325,Joseph Menon,joseph.menon110@yahoo.in,+91-97473 96477,Delhi,DL,110001,2022-06-21,Business,0,72.0,4.8
CUST-04964,Sneha Pillai,sneha.pillai827@gmail.com,91 98186-01813,Bhubaneswar,OD,751001,2022-03-04,Enterprise,0,196.0,2.2
CUST-02772,Gopal Pillai,gopal.pillai109@gmail.com,09696909968,Lucknow,UP,226001,2022-05-15,Enterprise,1,,4.6
CUST-02972,Manish Kumar,manish.kumar154@gmail.com,9726154697,Nagpur,MH,440001,2022-10-24,Business,0,72.0,4.7
CUST-00833,Kavya Bose,kavya.bose836@gmail.com,09813751923,Pune,MH,411001,2023-06-18,Enterprise,1,176.0,2.2
CUST-01309,sathish iyer,sathish.iyer555@yahoo.in,9606129950,Guwahati,AS,781001,2021-12-12,Retail,1,170.0,3.3
CUST-01167,Kavya Raman,kavya.raman739@gmail.com,9732020036,Bengaluru,KA,560001,2021-09-07,Smb,1,53.0,2.4
CUST-00337,Priya Joshi,priya.joshi109@outlook.com,+91-96435 20493,BHUBANESWAR,OD,751001,2022-02-28,Business,0,188.0,4.7
CUST-04096,Aravind Sharma,aravind.sharma993@protonmail.com,9797979668,Gurugram,HR,122001,2021-08-03,Business,0,55.0,4.9
CUST-00541,Meera Nair,meera.nair823@outlook.com,+91-97348 83107,Mumbai,MH,400001,2022-07-13,Business,1,82.0,2.5
CUST-01265,Vikram Nair,vikram.nair615outlook.com,91 99446-19515,DELHI,DL,110001,2022-09-01,Business,1,233.0,2.1
CUST-01836,Lakshmi Chowdhury,lakshmi.chowdhury722@gmail.com,9900795436,Lucknow,UP,226001,2023-03-19,Retail,0,125.0,2.4
CUST-03890,ANITHA REDDY,anitha.reddy816@outlook.com,641711036,Kochi,KL,682001,2023-12-04,Retail,0,120.0,2.4
CUST-04400,Rahul Bose,rahul.bose672@protonmail.com,09677794429,BHUBANESWAR,OD,751001,2022-12-02,Retail,0,240.0,4.9
CUST-03622,Nithin Pillai,nithin.pillai333@outlook.com,9898230005,COIMBATORE,TN,641001,2022-12-02,Smb,0,56.0,4.7
CUST-03645,Karthik Nair,karthik.nair627@yahoo.in,9998068809,Chandigarh,CH,160017,2023-06-14,Smb,1,231.0,2.5
CUST-01236,Rahul Patel,rahul.patel605@gmail.com,,Bengaluru,KA,560001,2023-06-21,Smb,1,30.0,4.4
CUST-00985,Sathish Reddy,sathish.reddy582@protonmail.com,unknown,Delhi,DL,110001,2023-05-16,Business,1,98.0,4.9
CUST-03183,Divya Das,divya.das786@protonmail.com,91 96767-91586,Bhubaneswar,OD,751001,2022-09-15,Retail,0,216.0,2.2
CUST-00108,NITHIN MENON,nithin.menon224@protonmail.com,-,Chandigarh,CH,160017,2022-07-07,Business,1,,4.1
CUST-03161,Rahul Nair,rahul.nair341@protonmail.com,9786197848,Ahmedabad,GJ,380001,2023-07-05,Retail,1,46.0,4.4
CUST-04321,Sneha Iyer,sneha.iyer20@outlook.com,+91-96300 84848,Delhi,DL,110001,2023-06-18,Business,1,39.0,2.4
CUST-03820,Ananya Kumar,ananya.kumar87@yahoo.in,+91-97649 49047,Gurugram,HR,122001,2021-12-15,Retail,0,169.0,
CUST-00469,Suresh Singh,  ,9602232071,Kochi,KL,682001,2022-04-26,Business,1,147.0,2.7
CUST-03020,  Fatima Menon  ,fatima.menon214@gmail.com,+91-96742 58618,Lucknow,UP,226001,2021-04-11,Enterprise,0,177.0,3.9
CUST-01160,Pradeep Kumar,pradeep.kumar577protonmail.com,9749008744,Lucknow,UP,226001,2023-01-19,Enterprise,1,92.0,2.7
CUST-02162,Aravind Das,aravind.das551@protonmail.com,+91-97723 33786,BENGALURU,KA,560001,2022-09-26,Retail,1,178.0,3.0
CUST-02489,Joseph Sharma,joseph.sharma174@yahoo.in,9781112002,Lucknow,UP,226001,2022-10-24,Retail,0,15.0,4.6
CUST-02181,VASANTH BOSE,vasanth.bose910@gmail.com,923735523,Guwahati,AS,781001,2023-07-01,Smb,0,26.0,2.7
CUST-04444,Deepa Pillai,deepa.pillai396@protonmail.com,91 96275-29227,Kochi,KL,682001,2023-05-27,Retail,1,56.0,2.3
CUST-03971,Divya Verma,divya.verma658@yahoo.in,09977333234,Jaipur,RJ,302001,2022-09-01,Business,1,128.0,2.1
CUST-04692,Bhavana Joshi,bhavana.joshi49@yahoo.in,91 98256-58964,Madurai,TN,625001,2022-11-25,Retail,1,199.0,3.1
CUST-01256,Rahul Kumar,rahul.kumar145@protonmail.com,91 98026-00323,Madurai,TN,625001,2022-08-03,Retail,0,118.0,3.1
CUST-00319,Ananya Patel,ananya.patel784@outlook.com,+91-97608 04056,Kochi,KL,682001,2023-05-26,Business,1,77.0,3.2
CUST-04273,  Neha Singh  ,neha.singh199@protonmail.com,+91-96798 26896,Nagpur,MH,440001,2022-06-17,Enterprise,0,115.0,4.6
CUST-01919,  Aravind Raman  ,aravind.raman998@outlook.com,09754804865,Bengaluru,KA,560001,2023-11-27,Business,0,135.0,4.7
CUST-03840,Vikram Singh,vikram.singh992@gmail.com,+91-98168 67168,Chandigarh,CH,160017,2022-08-28,Smb,0,120.0,3.5
CUST-02616,Vikram Chowdhury,vikram.chowdhury917@protonmail.com,09912413910,Jaipur,RJ,302001,2021-11-24,Retail,0,79.0,4.1
CUST-01700,Vasanth Kumar,vasanth.kumar102@outlook.com,9639296889,Pune,MH,411001,2021-05-11,Enterprise,1,46.0,3.5
CUST-02782,Ishita Joshi,,9606158462,Lucknow,UP,226001,2022-07-27,Enterprise,0,14.0,3.4
CUST-01506,  Neha Sharma  ,neha.sharma213@yahoo.in,9704535891,Ahmedabad,GJ,380001,2023-04-04,Smb,1,212.0,4.6
CUST-02860,  Kavya Patel  ,kavya.patel214@outlook.com,988296098,Ahmedabad,GJ,380001,2021-12-29,Smb,0,96.0,2.6
CUST-00027,Aravind Kumar,aravind.kumar21@yahoo.in,91 98542-41158,Visakhapatnam,AP,530001,2021-11-26,Retail,1,80.0,2.1
CUST-00898,Meera Iyer,meera.iyer25@outlook.com,9803010180,Gurugram,HR,122001,2023-12-30,Business,1,119.0,2.9
CUST-00680,Vasanth Patel,vasanth.patel401@protonmail.com,09720646196,Mysuru,KA,570001,2022-03-21,Retail,0,134.0,4.3
CUST-03082,Deepa Sharma,deepa.sharma250@yahoo.in,+91-97261 10753,Lucknow,UP,226001,2022-06-14,Business,1,201.0,3.7
CUST-02074,SURESH JOSHI,suresh.joshi559@protonmail.com,832964605,Madurai,TN,625001,2023-08-17,Enterprise,0,134.0,2.0
CUST-01958,Kavya Reddy,kavya.reddy744outlook.com,+91-96000 46329,Mumbai,MH,400001,2023-07-11,Smb,0,219.0,4.9
CUST-01207,Fatima Das,fatima.das261@outlook.com,+91-97506 92900,Kochi,KL,682001,2022-07-23,Smb,1,130.0,2.9
CUST-04633,Deepa Bose,deepa.bose773@outlook.com,9732288072,Nagpur,MH,440001,2022-03-25,Business,1,54.0,4.7
CUST-01496,Lakshmi Krishnan,lakshmi.krishnan585@yahoo.in,+91-98760 04282,Ahmedabad,GJ,380001,2021-09-17,Smb,1,154.0,2.3
CUST-01929,Aravind Verma,aravind.verma957@outlook.com,9833772565,Lucknow,UP,226001,2022-09-30,Business,1,9.0,2.8
CUST-04662,Pradeep Reddy,pradeep.reddy792@protonmail.com,9613039828,Chandigarh,CH,160017,2022-06-29,Retail,1,137.0,3.3
CUST-00724,Priya Joshi,priya.joshi708@yahoo.in,91 99440-37917,Pune,MH,411001,2022-01-30,Retail,0,71.0,3.7
CUST-00431,Pradeep Joshi,pradeep.joshi956@gmail.com,931651300,Coimbatore,TN,641001,2021-12-22,Business,0,3.0,3.5
CUST-02870,Karthik Menon,karthik.menon375@yahoo.in,9625081070,Mysuru,KA,570001,2023-12-28,Retail,1,151.0,2.2
CUST-04846,VASANTH CHOWDHURY,vasanth.chowdhury120@yahoo.in,9690621423,Mumbai,MH,400001,2023-05-31,Retail,0,187.0,3.4
CUST-01774,Aravind Reddy,aravind.reddy996@outlook.com,+91-98782 10802,Kolkata,WB,700001,2022-06-01,Enterprise,0,27.0,2.3
CUST-04977,Vasanth Bose,vasanth.bose948@protonmail.com,+91-97100 95368,Jaipur,RJ,302001,2023-03-05,Retail,1,68.0,2.5
CUST-01297,joseph singh,joseph.singh664@protonmail.com,+91-98112 62948,Ahmedabad,GJ,380001,2022-12-21,Business,1,5.0,4.0
CUST-02200,Ishita Reddy,ishita.reddy605@gmail.com,9799055560,Gurugram,HR,122001,2023-08-24,Retail,1,17.0,3.1
CUST-03495,REVATHI PATEL,revathi.patel139@outlook.com,+91-97254 97366,Guwahati,AS,781001,2021-09-09,Business,1,111.0,4.7
CUST-01778,Bhavana Nair,bhavana.nair682@protonmail.com,9984000421,Guwahati,AS,781001,2022-10-30,Retail,0,162.0,2.6
CUST-03410,Nithin Raman,nithin.raman929@gmail.com,91 96185-69538,Visakhapatnam,AP,530001,2022-04-18,Business,0,121.0,4.4
CUST-02464,  Rahul Bose  ,rahul.bose809@protonmail.com,9611409578,Kochi,KL,682001,2023-07-29,Business,0,27.0,3.4
CUST-00661,Ravi Kumar,ravi.kumar688@protonmail.com,9660501858,Bengaluru,KA,560001,2021-08-31,Smb,0,227.0,2.9
CUST-00336,  Arjun Das  ,  ,91 99560-19329,Visakhapatnam,AP,530001,2021-11-05,Smb,0,228.0,2.9
CUST-04101,Priya Mehta,priya.mehta5@outlook.com,+91-99369 15236,Jaipur,RJ,302001,2023-04-28,Smb,1,22.0,3.8
CUST-00077,ANITHA NAIR,anitha.nair376@outlook.com,9904537151,Mysuru,KA,570001,2022-07-07,Business,0,167.0,
CUST-04670,  Ishita Mehta  ,ishita.mehta308@yahoo.in,+91-99187 05516,NAGPUR,MH,440001,2022-09-08,Business,0,3.0,3.6
CUST-03446,Sathish Mehta,sathish.mehta813@outlook.com,+91-99343 33224,Lucknow,UP,226001,2023-02-20,Business,1,6.0,2.9
CUST-01865,Rahul Pillai,rahul.pillai470@protonmail.com,91 99135-61434,Lucknow,UP,226001,2021-10-17,Business,1,130.0,2.9
CUST-02177,  Suresh Verma  ,suresh.verma191@yahoo.in,9719769144,Madurai,TN,625001,2022-04-25,Business,1,125.0,4.3
CUST-01393,Swetha Verma,swetha.verma483outlook.com,9710778647,DELHI,DL,110001,2022-11-26,Enterprise,0,2.0,3.6
CUST-00014,Rahul Menon,rahul.menon854@outlook.com,+91-99511 00860,Nagpur,MH,440001,2023-09-13,Enterprise,1,70.0,2.6
CUST-04610,Manish Bose,manish.bose857@gmail.com,9716063672,Lucknow,UP,226001,2023-10-16,Business,1,105.0,4.6
CUST-04031,Bhavana Nair,bhavana.nair20@gmail.com,617228168,PUNE,MH,411001,2023-12-16,Retail,0,127.0,4.8
CUST-03381,Imran Sharma,imran.sharma277@protonmail.com,9775360088,Bhubaneswar,OD,751001,2023-10-10,Retail,1,3.0,4.2
CUST-00853,ARJUN SHARMA,arjun.sharma158@outlook.com,91 99564-75754,Pune,MH,411001,2021-10-13,Business,0,66.0,4.6
CUST-04278,ISHITA IYER,ishita.iyer126@gmail.com,9722107750,Ahmedabad,GJ,380001,2022-03-18,Business,1,182.0,
CUST-02651,Pradeep Singh,pradeep.singh687@yahoo.in,9702839781,Guwahati,AS,781001,2022-05-13,Business,0,12.0,2.3
CUST-02229,Vasanth Verma,vasanth.verma999@yahoo.in,9662797304,Jaipur,RJ,302001,2023-03-03,Business,0,3.0,4.9
CUST-00847,Sneha Chowdhury,sneha.chowdhury55@outlook.com,9796731701,Mysuru,KA,570001,2023-11-15,Business,1,,2.4
CUST-00109,revathi reddy,revathi.reddy153@yahoo.in,9882638906,Ahmedabad,GJ,380001,2022-01-17,Business,0,168.0,
CUST-01951,Sneha Menon,sneha.menon797@outlook.com,9730803427,Hyderabad,TS,500001,2022-05-21,Retail,1,41.0,4.8
CUST-00941,bhavana bose,bhavana.bose787@yahoo.in,9697066283,Chennai,TN,600001,2023-12-01,Business,1,123.0,2.9
CUST-02856,Ravi Nair,ravi.nair512@protonmail.com,9777487536,Guwahati,AS,781001,2022-12-19,Retail,1,121.0,4.4
CUST-04513,Gopal Das,gopal.das253@gmail.com,9677052999,Kochi,KL,682001,2023-12-30,Smb,0,100.0,4.9
CUST-01505,Nithin Verma,nithin.verma444@protonmail.com,+91-96041 80519,Gurugram,HR,122001,2021-08-13,Smb,0,5.0,4.7
CUST-02311,SATHISH SHARMA,sathish.sharma493@yahoo.in,9879011430,Jaipur,RJ,302001,2023-08-11,Smb,1,148.0,3.6
CUST-01793,Nithin Iyer,nithin.iyer252@yahoo.in,+91-96251 29775,Chennai,TN,600001,2022-08-11,Retail,0,150.0,2.9
CUST-02658,Lakshmi Das,lakshmi.das621@gmail.com,9863579480,Jaipur,RJ,302001,2023-05-05,Retail,1,193.0,2.4
CUST-04323,Ishita Mehta,ishita.mehta515outlook.com,09674337868,Visakhapatnam,AP,530001,2022-09-30,Retail,1,213.0,2.5
CUST-04136,divya menon,divya.menon549@outlook.com,09730336257,Nagpur,MH,440001,2022-06-01,Business,1,229.0,2.6
CUST-03601,imran iyer,,,MADURAI,TN,625001,2023-01-16,Retail,0,84.0,3.4
CUST-03480,Ishita Menon,ishita.menon407@gmail.com,91 97168-87260,Delhi,DL,110001,2023-02-09,Business,0,79.0,4.6
CUST-00427,  Ananya Nair  ,ananya.nair274@gmail.com,9943164390,Pune,MH,411001,2022-09-08,Business,1,110.0,4.2
CUST-00094,Lakshmi Krishnan,lakshmi.krishnan506@yahoo.in,9851266739,Bengaluru,KA,560001,2023-01-20,Enterprise,0,45.0,3.9
CUST-01102,SATHISH VERMA,sathish.verma740@protonmail.com,9750297484,Kochi,KL,682001,2023-06-17,Retail,1,104.0,3.8
CUST-02811,Karthik Raman,karthik.raman97@protonmail.com,-,Visakhapatnam,AP,530001,2023-11-27,Business,1,29.0,3.4
CUST-03121,Swetha Pillai,swetha.pillai534@protonmail.com,91 96725-63227,Pune,MH,411001,2022-11-02,Smb,0,168.0,3.5
CUST-04050,Sathish Bose,sathish.bose36@yahoo.in,9651037009,Gurugram,HR,122001,2022-02-07,Business,1,78.0,2.2
CUST-01414,Bhavana Patel,bhavana.patel469@protonmail.com,9687826593,Jaipur,RJ,302001,2021-09-15,Enterprise,0,190.0,3.7
CUST-01245,ARJUN KRISHNAN,arjun.krishnan652@yahoo.in,9774369195,Chandigarh,CH,160017,2021-11-09,Retail,0,82.0,3.8
CUST-00159,Karthik Iyer,karthik.iyer104@outlook.com,9784613358,DELHI,DL,110001,2023-08-06,Enterprise,1,10.0,4.6
CUST-00920,Sneha Chowdhury,sneha.chowdhury368yahoo.in,9643246780,AHMEDABAD,GJ,380001,2021-12-19,Retail,0,74.0,3.0
CUST-02905,Ravi Iyer,RAVI.IYER325@OUTLOOK.COM,9703087425,Mumbai,MH,400001,2022-03-02,Business,0,159.0,2.3
CUST-03516,Pradeep Patel,pradeep.patel275@protonmail.com,+91-99501 37945,Delhi,DL,110001,2022-07-09,Smb,0,148.0,2.0
CUST-00213,Manish Singh,manish.singh132@gmail.com,+91-98271 90814,Nagpur,MH,440001,2023-08-30,Enterprise,0,81.0,2.0
CUST-02498,vikram chowdhury,vikram.chowdhury816@yahoo.in,644920020,Pune,MH,411001,2021-10-28,Smb,1,106.0,2.8
CUST-01351,Karthik Bose,karthik.bose571@gmail.com,9711198874,Jaipur,RJ,302001,2022-07-29,Smb,1,188.0,3.6
CUST-02698,Ishita Nair,ishita.nair828@protonmail.com,+91-96176 91487,Chennai,TN,600001,2023-01-23,Smb,0,144.0,3.7
CUST-03678,Sathish Menon,sathish.menon763@protonmail.com,648012162,Lucknow,UP,226001,2022-12-30,Retail,1,73.0,
CUST-01295,Sneha Iyer,sneha.iyer578@yahoo.in,9989727475,Visakhapatnam,AP,530001,2022-01-20,Business,0,89.0,3.8
CUST-01486,arjun singh,arjun.singh364@protonmail.com,9878977172,Mysuru,KA,570001,2023-01-20,Retail,0,10.0,2.7
CUST-03953,Neha Verma,neha.verma209@protonmail.com,91 98975-38965,Pune,MH,411001,2023-04-07,Business,1,180.0,2.5
CUST-01647,Arjun Nair,arjun.nair237@outlook.com,91 99407-09778,Guwahati,AS,781001,2022-01-28,Business,0,202.0,3.8
CUST-00456,  Vasanth Das  ,vasanth.das952@gmail.com,9645655154,VISAKHAPATNAM,AP,530001,2023-02-18,Business,1,102.0,2.9
CUST-04009,Fatima Chowdhury,fatima.chowdhury90@yahoo.in,9640694862,Guwahati,AS,781001,2023-03-13,Retail,0,97.0,3.8
CUST-03968,Rahul Bose,rahul.bose244@protonmail.com,9942504585,Visakhapatnam,AP,530001,2023-11-18,Smb,1,40.0,4.7
CUST-02151,Aravind Chowdhury,aravind.chowdhury674@yahoo.in,09974467214,Kochi,KL,682001,2023-12-18,Retail,0,178.0,2.3
CUST-00087,Imran Bose,imran.bose915@yahoo.in,9929138443,Jaipur,RJ,302001,2022-07-04,Smb,0,77.0,2.0
CUST-00681,VASANTH VERMA,vasanth.verma914@yahoo.in,+91-96214 47214,Jaipur,RJ,302001,2022-04-21,Business,0,131.0,4.3
CUST-04528,Ravi Menon,ravi.menon694@protonmail.com,09842033383,Hyderabad,TS,500001,2022-10-21,Enterprise,1,124.0,2.8
CUST-01184,Arjun Kumar,arjun.kumar7@yahoo.in,9783058159,Lucknow,UP,226001,2023-04-14,Retail,0,208.0,2.2
CUST-02141,Sathish Kumar,sathish.kumar487@gmail.com,9837534164,Bengaluru,KA,560001,2022-04-24,Enterprise,0,175.0,2.8
CUST-01849,Vikram Reddy,vikram.reddy10@gmail.com,9908099761,Bengaluru,KA,560001,2022-10-27,Retail,0,64.0,3.6
CUST-01016,Kavya Das,  ,91 99364-04285,Chennai,TN,600001,2021-11-25,Business,1,217.0,2.5
CUST-04251,Rahul Das,rahul.das232@outlook.com,,Delhi,DL,110001,2021-10-02,Smb,0,55.0,4.7
CUST-02142,Suresh Kumār,suresh.kumar197@gmail.com,91 98887-61365,Hyderabad,TS,500001,2022-04-08,Business,1,192.0,2.5
CUST-01777,sathish pillai,sathish.pillai463@gmail.com,9770076615,Kolkata,WB,700001,2022-07-01,Retail,0,206.0,2.8
CUST-03127,  Divya Bose  ,divya.bose168@yahoo.in,+91-97362 22038,Mumbai,MH,400001,2021-11-09,Business,1,88.0,4.9
CUST-03440,MANISH JOSHI,manish.joshi63@yahoo.in,09957421322,Chennai,TN,600001,2023-06-02,Enterprise,1,87.0,3.7
CUST-01082,Divya Reddy,divya.reddy918@protonmail.com,91 99187-61369,Delhi,DL,110001,2021-12-23,Business,1,12.0,
CUST-00788,Manish Menon,manish.menon209@protonmail.com,9885890801,Bhubaneswar,OD,751001,2023-01-07,Business,0,67.0,3.1
CUST-04367,Sathish Singh,sathish.singh644@yahoo.in,+91-99633 14309,Coimbatore,TN,641001,2021-11-27,Business,1,197.0,4.5
CUST-04644,Bhavana Joshi,bhavana.joshi102@gmail.com,9735863785,Madurai,TN,625001,2023-06-09,Smb,0,22.0,4.1
CUST-03806,Neha Pillai,neha.pillai69@outlook.com,9678639924,Chandigarh,CH,160017,2022-04-29,Enterprise,0,121.0,2.7
CUST-03119,MANISH SHARMA,manish.sharma252@protonmail.com,+91-99676 08426,Madurai,TN,625001,2023-02-20,Business,1,100.0,3.5
CUST-03313,Deepa Chowdhury,deepa.chowdhury546@protonmail.com,9899475508,Gurugram,HR,122001,2021-09-23,Business,1,113.0,3.9
CUST-03005,Kavya Nair,kavya.nair227@protonmail.com,9650506591,Hyderabad,TS,500001,2023-08-28,Smb,0,222.0,4.0
CUST-03253,Rahul Raman,rahul.raman290@outlook.com,9870246332,Chennai,TN,600001,2022-12-29,Business,0,153.0,3.2
CUST-02359,Joseph Krishnan,joseph.krishnan908@outlook.com,657724496,Chandigarh,CH,160017,2023-10-20,Smb,0,158.0,3.4
CUST-03039,  Suresh Raman  ,suresh.raman250@protonmail.com,+91-97156 98498,Chandigarh,CH,160017,2021-07-30,Smb,1,87.0,3.6
CUST-02207,Bhavana Verma,bhavana.verma146@gmail.com,9915546900,Nagpur,MH,440001,2023-05-23,Smb,0,116.0,3.1
CUST-00144,Meera Kumar,meera.kumar570@yahoo.in,654711089,Mysuru,KA,570001,2022-11-16,Smb,0,150.0,4.8
CUST-00468,Sneha Iyer,sneha.iyer826@gmail.com,9825829841,Lucknow,UP,226001,2021-10-10,Business,1,2.0,4.3
CUST-03569,Pradeep Kumar,pradeep.kumar772@gmail.com,91 97430-49822,Delhi,DL,110001,2023-11-08,Retail,0,193.0,
CUST-03018,Aravind Sharma,aravind.sharma533@outlook.com,9632606772,Kochi,KL,682001,2022-03-04,Business,1,75.0,3.9
CUST-03916,Vikram Patel,vikram.patel222@outlook.com,9830662606,Nagpur,MH,440001,2022-05-05,Smb,0,58.0,4.9
CUST-01897,Priya Pillai,priya.pillai271@gmail.com,9644772943,Chennai,TN,600001,2023-06-24,Business,1,45.0,3.1
CUST-00628,Sathish Singh,unknown,701735164,Bhubaneswar,OD,751001,2022-02-21,Retail,0,164.0,2.5
CUST-04646,Divya Patel,divya.patel12@yahoo.in,91 96239-35887,Mysuru,KA,570001,2021-08-18,Business,1,222.0,2.7
CUST-04748,Joseph Verma,joseph.verma548@gmail.com,09847143267,Ahmedabad,GJ,380001,2023-11-14,Smb,1,176.0,2.1
CUST-03554,Pradeep Nair,pradeep.nair61@gmail.com,9890898969,Guwahati,AS,781001,2022-02-05,Retail,1,151.0,2.4
CUST-00572,Revathi Patel,revathi.patel916@gmail.com,+91-98475 93906,Chandigarh,CH,160017,2021-09-30,Business,1,63.0,
CUST-04453,Ravi Mehta,ravi.mehta991@outlook.com,+91-97450 30601,Bhubaneswar,OD,751001,2023-11-04,Retail,1,177.0,3.6
CUST-04003,Gopal Verma,gopal.verma641@outlook.com,91 98592-58349,PUNE,MH,411001,2023-10-09,Retail,1,221.0,5.0
CUST-04091,Neha Das,neha.das314@outlook.com,+91-97604 36474,Chandigarh,CH,160017,2023-01-24,Retail,1,140.0,4.7
CUST-00923,Priya Reddy,priya.reddy304@gmail.com,9889011791,Kochi,KL,682001,2021-11-10,Retail,1,84.0,3.6
CUST-03559,  ,gopal.joshi116@gmail.com,+91-96670 62947,Jaipur,RJ,302001,2023-10-15,Business,1,159.0,4.7
CUST-01603,Karthik Menon,karthik.menon329@yahoo.in,9869937165,Madurai,TN,625001,2022-12-18,Retail,0,223.0,3.2
CUST-04270,Gopal Menon,  ,9629305960,Kolkata,WB,700001,2022-03-13,Retail,0,166.0,2.9
CUST-04666,Deepa Patel,deepa.patel208@yahoo.in,91 99197-76752,Pune,MH,411001,2022-12-07,Retail,0,185.0,4.7
CUST-04065,Meera Sharma,meera.sharma266@outlook.com,9618418398,Delhi,DL,110001,2021-11-09,Enterprise,0,32.0,4.9
CUST-03085,Meera Mehta,meera.mehta182@protonmail.com,91 98743-00968,Hyderabad,TS,500001,2021-11-07,Retail,0,20.0,3.9
CUST-04880,Bhavana Nair,bhavana.nair343@gmail.com,09842295107,Jaipur,RJ,302001,2022-11-08,Business,1,16.0,4.6
CUST-04203,BHAVANA RAMAN,bhavana.raman332@protonmail.com,+91-99099 36378,Coimbatore,TN,641001,2023-04-04,Retail,0,92.0,4.5
CUST-00593,Neha Singh,NEHA.SINGH791@OUTLOOK.COM,9836030435,Jaipur,RJ,302001,2022-10-08,Retail,0,198.0,4.4
CUST-00261,DIVYA REDDY,divya.reddy347@protonmail.com,+91-96155 65329,Coimbatore,TN,641001,2022-05-04,Smb,0,158.0,3.0
CUST-03357,Revathi Bose,revathi.bose34@outlook.com,09910862422,Kolkata,WB,700001,2022-06-27,Smb,1,185.0,4.6
CUST-04543,Kavya Raman,kavya.raman855@outlook.com,9789085120,Madurai,TN,625001,2023-01-24,Retail,1,205.0,2.4
CUST-03837,Lakshmi Pillai,lakshmi.pillai942@gmail.com,+91-97755 02202,Chandigarh,CH,160017,2023-07-26,Retail,1,138.0,3.3
CUST-03408,Fatima Nair,fatima.nair457@protonmail.com,9948429413,Chandigarh,CH,160017,2022-08-14,Retail,0,200.0,2.9
CUST-00931,Aravind Kumar,aravind.kumar505@protonmail.com,+91-96233 26372,Ahmedabad,GJ,380001,2021-08-07,Business,0,198.0,2.4
CUST-03338,Imran Das,-,9965320327,Madurai,TN,625001,2022-03-22,Business,0,99.0,2.8
CUST-03728,Meera Chowdhury,meera.chowdhury868@yahoo.in,+91-96563 62088,Pune,MH,411001,2022-03-13,Enterprise,0,16.0,4.2
CUST-00925,Deepa Iyer,deepa.iyer223@outlook.com,91 96600-18440,KOCHI,KL,682001,2023-11-15,Retail,0,65.0,4.4
CUST-02961,Ananya Nair,ananya.nair538@yahoo.in,+91-97833 04982,GURUGRAM,HR,122001,2022-07-04,Enterprise,1,168.0,3.4
CUST-03204,Nithin Iyer,nithin.iyer228@protonmail.com,+91-97945 51335,Madurai,TN,625001,2023-04-19,Business,0,206.0,3.2
CUST-01695,Deepa Kumar,deepa.kumar186@outlook.com,9829337105,Bhubaneswar,OD,751001,2021-10-26,Business,0,189.0,3.5
CUST-04553,NITHIN CHOWDHURY,nithin.chowdhury835@outlook.com,+91-97827 65998,Delhi,DL,110001,2022-12-10,Retail,1,118.0,4.4
CUST-04160,Priya Mehta,priya.mehta110@outlook.com,9875429036,GURUGRAM,HR,122001,2021-07-27,Retail,1,225.0,2.2
CUST-00184,Aravind Pillai,aravind.pillai966@protonmail.com,,Kochi,KL,682001,2023-02-04,Business,1,38.0,4.1
CUST-04561,Rahul Menon,rahul.menon30@gmail.com,09686993564,Lucknow,UP,226001,2022-12-07,Retail,1,50.0,2.5
CUST-02192,  Vasanth Krishnan  ,vasanth.krishnan559@outlook.com,09989021137,Gurugram,HR,122001,2022-10-19,Enterprise,1,82.0,2.7
CUST-01802,Priya Mehta,priya.mehta678@protonmail.com,09963692521,Visakhapatnam,AP,530001,2023-02-19,Retail,1,68.0,3.0
CUST-03512,Imran Patel,nithin.krishnan410outlook.com,+91-98094 85784,Gurugram,HR,122001,2023-07-15,Business,0,233.0,2.6
CUST-01663,Priya Nair,priya.nair190@gmail.com,9733771101,Nagpur,MH,440001,2023-09-05,Retail,1,181.0,3.0
CUST-04037,Sathish Joshi,sathish.joshi353@gmail.com,9865630967,Guwahati,AS,781001,2022-11-02,Enterprise,1,162.0,3.4
CUST-01621,Sneha Menon,sneha.menon146@yahoo.in,+91-96721 06161,Bhubaneswar,OD,751001,2022-04-01,Smb,1,56.0,3.6
CUST-02879,Ananya Joshi,ananya.joshi509@outlook.com,-,BENGALURU,KA,560001,2022-05-24,Enterprise,1,86.0,2.0
CUST-00588,Ananya Singh,ananya.singh707@gmail.com,9636509318,Kolkata,WB,700001,2023-02-06,Retail,0,93.0,4.0
CUST-01879,aravind bose,aravind.bose916@outlook.com,9644284342,Delhi,DL,110001,2023-09-15,Retail,1,67.0,3.0
CUST-04199,Rahul Chowdhury,rahul.chowdhury26@yahoo.in,9962667240,Chandigarh,CH,160017,2022-11-28,Enterprise,0,188.0,2.1
CUST-03731,Sathish Krishnan,sathish.krishnan806@gmail.com,91 98509-11936,GUWAHATI,AS,781001,2023-04-26,Enterprise,1,70.0,2.9
CUST-03674,Priya Raman,priya.raman14@gmail.com,,Mysuru,KA,570001,2023-07-01,Retail,0,32.0,2.5
CUST-02884,Ananya Raman,ananya.raman196@gmail.com,09839519580,Nagpur,MH,440001,2021-10-29,Retail,1,221.0,3.3
CUST-04570,Vasanth Raman,vasanth.raman265@protonmail.com,09970569897,Pune,MH,411001,2022-04-19,Enterprise,0,78.0,
CUST-04292,Lakshmi Menon,lakshmi.menon991@yahoo.in,9921478681,Chennai,TN,600001,2022-12-16,Enterprise,1,113.0,2.9
CUST-03613,Lakshmi Kumar,lakshmi.kumar435@protonmail.com,9706117350,Ahmedabad,GJ,380001,2023-05-10,Smb,0,115.0,4.9
CUST-03164,Gopal Reddy,gopal.reddy714@yahoo.in,9718969304,Gurugram,HR,122001,2022-04-02,Retail,0,151.0,3.6
CUST-04441,Nithin Bose,nithin.bose323@gmail.com,9856114665,PUNE,MH,411001,2023-06-20,Business,1,216.0,
CUST-04495,Meera Nair,meera.nair179@gmail.com,09794059782,Coimbatore,TN,641001,2022-07-10,Retail,0,7.0,3.2
CUST-00789,Sneha Nair,sneha.nair965@gmail.com,9932114531,Lucknow,UP,226001,2021-07-25,Smb,0,31.0,2.5
CUST-03012,Rahul Kumar,rahul.kumar657@outlook.com,696152724,Nagpur,MH,440001,2023-08-30,Smb,0,166.0,4.1
CUST-04381,Nithin Singh,nithin.singh276@protonmail.com,91 97753-67120,Kochi,KL,682001,2023-05-31,Retail,1,36.0,2.5
CUST-04959,Karthik Krishnan,karthik.krishnan207@gmail.com,9947074373,Chandigarh,CH,160017,2023-12-05,Smb,1,219.0,3.8
CUST-00473,Sneha Pillai,sneha.pillai104@protonmail.com,9822127727,Madurai,TN,625001,2023-07-20,Business,1,232.0,3.7
CUST-01746,Ananya Sharma,ananya.sharma493@outlook.com,9861883337,Hyderabad,TS,500001,2022-06-04,Business,1,87.0,4.9
CUST-02405,Ananya Nair,ananya.nair217@gmail.com,+91-98346 89200,Gurugram,HR,122001,2022-09-01,Enterprise,0,184.0,3.9
CUST-03685,Vasanth Patel,vasanth.patel534@protonmail.com,91 97289-89582,Guwahati,AS,781001,2021-07-29,Business,1,60.0,4.0
CUST-03509,Sneha Verma,  ,9927608937,Ahmedabad,GJ,380001,2022-12-29,Business,0,85.0,4.2
CUST-02028,Ananya Reddy,ANANYA.REDDY611@GMAIL.COM,868721517,Kochi,KL,682001,2021-08-31,Business,0,110.0,3.3
CUST-04183,VIKRAM CHOWDHURY,vikram.chowdhury201@outlook.com,+91-99611 56211,Visakhapatnam,AP,530001,2021-11-10,Smb,0,83.0,3.5
CUST-02836,Vasanth Bose,vasanth.bose2@protonmail.com,+91-99639 07212,Hyderabad,TS,500001,2022-01-19,Enterprise,1,137.0,3.0
CUST-04401,suresh krishnan,-,09821306866,Coimbatore,TN,641001,2022-10-02,Retail,0,201.0,2.6
CUST-01924,Suresh Bose,suresh.bose783@yahoo.in,+91-98767 27538,Ahmedabad,GJ,380001,2021-08-13,Retail,1,115.0,3.1
CUST-03113,Neha Bose,neha.bose17@protonmail.com,09645229377,Madurai,TN,625001,2022-11-04,Enterprise,1,210.0,3.8
CUST-00690,Vasanth Joshi,vasanth.joshi21@protonmail.com,9839083411,Madurai,TN,625001,2023-07-23,Retail,0,166.0,3.6
CUST-01079,Suresh Pillai,suresh.pillai328@protonmail.com,09771432493,Bengaluru,KA,560001,2022-07-05,Business,1,217.0,3.7
CUST-00442,Revathi Nair,revathi.nair658@yahoo.in,+91-97127 28064,Chennai,TN,600001,2022-06-17,Smb,1,105.0,2.9
CUST-00536,Joseph Patel,joseph.patel804@outlook.com,9999154589,Delhi,DL,110001,2022-10-18,Retail,1,144.0,2.9
CUST-02047,Manish Iyer,manish.iyer316@yahoo.in,+91-96754 60539,Kolkata,WB,700001,2023-07-14,Business,0,7.0,2.3
CUST-00360,  Ananya Krishnan  ,ananya.krishnan92@protonmail.com,9812277218,Coimbatore,TN,641001,2022-06-01,Enterprise,1,144.0,3.9
CUST-00783,Swetha Verma,swetha.verma885@protonmail.com,+91-98414 73623,Delhi,DL,110001,2021-12-03,Business,1,162.0,3.8
CUST-02543,Karthik Joshi,karthik.joshi7@yahoo.in,835613161,Guwahati,AS,781001,2021-12-06,Smb,1,146.0,2.1
CUST-00581,Kavya Patel,kavya.patel10@protonmail.com,09659873939,Lucknow,UP,226001,2023-12-31,Business,0,70.0,2.5
CUST-02855,Rahul Kumar,rahul.kumar649@gmail.com,9600748609,Lucknow,UP,226001,2021-10-17,Enterprise,1,74.0,
CUST-01232,Karthik Iyer,karthik.iyer958@gmail.com,9921215297,Madurai,TN,625001,2023-09-26,Enterprise,0,44.0,2.5
CUST-00548,BHAVANA IYER,bhavana.iyer916@yahoo.in,9694976582,Mysuru,KA,570001,2023-02-13,Enterprise,1,219.0,
CUST-03993,Swetha Kumar,swetha.kumar676@yahoo.in,09770364711,Visakhapatnam,AP,530001,2023-06-05,Business,1,155.0,4.6
CUST-03572,Pradeep Iyer,pradeep.iyer405@outlook.com,9824458507,Nagpur,MH,440001,2023-11-08,Retail,0,77.0,4.9
CUST-04165,Neha Menon,neha.menon582@protonmail.com,09691349732,Bengaluru,KA,560001,2022-09-10,Business,0,89.0,4.9
CUST-04248,Deepa Raman,,91 97386-31373,Ahmedabad,GJ,380001,2023-02-11,Retail,1,80.0,3.2
CUST-03851,Swetha Kumar,swetha.kumar442@yahoo.in,9859871313,Pune,MH,411001,2021-08-20,Retail,1,223.0,4.2
CUST-00665,Deepa Nair,revathi.singh79@gmail.com,+91-98500 21635,Chennai,TN,600001,2023-03-18,Business,0,206.0,4.0
CUST-04624,Ishita Iyer,ishita.iyer920@yahoo.in,+91-97268 93281,Mysuru,KA,570001,2023-10-27,Retail,1,166.0,3.3
CUST-02139,Divya Patel,divya.patel181@yahoo.in,,Nagpur,MH,440001,2023-02-18,Business,1,180.0,2.9
CUST-01526,NITHIN KRISHNAN,nithin.krishnan47@yahoo.in,9762427382,Gurugram,HR,122001,2022-06-15,Business,0,188.0,3.5
CUST-00110,Joseph Joshi,joseph.joshi10@yahoo.in,91 98329-53470,Kolkata,WB,700001,2023-05-29,Enterprise,0,70.0,2.2
CUST-01119,rahul kumar,rahul.kumar404@yahoo.in,9617218322,Mysuru,KA,570001,2023-10-18,Smb,0,109.0,4.7
CUST-01843,rahul krishnan,rahul.krishnan297@yahoo.in,+91-98272 01298,Pune,MH,411001,2021-08-16,Business,1,227.0,3.6
CUST-00551,Divya Das,divya.das924@yahoo.in,9996270042,Coimbatore,TN,641001,2021-08-28,Business,0,46.0,2.8
CUST-01210,DEEPA KUMAR,deepa.kumar177@yahoo.in,+91-99741 68412,Pune,MH,411001,2022-03-21,Smb,1,62.0,2.1
CUST-00317,Aravind Das,aravind.das47@yahoo.in,787301796,Visakhapatnam,AP,530001,2022-12-31,Business,1,170.0,2.7
CUST-02412,  Vikram Singh  ,vikram.singh503@yahoo.in,9709820759,Mysuru,KA,570001,2022-08-25,Retail,0,195.0,4.6
CUST-01650,Rahul Reddy,rahul.reddy82@gmail.com,9788020258,Mysuru,KA,570001,2021-10-29,Business,0,151.0,4.4
CUST-04657,Fatima Menon,meera.menon184@yahoo.in,9686380063,Bhubaneswar,OD,751001,2021-12-10,Retail,1,185.0,3.9
CUST-04373,Suresh Pillai,suresh.pillai488yahoo.in,,Pune,MH,411001,2023-07-02,Retail,0,147.0,2.5
CUST-01864,  Karthik Joshi  ,karthik.joshi997@gmail.com,9609243698,Chandigarh,CH,160017,2022-07-20,Business,1,99.0,3.0
CUST-03545,Aravind Chowdhury,aravind.chowdhury745@protonmail.com,+91-96010 13100,Visakhapatnam,AP,530001,2022-08-22,Business,1,235.0,2.3
CUST-00181,Priya Singh,priya.singh953@protonmail.com,09702316195,Bengaluru,KA,560001,2022-09-26,Smb,0,130.0,3.5
CUST-01370,Manish Joshi,manish.joshi575@protonmail.com,91 99415-30259,Guwahati,AS,781001,2023-04-23,Retail,1,14.0,3.4
CUST-00865,Rahul Joshi,rahul.joshi140@gmail.com,9964180094,Lucknow,UP,226001,2023-02-03,Retail,0,44.0,3.8
CUST-02402,Sneha Singh,sneha.singh81@yahoo.in,9688766798,Pune,MH,411001,2023-06-04,Retail,1,95.0,4.5
CUST-04182,Nithin Reddy,nithin.reddy242@yahoo.in,+91-98411 74288,Coimbatore,TN,641001,2021-09-30,Business,0,157.0,2.1
CUST-03694,Meera Joshi,meera.joshi786@yahoo.in,9978647017,Jaipur,RJ,302001,2023-11-22,Retail,1,150.0,4.1
CUST-02945,Meera Reddy,meera.reddy495@gmail.com,91 99386-03004,Nagpur,MH,440001,2023-07-23,Business,1,187.0,4.2
CUST-03657,Karthik Das,karthik.das60@outlook.com,9921602910,DELHI,DL,110001,2023-08-03,Retail,1,18.0,2.2
CUST-02949,Meera Reddy,meera.reddy400@gmail.com,9848109939,KOCHI,KL,682001,2022-06-05,Retail,1,116.0,2.7
CUST-01237,Neha Iyer,neha.iyer482@outlook.com,09619666099,Coimbatore,TN,641001,2022-12-31,Business,0,133.0,3.5
CUST-03871,Gopal Joshi,gopal.joshi494@yahoo.in,+91-99241 55170,Mysuru,KA,570001,2023-10-22,Enterprise,1,202.0,2.3
CUST-01060,ishita joshi,ishita.joshi963@gmail.com,+91-97986 53819,Mysuru,KA,570001,2022-09-28,Business,1,26.0,3.3
CUST-04994,Bhavana Pillai,bhavana.pillai725@protonmail.com,+91-97265 90413,Chennai,TN,600001,2021-12-21,Business,1,139.0,2.3
CUST-00133,Karthik Iyer,karthik.iyer987@protonmail.com,9675070760,Madurai,TN,625001,2023-12-04,Business,0,133.0,2.6
CUST-00487,Joseph Iyer,joseph.iyer709@outlook.com,09691820557,AHMEDABAD,GJ,380001,2022-01-13,Business,1,219.0,2.7
CUST-00121,Meera Menon,meera.menon339@protonmail.com,09724476497,Hyderabad,TS,500001,2022-09-27,Business,1,2.0,2.6
CUST-00682,Pradeep Nair,pradeep.nair502@outlook.com,91 99309-09329,Delhi,DL,110001,2023-03-02,Enterprise,0,90.0,2.6
CUST-04828,Arjun Joshi,arjun.joshi819@outlook.com,9943915045,Ahmedabad,GJ,380001,2023-04-23,Retail,1,166.0,3.4
CUST-04329,Arjun Pillai,arjun.pillai974@protonmail.com,91 97582-70766,Kolkata,WB,700001,2022-04-17,Enterprise,1,77.0,2.1
CUST-03688,Vikram Pillai,vikram.pillai472@gmail.com,9648545235,Hyderabad,TS,500001,2022-11-28,Enterprise,1,28.0,2.8
CUST-04614,revathi reddy,revathi.reddy193@protonmail.com,9762380612,Mysuru,KA,570001,2023-01-10,Retail,1,207.0,4.4
CUST-04379,Ishita Krishnan,ishita.krishnan682@gmail.com,9805109766,MADURAI,TN,625001,2022-03-11,Smb,1,193.0,2.7
CUST-01458,Sathish Mehta,,9616198731,Mumbai,MH,400001,2022-10-17,Business,0,66.0,3.4
CUST-04542,Ravi Das,ravi.das947@outlook.com,91 97880-02343,Jaipur,RJ,302001,2023-03-30,Smb,1,219.0,3.4
CUST-01466,Deepa Singh,deepa.singh450@yahoo.in,9979424721,Mumbai,MH,400001,2023-02-20,Retail,0,225.0,2.3
CUST-01195,MANISH MENON,manish.menon117@gmail.com,9766281043,Nagpur,MH,440001,2023-03-21,Business,1,226.0,4.3
CUST-03775,Suresh Iyer,suresh.iyer792@yahoo.in,9742407551,GURUGRAM,HR,122001,2022-09-26,Business,0,77.0,2.5
CUST-03636,Pradeep Mehta,pradeep.mehta418@protonmail.com,9820174218,Pune,MH,411001,2022-05-08,Retail,1,224.0,4.5
CUST-04745,Arjun Mehta,arjun.mehta401@gmail.com,91 98862-21660,Visakhapatnam,AP,530001,2022-06-28,Enterprise,1,29.0,2.7
CUST-01512,Vasanth Chowdhury,vasanth.chowdhury36@protonmail.com,9971681541,Delhi,DL,110001,2021-08-30,Enterprise,1,125.0,3.8
CUST-01085,Gopal Nair,gopal.nair479@protonmail.com,+91-96404 97373,Guwahati,AS,781001,2023-12-03,Retail,0,143.0,2.7
CUST-04930,Bhavana Patel,bhavana.patel103@outlook.com,91 99226-73258,Hyderabad,TS,500001,2023-09-10,Retail,1,31.0,4.2
CUST-02977,Joseph Sharma,,9829704017,Bengaluru,KA,560001,2021-07-19,Retail,0,78.0,2.6
CUST-03114,Arjun Verma,arjun.verma503@yahoo.in,9755629484,Bengaluru,KA,560001,2021-11-13,Enterprise,1,122.0,3.4
CUST-04122,Vasanth Kumar,vasanth.kumar558@outlook.com,+91-97855 57710,Nagpur,MH,440001,2021-09-07,Business,0,194.0,2.5
CUST-00537,Manish Menon,manish.menon746@protonmail.com,09893443660,Lucknow,UP,226001,2022-03-06,Smb,1,86.0,3.9
CUST-02768,Divya Nair,divya.nair320@outlook.com,+91-96754 88016,Gurugram,HR,122001,2022-12-21,Retail,1,61.0,
CUST-02780,Sneha Krishnan,sneha.krishnan120@gmail.com,09968063502,Chandigarh,CH,160017,2023-12-29,Enterprise,1,115.0,2.8
CUST-01972,Revathi Kumar,revathi.kumar628@protonmail.com,848617727,Nagpur,MH,440001,2023-12-03,Retail,1,,3.0
CUST-03901,Revathi Chowdhury,revathi.chowdhury968outlook.com,+91-97210 39874,Kolkata,WB,700001,2022-10-27,Business,1,226.0,4.1
CUST-04179,Sneha Das,sneha.das997@protonmail.com,9639128947,Chandigarh,CH,160017,2021-07-24,Enterprise,0,161.0,2.6
CUST-03101,ARAVIND MENON,aravind.menon337@yahoo.in,09704525011,Bengaluru,KA,560001,2023-03-18,Retail,1,136.0,
CUST-01562,Revathi Iyer,revathi.iyer695@outlook.com,953793115,Bengaluru,KA,560001,2021-10-27,Business,0,68.0,4.4
CUST-02603,Vasanth Chowdhury,vasanth.chowdhury27@protonmail.com,+91-99888 68054,Visakhapatnam,AP,530001,2022-07-12,Smb,1,99.0,3.0
CUST-01398,Bhavana Das,bhavana.das624@yahoo.in,9977161576,GURUGRAM,HR,122001,2023-01-04,Business,0,83.0,3.8
CUST-01363,Bhavana Krishnan,bhavana.krishnan376@gmail.com,639553097,Bengaluru,KA,560001,2021-09-21,Business,0,155.0,4.0
CUST-02336,anitha mehta,anitha.mehta136outlook.com,+91-99524 14333,Gurugram,HR,122001,2022-05-22,Retail,0,228.0,2.1
CUST-01788,Karthik Patel,,+91-96075 08580,Madurai,TN,625001,2023-12-07,Smb,1,89.0,4.2
CUST-03377,Kavya Krishnan,kavya.krishnan762@yahoo.in,9648220543,Guwahati,AS,781001,2021-02-09,Business,0,188.0,3.8
CUST-04139,Revathi Joshi,revathi.joshi487@outlook.com,91 97005-79747,Jaipur,RJ,302001,2021-08-13,Retail,1,125.0,4.8
CUST-01684,Deepa Chowdhury,deepa.chowdhury832@protonmail.com,09715544488,Visakhapatnam,AP,530001,2023-09-08,Enterprise,0,38.0,3.0
CUST-00892,Gopal Bose,gopal.bose876@gmail.com,unknown,Bhubaneswar,OD,751001,2023-02-22,Smb,1,83.0,4.7
CUST-01463,  Sneha Reddy  ,sneha.reddy333@yahoo.in,9895498918,Delhi,DL,110001,2022-05-21,Retail,0,236.0,4.6
CUST-03319,Rahul Bose,rahul.bose893@protonmail.com,91 96505-50078,Nagpur,MH,440001,2021-10-16,Smb,0,157.0,2.5
CUST-01488,joseph sharma,joseph.sharma913@gmail.com,+91-97176 39434,Visakhapatnam,AP,530001,2023-09-06,Business,0,169.0,2.0
CUST-04690,Karthik Das,karthik.das945@gmail.com,+91-98159 18722,Coimbatore,TN,641001,2023-08-25,Retail,0,223.0,2.1
CUST-00432,Manish Nair,manish.nair8@yahoo.in,9734290075,Jaipur,RJ,302001,2022-10-08,Business,1,36.0,3.3
CUST-03714,Swetha Sharma,-,9665750600,Delhi,DL,110001,2023-09-09,Smb,1,213.0,4.8
CUST-01810,  ,karthik.krishnan706@protonmail.com,9830840790,Kolkata,WB,700001,2022-05-27,Enterprise,1,177.0,3.5
CUST-01224,Priya Menon,priya.menon103@outlook.com,9601568741,Nagpur,MH,440001,2021-04-12,Smb,0,226.0,3.2
CUST-02510,  Swetha Verma  ,swetha.verma348@yahoo.in,9826038668,Chennai,TN,600001,2021-09-08,Smb,1,166.0,2.1
CUST-04795,Aravind Singh,aravind.singh828@protonmail.com,91 99626-46209,Bengaluru,KA,560001,2021-10-19,Business,0,186.0,3.8
CUST-00269,,neha.reddy840@protonmail.com,9721193732,Chandigarh,CH,160017,2022-06-20,Business,1,10.0,4.1
CUST-00158,Ananya Verma,ananya.verma152@outlook.com,9990360452,Madurai,TN,625001,2021-07-20,Smb,0,151.0,3.3
CUST-03430,Imran Verma,imran.verma166@gmail.com,+91-97327 58967,Bhubaneswar,OD,751001,2022-11-28,Retail,0,89.0,2.5
CUST-03948,Vikram Patel,vikram.patel345@yahoo.in,unknown,Kochi,KL,682001,2022-06-02,Retail,0,211.0,3.3
CUST-00881,Imran Pillai,imran.pillai865@protonmail.com,9728596223,Delhi,DL,110001,2022-02-12,Business,1,171.0,4.0
CUST-03468,Karthik Bose,karthik.bose798@gmail.com,9985653530,Ahmedabad,GJ,380001,2022-10-14,Enterprise,0,171.0,2.9
CUST-00718,VASANTH PILLAI,vasanth.pillai382@outlook.com,9603993139,Lucknow,UP,226001,2023-08-14,Business,1,142.0,3.0
CUST-04105,Meera Verma,meera.verma775@yahoo.in,unknown,Nagpur,MH,440001,2022-03-23,Business,1,218.0,4.4
CUST-01569,Deepa Kumar,deepa.kumar717@gmail.com,09700044773,Jaipur,RJ,302001,2021-08-15,Business,0,166.0,4.3
CUST-00099,Kavya Raman,KAVYA.RAMAN957@PROTONMAIL.COM,9819508765,Mysuru,KA,570001,2022-12-05,Business,1,21.0,4.0
CUST-01538,ANANYA REDDY,ananya.reddy397@protonmail.com,9743321655,Chandigarh,CH,160017,2022-02-01,Enterprise,0,41.0,
CUST-04362,vasanth raman,vasanth.raman699@outlook.com,9899640393,Kochi,KL,682001,2022-02-11,Retail,0,38.0,4.0
CUST-01158,  Kavya Raman  ,kavya.raman21@outlook.com,+91-99880 96443,Chandigarh,CH,160017,2021-08-26,Retail,0,206.0,2.0
CUST-04245,Rahul Mehta,rahul.mehta247@protonmail.com,9677370864,Jaipur,RJ,302001,2022-01-13,Business,0,30.0,4.2
CUST-04198,Kavya Sharma,kavya.sharma746@yahoo.in,9894595361,Delhi,DL,110001,2023-11-20,Smb,1,177.0,2.1
CUST-00565,Swetha Menon,swetha.menon588@protonmail.com,9834583402,Hyderabad,TS,500001,2023-03-27,Business,0,5.0,4.0
CUST-00591,Ravi Mehta,ravi.mehta972@protonmail.com,,Chennai,TN,600001,2023-05-17,Smb,0,137.0,4.0
CUST-00049,Fatima Singh,fatima.singh963@outlook.com,+91-97255 32179,Chandigarh,CH,160017,2021-09-09,Smb,1,167.0,2.4
CUST-02537,Fatima Sharma,fatima.sharma211@yahoo.in,+91-99894 31517,Bhubaneswar,OD,751001,2022-10-21,Business,1,80.0,5.0
CUST-04695,Swetha Menon,swetha.menon618yahoo.in,+91-97075 87909,Bhubaneswar,OD,751001,2023-11-03,Business,0,173.0,3.7
CUST-03585,Pradeep Pillai,  ,+91-96344 24827,Ahmedabad,GJ,380001,2021-10-25,Smb,0,133.0,4.3
CUST-02688,Suresh Bose,,9611419244,Nagpur,MH,440001,2022-07-11,Business,1,4.0,3.5
CUST-02781,Aravind Reddy,aravind.reddy409@gmail.com,9820965148,Chandigarh,CH,160017,2022-06-27,Retail,1,188.0,3.4
CUST-04120,Ananya Patel,ananya.patel712@protonmail.com,91 96571-12264,Bhubaneswar,OD,751001,2023-09-05,Business,1,113.0,3.1
CUST-00534,Nithin Joshi,nithin.joshi821@yahoo.in,,Nagpur,MH,440001,2022-08-05,Business,1,41.0,2.1
CUST-04026,Karthik Singh,karthik.singh20@outlook.com,+91-97565 90892,Pune,MH,411001,2023-07-11,Enterprise,0,72.0,4.7
CUST-01166,Vikram Iyer,vikram.iyer998@protonmail.com,09825872420,Kolkata,WB,700001,2023-08-25,Enterprise,1,142.0,4.1
CUST-03340,Joseph Mehta,joseph.mehta432@outlook.com,91 96304-30859,Kochi,KL,682001,2021-12-30,Business,0,27.0,2.4
CUST-04564,Ishita Raman,ishita.raman157@yahoo.in,9783723744,Guwahati,AS,781001,2022-02-09,Retail,1,119.0,2.2
CUST-02635,Lakshmi Patel,lakshmi.patel813@protonmail.com,91 98713-55581,Chennai,TN,600001,2021-12-20,Enterprise,0,73.0,
CUST-04632,  Neha Nair  ,neha.nair838@yahoo.in,+91-96154 47438,Jaipur,RJ,302001,2021-12-17,Business,1,90.0,2.7
CUST-00648,Aravind Pillai,aravind.pillai983@gmail.com,990385104,Lucknow,UP,226001,2022-06-20,Retail,0,151.0,4.1
CUST-03576,Rahul Krishnan,rahul.krishnan551@gmail.com,9902608349,Bengaluru,KA,560001,2022-07-04,Enterprise,0,215.0,
CUST-00846,Priya Krishnan,priya.krishnan93@yahoo.in,91 98067-47144,Madurai,TN,625001,2022-04-17,Enterprise,1,36.0,2.5
CUST-02788,ANANYA RAMAN,ananya.raman26@yahoo.in,9830903425,Mysuru,KA,570001,2022-04-24,Retail,1,67.0,4.0
CUST-04616,Priya Raman,priya.raman843@outlook.com,91 97677-71182,Chennai,TN,600001,2022-11-25,Enterprise,0,136.0,2.4
CUST-04865,  Deepa Patel  ,deepa.patel70@yahoo.in,9659955256,Mumbai,MH,400001,2021-06-10,Business,0,31.0,3.8
CUST-01976,Manish Reddy,manish.reddy456@yahoo.in,9720095736,Ahmedabad,GJ,380001,2023-04-11,Retail,0,41.0,2.2
CUST-00039,Sneha Krishnan,sneha.krishnan563@yahoo.in,9835211784,Bhubaneswar,OD,751001,2022-06-15,Enterprise,1,24.0,4.5
CUST-01834,Pradeep Menon,pradeep.menon609@outlook.com,9854908431,Jaipur,RJ,302001,2023-01-17,Retail,1,39.0,4.8
CUST-03104,Ravi Iyer,ravi.iyer907@protonmail.com,608436374,Kochi,KL,682001,2021-10-01,Smb,0,67.0,2.4
CUST-01531,Sathish Joshi,sathish.joshi34@outlook.com,9724346331,Mumbai,MH,400001,2023-03-23,Enterprise,0,29.0,4.0
CUST-00762,unknown,divya.das921@gmail.com,+91-96881 78611,Pune,MH,411001,2023-10-28,Retail,1,129.0,2.2
CUST-00735,MEERA PATEL,meera.patel446@yahoo.in,9689222137,Guwahati,AS,781001,2022-05-11,Business,1,213.0,3.6
CUST-04669,Neha Das,unknown,91 96018-81360,Chennai,TN,600001,2022-12-29,Retail,1,86.0,2.3
CUST-01729,Neha Joshi,neha.joshi633@protonmail.com,91 97649-55821,Jaipur,RJ,302001,2023-10-02,Business,1,100.0,2.4
CUST-01635,Rahul Iyer,rahul.iyer515@protonmail.com,9607397941,Hyderabad,TS,500001,2021-11-19,Business,0,35.0,3.1
CUST-02710,Priya Joshi,priya.joshi428@gmail.com,9732483818,Mysuru,KA,570001,2022-04-21,Smb,0,22.0,2.0
CUST-04663,ishita patel,ishita.patel157@protonmail.com,9768918133,Mysuru,KA,570001,2022-12-18,Retail,1,78.0,2.2
CUST-02014,Bhavana Bose,bhavana.bose395@yahoo.in,91 98768-19482,Bhubaneswar,OD,751001,2021-11-14,Enterprise,0,35.0,2.1
CUST-02153,Sneha Bose,sneha.bose546@protonmail.com,+91-98459 29085,Coimbatore,TN,641001,2023-12-01,Retail,1,10.0,4.5
CUST-02126,Rahul Bose,rahul.bose398@yahoo.in,+91-96156 69274,Coimbatore,TN,641001,2022-03-19,Retail,1,228.0,4.1
CUST-04926,Vasanth Raman,vasanth.raman513@outlook.com,9720761799,Kolkata,WB,700001,2022-11-06,Business,0,184.0,2.2
CUST-03016,Sathish Nair,sathish.nair912@outlook.com,9978551340,Pune,MH,411001,2022-03-07,Retail,1,198.0,
CUST-01225,Aravind Verma,aravind.verma244@gmail.com,+91-99765 68642,Pune,MH,411001,2022-03-08,Business,0,48.0,2.1
CUST-04999,Meera Kumar,meera.kumar997@gmail.com,9923371241,Bhubaneswar,OD,751001,2022-12-30,Business,1,85.0,4.8
CUST-01966,IMRAN RAMAN,imran.raman15@gmail.com,,Bengaluru,KA,560001,2023-07-01,Business,0,93.0,2.3
CUST-02196,Manish Menon,manish.menon520gmail.com,+91-96016 34593,Mysuru,KA,570001,2021-12-28,Retail,0,191.0,5.0
CUST-02874,Joseph Pillai,joseph.pillai880@outlook.com,09999603616,Visakhapatnam,AP,530001,2023-10-24,Retail,1,5.0,2.2
CUST-04942,Anitha Joshi,anitha.joshi260@outlook.com,9789730748,Bengaluru,KA,560001,2022-08-16,Retail,0,29.0,3.1
CUST-02959,Vasanth Sharma,vasanth.sharma456@protonmail.com,9636149099,Madurai,TN,625001,2021-11-18,Business,1,15.0,2.1
CUST-01564,Divya Das,divya.das345@outlook.com,9700575983,Kochi,KL,682001,2022-02-26,Smb,1,107.0,3.7
CUST-00316,Vikram Reddy,vikram.reddy733@protonmail.com,91 96587-24010,Bhubaneswar,OD,751001,2022-07-31,Business,1,127.0,3.1
CUST-00024,Karthik Nair,karthik.nair724@yahoo.in,9818828247,Lucknow,UP,226001,2022-01-18,Enterprise,1,,2.9
CUST-02133,Vikram Verma,VIKRAM.VERMA811@YAHOO.IN,+91-99090 70074,Ahmedabad,GJ,380001,2022-05-29,Business,0,83.0,2.2
CUST-01876,Imran Iyer,imran.iyer386@gmail.com,91 96273-42660,GUWAHATI,AS,781001,2023-09-04,Business,1,234.0,
CUST-02533,Joseph Mehta,joseph.mehta142@protonmail.com,9874059206,Kolkata,WB,700001,2023-08-06,Business,1,218.0,2.8
CUST-01676,Karthik Chowdhury,karthik.chowdhury48@gmail.com,9913078530,Kochi,KL,682001,2022-10-01,Enterprise,0,101.0,4.1
CUST-02230,Vikram Reddy,vikram.reddy103@yahoo.in,91 97610-12990,Lucknow,UP,226001,2022-12-30,Business,0,11.0,4.1
CUST-01642,Pradeep Das,pradeep.das197@yahoo.in,+91-98980 49504,Pune,MH,411001,2022-03-28,Smb,1,131.0,3.0
CUST-01623,Rahul Das,rahul.das245@gmail.com,+91-98872 46893,Hyderabad,TS,500001,2022-05-15,Smb,1,7.0,4.8
CUST-04868,Revathi Patel,revathi.patel967@yahoo.in,91 99834-68062,Chennai,TN,600001,2023-04-08,Retail,0,184.0,4.7
CUST-00447,vasanth raman,vasanth.raman524@protonmail.com,9720426991,Kochi,KL,682001,2022-01-27,Retail,0,44.0,2.7
CUST-00763,Ishita Chowdhury,ishita.chowdhury27@gmail.com,+91-98014 29368,Chandigarh,CH,160017,2023-11-06,Business,1,221.0,2.6
CUST-01819,Mānish Iyer,manish.iyer277@gmail.com,+91-99868 37632,Chandigarh,CH,160017,2022-02-25,Retail,0,197.0,2.9
CUST-03139,Karthik Nair,karthik.nair762@yahoo.in,9642674107,BHUBANESWAR,OD,751001,2021-09-22,Retail,0,210.0,4.3
CUST-00322,Deepa Das,deepa.das881@gmail.com,9821426170,Gurugram,HR,122001,2023-06-18,Retail,1,119.0,5.0
CUST-04588,Bhavana Kumar,bhavana.kumar550@yahoo.in,91 98688-48587,Bhubaneswar,OD,751001,2022-06-14,Business,1,166.0,4.6
CUST-01772,Ananya Nair,ananya.nair61@yahoo.in,9838322897,Lucknow,UP,226001,2021-08-27,Retail,1,4.0,3.5
CUST-04064,Karthik Iyer,karthik.iyer936@protonmail.com,91 97800-48601,Madurai,TN,625001,2022-12-18,Business,1,236.0,4.6
CUST-04004,Divya Chowdhury,divya.chowdhury169@outlook.com,9713913281,Madurai,TN,625001,2022-11-25,Business,1,14.0,2.6
CUST-02809,,ravi.patel316@gmail.com,9695573831,Gurugram,HR,122001,2022-10-23,Smb,0,231.0,2.9
CUST-04369,Lakshmi Krishnan,lakshmi.krishnan780@protonmail.com,+91-98915 24729,Gurugram,HR,122001,2023-10-19,Enterprise,1,80.0,4.1
CUST-03187,Manish Bose,manish.bose105@protonmail.com,+91-96119 00705,Delhi,DL,110001,2023-09-14,Business,1,127.0,2.0
CUST-00151,Ananya Reddy,ananya.reddy302@yahoo.in,9600965242,VISAKHAPATNAM,AP,530001,2021-09-24,Retail,0,27.0,2.4
CUST-04555,Imran Das,imran.das97@gmail.com,9693428007,Kolkata,WB,700001,2022-11-04,Retail,0,16.0,2.8
CUST-04696,Lakshmi Nair,lakshmi.nair821@protonmail.com,+91-96668 83818,Pune,MH,411001,2022-05-10,Business,1,123.0,2.6
CUST-03092,Lakshmi Bose,  ,91 97232-40985,Gurugram,HR,122001,2022-08-23,Retail,0,188.0,4.8
CUST-00215,Nithin Iyer,,9705260639,Mysuru,KA,570001,2022-07-20,Smb,0,202.0,2.8
CUST-00997,Sneha Chowdhury,sneha.chowdhury900@protonmail.com,unknown,Chennai,TN,600001,2023-01-05,Enterprise,1,4.0,2.8
CUST-01767,Pradeep Menon,pradeep.menon34@outlook.com,91 96576-12974,Kolkata,WB,700001,2023-12-18,Business,1,239.0,3.9
CUST-03015,  Aravind Pillai  ,aravind.pillai577@yahoo.in,+91-96702 29603,Mysuru,KA,570001,2022-09-12,Smb,0,226.0,3.3
CUST-04836,Aravind Iyer,aravind.iyer983@outlook.com,9750937959,Jaipur,RJ,302001,2021-09-28,Retail,0,220.0,2.1
CUST-04269,Bhavana Bose,bhavana.bose678@protonmail.com,+91-98623 00080,KOCHI,KL,682001,2023-06-21,Smb,0,14.0,3.3
CUST-02505,Joseph Joshi,joseph.joshi424@outlook.com,91 98890-87780,Mysuru,KA,570001,2023-02-18,Retail,1,28.0,3.7
CUST-03475,Deepa Mehta,deepa.mehta753@outlook.com,91 97394-09560,Mumbai,MH,400001,2023-01-12,Smb,0,47.0,2.1
CUST-04526,Ananya Patel,ananya.patel561@protonmail.com,849487057,Delhi,DL,110001,2022-06-10,Smb,1,104.0,3.8
CUST-03436,Ravi Bose,ravi.bose703@outlook.com,91 99462-70491,Chandigarh,CH,160017,2023-12-14,Business,1,,
CUST-00033,Kavya Das,kavya.das890@protonmail.com,91 96065-84936,Bhubaneswar,OD,751001,2023-06-09,Business,0,19.0,4.1
CUST-00915,Revathi Mehta,revathi.mehta254@protonmail.com,+91-97007 31200,Madurai,TN,625001,2022-09-19,Retail,0,179.0,4.1
CUST-00012,Kavya Raman,kavya.raman599@protonmail.com,9885146175,Guwahati,AS,781001,2023-08-31,Retail,0,153.0,2.2
CUST-02700,  Arjun Menon  ,arjun.menon781@yahoo.in,9781087023,Mumbai,MH,400001,2023-08-05,Retail,1,230.0,2.8
CUST-03783,Vikram Patel,vikram.patel983@gmail.com,09797543072,Lucknow,UP,226001,2022-10-19,Smb,0,122.0,
CUST-01230,Rahul Krishnan,rahul.krishnan306@yahoo.in,+91-96549 03693,Gurugram,HR,122001,2022-11-01,Business,1,216.0,2.9
CUST-02294,Ishita Das,ishita.das398@protonmail.com,+91-99189 44858,Mysuru,KA,570001,2022-10-04,Smb,1,228.0,4.8
CUST-01337,Lakshmi Menon,lakshmi.menon664@gmail.com,9929307669,Coimbatore,TN,641001,2023-08-25,Business,0,222.0,
CUST-02098,Suresh Krishnan,suresh.krishnan487@outlook.com,9845013875,Madurai,TN,625001,2023-05-01,Enterprise,1,144.0,2.1
CUST-02600,BHAVANA CHOWDHURY,bhavana.chowdhury116@outlook.com,+91-97280 10251,Nagpur,MH,440001,2021-12-31,Enterprise,0,53.0,5.0
CUST-03868,gopal kumar,gopal.kumar901@protonmail.com,9624120487,Bengaluru,KA,560001,2023-03-07,Enterprise,1,92.0,2.5
CUST-03492,  Ishita Iyer  ,ishita.iyer833@outlook.com,+91-96342 11578,Chennai,TN,600001,2023-10-12,Retail,0,157.0,3.5
CUST-01992,neha joshi,neha.joshi715@protonmail.com,769979475,Kolkata,WB,700001,2023-01-23,Business,1,117.0,2.5
CUST-03936,Revathi Nair,revathi.nair49@yahoo.in,9645395562,Chandigarh,CH,160017,2021-10-14,Business,0,73.0,3.4
CUST-02349,Ravi Krishnan,,,Bhubaneswar,OD,751001,2023-01-08,Business,0,150.0,5.0
CUST-03767,Nithin Kumar,NITHIN.KUMAR140@PROTONMAIL.COM,9749516751,Bengaluru,KA,560001,2023-07-27,Business,1,64.0,4.1
CUST-00268,Karthik Patel,unknown,9959738989,Chennai,TN,600001,2023-08-14,Retail,1,221.0,4.4
CUST-00554,Vasanth Reddy,vasanth.reddy664@gmail.com,9792202222,Lucknow,UP,226001,2022-01-19,Smb,1,122.0,2.8
CUST-03059,Ravi Krishnan,ravi.krishnan208@gmail.com,9930422684,Guwahati,AS,781001,2021-11-22,Retail,0,133.0,2.2
CUST-03273,Anitha Raman,anitha.raman475@gmail.com,+91-98812 89818,Gurugram,HR,122001,2022-06-26,Retail,0,37.0,4.7
CUST-04212,Vikram Patel,vikram.patel386@protonmail.com,+91-96320 14201,Pune,MH,411001,2022-04-19,Retail,0,216.0,3.2
CUST-02118,gopal kumar,gopal.kumar776@yahoo.in,9862152589,Chandigarh,CH,160017,2023-08-25,Retail,1,107.0,2.8
CUST-02075,GOPAL MENON,gopal.menon538@yahoo.in,91 96600-99936,Jaipur,RJ,302001,2022-01-23,Enterprise,0,53.0,4.8
CUST-03938,Ravi Sharma,ravi.sharma404@outlook.com,9732846076,Coimbatore,TN,641001,2023-09-17,Business,1,149.0,4.0
CUST-02254,Bhavana Pillai,bhavana.pillai142@yahoo.in,9854614762,Mysuru,KA,570001,2022-09-03,Enterprise,1,240.0,2.6
CUST-01314,Vasanth Mehta,vasanth.mehta527@gmail.com,9923993090,Ahmedabad,GJ,380001,2022-03-17,Retail,1,93.0,4.7
CUST-03605,Manish Pillai,manish.pillai815@yahoo.in,09862644703,Delhi,DL,110001,2023-11-08,Retail,1,74.0,
CUST-02251,imran chowdhury,imran.chowdhury366@outlook.com,9827727601,Kolkata,WB,700001,2021-10-27,Business,1,146.0,
CUST-00872,Anitha Nair,anitha.nair908@gmail.com,9812532637,Coimbatore,TN,641001,2023-01-01,Enterprise,0,157.0,2.4
CUST-03567,Lakshmi Raman,lakshmi.raman99@yahoo.in,9915274798,Hyderabad,TS,500001,2023-09-10,Retail,0,113.0,3.3
CUST-03859,Ishita Pillai,ishita.pillai366@protonmail.com,91 98421-26662,Nagpur,MH,440001,2022-12-01,Retail,0,181.0,3.1
CUST-04019,Lakshmi Bose,lakshmi.bose315@yahoo.in,+91-99114 62564,Guwahati,AS,781001,2021-08-22,Smb,0,20.0,
CUST-03383,  Meera Patel  ,meera.patel945@yahoo.in,09706892007,Mysuru,KA,570001,2022-11-17,Retail,0,35.0,3.5
CUST-02605,Arjun Kumar,arjun.kumar124@protonmail.com,9669030646,Hyderabad,TS,500001,2021-08-29,Smb,0,43.0,3.4
CUST-02066,Bhavana Bose,bhavana.bose36@outlook.com,,Gurugram,HR,122001,2023-09-03,Retail,1,117.0,3.4
CUST-02278,Gopal Reddy,gopal.reddy416@protonmail.com,+91-96126 67864,Chennai,TN,600001,2021-09-21,Business,0,4.0,4.1
CUST-01204,PRADEEP PATEL,pradeep.patel899@yahoo.in,9607082809,Guwahati,AS,781001,2023-12-08,Smb,0,89.0,2.5
CUST-01310,Divya Krishnan,divya.krishnan383@gmail.com,+91-99512 24006,Madurai,TN,625001,2022-07-13,Business,1,13.0,2.3
CUST-01090,,kavya.sharma338@outlook.com,9782232370,Chennai,TN,600001,2021-07-18,Retail,0,210.0,3.6
CUST-00153,Neha Bose,neha.bose385@gmail.com,91 99103-41178,Pune,MH,411001,2023-09-15,Business,1,228.0,4.2
CUST-02831,gopal kumar,gopal.kumar233@yahoo.in,9816201090,Madurai,TN,625001,2021-11-02,Business,1,134.0,4.1
CUST-04338,Neha Menon,neha.menon941@protonmail.com,+91-96089 06832,Chandigarh,CH,160017,2022-03-05,Enterprise,1,95.0,3.9
CUST-02313,RAVI SINGH,ravi.singh746protonmail.com,91 97013-50426,Hyderabad,TS,500001,2023-01-13,Smb,0,136.0,2.2
CUST-03917,Sathish Sharma,sathish.sharma790@protonmail.com,91 96271-81569,Coimbatore,TN,641001,2022-12-24,Smb,1,104.0,2.8
CUST-03278,NITHIN PATEL,nithin.patel788@gmail.com,91 99340-39746,Pune,MH,411001,2021-08-25,Smb,1,100.0,2.9
CUST-00785,GOPAL MENON,gopal.menon659@gmail.com,9770390433,Chennai,TN,600001,2021-06-12,Smb,0,73.0,4.6
CUST-02549,  ,unknown,9871134524,Chennai,TN,600001,2023-06-04,Business,1,70.0,2.3
CUST-02746,  Suresh Singh  ,suresh.singh299@yahoo.in,9761107946,Bhubaneswar,OD,751001,2022-05-13,Enterprise,0,21.0,2.2
CUST-00791,Lakshmi Menon,lakshmi.menon919@yahoo.in,09795255812,Pune,MH,411001,2023-04-02,Retail,0,186.0,4.2
CUST-02523,Karthik Singh,karthik.singh851@yahoo.in,9849917978,Bhubaneswar,OD,751001,2022-11-29,Business,0,213.0,2.4
CUST-00446,Gopāl Kumār,gopal.kumar811@gmail.com,9781671702,Madurai,TN,625001,2023-01-26,Retail,0,15.0,2.8
CUST-03189,Rahul Iyer,rahul.iyer487@yahoo.in,9808058582,Chandigarh,CH,160017,2022-10-16,Business,1,18.0,3.2
CUST-01254,Divya Bose,divya.bose845@outlook.com,+91-99011 79254,Bhubaneswar,OD,751001,2023-02-27,Retail,0,15.0,4.0
CUST-04992,Gopal Patel,gopal.patel97@gmail.com,9975597854,Bengaluru,KA,560001,2021-11-12,Retail,1,42.0,3.7
CUST-03390,Lakshmi Reddy,lakshmi.reddy558@outlook.com,,Pune,MH,411001,2023-07-15,Business,1,1.0,4.3
CUST-01986,Lakshmi Reddy,lakshmi.reddy273@protonmail.com,+91-96124 75487,Madurai,TN,625001,2022-04-16,Enterprise,0,3.0,2.1
CUST-01981,Neha Iyer,neha.iyer598@outlook.com,+91-97575 96425,Pune,MH,411001,2022-08-28,Retail,0,173.0,
CUST-01417,Suresh Verma,suresh.verma594@outlook.com,+91-97453 58730,CHENNAI,TN,600001,2021-09-02,Business,1,178.0,4.8
CUST-00504,  Gopal Patel  ,gopal.patel696@outlook.com,9998440847,Guwahati,AS,781001,2023-06-06,Retail,1,93.0,3.7
CUST-03662,Kāvyā Reddy,kavya.reddy782@protonmail.com,9999165344,MYSURU,KA,570001,2021-10-28,Business,0,108.0,3.9
CUST-01270,Bhavana Iyer,bhavana.iyer636@yahoo.in,9710345235,Bengaluru,KA,560001,2021-12-28,Smb,1,51.0,2.2
CUST-03287,swetha mehta,swetha.mehta438@protonmail.com,91 96075-24764,CHANDIGARH,CH,160017,2023-12-10,Smb,0,180.0,4.2
CUST-01010,Meera Bose,meera.bose858@yahoo.in,9710725357,Hyderabad,TS,500001,2022-09-12,Smb,0,110.0,4.9
CUST-02096,Suresh Iyer,suresh.iyer499@outlook.com,+91-98796 59497,GUWAHATI,AS,781001,2022-07-19,Retail,0,234.0,4.9
CUST-02497,unknown,imran.iyer439@yahoo.in,9871622440,Bhubaneswar,OD,751001,2022-08-31,Retail,1,107.0,3.0
CUST-03197,Joseph Raman,joseph.raman882@protonmail.com,9763045858,Mumbai,MH,400001,2022-02-27,Enterprise,1,103.0,2.2
CUST-04254,karthik das,karthik.das440@protonmail.com,09777439686,Coimbatore,TN,641001,2021-08-22,Smb,0,115.0,2.7
CUST-01073,Nithin Kumar,nithin.kumar544@gmail.com,,Chennai,TN,600001,2023-07-16,Smb,0,164.0,
CUST-04036,Gopal Pillai,gopal.pillai302@outlook.com,91 96441-94107,Mumbai,MH,400001,2023-03-10,Business,1,98.0,4.4
CUST-04275,Ravi Raman,ravi.raman652@gmail.com,09621197819,Mumbai,MH,400001,2022-06-17,Retail,0,218.0,3.2
CUST-04184,Suresh Nair,suresh.nair55@outlook.com,+91-97819 54608,Mumbai,MH,400001,2023-05-19,Business,1,19.0,2.2
CUST-02556,Ishita Kumar,ishita.kumar119@protonmail.com,9808417735,Ahmedabad,GJ,380001,2023-06-23,Enterprise,1,222.0,2.1
CUST-00887,Arjun Joshi,arjun.joshi158@protonmail.com,9987001166,Hyderabad,TS,500001,2022-12-14,Business,0,233.0,2.5
CUST-04211,Meera Joshi,meera.joshi650@yahoo.in,9929411651,HYDERABAD,TS,500001,2022-02-01,Business,0,3.0,2.7
CUST-00196,  Sneha Iyer  ,sneha.iyer862@outlook.com,9675162823,Mumbai,MH,400001,2022-07-30,Retail,0,149.0,3.8
CUST-04780,Ishita Iyer,ishita.iyer171@yahoo.in,9950511852,Coimbatore,TN,641001,2023-11-16,Retail,1,106.0,4.9
CUST-01138,Revathi Patel,revathi.patel767outlook.com,812284991,Delhi,DL,110001,2022-01-11,Smb,1,146.0,3.9
CUST-00377,Vikram Chowdhury,vikram.chowdhury344@outlook.com,9687123407,Coimbatore,TN,641001,2023-05-27,Business,0,207.0,2.6
CUST-03042,IMRAN KRISHNAN,imran.krishnan922@gmail.com,91 97767-65317,Pune,MH,411001,2021-12-17,Business,1,32.0,2.8
CUST-04333,Manish Pillai,manish.pillai789@protonmail.com,09693524757,Jaipur,RJ,302001,2023-06-25,Business,1,175.0,2.2
CUST-04661,Nithin Reddy,nithin.reddy433@yahoo.in,9948633074,Kochi,KL,682001,2022-03-20,Smb,0,66.0,2.8
CUST-01662,Pradeep Patel,pradeep.patel522@protonmail.com,9911334121,Kochi,KL,682001,2021-10-26,Smb,1,121.0,4.9
CUST-02476,  Rahul Reddy  ,rahul.reddy464@yahoo.in,91 97433-12944,Visakhapatnam,AP,530001,2023-12-18,Retail,1,7.0,2.3
CUST-01267,  Manish Chowdhury  ,manish.chowdhury886@outlook.com,9601429556,Chandigarh,CH,160017,2021-12-22,Enterprise,0,166.0,3.1
CUST-01931,Rahul Menon,rahul.menon81@outlook.com,,Nagpur,MH,440001,2023-03-28,Business,1,133.0,
CUST-01792,Divya Menon,divya.menon49@yahoo.in,+91-98109 82012,Mumbai,MH,400001,2021-12-06,Retail,0,58.0,3.6
CUST-03404,Arjun Patel,arjun.patel467@outlook.com,09682011046,Lucknow,UP,226001,2023-10-25,Smb,0,57.0,2.1
CUST-04282,Priya Bose,priya.patel289@protonmail.com,09684180726,Chennai,TN,600001,2022-11-11,Retail,0,132.0,4.5
CUST-00973,Rahul Krishnan,rahul.krishnan571@gmail.com,9963529918,Ahmedabad,GJ,380001,2023-09-14,Enterprise,0,82.0,3.6
CUST-04675,Deepa Verma,deepa.verma651@yahoo.in,9893373778,Visakhapatnam,AP,530001,2022-04-30,Business,0,71.0,2.3
CUST-04207,Karthik Pillai,karthik.pillai419@yahoo.in,+91-97586 32700,Bengaluru,KA,560001,2021-07-21,Retail,0,154.0,4.3
CUST-00162,Vikram Patel,vikram.patel518@protonmail.com,91 96665-03733,Pune,MH,411001,2023-01-07,Retail,1,192.0,
CUST-02128,Bhavana Krishnan,bhavana.krishnan998@yahoo.in,9669092845,Mysuru,KA,570001,2022-09-25,Business,1,106.0,3.3
CUST-03190,ARAVIND SINGH,aravind.singh178@protonmail.com,91 97951-96710,Coimbatore,TN,641001,2021-09-23,Business,0,171.0,2.4
CUST-02396,Rahul Krishnan,rahul.krishnan763@gmail.com,9617172004,Kochi,KL,682001,2023-02-21,Retail,0,33.0,3.8
CUST-04084,Revathi Joshi,revathi.joshi956@yahoo.in,91 98783-98583,MUMBAI,MH,400001,2021-09-14,Retail,1,63.0,4.3
CUST-04674,  ,karthik.mehta348@protonmail.com,9778417860,Mumbai,MH,400001,2022-03-07,Business,0,10.0,2.5
CUST-02085,  Gopal Raman  ,gopal.raman832@yahoo.in,91 99155-26720,Madurai,TN,625001,2022-06-11,Retail,0,,4.4
CUST-04965,Revathi Menon,revathi.menon775@gmail.com,+91-97505 49200,Lucknow,UP,226001,2022-02-13,Retail,0,120.0,2.4
CUST-02031,Neha Singh,neha.singh277@outlook.com,9713745990,Ahmedabad,GJ,380001,2022-11-13,Retail,1,239.0,2.4
CUST-03735,LAKSHMI JOSHI,lakshmi.joshi64@protonmail.com,+91-98333 28679,Bhubaneswar,OD,751001,2021-09-16,Retail,1,135.0,3.8
CUST-02487,Aravind Nair,aravind.nair2@yahoo.in,91 98238-93317,Bhubaneswar,OD,751001,2023-09-26,Business,0,79.0,3.1
CUST-02575,Revathi Chowdhury,,9646774875,Kochi,KL,682001,2023-02-19,Business,0,5.0,4.8
CUST-04487,gopal mehta,gopal.mehta666@yahoo.in,9870276662,Delhi,DL,110001,2023-01-10,Business,0,30.0,2.2
CUST-00734,karthik raman,karthik.raman210@outlook.com,760843111,Kochi,KL,682001,2022-12-13,Enterprise,1,176.0,3.3
CUST-02095,Imran Chowdhury,IMRAN.CHOWDHURY122@YAHOO.IN,9924694887,Delhi,DL,110001,2023-01-03,Enterprise,1,36.0,3.8
CUST-01678,Ishita Chowdhury,ishita.chowdhury885@yahoo.in,+91-97008 63394,Lucknow,UP,226001,2023-10-15,Retail,1,231.0,4.4
CUST-02145,Anitha Sharma,anitha.sharma756@yahoo.in,9710095310,Visakhapatnam,AP,530001,2023-01-09,Retail,0,144.0,2.0
CUST-00517,Meera Singh,meera.singh890@protonmail.com,9938410232,Chandigarh,CH,160017,2022-10-07,Business,1,142.0,2.2
CUST-01513,Lakshmi Nair,lakshmi.nair298@outlook.com,+91-99492 57317,Kochi,KL,682001,2022-11-11,Enterprise,0,225.0,
CUST-02810,Suresh Chowdhury,suresh.chowdhury161@gmail.com,9644516678,Guwahati,AS,781001,2023-03-06,Enterprise,1,198.0,3.1
CUST-02083,Revathi Menon,revathi.menon855@outlook.com,9645968341,Guwahati,AS,781001,2022-07-12,Enterprise,1,177.0,4.9
CUST-00787,Meera Pillai,meera.pillai72@yahoo.in,09692810974,Bengaluru,KA,560001,2021-08-22,Retail,1,160.0,
CUST-01453,Rahul Reddy,rahul.reddy565@gmail.com,9954353373,BHUBANESWAR,OD,751001,2022-08-29,Business,0,35.0,4.0
CUST-01315,Rahul Bose,rahul.bose387@yahoo.in,9979040761,Chennai,TN,600001,2023-07-30,Retail,0,23.0,3.1
CUST-03373,SATHISH BOSE,sathish.bose853@yahoo.in,91 98715-12227,Pune,MH,411001,2022-03-11,Business,0,146.0,2.1
CUST-04797,Neha Reddy,neha.reddy457@protonmail.com,unknown,Bhubaneswar,OD,751001,2022-10-31,Retail,1,233.0,3.5
CUST-02467,Sneha Mehta,sneha.mehta984@gmail.com,+91-99429 89211,Chandigarh,CH,160017,2022-01-07,Business,0,87.0,2.8
CUST-01125,Anitha Iyer,anitha.iyer989@yahoo.in,91 97106-65429,Kolkata,WB,700001,2022-03-25,Retail,0,205.0,3.6
CUST-04677,Nithin Raman,nithin.raman623@protonmail.com,09864701208,Lucknow,UP,226001,2023-07-23,Retail,1,120.0,3.1
CUST-03803,Neha Bose,neha.bose510@yahoo.in,9904962208,Visakhapatnam,AP,530001,2021-10-27,Business,0,92.0,3.9
CUST-03324,Gopal Singh,gopal.singh953@protonmail.com,91 96435-93818,Kolkata,WB,700001,2023-09-01,Business,0,183.0,2.4
CUST-04902,Anitha Mehta,anitha.mehta772@outlook.com,9889043072,Madurai,TN,625001,2022-05-21,Retail,0,93.0,4.8
CUST-00140,Divya Krishnan,divya.krishnan792@yahoo.in,-,Pune,MH,411001,2021-07-16,Business,1,195.0,4.5
CUST-04506,Joseph Iyer,joseph.iyer661@yahoo.in,+91-96022 69876,Visakhapatnam,AP,530001,2022-07-19,Retail,0,15.0,2.3
CUST-04993,Bhavana Iyer,bhavana.iyer548@outlook.com,602460363,Ahmedabad,GJ,380001,2021-09-12,Smb,0,130.0,3.6
CUST-03032,meera das,meera.das415@yahoo.in,9652876377,Mysuru,KA,570001,2022-10-29,Retail,0,15.0,4.0
CUST-00533,Aravind Iyer,aravind.iyer338@yahoo.in,9610694423,Chennai,TN,600001,2022-06-13,Smb,1,133.0,3.6
CUST-00064,Swetha Raman,swetha.raman668@yahoo.in,+91-98553 51388,Coimbatore,TN,641001,2022-10-03,Retail,0,182.0,3.3
CUST-01852,Fatima Patel,fatima.patel665@protonmail.com,+91-96841 00116,Gurugram,HR,122001,2022-09-22,Retail,1,63.0,2.0
CUST-04013,Imran Pillai,imran.pillai322@yahoo.in,9782265882,Kochi,KL,682001,2021-10-18,Business,1,76.0,3.7
CUST-00960,Arjun Chowdhury,arjun.chowdhury942@outlook.com,9742593441,Ahmedabad,GJ,380001,2023-05-26,Business,1,125.0,3.3
CUST-01276,-,aravind.joshi199@outlook.com,9980328170,Chennai,TN,600001,2022-03-23,Business,1,195.0,
CUST-03427,  Aravind Chowdhury  ,aravind.chowdhury228@yahoo.in,+91-96264 23655,Nagpur,MH,440001,2022-09-19,Business,0,9.0,2.6
CUST-03979,  Ananya Joshi  ,ananya.joshi485@protonmail.com,09769680337,Chennai,TN,600001,2023-01-01,Business,1,84.0,2.3
CUST-01405,Deepa Singh,deepa.singh942@yahoo.in,9876877587,Visakhapatnam,AP,530001,2022-12-24,Business,0,130.0,4.8
CUST-00010,Fatima Verma,fatima.verma56@gmail.com,9990956693,Bengaluru,KA,560001,2023-04-20,Business,1,26.0,5.0
CUST-02043,Manish Kumar,manish.kumar911@protonmail.com,9882010170,Chennai,TN,600001,2022-11-17,Retail,1,131.0,4.0
CUST-01949,SATHISH SINGH,sathish.singh110@yahoo.in,9921882538,Delhi,DL,110001,2023-03-12,Retail,0,209.0,4.9
CUST-00333,ISHITA RAMAN,ishita.raman391@outlook.com,+91-99603 81054,Nagpur,MH,440001,2022-08-09,Retail,0,182.0,2.4
CUST-02465,SATHISH IYER,meera.nair475@yahoo.in,9610878009,Bengaluru,KA,560001,2021-08-03,Enterprise,1,58.0,2.5
CUST-03568,Revathi Nair,deepa.singh750@protonmail.com,9979179982,Gurugram,HR,122001,2021-08-28,Smb,0,162.0,2.3
CUST-04266,ANITHA IYER,anitha.iyer748@protonmail.com,91 99377-86657,Delhi,DL,110001,2021-12-28,Retail,1,114.0,4.7
CUST-03580,Revathi Verma,revathi.verma840@outlook.com,91 99939-54877,Chandigarh,CH,160017,2022-07-10,Business,1,175.0,3.0
CUST-04580,Gopal Reddy,gopal.reddy588@yahoo.in,9973895473,Kochi,KL,682001,2022-08-01,Retail,1,148.0,4.2
CUST-01933,Imran Krishnan,imran.krishnan198@gmail.com,9923431514,Madurai,TN,625001,2022-12-03,Retail,0,16.0,2.4
CUST-00632,imran raman,imran.raman531@gmail.com,09691222548,Kolkata,WB,700001,2022-03-06,Business,0,31.0,
CUST-03271,Karthik Patel,karthik.patel27@outlook.com,91 99909-64327,Pune,MH,411001,2023-05-30,Smb,1,125.0,4.0
CUST-03594,Divya Iyer,divya.iyer216@outlook.com,9619241787,Chennai,TN,600001,2021-09-10,Business,1,89.0,3.0
CUST-04881,Sathish Mehta,sathish.mehta145@protonmail.com,9797615024,Guwahati,AS,781001,2023-07-24,Retail,0,23.0,4.9
CUST-03885,Neha Joshi,neha.joshi167@outlook.com,9972085231,Ahmedabad,GJ,380001,2021-11-05,Business,0,95.0,5.0
CUST-03835,ARJUN BOSE,arjun.bose974@outlook.com,91 99564-93395,Guwahati,AS,781001,2021-11-10,Retail,1,154.0,4.7
CUST-04536,Lakshmi Joshi,lakshmi.joshi249@gmail.com,9672661369,Ahmedabad,GJ,380001,2021-09-14,Business,0,76.0,3.9
CUST-02434,Ishita Pillai,ishita.pillai442@yahoo.in,91 96601-14972,MADURAI,TN,625001,2022-08-03,Retail,0,212.0,2.1
CUST-04957,Anitha Mehta,anitha.mehta432@protonmail.com,+91-98331 66248,Chandigarh,CH,160017,2022-03-06,Enterprise,0,51.0,2.0
CUST-04510,Aravind Patel,aravind.patel296@protonmail.com,9975393156,Kolkata,WB,700001,2023-11-23,Retail,0,145.0,
CUST-00406,Gopal Das,gopal.das384@yahoo.in,+91-97063 11461,Guwahati,AS,781001,2023-06-27,Business,1,113.0,3.9
CUST-02668,Pradeep Bose,pradeep.bose934@yahoo.in,09630360158,Madurai,TN,625001,2023-04-11,Business,0,68.0,3.1
CUST-02088,Arjun Nair,arjun.nair702@protonmail.com,09601709469,Jaipur,RJ,302001,2022-03-31,Retail,1,147.0,4.3
CUST-02907,Ravi Joshi,ravi.joshi3@protonmail.com,09698768034,Kochi,KL,682001,2021-10-20,Business,0,114.0,
CUST-00527,Meera Kumar,meera.kumar913yahoo.in,+91-96138 39085,Gurugram,HR,122001,2023-04-03,Smb,0,114.0,3.5
CUST-03976,Swetha Singh,swetha.singh776@gmail.com,635516274,NAGPUR,MH,440001,2021-08-12,Business,0,150.0,2.8
CUST-02822,Divya Pillai,divya.pillai603@gmail.com,09892566866,Kochi,KL,682001,2021-09-16,Business,1,15.0,2.9
CUST-01289,,manish.singh978@gmail.com,9871737630,DELHI,DL,110001,2023-01-24,Business,0,96.0,3.6
CUST-01826,Nithin Pillai,nithin.pillai407@gmail.com,91 96071-51723,GUWAHATI,AS,781001,2023-03-29,Business,1,173.0,3.5
CUST-04756,  Manish Pillai  ,manish.pillai255@yahoo.in,91 98102-45466,Mumbai,MH,400001,2023-06-19,Enterprise,0,170.0,3.0
CUST-00857,ANANYA JOSHI,ananya.joshi173@gmail.com,+91-99333 87445,Pune,MH,411001,2023-12-31,Smb,1,47.0,2.9
CUST-00558,Bhavana Verma,bhavana.verma356@protonmail.com,9914836650,Chandigarh,CH,160017,2022-04-27,Retail,0,36.0,2.1
CUST-02646,Manish Verma,manish.verma848@outlook.com,+91-97485 20843,Visakhapatnam,AP,530001,2022-02-03,Smb,0,132.0,3.0
CUST-04485,Divya Kumar,divya.kumar28@protonmail.com,+91-99148 02047,Mumbai,MH,400001,2022-02-26,Enterprise,0,52.0,4.1
CUST-03843,neha raman,neha.raman643@yahoo.in,+91-97318 35618,Hyderabad,TS,500001,2023-02-07,Enterprise,0,235.0,2.9
CUST-01435,Swetha Pillai,swetha.pillai72@outlook.com,9815855872,Mysuru,KA,570001,2023-12-03,Business,0,158.0,2.1
CUST-03218,Suresh Menon,suresh.menon384@gmail.com,9815950418,Kolkata,WB,700001,2021-12-23,Business,0,167.0,4.8
CUST-04294,Suresh Verma,suresh.verma291@yahoo.in,09746525814,Lucknow,UP,226001,2022-09-20,Retail,0,113.0,3.2
CUST-03710,Joseph Mehta,joseph.mehta819@gmail.com,+91-96216 21809,Mumbai,MH,400001,2021-09-11,Enterprise,1,38.0,3.0
CUST-04809,Manish Raman,manish.raman353@gmail.com,9929212002,Hyderabad,TS,500001,2021-08-17,Business,0,,3.5
CUST-02701,Revathi Kumar,revathi.kumar617@outlook.com,+91-96456 82384,HYDERABAD,TS,500001,2022-01-22,Business,1,56.0,
CUST-01021,Revathi Kumar,revathi.kumar888@outlook.com,9904060712,Lucknow,UP,226001,2023-10-15,Retail,0,124.0,4.2
CUST-03951,Manish Menon,manish.menon74@yahoo.in,9863106677,Coimbatore,TN,641001,2021-05-09,Retail,0,21.0,4.9
CUST-00512,Neha Bose,neha.bose141@yahoo.in,,Ahmedabad,GJ,380001,2022-09-23,Retail,0,215.0,2.8
CUST-02823,Swetha Kumar,swetha.kumar783protonmail.com,+91-98985 83056,Visakhapatnam,AP,530001,2022-03-08,Business,1,161.0,2.5
CUST-02872,Suresh Menon,suresh.menon329@outlook.com,09829788752,Mysuru,KA,570001,2022-11-30,Retail,0,125.0,4.7
CUST-01887,Lakshmi Raman,lakshmi.raman547@yahoo.in,91 96546-58345,Bengaluru,KA,560001,2023-04-20,Retail,1,15.0,4.6
CUST-04682,ARJUN SHARMA,ishita.mehta142@gmail.com,+91-98649 70466,Gurugram,HR,122001,2023-11-08,Retail,1,86.0,4.8
CUST-01799,Meera Krishnan,meera.krishnan886@gmail.com,91 97363-43120,Chandigarh,CH,160017,2023-06-08,Smb,0,220.0,2.8
CUST-01149,Bhavana Kumar,  ,9951064989,Bengaluru,KA,560001,2021-02-08,Business,1,202.0,3.3
CUST-02108,Lakshmi Patel,lakshmi.patel348@outlook.com,91 97840-67015,Kochi,KL,682001,2023-12-29,Smb,1,22.0,2.7
CUST-01563,Priya Nair,priya.nair503@yahoo.in,+91-98132 99240,Madurai,TN,625001,2023-09-17,Smb,1,15.0,4.9
CUST-01744,Swetha Sharma,swetha.sharma500@outlook.com,9667073977,Gurugram,HR,122001,2022-10-24,Retail,0,232.0,2.4
CUST-00607,sathish singh,sathish.singh600@yahoo.in,9971212368,Bhubaneswar,OD,751001,2022-04-27,Retail,0,215.0,
CUST-02456,Ishita Raman,ishita.raman491@yahoo.in,9615314916,Jaipur,RJ,302001,2021-10-22,Retail,1,157.0,2.2
CUST-04879,Joseph Das,joseph.das154@protonmail.com,91 98007-27210,Bhubaneswar,OD,751001,2023-07-13,Retail,0,174.0,4.0
CUST-01332,Swetha Sharma,swetha.sharma609@yahoo.in,+91-98154 65584,Delhi,DL,110001,2023-12-24,Business,1,185.0,3.3
CUST-01649,Karthik Singh,karthik.singh615@yahoo.in,9957373760,Bhubaneswar,OD,751001,2022-02-17,Retail,1,187.0,3.0
CUST-01182,Deepa Mehta,deepa.mehta424@gmail.com,09622379152,Chennai,TN,600001,2022-06-27,Enterprise,0,109.0,4.1
CUST-03443,Suresh Nair,suresh.nair584@gmail.com,09791521597,Ahmedabad,GJ,380001,2023-04-19,Business,0,13.0,2.9
CUST-03369,Swetha Das,swetha.das474@protonmail.com,+91-99987 19906,Delhi,DL,110001,2022-02-10,Enterprise,0,39.0,4.7
CUST-01770,Sneha Patel,SNEHA.PATEL686@YAHOO.IN,+91-96536 44029,Kochi,KL,682001,2022-01-30,Smb,1,47.0,3.1
CUST-01756,Fatima Patel,fatima.patel683@gmail.com,09683376270,Kolkata,WB,700001,2023-09-22,Smb,0,13.0,4.5
CUST-04346,NEHA JOSHI,neha.joshi890@yahoo.in,+91-97240 26673,Visakhapatnam,AP,530001,2022-12-16,Retail,0,216.0,2.2
CUST-01346,Nithin Nair,nithin.nair500@gmail.com,9791391652,Bhubaneswar,OD,751001,2023-03-27,Retail,1,88.0,2.2
CUST-00511,ANANYA SHARMA,ananya.sharma211@protonmail.com,9791640535,Pune,MH,411001,2023-04-25,Business,0,179.0,2.3
CUST-01677,Karthik Verma,karthik.verma120@protonmail.com,9845658335,BHUBANESWAR,OD,751001,2023-12-27,Smb,0,209.0,4.3
CUST-02062,Priya Nair,priya.nair966@protonmail.com,09749130062,Bhubaneswar,OD,751001,2023-11-13,Business,0,15.0,2.2
CUST-04950,Revathi Das,revathi.das324@yahoo.in,9909699828,Chennai,TN,600001,2023-12-01,Smb,0,21.0,5.0
CUST-00457,Fatima Nair,fatima.nair418@gmail.com,,Jaipur,RJ,302001,2022-03-31,Smb,0,227.0,4.0
CUST-01809,Priya Bose,priya.bose21@outlook.com,+91-96847 21110,Coimbatore,TN,641001,2022-08-12,Business,1,123.0,2.0
CUST-02593,Revathi Joshi,revathi.joshi587@protonmail.com,91 97555-60753,Bengaluru,KA,560001,2022-11-11,Enterprise,0,64.0,4.1
CUST-00757,Bhavana Das,bhavana.das778@protonmail.com,9880360656,Nagpur,MH,440001,2022-01-06,Business,1,198.0,2.9
CUST-02411,Sathish Das,sathish.das591@outlook.com,9635641125,COIMBATORE,TN,641001,2021-10-25,Retail,1,27.0,3.4
CUST-02906,Sathish Pillai,sathish.pillai433@outlook.com,9935890025,Delhi,DL,110001,2022-07-01,Smb,0,12.0,2.3
CUST-01066,Pradeep Menon,pradeep.menon735@outlook.com,9767373931,Delhi,DL,110001,2023-07-31,Retail,1,7.0,3.8
CUST-01266,Sneha Menon,sneha.menon937@yahoo.in,+91-96294 17920,Mumbai,MH,400001,2021-07-26,Retail,1,152.0,2.8
CUST-04698,Revathi Chowdhury,revathi.chowdhury872@protonmail.com,9940878311,Ahmedabad,GJ,380001,2022-01-21,Enterprise,0,150.0,3.2
CUST-01820,Revathi Iyer,-,9922913844,Chennai,TN,600001,2023-01-28,Enterprise,1,140.0,2.0
CUST-00692,Ishita Raman,ishita.raman893@yahoo.in,9852462666,Hyderabad,TS,500001,2023-09-19,Retail,1,32.0,3.7
CUST-03984,Sathish Nair,sathish.nair627@outlook.com,09731803352,Visakhapatnam,AP,530001,2023-12-30,Business,0,176.0,3.9
CUST-04308,Deepa Menon,deepa.menon902@yahoo.in,9607578065,Madurai,TN,625001,2021-07-23,Business,0,39.0,2.1
CUST-00502,Vikram Mehta,vikram.mehta133@outlook.com,unknown,Chandigarh,CH,160017,2023-09-14,Smb,0,83.0,4.9
CUST-02169,Pradeep Sharma,pradeep.sharma267@yahoo.in,9835557449,Jaipur,RJ,302001,2023-01-06,Enterprise,1,118.0,4.2
CUST-04230,anitha sharma,anitha.sharma442@yahoo.in,+91-97252 86498,HYDERABAD,TS,500001,2023-08-31,Smb,0,200.0,4.2
CUST-01039,Karthik Krishnan,karthik.krishnan591gmail.com,9877574714,Coimbatore,TN,641001,2023-05-04,Business,1,9.0,2.1
CUST-01022,Neha Singh,neha.singh874@protonmail.com,9655236295,Mysuru,KA,570001,2023-04-12,Enterprise,0,41.0,4.6
CUST-00358,Anitha Reddy,anitha.reddy975@gmail.com,9819376118,Ahmedabad,GJ,380001,2023-02-24,Business,1,203.0,4.4
CUST-03683,Vikram Das,vikram.das20@protonmail.com,+91-96621 21008,Kochi,KL,682001,2022-01-04,Business,0,12.0,4.4
CUST-01509,  Arjun Raman  ,arjun.raman896@protonmail.com,9672830856,Mysuru,KA,570001,2022-02-26,Enterprise,0,217.0,4.5
CUST-00211,Vasanth Singh,vasanth.singh690@outlook.com,+91-96958 23805,Ahmedabad,GJ,380001,2023-06-20,Smb,0,61.0,4.6
CUST-03977,NITHIN SINGH,nithin.singh753@yahoo.in,91 99578-55166,Mysuru,KA,570001,2023-12-10,Smb,0,159.0,4.8
CUST-02082,Neha Kumar,neha.kumar193@outlook.com,9978975982,Nagpur,MH,440001,2022-01-16,Enterprise,1,65.0,4.9
CUST-03206,Deepa Reddy,deepa.reddy344@outlook.com,9779870042,Mysuru,KA,570001,2023-07-02,Retail,1,144.0,3.2
CUST-00737,Bhavana Iyer,bhavana.iyer666@yahoo.in,+91-96965 25415,Pune,MH,411001,2023-10-17,Enterprise,1,22.0,3.6
CUST-02684,Imran Das,IMRAN.DAS489@PROTONMAIL.COM,+91-96212 91240,Kolkata,WB,700001,2022-12-14,Business,0,238.0,3.4
CUST-03435,BHAVANA KUMAR,bhavana.kumar449@protonmail.com,09873914634,Visakhapatnam,AP,530001,2021-08-02,Retail,1,83.0,4.8
CUST-04631,deepa bose,deepa.bose625@protonmail.com,9697774620,Kochi,KL,682001,2023-02-10,Enterprise,1,179.0,2.6
CUST-04197,Pradeep Chowdhury,pradeep.chowdhury307@outlook.com,91 99433-51252,Nagpur,MH,440001,2023-11-15,Retail,1,115.0,3.2
CUST-00717,Priya Mehta,priya.mehta172@yahoo.in,09859535813,Madurai,TN,625001,2022-06-09,Business,0,165.0,
CUST-02613,  Bhavana Verma  ,bhavana.verma757@protonmail.com,9968529194,Guwahati,AS,781001,2023-07-30,Business,1,211.0,4.8
CUST-03726,Revathi Raman,revathi.raman241@protonmail.com,,Guwahati,AS,781001,2023-12-08,Enterprise,1,73.0,4.6
CUST-00904,Priya Kumar,priya.kumar457@yahoo.in,9693059641,Bhubaneswar,OD,751001,2023-03-13,Smb,1,95.0,4.4
CUST-01335,Lakshmi Reddy,lakshmi.reddy847@yahoo.in,+91-96850 67905,Ahmedabad,GJ,380001,2022-03-03,Business,0,61.0,3.9
CUST-03848,  Nithin Sharma  ,nithin.sharma38@protonmail.com,+91-98099 37385,Ahmedabad,GJ,380001,2022-06-17,Business,1,29.0,4.7
CUST-04315,Fatima Mehta,fatima.mehta172@protonmail.com,91 96116-66804,Chandigarh,CH,160017,2023-03-15,Retail,0,98.0,3.6
CUST-02281,revathi mehta,revathi.mehta849@outlook.com,  ,Kochi,KL,682001,2022-04-26,Enterprise,1,,2.7
CUST-01103,Gopal Sharma,gopal.sharma543@gmail.com,9868785890,Mysuru,KA,570001,2022-06-18,Retail,1,238.0,2.4
CUST-01031,-,priya.verma447@yahoo.in,09717246506,Ahmedabad,GJ,380001,2022-10-02,Smb,1,220.0,2.3
CUST-04827,Meera Pillai,meera.pillai551@protonmail.com,+91-96000 81223,Lucknow,UP,226001,2022-09-16,Enterprise,1,74.0,3.4
CUST-03472,Priya Bose,priya.bose998@outlook.com,9784447754,Ahmedabad,GJ,380001,2023-09-27,Smb,1,13.0,4.3
CUST-04572,Arjun Shārmā,arjun.sharma903@gmail.com,+91-98138 85041,Gurugram,HR,122001,2021-10-10,Enterprise,1,226.0,5.0
CUST-01669,Lakshmi Singh,lakshmi.singh800@outlook.com,9859296616,Delhi,DL,110001,2023-02-11,Enterprise,0,215.0,2.3
CUST-03493,Imran Joshi,imran.joshi663@yahoo.in,9641302539,Hyderabad,TS,500001,2021-12-09,Smb,1,200.0,3.1
CUST-01107,Meera Iyer,meera.iyer618@gmail.com,09779175103,Nagpur,MH,440001,2022-07-14,Business,0,131.0,
CUST-02790,Ishita Menon,ISHITA.MENON963@OUTLOOK.COM,91 99218-22387,Hyderabad,TS,500001,2022-08-16,Retail,0,183.0,2.9
CUST-03168,SATHISH BOSE,sathish.bose653@yahoo.in,9906416606,Delhi,DL,110001,2021-10-28,Enterprise,1,240.0,2.7
CUST-01625,Kavya Bose,kavya.bose648@yahoo.in,9634483684,Chandigarh,CH,160017,2023-12-10,Retail,1,171.0,2.6
CUST-01384,Aravind Menon,aravind.menon440@protonmail.com,unknown,Pune,MH,411001,2022-08-07,Retail,0,82.0,3.8
CUST-04672,Ananya Bose,ananya.bose232@outlook.com,9872512408,Mumbai,MH,400001,2022-12-06,Business,1,130.0,4.8
CUST-04721,Fatima Menon,fatima.menon657@yahoo.in,9918437579,Hyderabad,TS,500001,2022-01-30,Business,1,21.0,3.2
CUST-04838,Fatima Sharma,fatima.sharma507@gmail.com,9698797497,GURUGRAM,HR,122001,2021-10-20,Business,1,239.0,
CUST-00945,Sneha Menon,sneha.menon366@yahoo.in,09883964123,Gurugram,HR,122001,2021-09-27,Business,0,67.0,4.7
CUST-03246,Anitha Das,anitha.das657@gmail.com,+91-97949 52619,Mysuru,KA,570001,2022-11-15,Retail,0,13.0,3.4
CUST-02660,Vasanth Patel,vasanth.patel108@yahoo.in,9718136384,Visakhapatnam,AP,530001,2022-03-30,Enterprise,0,198.0,3.5
CUST-00508,Vikram Raman,vikram.raman427@gmail.com,9857038480,Delhi,DL,110001,2022-08-29,Retail,1,239.0,4.3
CUST-02004,Priya Nair,priya.nair519@outlook.com,9852240105,Coimbatore,TN,641001,2023-01-15,Business,0,145.0,2.3
CUST-01789,neha krishnan,neha.krishnan240@yahoo.in,+91-96655 29824,Madurai,TN,625001,2023-07-10,Enterprise,1,75.0,3.7
CUST-02925,Ananya Sharma,ananya.sharma423@outlook.com,91 98455-01782,Coimbatore,TN,641001,2022-06-24,Business,0,10.0,
CUST-01121,Karthik Joshi,karthik.joshi393@yahoo.in,+91-96688 48695,Madurai,TN,625001,2022-04-13,Business,0,150.0,3.9
CUST-02347,Sneha Verma,sneha.verma52@yahoo.in,91 96598-53930,Guwahati,AS,781001,2022-03-04,Business,1,10.0,3.7
CUST-04863,RAHUL JOSHI,rahul.joshi869@protonmail.com,+91-98695 62874,Pune,MH,411001,2021-10-14,Business,1,225.0,2.4
CUST-02222,Rahul Krishnan,rahul.krishnan622@yahoo.in,9633520497,Pune,MH,411001,2023-10-28,Smb,1,60.0,4.9
CUST-02538,Aravind Raman,aravind.raman144@yahoo.in,9892465182,Ahmedabad,GJ,380001,2023-11-05,Business,1,88.0,2.2
CUST-00773,Anitha Menon,anitha.menon999@outlook.com,91 97566-95228,Gurugram,HR,122001,2022-09-03,Business,0,116.0,3.5
CUST-01696,Lakshmi Verma,lakshmi.verma621@yahoo.in,09629448562,Delhi,DL,110001,2021-07-18,Business,1,27.0,2.3
CUST-03389,Neha Krishnan,neha.krishnan942@outlook.com,9747439191,Ahmedabad,GJ,380001,2023-10-27,Retail,0,42.0,2.4
CUST-01220,Swetha Sharma,swetha.sharma166@gmail.com,91 96758-35476,Madurai,TN,625001,2023-09-22,Enterprise,0,102.0,2.2
CUST-04554,Vasanth Iyer,vasanth.iyer526@gmail.com,9728633771,Nagpur,MH,440001,2022-09-14,Retail,1,77.0,3.7
CUST-04608,priya reddy,priya.reddy245@outlook.com,9974092456,Bengaluru,KA,560001,2022-02-13,Business,1,189.0,3.8
CUST-01557,Divya Mehta,divya.mehta87@yahoo.in,9964262227,Guwahati,AS,781001,2023-09-22,Business,1,223.0,3.9
CUST-04201,VIKRAM VERMA,vikram.verma143@outlook.com,+91-99733 67233,Bhubaneswar,OD,751001,2022-06-23,Enterprise,0,28.0,4.0
CUST-01540,Anitha Mehta,anitha.mehta206@outlook.com,9857080304,Visakhapatnam,AP,530001,2023-03-26,Business,1,44.0,2.5
CUST-04841,Neha Kumar,neha.kumar486@gmail.com,+91-98363 75066,Bhubaneswar,OD,751001,2022-02-17,Business,0,112.0,2.6
CUST-03163,Gopal Nair,gopal.nair833@yahoo.in,9839768634,BENGALURU,KA,560001,2022-07-15,Smb,1,75.0,5.0
CUST-04913,Vikram Pillai,vikram.pillai325@protonmail.com,91 98548-51160,Mysuru,KA,570001,2022-04-07,Enterprise,1,166.0,2.9
CUST-02036,Manish Krishnan,MANISH.KRISHNAN889@PROTONMAIL.COM,9829659077,Hyderabad,TS,500001,2023-12-12,Retail,0,91.0,4.5
CUST-04001,Swetha Joshi,swetha.joshi666@outlook.com,+91-96061 37741,Guwahati,AS,781001,2023-08-01,Retail,1,165.0,2.7
CUST-00228,  Lakshmi Bose  ,lakshmi.bose357@outlook.com,9747813692,Chandigarh,CH,160017,2023-04-06,Business,0,1.0,3.5
CUST-03375,Imran Bose,imran.bose211@yahoo.in,-,Mumbai,MH,400001,2023-02-14,Enterprise,0,120.0,4.4
CUST-02272,Priya Reddy,priya.reddy762@outlook.com,9766963188,Visakhapatnam,AP,530001,2023-03-02,Business,0,190.0,4.5
CUST-02734,MANISH DAS,manish.das153@yahoo.in,9803784750,Chandigarh,CH,160017,2023-07-08,Business,1,101.0,4.9
CUST-03166,Aravind Mehta,aravind.mehta81yahoo.in,9954895066,Pune,MH,411001,2022-07-23,Business,0,238.0,3.8
CUST-02950,Rahul Singh,rahul.singh456@outlook.com,91 96108-97056,Coimbatore,TN,641001,2022-09-03,Retail,1,175.0,4.4
CUST-02378,RAHUL RAMAN,rahul.raman272@outlook.com,9619054735,Bhubaneswar,OD,751001,2023-08-04,Smb,1,161.0,2.0
CUST-03356,Deepa Iyer,deepa.iyer512@protonmail.com,9842665925,Guwahati,AS,781001,2022-07-19,Smb,1,232.0,
CUST-00884,sneha raman,sneha.raman989@yahoo.in,9963303475,Guwahati,AS,781001,2022-09-14,Retail,0,111.0,3.0
CUST-01001,Swetha Sharma,swetha.sharma235@gmail.com,9797730070,Jaipur,RJ,302001,2023-03-09,Smb,0,60.0,4.8
CUST-01209,Meera Verma,meera.verma224@outlook.com,,Chandigarh,CH,160017,2023-08-02,Business,1,153.0,2.8
CUST-01666,Deepa Sharma,deepa.sharma317@outlook.com,+91-99005 50723,Jaipur,RJ,302001,2022-12-30,Smb,0,205.0,2.0
CUST-01094,Sathish Chowdhury,sathish.chowdhury417@outlook.com,9957292792,Jaipur,RJ,302001,2023-07-08,Business,1,,3.2
CUST-03839,Anitha Pillai,anitha.pillai754@outlook.com,09732268787,Bengaluru,KA,560001,2021-12-10,Enterprise,0,97.0,3.8
CUST-04440,  Ananya Mehta  ,ananya.mehta589@yahoo.in,91 96841-80771,Guwahati,AS,781001,2021-12-27,Enterprise,1,130.0,3.3
CUST-00436,Arjun Nair,arjun.nair94@gmail.com,9881841757,Pune,MH,411001,2023-09-10,Business,1,90.0,2.7
CUST-03874,Karthik Patel,karthik.patel686@gmail.com,+91-99835 26350,Guwahati,AS,781001,2022-08-17,Enterprise,1,73.0,3.4
CUST-03058,Meera Nair,meera.nair774@protonmail.com,09890105217,Bengaluru,KA,560001,2021-11-29,Retail,1,95.0,2.8
CUST-03394,lakshmi kumar,lakshmi.kumar575@protonmail.com,9765736163,Chandigarh,CH,160017,2022-05-10,Retail,1,227.0,4.4
CUST-02427,Meera Singh,,679147336,Guwahati,AS,781001,2023-05-13,Smb,0,135.0,
CUST-02334,Swetha Menon,swetha.menon245@protonmail.com,9748053090,Coimbatore,TN,641001,2022-05-23,Business,0,128.0,2.7
CUST-01758,Manish Reddy,manish.reddy76@outlook.com,+91-99151 97631,Bhubaneswar,OD,751001,2023-01-05,Business,0,36.0,5.0
CUST-04414,Kavya Singh,kavya.singh529@yahoo.in,9738118804,Nagpur,MH,440001,2022-09-11,Retail,0,80.0,2.2
CUST-01719,Pradeep Chowdhury,pradeep.chowdhury784@gmail.com,09885335402,Hyderabad,TS,500001,2023-10-16,Enterprise,0,32.0,3.2
CUST-02597,Priya Singh,priya.singh58@protonmail.com,9784065932,Bengaluru,KA,560001,2022-04-14,Enterprise,0,160.0,4.1
CUST-00579,IMRAN MEHTA,imran.mehta548@gmail.com,+91-96300 51242,Guwahati,AS,781001,2023-04-25,Smb,0,46.0,3.8
CUST-01634,Vikram Kumar,vikram.kumar966@gmail.com,91 97667-65610,Kochi,KL,682001,2023-08-24,Business,0,16.0,3.7
CUST-01411,Kavya Menon,,91 98250-81161,Ahmedabad,GJ,380001,2022-05-16,Retail,1,105.0,
CUST-02063,Sathish Das,sathish.das989@yahoo.in,9608382522,Visakhapatnam,AP,530001,2023-01-23,Business,0,136.0,2.5
CUST-01084,vikram chowdhury,vikram.chowdhury937@protonmail.com,91 99051-54210,CHANDIGARH,CH,160017,2022-11-24,Retail,0,173.0,4.3
CUST-04901,Vikram Das,vikram.das861@outlook.com,09639229401,Mumbai,MH,400001,2023-08-24,Smb,1,34.0,4.6
CUST-02109,Manish Das,manish.das342@gmail.com,09738145002,Lucknow,UP,226001,2022-01-15,Retail,1,14.0,4.0
CUST-03849,Vasanth Mehta,vasanth.mehta70@yahoo.in,91 99286-09203,Madurai,TN,625001,2022-03-14,Enterprise,1,184.0,3.1
CUST-01541,Sneha Verma,sneha.verma360@protonmail.com,09741646824,Guwahati,AS,781001,2023-04-04,Smb,0,90.0,3.9
CUST-04427,Arjun Das,arjun.das955@gmail.com,9849223017,Mumbai,MH,400001,2023-02-02,Business,0,104.0,3.0
CUST-04149,Ishita Raman,ishita.raman400@protonmail.com,91 99893-24933,Nagpur,MH,440001,2022-07-20,Smb,1,158.0,2.5
CUST-03927,meera reddy,meera.reddy310@yahoo.in,9685756374,Chennai,TN,600001,2023-06-01,Business,1,32.0,4.0
CUST-00070,Revathi Menon,revathi.menon953@gmail.com,+91-98128 44601,Pune,MH,411001,2021-12-30,Business,1,36.0,4.8
CUST-01926,Nithin Patel,nithin.patel500@protonmail.com,9850456911,Mumbai,MH,400001,2022-05-16,Retail,1,74.0,3.1
CUST-01030,Rahul Menon,rahul.menon552@yahoo.in,759922368,MADURAI,TN,625001,2023-12-10,Retail,0,125.0,3.0
CUST-00924,Lakshmi Nair,lakshmi.nair44@protonmail.com,9869764815,Bhubaneswar,OD,751001,2021-12-07,Smb,1,73.0,3.2
CUST-04111,Imran Patel,imran.patel228@gmail.com,9772693310,Visakhapatnam,AP,530001,2023-05-20,Retail,1,219.0,4.8
CUST-02650,Kavya Patel,kavya.patel735@yahoo.in,9865689474,Gurugram,HR,122001,2022-07-21,Enterprise,1,240.0,2.2
CUST-04256,Vikram Pillai,vikram.pillai164@gmail.com,9952911820,Visakhapatnam,AP,530001,2022-12-24,Retail,0,24.0,4.6
CUST-01923,Revathi Menon,revathi.menon966@yahoo.in,-,Bengaluru,KA,560001,2021-11-28,Enterprise,0,15.0,2.4
CUST-01412,Sneha Das,sneha.das662@yahoo.in,91 97029-10731,CHANDIGARH,CH,160017,2021-02-12,Business,0,97.0,4.9
CUST-00157,Neha Bose,neha.bose307@gmail.com,9983489952,Visakhapatnam,AP,530001,2021-11-16,Retail,1,55.0,2.4
CUST-04023,Rāhul Reddy,rahul.reddy315@outlook.com,+91-99060 22248,Chandigarh,CH,160017,2022-02-25,Business,1,227.0,4.7
CUST-01324,Gopal Reddy,gopal.reddy198@yahoo.in,9676824903,Visakhapatnam,AP,530001,2023-12-03,Enterprise,1,182.0,4.8
CUST-03181,  Meera Das  ,meera.das994@outlook.com,9657475005,Pune,MH,411001,2023-10-29,Business,1,32.0,3.4
CUST-01950,Ishita Joshi,ishita.joshi662@outlook.com,9908141472,Gurugram,HR,122001,2022-02-07,Business,1,136.0,3.2
CUST-04522,VIKRAM KUMAR,vikram.kumar928@yahoo.in,9620887469,Kochi,KL,682001,2022-12-24,Retail,1,77.0,3.5
CUST-01490,Gopal Verma,gopal.verma210@outlook.com,-,Nagpur,MH,440001,2022-09-08,Smb,1,221.0,2.6
CUST-00746,Imran Reddy,imran.reddy934@gmail.com,+91-98522 39160,Kochi,KL,682001,2023-08-12,Smb,0,95.0,4.1
CUST-02034,sneha menon,sneha.menon171@outlook.com,9985134236,Delhi,DL,110001,2021-12-02,Enterprise,1,84.0,
CUST-00407,Meera Sharma,meera.sharma284@gmail.com,9914416517,Bhubaneswar,OD,751001,2022-05-14,Retail,0,134.0,3.1
CUST-00247,Anitha Joshi,anitha.joshi962@gmail.com,+91-98424 56052,Coimbatore,TN,641001,2022-11-30,Smb,1,49.0,3.2
CUST-04461,Ananya Das,ananya.das942@protonmail.com,9876201927,Nagpur,MH,440001,2022-08-24,Retail,1,157.0,2.4
CUST-01977,Kavya Mehta,kavya.mehta794outlook.com,9794048568,Chandigarh,CH,160017,2022-12-29,Retail,1,27.0,4.9
CUST-01783,Pradeep Reddy,pradeep.reddy182@outlook.com,-,Mumbai,MH,400001,2022-07-09,Smb,1,229.0,4.3
CUST-01815,unknown,kavya.joshi382@yahoo.in,9769276937,Lucknow,UP,226001,2023-07-24,Business,1,144.0,3.5
CUST-00630,sneha bose,sneha.bose854@protonmail.com,972382676,Pune,MH,411001,2022-02-21,Retail,0,186.0,3.7
CUST-00350,Nithin Raman,nithin.raman121@yahoo.in,09684306205,Lucknow,UP,226001,2021-09-14,Retail,0,113.0,
CUST-04231,Aravind Joshi,aravind.joshi622@protonmail.com,9731514345,Mysuru,KA,570001,2021-10-24,Retail,0,10.0,4.4
CUST-04601,Manish Kumar,manish.kumar266@gmail.com,91 97266-55889,Lucknow,UP,226001,2023-07-26,Business,1,68.0,3.7
CUST-04833,Swetha Pillai,,+91-97771 14794,Coimbatore,TN,641001,2023-11-11,Business,0,233.0,4.2
CUST-03886,manish nair,manish.nair17@outlook.com,+91-97645 69074,Mysuru,KA,570001,2022-07-31,Business,1,166.0,2.7
CUST-02827,Neha Kumar,neha.kumar688@gmail.com,+91-98745 51250,Kochi,KL,682001,2023-07-23,Enterprise,1,219.0,4.6
CUST-01257,Sathish Patel,sathish.patel53@yahoo.in,9715766520,Gurugram,HR,122001,2021-12-05,Retail,0,27.0,4.0
CUST-04204,Sathish Nair,sathish.nair217@gmail.com,9859303838,Chandigarh,CH,160017,2022-06-07,Business,0,85.0,5.0
CUST-03935,Aravind Raman,aravind.raman963@gmail.com,09711558751,Bengaluru,KA,560001,2023-08-16,Business,1,88.0,3.7
CUST-01648,Neha Singh,neha.singh620@outlook.com,790073315,Guwahati,AS,781001,2021-07-19,Smb,1,113.0,3.6
CUST-04654,Ishita Mehta,ishita.mehta142@gmail.com,+91-99662 72092,Pune,MH,411001,2022-06-02,Business,0,116.0,4.3
CUST-00830,  Kavya Nair  ,kavya.nair592@outlook.com,9607312166,Delhi,DL,110001,2021-09-21,Retail,1,187.0,2.5
CUST-04655,Joseph Sharma,sneha.iyer611@yahoo.in,9692750015,Bhubaneswar,OD,751001,2023-12-12,Retail,1,204.0,4.4
CUST-02382,  Pradeep Reddy  ,,09614162909,Delhi,DL,110001,2023-09-10,Business,1,83.0,3.1
CUST-01115,Lakshmi Sharma,lakshmi.sharma382@gmail.com,09936526148,Nagpur,MH,440001,2023-02-27,Business,0,182.0,2.5
CUST-04249,Manish Pillai,manish.pillai398@protonmail.com,9737853980,Pune,MH,411001,2023-02-19,Business,0,161.0,
CUST-00976,Joseph Nair,joseph.nair236@outlook.com,+91-98737 29814,Lucknow,UP,226001,2022-11-06,Business,1,48.0,4.6
CUST-04791,Priya Nair,priya.nair665@gmail.com,9939933516,MADURAI,TN,625001,2022-05-14,Retail,1,96.0,2.2
CUST-01781,JOSEPH MENON,,9702426392,Gurugram,HR,122001,2022-12-28,Retail,1,213.0,3.8
CUST-00362,Revathi Kumar,revathi.kumar25@outlook.com,9648868720,Bengaluru,KA,560001,2022-11-09,Retail,1,158.0,2.5
CUST-02401,Sneha Bose,sneha.bose798@outlook.com,9634963396,Mumbai,MH,400001,2023-02-04,Business,0,145.0,4.1
CUST-01902,Priya Chowdhury,priya.chowdhury536@gmail.com,91 99912-15873,Pune,MH,411001,2023-11-04,Smb,1,30.0,4.1
CUST-04811,Sneha Sharma,sneha.sharma878@gmail.com,9979596456,Gurugram,HR,122001,2023-08-22,Smb,1,204.0,3.4
CUST-04615,Sathish Verma,sathish.verma463@outlook.com,835567002,Kochi,KL,682001,2021-12-13,Retail,1,169.0,4.4
CUST-01159,Meera Menon,meera.menon179@yahoo.in,09602559490,Delhi,DL,110001,2021-07-20,Enterprise,0,84.0,2.9
CUST-01410,sneha joshi,sneha.joshi565@yahoo.in,9920547070,Mysuru,KA,570001,2022-10-09,Business,0,232.0,4.6
CUST-01413,  Neha Kumar  ,neha.kumar154@gmail.com,9801071439,Chennai,TN,600001,2022-09-14,Smb,0,88.0,
CUST-01721,Imran Iyer,imran.iyer667@gmail.com,9718241113,Bhubaneswar,OD,751001,2022-09-11,Retail,1,84.0,
CUST-00340,gopal verma,gopal.verma997@protonmail.com,91 99476-83300,Mysuru,KA,570001,2023-10-11,Business,1,33.0,2.9
CUST-04598,Vikram Pillai,vikram.pillai166@protonmail.com,,Ahmedabad,GJ,380001,2023-08-31,Business,1,90.0,3.5
CUST-02010,Kavya Menon,kavya.menon464@yahoo.in,814625133,Chandigarh,CH,160017,2022-05-19,Retail,0,238.0,4.6
CUST-02228,Divya Krishnan,divya.krishnan132@outlook.com,9651477825,Ahmedabad,GJ,380001,2023-09-07,Business,0,114.0,
CUST-00115,Rahul Reddy,rahul.reddy496@gmail.com,09732387032,Bhubaneswar,OD,751001,2023-01-25,Business,0,113.0,4.4
CUST-04565,Kavya Das,kavya.das297@protonmail.com,9832399426,Gurugram,HR,122001,2023-08-19,Enterprise,0,186.0,3.1
CUST-00711,Ishita Patel,ishita.patel820@gmail.com,91 99860-67743,Gurugram,HR,122001,2022-03-29,Business,1,238.0,4.7
CUST-02403,Deepa Krishnan,deepa.krishnan432@yahoo.in,9622884537,Bhubaneswar,OD,751001,2022-10-06,Business,0,66.0,2.3
CUST-02439,ANITHA PILLAI,anitha.pillai22@outlook.com,+91-99737 87450,Kolkata,WB,700001,2023-04-21,Retail,0,79.0,2.7
CUST-04115,Sneha Joshi,sneha.joshi119@outlook.com,+91-97724 60233,Jaipur,RJ,302001,2023-09-14,Smb,0,185.0,2.7
CUST-03368,Sathish Verma,sathish.verma149@protonmail.com,91 96603-44989,Guwahati,AS,781001,2023-06-25,Retail,1,10.0,4.4
CUST-01155,Aravind Pillai,aravind.pillai658@gmail.com,+91-97220 54644,Visakhapatnam,AP,530001,2021-12-26,Business,0,211.0,
CUST-01769,Aravind Nair,aravind.nair459@protonmail.com,9808944194,Coimbatore,TN,641001,2023-07-02,Retail,1,5.0,3.7
CUST-04869,Ananya Sharma,ananya.sharma864@gmail.com,9818394183,Kolkata,WB,700001,2022-04-07,Retail,0,59.0,4.8
CUST-02327,pradeep singh,pradeep.singh836@gmail.com,9890970701,Nagpur,MH,440001,2021-09-03,Enterprise,1,125.0,2.2
CUST-02516,Sneha Chowdhury,sneha.chowdhury441@yahoo.in,9886836505,Nagpur,MH,440001,2022-12-20,Retail,0,228.0,4.8
CUST-03816,Imran Pillai,imran.pillai190@yahoo.in,9759723488,Guwahati,AS,781001,2022-03-18,Retail,1,80.0,4.4
CUST-01813,Bhavana Bose,bhavana.bose159@gmail.com,+91-99823 66497,LUCKNOW,UP,226001,2022-03-21,Business,1,161.0,2.3
CUST-03115,Suresh Sharma,suresh.sharma557@gmail.com,+91-96592 55334,Jaipur,RJ,302001,2022-03-10,Retail,0,97.0,4.5
CUST-02450,  Arjun Bose  ,arjun.bose107@protonmail.com,+91-97833 67675,Visakhapatnam,AP,530001,2023-03-10,Retail,0,32.0,2.1
CUST-02301,  Ravi Joshi  ,ravi.joshi564@outlook.com,9617713591,Ahmedabad,GJ,380001,2021-10-13,Retail,0,65.0,3.3
CUST-03220,  Suresh Mehta  ,suresh.mehta572@yahoo.in,+91-97820 11117,Pune,MH,411001,2022-01-02,Business,0,24.0,2.4
CUST-01288,Priya Joshi,priya.joshi88@outlook.com,91 99501-51328,Hyderabad,TS,500001,2023-05-25,Smb,0,43.0,
CUST-04638,Sathish Menon,sathish.menon597@protonmail.com,91 98540-58393,Guwahati,AS,781001,2023-03-11,Business,1,207.0,2.5
CUST-01165,Arjun Nair,arjun.nair395@protonmail.com,09886943877,Gurugram,HR,122001,2021-10-21,Retail,0,76.0,3.1
CUST-03165,Karthik Reddy,karthik.reddy975@gmail.com,699433233,Madurai,TN,625001,2022-09-25,Smb,1,66.0,4.2
CUST-04875,ananya iyer,ananya.iyer211@outlook.com,9864714364,MADURAI,TN,625001,2023-02-01,Business,1,91.0,2.0
CUST-02742,Ishita Sharma,ishita.sharma232@yahoo.in,9705388547,Kochi,KL,682001,2022-10-14,Retail,0,62.0,4.1
CUST-02322,Aravind Menon,aravind.menon229@yahoo.in,9954741376,Chandigarh,CH,160017,2023-10-01,Business,0,183.0,2.4
CUST-02963,  Sneha Patel  ,sneha.patel947@gmail.com,09926150409,Pune,MH,411001,2021-09-15,Smb,0,201.0,4.0
CUST-00866,MEERA JOSHI,meera.joshi247@protonmail.com,09696197032,Mysuru,KA,570001,2023-12-06,Enterprise,1,1.0,2.3
CUST-01467,Joseph Kumar,joseph.kumar727@outlook.com,9788245279,Hyderabad,TS,500001,2021-08-14,Business,0,23.0,4.4
CUST-02091,Neha Joshi,neha.joshi722@gmail.com,,Coimbatore,TN,641001,2022-07-10,Business,0,27.0,4.2
CUST-02459,Bhavana Joshi,bhavana.joshi623@gmail.com,+91-98331 14467,Gurugram,HR,122001,2023-11-03,Business,1,11.0,3.6
CUST-03565,Anitha Sharma,anitha.sharma165@yahoo.in,+91-97148 40737,Pune,MH,411001,2023-10-02,Business,0,93.0,4.7
CUST-03833,Sneha Raman,sneha.raman361@gmail.com,+91-98297 33787,Ahmedabad,GJ,380001,2022-07-20,Smb,1,204.0,3.7
CUST-04728,aravind reddy,aravind.reddy878@protonmail.com,9745557052,Bhubaneswar,OD,751001,2021-10-11,Enterprise,1,98.0,4.3
CUST-01175,gopal mehta,gopal.mehta569@yahoo.in,+91-97036 52523,Mysuru,KA,570001,2022-11-22,Business,0,4.0,3.2
CUST-02885,Lakshmi Patel,LAKSHMI.PATEL444@OUTLOOK.COM,9891482251,Nagpur,MH,440001,2023-09-12,Retail,0,79.0,3.8
CUST-01436,Divya Iyer,divya.iyer134@protonmail.com,9760797705,Coimbatore,TN,641001,2021-12-29,Retail,1,106.0,2.5
CUST-00903,NEHA SINGH,neha.singh857@yahoo.in,91 96256-32489,Guwahati,AS,781001,2022-02-14,Smb,1,150.0,2.8
CUST-01456,Meera Mehta,meera.mehta559@gmail.com,+91-99636 90899,Ahmedabad,GJ,380001,2023-11-25,Retail,0,172.0,3.0
CUST-02514,Suresh Mehta,suresh.mehta137@protonmail.com,9822619274,Mumbai,MH,400001,2022-01-04,Business,1,154.0,4.8
CUST-02720,Gopal Nair,gopal.nair137@gmail.com,963942373,Bhubaneswar,OD,751001,2021-08-28,Retail,1,25.0,4.2
CUST-00355,Manish Iyer,manish.iyer266@outlook.com,9949482785,Lucknow,UP,226001,2022-05-15,Smb,1,217.0,3.1
CUST-04117,Sāthish Pillāi,sathish.pillai405@outlook.com,9854054759,Ahmedabad,GJ,380001,2023-10-23,Business,0,4.0,3.8
CUST-03494,Joseph Menon,joseph.menon846@yahoo.in,9830415396,Delhi,DL,110001,2022-10-27,Retail,0,173.0,4.9
CUST-03332,Ravi Pillai,ravi.pillai370@yahoo.in,992219033,Kolkata,WB,700001,2022-08-11,Retail,1,204.0,2.8
CUST-03520,Nithin Patel,nithin.patel269@protonmail.com,745876228,Mysuru,KA,570001,2022-08-13,Enterprise,1,49.0,3.8
CUST-00516,,vasanth.iyer857@outlook.com,+91-98382 67973,Lucknow,UP,226001,2023-11-02,Retail,1,230.0,2.9
CUST-04769,Vasanth Kumar,vasanth.kumar563@gmail.com,9884885339,Hyderabad,TS,500001,2022-11-06,Business,1,140.0,2.6
CUST-03802,Karthik Reddy,karthik.reddy561@yahoo.in,+91-98349 98619,Kochi,KL,682001,2023-03-23,Retail,1,31.0,3.9
CUST-03424,Suresh Sharma,suresh.sharma534@outlook.com,+91-98422 66358,Bengaluru,KA,560001,2022-05-26,Retail,1,153.0,4.0
CUST-03967,Vasanth Reddy,vasanth.reddy760@outlook.com,91 97980-18911,Hyderabad,TS,500001,2023-09-29,Retail,0,195.0,2.1
CUST-00700,,karthik.patel819@yahoo.in,unknown,Mumbai,MH,400001,2022-08-09,Smb,0,30.0,3.4
CUST-02298,Aravind Krishnan,aravind.krishnan525@protonmail.com,91 99530-03669,Mysuru,KA,570001,2023-06-14,Business,1,129.0,2.2
CUST-02044,Ananya Mehta,ananya.mehta279@yahoo.in,9861979155,Bengaluru,KA,560001,2022-08-11,Retail,1,201.0,4.3
CUST-01375,Manish Joshi,manish.joshi250@yahoo.in,953719048,Nagpur,MH,440001,2023-03-26,Retail,0,230.0,4.8
CUST-02608,Revathi Das,revathi.das175@outlook.com,+91-96588 01354,Pune,MH,411001,2023-05-23,Smb,1,118.0,3.2
CUST-03899,Vikram Nair,vikram.nair708@outlook.com,09853632164,Madurai,TN,625001,2021-07-24,Retail,0,21.0,3.1
CUST-03823,KARTHIK NAIR,karthik.nair993@gmail.com,+91-97242 90747,Madurai,TN,625001,2023-11-23,Retail,0,154.0,4.6
CUST-01012,Deepa Verma,deepa.verma814@gmail.com,9742883401,Jaipur,RJ,302001,2022-09-26,Retail,0,207.0,3.2
CUST-04218,Karthik Das,karthik.das771@protonmail.com,9686697620,Jaipur,RJ,302001,2022-06-21,Retail,0,131.0,2.7
CUST-04823,Ishita Mehta,ishita.mehta729@gmail.com,unknown,Coimbatore,TN,641001,2022-09-06,Smb,1,23.0,2.8
CUST-01301,Ravi Singh,ravi.singh443@yahoo.in,9767826431,Bengaluru,KA,560001,2021-10-23,Smb,1,198.0,3.8
CUST-03822,Divya Kumar,divya.kumar159@protonmail.com,,Mysuru,KA,570001,2022-12-17,Retail,0,21.0,4.6
CUST-04039,Aravind Singh,aravind.singh451@gmail.com,+91-99630 07742,Lucknow,UP,226001,2023-04-30,Business,0,128.0,3.8
CUST-04234,Divya Nair,divya.nair283@yahoo.in,9780083386,Ahmedabad,GJ,380001,2022-04-25,Business,1,185.0,4.1
CUST-04028,Aravind Bose,aravind.bose940@protonmail.com,+91-97498 73601,Madurai,TN,625001,2021-12-29,Retail,1,198.0,4.8
CUST-02160,Gopal Das,gopal.das972@yahoo.in,9824364754,Madurai,TN,625001,2021-12-17,Enterprise,1,139.0,2.2
CUST-03592,Gopal Mehta,gopal.mehta919@outlook.com,+91-96425 54293,Visakhapatnam,AP,530001,2022-06-13,Smb,1,137.0,2.2
CUST-02689,Suresh Das,suresh.das595@gmail.com,9677118561,Bhubaneswar,OD,751001,2021-09-11,Business,1,195.0,2.4
CUST-04071,Nithin Reddy,nithin.reddy369@gmail.com,9874733231,Madurai,TN,625001,2022-08-02,Enterprise,1,117.0,3.3
CUST-00149,  Sneha Das  ,sneha.das58@yahoo.in,+91-96106 98759,Chennai,TN,600001,2021-10-01,Retail,1,38.0,4.8
CUST-03041,Divya Verma,divya.verma142@gmail.com,91 98350-74897,Kochi,KL,682001,2021-07-21,Business,1,142.0,3.2
CUST-04382,Sneha Das,sneha.das49@gmail.com,09650268817,Kolkata,WB,700001,2021-12-10,Retail,1,52.0,3.2
CUST-04759,Arjun Verma,-,957276986,Kolkata,WB,700001,2022-09-24,Business,1,135.0,2.6
CUST-00531,Fatima Bose,fatima.bose987@outlook.com,9840074131,Kochi,KL,682001,2022-09-01,Business,0,154.0,2.7
CUST-00987,Sneha Verma,sneha.verma326@gmail.com,667762556,Hyderabad,TS,500001,2022-11-30,Smb,1,40.0,2.8
CUST-04301,Priya Nair,priya.nair553@yahoo.in,9704242423,Kolkata,WB,700001,2022-06-27,Business,0,227.0,2.7
CUST-04365,Deepa Raman,deepa.raman318@protonmail.com,9958552561,Coimbatore,TN,641001,2022-09-16,Business,0,86.0,
CUST-04390,  Sathish Chowdhury  ,sathish.chowdhury594@protonmail.com,09747821961,Nagpur,MH,440001,2021-09-13,Business,1,86.0,2.2
CUST-03221,Arjun Verma,arjun.verma725@protonmail.com,09684157024,Bengaluru,KA,560001,2023-07-22,Smb,0,227.0,2.0
CUST-04552,Gopal Verma,gopal.verma816@yahoo.in,9745665263,Ahmedabad,GJ,380001,2022-01-12,Business,1,76.0,4.6
CUST-04566,Karthik Iyer,karthik.iyer343@protonmail.com,91 96344-04734,Nagpur,MH,440001,2021-10-23,Retail,0,58.0,4.8
CUST-04844,Pradeep Patel,pradeep.patel58@outlook.com,91 97880-73569,Chandigarh,CH,160017,2021-08-12,Smb,1,43.0,2.6
CUST-01942,Deepa Kumar,deepa.kumar986@outlook.com,9751491167,Chandigarh,CH,160017,2022-11-28,Retail,0,67.0,2.8
CUST-02694,Arjun Pillai,arjun.pillai683@gmail.com,91 96356-39570,Visakhapatnam,AP,530001,2023-05-02,Business,0,94.0,2.0
CUST-02914,Priya Bose,priya.bose719@outlook.com,9835870094,Mysuru,KA,570001,2021-09-16,Retail,1,105.0,3.4
CUST-01293,Sathish Iyer,sathish.iyer495@outlook.com,91 96822-36133,Delhi,DL,110001,2023-09-20,Business,0,139.0,4.3
CUST-00359,Revathi Das,revathi.das839protonmail.com,9893956849,Coimbatore,TN,641001,2022-09-01,Enterprise,1,196.0,3.9
CUST-02825,Ananya Iyer,ananya.iyer114@outlook.com,09962790750,Mumbai,MH,400001,2023-05-20,Business,1,196.0,4.3
CUST-02341,meera singh,meera.singh994@gmail.com,91 98829-60670,Delhi,DL,110001,2021-08-07,Retail,1,114.0,2.2
CUST-04408,Lakshmi Mehta,  ,9659975980,Hyderabad,TS,500001,2023-05-23,Retail,1,219.0,3.8
CUST-00034,swetha das,swetha.das572@protonmail.com,9932010824,Guwahati,AS,781001,2022-05-28,Retail,0,190.0,4.3
CUST-00330,NITHIN MENON,nithin.menon572@yahoo.in,9848262471,Hyderabad,TS,500001,2023-07-10,Retail,1,184.0,4.3
CUST-03582,Bhavana Chowdhury,bhavana.chowdhury935@outlook.com,9871422265,Delhi,DL,110001,2023-09-17,Enterprise,0,28.0,5.0
CUST-04708,Vikram Bose,vikram.bose655@outlook.com,9997908569,Pune,MH,411001,2023-09-21,Business,0,34.0,3.9
CUST-04097,Revathi Verma,revathi.verma87@yahoo.in,9690910472,LUCKNOW,UP,226001,2023-11-15,Business,0,120.0,4.3
CUST-01732,Nithin Das,nithin.das866@gmail.com,864019086,Hyderabad,TS,500001,2023-03-26,Smb,1,84.0,2.6
CUST-01537,Pradeep Sharma,pradeep.sharma230@gmail.com,9929153879,Jaipur,RJ,302001,2022-11-23,Retail,1,195.0,2.5
CUST-01888,Manish Pillai,manish.pillai363@outlook.com,9958710533,Visakhapatnam,AP,530001,2021-08-03,Enterprise,0,6.0,
CUST-03850,Karthik Bose,karthik.bose617@protonmail.com,+91-99337 58753,Nagpur,MH,440001,2022-06-19,Enterprise,1,69.0,3.0
CUST-01387,Sneha Chowdhury,sneha.chowdhury985@yahoo.in,9842364468,Madurai,TN,625001,2023-12-19,Smb,1,109.0,3.1
CUST-02157,Vikram Das,vikram.das764@protonmail.com,+91-97051 33090,Kochi,KL,682001,2022-11-23,Retail,0,137.0,4.6
CUST-03075,Anitha Reddy,anitha.reddy629@gmail.com,9656451277,Bhubaneswar,OD,751001,2021-11-23,Smb,0,177.0,2.0
CUST-04389,Priyā Vermā,priya.verma27@yahoo.in,9851550463,Kochi,KL,682001,2021-08-12,Business,1,123.0,2.6
CUST-00687,Swetha Joshi,swetha.joshi978@yahoo.in,91 99975-29345,Delhi,DL,110001,2022-04-16,Retail,0,72.0,2.7
CUST-01262,Gopal Verma,gopal.verma185@yahoo.in,9669864986,Kochi,KL,682001,2023-11-24,Business,1,219.0,4.2
CUST-04104,Gopal Krishnan,gopal.krishnan694@gmail.com,,Lucknow,UP,226001,2022-05-26,Enterprise,0,158.0,3.8
CUST-02926,Imran Singh,imran.singh215@protonmail.com,9620061024,Chandigarh,CH,160017,2022-02-06,Business,0,,5.0
CUST-01406,Neha Sharma,neha.sharma844@yahoo.in,9963563882,Mumbai,MH,400001,2022-09-11,Retail,0,81.0,
CUST-00693,Meera Nair,meera.nair806@gmail.com,09692231493,Guwahati,AS,781001,2022-07-09,Retail,0,221.0,3.1
CUST-04786,Nithin Chowdhury,nithin.chowdhury43@protonmail.com,+91-98244 74737,Guwahati,AS,781001,2023-03-26,Enterprise,1,208.0,3.1
CUST-04331,Anitha Chowdhury,anitha.chowdhury469@protonmail.com,09602757508,Nagpur,MH,440001,2022-07-26,Retail,1,228.0,2.8
CUST-03570,Sathish Kumar,sathish.kumar352@gmail.com,91 98000-52364,Pune,MH,411001,2021-12-20,Business,0,34.0,4.7
CUST-03813,SATHISH KUMAR,sathish.kumar752@protonmail.com,+91-96900 24655,Chennai,TN,600001,2022-04-05,Business,1,109.0,3.1
CUST-04424,Gopal Bose,gopal.bose638@gmail.com,91 99608-94803,Lucknow,UP,226001,2021-09-14,Retail,1,89.0,3.3
CUST-04330,Imran Patel,imran.patel388@protonmail.com,9964622071,Gurugram,HR,122001,2022-06-26,Business,0,153.0,3.7
CUST-04928,Neha Mehta,neha.mehta148@yahoo.in,9648195463,Nagpur,MH,440001,2023-08-09,Business,0,98.0,
CUST-01764,Nithin Krishnan,nithin.krishnan402@outlook.com,91 96030-26659,Kolkata,WB,700001,2023-04-29,Smb,1,194.0,4.9
CUST-01988,Vikram Krishnan,vikram.krishnan397@gmail.com,9716260137,Guwahati,AS,781001,2023-02-07,Enterprise,0,122.0,2.9
CUST-00674,Ravi Sharma,ravi.sharma714@protonmail.com,91 98875-81843,Coimbatore,TN,641001,2021-09-08,Retail,1,154.0,2.3
CUST-00397,Ananya Nair,ananya.nair906@outlook.com,+91-99577 54987,Kolkata,WB,700001,2022-08-03,Smb,1,60.0,4.3
CUST-00753,Anitha Mehta,anitha.mehta132@protonmail.com,9609646941,Mumbai,MH,400001,2022-04-18,Retail,1,40.0,2.2
CUST-04280,  Priya Verma  ,priya.verma306@outlook.com,9799323009,Bhubaneswar,OD,751001,2021-09-26,Enterprise,0,13.0,4.4
CUST-03219,Ananya Sharma,ananya.sharma141@outlook.com,91 96544-15816,Ahmedabad,GJ,380001,2023-12-05,Business,1,193.0,3.7
CUST-02955,  Fatima Pillai  ,fatima.pillai727@gmail.com,9739860100,Nagpur,MH,440001,2021-09-11,Business,1,179.0,4.8
CUST-03903,Suresh Raman,suresh.raman905@outlook.com,9628203591,Chennai,TN,600001,2022-04-16,Retail,1,212.0,2.3
CUST-04459,Vasanth Bose,,9992878704,Kochi,KL,682001,2022-02-05,Retail,0,165.0,2.3
CUST-00129,Bhavana Sharma,bhavana.sharma681@outlook.com,+91-98869 16951,Kochi,KL,682001,2023-08-20,Business,0,229.0,2.1
CUST-00803,Sathish Joshi,sathish.joshi787@protonmail.com,91 97654-95467,Ahmedabad,GJ,380001,2023-08-07,Business,0,216.0,4.5
CUST-00388,Joseph Das,joseph.das537@gmail.com,+91-97979 18677,Hyderabad,TS,500001,2022-10-29,Smb,0,100.0,4.6
CUST-03517,Neha Joshi,NEHA.JOSHI852@GMAIL.COM,+91-97671 33364,Delhi,DL,110001,2021-12-02,Retail,1,24.0,4.7
CUST-01007,Arjun Chowdhury,arjun.chowdhury943@protonmail.com,9971315254,Chandigarh,CH,160017,2023-11-08,Smb,1,205.0,4.8
CUST-00808,Lakshmi Chowdhury,lakshmi.chowdhury70@gmail.com,unknown,Lucknow,UP,226001,2021-11-05,Retail,0,194.0,4.1
CUST-00653,Imran Menon,imran.menon833@yahoo.in,9852196475,Kolkata,WB,700001,2022-08-16,Enterprise,1,18.0,4.3
CUST-01671,Karthik Verma,karthik.verma949@yahoo.in,9795290434,Visakhapatnam,AP,530001,2023-08-06,Business,1,190.0,2.5
CUST-02046,Anitha Sharma,anitha.sharma484@outlook.com,9921256302,Pune,MH,411001,2022-11-30,Retail,1,34.0,2.3
CUST-01894,Ananya Reddy,ananya.reddy39@gmail.com,9960115077,Pune,MH,411001,2023-08-03,Smb,0,130.0,4.4
CUST-03534,  Aravind Joshi  ,aravind.joshi666@gmail.com,91 99422-95826,Lucknow,UP,226001,2023-03-01,Retail,0,200.0,3.0
CUST-01153,neha das,neha.das681@outlook.com,-,CHANDIGARH,CH,160017,2023-02-27,Enterprise,1,233.0,4.8
CUST-03955,Gopal Pillai,gopal.pillai481@yahoo.in,9783967845,Ahmedabad,GJ,380001,2021-07-27,Smb,1,132.0,4.9
CUST-03328,Meera Patel,meera.patel445@protonmail.com,09858451989,Kolkata,WB,700001,2022-08-21,Retail,0,54.0,2.9
CUST-02335,Priya Menon,priya.menon167@gmail.com,9779675954,Chandigarh,CH,160017,2022-11-13,Retail,0,99.0,
CUST-03923,VIKRAM NAIR,vikram.nair207@gmail.com,91 96936-49440,Mumbai,MH,400001,2022-11-03,Smb,0,104.0,3.1
CUST-02316,Lakshmi Pillai,lakshmi.pillai576@yahoo.in,9797314186,Ahmedabad,GJ,380001,2021-08-18,Retail,0,230.0,2.9
CUST-04737,Ravi Patel,ravi.patel872@outlook.com,9849605976,Delhi,DL,110001,2023-12-23,Smb,0,107.0,4.7
CUST-00952,Ishita Krishnan,ishita.krishnan949@outlook.com,9884069621,Delhi,DL,110001,2022-10-08,Enterprise,1,134.0,2.5
CUST-02414,Suresh Raman,suresh.raman282@protonmail.com,9934103967,Kolkata,WB,700001,2023-11-09,Business,1,231.0,4.3
CUST-03691,Anitha Nair,anitha.nair444@protonmail.com,,Mumbai,MH,400001,2022-07-29,Business,0,34.0,4.5
CUST-03771,Pradeep Bose,pradeep.bose258@gmail.com,-,Mumbai,MH,400001,2022-05-13,Retail,0,236.0,4.6
CUST-01422,Aravind Joshi,kavya.sharma263@outlook.com,9948356336,Coimbatore,TN,641001,2022-05-18,Smb,0,153.0,4.1
CUST-00968,Vikram Joshi,vikram.joshi153@protonmail.com,9950468106,Mysuru,KA,570001,2021-10-01,Smb,1,18.0,2.6
CUST-02803,Gopal Reddy,gopal.reddy328@outlook.com,9790834919,Guwahati,AS,781001,2021-09-12,Smb,1,100.0,2.9
CUST-04814,  Manish Iyer  ,manish.iyer151@protonmail.com,91 98505-67054,Lucknow,UP,226001,2023-05-29,Retail,0,151.0,4.2
CUST-02590,Sneha Sharma,unknown,9911494489,Kolkata,WB,700001,2021-05-10,Business,0,147.0,3.7
CUST-02059,Karthik Singh,karthik.singh39@gmail.com,9685623604,Coimbatore,TN,641001,2023-07-30,Business,1,113.0,3.5
CUST-04178,Joseph Chowdhury,  ,09701404698,Delhi,DL,110001,2023-05-28,Business,1,196.0,5.0
CUST-01604,,sathish.reddy964@outlook.com,+91-97523 81330,Hyderabad,TS,500001,2022-11-28,Smb,1,37.0,
CUST-00666,Arjun Menon,arjun.menon666@gmail.com,91 98337-23796,Bhubaneswar,OD,751001,2022-12-20,Business,1,42.0,4.7
CUST-03135,Vasanth Das,vikram.krishnan623@yahoo.in,+91-98835 97594,Nagpur,MH,440001,2023-04-02,Business,0,31.0,4.5
CUST-01358,Manish Mehta,manish.mehta100@protonmail.com,09708554161,GURUGRAM,HR,122001,2023-08-03,Business,1,158.0,4.8
CUST-01439,Nithin Singh,nithin.singh621@outlook.com,,NAGPUR,MH,440001,2023-05-20,Retail,0,139.0,4.7
CUST-03055,Neha Reddy,neha.reddy955@gmail.com,9782599709,Bhubaneswar,OD,751001,2022-10-28,Business,0,110.0,2.1
CUST-02258,Manish Chowdhury,manish.chowdhury121@outlook.com,9843553086,Visakhapatnam,AP,530001,2022-07-21,Retail,1,103.0,2.6
CUST-04007,Sneha Menon,sneha.menon168@yahoo.in,91 96001-70110,Nagpur,MH,440001,2022-07-21,Enterprise,1,166.0,4.3
CUST-03323,Vasanth Reddy,VASANTH.REDDY57@PROTONMAIL.COM,9967969398,Gurugram,HR,122001,2023-05-06,Retail,0,141.0,3.8
CUST-03176,Joseph Menon,joseph.menon256@outlook.com,+91-98098 93034,Bengaluru,KA,560001,2023-11-13,Retail,0,60.0,3.4
CUST-05000,  Nithin Pillai  ,nithin.pillai352@yahoo.in,,Kolkata,WB,700001,2022-05-16,Retail,0,150.0,3.3
CUST-00203,Sneha Raman,  ,9954008713,Chandigarh,CH,160017,2021-07-19,Smb,1,110.0,4.4
CUST-02049,GOPAL KUMAR,gopal.kumar978@gmail.com,91 99036-99924,NAGPUR,MH,440001,2021-11-18,Business,0,100.0,4.1
CUST-04335,Sneha Chowdhury,sneha.chowdhury201@yahoo.in,9807380763,Ahmedabad,GJ,380001,2022-04-23,Business,1,232.0,3.9
CUST-02612,GOPAL RAMAN,aravind.reddy123gmail.com,09852890971,Chennai,TN,600001,2023-05-20,Retail,0,88.0,4.1
CUST-01867,  Neha Krishnan  ,neha.krishnan548@gmail.com,9893941881,Lucknow,UP,226001,2023-01-24,Business,0,225.0,4.3
CUST-03350,Anitha Krishnan,anitha.krishnan891@yahoo.in,9954469632,Nagpur,MH,440001,2021-12-12,Business,1,117.0,3.1
CUST-00759,Neha Kumar,neha.kumar222@outlook.com,9988909973,Chandigarh,CH,160017,2022-07-17,Smb,1,,4.9
CUST-00015,  ,ananya.singh930@gmail.com,827405510,Coimbatore,TN,641001,2022-01-08,Enterprise,1,29.0,4.6
CUST-00814,Priya Krishnan,,9836413033,AHMEDABAD,GJ,380001,2022-10-29,Business,0,171.0,4.5
CUST-04429,Deepa Kumar,deepa.kumar445@yahoo.in,91 97439-69527,Nagpur,MH,440001,2023-06-21,Smb,0,70.0,4.9
CUST-04392,Meera Verma,meera.verma230@gmail.com,09977406393,Chennai,TN,600001,2022-10-13,Business,0,114.0,4.6
CUST-02243,Kavya Chowdhury,kavya.chowdhury624@gmail.com,9612727650,Bhubaneswar,OD,751001,2022-11-07,Smb,1,133.0,4.1
CUST-00911,Ravi Sharma,ravi.sharma923@protonmail.com,9796065311,Chennai,TN,600001,2021-09-19,Retail,1,45.0,
CUST-02848,RAVI MEHTA,ravi.mehta114@yahoo.in,09878243365,Lucknow,UP,226001,2022-01-23,Business,1,192.0,3.1
CUST-02932,NEHA RAMAN,neha.raman112@yahoo.in,+91-97013 89976,Mumbai,MH,400001,2022-10-04,Retail,1,8.0,3.3
CUST-04688,Swetha Reddy,swetha.reddy501@protonmail.com,9693232167,Jaipur,RJ,302001,2021-08-14,Retail,0,87.0,3.3
CUST-02645,Gopal Chowdhury,gopal.chowdhury409@protonmail.com,9936003058,Chennai,TN,600001,2021-10-30,Smb,0,185.0,3.9
CUST-03269,Vikram Iyer,vikram.iyer602@yahoo.in,91 99136-17403,Kolkata,WB,700001,2022-01-24,Retail,1,73.0,2.7
CUST-02630,Rahul Nair,rahul.nair898@yahoo.in,+91-99081 25614,Pune,MH,411001,2023-11-21,Smb,1,225.0,3.5
CUST-04138,Arjun Reddy,arjun.reddy278@gmail.com,9856139733,Bengaluru,KA,560001,2021-11-26,Smb,1,94.0,4.2
CUST-04223,Pradeep Verma,pradeep.verma44@outlook.com,9971665091,Chandigarh,CH,160017,2023-09-03,Enterprise,0,239.0,
CUST-04430,Swetha Mehta,swetha.mehta643@protonmail.com,9830051566,Kolkata,WB,700001,2022-11-29,Business,1,61.0,4.2
CUST-04885,Bhavana Chowdhury,bhavana.chowdhury632@protonmail.com,+91-98239 78367,Hyderabad,TS,500001,2023-03-22,Enterprise,1,8.0,2.5
CUST-01860,sneha menon,sneha.menon609@gmail.com,9615283624,Kolkata,WB,700001,2023-02-05,Business,1,9.0,3.7
CUST-01883,Bhavana Pillai,bhavana.pillai348@gmail.com,+91-98905 37000,Coimbatore,TN,641001,2022-08-10,Business,0,39.0,
CUST-04599,Vasanth Iyer,vasanth.iyer360@gmail.com,9644377829,Pune,MH,411001,2023-11-10,Business,0,98.0,5.0
CUST-04049,Sneha Sharma,sneha.sharma565@protonmail.com,+91-98958 89606,Bhubaneswar,OD,751001,2021-11-17,Enterprise,0,217.0,2.8
CUST-03857,deepa joshi,deepa.joshi884@outlook.com,9802287997,Chennai,TN,600001,2023-08-30,Retail,0,201.0,3.8
CUST-02878,Revathi Raman,revathi.raman131@outlook.com,+91-98902 15699,Nagpur,MH,440001,2023-03-01,Smb,1,93.0,
CUST-01773,Ishita Reddy,ishita.reddy679@yahoo.in,09783397071,Lucknow,UP,226001,2023-04-11,Business,0,178.0,2.9
CUST-04073,Deepa Joshi,deepa.joshi946@protonmail.com,91 97861-52541,LUCKNOW,UP,226001,2023-11-19,Business,0,177.0,3.5
CUST-04314,Ravi Joshi,RAVI.JOSHI965@YAHOO.IN,9713998355,Guwahati,AS,781001,2022-07-10,Business,0,193.0,2.3
CUST-03160,Swetha Kumar,swetha.kumar187@gmail.com,+91-99999 09115,Lucknow,UP,226001,2022-03-04,Smb,1,105.0,2.2
CUST-00009,DIVYA KUMAR,divya.kumar235@gmail.com,9777397447,Pune,MH,411001,2022-05-20,Retail,0,207.0,2.3
CUST-03099,Anitha Kumar,  ,-,Jaipur,RJ,302001,2023-06-28,Smb,0,188.0,3.5
CUST-00311,Manish Menon,manish.menon322@gmail.com,9879026623,Ahmedabad,GJ,380001,2023-03-16,Enterprise,1,176.0,3.3
CUST-04243,Swetha Krishnan,swetha.krishnan362@protonmail.com,91 97136-04870,Ahmedabad,GJ,380001,2023-05-26,Business,0,125.0,3.1
CUST-04162,Joseph Reddy,joseph.reddy486@outlook.com,09651155902,Kochi,KL,682001,2021-12-23,Retail,0,73.0,4.7
CUST-02358,Meera Bose,meera.bose600@protonmail.com,9883467742,Lucknow,UP,226001,2021-11-10,Retail,1,195.0,
CUST-02733,Imran Singh,imran.singh397@outlook.com,+91-99506 45442,Pune,MH,411001,2022-08-22,Enterprise,0,138.0,3.3
CUST-00862,NITHIN RAMAN,nithin.raman450@protonmail.com,9973367865,Bhubaneswar,OD,751001,2023-06-16,Business,1,149.0,5.0
CUST-03497,Vasanth Sharma,vasanth.sharma2@yahoo.in,9697930430,Chennai,TN,600001,2023-02-18,Business,1,77.0,
CUST-00991,Imran Das,imran.das826@yahoo.in,+91-98835 94055,Visakhapatnam,AP,530001,2023-12-13,Retail,0,12.0,2.5
CUST-03478,Vasanth Krishnan,vasanth.krishnan207@gmail.com,9867190806,Ahmedabad,GJ,380001,2022-09-03,Retail,0,60.0,4.0
CUST-00038,Priya Reddy,priya.reddy296@protonmail.com,9895330870,Madurai,TN,625001,2023-12-30,Enterprise,0,106.0,3.6
CUST-04918,IMRAN CHOWDHURY,,+91-96002 45879,Ahmedabad,GJ,380001,2023-10-03,Business,1,,3.8
CUST-04012,Bhavana Raman,bhavana.raman467@yahoo.in,9887238084,Coimbatore,TN,641001,2022-07-24,Business,1,85.0,3.2
CUST-00007,Aravind Reddy,aravind.reddy544@gmail.com,9862318192,Ahmedabad,GJ,380001,2023-12-10,Smb,0,209.0,4.3
CUST-02987,Karthik Nair,karthik.nair568@gmail.com,+91-98489 12857,Visakhapatnam,AP,530001,2022-04-19,Business,0,101.0,3.5
CUST-02783,SWETHA NAIR,swetha.nair658@protonmail.com,+91-98669 75200,Visakhapatnam,AP,530001,2023-07-06,Business,0,107.0,2.1
CUST-03296,Meera Joshi,meera.joshi402@yahoo.in,9950011488,Nagpur,MH,440001,2022-10-20,Business,0,6.0,3.3
CUST-00177,Ananya Mehta,ananya.mehta579@yahoo.in,9959619948,Guwahati,AS,781001,2023-01-11,Smb,1,39.0,3.7
CUST-02138,NITHIN CHOWDHURY,nithin.chowdhury825@protonmail.com,09778523165,Coimbatore,TN,641001,2022-06-21,Retail,0,46.0,2.1
CUST-02045,Pradeep Sharma,pradeep.sharma821@outlook.com,91 97594-71554,Coimbatore,TN,641001,2022-12-12,Smb,1,46.0,2.4
CUST-01821,Vikram Kumar,vikram.kumar859@gmail.com,9625890426,Pune,MH,411001,2022-05-05,Retail,1,28.0,5.0
CUST-01339,Divya Raman,divya.raman981@outlook.com,9937975837,Bengaluru,KA,560001,2022-09-16,Retail,1,80.0,2.8
CUST-04648,Suresh Nair,suresh.nair597@yahoo.in,09751532548,Guwahati,AS,781001,2023-10-28,Retail,0,185.0,2.5
CUST-04126,Bhavana Krishnan,bhavana.krishnan726@outlook.com,9993052839,Visakhapatnam,AP,530001,2021-09-09,Smb,1,94.0,3.5
CUST-03426,PRADEEP MEHTA,pradeep.mehta746@outlook.com,9700075860,Gurugram,HR,122001,2023-06-27,Enterprise,0,162.0,4.8
CUST-04046,Gopal Menon,gopal.menon988@protonmail.com,9862684798,Chandigarh,CH,160017,2022-05-02,Smb,1,78.0,2.7
CUST-02544,Nithin Chowdhury,nithin.chowdhury746@gmail.com,91 98172-67328,Delhi,DL,110001,2022-05-15,Retail,1,19.0,4.6
CUST-01443,  Deepa Nair  ,deepa.nair947@protonmail.com,9612157546,Hyderabad,TS,500001,2023-03-09,Enterprise,0,186.0,4.1
CUST-00405,Kavya Joshi,kavya.joshi771@gmail.com,09907418561,Ahmedabad,GJ,380001,2023-12-25,Business,1,25.0,4.1
CUST-02771,  Aravind Joshi  ,aravind.joshi123@outlook.com,+91-99471 46797,Lucknow,UP,226001,2023-08-15,Smb,0,159.0,3.2
CUST-04730,Divya Nair,divya.nair71@gmail.com,unknown,Lucknow,UP,226001,2021-09-25,Enterprise,0,82.0,2.6
CUST-02626,Vasanth Menon,vasanth.menon219@outlook.com,9812137041,Bhubaneswar,OD,751001,2021-11-12,Smb,0,49.0,2.5
CUST-02263,Ishita Raman,,9800403457,Mumbai,MH,400001,2023-07-30,Retail,0,151.0,3.9
CUST-02077,MANISH DAS,,+91-96829 68300,Gurugram,HR,122001,2022-07-28,Retail,0,178.0,3.8
CUST-01489,Gopal Joshi,gopal.joshi366@outlook.com,9971064146,Ahmedabad,GJ,380001,2022-10-12,Retail,0,53.0,3.9
CUST-02707,Vikram Bose,vikram.bose541@gmail.com,09959348323,Gurugram,HR,122001,2022-07-05,Business,0,160.0,2.9
CUST-01893,Sneha Das,sneha.das669@protonmail.com,+91-99845 43069,Guwahati,AS,781001,2023-01-27,Retail,0,201.0,2.5
CUST-04474,Sathish Iyer,sathish.iyer477@outlook.com,9723583342,Jaipur,RJ,302001,2022-02-18,Retail,0,51.0,2.2
CUST-02194,Gopal Reddy,gopal.reddy921@outlook.com,09780083123,Delhi,DL,110001,2021-12-09,Retail,1,110.0,2.5
CUST-03755,KAVYA DAS,kavya.das280@outlook.com,9755064028,Hyderabad,TS,500001,2022-06-08,Business,1,124.0,4.3
CUST-01420,Neha Raman,neha.raman408@gmail.com,91 96398-73786,Jaipur,RJ,302001,2023-10-27,Business,0,135.0,2.4
CUST-03479,Karthik Menon,KARTHIK.MENON653@PROTONMAIL.COM,9847644462,Jaipur,RJ,302001,2022-04-29,Business,0,27.0,2.8
CUST-04693,Rahul Das,rahul.das72@outlook.com,9916555180,Coimbatore,TN,641001,2023-12-09,Retail,1,231.0,2.9
CUST-04158,fatima iyer,fatima.iyer980@yahoo.in,9933185149,Visakhapatnam,AP,530001,2022-07-31,Enterprise,0,62.0,3.5
CUST-02369,,ananya.krishnan454@protonmail.com,9968452557,Mysuru,KA,570001,2023-12-17,Retail,1,107.0,4.5
CUST-02030,Pradeep Chowdhury,pradeep.chowdhury7@gmail.com,9705922446,Madurai,TN,625001,2022-04-17,Retail,1,176.0,2.9
CUST-04423,Ishita Nair,ishita.nair322@gmail.com,+91-99517 48676,Guwahati,AS,781001,2021-12-28,Retail,0,239.0,2.4
CUST-00195,Sneha Krishnan,sneha.krishnan711@yahoo.in,795685920,Kochi,KL,682001,2023-03-23,Retail,0,225.0,3.3
CUST-02550,Divya Mehta,divya.mehta185@yahoo.in,9988445337,Nagpur,MH,440001,2021-12-14,Retail,0,69.0,2.3
CUST-01036,Gopāl Kumār,gopal.kumar348@yahoo.in,91 97810-41544,Kolkata,WB,700001,2023-02-06,Enterprise,1,214.0,3.7
CUST-04686,Vikram Raman,vikram.raman988@yahoo.in,9793142248,Mysuru,KA,570001,2021-07-09,Retail,0,24.0,2.1
CUST-03174,Nithin Kumar,nithin.kumar628@yahoo.in,91 96629-49198,Madurai,TN,625001,2022-04-01,Enterprise,1,187.0,3.6
CUST-03396,Bhavana Joshi,bhavana.joshi848@gmail.com,9672706828,GUWAHATI,AS,781001,2021-10-22,Enterprise,1,72.0,2.7
CUST-01851,Sathish Nair,sathish.nair503@gmail.com,9834708798,Mysuru,KA,570001,2021-06-10,Business,1,140.0,3.6
CUST-04334,  Lakshmi Singh  ,lakshmi.singh341@gmail.com,+91-99612 89075,Delhi,DL,110001,2021-09-17,Business,1,167.0,4.5
CUST-04214,Neha Krishnan,neha.krishnan530@protonmail.com,9939767530,Mysuru,KA,570001,2022-12-19,Retail,1,163.0,2.8
CUST-01705,Bhavana Raman,bhavana.raman115@gmail.com,9902794931,Gurugram,HR,122001,2022-04-02,Retail,0,103.0,2.3
CUST-01689,Vikram Das,vikram.das808@protonmail.com,9883662153,Madurai,TN,625001,2022-12-08,Business,0,210.0,3.1
CUST-02132,Vikram Pillai,vikram.pillai236@yahoo.in,09871186743,Madurai,TN,625001,2021-10-30,Business,1,141.0,3.5
CUST-03897,Vikram Joshi,,+91-98233 31796,Visakhapatnam,AP,530001,2023-04-19,Retail,0,214.0,5.0
CUST-04327,Vasanth Bose,vasanth.bose95@outlook.com,9717319858,Gurugram,HR,122001,2022-06-04,Business,1,58.0,
CUST-00066,gopal joshi,gopal.joshi87@outlook.com,09945472812,Mysuru,KA,570001,2022-03-10,Business,1,,2.5
CUST-01690,  ,nithin.bose368@outlook.com,9819251692,Kochi,KL,682001,2023-05-21,Smb,0,40.0,4.5
CUST-04872,Meera Kumar,meera.kumar746@outlook.com,91 96687-30732,Visakhapatnam,AP,530001,2021-12-27,Retail,1,176.0,
CUST-03481,Meera Das,meera.das387@yahoo.in,91 96578-64284,Chennai,TN,600001,2022-03-29,Smb,0,157.0,
CUST-03141,Vikram Joshi,vikram.joshi497@yahoo.in,681602568,Kolkata,WB,700001,2022-03-10,Retail,0,202.0,3.7
CUST-00233,Imran Chowdhury,imran.chowdhury649@protonmail.com,91 97736-51389,Visakhapatnam,AP,530001,2022-09-24,Business,1,186.0,
CUST-01096,Nithin Patel,nithin.patel548protonmail.com,725295577,Bhubaneswar,OD,751001,2023-11-15,Business,1,40.0,3.5
CUST-00288,Vasanth Bose,vasanth.bose241@protonmail.com,+91-97750 05053,Kolkata,WB,700001,2023-06-10,Retail,0,121.0,2.2
CUST-04714,ananya pillai,ananya.pillai301@gmail.com,91 99874-67238,Ahmedabad,GJ,380001,2022-02-19,Business,0,227.0,4.9
CUST-04133,Divya Nair,divya.nair388@gmail.com,09752688669,Chennai,TN,600001,2023-05-11,Smb,1,146.0,
CUST-02199,Sathish Patel,pradeep.pillai264@outlook.com,+91-99769 95710,BHUBANESWAR,OD,751001,2022-07-03,Business,1,174.0,
CUST-00529,Swetha Mehta,swetha.mehta677@gmail.com,9936771098,Mysuru,KA,570001,2022-08-22,Smb,0,73.0,3.9
CUST-00837,Ananya Singh,ananya.singh824@protonmail.com,+91-98833 03446,Mysuru,KA,570001,2022-08-26,Smb,1,215.0,2.8
CUST-04233,Sathish Sharma,sathish.sharma100@protonmail.com,09644972166,KOCHI,KL,682001,2022-12-04,Retail,1,103.0,2.3
CUST-02954,KAVYA SINGH,kavya.singh100@outlook.com,+91-96218 52168,Chennai,TN,600001,2023-06-02,Retail,0,49.0,4.6
CUST-03551,Joseph Nair,joseph.nair154@yahoo.in,9712400280,Nagpur,MH,440001,2021-10-14,Enterprise,1,77.0,2.6
CUST-04835,Suresh Chowdhury,suresh.chowdhury59@protonmail.com,+91-99595 42860,Madurai,TN,625001,2023-03-05,Business,0,153.0,3.6
CUST-01733,Sneha Singh,sneha.singh959@gmail.com,91 97202-96949,Kolkata,WB,700001,2022-05-26,Retail,1,73.0,3.7
CUST-02834,Swetha Reddy,swetha.reddy504@yahoo.in,09821753555,Hyderabad,TS,500001,2023-11-14,Business,0,143.0,3.3
CUST-02007,Joseph Das,joseph.das676@gmail.com,09740969329,Nagpur,MH,440001,2023-11-02,Retail,0,7.0,4.8
CUST-01667,Fatima Mehta,fatima.mehta153@outlook.com,+91-99889 27084,Madurai,TN,625001,2023-09-11,Smb,0,129.0,2.5
CUST-00238,Manish Menon,manish.menon441@outlook.com,9909247436,Kochi,KL,682001,2023-02-22,Business,0,211.0,3.3
CUST-03235,Gopal Raman,gopal.raman170@protonmail.com,9795662909,Mysuru,KA,570001,2023-08-17,Retail,0,3.0,
CUST-01587,Ishita Reddy,ishita.reddy825@yahoo.in,936932761,Bhubaneswar,OD,751001,2022-09-23,Enterprise,0,96.0,3.8
CUST-01438,Manish Chowdhury,manish.chowdhury363@protonmail.com,9759156341,Chennai,TN,600001,2023-07-09,Enterprise,1,98.0,2.1
CUST-03304,Divya Joshi,divya.joshi418@yahoo.in,9829506514,Chennai,TN,600001,2022-08-25,Smb,1,15.0,3.0
CUST-04300,Revathi Singh,revathi.singh930@yahoo.in,91 98813-91632,Bhubaneswar,OD,751001,2023-11-12,Business,0,78.0,2.3
CUST-01752,  Ishita Das  ,ishita.das317gmail.com,9759970681,COIMBATORE,TN,641001,2023-02-19,Retail,0,78.0,5.0
CUST-02337,Priya Menon,PRIYA.MENON387@OUTLOOK.COM,671180830,Madurai,TN,625001,2023-01-01,Smb,0,72.0,3.3
CUST-02760,sneha chowdhury,unknown,9699283182,HYDERABAD,TS,500001,2023-06-12,Smb,0,220.0,3.6
CUST-03538,  Neha Singh  ,neha.singh218@gmail.com,+91-97524 20720,Bhubaneswar,OD,751001,2022-08-19,Smb,1,135.0,3.2
CUST-03110,kavya verma,kavya.verma82@gmail.com,9864378603,Mysuru,KA,570001,2022-11-14,Business,1,109.0,4.7
CUST-00114,NEHA IYER,neha.iyer96@outlook.com,9606625318,Jaipur,RJ,302001,2022-07-16,Smb,1,44.0,2.9
CUST-04060,Anitha Singh,anitha.singh810@gmail.com,9891141914,Nagpur,MH,440001,2022-03-14,Business,0,231.0,2.5
CUST-00060,Vasanth Bose,vasanth.bose390@yahoo.in,958655631,Madurai,TN,625001,2023-02-14,Business,0,104.0,3.3
CUST-03690,Divya Kumar,divya.kumar293@yahoo.in,9969656966,Kochi,KL,682001,2022-04-02,Retail,0,102.0,4.5
CUST-01768,Vikram Reddy,vikram.reddy89@gmail.com,91 97897-15554,Chennai,TN,600001,2022-06-01,Enterprise,0,190.0,2.1
CUST-01404,Ananya Singh,ananya.singh113@gmail.com,9912206752,Hyderabad,TS,500001,2023-05-08,Business,0,146.0,3.2
CUST-03541,DIVYA MEHTA,divya.mehta887@gmail.com,9863877594,Ahmedabad,GJ,380001,2022-10-30,Retail,1,237.0,4.6
CUST-03285,Karthik Iyer,karthik.iyer28@protonmail.com,9783364297,Mumbai,MH,400001,2022-07-16,Retail,1,134.0,2.5
CUST-00257,Vasanth Patel,vasanth.patel939@outlook.com,9680157463,Chennai,TN,600001,2023-06-23,Retail,1,181.0,4.1
CUST-01503,VIKRAM JOSHI,vikram.joshi528@outlook.com,09600173790,Chennai,TN,600001,2023-09-14,Retail,1,220.0,3.1
CUST-03920,Anitha Verma,anitha.verma446@gmail.com,9697091297,Mysuru,KA,570001,2022-12-08,Retail,0,27.0,2.2
CUST-04303,Ananya Mehta,ananya.mehta201@protonmail.com,9877496288,MADURAI,TN,625001,2022-09-23,Retail,0,109.0,4.0
CUST-00834,Vikram Kumar,vikram.kumar868@gmail.com,9807782393,Coimbatore,TN,641001,2023-05-10,Smb,1,129.0,2.8
CUST-00752,Suresh Chowdhury,suresh.chowdhury262@gmail.com,9992306199,Guwahati,AS,781001,2021-10-11,Retail,0,240.0,3.3
CUST-01330,Suresh Sharma,suresh.sharma635@yahoo.in,9973756680,Delhi,DL,110001,2023-09-22,Retail,1,175.0,3.3
CUST-04293,Gopal Bose,gopal.bose317@yahoo.in,9653222489,Hyderabad,TS,500001,2021-08-14,Enterprise,0,213.0,3.2
CUST-04259,Pradeep Mehta,pradeep.mehta870@outlook.com,9656785082,Bengaluru,KA,560001,2021-09-06,Retail,0,163.0,4.5
CUST-04062,  Joseph Menon  ,joseph.menon581@yahoo.in,+91-97419 35797,Kolkata,WB,700001,2022-08-11,Business,0,150.0,2.5
CUST-04088,Aravind Kumar,aravind.kumar621@gmail.com,91 97553-56931,Guwahati,AS,781001,2021-11-04,Retail,1,224.0,
CUST-00616,divya nair,divya.nair520@protonmail.com,656268162,Chandigarh,CH,160017,2023-05-16,Business,0,215.0,3.9
CUST-02104,Lakshmi Kumar,lakshmi.kumar126@outlook.com,+91-97755 85873,Delhi,DL,110001,2022-04-03,Business,0,209.0,4.9
CUST-04734,JOSEPH IYER,joseph.iyer872@gmail.com,9970909322,Gurugram,HR,122001,2022-09-02,Retail,0,,4.6
CUST-01389,Manish Krishnan,manish.krishnan886@yahoo.in,9621107288,Guwahati,AS,781001,2023-01-04,Enterprise,0,39.0,
CUST-01637,LAKSHMI KRISHNAN,lakshmi.krishnan125@gmail.com,9965118995,Madurai,TN,625001,2023-04-05,Smb,1,209.0,3.5
CUST-04124,kavya pillai,kavya.pillai642@protonmail.com,9765348220,Lucknow,UP,226001,2023-04-03,Retail,1,178.0,4.9
CUST-03608,Ravi Singh,ravi.singh297@outlook.com,9686185091,Kochi,KL,682001,2022-10-28,Retail,0,238.0,2.9
CUST-03746,ANANYA KUMAR,ananya.kumar547@gmail.com,989605893,Kolkata,WB,700001,2022-04-30,Retail,0,181.0,2.3
CUST-01869,Priya Verma,priya.verma405@protonmail.com,9822137557,Jaipur,RJ,302001,2023-04-26,Business,1,26.0,3.0
CUST-03003,Manish Sharma,manish.sharma776@yahoo.in,9669957207,Guwahati,AS,781001,2022-01-07,Business,1,124.0,2.8
CUST-00067,  Aravind Bose  ,aravind.bose159@gmail.com,,Nagpur,MH,440001,2022-04-29,Retail,1,47.0,4.3
CUST-02552,Arjun Das,arjun.das293@gmail.com,91 99161-31803,Jaipur,RJ,302001,2022-03-23,Smb,1,13.0,3.5
CUST-02876,Lakshmi Sharma,lakshmi.sharma369@protonmail.com,+91-98749 16018,Gurugram,HR,122001,2022-01-11,Retail,0,127.0,2.6
CUST-02875,Karthik Reddy,karthik.reddy26@gmail.com,,Visakhapatnam,AP,530001,2021-10-27,Retail,0,77.0,
CUST-01728,Sneha Das,sneha.das378@yahoo.in,91 99917-88680,Bengaluru,KA,560001,2023-05-03,Business,1,224.0,3.1
CUST-03341,Sneha Nair,sneha.nair916@gmail.com,9826952996,Kochi,KL,682001,2022-07-12,Retail,1,81.0,3.0
CUST-02744,Manish Iyer,manish.iyer717@outlook.com,09681135875,Visakhapatnam,AP,530001,2022-05-17,Business,1,149.0,
CUST-03034,meera joshi,meera.joshi759@yahoo.in,9737116214,Visakhapatnam,AP,530001,2023-04-07,Retail,0,111.0,4.2
CUST-03117,Ishita Bose,ishita.bose494@outlook.com,91 99350-18207,Nagpur,MH,440001,2023-11-09,Enterprise,1,77.0,3.8
CUST-03928,  Lakshmi Raman  ,lakshmi.raman928@protonmail.com,+91-99542 25288,Lucknow,UP,226001,2023-03-05,Business,0,233.0,3.1
CUST-03696,FATIMA REDDY,fatima.reddy316@protonmail.com,9731373850,Bhubaneswar,OD,751001,2021-07-19,Smb,0,78.0,4.8
CUST-00088,Priya Verma,priya.verma743@gmail.com,9742555565,Visakhapatnam,AP,530001,2022-04-06,Retail,0,9.0,4.1
CUST-01468,Sathish Singh,sathish.singh347@outlook.com,9827628624,Pune,MH,411001,2023-08-13,Business,1,57.0,3.1
CUST-04679,Kavya Reddy,deepa.patel208@yahoo.in,+91-96353 64763,Nagpur,MH,440001,2022-02-20,Retail,0,168.0,3.8
CUST-04978,Sathish Mehta,sathish.mehta694yahoo.in,91 96387-23752,Mumbai,MH,400001,2023-11-28,Enterprise,0,77.0,3.1
CUST-03303,SWETHA NAIR,swetha.nair457@protonmail.com,91 98616-67644,Jaipur,RJ,302001,2023-03-03,Business,0,220.0,4.2
CUST-00602,Swetha Pillai,swetha.pillai557@yahoo.in,845582707,Bengaluru,KA,560001,2023-10-08,Retail,1,210.0,5.0
CUST-02042,Sneha Iyer,sneha.iyer667@yahoo.in,+91-97934 31435,Kolkata,WB,700001,2022-01-27,Business,0,77.0,2.6
CUST-03829,Lakshmi Joshi,lakshmi.joshi676@gmail.com,9889191936,Chandigarh,CH,160017,2022-04-06,Enterprise,1,238.0,2.5
CUST-01273,Sathish Raman,sathish.raman418@outlook.com,91 97627-14389,Kolkata,WB,700001,2023-02-22,Business,0,201.0,4.9
CUST-00856,sathish chowdhury,sathish.chowdhury717@outlook.com,9957600268,Bengaluru,KA,560001,2022-11-29,Enterprise,1,37.0,2.9
CUST-00345,Arjun Das,arjun.das53outlook.com,938448727,Kochi,KL,682001,2023-09-03,Business,1,125.0,4.2
CUST-04545,Manish Singh,manish.singh852@gmail.com,754183328,Madurai,TN,625001,2023-11-03,Retail,1,176.0,4.0
CUST-02332,Gopal Raman,gopal.raman197@yahoo.in,627118264,Mysuru,KA,570001,2023-05-01,Retail,0,126.0,4.6
CUST-01465,Deepa Bose,deepa.bose403@yahoo.in,9647425312,Jaipur,RJ,302001,2022-11-17,Retail,1,92.0,2.0
CUST-00168,Arjun Chowdhury,arjun.chowdhury929@protonmail.com,9984221577,Madurai,TN,625001,2023-03-26,Retail,0,196.0,4.4
CUST-02787,Pradeep Verma,pradeep.verma258@protonmail.com,924373119,Madurai,TN,625001,2021-12-18,Retail,0,235.0,3.4
CUST-02937,Sathish Chowdhury,sathish.chowdhury530@outlook.com,9917792258,Pune,MH,411001,2023-08-05,Retail,1,181.0,3.9
CUST-02299,Swetha Verma,swetha.verma653@outlook.com,9778691065,Mumbai,MH,400001,2022-04-10,Enterprise,1,156.0,3.2
CUST-00309,Swetha Iyer,swetha.iyer923@yahoo.in,9788728200,Mysuru,KA,570001,2022-08-06,Enterprise,0,130.0,2.3
CUST-01935,Gopal Raman,gopal.raman796@yahoo.in,91 96653-04827,Jaipur,RJ,302001,2023-04-15,Business,1,152.0,3.1
CUST-02928,Arjun Nair,arjun.nair155@outlook.com,+91-97072 50163,Gurugram,HR,122001,2021-10-09,Smb,1,87.0,4.5
CUST-00731,deepa sharma,deepa.sharma562@protonmail.com,-,Mumbai,MH,400001,2022-03-13,Business,0,24.0,2.7
CUST-03366,Anitha Joshi,anitha.joshi27@protonmail.com,91 98467-87158,Visakhapatnam,AP,530001,2022-07-31,Business,1,127.0,2.9
CUST-02528,Imran Sharma,imran.sharma326@gmail.com,9646113128,Gurugram,HR,122001,2022-08-05,Business,0,13.0,4.5
CUST-00770,Neha Kumar,neha.kumar461@gmail.com,91 99773-23248,Kochi,KL,682001,2021-08-02,Retail,1,133.0,2.4
CUST-02264,Kavya Pillai,kavya.pillai265@gmail.com,09783572159,Hyderabad,TS,500001,2022-10-16,Retail,1,79.0,4.3
CUST-03133,Joseph Patel,joseph.patel57@gmail.com,9989625612,Chennai,TN,600001,2022-01-23,Enterprise,0,212.0,3.7
CUST-00978,manish sharma,MANISH.SHARMA818@GMAIL.COM,+91-96495 77495,Mysuru,KA,570001,2022-05-15,Enterprise,0,187.0,
CUST-02615,Vikram Chowdhury,vikram.chowdhury832@gmail.com,9797395277,Bengaluru,KA,560001,2022-04-03,Business,0,183.0,4.7
CUST-04726,Ishita Chowdhury,ishita.chowdhury759@protonmail.com,09916398397,Bhubaneswar,OD,751001,2022-11-10,Smb,1,87.0,3.9
CUST-02023,Lakshmi Bose,lakshmi.bose521@yahoo.in,+91-97163 91587,Chandigarh,CH,160017,2022-09-30,Enterprise,1,179.0,4.6
CUST-01260,Swetha Menon,swetha.menon571@protonmail.com,9742345104,Chennai,TN,600001,2023-06-01,Business,0,20.0,3.4
CUST-00292,Lakshmi Reddy,lakshmi.reddy766@gmail.com,09848979598,Jaipur,RJ,302001,2022-03-29,Business,0,136.0,3.3
CUST-04020,Kavya Sharma,kavya.sharma795@protonmail.com,9803978514,Pune,MH,411001,2023-08-27,Enterprise,0,1.0,3.2
CUST-01730,Gopal Das,gopal.das898@yahoo.in,91 97853-45247,Coimbatore,TN,641001,2023-04-29,Retail,1,165.0,4.3
CUST-03612,Vasanth Das,vasanth.das380@yahoo.in,9691772823,Mysuru,KA,570001,2022-10-26,Retail,0,123.0,4.1
CUST-01251,Deepa Joshi,deepa.joshi445@protonmail.com,91 98893-16463,Delhi,DL,110001,2023-12-09,Enterprise,1,22.0,3.9
CUST-00542,Vasanth Das,vasanth.das97@protonmail.com,91 96328-06994,Chandigarh,CH,160017,2023-06-17,Business,1,150.0,3.1
CUST-03689,Pradeep Krishnan,pradeep.krishnan523@yahoo.in,+91-97431 72677,Pune,MH,411001,2021-08-04,Smb,1,162.0,3.0
CUST-00642,Suresh Krishnan,suresh.krishnan280@protonmail.com,-,MYSURU,KA,570001,2022-09-06,Business,1,178.0,4.1
CUST-02172,Aravind Menon,aravind.menon688@gmail.com,9985870873,Coimbatore,TN,641001,2023-07-23,Business,0,,2.4
CUST-00217,Aravind Das,aravind.das500@protonmail.com,91 98045-85934,Lucknow,UP,226001,2022-03-25,Enterprise,1,218.0,2.2
CUST-00720,Imran Reddy,imran.reddy954@gmail.com,9651087165,Kolkata,WB,700001,2023-11-11,Business,1,194.0,4.6
CUST-02976,GOPAL MENON,,91 98682-38924,HYDERABAD,TS,500001,2022-10-12,Smb,0,147.0,3.5
CUST-03973,Ananya Sharma,ananya.sharma357@gmail.com,91 97468-95936,Ahmedabad,GJ,380001,2023-06-17,Enterprise,1,40.0,3.0
CUST-02739,Joseph Chowdhury,joseph.chowdhury395@yahoo.in,91 99790-47578,Bengaluru,KA,560001,2023-05-30,Business,1,25.0,3.5
CUST-00634,Joseph Singh,joseph.singh22@protonmail.com,9677300700,Kochi,KL,682001,2023-04-01,Business,1,227.0,4.2
CUST-00174,Deepa Iyer,deepa.iyer468@outlook.com,9626886600,Hyderabad,TS,500001,2023-04-09,Retail,1,219.0,3.9
CUST-03286,Sneha Patel,,9864346993,Jaipur,RJ,302001,2023-03-22,Business,1,57.0,5.0
CUST-00390,Ravi Raman,ravi.raman903@protonmail.com,09982063072,Jaipur,RJ,302001,2021-12-11,Business,1,234.0,4.1
CUST-01238,Neha Menon,neha.menon562@gmail.com,9749492592,Mumbai,MH,400001,2023-09-14,Business,0,214.0,4.2
CUST-04167,Sneha Pillai,sneha.pillai320@protonmail.com,,Coimbatore,TN,641001,2022-07-14,Retail,1,184.0,4.8
CUST-03969,neha krishnan,neha.krishnan891@gmail.com,9867270175,Pune,MH,411001,2022-10-11,Retail,1,190.0,4.7
CUST-04263,nithin singh,nithin.singh871@outlook.com,9953180561,Lucknow,UP,226001,2022-05-17,Business,1,30.0,3.5
CUST-02372,Manish Singh,manish.singh353@protonmail.com,9663371191,Lucknow,UP,226001,2022-03-21,Enterprise,0,198.0,4.8
CUST-00401,Fatima Joshi,fatima.joshi433@protonmail.com,9858772171,Jaipur,RJ,302001,2022-06-13,Retail,1,98.0,3.4
CUST-04482,Joseph Raman,joseph.raman316@yahoo.in,9938099749,Nagpur,MH,440001,2021-08-09,Retail,1,100.0,3.5
CUST-00754,Arjun Iyer,arjun.iyer261@outlook.com,+91-98307 43598,Hyderabad,TS,500001,2022-12-03,Enterprise,0,135.0,2.9
CUST-03211,BHAVANA BOSE,bhavana.bose421@yahoo.in,9755523996,MUMBAI,MH,400001,2022-06-25,Smb,0,110.0,4.5
CUST-03314,Sneha Reddy,sneha.reddy65@yahoo.in,+91-98581 66570,Nagpur,MH,440001,2023-08-24,Business,0,156.0,3.4
CUST-02475,Deepa Iyer,deepa.iyer310@gmail.com,09792346446,Nagpur,MH,440001,2023-03-27,Retail,0,177.0,2.7
CUST-01028,Joseph Reddy,joseph.reddy458@yahoo.in,91 97013-09123,Delhi,DL,110001,2023-04-24,Retail,1,146.0,3.8
CUST-04500,Manish Chowdhury,manish.chowdhury56@yahoo.in,807605574,Kochi,KL,682001,2023-04-27,Enterprise,1,165.0,5.0
CUST-02966,Ravi Krishnan,ravi.krishnan417@protonmail.com,670319212,Delhi,DL,110001,2023-07-04,Smb,0,55.0,4.4
CUST-01698,ananya pillai,ananya.pillai637@outlook.com,9646534679,Gurugram,HR,122001,2021-07-25,Enterprise,0,140.0,3.2
CUST-01208,Divya Pillai,divya.pillai646@yahoo.in,9865495242,JAIPUR,RJ,302001,2022-09-16,Business,1,,4.7
CUST-04464,Vikram Bose,vikram.bose822@protonmail.com,9884631356,Visakhapatnam,AP,530001,2023-05-04,Business,1,219.0,2.5
CUST-03639,Nithin Pillai,nithin.pillai419@yahoo.in,91 99738-66473,Kochi,KL,682001,2023-08-28,Business,0,178.0,3.1
CUST-00357,Kavya Mehta,kavya.mehta599@protonmail.com,91 98362-66126,Bhubaneswar,OD,751001,2022-09-19,Smb,1,221.0,4.1
CUST-01425,Bhavana Krishnan,bhavana.krishnan779@yahoo.in,91 98059-31791,Chandigarh,CH,160017,2023-03-15,Business,0,113.0,4.8
CUST-03866,SURESH PATEL,suresh.patel55@yahoo.in,09687916715,Chandigarh,CH,160017,2022-05-03,Retail,0,186.0,3.4
CUST-02996,DIVYA DAS,divya.das559@gmail.com,835369276,Lucknow,UP,226001,2023-08-24,Retail,0,231.0,4.7
CUST-02946,  Meera Iyer  ,meera.iyer706@protonmail.com,91 97333-95928,Pune,MH,411001,2023-12-28,Retail,0,22.0,4.6
CUST-01051,Suresh Singh,suresh.singh391@yahoo.in,unknown,Bhubaneswar,OD,751001,2022-02-26,Business,1,169.0,2.6
CUST-04618,Pradeep Patel,pradeep.patel302@outlook.com,91 97518-62182,Kochi,KL,682001,2022-11-15,Retail,0,116.0,2.1
CUST-03447,Meera Kumar,meera.kumar800@protonmail.com,9822029099,Bengaluru,KA,560001,2023-09-11,Retail,1,68.0,3.5
CUST-02295,Imran Joshi,imran.joshi265@gmail.com,91 96628-25088,Mysuru,KA,570001,2021-04-10,Business,1,215.0,2.3
CUST-00201,GOPAL VERMA,gopal.verma588@yahoo.in,9875223018,Visakhapatnam,AP,530001,2022-06-02,Retail,1,22.0,3.8
CUST-02155,Sneha Joshi,sneha.joshi746@outlook.com,+91-97781 67640,NAGPUR,MH,440001,2021-11-11,Business,1,123.0,4.0
CUST-04431,Suresh Chowdhury,suresh.chowdhury347@gmail.com,91 98016-87279,Visakhapatnam,AP,530001,2023-04-24,Smb,1,163.0,3.3
CUST-02398,Neha Reddy,neha.reddy632@yahoo.in,91 98271-35773,Madurai,TN,625001,2022-03-30,Retail,1,55.0,3.4
CUST-03450,Swetha Iyer,swetha.iyer516@gmail.com,9960470334,Lucknow,UP,226001,2023-03-17,Smb,0,76.0,3.1
CUST-01738,Joseph Das,joseph.das633@gmail.com,9870724813,Kolkata,WB,700001,2023-12-09,Retail,1,160.0,2.9
CUST-02216,Arjun Chowdhury,arjun.chowdhury653@protonmail.com,9950206430,Lucknow,UP,226001,2023-03-19,Business,0,213.0,2.7
CUST-01432,Deepa Singh,deepa.singh901@yahoo.in,9830736421,Hyderabad,TS,500001,2021-08-31,Business,0,222.0,3.3
CUST-02203,Joseph Raman,joseph.raman61@yahoo.in,91 97563-03235,Lucknow,UP,226001,2021-10-09,Retail,0,64.0,4.1
CUST-02462,ānithā pātel,anitha.patel172@yahoo.in,9731741985,Guwahati,AS,781001,2023-10-17,Business,1,55.0,3.0
CUST-01866,Vikram Chowdhury,vikram.chowdhury826@gmail.com,+91-99981 72596,Chandigarh,CH,160017,2023-11-27,Smb,1,90.0,
CUST-00272,Ishita Kumar,ishita.kumar518@gmail.com,,Chandigarh,CH,160017,2021-05-12,Smb,0,95.0,2.8
CUST-03223,Sneha Pillai,sneha.pillai321@yahoo.in,+91-99874 55298,Chandigarh,CH,160017,2022-12-24,Business,1,51.0,2.2
CUST-04919,Gopal Krishnan,gopal.krishnan421@outlook.com,09930507993,Gurugram,HR,122001,2023-10-22,Enterprise,0,97.0,4.3
CUST-01612,  Vasanth Nair  ,vasanth.nair753@outlook.com,+91-98110 25523,Madurai,TN,625001,2021-08-28,Retail,0,138.0,4.4
CUST-02686,PRADEEP NAIR,pradeep.nair261@protonmail.com,unknown,Delhi,DL,110001,2021-10-25,Retail,0,125.0,4.1
CUST-02649,Meera Bose,meera.bose494@yahoo.in,9826523894,Kolkata,WB,700001,2022-07-23,Retail,1,160.0,4.4
CUST-01201,Kavya Kumar,kavya.kumar248@outlook.com,9657000913,Kolkata,WB,700001,2022-08-11,Business,1,141.0,4.7
CUST-02503,Meera Das,meera.das851@outlook.com,9611225633,Gurugram,HR,122001,2023-01-30,Business,0,77.0,
CUST-00373,Gopal Krishnan,gopal.krishnan63@gmail.com,9972246784,Mysuru,KA,570001,2023-09-18,Retail,1,14.0,3.1
CUST-00807,Ananya Patel,ananya.patel830@protonmail.com,9834867532,Kochi,KL,682001,2022-01-14,Retail,1,15.0,3.2
CUST-01313,Karthik Joshi,karthik.joshi284@yahoo.in,9778302260,Madurai,TN,625001,2023-07-09,Retail,1,45.0,3.7
CUST-03905,  ,ravi.kumar491@gmail.com,9928360890,Bengaluru,KA,560001,2022-04-30,Smb,0,149.0,3.0
CUST-02989,Rahul Sharma,rahul.sharma853@protonmail.com,9646641783,Gurugram,HR,122001,2023-11-01,Smb,0,206.0,3.1
CUST-00223,  Arjun Sharma  ,,09746100896,BHUBANESWAR,OD,751001,2023-03-18,Retail,0,,2.5
CUST-02729,Aravind Krishnan,  ,91 98985-55198,Delhi,DL,110001,2021-08-07,Enterprise,1,184.0,3.8
CUST-01659,Kavya Singh,kavya.singh48@outlook.com,9678510163,Jaipur,RJ,302001,2023-03-13,Business,1,115.0,2.1
CUST-04169,Suresh Sharma,suresh.sharma571@gmail.com,91 99516-82274,Nagpur,MH,440001,2021-11-23,Smb,1,93.0,
CUST-00601,Pradeep Joshi,pradeep.joshi637@outlook.com,09663253662,Guwahati,AS,781001,2022-08-19,Business,0,172.0,4.3
CUST-02365,Priya Reddy,priya.reddy224@gmail.com,9619197754,Madurai,TN,625001,2021-10-14,Smb,0,,4.7
CUST-01675,Revathi Sharma,revathi.sharma993@protonmail.com,+91-99315 86543,Pune,MH,411001,2022-01-03,Enterprise,1,171.0,3.4
CUST-03598,GOPAL SINGH,gopal.singh35@outlook.com,9860523675,Gurugram,HR,122001,2023-07-22,Business,0,133.0,3.1
CUST-04799,SWETHA SINGH,swetha.singh985@outlook.com,+91-97306 49888,Chennai,TN,600001,2022-06-26,Business,1,,
CUST-03402,Sneha Reddy,sneha.reddy843@yahoo.in,+91-98997 87013,Lucknow,UP,226001,2023-02-04,Smb,0,106.0,3.8
CUST-01617,ARAVIND MENON,aravind.menon377@yahoo.in,09643295178,Visakhapatnam,AP,530001,2022-09-09,Retail,0,2.0,5.0
CUST-04843,Fatima Menon,fatima.menon453@protonmail.com,9757923891,Chennai,TN,600001,2022-12-09,Retail,0,209.0,4.7
CUST-03699,Nithin Patel,nithin.patel495@gmail.com,9837473057,Kolkata,WB,700001,2023-06-20,Enterprise,0,44.0,2.3
CUST-03078,Karthik Bose,karthik.bose590@outlook.com,,Chennai,TN,600001,2022-06-12,Business,0,143.0,3.3
CUST-04640,Suresh Iyer,,9707013417,Visakhapatnam,AP,530001,2022-06-03,Smb,1,77.0,3.9
CUST-04078,Joseph Menon,joseph.menon833@protonmail.com,9610509167,Chandigarh,CH,160017,2021-10-11,Business,1,178.0,4.7
CUST-04960,Rahul Nair,rahul.nair528@yahoo.in,09774477263,Bhubaneswar,OD,751001,2021-12-21,Smb,0,103.0,3.0
CUST-00909,Gopal Sharma,gopal.sharma449@outlook.com,9741463319,Coimbatore,TN,641001,2021-08-29,Retail,1,42.0,3.8
CUST-02665,Lakshmi Sharma,lakshmi.sharma885@yahoo.in,+91-98243 84173,Ahmedabad,GJ,380001,2022-07-28,Business,1,7.0,4.1
CUST-04702,Bhavana Patel,bhavana.patel998@outlook.com,91 98754-33821,Jaipur,RJ,302001,2023-05-03,Business,1,168.0,4.4
CUST-01004,DEEPA JOSHI,deepa.joshi300@protonmail.com,,Kochi,KL,682001,2023-06-06,Enterprise,0,32.0,4.4
CUST-02501,Joseph Bose,joseph.bose147@protonmail.com,91 99011-74053,Lucknow,UP,226001,2022-01-28,Retail,1,20.0,2.6
CUST-02479,,divya.iyer866@outlook.com,+91-97284 43140,Bhubaneswar,OD,751001,2023-01-12,Business,1,197.0,3.4
CUST-00932,Neha Iyer,neha.iyer114@outlook.com,91 98249-48510,Nagpur,MH,440001,2022-08-02,Smb,1,180.0,3.1
CUST-04540,Suresh Joshi,suresh.joshi278@outlook.com,+91-99926 55076,Kolkata,WB,700001,2023-01-03,Business,0,32.0,3.5
CUST-03626,REVATHI RAMAN,revathi.raman481@yahoo.in,9772901054,Chandigarh,CH,160017,2022-11-17,Business,1,18.0,3.1
CUST-03739,Deepa Das,deepa.das325@yahoo.in,+91-99638 89120,Chandigarh,CH,160017,2022-11-16,Business,1,157.0,3.5
CUST-04349,Ravi Menon,ravi.menon823@yahoo.in,+91-97002 67271,Coimbatore,TN,641001,2022-05-22,Smb,0,215.0,
CUST-03981,Neha Sharma,neha.sharma615@protonmail.com,9868311068,Coimbatore,TN,641001,2023-03-11,Enterprise,0,45.0,2.8
CUST-00696,  Imran Bose  ,imran.bose446@yahoo.in,09916984645,MYSURU,KA,570001,2022-10-08,Business,1,120.0,3.1
CUST-03210,Kavya Joshi,kavya.joshi517@gmail.com,+91-97705 23758,Nagpur,MH,440001,2022-03-23,Business,0,211.0,2.6
CUST-01873,KARTHIK BOSE,karthik.bose585@gmail.com,9806387664,Gurugram,HR,122001,2022-03-06,Retail,0,202.0,2.6
CUST-04925,Arjun Chowdhury,arjun.chowdhury691@protonmail.com,9679790920,Chandigarh,CH,160017,2022-09-01,Enterprise,1,138.0,4.2
CUST-04664,Nithin Verma,nithin.verma601@gmail.com,91 97055-14855,JAIPUR,RJ,302001,2022-03-23,Smb,1,141.0,2.1
CUST-03019,Meera Krishnan,meera.krishnan486@gmail.com,+91-99985 45970,Chandigarh,CH,160017,2022-11-17,Enterprise,0,81.0,2.7
CUST-02962,Deepa Iyer,deepa.iyer456@yahoo.in,+91-98722 32581,Kochi,KL,682001,2022-02-06,Business,1,138.0,4.2
CUST-03881,gopal verma,gopal.verma124@protonmail.com,-,Bhubaneswar,OD,751001,2022-09-14,Business,0,167.0,
CUST-03292,Ananya Kumar,ananya.kumar835@yahoo.in,91 98865-39046,Bhubaneswar,OD,751001,2022-03-21,Retail,1,109.0,2.3
CUST-02655,Divya Menon,divya.menon514@yahoo.in,9916659683,Hyderabad,TS,500001,2021-10-22,Retail,0,112.0,2.9
CUST-04404,Priya Pillai,priya.pillai350@protonmail.com,9912710474,Hyderabad,TS,500001,2022-01-27,Enterprise,1,229.0,4.9
CUST-01750,Sneha Raman,sneha.raman585@yahoo.in,,Madurai,TN,625001,2022-05-10,Retail,0,125.0,4.9
CUST-02862,Suresh Nair,suresh.nair385@protonmail.com,9751321985,Ahmedabad,GJ,380001,2021-07-20,Business,0,111.0,3.2
CUST-03797,Divya Menon,divya.menon208@yahoo.in,9697375322,Hyderabad,TS,500001,2022-01-04,Business,0,112.0,4.3
CUST-03510,RAVI REDDY,ravi.reddy724@outlook.com,9608500131,KOCHI,KL,682001,2023-08-08,Enterprise,0,208.0,4.4
CUST-00796,Gopal Reddy,gopal.reddy601@outlook.com,9649647169,Bhubaneswar,OD,751001,2023-12-26,Business,0,22.0,3.8
CUST-04754,Karthik Menon,karthik.menon618@yahoo.in,9952083042,Visakhapatnam,AP,530001,2023-07-16,Smb,0,35.0,4.7
CUST-04399,RAHUL NAIR,rahul.nair600@outlook.com,765421734,Bengaluru,KA,560001,2023-10-20,Retail,0,53.0,2.8
CUST-01847,Bhavana Raman,bhavana.raman514@gmail.com,91 99977-65311,Mumbai,MH,400001,2023-04-23,Business,0,239.0,4.8
CUST-01974,Ananya Menon,ananya.menon6@outlook.com,9927813973,Kolkata,WB,700001,2022-03-01,Enterprise,1,41.0,3.3
CUST-04087,MANISH VERMA,manish.verma896@outlook.com,+91-96382 67549,Kochi,KL,682001,2022-09-05,Enterprise,1,59.0,5.0
CUST-03531,imran pillai,imran.pillai147@protonmail.com,9980603565,Kolkata,WB,700001,2022-01-24,Business,1,220.0,3.8
CUST-00100,gopal pillai,gopal.pillai403@yahoo.in,719555899,Chennai,TN,600001,2023-10-05,Business,0,40.0,4.8
CUST-03616,Karthik Bose,karthik.bose43@gmail.com,+91-96478 30977,Kochi,KL,682001,2022-07-28,Enterprise,0,88.0,3.8
CUST-01633,Swetha Iyer,swetha.iyer40@protonmail.com,91 99646-08539,Delhi,DL,110001,2023-08-26,Business,1,28.0,3.1
CUST-02354,Aravind Chowdhury,aravind.chowdhury302@yahoo.in,91 97932-85170,Kochi,KL,682001,2022-12-12,Retail,0,22.0,4.8
CUST-01693,Rahul Das,RAHUL.DAS571@OUTLOOK.COM,91 98322-06276,Visakhapatnam,AP,530001,2023-05-28,Smb,1,193.0,3.4
CUST-01333,Bhavana Bose,bhavana.bose133@outlook.com,9670166781,Nagpur,MH,440001,2022-06-01,Retail,1,148.0,2.6
CUST-03029,Arjun Verma,arjun.verma931@outlook.com,9823103257,Guwahati,AS,781001,2023-10-22,Smb,0,58.0,3.2
CUST-03028,Lakshmi Kumar,lakshmi.kumar367@outlook.com,+91-96615 04514,Madurai,TN,625001,2022-10-04,Business,0,165.0,2.5
CUST-00566,ravi chowdhury,ravi.chowdhury727@outlook.com,9928235509,Chandigarh,CH,160017,2022-08-06,Business,0,82.0,3.3
CUST-04407,Deepa Mehta,deepa.mehta264@gmail.com,9832871728,Jaipur,RJ,302001,2022-04-27,Business,0,172.0,2.3
CUST-03144,Suresh Menon,suresh.menon555@outlook.com,+91-99313 46508,Guwahati,AS,781001,2023-09-20,Enterprise,1,67.0,
CUST-00352,Aravind Kumar,aravind.kumar72@gmail.com,unknown,Hyderabad,TS,500001,2022-03-25,Smb,1,76.0,4.7
CUST-03537,DEEPA VERMA,deepa.verma765@gmail.com,+91-98579 23869,Lucknow,UP,226001,2022-06-10,Smb,0,93.0,4.5
CUST-03048,Swetha Singh,swetha.singh995@protonmail.com,,Mysuru,KA,570001,2022-08-01,Business,1,217.0,4.9
CUST-00037,IMRAN SINGH,imran.singh691@gmail.com,960928426,Visakhapatnam,AP,530001,2023-06-29,Business,0,24.0,3.2
CUST-01454,Imran Das,imran.das922@gmail.com,9661124519,Gurugram,HR,122001,2022-03-09,Retail,0,154.0,3.9
CUST-02006,Rahul Menon,rahul.menon300@yahoo.in,+91-98414 84523,Delhi,DL,110001,2021-08-31,Retail,1,42.0,2.3
CUST-03873,Deepa Patel,deepa.patel658@outlook.com,9879745407,Bhubaneswar,OD,751001,2023-05-18,Business,1,235.0,4.3
CUST-03045,Divya Singh,divya.singh505@gmail.com,9961257959,Ahmedabad,GJ,380001,2022-04-02,Retail,0,217.0,2.5
CUST-00826,Joseph Singh,  ,9820364199,Kochi,KL,682001,2022-08-17,Business,1,229.0,3.4
CUST-03785,Aravind Krishnan,aravind.krishnan398outlook.com,9936075641,Hyderabad,TS,500001,2022-10-12,Retail,0,59.0,3.5
CUST-00124,Meera Bose,meera.bose863@protonmail.com,9792757686,Bhubaneswar,OD,751001,2022-01-29,Business,0,126.0,3.7
CUST-04258,lakshmi reddy,lakshmi.reddy550@yahoo.in,91 98078-88667,Coimbatore,TN,641001,2023-10-19,Retail,1,99.0,
CUST-01703,Priya Iyer,priya.iyer920protonmail.com,9859111457,Hyderabad,TS,500001,2021-12-11,Enterprise,1,221.0,4.8
CUST-04760,  Suresh Patel  ,suresh.patel828@protonmail.com,9636165855,Delhi,DL,110001,2022-02-08,Business,1,173.0,4.5
CUST-00366,Rahul Joshi,rahul.joshi743@outlook.com,91 97131-99327,Kolkata,WB,700001,2023-03-27,Smb,0,88.0,4.9
CUST-00285,Bhavana Joshi,bhavana.joshi499gmail.com,9696321543,Visakhapatnam,AP,530001,2023-03-06,Smb,1,134.0,2.7
CUST-00488,  Rahul Reddy  ,rahul.reddy146@gmail.com,9829739168,Hyderabad,TS,500001,2023-01-05,Enterprise,1,126.0,
CUST-02219,Divya Bose,divya.bose267@gmail.com,9759805736,Bhubaneswar,OD,751001,2021-07-15,Retail,1,166.0,3.3
CUST-01249,Ravi Singh,ravi.singh23@outlook.com,91 99003-48340,Guwahati,AS,781001,2021-08-20,Retail,0,146.0,4.7
CUST-04351,Suresh Menon,suresh.menon641@yahoo.in,9833053843,Delhi,DL,110001,2023-06-23,Business,1,128.0,
CUST-03702,Sneha Iyer,sneha.iyer304@gmail.com,9648433466,Gurugram,HR,122001,2023-01-17,Business,0,15.0,
CUST-04524,Lakshmi Joshi,lakshmi.joshi122@yahoo.in,9730343534,Madurai,TN,625001,2022-09-05,Retail,1,34.0,4.7
CUST-01982,Swetha Patel,swetha.patel531@yahoo.in,+91-99060 14989,Mysuru,KA,570001,2023-12-26,Business,0,199.0,4.8
CUST-00874,Ishita Joshi,ishita.joshi84@yahoo.in,+91-98253 78172,Guwahati,AS,781001,2022-11-24,Retail,1,60.0,4.8
CUST-02304,Deepa Sharma,deepa.sharma691@protonmail.com,9907192147,Ahmedabad,GJ,380001,2023-12-03,Enterprise,0,89.0,4.3
CUST-03884,Ananya Krishnan,ananya.krishnan763@protonmail.com,91 99306-98079,Ahmedabad,GJ,380001,2022-06-15,Retail,1,39.0,3.0
CUST-00569,Meera Joshi,meera.joshi223@protonmail.com,9749722410,Ahmedabad,GJ,380001,2022-08-04,Enterprise,1,58.0,3.5
CUST-00613,Vikram Das,vikram.das408@gmail.com,09648609480,Jaipur,RJ,302001,2022-02-12,Smb,1,158.0,2.2
CUST-00346,Sathish Bose,sathish.bose20@protonmail.com,9897026887,Kochi,KL,682001,2022-11-10,Retail,1,186.0,3.0
CUST-04370,Sathish Kumar,sathish.kumar158@outlook.com,09681574594,Visakhapatnam,AP,530001,2023-04-30,Retail,0,222.0,2.5
CUST-03940,Anitha Iyer,anitha.iyer868@gmail.com,+91-99788 48746,Ahmedabad,GJ,380001,2023-08-07,Smb,0,1.0,4.0
CUST-04432,VIKRAM CHOWDHURY,vikram.chowdhury931@protonmail.com,9650703798,Mysuru,KA,570001,2021-08-01,Retail,0,148.0,4.2
CUST-03002,Gopal Raman,gopal.raman922@protonmail.com,9920672650,Visakhapatnam,AP,530001,2023-12-15,Smb,0,131.0,4.8
CUST-02166,imran nair,imran.nair897@gmail.com,9943505492,Pune,MH,411001,2022-12-06,Business,1,68.0,4.4
CUST-02440,Pradeep Raman,,,Jaipur,RJ,302001,2022-09-08,Business,1,65.0,2.7
CUST-01423,lakshmi verma,lakshmi.verma998@gmail.com,9906365336,Coimbatore,TN,641001,2021-12-18,Retail,0,13.0,4.0
CUST-02568,Sneha Mehta,sneha.mehta54@protonmail.com,9892392900,Ahmedabad,GJ,380001,2022-09-17,Retail,0,64.0,3.9
CUST-02828,SNEHA MENON,sneha.menon555@gmail.com,+91-99213 51598,Mysuru,KA,570001,2022-04-12,Enterprise,0,79.0,3.1
CUST-03880,Bhavana Pillai,bhavana.pillai653@outlook.com,9731936738,Visakhapatnam,AP,530001,2023-07-27,Enterprise,0,98.0,4.6
CUST-02017,Arjun Sharma,arjun.sharma134@gmail.com,9910876212,Delhi,DL,110001,2021-09-27,Smb,0,176.0,2.0
CUST-00599,bhavana patel,bhavana.patel825@yahoo.in,09644124872,Jaipur,RJ,302001,2023-02-26,Smb,0,172.0,3.6
CUST-02663,Neha Singh,neha.singh66@gmail.com,9643946249,Kolkata,WB,700001,2022-09-17,Retail,0,130.0,3.6
CUST-01089,NITHIN CHOWDHURY,nithin.chowdhury720@yahoo.in,09823846141,Kochi,KL,682001,2022-06-12,Retail,0,41.0,3.8
CUST-00918,Bhavana Patel,bhavana.patel2@yahoo.in,9755637150,Lucknow,UP,226001,2022-04-27,Business,1,70.0,
CUST-01812,Anitha Das,anitha.das913@yahoo.in,91 96240-53532,Kochi,KL,682001,2023-06-01,Smb,1,101.0,
CUST-04449,Rahul Sharma,rahul.sharma37@protonmail.com,91 96731-61722,Nagpur,MH,440001,2021-08-17,Smb,1,226.0,3.1
CUST-02899,Fatima Sharma,fatima.sharma992@outlook.com,9961219926,Lucknow,UP,226001,2023-07-11,Business,0,78.0,4.7
CUST-00167,Lakshmi Verma,lakshmi.verma267@outlook.com,+91-96632 33446,Visakhapatnam,AP,530001,2022-02-02,Enterprise,1,106.0,4.6
CUST-02261,joseph krishnan,joseph.krishnan78@protonmail.com,09690621663,Lucknow,UP,226001,2022-07-19,Business,0,180.0,4.7
CUST-00841,  Neha Nair  ,neha.nair888@outlook.com,9652429817,Mumbai,MH,400001,2023-12-28,Business,0,191.0,3.3
CUST-02321,Vikram Joshi,vikram.joshi138@protonmail.com,9774043824,Bengaluru,KA,560001,2023-09-29,Smb,0,34.0,4.8
CUST-01269,Ishita Mehta,ishita.mehta172@gmail.com,9923366703,Chandigarh,CH,160017,2021-10-10,Retail,1,97.0,4.4
CUST-01550,Ravi Kumar,ravi.kumar798@gmail.com,09635507660,Jaipur,RJ,302001,2022-11-08,Business,1,53.0,4.0
CUST-03753,Imran Kumar,imran.kumar848@yahoo.in,9879939325,Kolkata,WB,700001,2021-09-13,Smb,0,167.0,2.4
CUST-04593,Bhavana Reddy,bhavana.reddy931@outlook.com,9954715188,Kolkata,WB,700001,2022-01-19,Enterprise,0,184.0,4.6
CUST-00540,  Priya Reddy  ,priya.reddy117@gmail.com,9865850171,Guwahati,AS,781001,2022-10-12,Smb,1,134.0,4.7
CUST-04271,Deepa Sharma,deepa.sharma820outlook.com,+91-98422 51842,Chandigarh,CH,160017,2023-08-25,Retail,1,82.0,4.2
CUST-01515,joseph joshi,joseph.joshi409protonmail.com,9701812726,Guwahati,AS,781001,2021-10-18,Business,0,167.0,3.2
CUST-02448,fatima verma,fatima.verma455@gmail.com,9872062370,Mumbai,MH,400001,2021-11-25,Retail,0,228.0,2.3
CUST-02968,Suresh Reddy,suresh.reddy703@outlook.com,91 96016-04844,Jaipur,RJ,302001,2021-10-20,Retail,0,160.0,4.5
CUST-04356,Ishita Verma,joseph.joshi363@gmail.com,9789801005,Bengaluru,KA,560001,2023-01-01,Business,0,,2.1
CUST-04130,Priya Chowdhury,priya.chowdhury102@outlook.com,09905303143,Jaipur,RJ,302001,2023-05-31,Retail,0,143.0,3.8
CUST-03236,Lakshmi Raman,lakshmi.raman532@yahoo.in,9857148873,Gurugram,HR,122001,2023-01-23,Business,1,211.0,3.5
CUST-02110,Suresh Verma,suresh.verma61@protonmail.com,91 99553-39961,Kochi,KL,682001,2023-05-22,Business,1,85.0,2.0
CUST-01824,Sathish Iyer,sathish.iyer503@gmail.com,9753228076,Chandigarh,CH,160017,2022-11-21,Smb,0,102.0,2.1
CUST-00780,Manish Sharma,manish.sharma493@protonmail.com,  ,Kolkata,WB,700001,2023-10-02,Business,0,28.0,3.0
CUST-02737,Swetha Patel,swetha.patel657@protonmail.com,91 99284-88078,Mumbai,MH,400001,2021-12-04,Retail,0,185.0,3.9
CUST-04512,Vasanth Patel,vasanth.patel923@yahoo.in,9635610903,Mumbai,MH,400001,2021-10-08,Business,1,180.0,4.8
CUST-00894,Fatima Sharma,fatima.sharma74@gmail.com,9961437836,Kochi,KL,682001,2023-05-29,Business,0,141.0,4.4
CUST-03423,,lakshmi.raman554@gmail.com,9709799367,Chennai,TN,600001,2022-06-25,Smb,1,76.0,3.0
CUST-03140,Fatima Raman,fatima.raman317@outlook.com,+91-96446 51993,Gurugram,HR,122001,2023-10-17,Retail,1,183.0,4.8
CUST-01568,Divya Krishnan,divya.krishnan975@gmail.com,9930142463,Gurugram,HR,122001,2022-09-24,Business,0,192.0,4.6
CUST-04066,Ravi Chowdhury,ravi.chowdhury58@protonmail.com,9898371054,Jaipur,RJ,302001,2022-07-17,Smb,0,148.0,4.3
CUST-01854,Sathish Verma,sathish.verma990@outlook.com,9833668656,Mumbai,MH,400001,2021-09-03,Smb,1,100.0,2.7
CUST-04226,Lakshmi Nair,lakshmi.nair729@outlook.com,91 99420-29819,Madurai,TN,625001,2023-08-16,Business,1,28.0,2.8
CUST-02469,Joseph Kumar,joseph.kumar338@protonmail.com,91 99628-74286,Chennai,TN,600001,2022-04-26,Business,1,124.0,3.3
CUST-01996,ANITHA SHARMA,anitha.sharma441@protonmail.com,91 99575-59680,Kolkata,WB,700001,2022-09-02,Business,1,34.0,4.6
CUST-03959,,-,91 98107-19619,Mysuru,KA,570001,2021-04-10,Retail,1,181.0,3.7
CUST-02488,Neha Raman,neha.raman598@outlook.com,+91-96806 56291,Kochi,KL,682001,2022-01-03,Retail,1,200.0,2.0
CUST-04921,Imran Raman,imran.raman571@outlook.com,919223082,Chennai,TN,600001,2022-10-27,Retail,0,77.0,2.0
CUST-01640,  Lakshmi Singh  ,lakshmi.singh803@protonmail.com,09731181193,Ahmedabad,GJ,380001,2023-08-27,Retail,0,172.0,3.7
CUST-02627,Pradeep Sharma,pradeep.sharma905outlook.com,91 97268-25108,Gurugram,HR,122001,2023-09-01,Retail,0,68.0,3.4
CUST-01878,Joseph Reddy,joseph.reddy775@outlook.com,91 99429-93738,Gurugram,HR,122001,2022-04-09,Retail,0,232.0,2.7
CUST-00778,  Ananya Chowdhury  ,ananya.chowdhury740@protonmail.com,+91-97843 34989,Visakhapatnam,AP,530001,2022-04-18,Business,0,58.0,4.8
CUST-00293,Ishita Patel,ishita.patel902@outlook.com,+91-96294 26792,Ahmedabad,GJ,380001,2023-07-05,Enterprise,0,144.0,2.6
CUST-02508,Pradeep Patel,pradeep.patel257@gmail.com,+91-97635 98225,Ahmedabad,GJ,380001,2022-11-29,Business,1,26.0,2.9
CUST-00035,  Suresh Sharma  ,suresh.sharma77yahoo.in,91 98418-62333,Bhubaneswar,OD,751001,2022-01-27,Business,0,170.0,2.6
CUST-03167,Arjun Krishnan,arjun.krishnan277@yahoo.in,9835259609,Madurai,TN,625001,2023-05-23,Retail,0,43.0,4.3
CUST-00543,Revathi Singh,revathi.singh208@gmail.com,09655284970,Delhi,DL,110001,2022-12-04,Enterprise,0,155.0,4.4
CUST-02930,Joseph Krishnan,joseph.krishnan110@yahoo.in,9639997948,Hyderabad,TS,500001,2021-09-04,Retail,0,237.0,3.1
CUST-01565,Fatima Kumar,FATIMA.KUMAR595@GMAIL.COM,09824076590,Coimbatore,TN,641001,2022-06-07,Retail,0,161.0,3.4
CUST-00998,Arjun Nair,arjun.nair191@yahoo.in,+91-96652 52188,Coimbatore,TN,641001,2022-09-21,Business,0,6.0,3.3
CUST-02305,Revathi Das,revathi.das238@yahoo.in,09731872400,Nagpur,MH,440001,2023-11-18,Smb,1,144.0,2.2
CUST-02419,Vasanth Nair,vasanth.nair295yahoo.in,9871264696,MYSURU,KA,570001,2023-07-17,Business,1,193.0,4.4
CUST-00081,Bhavana Raman,bhavana.raman312@yahoo.in,9980819791,Guwahati,AS,781001,2023-08-25,Business,0,137.0,3.9
CUST-03535,Karthik Kumar,karthik.kumar875@outlook.com,9850141505,Nagpur,MH,440001,2023-04-23,Retail,1,22.0,4.8
CUST-01595,Sneha Singh,sneha.singh289@protonmail.com,+91-97281 82261,Chandigarh,CH,160017,2022-06-30,Business,1,155.0,3.4
CUST-00497,Imran Iyer,imran.iyer708@outlook.com,09665199042,Guwahati,AS,781001,2022-11-08,Retail,1,78.0,4.2
CUST-00729,Meerā Bose,,09970246463,Kochi,KL,682001,2022-10-22,Smb,1,151.0,3.2
CUST-01652,ARAVIND REDDY,aravind.reddy123gmail.com,9803664899,Lucknow,UP,226001,2022-01-17,Business,0,171.0,4.9
CUST-04817,Anitha Iyer,anitha.iyer191@gmail.com,9886585932,Visakhapatnam,AP,530001,2022-08-13,Smb,0,116.0,2.0
CUST-03070,Bhavana Krishnan,bhavana.krishnan483@yahoo.in,+91-99483 50958,PUNE,MH,411001,2023-08-04,Smb,1,192.0,3.2
CUST-02750,MEERA PATEL,meera.patel119@protonmail.com,686465527,Kolkata,WB,700001,2023-05-12,Business,0,233.0,2.1
CUST-03259,-,joseph.joshi963@gmail.com,91 98861-32839,Kochi,KL,682001,2023-04-18,Retail,0,39.0,2.1
CUST-04239,Vasanth Sharma,vasanth.sharma914@outlook.com,9828520360,Lucknow,UP,226001,2023-02-10,Retail,1,156.0,4.7
CUST-02494,Gopal Das,gopal.das127@protonmail.com,692973438,Guwahati,AS,781001,2022-09-03,Enterprise,0,75.0,3.7
CUST-02841,Lakshmi Mehta,lakshmi.mehta407@gmail.com,9899852627,Lucknow,UP,226001,2023-06-02,Business,1,205.0,4.9
CUST-02539,Deepa Singh,deepa.singh628@protonmail.com,9674408238,Madurai,TN,625001,2022-12-22,Enterprise,0,134.0,3.9
CUST-03966,Suresh Iyer,suresh.iyer17@outlook.com,9739040133,Guwahati,AS,781001,2021-12-20,Retail,0,91.0,4.3
CUST-02021,Priya Pillai,priya.pillai880@gmail.com,+91-96653 67995,Coimbatore,TN,641001,2023-01-09,Business,0,164.0,3.4
CUST-02982,Vasanth Pillai,vasanth.pillai644@yahoo.in,91 96664-89412,Pune,MH,411001,2021-12-27,Enterprise,1,131.0,4.9
CUST-01682,Karthik Bose,karthik.bose502@protonmail.com,+91-97381 12776,Madurai,TN,625001,2022-09-06,Business,0,25.0,3.2
CUST-03912,Imran Bose,imran.bose540@protonmail.com,9631732300,Kolkata,WB,700001,2023-05-04,Retail,0,226.0,2.2
CUST-01263,Deepa Menon,deepa.menon772@outlook.com,9641766748,Chandigarh,CH,160017,2022-06-19,Smb,0,129.0,4.9
CUST-04970,Pradeep Mehta,pradeep.mehta857@outlook.com,9916603400,Kochi,KL,682001,2023-08-04,Retail,1,53.0,4.2
CUST-03795,Anitha Sharma,anitha.sharma59@outlook.com,9995654657,Bengaluru,KA,560001,2022-01-02,Business,0,169.0,2.4
CUST-03552,lakshmi bose,lakshmi.bose567@gmail.com,+91-98534 45503,Coimbatore,TN,641001,2022-11-21,Retail,1,38.0,3.2
CUST-01009,  Vasanth Chowdhury  ,vasanth.chowdhury330@protonmail.com,+91-99955 37166,Chandigarh,CH,160017,2023-10-14,Smb,1,62.0,3.6
CUST-03022,Ananya Das,ananya.das717@yahoo.in,91 96093-91987,Delhi,DL,110001,2023-10-18,Business,0,219.0,4.7
CUST-02481,Divya Das,divya.das709@outlook.com,91 98213-26444,Mumbai,MH,400001,2023-01-12,Smb,1,178.0,2.7
CUST-01961,Fatima Kumar,fatima.kumar318@protonmail.com,+91-96305 45935,Delhi,DL,110001,2022-08-15,Business,0,190.0,3.5
CUST-02324,Priyā Rāmān,priya.raman689@outlook.com,91 98091-15774,Bengaluru,KA,560001,2022-01-09,Enterprise,0,94.0,2.6
CUST-01047,Bhavana Kumar,bhavana.kumar657@outlook.com,9963891551,Guwahati,AS,781001,2021-08-12,Enterprise,1,231.0,3.5
CUST-01300,Anitha Mehta,anitha.mehta291@outlook.com,9816048647,LUCKNOW,UP,226001,2022-04-10,Retail,1,195.0,4.2
CUST-02595,Bhavana Reddy,bhavana.reddy581@outlook.com,09919395612,Kolkata,WB,700001,2022-10-08,Retail,0,23.0,2.3
CUST-00282,Vasanth Raman,vasanth.raman739@gmail.com,713643852,Guwahati,AS,781001,2023-10-19,Smb,1,126.0,3.4
CUST-00071,Nithin Nair,nithin.nair631@gmail.com,9610202634,Mysuru,KA,570001,2023-02-26,Retail,0,108.0,3.9
CUST-00472,Sathish Menon,sathish.menon252@protonmail.com,9953936281,Madurai,TN,625001,2022-09-17,Retail,0,37.0,4.7
CUST-01360,  Anitha Kumar  ,anitha.kumar133@yahoo.in,9754065831,Jaipur,RJ,302001,2023-10-12,Business,1,145.0,4.5
CUST-04761,,ravi.iyer630@outlook.com,91 96849-64984,Nagpur,MH,440001,2023-06-29,Business,1,151.0,3.5
CUST-01655,  Anitha Bose  ,anitha.bose671@protonmail.com,9684085846,Bengaluru,KA,560001,2022-03-13,Business,0,106.0,2.4
CUST-01527,Sneha Mehta,sneha.mehta953@yahoo.in,91 99074-59295,Bhubaneswar,OD,751001,2022-08-16,Enterprise,1,236.0,2.4
CUST-00646,  Anithā Krishnān  ,anitha.krishnan181@yahoo.in,91 98909-83194,Mumbai,MH,400001,2023-12-05,Business,0,76.0,3.5
CUST-02973,Swetha Verma,ananya.reddy397@protonmail.com,9898202402,Delhi,DL,110001,2022-08-10,Retail,0,37.0,4.2
CUST-02758,Aravind Singh,aravind.singh194@outlook.com,9918994601,Kochi,KL,682001,2022-05-07,Retail,1,,3.3
CUST-00963,Neha Iyer,neha.iyer860@outlook.com,9618852108,Mumbai,MH,400001,2022-09-06,Smb,0,132.0,2.7
CUST-04318,Kavya Singh,kavya.singh288@outlook.com,+91-96476 08269,Hyderabad,TS,500001,2022-06-15,Enterprise,0,187.0,2.1
CUST-03343,Deepa Krishnan,deepa.krishnan908@yahoo.in,937307075,Gurugram,HR,122001,2022-02-21,Business,0,216.0,2.6
CUST-02776,Joseph Reddy,joseph.reddy299@yahoo.in,9823741943,Kochi,KL,682001,2023-07-23,Smb,0,16.0,3.3
CUST-02384,Imran Reddy,imran.reddy710@yahoo.in,91 98617-18601,Mumbai,MH,400001,2022-08-17,Retail,0,25.0,2.4
CUST-01518,,vasanth.chowdhury236@outlook.com,9730030349,Bengaluru,KA,560001,2021-11-29,Smb,0,203.0,4.7
CUST-01656,Nithin Chowdhury,,+91-96617 33606,Lucknow,UP,226001,2022-06-28,Business,1,227.0,4.8
CUST-03275,Vasanth Chowdhury,vasanth.chowdhury691@protonmail.com,+91-96109 82197,Hyderabad,TS,500001,2023-06-28,Business,0,134.0,
CUST-02589,MANISH REDDY,manish.reddy515@gmail.com,9876176641,Hyderabad,TS,500001,2022-03-09,Enterprise,1,197.0,3.9
CUST-00943,Rahul Sharma,rahul.sharma243@yahoo.in,+91-98487 40040,Kochi,KL,682001,2023-02-06,Smb,0,142.0,2.5
CUST-00383,Sneha Chowdhury,sneha.chowdhury453@yahoo.in,+91-96407 42297,Madurai,TN,625001,2023-12-05,Retail,0,93.0,2.6
CUST-02531,Swetha Krishnan,swetha.krishnan669@gmail.com,9632139219,Delhi,DL,110001,2022-01-28,Business,0,115.0,2.7
CUST-04988,Sathish Reddy,sathish.reddy772@protonmail.com,unknown,Delhi,DL,110001,2021-08-12,Enterprise,1,90.0,2.5
CUST-02933,Fatima Nair,fatima.nair523@yahoo.in,09899885144,Jaipur,RJ,302001,2022-04-16,Business,1,123.0,2.1
CUST-00240,Kavya Mehta,kavya.mehta638@yahoo.in,9958769670,Visakhapatnam,AP,530001,2022-01-17,Business,1,120.0,2.0
CUST-00727,ARAVIND MEHTA,aravind.mehta311@yahoo.in,9969598525,Bhubaneswar,OD,751001,2021-10-23,Smb,0,99.0,4.8
CUST-01006,Imran Singh,imran.singh541@protonmail.com,9842058050,Guwahati,AS,781001,2022-10-01,Business,0,37.0,2.2
CUST-03508,Suresh Menon,suresh.menon113@outlook.com,91 98398-38703,Ahmedabad,GJ,380001,2023-04-09,Enterprise,1,36.0,2.9
CUST-04516,Sathish Patel,sathish.patel457@yahoo.in,9798243446,BHUBANESWAR,OD,751001,2023-12-16,Business,1,178.0,2.3
CUST-04274,Nithin Mehta,nithin.mehta897@gmail.com,9803414352,Pune,MH,411001,2022-05-17,Retail,1,51.0,
CUST-04488,Arjun Bose,arjun.bose778@outlook.com,9690069492,Visakhapatnam,AP,530001,2023-10-30,Business,1,217.0,2.9
CUST-02252,Ishita Sharma,ishita.sharma177@protonmail.com,91 96571-05794,Pune,MH,411001,2021-11-20,Retail,0,75.0,4.3
CUST-04354,Meera Sharma,meera.sharma593@yahoo.in,9775688432,Gurugram,HR,122001,2021-11-02,Smb,1,168.0,5.0
CUST-02767,Nithin Nair,nithin.nair390@yahoo.in,9757957123,Gurugram,HR,122001,2021-10-28,Business,1,14.0,4.6
CUST-04455,Ananya Sharma,ananya.sharma943@yahoo.in,9667434899,Delhi,DL,110001,2022-08-28,Smb,0,107.0,2.2
CUST-04069,ARJUN MEHTA,arjun.mehta107@yahoo.in,+91-98531 08680,Lucknow,UP,226001,2023-04-29,Retail,0,37.0,3.5
CUST-01787,Nithin Joshi,nithin.joshi320@outlook.com,+91-96128 34218,Bhubaneswar,OD,751001,2021-05-09,Retail,1,90.0,2.5
CUST-03491,Rahul Verma,rahul.verma274@gmail.com,91 99294-01374,JAIPUR,RJ,302001,2023-03-23,Enterprise,0,21.0,3.9
CUST-02099,Manish Iyer,manish.iyer668@outlook.com,+91-98578 63800,Bhubaneswar,OD,751001,2021-10-01,Smb,1,83.0,4.8
CUST-02291,KARTHIK NAIR,karthik.nair137@outlook.com,91 98958-46023,Hyderabad,TS,500001,2022-05-24,Retail,0,170.0,4.9
CUST-02458,Priya Patel,priya.patel630@protonmail.com,9825920423,Jaipur,RJ,302001,2022-09-09,Retail,0,23.0,4.1
CUST-02617,Suresh Iyer,,09932148353,Hyderabad,TS,500001,2022-09-27,Business,1,80.0,2.7
CUST-01711,Suresh Pillai,suresh.pillai581@protonmail.com,+91-98985 81108,Mumbai,MH,400001,2023-11-04,Smb,0,7.0,2.9
CUST-02375,Karthik Mehta,karthik.mehta426@outlook.com,  ,Chandigarh,CH,160017,2022-04-11,Retail,0,52.0,3.9
CUST-00218,Imran Chowdhury,imran.chowdhury620@protonmail.com,09838853000,Ahmedabad,GJ,380001,2023-08-25,Retail,1,191.0,2.2
CUST-01556,Priya Raman,priya.raman58@outlook.com,09754557069,Mumbai,MH,400001,2023-06-05,Enterprise,1,70.0,3.0
CUST-00649,Sathish Krishnan,sathish.krishnan968@protonmail.com,+91-98493 18866,Mysuru,KA,570001,2022-12-06,Retail,1,,4.5
CUST-03945,Deepa Nair,deepa.nair728@outlook.com,+91-99640 65152,Chandigarh,CH,160017,2023-01-19,Enterprise,0,20.0,2.0
CUST-01416,Kavya Chowdhury,kavya.chowdhury911@protonmail.com,9893937946,Coimbatore,TN,641001,2021-01-12,Retail,1,108.0,3.7
CUST-04909,Nithin Chowdhury,nithin.chowdhury592@yahoo.in,unknown,Mumbai,MH,400001,2023-05-16,Business,1,174.0,2.2
CUST-00048,Nithin Bose,nithin.bose892@outlook.com,9851433496,Mysuru,KA,570001,2021-08-17,Business,0,203.0,2.8
CUST-03347,Vasanth Chowdhury,vasanth.chowdhury371@yahoo.in,718665845,Mysuru,KA,570001,2023-02-01,Retail,0,131.0,3.0
CUST-04324,Joseph Chowdhury,joseph.chowdhury260@gmail.com,09951685581,Gurugram,HR,122001,2023-06-30,Smb,0,185.0,4.3
CUST-02642,Divya Singh,divya.singh333gmail.com,9643961997,Nagpur,MH,440001,2023-03-30,Retail,0,23.0,2.1
CUST-02805,Priya Mehta,priya.mehta937@gmail.com,+91-98668 49221,Mumbai,MH,400001,2023-07-18,Retail,0,52.0,4.4
CUST-00146,SATHISH NAIR,sathish.nair252@outlook.com,+91-98956 48725,Madurai,TN,625001,2022-03-26,Retail,1,201.0,3.4
CUST-00289,  Arjun Krishnan  ,arjun.krishnan469@yahoo.in,9744791149,Mysuru,KA,570001,2022-10-29,Business,0,227.0,2.5
CUST-03106,Rahul Mehta,rahul.mehta840@yahoo.in,9802772963,Kochi,KL,682001,2023-11-05,Business,1,68.0,3.8
CUST-04032,Suresh Raman,suresh.raman550@gmail.com,+91-96478 59729,Lucknow,UP,226001,2021-05-12,Business,1,168.0,3.7
CUST-01349,Karthik Sharma,karthik.sharma673@outlook.com,,Kolkata,WB,700001,2023-10-03,Retail,0,156.0,3.2
CUST-00560,  Swetha Kumar  ,swetha.kumar520@protonmail.com,+91-96062 21615,Jaipur,RJ,302001,2021-09-26,Enterprise,0,200.0,3.0
CUST-03846,Swetha Patel,swetha.patel627@outlook.com,+91-97579 03791,Ahmedabad,GJ,380001,2021-08-05,Business,0,,5.0
CUST-00059,Ishita Krishnan,ishita.krishnan525@gmail.com,9659533493,Visakhapatnam,AP,530001,2023-12-24,Business,0,197.0,2.8
CUST-01939,karthik pillai,karthik.pillai551@protonmail.com,668073443,Visakhapatnam,AP,530001,2022-11-17,Smb,0,21.0,3.8
CUST-00797,Priya Nair,priya.nair750@yahoo.in,9684505924,Lucknow,UP,226001,2022-10-02,Retail,0,98.0,2.4
CUST-00368,Priya Pillai,priya.pillai616@outlook.com,9974215200,Bengaluru,KA,560001,2023-03-19,Smb,0,50.0,3.8
CUST-00221,  ,fatima.bose453@outlook.com,9739482844,Chennai,TN,600001,2022-01-26,Business,1,3.0,4.4
CUST-01231,,pradeep.joshi950@gmail.com,91 98959-26725,Pune,MH,411001,2022-11-15,Retail,0,196.0,4.9
CUST-02280,Deepa Mehta,deepa.mehta336@outlook.com,09823653862,Mysuru,KA,570001,2021-07-21,Retail,1,193.0,4.0
CUST-00926,Deepa Bose,deepa.bose582@gmail.com,+91-99301 74183,Kochi,KL,682001,2022-04-03,Enterprise,0,29.0,2.1
CUST-02913,Priya Das,priya.das658@yahoo.in,09777451408,Gurugram,HR,122001,2022-12-30,Enterprise,1,208.0,3.6
CUST-00147,Fatima Mehta,fatima.mehta27@outlook.com,9615732174,Delhi,DL,110001,2023-07-21,Retail,0,69.0,4.4
CUST-02624,Ravi Nair,ravi.nair263@yahoo.in,+91-96297 72548,Pune,MH,411001,2022-11-14,Smb,1,30.0,2.4
CUST-01844,Sathish Joshi,sathish.joshi11@protonmail.com,09650260033,Bhubaneswar,OD,751001,2022-12-01,Smb,1,192.0,4.8
CUST-03760,Lakshmi Reddy,lakshmi.reddy596@outlook.com,+91-96215 70686,Ahmedabad,GJ,380001,2023-08-28,Smb,1,45.0,4.2
CUST-04363,Vikram Iyer,vikram.iyer970@gmail.com,9993256555,Jaipur,RJ,302001,2022-09-10,Business,0,25.0,2.8
CUST-00084,divya krishnan,divya.krishnan145@gmail.com,9806238868,Kochi,KL,682001,2023-02-14,Retail,0,132.0,4.6
CUST-00244,Neha Nair,neha.nair162@outlook.com,9886131548,BENGALURU,KA,560001,2022-11-03,Business,0,191.0,4.7
CUST-03975,Suresh Reddy,suresh.reddy845@protonmail.com,09763208768,Madurai,TN,625001,2021-10-08,Enterprise,0,201.0,2.7
CUST-02292,Meera Pillai,meera.pillai201@gmail.com,9773002920,Kochi,KL,682001,2023-05-17,Business,1,218.0,3.3
CUST-02819,  Kavya Iyer  ,kavya.iyer412@gmail.com,9757999991,Nagpur,MH,440001,2022-11-24,Business,1,19.0,4.6
CUST-01077,Neha Iyer,NEHA.IYER318@PROTONMAIL.COM,9605629094,Mysuru,KA,570001,2023-10-28,Enterprise,0,7.0,4.9
CUST-04140,Ananya Kumar,ananya.kumar163@protonmail.com,9958580525,Mysuru,KA,570001,2022-01-12,Retail,0,76.0,4.1
CUST-04517,  ,karthik.mehta654@outlook.com,9636134042,Kochi,KL,682001,2022-12-02,Business,0,183.0,2.7
CUST-04227,-,divya.patel568@outlook.com,9935254376,Kolkata,WB,700001,2023-07-30,Business,1,70.0,2.5
CUST-00182,Anitha Verma,anitha.verma521@yahoo.in,09693227776,Mysuru,KA,570001,2022-10-29,Smb,0,71.0,3.0
CUST-00795,Anitha Raman,anitha.raman310@yahoo.in,9946500162,Visakhapatnam,AP,530001,2023-07-18,Smb,0,231.0,2.3
CUST-04906,Ananya Raman,ananya.raman559@outlook.com,9671728491,Hyderabad,TS,500001,2022-10-10,Smb,0,164.0,3.5
CUST-04067,Manish Joshi,manish.joshi176@outlook.com,91 97189-04878,Coimbatore,TN,641001,2022-01-23,Business,1,68.0,2.4
CUST-00576,Lakshmi Das,lakshmi.das650@outlook.com,91 98361-49301,Mysuru,KA,570001,2022-03-19,Retail,0,150.0,3.8
CUST-03978,Meera Patel,meera.patel693@gmail.com,+91-98749 23683,Ahmedabad,GJ,380001,2022-12-15,Retail,0,236.0,4.7
CUST-02939,Ishita Das,ishita.das647@yahoo.in,9821323240,Gurugram,HR,122001,2021-12-17,Enterprise,0,163.0,4.2
CUST-01132,Pradeep Sharma,pradeep.sharma400@yahoo.in,9732225007,Guwahati,AS,781001,2022-12-18,Retail,1,218.0,3.1
CUST-00520,Nithin Raman,nithin.raman781@gmail.com,91 97205-71011,Visakhapatnam,AP,530001,2021-05-10,Enterprise,0,169.0,3.3
CUST-04658,Divya Krishnan,divya.krishnan498@gmail.com,+91-97514 47218,Bhubaneswar,OD,751001,2023-04-13,Business,1,8.0,
CUST-03533,Imran Pillai,imran.pillai454@outlook.com,91 96556-70079,Chandigarh,CH,160017,2023-07-16,Retail,0,46.0,3.8
CUST-04372,arjun singh,arjun.singh446@protonmail.com,9856132503,Chandigarh,CH,160017,2023-12-01,Enterprise,0,197.0,4.9
CUST-00304,REVATHI MENON,revathi.menon505@gmail.com,91 97942-18158,Visakhapatnam,AP,530001,2022-12-14,Smb,0,5.0,
CUST-01106,Sneha Raman,sneha.raman523@protonmail.com,9895240398,DELHI,DL,110001,2023-12-14,Business,1,21.0,3.8
CUST-03457,vikram sharma,vikram.sharma770@protonmail.com,9697299674,Bengaluru,KA,560001,2023-07-09,Business,0,126.0,2.9
CUST-03316,Joseph Mehta,joseph.mehta531@outlook.com,91 99211-23512,Kochi,KL,682001,2022-01-26,Smb,1,135.0,5.0
CUST-00899,Neha Bose,neha.bose608@protonmail.com,+91-96477 95944,MUMBAI,MH,400001,2023-11-28,Business,0,91.0,2.7
CUST-00786,Joseph Joshi,joseph.joshi503@yahoo.in,9970634555,Pune,MH,411001,2022-03-11,Smb,1,34.0,3.5
CUST-02136,Sneha Patel,sneha.patel192@outlook.com,91 96701-33874,Nagpur,MH,440001,2023-09-16,Business,1,67.0,3.4
CUST-00212,Arjun Menon,arjun.menon798@gmail.com,91 96421-37695,BHUBANESWAR,OD,751001,2022-04-05,Business,0,223.0,2.5
CUST-03485,SATHISH PATEL,sathish.patel191@yahoo.in,9710623225,Visakhapatnam,AP,530001,2022-10-29,Enterprise,0,107.0,4.2
CUST-03466,Imran Nair,imran.nair404@yahoo.in,9694440736,Jaipur,RJ,302001,2023-03-27,Enterprise,0,67.0,2.3
CUST-00667,Kavya Nair,kavya.nair417@yahoo.in,+91-97997 74988,Ahmedabad,GJ,380001,2022-11-09,Business,0,155.0,2.4
CUST-04119,Gopal Das,gopal.das228@yahoo.in,9646511456,Guwahati,AS,781001,2021-08-18,Business,0,146.0,2.6
CUST-01822,Vikram Verma,vikram.verma912@yahoo.in,9640311673,Gurugram,HR,122001,2023-05-09,Smb,0,145.0,2.6
CUST-02736,Pradeep Singh,pradeep.singh811@outlook.com,9623699318,Kochi,KL,682001,2022-07-10,Business,0,188.0,3.9
CUST-03264,Ishita Raman,ishita.raman226@outlook.com,732098147,Hyderabad,TS,500001,2021-07-19,Business,1,187.0,2.2
CUST-01482,Sneha Das,sneha.das957@yahoo.in,9786623402,Bhubaneswar,OD,751001,2023-08-17,Business,1,93.0,2.3
CUST-02054,Gopal Pillai,gopal.pillai734@outlook.com,9998835833,Hyderabad,TS,500001,2023-05-27,Retail,0,97.0,2.3
CUST-02474,Arjun Iyer,arjun.iyer342@yahoo.in,9690636098,Nagpur,MH,440001,2022-07-25,Enterprise,1,175.0,4.0
CUST-03712,Neha Raman,neha.raman883@gmail.com,09657075080,Ahmedabad,GJ,380001,2023-05-03,Business,1,132.0,2.9
CUST-02619,gopal singh,gopal.singh732@gmail.com,+91-96501 61066,Pune,MH,411001,2021-11-07,Business,1,13.0,2.6
CUST-02513,KAVYA BOSE,kavya.bose821@gmail.com,9927805254,Lucknow,UP,226001,2023-10-23,Enterprise,0,133.0,4.3
CUST-02360,RAVI IYER,ravi.iyer151@outlook.com,+91-99439 35474,Kolkata,WB,700001,2023-06-06,Retail,0,184.0,2.2
CUST-01811,Sneha Verma,sneha.verma886@yahoo.in,9835365902,Ahmedabad,GJ,380001,2023-10-24,Enterprise,1,108.0,3.4
CUST-04316,Pradeep Iyer,pradeep.iyer942@outlook.com,+91-98454 94158,Pune,MH,411001,2023-12-13,Retail,1,133.0,2.5
CUST-02315,Anitha Raman,anitha.raman789@yahoo.in,09612399605,Hyderabad,TS,500001,2023-06-07,Retail,0,74.0,2.3
CUST-04535,PRIYA REDDY,priya.reddy650@outlook.com,9978275447,Mysuru,KA,570001,2022-09-25,Smb,1,187.0,3.8
CUST-04705,  Nithin Mehta  ,-,09762515677,Kolkata,WB,700001,2023-04-13,Business,0,182.0,3.4
CUST-00117,Meera Kumar,meera.kumar726@yahoo.in,756407251,Madurai,TN,625001,2023-04-28,Smb,1,184.0,3.1
CUST-01868,Deepa Reddy,deepa.reddy106@protonmail.com,91 98287-62708,Visakhapatnam,AP,530001,2023-04-08,Enterprise,0,221.0,4.8
CUST-02509,Ravi Iyer,ravi.iyer968@gmail.com,9663821354,Bhubaneswar,OD,751001,2021-11-05,Retail,0,146.0,3.9
CUST-01507,Revathi Bose,revathi.bose358@protonmail.com,9841036703,Chennai,TN,600001,2022-11-02,Retail,1,167.0,2.2
CUST-03640,Suresh Patel,suresh.patel792@protonmail.com,+91-97313 73590,Coimbatore,TN,641001,2021-12-13,Smb,1,102.0,3.5
CUST-00621,MANISH KUMAR,manish.kumar29@outlook.com,9692552765,Chandigarh,CH,160017,2023-07-26,Business,0,46.0,4.1
CUST-03800,suresh mehta,suresh.mehta419@protonmail.com,09655476938,Mysuru,KA,570001,2022-09-22,Business,0,82.0,3.9
CUST-03790,Vasanth Kumar,vasanth.kumar84@outlook.com,9715796395,Hyderabad,TS,500001,2021-10-14,Enterprise,0,126.0,2.1
CUST-04740,Sneha Kumar,sneha.kumar915@gmail.com,9640350032,Mumbai,MH,400001,2023-09-03,Smb,1,83.0,2.5
CUST-03471,Deepa Krishnan,deepa.krishnan630@protonmail.com,91 96130-37791,Mysuru,KA,570001,2021-08-04,Business,1,237.0,3.6
CUST-03026,Nithin Patel,nithin.patel894@gmail.com,812834111,Chennai,TN,600001,2022-11-13,Business,0,68.0,4.9
CUST-01548,Sneha Mehta,sneha.mehta24@outlook.com,,Kochi,KL,682001,2022-10-14,Retail,0,22.0,4.7
CUST-01017,Ananya Iyer,ananya.iyer176@gmail.com,,Gurugram,HR,122001,2022-12-05,Retail,1,90.0,2.7
CUST-04000,BHAVANA VERMA,bhavana.verma968@yahoo.in,09855937069,Visakhapatnam,AP,530001,2022-01-21,Business,1,181.0,2.8
CUST-04607,Neha Chowdhury,neha.chowdhury333@gmail.com,09786646203,Visakhapatnam,AP,530001,2023-10-15,Business,0,179.0,
CUST-03954,Ishita Pillai,ishita.pillai667@gmail.com,9650486179,Guwahati,AS,781001,2023-07-18,Enterprise,1,130.0,2.4
CUST-00712,Revathi Chowdhury,revathi.chowdhury272@outlook.com,620782524,VISAKHAPATNAM,AP,530001,2022-09-27,Business,1,111.0,2.2
CUST-04637,Divya Iyer,divya.iyer709@gmail.com,850902351,Jaipur,RJ,302001,2022-01-28,Enterprise,1,183.0,2.8
CUST-01185,Bhavana Mehta,-,+91-98922 55615,Mumbai,MH,400001,2023-12-23,Business,0,143.0,4.5
CUST-02453,Neha Mehta,,+91-99378 47545,Madurai,TN,625001,2023-02-28,Retail,1,150.0,2.8
CUST-00430,Aravind Mehta,aravind.mehta376@yahoo.in,+91-96273 30255,Jaipur,RJ,302001,2021-12-08,Business,1,124.0,2.6
CUST-01477,Priya Iyer,priya.iyer308@protonmail.com,09804990564,Madurai,TN,625001,2022-09-19,Business,1,188.0,4.6
CUST-03596,Karthik Iyer,karthik.iyer878@protonmail.com,+91-96062 19503,Chandigarh,CH,160017,2022-06-25,Retail,0,144.0,3.8
CUST-04862,  Karthik Verma  ,karthik.verma733@yahoo.in,09889496989,Kolkata,WB,700001,2021-11-15,Smb,1,95.0,4.1
CUST-00518,SURESH SINGH,suresh.singh870@outlook.com,91 96240-15880,Ahmedabad,GJ,380001,2022-05-26,Smb,1,19.0,4.6
CUST-04415,  Kavya Menon  ,kavya.menon490@protonmail.com,+91-98194 99385,Bhubaneswar,OD,751001,2022-10-05,Business,1,184.0,4.2
CUST-02817,Manish Patel,manish.patel389@yahoo.in,+91-99907 59642,Hyderabad,TS,500001,2021-10-21,Retail,1,217.0,3.5
CUST-02921,DEEPA DAS,deepa.das871@outlook.com,9741522059,Pune,MH,411001,2023-02-19,Business,0,155.0,
CUST-02094,Swetha Raman,swetha.raman498@protonmail.com,9803820663,Chandigarh,CH,160017,2023-08-18,Enterprise,1,123.0,2.2
CUST-00420,Priya Reddy,priya.reddy720@protonmail.com,9667235802,Madurai,TN,625001,2022-11-23,Enterprise,1,126.0,4.5
CUST-02026,Swetha Patel,swetha.patel584@protonmail.com,9851890987,Madurai,TN,625001,2022-07-25,Retail,0,98.0,
CUST-00220,Vasanth Raman,vasanth.raman334@protonmail.com,9890223911,Nagpur,MH,440001,2022-03-25,Smb,0,112.0,3.9
CUST-00584,Bhavana Reddy,bhavana.reddy980@protonmail.com,09823826401,Delhi,DL,110001,2023-02-21,Smb,0,213.0,3.3
CUST-02759,Ananya Verma,ananya.verma32@yahoo.in,836913047,Gurugram,HR,122001,2023-05-19,Retail,0,202.0,4.8
CUST-02493,Aravind Joshi,aravind.joshi857@protonmail.com,9763525541,Delhi,DL,110001,2023-07-26,Business,1,17.0,4.0
CUST-01853,Kavya Pillai,kavya.pillai560@gmail.com,9857796325,Gurugram,HR,122001,2023-09-09,Retail,0,,3.7
CUST-01534,Neha Mehta,neha.mehta582@yahoo.in,+91-99001 10520,Mumbai,MH,400001,2023-11-01,Enterprise,1,141.0,4.4
CUST-03956,Rahul Nair,rahul.nair855@yahoo.in,9734310914,Delhi,DL,110001,2023-08-06,Smb,1,172.0,5.0
CUST-01945,Swetha Kumar,swetha.kumar476@protonmail.com,9764407059,Hyderabad,TS,500001,2022-01-22,Retail,1,124.0,3.2
CUST-02858,Sneha Raman,sneha.raman350@gmail.com,unknown,Visakhapatnam,AP,530001,2021-09-30,Retail,0,123.0,4.3
CUST-02738,Karthik Patel,karthik.patel461@gmail.com,9842726959,MADURAI,TN,625001,2022-11-14,Smb,1,11.0,3.2
CUST-00384,Imran Singh,,9924288305,Nagpur,MH,440001,2022-11-11,Smb,1,121.0,5.0
CUST-00758,Bhavana Patel,bhavana.patel111@yahoo.in,9719737198,Mysuru,KA,570001,2022-04-03,Retail,1,122.0,3.9
CUST-00986,Meera Nair,,9613504028,Madurai,TN,625001,2021-12-12,Business,1,67.0,3.7
CUST-04969,Joseph Chowdhury,joseph.chowdhury662@outlook.com,  ,Nagpur,MH,440001,2023-07-23,Business,0,10.0,4.7
CUST-02801,Deepa Joshi,deepa.joshi137@gmail.com,91 98191-66636,Ahmedabad,GJ,380001,2021-09-10,Business,0,21.0,2.3
CUST-01024,Sneha Krishnan,sneha.krishnan620@yahoo.in,9997955025,Mysuru,KA,570001,2021-10-05,Business,1,203.0,2.5
CUST-04194,Meera Nair,meera.nair924@yahoo.in,9952616731,Chandigarh,CH,160017,2022-05-28,Retail,0,1.0,2.9
CUST-01805,Imran Pillai,imran.pillai23@protonmail.com,09833650074,Delhi,DL,110001,2023-12-27,Smb,1,10.0,
CUST-01552,Bhavana Krishnan,bhavana.krishnan251@protonmail.com,9737615495,Madurai,TN,625001,2023-04-08,Retail,1,144.0,4.7
CUST-01654,ravi menon,ravi.menon488@yahoo.in,9747723840,Gurugram,HR,122001,2022-02-14,Enterprise,1,135.0,
CUST-00307,Manish Iyer,manish.iyer120@yahoo.in,9857439391,Ahmedabad,GJ,380001,2023-07-08,Business,1,191.0,2.7
CUST-00482,Priya Nair,priya.nair599@protonmail.com,9958756070,Guwahati,AS,781001,2022-08-24,Retail,1,197.0,2.2
CUST-02210,Lakshmi Joshi,lakshmi.joshi325@gmail.com,9685710943,Kochi,KL,682001,2023-02-10,Business,1,224.0,4.7
CUST-02838,Karthik Kumar,karthik.kumar953@protonmail.com,9692866149,Bhubaneswar,OD,751001,2021-12-10,Smb,1,31.0,3.8
CUST-01345,Meera Menon,meera.menon184@yahoo.in,9855364319,Chennai,TN,600001,2023-04-28,Business,1,83.0,3.2
CUST-04359,ARAVIND VERMA,,9689266835,Gurugram,HR,122001,2023-05-21,Retail,0,24.0,3.1
CUST-04864,Neha Krishnan,neha.krishnan257@outlook.com,+91-98258 58411,Lucknow,UP,226001,2021-07-16,Business,1,126.0,3.5
CUST-01491,  Vasanth Menon  ,,09794779556,Chennai,TN,600001,2022-11-12,Smb,1,104.0,2.7
CUST-02900,Meera Nair,meera.nair708@outlook.com,91 96530-48111,Kolkata,WB,700001,2023-12-16,Business,1,8.0,4.2
CUST-00449,Revathi Singh,revathi.singh79@gmail.com,09679802073,Mysuru,KA,570001,2023-10-24,Enterprise,1,187.0,2.3
CUST-01044,Kavya Reddy,kavya.reddy429@outlook.com,09709561139,PUNE,MH,411001,2021-09-02,Enterprise,1,44.0,
CUST-00652,Deepa Pillai,deepa.pillai379@protonmail.com,+91-98400 23285,Pune,MH,411001,2022-08-31,Enterprise,0,148.0,4.1
CUST-04680,Ishita Nair,ishita.nair807@outlook.com,+91-96523 05418,Chennai,TN,600001,2022-03-10,Business,0,202.0,
CUST-04235,Fatima Singh,fatima.singh902@gmail.com,09978806108,Chandigarh,CH,160017,2021-06-08,Enterprise,1,45.0,3.5
CUST-00813,Pradeep Krishnan,pradeep.krishnan86@protonmail.com,992429406,Guwahati,AS,781001,2021-12-08,Enterprise,1,229.0,3.6
CUST-02919,  Ananya Bose  ,ananya.bose874@gmail.com,9649129186,Chennai,TN,600001,2022-12-07,Enterprise,1,212.0,3.5
CUST-03511,Anitha Krishnan,anitha.krishnan89@gmail.com,,Madurai,TN,625001,2023-07-21,Business,1,58.0,3.5
CUST-01798,Nithin Sharma,nithin.sharma395@outlook.com,9876565200,Chandigarh,CH,160017,2022-12-21,Smb,1,11.0,3.6
CUST-01530,Bhavana Mehta,bhavana.mehta169@protonmail.com,09740439593,Mysuru,KA,570001,2023-02-28,Business,0,215.0,2.5
CUST-01075,Nithin Bose,nithin.bose264@outlook.com,9917041516,Coimbatore,TN,641001,2023-01-28,Enterprise,0,32.0,3.9
CUST-03148,ANANYA MEHTA,ananya.mehta692@outlook.com,9624823852,Kochi,KL,682001,2022-03-20,Business,0,35.0,3.5
CUST-03249,Deepa Singh,deepa.singh151@outlook.com,91 98622-41548,Nagpur,MH,440001,2023-09-02,Business,1,212.0,3.6
CUST-00609,Sneha Joshi,aravind.das85@outlook.com,916938001,Bengaluru,KA,560001,2022-04-22,Business,1,89.0,3.3
CUST-04776,karthik raman,karthik.raman130@outlook.com,9798718311,Mumbai,MH,400001,2022-03-19,Enterprise,1,194.0,3.4
CUST-03476,joseph bose,joseph.bose550outlook.com,+91-98653 69074,COIMBATORE,TN,641001,2023-03-21,Retail,1,191.0,3.4
CUST-01326,Aravind Chowdhury,aravind.chowdhury593@gmail.com,,Gurugram,HR,122001,2023-02-25,Business,0,205.0,3.7
CUST-02960,Manish Singh,manish.singh262@outlook.com,09723642377,Mysuru,KA,570001,2022-06-03,Business,0,226.0,3.7
CUST-02089,Revathi Joshi,unknown,9703980444,Lucknow,UP,226001,2022-04-25,Smb,0,24.0,2.9
CUST-02211,Ananya Reddy,ananya.reddy379@protonmail.com,09670220453,Mumbai,MH,400001,2023-02-27,Business,0,5.0,4.6
CUST-01790,Nithin Reddy,nithin.reddy563@gmail.com,9950885655,Guwahati,AS,781001,2022-11-25,Retail,0,209.0,3.8
CUST-03103,Karthik Verma,KARTHIK.VERMA84@YAHOO.IN,9985192324,Bengaluru,KA,560001,2022-02-24,Business,0,147.0,4.4
CUST-02000,Fatima Patel,fatima.patel977@protonmail.com,91 99218-57135,Nagpur,MH,440001,2023-10-21,Business,0,42.0,4.9
CUST-00154,Sathish Sharma,sathish.sharma915@protonmail.com,9831564951,Hyderabad,TS,500001,2022-11-07,Enterprise,1,68.0,2.9
CUST-00040,Priya Nair,priya.nair522@outlook.com,9859039987,Pune,MH,411001,2023-08-14,Business,1,88.0,3.5
CUST-02079,Fatima Menon,fatima.menon793@protonmail.com,9991443928,Hyderabad,TS,500001,2022-04-02,Business,1,205.0,4.5
CUST-02799,Rahul Menon,,9622290757,Guwahati,AS,781001,2022-08-03,Retail,1,86.0,3.7
CUST-04709,Priya Reddy,priya.reddy742@yahoo.in,09895208929,Mumbai,MH,400001,2023-01-22,Business,0,61.0,2.7
CUST-01780,  Aravind Joshi  ,aravind.joshi594@outlook.com,9650891682,Ahmedabad,GJ,380001,2022-06-28,Retail,0,67.0,2.2
CUST-01944,revathi bose,revathi.bose713@yahoo.in,9906974522,Guwahati,AS,781001,2021-08-22,Smb,1,210.0,2.7
CUST-04109,Aravind Menon,aravind.menon152@outlook.com,+91-99911 39901,Jaipur,RJ,302001,2021-07-29,Enterprise,0,6.0,4.0
CUST-00732,Swetha Singh,rahul.chowdhury22@gmail.com,+91-97487 56998,Chennai,TN,600001,2023-09-20,Enterprise,0,59.0,2.8
CUST-04237,Lakshmi Verma,lakshmi.verma444@protonmail.com,9960511688,Chandigarh,CH,160017,2022-04-25,Business,0,238.0,4.5
CUST-03562,Ananya Nair,ananya.nair831@yahoo.in,9655763141,Madurai,TN,625001,2021-04-10,Business,1,24.0,2.4
CUST-01627,Karthik Nair,karthik.nair366@protonmail.com,+91-99717 55657,Madurai,TN,625001,2021-11-15,Enterprise,1,128.0,4.7
CUST-03707,Nithin Bose,nithin.bose80@protonmail.com,+91-97551 16457,Madurai,TN,625001,2021-09-12,Smb,0,204.0,4.9
CUST-02218,REVATHI JOSHI,revathi.joshi262@gmail.com,9764590657,Coimbatore,TN,641001,2023-06-07,Business,0,168.0,4.5
CUST-01771,Sathish Kumar,sathish.kumar317@gmail.com,9662931873,Bengaluru,KA,560001,2022-11-11,Business,0,152.0,4.1
CUST-02866,Revathi Bose,revathi.bose827@gmail.com,9883958371,Lucknow,UP,226001,2023-01-02,Retail,0,109.0,4.5
CUST-02436,Fatima Raman,fatima.raman574@yahoo.in,9906529760,Kochi,KL,682001,2022-10-26,Business,0,240.0,3.6
CUST-00245,Suresh Nair,suresh.nair190@gmail.com,91 99285-55119,Chandigarh,CH,160017,2022-01-26,Retail,1,217.0,4.1
CUST-01067,Meera Raman,meera.raman841@protonmail.com,,Chennai,TN,600001,2023-01-19,Business,1,178.0,3.8
CUST-00510,Vasanth Menon,vasanth.menon828@gmail.com,9607998602,Pune,MH,411001,2023-01-07,Smb,0,75.0,3.2
CUST-02425,Kavya Sharma,kavya.sharma668@protonmail.com,,Visakhapatnam,AP,530001,2022-02-15,Retail,1,36.0,2.2
CUST-02463,Aravind Chowdhury,aravind.chowdhury578@yahoo.in,9879356125,Nagpur,MH,440001,2021-06-08,Business,0,239.0,2.5
CUST-04200,Joseph Nair,joseph.nair379@outlook.com,91 96565-68194,Coimbatore,TN,641001,2023-08-25,Retail,0,123.0,2.7
CUST-02297,Anitha Patel,anitha.patel165@yahoo.in,9712809197,Chandigarh,CH,160017,2022-12-29,Smb,0,159.0,4.6
CUST-02223,divya kumar,divya.kumar706@protonmail.com,+91-97288 82184,Gurugram,HR,122001,2021-11-04,Enterprise,1,78.0,3.5
CUST-04262,RAVI NAIR,ravi.nair568@outlook.com,9830508872,Chennai,TN,600001,2022-04-17,Enterprise,1,4.0,3.2
CUST-03312,SWETHA MEHTA,swetha.mehta34@yahoo.in,,Nagpur,MH,440001,2023-01-14,Smb,1,222.0,
CUST-02374,Karthik Iyer,karthik.iyer426@outlook.com,9902503501,Mumbai,MH,400001,2023-02-22,Smb,0,56.0,3.3
CUST-02092,Pradeep Menon,pradeep.menon887@yahoo.in,9998580734,Mumbai,MH,400001,2023-10-21,Retail,0,203.0,5.0
CUST-02504,Revathi Sharma,revathi.sharma738@yahoo.in,9793113466,Delhi,DL,110001,2023-12-05,Business,1,19.0,3.2
CUST-02998,Sneha Menon,sneha.menon472@gmail.com,9971709973,Lucknow,UP,226001,2023-08-27,Smb,0,139.0,2.2
CUST-04891,Suresh Nair,suresh.nair597@outlook.com,9603621282,KOLKATA,WB,700001,2023-03-30,Business,1,42.0,2.8
CUST-01571,Suresh Joshi,suresh.joshi813@outlook.com,9775576363,Kochi,KL,682001,2022-03-30,Enterprise,1,217.0,3.7
CUST-01478,Deepa Mehta,deepa.mehta784@outlook.com,9699173301,Bhubaneswar,OD,751001,2023-11-04,Enterprise,1,228.0,2.4
CUST-00716,Meera Joshi,meera.joshi257@gmail.com,933043556,Madurai,TN,625001,2023-06-16,Smb,0,8.0,3.2
CUST-03212,  ,,9805146771,Bengaluru,KA,560001,2023-02-08,Retail,1,159.0,3.8
CUST-00415,Swetha Raman,swetha.raman706@gmail.com,91 99793-11252,Mumbai,MH,400001,2021-09-05,Retail,0,180.0,4.8
CUST-01437,Bhavana Pillai,bhavana.pillai819@gmail.com,9641069517,Chennai,TN,600001,2023-11-13,Business,0,82.0,2.9
CUST-02840,Neha Verma,neha.verma983@yahoo.in,+91-96206 83775,MADURAI,TN,625001,2023-12-06,Business,0,155.0,3.5
CUST-03488,Kavya Kumar,kavya.kumar900@outlook.com,9874887422,Bhubaneswar,OD,751001,2023-05-20,Business,0,151.0,4.4
CUST-02994,vikram menon,vikram.menon365@yahoo.in,09610870623,Jaipur,RJ,302001,2023-07-02,Business,0,232.0,
CUST-01679,Lakshmi Singh,lakshmi.singh37@gmail.com,+91-98281 82437,Pune,MH,411001,2021-12-12,Business,1,83.0,3.6
CUST-02163,Priya Reddy,priya.reddy268@outlook.com,9692571584,Ahmedabad,GJ,380001,2022-07-08,Retail,1,46.0,3.4
CUST-03128,sathish sharma,sathish.sharma399@outlook.com,9677892980,Kochi,KL,682001,2023-01-05,Retail,0,123.0,4.6
CUST-01828,divya singh,divya.singh758@outlook.com,  ,Nagpur,MH,440001,2023-08-16,Retail,0,221.0,2.2
CUST-00494,Fatima Menon,fatima.menon433@protonmail.com,9652687808,Gurugram,HR,122001,2023-08-11,Retail,1,35.0,2.6
CUST-03532,ANITHA PILLAI,ANITHA.PILLAI393@GMAIL.COM,+91-96751 42969,Gurugram,HR,122001,2022-12-05,Retail,1,149.0,3.2
CUST-00790,Arjun Patel,arjun.patel223@yahoo.in,9615712366,Hyderabad,TS,500001,2023-09-07,Smb,1,205.0,4.6
CUST-01377,Joseph Das,  ,91 97588-98024,Kolkata,WB,700001,2023-08-18,Smb,0,186.0,3.2
CUST-04059,neha iyer,neha.iyer692@protonmail.com,9959470316,Bhubaneswar,OD,751001,2021-11-17,Retail,1,77.0,
CUST-03014,Lākshmi Iyer,lakshmi.iyer948@outlook.com,+91-99005 57167,Chennai,TN,600001,2022-03-27,Enterprise,1,49.0,4.1
CUST-03918,Imran Bose,imran.bose761@yahoo.in,9691492027,Chandigarh,CH,160017,2023-01-28,Retail,0,150.0,3.2
CUST-04724,Imran Das,imran.das543@protonmail.com,+91-99076 29320,Gurugram,HR,122001,2022-04-20,Retail,0,92.0,3.1
CUST-04312,Bhavana Mehta,bhavana.mehta395@gmail.com,09996015000,Kolkata,WB,700001,2023-07-27,Smb,0,88.0,3.5
CUST-03354,  Manish Menon  ,manish.menon538@gmail.com,9857586683,Coimbatore,TN,641001,2023-04-11,Retail,1,146.0,3.4
CUST-00891,Ishita Das,ishita.das574@yahoo.in,9957021330,Hyderabad,TS,500001,2022-04-08,Retail,0,168.0,3.2
CUST-00170,Joseph Mehta,joseph.mehta844@gmail.com,+91-97561 36983,Guwahati,AS,781001,2022-08-17,Retail,1,233.0,3.2
CUST-02797,Deepa Krishnan,deepa.krishnan486@protonmail.com,9848276752,PUNE,MH,411001,2022-12-04,Business,0,220.0,3.5
CUST-02546,rahul krishnan,rahul.krishnan886@gmail.com,9888052802,Lucknow,UP,226001,2022-08-20,Enterprise,1,203.0,3.0
CUST-02532,Arjun Nair,arjun.nair621@gmail.com,09955644124,Madurai,TN,625001,2023-04-07,Enterprise,0,92.0,3.9
CUST-02571,Deepa Joshi,deepa.joshi451@yahoo.in,91 98836-99293,Visakhapatnam,AP,530001,2021-05-08,Enterprise,1,27.0,2.4
CUST-04450,Swetha Bose,swetha.bose844@yahoo.in,9951788034,Lucknow,UP,226001,2023-12-03,Smb,1,45.0,2.6
CUST-03768,Nithin Das,nithin.das23@gmail.com,9976012868,Hyderabad,TS,500001,2021-02-12,Business,0,185.0,4.9
CUST-03619,Sneha Menon,sneha.menon935@protonmail.com,+91-98568 31793,Hyderabad,TS,500001,2021-09-26,Retail,0,145.0,4.9
CUST-04974,Karthik Joshi,karthik.joshi149@outlook.com,9668222731,Visakhapatnam,AP,530001,2022-04-10,Retail,1,16.0,2.3
CUST-00713,KAVYA VERMA,kavya.verma751@outlook.com,9956114098,Visakhapatnam,AP,530001,2022-11-28,Smb,0,46.0,2.6
CUST-01357,Karthik Singh,karthik.singh384@outlook.com,91 96127-64150,Kolkata,WB,700001,2022-06-02,Enterprise,0,146.0,3.2
CUST-01316,Pradeep Bose,pradeep.bose226@outlook.com,+91-99236 78432,BHUBANESWAR,OD,751001,2022-11-06,Business,1,229.0,2.2
CUST-03409,Lakshmi Sharma,lakshmi.sharma469@yahoo.in,9642828470,Bengaluru,KA,560001,2023-12-18,Retail,0,41.0,4.6
CUST-01221,Arjun Krishnan,arjun.krishnan792@gmail.com,+91-99032 67665,Lucknow,UP,226001,2021-08-23,Retail,0,222.0,2.8
CUST-00917,Sathish Iyer,sathish.iyer146@protonmail.com,9736648231,Nagpur,MH,440001,2022-12-12,Business,0,176.0,3.8
CUST-02852,SNEHA MENON,sneha.menon147@protonmail.com,+91-98840 75256,LUCKNOW,UP,226001,2023-05-08,Business,1,130.0,
CUST-03116,Anitha Kumar,anitha.kumar674@outlook.com,,Bhubaneswar,OD,751001,2022-11-06,Enterprise,1,98.0,2.5
CUST-02573,RAVI IYER,ravi.iyer733@yahoo.in,+91-96241 97827,Madurai,TN,625001,2023-08-07,Retail,0,143.0,3.2
CUST-01487,ARAVIND RAMAN,aravind.raman320@yahoo.in,9734745632,Coimbatore,TN,641001,2023-06-13,Retail,1,228.0,2.6
CUST-03088,Aravind Verma,aravind.verma844@gmail.com,+91-96170 38568,Delhi,DL,110001,2022-05-07,Retail,0,156.0,3.4
CUST-02770,Rahul Sharma,rahul.sharma148@outlook.com,9818204807,Madurai,TN,625001,2023-06-21,Retail,0,16.0,4.3
CUST-03308,Lakshmi Krishnan,lakshmi.krishnan351@outlook.com,,Mumbai,MH,400001,2021-08-15,Retail,1,68.0,4.7
CUST-04824,Divya Menon,divya.menon878@outlook.com,+91-96435 65606,Mumbai,MH,400001,2022-08-18,Business,0,4.0,2.2
CUST-02794,Sathish Krishnan,sathish.krishnan208@yahoo.in,9601722938,Delhi,DL,110001,2021-10-29,Business,0,228.0,2.9
CUST-02574,Arjun Das,arjun.das650@gmail.com,9758572324,Bhubaneswar,OD,751001,2022-12-24,Business,0,207.0,4.9
CUST-02519,Joseph Mehta,joseph.mehta988@yahoo.in,9622545954,Chandigarh,CH,160017,2021-10-01,Smb,0,15.0,3.4
CUST-01433,Manish Krishnan,manish.krishnan473@protonmail.com,9749669239,Delhi,DL,110001,2022-04-15,Smb,0,178.0,3.2
CUST-02386,Sathish Patel,sathish.patel526@gmail.com,09787805437,Delhi,DL,110001,2022-08-23,Enterprise,1,202.0,4.0
CUST-00567,Deepa Bose,deepa.bose690@protonmail.com,91 96173-22948,Visakhapatnam,AP,530001,2022-07-07,Business,1,193.0,
CUST-00042,Sneha Joshi,sneha.joshi841@yahoo.in,9619874754,Visakhapatnam,AP,530001,2023-12-16,Retail,1,223.0,2.5
CUST-04075,Manish Pillai,manish.pillai364@protonmail.com,91 96477-13459,Kochi,KL,682001,2022-07-15,Enterprise,1,207.0,3.9
CUST-00423,ANITHA MENON,anitha.menon877@yahoo.in,91 99232-73807,Visakhapatnam,AP,530001,2022-12-06,Retail,1,117.0,2.8
CUST-03252,Neha Pillai,neha.pillai852@gmail.com,9680996874,Delhi,DL,110001,2023-03-16,Retail,1,97.0,2.4
CUST-03222,  Anitha Bose  ,anitha.bose380@outlook.com,9650309776,Pune,MH,411001,2022-10-18,Business,0,76.0,2.7
CUST-03072,karthik mehta,karthik.mehta207@gmail.com,+91-99691 49029,Kolkata,WB,700001,2022-02-10,Retail,0,233.0,2.8
CUST-04306,Joseph Chowdhury,joseph.chowdhury984@yahoo.in,656750589,Chandigarh,CH,160017,2023-04-25,Smb,1,87.0,3.3
CUST-01242,Karthik Iyer,karthik.iyer301@gmail.com,9696776189,Hyderabad,TS,500001,2021-10-12,Retail,1,106.0,2.7
CUST-02674,sneha pillai,sneha.pillai908@outlook.com,09762711737,Bengaluru,KA,560001,2023-09-20,Business,0,18.0,2.0
CUST-00916,Revathi Raman,revathi.raman921@gmail.com,9626566384,Bhubaneswar,OD,751001,2023-09-16,Enterprise,0,65.0,2.5
CUST-00053,neha mehta,neha.mehta460@outlook.com,+91-96585 47925,Pune,MH,411001,2022-09-18,Retail,1,123.0,3.3
CUST-02303,swetha verma,swetha.verma279@gmail.com,+91-96335 78242,Guwahati,AS,781001,2021-11-16,Retail,0,,
CUST-04742,deepā kumār,deepa.kumar379@yahoo.in,+91-97406 87095,Bhubaneswar,OD,751001,2023-08-26,Business,0,159.0,3.8
CUST-04971,divya das,divya.das773@yahoo.in,91 98632-40381,Hyderabad,TS,500001,2022-08-01,Business,1,108.0,3.8
CUST-03376,Joseph Sharma,joseph.sharma157@gmail.com,9747728243,Nagpur,MH,440001,2023-08-17,Business,0,89.0,4.4
CUST-00645,  Arjun Sharma  ,arjun.sharma94@gmail.com,9968079232,Coimbatore,TN,641001,2022-01-05,Enterprise,1,121.0,4.0
CUST-02114,Manish Mehta,manish.mehta451@yahoo.in,9884191744,Chennai,TN,600001,2023-04-27,Business,1,,2.2
CUST-00838,Karthik Singh,karthik.singh92@protonmail.com,9693968272,Mumbai,MH,400001,2022-05-29,Retail,0,166.0,3.5
CUST-03933,  Lakshmi Verma  ,lakshmi.verma437@protonmail.com,9863153418,Chandigarh,CH,160017,2023-08-11,Business,1,149.0,3.2
CUST-01743,Lakshmi Das,lakshmi.das148@yahoo.in,9603170250,Madurai,TN,625001,2021-12-06,Business,0,138.0,2.8
CUST-01157,SWETHA VERMA,swetha.verma50@protonmail.com,9846798350,Lucknow,UP,226001,2022-10-03,Retail,0,108.0,2.2
CUST-04595,Nithin Pillai,nithin.pillai537@gmail.com,09965776570,Visakhapatnam,AP,530001,2022-11-21,Retail,0,12.0,3.7
CUST-00399,Neha Das,neha.das751@outlook.com,+91-97104 97393,Pune,MH,411001,2023-06-27,Smb,1,17.0,2.2
CUST-02025,Suresh Kumar,suresh.kumar187@outlook.com,9817816451,Chandigarh,CH,160017,2023-10-11,Business,1,146.0,3.9
CUST-00784,Swetha Chowdhury,swetha.chowdhury295@yahoo.in,9763499584,Bengaluru,KA,560001,2021-12-08,Retail,1,40.0,3.1
CUST-04936,Swetha Reddy,swetha.reddy794@gmail.com,+91-98696 09779,Kochi,KL,682001,2023-01-28,Smb,1,225.0,4.0
CUST-03766,PRIYA SINGH,priya.singh862@outlook.com,9792170975,Visakhapatnam,AP,530001,2023-11-09,Enterprise,0,13.0,4.4
CUST-00284,joseph chowdhury,joseph.chowdhury559@yahoo.in,09714477968,Visakhapatnam,AP,530001,2022-12-18,Retail,0,63.0,2.1
CUST-04172,Karthik Iyer,karthik.iyer381@gmail.com,+91-98832 80971,Coimbatore,TN,641001,2022-04-18,Retail,0,99.0,4.7
CUST-03902,Fatima Nair,fatima.nair945@yahoo.in,9858134820,Mumbai,MH,400001,2023-07-15,Enterprise,0,85.0,2.3
CUST-01253,Joseph Bose,joseph.bose909@yahoo.in,9972746387,Ahmedabad,GJ,380001,2023-03-22,Retail,0,201.0,4.6
CUST-04375,  Aravind Patel  ,,9807953403,Bhubaneswar,OD,751001,2023-07-09,Enterprise,1,184.0,3.6
CUST-03111,Neha Pillai,neha.pillai189@gmail.com,715439816,Delhi,DL,110001,2023-10-17,Retail,1,77.0,4.2
CUST-01200,Joseph Reddy,joseph.reddy443@protonmail.com,+91-99710 47518,Visakhapatnam,AP,530001,2021-09-16,Retail,1,141.0,3.8
CUST-03403,Kavya Joshi,kavya.joshi844@outlook.com,+91-99885 76312,Bengaluru,KA,560001,2023-08-19,Smb,1,230.0,
CUST-01907,Nithin Raman,nithin.raman904@outlook.com,09639345638,Kochi,KL,682001,2022-04-29,Retail,0,158.0,2.8
CUST-04143,ravi chowdhury,ravi.chowdhury346@outlook.com,9717300446,Ahmedabad,GJ,380001,2022-05-25,Retail,0,25.0,4.4
CUST-03379,Anitha Verma,-,91 96997-44835,Mumbai,MH,400001,2022-06-27,Retail,1,63.0,3.8
CUST-04997,Pradeep Singh,pradeep.singh189@yahoo.in,+91-99324 16117,CHANDIGARH,CH,160017,2023-07-12,Business,0,134.0,2.5
CUST-04876,Rahul Raman,rahul.raman838@outlook.com,+91-97332 34166,Lucknow,UP,226001,2022-06-18,Retail,0,148.0,
CUST-03507,Rahul Singh,rahul.singh661@gmail.com,9665558856,Lucknow,UP,226001,2021-01-10,Retail,1,152.0,4.6
CUST-03017,Arjun Kumar,arjun.kumar562@protonmail.com,834571505,Visakhapatnam,AP,530001,2021-09-14,Retail,1,180.0,
CUST-04190,Sneha Menon,sneha.menon907@yahoo.in,  ,Hyderabad,TS,500001,2022-05-17,Business,1,88.0,4.5
CUST-02952,  Divya Pillai  ,divya.pillai445@outlook.com,+91-96662 42659,Mysuru,KA,570001,2023-11-05,Enterprise,1,8.0,4.8
CUST-03549,Pradeep Das,pradeep.das629@protonmail.com,9679905105,Bhubaneswar,OD,751001,2023-09-16,Business,0,131.0,4.4
CUST-01713,Anitha Nair,anitha.nair314@outlook.com,9859400439,Lucknow,UP,226001,2023-04-18,Business,0,79.0,4.6
CUST-01142,Neha Iyer,neha.iyer34@gmail.com,9923315332,Gurugram,HR,122001,2023-01-28,Enterprise,1,228.0,2.2
CUST-04410,Gopal Verma,gopal.verma753@outlook.com,9624966472,Visakhapatnam,AP,530001,2022-10-08,Retail,0,209.0,4.8
CUST-03484,BHAVANA DAS,bhavana.das460@gmail.com,9637615861,Ahmedabad,GJ,380001,2022-11-04,Retail,1,11.0,4.4
CUST-04963,KARTHIK KRISHNAN,karthik.krishnan345@gmail.com,91 96891-96765,Coimbatore,TN,641001,2023-12-19,Business,0,94.0,4.2
CUST-01715,Gopal Chowdhury,gopal.chowdhury643@gmail.com,9736867758,Chandigarh,CH,160017,2022-07-08,Business,1,137.0,2.4
CUST-03708,Rahul Chowdhury,rahul.chowdhury249@protonmail.com,9687119720,Mumbai,MH,400001,2023-03-01,Retail,1,135.0,2.0
CUST-04546,Vasanth Krishnan,vasanth.krishnan197@outlook.com,9737353540,Delhi,DL,110001,2021-10-01,Business,1,99.0,4.8
CUST-03299,Revathi Raman,revathi.raman396@protonmail.com,9923922020,Nagpur,MH,440001,2023-09-19,Business,1,95.0,3.1
CUST-04929,Ravi Verma,ravi.verma621@outlook.com,9920174942,Ahmedabad,GJ,380001,2021-08-27,Business,1,190.0,4.4
CUST-00553,deepa singh,deepa.singh265@yahoo.in,9616883541,Guwahati,AS,781001,2022-12-10,Enterprise,1,83.0,3.9
CUST-03490,Ananya Das,ananya.das332@yahoo.in,9926003418,Bengaluru,KA,560001,2023-01-25,Retail,1,64.0,4.8
CUST-04912,Fatima Bose,fatima.bose605@outlook.com,+91-97292 12165,Guwahati,AS,781001,2022-10-30,Enterprise,0,231.0,4.4
CUST-00198,  Aravind Mehta  ,aravind.mehta580@yahoo.in,9859578916,Coimbatore,TN,641001,2023-06-03,Business,1,121.0,
CUST-01041,Gopal Singh,gopal.singh790@protonmail.com,+91-98722 29361,Mumbai,MH,400001,2021-11-22,Enterprise,1,53.0,4.4
CUST-04910,Ishita Sharma,ishita.sharma151@protonmail.com,+91-98337 86714,Madurai,TN,625001,2023-11-13,Retail,1,118.0,3.0
CUST-00845,vasanth sharma,vasanth.sharma783@outlook.com,,Nagpur,MH,440001,2022-05-25,Retail,0,201.0,3.0
CUST-03546,Joseph Iyer,joseph.iyer142@protonmail.com,+91-96449 46168,Hyderabad,TS,500001,2023-09-12,Enterprise,1,150.0,5.0
CUST-04519,Lakshmi Patel,lakshmi.patel971@outlook.com,9793928436,Bhubaneswar,OD,751001,2023-08-29,Smb,1,11.0,2.3
CUST-01516,Nithin Bose,nithin.bose303@gmail.com,795379628,Bhubaneswar,OD,751001,2023-01-07,Business,1,88.0,
CUST-02102,Suresh Menon,suresh.menon666@outlook.com,9670843357,LUCKNOW,UP,226001,2023-07-04,Enterprise,0,230.0,3.5
CUST-03842,vikram krishnan,vikram.krishnan223@yahoo.in,91 98529-46531,Bengaluru,KA,560001,2022-08-25,Smb,0,23.0,4.9
CUST-01144,Lakshmi Kumar,lakshmi.kumar476@gmail.com,91 98795-77956,Madurai,TN,625001,2023-10-02,Business,0,198.0,2.6
CUST-04471,kavya patel,kavya.patel534@gmail.com,09904116345,Hyderabad,TS,500001,2021-08-13,Smb,1,228.0,4.5
CUST-01619,PRADEEP PILLAI,pradeep.pillai264@outlook.com,09749198563,Hyderabad,TS,500001,2023-06-21,Retail,0,157.0,2.9
CUST-04435,Revathi Krishnan,revathi.krishnan892@outlook.com,91 96378-89644,Kolkata,WB,700001,2022-04-18,Retail,0,212.0,4.0
CUST-03214,Swetha Pillai,,91 96644-77850,Nagpur,MH,440001,2022-11-12,Retail,1,100.0,4.5
CUST-01027,Sneha Nair,sneha.nair372@outlook.com,9942334637,Ahmedabad,GJ,380001,2023-07-01,Retail,1,47.0,4.4
CUST-03348,ananya menon,ananya.menon847@protonmail.com,9851627486,Delhi,DL,110001,2023-07-14,Smb,0,204.0,4.4
CUST-04834,Suresh Sharma,,9754749029,Pune,MH,411001,2023-03-13,Enterprise,0,231.0,4.7
CUST-00603,Nithin Menon,nithin.menon763@outlook.com,91 96814-81539,Guwahati,AS,781001,2022-06-07,Business,1,26.0,3.9
CUST-01630,Priya Pillai,priya.pillai523@outlook.com,9905333469,Nagpur,MH,440001,2023-03-21,Enterprise,0,197.0,2.5
CUST-00387,Bhavana Joshi,bhavana.joshi401@gmail.com,+91-97011 13559,Kolkata,WB,700001,2022-06-13,Retail,0,126.0,2.6
CUST-02621,Meera Chowdhury,meera.chowdhury275@gmail.com,91 98196-94698,Kochi,KL,682001,2022-04-30,Enterprise,0,26.0,2.7
CUST-04494,Lakshmi Patel,lakshmi.patel468@yahoo.in,959038391,Visakhapatnam,AP,530001,2022-08-05,Business,1,144.0,4.2
CUST-03094,REVATHI KRISHNAN,revathi.krishnan727@protonmail.com,9618104966,Coimbatore,TN,641001,2022-11-27,Retail,1,17.0,4.5
CUST-02035,Sathish Menon,sathish.menon727@outlook.com,09774856677,Guwahati,AS,781001,2023-11-19,Smb,1,41.0,2.6
CUST-01336,  Ravi Bose  ,ravi.bose305@yahoo.in,91 97060-60442,Kolkata,WB,700001,2021-07-27,Business,0,29.0,3.2
CUST-04418,Arjun Singh,ARJUN.SINGH925@GMAIL.COM,9696017901,Guwahati,AS,781001,2023-03-13,Smb,0,175.0,4.9
CUST-00805,Swetha Pillai,swetha.pillai32@gmail.com,9978120209,Madurai,TN,625001,2023-05-11,Retail,1,209.0,3.1
CUST-03001,Vasanth Bose,vasanth.bose342@protonmail.com,9602450599,Visakhapatnam,AP,530001,2023-06-05,Enterprise,1,127.0,4.0
CUST-00493,Vasanth Verma,vasanth.verma52@outlook.com,09752077024,Guwahati,AS,781001,2021-11-12,Business,0,236.0,2.7
CUST-01418,,meera.pillai477@outlook.com,9893912651,Delhi,DL,110001,2022-09-08,Retail,1,23.0,3.8
CUST-02745,Anitha Mehta,anitha.mehta493@yahoo.in,09990480931,Bhubaneswar,OD,751001,2021-11-12,Business,0,2.0,3.6
CUST-00341,Neha Das,neha.das940@gmail.com,+91-98741 53981,Bengaluru,KA,560001,2021-11-04,Retail,0,190.0,2.5
CUST-01110,Aravind Reddy,aravind.reddy901@yahoo.in,9776775268,Coimbatore,TN,641001,2022-12-03,Enterprise,0,159.0,4.6
CUST-02984,Rahul Patel,rahul.patel85@protonmail.com,9611276568,Guwahati,AS,781001,2023-09-01,Retail,1,61.0,3.0
CUST-00166,Deepa Menon,deepa.menon488@outlook.com,691260894,Nagpur,MH,440001,2021-10-11,Smb,0,168.0,3.1
CUST-04304,Revathi Chowdhury,revathi.chowdhury216@outlook.com,+91-99005 86049,NAGPUR,MH,440001,2023-07-29,Smb,0,211.0,2.4
CUST-02484,JOSEPH DAS,joseph.das91@yahoo.in,9971555224,Madurai,TN,625001,2023-12-23,Business,1,28.0,2.4
CUST-03603,Rahul Das,rahul.das477@yahoo.in,9852109436,Nagpur,MH,440001,2022-08-22,Retail,1,63.0,3.3
CUST-03858,Vikram Kumar,vikram.kumar148@protonmail.com,91 97641-98801,Chandigarh,CH,160017,2022-06-10,Business,0,63.0,3.3
CUST-00485,  Vasanth Krishnan  ,vasanth.krishnan678@protonmail.com,9663525890,Madurai,TN,625001,2022-10-06,Business,0,13.0,4.2
CUST-04058,Vikram Reddy,vikram.reddy549@protonmail.com,9661706503,Guwahati,AS,781001,2022-06-04,Smb,1,13.0,3.5
CUST-04719,Divya Singh,divya.singh358@outlook.com,9741342482,Mumbai,MH,400001,2021-11-20,Retail,1,35.0,
CUST-00422,Lakshmi Pillai,lakshmi.pillai968@gmail.com,9624785321,Guwahati,AS,781001,2023-02-14,Business,0,138.0,4.1
CUST-03451,Nithin Joshi,nithin.joshi960@yahoo.in,9910513464,NAGPUR,MH,440001,2021-09-24,Retail,0,121.0,2.2
CUST-00155,  Joseph Bose  ,,91 99554-19400,Bhubaneswar,OD,751001,2023-09-04,Business,0,126.0,2.8
CUST-03108,Imran Verma,imran.verma321@protonmail.com,704514783,Guwahati,AS,781001,2021-12-13,Enterprise,1,85.0,
CUST-00592,Pradeep Pillai,pradeep.pillai591@yahoo.in,9679609261,HYDERABAD,TS,500001,2023-09-01,Business,0,238.0,2.6
CUST-01572,Aravind Joshi,aravind.joshi828@gmail.com,91 96653-56087,Nagpur,MH,440001,2022-03-06,Smb,1,69.0,3.5
CUST-02391,REVATHI PATEL,revathi.patel300@outlook.com,09841983218,Bhubaneswar,OD,751001,2021-11-25,Retail,1,54.0,2.7
CUST-04808,  Nithin Patel  ,nithin.patel77@gmail.com,+91-99977 70837,Kochi,KL,682001,2023-12-05,Business,0,218.0,4.5
CUST-04336,Kavya Bose,kavya.bose243@outlook.com,+91-97536 04020,Bengaluru,KA,560001,2023-06-21,Smb,1,155.0,
CUST-00379,Meera Singh,meera.singh694@yahoo.in,9659576034,Mumbai,MH,400001,2021-10-04,Business,0,31.0,4.8
CUST-03076,Aravind Chowdhury,aravind.chowdhury511@outlook.com,9798500037,Mumbai,MH,400001,2023-12-01,Business,1,66.0,3.7
CUST-04622,Rahul Nair,rahul.nair710@yahoo.in,09632322707,Chandigarh,CH,160017,2022-08-29,Business,1,227.0,
CUST-02173,imran das,imran.das609@yahoo.in,9728772770,PUNE,MH,411001,2022-09-29,Enterprise,1,140.0,2.5
CUST-01052,Pradeep Sharma,pradeep.sharma229@protonmail.com,9604807645,Delhi,DL,110001,2022-12-11,Business,1,34.0,2.9
CUST-02115,Neha Pillai,neha.pillai786@outlook.com,91 99409-33266,Chennai,TN,600001,2022-02-04,Business,0,1.0,4.7
CUST-04783,Deepa Raman,deepa.raman762@yahoo.in,9711508665,Chennai,TN,600001,2022-05-07,Retail,0,125.0,2.7
CUST-02051,Neha Nair,neha.nair320@outlook.com,+91-96641 65275,Coimbatore,TN,641001,2023-03-06,Smb,1,8.0,
CUST-04153,Sneha Iyer,-,9786634466,Kochi,KL,682001,2021-07-23,Retail,0,91.0,2.9
CUST-04805,Ananya Krishnan,ananya.krishnan83@yahoo.in,+91-96861 22261,Nagpur,MH,440001,2023-10-03,Smb,1,34.0,2.2
CUST-00180,,ravi.chowdhury485@outlook.com,9661215826,Pune,MH,411001,2022-12-01,Retail,1,127.0,4.2
CUST-04623,Joseph Patel,joseph.patel758@yahoo.in,+91-98220 72992,Ahmedabad,GJ,380001,2023-04-15,Business,0,77.0,3.8
CUST-04966,Suresh Singh,suresh.singh210@protonmail.com,9863637896,Madurai,TN,625001,2021-12-09,Enterprise,0,54.0,3.9
CUST-02460,  Ananya Reddy  ,ananya.reddy209@outlook.com,9927070710,Mumbai,MH,400001,2022-06-04,Retail,1,84.0,3.4
CUST-01574,Joseph Chowdhury,joseph.chowdhury409@outlook.com,+91-98471 61824,Nagpur,MH,440001,2022-11-21,Smb,0,167.0,3.9
CUST-01597,Rahul Menon,rahul.menon222@gmail.com,+91-98111 59308,Guwahati,AS,781001,2023-01-26,Business,1,14.0,4.0
CUST-02941,Joseph Iyer,joseph.iyer525@yahoo.in,9877102756,Delhi,DL,110001,2021-08-17,Business,0,84.0,2.3
CUST-03817,Ravi Raman,ravi.raman84@protonmail.com,09858782478,Chennai,TN,600001,2023-04-13,Retail,1,92.0,4.9
CUST-03590,Suresh Raman,suresh.raman301@yahoo.in,9920954712,Chennai,TN,600001,2023-12-05,Business,1,175.0,3.0
CUST-04446,Gopal Patel,gopal.patel612@protonmail.com,9987777661,Jaipur,RJ,302001,2023-09-22,Business,1,30.0,4.3
CUST-04790,Nithin Verma,nithin.verma231@gmail.com,9998427326,Pune,MH,411001,2022-04-13,Smb,1,205.0,2.4
CUST-02886,Ishita Mehta,ishita.mehta673@yahoo.in,9751333802,Kolkata,WB,700001,2023-09-30,Retail,0,134.0,3.2
CUST-00250,  Bhavana Nair  ,bhavana.nair788@gmail.com,09766171374,Lucknow,UP,226001,2021-11-08,Retail,0,128.0,
CUST-03458,Ishita Krishnan,ishita.krishnan883@gmail.com,+91-98871 26350,Pune,MH,411001,2021-08-19,Retail,1,119.0,3.4
CUST-00638,Bhavana Raman,bhavana.raman954@outlook.com,9680854334,Gurugram,HR,122001,2022-09-01,Smb,1,75.0,4.4
CUST-02395,Arjun Mehta,arjun.mehta221@yahoo.in,9904075638,Visakhapatnam,AP,530001,2022-08-29,Retail,0,106.0,2.3
CUST-02581,Arjun Reddy,arjun.reddy506@gmail.com,9814738162,Visakhapatnam,AP,530001,2021-07-27,Retail,0,181.0,2.4
CUST-03563,Vikram Reddy,vikram.reddy173@gmail.com,9766785400,Lucknow,UP,226001,2023-03-07,Retail,0,151.0,4.0
CUST-03821,Revathi Das,revathi.das885@protonmail.com,+91-97590 35675,Coimbatore,TN,641001,2023-02-09,Smb,1,112.0,
CUST-02320,Swetha Reddy,swetha.reddy303@gmail.com,9849476373,Hyderabad,TS,500001,2021-10-28,Enterprise,1,45.0,4.0
CUST-00344,Vasanth Patel,vasanth.patel665@yahoo.in,833962155,Nagpur,MH,440001,2023-07-14,Smb,0,125.0,4.6
CUST-02326,Imran Raman,imran.raman343@gmail.com,9908038123,Ahmedabad,GJ,380001,2021-09-04,Business,1,220.0,2.3
CUST-00466,Vikram Reddy,,9909686699,Ahmedabad,GJ,380001,2022-03-07,Business,1,91.0,3.6
CUST-03378,ANANYA CHOWDHURY,ananya.chowdhury124@gmail.com,+91-97807 91059,JAIPUR,RJ,302001,2022-12-18,Retail,1,174.0,4.9
CUST-00574,Fatima Joshi,fatima.joshi666@protonmail.com,9666602515,Delhi,DL,110001,2022-02-27,Retail,0,204.0,2.8
CUST-02328,Ishita Nair,ishita.nair859@gmail.com,-,Delhi,DL,110001,2023-08-26,Retail,1,183.0,4.4
CUST-04793,Vasanth Menon,vasanth.menon329@outlook.com,09612680016,Hyderabad,TS,500001,2023-11-27,Business,1,11.0,
CUST-02416,Arāvind Bose,aravind.bose176@protonmail.com,09827576064,Delhi,DL,110001,2023-12-31,Retail,0,156.0,3.5
CUST-00023,Nithin Mehta,nithin.mehta457@yahoo.in,+91-98548 38897,Pune,MH,411001,2022-07-10,Smb,1,61.0,3.0
CUST-00052,Kavya Patel,kavya.patel239@outlook.com,9919965205,Mysuru,KA,570001,2023-08-19,Business,0,151.0,
CUST-00836,Anitha Patel,anitha.patel705@gmail.com,9932613584,Nagpur,MH,440001,2023-06-02,Smb,0,32.0,3.4
CUST-02134,Manish Bose,manish.bose776@yahoo.in,9677831910,Delhi,DL,110001,2021-11-28,Retail,1,159.0,3.5
CUST-02893,Manish Das,manish.das516@gmail.com,9806069317,Guwahati,AS,781001,2022-03-11,Retail,0,120.0,4.3
CUST-04168,Vikram Nair,vikram.nair149@outlook.com,9660357023,Bhubaneswar,OD,751001,2021-07-15,Smb,1,143.0,3.5
CUST-04343,Revathi Patel,revathi.patel366@outlook.com,9769659665,Bengaluru,KA,560001,2023-12-29,Business,0,132.0,4.8
CUST-01187,  Vikram Singh  ,vikram.singh298@protonmail.com,9963896739,Ahmedabad,GJ,380001,2023-09-26,Smb,1,240.0,3.7
CUST-03808,Joseph Singh,joseph.singh577@gmail.com,09642572483,Lucknow,UP,226001,2022-07-27,Retail,1,222.0,4.1
CUST-04585,Karthik Bose,karthik.bose288@gmail.com,09661018479,Kochi,KL,682001,2023-11-30,Business,0,94.0,3.1
CUST-02558,Priya Bose,priya.bose443@yahoo.in,91 97702-73719,Visakhapatnam,AP,530001,2021-09-24,Enterprise,1,87.0,3.6
CUST-01141,SNEHA PATEL,sneha.patel931@gmail.com,9605595224,Visakhapatnam,AP,530001,2023-02-15,Retail,1,39.0,4.5
CUST-02618,Deepa Pillai,deepa.pillai638@protonmail.com,9685819273,Madurai,TN,625001,2023-12-23,Smb,0,55.0,3.3
CUST-04307,Fatima Nair,fatima.nair828@yahoo.in,+91-97478 25167,Lucknow,UP,226001,2023-03-08,Enterprise,1,212.0,3.2
CUST-00353,Bhavana Das,bhavana.das353@gmail.com,91 98833-56031,Mysuru,KA,570001,2022-03-04,Smb,0,228.0,3.9
CUST-04576,Sneha Krishnan,sneha.krishnan873@gmail.com,9948864719,Lucknow,UP,226001,2021-07-24,Business,0,90.0,4.7
CUST-01697,ishita joshi,ishita.joshi388@protonmail.com,+91-98946 87088,Guwahati,AS,781001,2023-04-19,Business,1,194.0,4.8
CUST-03988,  Pradeep Mehta  ,pradeep.mehta258@outlook.com,91 97922-27034,Guwahati,AS,781001,2023-09-13,Retail,0,101.0,3.4
CUST-00008,Karthik Bose,karthik.bose541@protonmail.com,09889532383,Mumbai,MH,400001,2022-09-25,Retail,0,17.0,3.8
CUST-03792,Sathish Reddy,sathish.reddy686@yahoo.in,9857138602,Nagpur,MH,440001,2023-02-17,Business,0,21.0,3.5
CUST-00173,Aravind Singh,aravind.singh367@protonmail.com,+91-96211 55779,MUMBAI,MH,400001,2023-09-09,Smb,0,39.0,4.3
CUST-03557,Karthik Joshi,karthik.joshi308@protonmail.com,9801402074,Ahmedabad,GJ,380001,2021-08-26,Smb,0,190.0,2.6
CUST-00514,Revathi Singh,revathi.singh776@gmail.com,+91-99336 81658,Kochi,KL,682001,2021-12-23,Business,1,119.0,4.2
CUST-01449,Revathi Das,revathi.das582@outlook.com,9799100484,Chennai,TN,600001,2022-06-03,Smb,0,114.0,3.5
CUST-01196,ANITHA MENON,anitha.menon226@protonmail.com,9647524061,Kochi,KL,682001,2023-10-08,Smb,1,134.0,4.6
CUST-03584,Ishita Krishnan,ishita.krishnan388@protonmail.com,91 98427-11955,Mysuru,KA,570001,2022-11-12,Retail,0,59.0,3.4
CUST-00248,Nithin Das,nithin.das628@gmail.com,+91-96763 64312,Lucknow,UP,226001,2022-06-20,Business,1,83.0,2.5
CUST-02679,ARJUN JOSHI,arjun.joshi789@outlook.com,91 96136-25070,Hyderabad,TS,500001,2021-09-04,Smb,1,72.0,2.2
CUST-00236,Priya Menon,priya.menon951@gmail.com,+91-99394 06365,Gurugram,HR,122001,2023-07-28,Smb,1,115.0,3.7
CUST-01018,Meera Menon,meera.menon830@outlook.com,9777910832,Coimbatore,TN,641001,2021-12-26,Retail,0,219.0,3.5
CUST-03193,Gopal Nair,gopal.nair979@protonmail.com,9652665668,Mysuru,KA,570001,2022-03-06,Enterprise,0,228.0,3.7
CUST-03769,ananya verma,ananya.verma661@gmail.com,91 96608-23559,Coimbatore,TN,641001,2022-11-06,Retail,1,153.0,2.0
CUST-00950,imran reddy,imran.reddy609@protonmail.com,9755966032,Hyderabad,TS,500001,2022-04-06,Enterprise,0,150.0,2.5
CUST-03930,Neha Verma,neha.verma529@outlook.com,9617193532,Kochi,KL,682001,2023-11-07,Retail,1,160.0,3.1
CUST-04100,Sathish Singh,sathish.singh755@outlook.com,9689788704,Gurugram,HR,122001,2021-10-02,Smb,0,28.0,2.0
CUST-00728,revathi nair,revathi.nair535@outlook.com,-,Guwahati,AS,781001,2023-03-17,Retail,1,220.0,4.4
CUST-02587,Imran Singh,imran.singh804@gmail.com,+91-99590 61956,Kochi,KL,682001,2023-07-07,Retail,1,50.0,3.3
CUST-01871,Fatima Bose,fatima.bose22@yahoo.in,9661279207,Gurugram,HR,122001,2022-05-17,Retail,1,,2.4
CUST-04706,Fatima Sharma,fatima.sharma423@protonmail.com,9877364227,Mysuru,KA,570001,2023-06-15,Retail,1,228.0,3.4
CUST-01069,Anitha Iyer,anitha.iyer554@outlook.com,9642338052,Mysuru,KA,570001,2022-05-06,Business,1,205.0,2.6
CUST-03734,Bhavana Patel,bhavana.patel930@outlook.com,+91-99363 30091,Madurai,TN,625001,2022-03-16,Business,0,211.0,2.3
CUST-03990,Vikram Nair,vikram.nair505@gmail.com,+91-96418 98263,Mumbai,MH,400001,2023-11-17,Business,1,21.0,5.0
CUST-03290,Nithin Menon,nithin.menon289@protonmail.com,09712574463,Chandigarh,CH,160017,2021-08-21,Retail,0,8.0,3.0
CUST-04202,Swetha Mehta,SWETHA.MEHTA155@GMAIL.COM,+91-98122 30972,Madurai,TN,625001,2023-01-30,Business,1,139.0,2.2
CUST-03387,Fatima Krishnan,fatima.krishnan832@yahoo.in,9729455367,Delhi,DL,110001,2021-08-28,Retail,1,103.0,3.8
CUST-00709,  ,vikram.chowdhury764@protonmail.com,9904174273,Hyderabad,TS,500001,2023-01-23,Retail,1,62.0,3.5
CUST-02454,Gopal Pillai,gopal.pillai556@protonmail.com,+91-98059 76084,Lucknow,UP,226001,2022-07-02,Retail,1,133.0,3.1
CUST-04873,Meera Nair,meera.nair786@protonmail.com,+91-97351 23268,Bengaluru,KA,560001,2021-09-17,Smb,1,49.0,3.1
CUST-04718,Kavya Bose,kavya.bose676@gmail.com,+91-97663 66383,Mumbai,MH,400001,2023-06-10,Retail,0,157.0,2.7
CUST-02812,Swetha Reddy,swetha.reddy912@yahoo.in,+91-98093 43208,Pune,MH,411001,2023-12-02,Enterprise,1,61.0,2.8
CUST-04191,Lakshmi Kumar,lakshmi.kumar849@protonmail.com,9974386683,Coimbatore,TN,641001,2022-06-26,Smb,0,140.0,4.9
CUST-01109,Sathish Krishnan,sathish.krishnan324@gmail.com,+91-97760 41922,Chandigarh,CH,160017,2023-01-19,Smb,0,4.0,3.3
CUST-01247,Arjun Kumar,arjun.kumar803@outlook.com,91 99509-55203,Mysuru,KA,570001,2022-07-11,Retail,1,173.0,3.8
CUST-03415,Ravi Verma,ravi.verma298@gmail.com,9997786953,Chennai,TN,600001,2023-03-19,Enterprise,1,221.0,2.3
CUST-02250,Imran Krishnan,imran.krishnan717@protonmail.com,9753913402,Bengaluru,KA,560001,2023-01-07,Business,0,131.0,4.2
CUST-02920,Swetha Menon,swetha.menon474@gmail.com,09718222138,Mysuru,KA,570001,2023-08-17,Retail,0,178.0,4.4
CUST-03909,Aravind Verma,aravind.verma606@outlook.com,91 99082-78357,Coimbatore,TN,641001,2022-10-17,Retail,1,50.0,2.7
CUST-02583,Rahul Verma,rahul.verma625@yahoo.in,9949248997,Gurugram,HR,122001,2022-04-28,Retail,0,134.0,3.9
CUST-03831,Anitha Joshi,anitha.joshi466@protonmail.com,9612945662,Chennai,TN,600001,2022-07-14,Retail,0,116.0,4.8
CUST-01543,Imran Kumar,imran.kumar358@outlook.com,09617468776,Bhubaneswar,OD,751001,2022-11-14,Retail,1,185.0,2.7
CUST-03270,Aravind Raman,aravind.raman543@protonmail.com,9735109682,Madurai,TN,625001,2021-04-12,Business,0,146.0,2.2
CUST-03024,Imran Kumar,imran.kumar312@protonmail.com,+91-99618 38410,Gurugram,HR,122001,2023-10-27,Smb,0,185.0,4.3
CUST-01785,Priya Joshi,priya.joshi442@yahoo.in,+91-96771 36169,AHMEDABAD,GJ,380001,2022-09-23,Business,1,42.0,3.1
CUST-00889,,joseph.bose518@yahoo.in,+91-97073 22264,Bengaluru,KA,560001,2022-06-13,Enterprise,1,162.0,4.1
CUST-01891,Pradeep Bose,pradeep.bose979@protonmail.com,9824626488,Coimbatore,TN,641001,2021-09-24,Retail,0,75.0,4.9
CUST-03000,kavya verma,kavya.verma200@yahoo.in,09902516072,Coimbatore,TN,641001,2023-04-09,Enterprise,1,10.0,2.8
CUST-01702,Aravind Sharma,aravind.sharma351@yahoo.in,9693503512,Gurugram,HR,122001,2022-08-26,Business,0,81.0,3.5
CUST-04340,Rahul Singh,rahul.singh664@outlook.com,9923274104,Jaipur,RJ,302001,2022-09-29,Retail,0,57.0,2.8
CUST-03201,Bhavana Pillai,bhavana.pillai340@protonmail.com,9738889690,Jaipur,RJ,302001,2023-08-31,Business,1,43.0,4.1
CUST-02455,Manish Nair,manish.nair201@gmail.com,9924346004,Chennai,TN,600001,2023-12-09,Retail,1,,4.1
CUST-01133,Ravi Singh,ravi.singh737@outlook.com,9781496657,Visakhapatnam,AP,530001,2022-05-20,Business,0,40.0,4.6
CUST-00633,Rahul Kumar,rahul.kumar960@protonmail.com,+91-99307 38838,Pune,MH,411001,2023-07-28,Enterprise,0,58.0,3.9
CUST-03224,Rahul Das,rahul.das555@gmail.com,9748103181,Mysuru,KA,570001,2022-12-24,Enterprise,1,224.0,2.2
CUST-04757,Sathish Das,sathish.das378@protonmail.com,91 98527-89506,Kochi,KL,682001,2023-06-25,Retail,1,94.0,3.8
CUST-04016,Vasanth Nair,vasanth.nair728@gmail.com,9858803602,Visakhapatnam,AP,530001,2023-05-04,Retail,0,59.0,3.5
CUST-02934,Anitha Bose,anitha.bose979@outlook.com,+91-97333 18056,Jaipur,RJ,302001,2021-11-25,Smb,1,102.0,3.6
CUST-01099,Sneha Menon,sneha.menon910@outlook.com,unknown,Coimbatore,TN,641001,2022-05-03,Retail,0,91.0,3.8
CUST-04232,Revathi Raman,deepa.verma89@yahoo.in,91 99325-55870,Guwahati,AS,781001,2023-04-27,Business,0,3.0,4.7
CUST-02190,Rahul Chowdhury,rahul.chowdhury124@outlook.com,+91-98457 94260,Mysuru,KA,570001,2023-08-28,Retail,1,45.0,3.4
CUST-04044,Deepa Verma,deepa.verma146@gmail.com,9883343054,Bhubaneswar,OD,751001,2023-12-18,Enterprise,1,79.0,3.2
CUST-01757,Anitha Pillai,anitha.pillai64@protonmail.com,09667539253,Jaipur,RJ,302001,2023-10-19,Business,1,205.0,4.9
CUST-00816,Suresh Raman,suresh.raman121@outlook.com,09647479241,Kochi,KL,682001,2022-08-19,Smb,1,143.0,4.2
CUST-01091,  Sneha Das  ,sneha.das653@yahoo.in,+91-99839 33803,Guwahati,AS,781001,2023-08-22,Business,1,165.0,3.4
CUST-02204,Lakshmi Patel,lakshmi.patel2@gmail.com,+91-98459 90938,Chennai,TN,600001,2023-07-08,Enterprise,1,217.0,4.7
CUST-03089,Vasanth Mehta,vasanth.mehta86@gmail.com,9773320957,Gurugram,HR,122001,2023-06-09,Enterprise,0,200.0,3.0
CUST-00946,Imran Menon,imran.menon228@yahoo.in,+91-97169 16119,Madurai,TN,625001,2022-10-20,Enterprise,0,130.0,2.5
CUST-01672,Ananya Pillai,ananya.pillai622@yahoo.in,+91-98878 75422,PUNE,MH,411001,2022-08-28,Business,1,221.0,
CUST-02721,Arjun Joshi,arjun.joshi656@yahoo.in,+91-97819 07239,Chandigarh,CH,160017,2023-02-06,Retail,0,182.0,2.9
CUST-02867,Nithin Reddy,nithin.reddy922@gmail.com,91 99080-19507,Bengaluru,KA,560001,2021-09-20,Business,0,6.0,
CUST-03950,Nithin Bose,nithin.bose272@yahoo.in,09978088438,Gurugram,HR,122001,2023-04-09,Smb,0,43.0,4.2
CUST-02980,FATIMA NAIR,fatima.nair792@outlook.com,09746288140,Mumbai,MH,400001,2023-12-08,Enterprise,1,188.0,2.5
CUST-01749,Rahul Nair,rahul.nair582@protonmail.com,91 97674-44699,Jaipur,RJ,302001,2022-03-29,Business,0,22.0,
CUST-04174,Nithin Bose,nithin.bose63@yahoo.in,+91-99853 75435,Pune,MH,411001,2023-04-17,Smb,1,30.0,2.2
CUST-02232,Manish Verma,manish.verma853@outlook.com,09767450841,Visakhapatnam,AP,530001,2023-08-18,Business,0,145.0,2.1
CUST-00611,Suresh Krishnan,suresh.krishnan716@outlook.com,9686217234,Nagpur,MH,440001,2022-07-08,Business,0,158.0,4.4
CUST-04676,Karthik Mehta,karthik.mehta685@outlook.com,9616980640,Hyderabad,TS,500001,2022-11-04,Smb,1,101.0,4.3
CUST-01899,  ,REVATHI.SINGH619@OUTLOOK.COM,91 96395-15197,Chennai,TN,600001,2023-05-07,Business,1,206.0,2.7
CUST-02929,priya sharma,priya.sharma302@protonmail.com,+91-96954 21959,Bengaluru,KA,560001,2021-11-09,Business,1,222.0,3.0
CUST-03162,Ananya Das,ananya.das499@outlook.com,+91-97129 90121,GUWAHATI,AS,781001,2021-12-10,Retail,0,176.0,
CUST-03277,Deepa Mehta,deepa.mehta359@yahoo.in,9904166866,Madurai,TN,625001,2022-12-24,Business,0,216.0,2.5
CUST-04164,Divya Patel,pradeep.joshi632@yahoo.in,09988002983,Kochi,KL,682001,2021-11-10,Smb,0,88.0,4.9
CUST-02367,ravi nair,ravi.nair497@gmail.com,683716240,Delhi,DL,110001,2023-07-24,Business,1,231.0,4.5
CUST-04568,BHAVANA NAIR,bhavana.nair364@gmail.com,9832707979,Bengaluru,KA,560001,2021-09-13,Retail,1,27.0,3.4
CUST-02209,Imran Menon,imran.menon314@protonmail.com,9716003769,MUMBAI,MH,400001,2022-03-05,Smb,0,138.0,3.0
CUST-01215,Sneha Pillai,,9738151980,Hyderabad,TS,500001,2022-10-05,Retail,1,151.0,2.2
CUST-02410,RAVI JOSHI,ravi.joshi582@protonmail.com,9802266094,Mumbai,MH,400001,2023-05-13,Business,0,240.0,3.5
CUST-01076,Kavya Joshi,kavya.joshi217@outlook.com,09751929171,Jaipur,RJ,302001,2023-08-27,Enterprise,0,14.0,
CUST-03500,Vasanth Patel,vasanth.patel701@outlook.com,9628112706,Chennai,TN,600001,2022-09-02,Retail,0,186.0,2.8
CUST-00095,,neha.mehta98@yahoo.in,9856331218,Pune,MH,411001,2021-12-21,Retail,1,168.0,2.7
CUST-04855,Anitha Krishnan,anitha.krishnan430@gmail.com,91 98865-71198,Bengaluru,KA,560001,2023-08-18,Smb,0,11.0,3.8
CUST-01280,Manish Mehta,manish.mehta356@protonmail.com,91 99292-85704,Pune,MH,411001,2023-08-12,Retail,0,26.0,4.6
CUST-00334,Anitha Nair,anitha.nair288@outlook.com,9751894474,Delhi,DL,110001,2023-02-11,Business,1,143.0,4.0
CUST-04763,DEEPA SINGH,deepa.singh683@yahoo.in,9943148621,Jaipur,RJ,302001,2021-10-26,Retail,0,17.0,2.4
CUST-02507,Pradeep Das,pradeep.das718@yahoo.in,9636653336,Chennai,TN,600001,2022-12-12,Business,1,26.0,4.4
CUST-00641,Ananya Patel,ananya.patel729@gmail.com,9865616829,Visakhapatnam,AP,530001,2022-07-17,Business,0,232.0,3.9
CUST-04678,FATIMA BOSE,nithin.raman623@protonmail.com,9619899558,Chandigarh,CH,160017,2022-02-17,Business,1,220.0,
CUST-02717,Rahul Kumar,rahul.kumar197@gmail.com,unknown,Mumbai,MH,400001,2022-10-02,Business,1,48.0,3.4
CUST-01321,  Ravi Nair  ,ravi.nair216@outlook.com,9744076363,Chennai,TN,600001,2022-07-08,Smb,1,3.0,3.1
CUST-00509,Kavya Joshi,kavya.joshi566@protonmail.com,91 98025-22637,Kochi,KL,682001,2022-12-20,Retail,0,112.0,2.7
CUST-00332,Revathi Menon,revathi.menon470gmail.com,9671513854,Jaipur,RJ,302001,2023-09-25,Retail,1,86.0,3.4
CUST-00448,LAKSHMI PILLAI,lakshmi.pillai370@gmail.com,9924541892,Kochi,KL,682001,2023-02-26,Business,0,225.0,4.7
CUST-04438,Rahul Menon,rahul.menon370@protonmail.com,9821428850,Bengaluru,KA,560001,2022-05-11,Enterprise,0,81.0,3.0
CUST-00975,RAVI SINGH,ravi.singh449@gmail.com,91 96588-06402,Bhubaneswar,OD,751001,2022-11-13,Smb,1,239.0,4.7
CUST-00779,Vikram Joshi,vikram.joshi662@protonmail.com,9807382004,Nagpur,MH,440001,2023-08-04,Retail,0,79.0,2.4
CUST-01566,Joseph Joshi,joseph.joshi631@yahoo.in,91 99587-53064,Coimbatore,TN,641001,2022-03-10,Retail,0,9.0,4.4
CUST-01045,Vikram Menon,vikram.menon790@yahoo.in,91 97623-96412,Chandigarh,CH,160017,2022-09-27,Business,0,46.0,3.0
CUST-04038,Lakshmi Patel,lakshmi.patel231@outlook.com,+91-97730 87321,Mysuru,KA,570001,2023-06-01,Enterprise,0,175.0,4.8
CUST-02293,Vasanth Chowdhury,vasanth.chowdhury699@gmail.com,09958732364,Pune,MH,411001,2022-04-20,Retail,0,45.0,4.4
CUST-03677,Swetha Kumar,swetha.kumar198@outlook.com,9652548246,Bengaluru,KA,560001,2023-04-14,Business,1,165.0,3.8
CUST-00654,Suresh Nair,suresh.nair486@yahoo.in,9601639191,Chandigarh,CH,160017,2022-04-21,Retail,0,237.0,2.4
CUST-00347,Divya Chowdhury,divya.chowdhury733@protonmail.com,09757514727,Jaipur,RJ,302001,2021-04-10,Enterprise,0,73.0,2.3
CUST-00127,Swetha Raman,swetha.raman612@yahoo.in,9977985985,Visakhapatnam,AP,530001,2021-11-23,Retail,1,222.0,4.1
CUST-02975,divya menon,divya.menon94@protonmail.com,9897631214,Pune,MH,411001,2021-07-15,Business,1,146.0,3.0
CUST-03773,ananya sharma,ananya.sharma708@gmail.com,9957873401,Jaipur,RJ,302001,2021-08-12,Enterprise,1,35.0,3.3
CUST-02388,DEEPA PILLAI,deepa.pillai631@gmail.com,9944483320,Nagpur,MH,440001,2023-08-03,Business,1,211.0,2.6
CUST-02896,  Kavya Sharma  ,kavya.sharma998@protonmail.com,91 98728-46547,Hyderabad,TS,500001,2023-01-29,Retail,1,83.0,3.7
CUST-04667,Karthik Reddy,karthik.reddy925@gmail.com,91 97881-23208,Kochi,KL,682001,2022-07-10,Retail,0,168.0,2.9
CUST-03513,  Divya Bose  ,divya.bose551@outlook.com,09829591207,Coimbatore,TN,641001,2022-05-16,Retail,0,25.0,2.1
CUST-01019,Kavya Das,kavya.das199@yahoo.in,9687081111,PUNE,MH,411001,2023-01-10,Smb,1,166.0,2.4
CUST-01470,Aravind Sharma,aravind.sharma370@gmail.com,9637384034,Delhi,DL,110001,2022-03-28,Enterprise,1,49.0,4.9
CUST-01801,Revathi Joshi,revathi.joshi595@gmail.com,9878576299,Chennai,TN,600001,2022-04-01,Business,0,9.0,4.1
CUST-01726,Gopal Sharma,gopal.sharma277@yahoo.in,91 96074-30551,Pune,MH,411001,2021-12-26,Enterprise,0,44.0,4.8
CUST-00974,Rahul Reddy,rahul.reddy415@outlook.com,9887687982,Delhi,DL,110001,2023-08-24,Business,1,16.0,3.5
CUST-04788,Divya Mehta,divya.mehta82@yahoo.in,9760540022,Bengaluru,KA,560001,2023-05-06,Enterprise,1,112.0,3.4
CUST-03671,NITHIN MENON,  ,+91-96231 89765,Hyderabad,TS,500001,2022-07-25,Enterprise,0,18.0,3.8
CUST-01359,sneha singh,sneha.singh580@protonmail.com,+91-97457 44286,Jaipur,RJ,302001,2021-10-05,Retail,1,87.0,4.3
CUST-01521,Fatima Mehta,fatima.mehta795@outlook.com,9823881350,Gurugram,HR,122001,2021-09-09,Retail,0,80.0,2.6
CUST-02599,Sathish Verma,sathish.verma281@outlook.com,9806393891,Delhi,DL,110001,2022-03-31,Enterprise,0,165.0,3.5
CUST-03100,  Ishita Krishnan  ,ishita.krishnan270@gmail.com,9605935274,Bengaluru,KA,560001,2021-10-27,Business,0,35.0,3.5
CUST-04587,Imran Raman,imran.raman959@protonmail.com,09762589751,Bhubaneswar,OD,751001,2022-08-28,Business,1,133.0,
CUST-04142,Karthik Menon,karthik.menon658@outlook.com,unknown,Delhi,DL,110001,2021-07-27,Business,1,191.0,3.8
CUST-04051,Pradeep Raman,PRADEEP.RAMAN119@YAHOO.IN,9698999504,Bhubaneswar,OD,751001,2021-10-04,Smb,0,181.0,2.9
CUST-00484,Gopal Nair,gopal.nair134@yahoo.in,9807004400,Chandigarh,CH,160017,2023-02-20,Smb,0,38.0,2.3
CUST-02936,FATIMA JOSHI,fatima.joshi569@protonmail.com,+91-98471 22570,Chennai,TN,600001,2023-07-22,Enterprise,1,69.0,2.9
CUST-02449,Rahul Verma,rahul.verma355@outlook.com,9880605279,Delhi,DL,110001,2022-02-02,Business,1,136.0,
CUST-03789,-,manish.raman712@outlook.com,91 98306-79340,Chandigarh,CH,160017,2022-10-04,Smb,1,237.0,2.8
CUST-03672,Manish Verma,manish.verma934@outlook.com,09953252295,Mysuru,KA,570001,2021-07-23,Smb,0,128.0,3.8
CUST-00263,Bhavana Chowdhury,bhavana.chowdhury487@gmail.com,847627240,Gurugram,HR,122001,2021-07-10,Business,1,167.0,2.9
CUST-02363,Arjun Iyer,arjun.iyer814@yahoo.in,9927285929,Gurugram,HR,122001,2022-03-04,Business,1,,3.4
CUST-00519,Imran Pillai,imran.pillai668@outlook.com,91 97578-73890,Hyderabad,TS,500001,2023-05-29,Enterprise,1,201.0,3.0
CUST-00992,Lakshmi Patel,lakshmi.patel822@yahoo.in,9615734397,Jaipur,RJ,302001,2023-04-30,Retail,0,183.0,4.6
CUST-04454,Pradeep Singh,pradeep.singh561@outlook.com,9710189858,Jaipur,RJ,302001,2023-08-03,Retail,0,124.0,
CUST-02869,Gopal Joshi,gopal.joshi333@yahoo.in,+91-97388 84364,Mumbai,MH,400001,2023-05-17,Retail,1,117.0,4.0
CUST-02520,Pradeep Sharma,pradeep.sharma626@outlook.com,9825148498,CHENNAI,TN,600001,2023-01-06,Smb,1,82.0,3.2
CUST-03293,manish das,manish.das823@protonmail.com,91 99534-88516,Bhubaneswar,OD,751001,2023-06-18,Smb,0,121.0,3.2
CUST-00944,meera pillai,meera.pillai104@protonmail.com,9869700905,Ahmedabad,GJ,380001,2022-03-19,Business,1,154.0,3.3
CUST-01592,Joseph Reddy,joseph.reddy865@protonmail.com,9863575431,Coimbatore,TN,641001,2023-09-20,Enterprise,0,110.0,4.3
CUST-00451,Deepa Menon,deepa.menon3@yahoo.in,+91-96092 09834,Bhubaneswar,OD,751001,2021-07-27,Business,0,37.0,3.7
CUST-03939,Manish Verma,MANISH.VERMA654@YAHOO.IN,9613527393,Bengaluru,KA,560001,2021-12-07,Smb,0,24.0,2.7
CUST-03050,Anitha Pillai,anitha.pillai467@outlook.com,+91-99167 88839,Chennai,TN,600001,2023-12-02,Business,0,203.0,2.7
CUST-04383,Manish Verma,manish.verma23@outlook.com,9644076147,Chandigarh,CH,160017,2023-04-27,Enterprise,0,10.0,3.1
CUST-01535,Swetha Bose,,863071314,Bengaluru,KA,560001,2023-02-19,Retail,1,73.0,2.6
CUST-01356,Imran Patel,imran.patel489@protonmail.com,91 96098-93738,Bengaluru,KA,560001,2022-01-11,Business,1,141.0,2.5
CUST-01925,SATHISH BOSE,sathish.bose715@protonmail.com,9725052255,Visakhapatnam,AP,530001,2022-05-06,Business,0,7.0,3.5
CUST-01312,Swetha Raman,swetha.raman769@protonmail.com,9723194725,Kolkata,WB,700001,2023-08-27,Retail,0,144.0,2.6
CUST-03579,Sathish Bose,sathish.bose765@gmail.com,09688516254,Hyderabad,TS,500001,2021-10-22,Business,0,123.0,2.5
CUST-03487,Swetha Bose,swetha.bose938@protonmail.com,9671191183,Madurai,TN,625001,2023-01-06,Smb,0,116.0,3.8
CUST-04332,  Lakshmi Sharma  ,lakshmi.sharma974@gmail.com,+91-99576 36030,DELHI,DL,110001,2022-11-23,Smb,1,180.0,3.6
CUST-00394,  ,vikram.raman657@gmail.com,+91-97655 30320,Chandigarh,CH,160017,2023-10-06,Retail,1,8.0,3.0
CUST-03555,Ravi Verma,ravi.verma864@protonmail.com,9722015764,Pune,MH,411001,2021-10-18,Smb,1,31.0,3.9
CUST-00676,Ishita Kumar,ISHITA.KUMAR716@PROTONMAIL.COM,9881951298,Ahmedabad,GJ,380001,2022-10-25,Retail,0,68.0,4.0
CUST-00824,Priya Iyer,priya.iyer696@yahoo.in,09969073318,AHMEDABAD,GJ,380001,2022-02-09,Business,1,59.0,3.6
CUST-01614,KARTHIK SHARMA,karthik.sharma183@outlook.com,9627787921,Mumbai,MH,400001,2021-09-19,Smb,0,235.0,4.4
CUST-03751,Arjun Mehta,arjun.mehta661@protonmail.com,9926480962,Mysuru,KA,570001,2023-02-10,Business,0,61.0,3.3
CUST-02924,lakshmi nair,lakshmi.nair14@gmail.com,9875786398,Chandigarh,CH,160017,2022-05-06,Business,0,20.0,
CUST-03561,Rahul Pillai,rahul.pillai795@gmail.com,807774989,Lucknow,UP,226001,2022-10-04,Retail,1,16.0,2.7
CUST-01444,Swetha Krishnan,swetha.krishnan665@gmail.com,+91-96558 34012,Nagpur,MH,440001,2021-07-30,Business,0,60.0,4.5
CUST-03556,Neha Kumar,neha.kumar36@gmail.com,+91-98678 07080,Jaipur,RJ,302001,2022-09-12,Business,1,60.0,
CUST-04011,Sneha Singh,sneha.singh373@gmail.com,09696093746,Lucknow,UP,226001,2023-06-04,Retail,0,29.0,
CUST-02350,Divya Singh,divya.singh655@gmail.com,9893552779,AHMEDABAD,GJ,380001,2023-07-06,Retail,1,41.0,2.6
CUST-03199,Kavya Singh,kavya.singh944@yahoo.in,+91-96298 57708,Guwahati,AS,781001,2022-12-31,Business,1,205.0,4.3
CUST-03455,Karthik Bose,karthik.bose269@outlook.com,9772318594,Mumbai,MH,400001,2023-08-02,Retail,0,66.0,3.7
CUST-03925,Sathish Mehta,sathish.mehta366@outlook.com,9958219187,Ahmedabad,GJ,380001,2023-09-07,Enterprise,1,5.0,3.1
CUST-04478,Swetha Chowdhury,swetha.chowdhury442@outlook.com,9706426046,Jaipur,RJ,302001,2022-06-03,Business,0,212.0,4.0
CUST-03615,Meera Menon,meera.menon354@gmail.com,9654640786,Visakhapatnam,AP,530001,2022-06-26,Business,1,,2.5
CUST-00480,Deepa Das,deepa.das410@gmail.com,+91-97681 34366,Coimbatore,TN,641001,2023-08-29,Enterprise,0,8.0,4.5
CUST-04425,Ravi Verma,ravi.verma924@protonmail.com,09848502564,Mysuru,KA,570001,2022-04-14,Enterprise,1,128.0,4.8
CUST-00561,Fatima Iyer,fatima.iyer545@protonmail.com,9642954566,Kolkata,WB,700001,2021-07-21,Business,1,119.0,2.4
CUST-02912,Joseph Bose,-,9991916926,Delhi,DL,110001,2021-09-08,Enterprise,1,61.0,2.6
CUST-01877,Gopal Das,gopal.das185@gmail.com,+91-96543 03366,Kolkata,WB,700001,2023-07-26,Retail,1,28.0,3.2
CUST-02623,Ananya Singh,ananya.singh286@protonmail.com,09958442979,Nagpur,MH,440001,2021-12-09,Business,0,21.0,2.5
CUST-02821,Joseph Nair,joseph.nair155@yahoo.in,+91-96673 79797,Chennai,TN,600001,2022-06-26,Business,1,177.0,2.6
CUST-02024,PRADEEP KRISHNAN,pradeep.krishnan500@outlook.com,9790553087,Mumbai,MH,400001,2022-02-26,Retail,0,98.0,4.2
CUST-01213,ananya pillai,ananya.pillai373@protonmail.com,91 97033-14820,Ahmedabad,GJ,380001,2023-11-20,Smb,0,150.0,2.3
CUST-03154,Neha Raman,neha.raman624@protonmail.com,09840968929,CHENNAI,TN,600001,2021-11-15,Smb,0,150.0,3.7
CUST-01343,Joseph Bose,joseph.bose768@gmail.com,9837766507,Delhi,DL,110001,2022-11-17,Retail,1,82.0,4.2
CUST-01169,Ravi Chowdhury,ravi.chowdhury771@yahoo.in,91 99774-41195,Mumbai,MH,400001,2022-12-07,Retail,1,123.0,3.6
CUST-02231,Fatima Verma,fatima.verma379@yahoo.in,9635956261,Mumbai,MH,400001,2021-07-19,Enterprise,1,132.0,4.9
CUST-00842,Vasanth Raman,vasanth.raman685@protonmail.com,9649406906,Jaipur,RJ,302001,2023-05-15,Retail,0,139.0,3.2
CUST-01570,Aravind Bose,aravind.bose246@protonmail.com,9949612969,Madurai,TN,625001,2022-05-30,Business,1,135.0,2.3
CUST-02672,imran verma,imran.verma520@outlook.com,91 98616-03945,Nagpur,MH,440001,2023-07-13,Smb,1,15.0,
CUST-01731,PRADEEP CHOWDHURY,pradeep.chowdhury916@protonmail.com,09794627254,Kolkata,WB,700001,2021-10-04,Business,1,85.0,2.5
CUST-03345,Ishita Bose,ishita.bose293@yahoo.in,9985244235,MUMBAI,MH,400001,2023-03-28,Retail,0,176.0,3.7
CUST-02037,Karthik Patel,karthik.patel996@protonmail.com,800400796,Madurai,TN,625001,2021-10-28,Business,0,213.0,2.9
CUST-03258,Nithin Das,nithin.das453@outlook.com,9890890642,Gurugram,HR,122001,2023-03-08,Enterprise,1,65.0,2.5
CUST-01211,imran pillai,imran.pillai136@gmail.com,9784413379,Hyderabad,TS,500001,2022-09-12,Business,0,212.0,3.5
CUST-00246,Bhavana Joshi,BHAVANA.JOSHI198@YAHOO.IN,9608060716,Kochi,KL,682001,2022-10-08,Business,0,222.0,2.7
CUST-02948,Vasanth Patel,vasanth.patel880@protonmail.com,9628939150,Guwahati,AS,781001,2023-12-11,Retail,0,137.0,3.2
CUST-04511,Meera Verma,MEERA.VERMA412@OUTLOOK.COM,9903889423,Bhubaneswar,OD,751001,2023-10-20,Business,1,172.0,2.0
CUST-02766,Suresh Bose,suresh.bose22@yahoo.in,9897750989,Nagpur,MH,440001,2022-05-15,Smb,1,138.0,2.1
CUST-03706,  Gopal Bose  ,gopal.bose480@yahoo.in,9680007459,Madurai,TN,625001,2021-08-28,Business,0,170.0,2.1
CUST-00041,Lakshmi Das,lakshmi.das676@protonmail.com,+91-98397 38307,Ahmedabad,GJ,380001,2022-01-16,Enterprise,1,60.0,3.2
CUST-00760,Sathish Pillai,sathish.pillai121@yahoo.in,91 99040-12729,Kolkata,WB,700001,2022-06-22,Retail,1,170.0,4.4
CUST-02344,Manish Sharma,manish.sharma819@outlook.com,+91-96644 80871,Nagpur,MH,440001,2022-02-26,Smb,0,87.0,2.9
CUST-04353,ananya reddy,ananya.reddy778@protonmail.com,09732608889,Kolkata,WB,700001,2022-06-23,Business,1,35.0,2.8
CUST-00663,BHAVANA MENON,bhavana.menon1@gmail.com,9606019345,Chennai,TN,600001,2023-05-25,Retail,1,190.0,2.2
CUST-03633,REVATHI DAS,revathi.das813@yahoo.in,9966944474,Lucknow,UP,226001,2022-01-31,Retail,1,178.0,4.5
CUST-01015,Sneha Reddy,sneha.reddy917@gmail.com,9719297372,Coimbatore,TN,641001,2021-12-26,Business,1,166.0,2.5
CUST-03352,Nithin Reddy,nithin.reddy657@outlook.com,91 98924-02435,Bhubaneswar,OD,751001,2022-01-20,Business,1,186.0,2.0
CUST-01180,Gopal Patel,gopal.patel361@gmail.com,91 99352-57309,Bengaluru,KA,560001,2021-08-23,Enterprise,1,10.0,
CUST-03703,Arjun Kumar,arjun.kumar748@protonmail.com,91 96444-34228,Visakhapatnam,AP,530001,2023-07-04,Retail,0,173.0,3.9
CUST-03581,Joseph Krishnan,joseph.krishnan125@outlook.com,91 96664-08405,Bhubaneswar,OD,751001,2021-09-26,Enterprise,1,93.0,4.4
CUST-00286,Vikram Raman,vikram.raman627@gmail.com,9761705392,Chennai,TN,600001,2021-07-31,Enterprise,0,119.0,4.0
CUST-03170,Karthik Verma,karthik.verma422@gmail.com,+91-98455 39462,Pune,MH,411001,2023-09-27,Smb,1,25.0,3.6
CUST-04385,Deepa Raman,deepa.raman901@gmail.com,,Chandigarh,CH,160017,2023-04-17,Enterprise,0,177.0,4.6
CUST-03265,  Vasanth Iyer  ,vasanth.iyer58@protonmail.com,+91-98070 75489,Coimbatore,TN,641001,2023-04-11,Business,1,212.0,4.9
CUST-02407,Vikram Reddy,vikram.reddy585@outlook.com,9889324637,Mumbai,MH,400001,2021-08-06,Enterprise,0,147.0,
CUST-01990,Imran Bose,imran.bose241@protonmail.com,9641782851,Hyderabad,TS,500001,2023-03-30,Enterprise,0,71.0,2.8
CUST-01408,Karthik Joshi,karthik.joshi244@outlook.com,9981680428,Bengaluru,KA,560001,2023-08-22,Business,0,125.0,3.3
CUST-04152,  Ishita Kumar  ,ishita.kumar35@yahoo.in,9750172251,AHMEDABAD,GJ,380001,2021-10-23,Enterprise,0,110.0,4.9
CUST-02901,Swetha Kumar,swetha.kumar788yahoo.in,09850287161,Jaipur,RJ,302001,2022-05-05,Enterprise,1,85.0,4.1
CUST-00105,Deepa Iyer,deepa.iyer937@yahoo.in,9977832882,Pune,MH,411001,2023-04-08,Enterprise,0,120.0,4.9
CUST-00235,Rahul Joshi,rahul.joshi80@outlook.com,+91-96928 26316,VISAKHAPATNAM,AP,530001,2022-06-12,Retail,0,90.0,3.3
CUST-02743,Arjun Menon,arjun.menon940@protonmail.com,9706690549,Jaipur,RJ,302001,2022-04-20,Business,1,23.0,4.2
CUST-02242,FATIMA NAIR,fatima.nair853@outlook.com,+91-98033 30013,Coimbatore,TN,641001,2021-10-11,Smb,1,151.0,3.0
CUST-03609,Karthik Kumar,karthik.kumar501@gmail.com,+91-99466 73028,Visakhapatnam,AP,530001,2022-05-13,Business,0,23.0,3.3
CUST-01856,Sathish Bose,sathish.bose52@outlook.com,91 96619-03324,Chennai,TN,600001,2022-04-01,Smb,0,110.0,2.2
CUST-00617,Neha Sharma,neha.sharma574@protonmail.com,9630894645,Bhubaneswar,OD,751001,2022-05-27,Smb,1,183.0,3.3
CUST-02964,Pradeep Menon,pradeep.menon322@gmail.com,,Gurugram,HR,122001,2021-08-13,Retail,0,151.0,3.9
CUST-01049,Kavya Reddy,,09775153586,Chennai,TN,600001,2022-01-06,Smb,0,162.0,2.2
CUST-01056,Revathi Nair,revathi.nair811@yahoo.in,09896806951,Jaipur,RJ,302001,2021-10-23,Retail,1,32.0,
CUST-00454,  Meera Mehta  ,meera.mehta434@protonmail.com,9738541877,Guwahati,AS,781001,2022-10-12,Smb,0,103.0,2.7
CUST-03205,Rahul Menon,rahul.menon38@gmail.com,9818949655,Guwahati,AS,781001,2023-09-19,Retail,0,9.0,4.8
CUST-04476,-,sneha.patel259@gmail.com,9925009743,Chennai,TN,600001,2022-02-21,Smb,1,57.0,2.0
CUST-04620,Imran Verma,imran.verma38@gmail.com,91 96467-92715,Hyderabad,TS,500001,2023-06-09,Business,1,145.0,4.9
CUST-01941,Swetha Patel,swetha.patel668@protonmail.com,9955179798,Delhi,DL,110001,2023-11-27,Business,0,237.0,4.9
CUST-02682,Sathish Singh,sathish.singh407@gmail.com,9826471092,Guwahati,AS,781001,2023-07-02,Business,0,154.0,5.0
CUST-03877,Lakshmi Raman,lakshmi.raman622@yahoo.in,9725159143,Mumbai,MH,400001,2021-11-30,Business,1,15.0,2.3
CUST-02433,  Aravind Sharma  ,aravind.sharma586@outlook.com,+91-98400 99616,Chandigarh,CH,160017,2023-01-31,Retail,0,4.0,4.0
CUST-04629,Deepa Bose,deepa.bose475@outlook.com,91 97608-29159,Pune,MH,411001,2022-12-07,Business,0,6.0,3.5
CUST-01214,Sathish Das,sathish.das774@yahoo.in,9975024534,Kochi,KL,682001,2022-10-05,Business,0,216.0,2.3
CUST-02898,Suresh Chowdhury,suresh.chowdhury777@outlook.com,9665740874,LUCKNOW,UP,226001,2022-01-16,Enterprise,0,101.0,3.6
CUST-04852,Deepa Krishnan,,+91-96888 58834,Mumbai,MH,400001,2022-03-31,Retail,1,220.0,2.7
CUST-02762,Meera Verma,meera.verma309@yahoo.in,+91-99806 98196,Madurai,TN,625001,2022-09-08,Enterprise,1,125.0,3.2
CUST-01542,Suresh Krishnan,suresh.krishnan664@gmail.com,9669636689,AHMEDABAD,GJ,380001,2022-02-04,Enterprise,0,102.0,2.7
CUST-00951,Fatima Bose,fatima.bose357@yahoo.in,9998303059,Visakhapatnam,AP,530001,2022-04-17,Smb,0,210.0,3.6
CUST-03459,aravind chowdhury,aravind.chowdhury298@yahoo.in,9872955487,Jaipur,RJ,302001,2022-02-18,Smb,1,209.0,4.5
CUST-01583,Vikram Patel,vikram.patel374@yahoo.in,09723285012,Pune,MH,411001,2023-07-02,Business,0,122.0,4.7
CUST-00090,Bhavana Singh,bhavana.singh253@outlook.com,9720724569,Gurugram,HR,122001,2022-06-06,Business,1,32.0,3.6
CUST-03693,Imran Joshi,imran.joshi745@gmail.com,+91-96829 21419,Chandigarh,CH,160017,2021-10-10,Retail,0,183.0,4.5
CUST-03231,  Anitha Patel  ,anitha.patel84@yahoo.in,9829127139,Lucknow,UP,226001,2021-08-23,Retail,1,38.0,4.0
CUST-04134,Gopal Menon,gopal.menon316@outlook.com,9959785017,Delhi,DL,110001,2023-07-04,Enterprise,0,106.0,4.6
CUST-02356,Imran Singh,IMRAN.SINGH96@OUTLOOK.COM,9997998187,Lucknow,UP,226001,2022-07-06,Retail,0,135.0,3.1
CUST-01311,PRADEEP MENON,pradeep.menon688@yahoo.in,91 97596-50925,Jaipur,RJ,302001,2023-11-24,Smb,0,156.0,3.2
CUST-01372,Anitha Singh,anitha.singh96@outlook.com,9646241228,Ahmedabad,GJ,380001,2022-02-22,Business,0,187.0,4.1
CUST-04021,Gopal Verma,,+91-99883 26734,Lucknow,UP,226001,2022-06-07,Retail,1,235.0,3.4
CUST-01171,Sathish Menon,sathish.menon825@yahoo.in,9750135877,Ahmedabad,GJ,380001,2022-11-25,Business,0,121.0,2.8
CUST-03411,Fatima Joshi,fatima.joshi418@yahoo.in,9891466163,Delhi,DL,110001,2023-02-03,Enterprise,1,2.0,3.2
CUST-04845,Pradeep Singh,pradeep.singh285@protonmail.com,9976414751,Bhubaneswar,OD,751001,2021-12-26,Smb,0,93.0,2.8
CUST-03638,Lakshmi Verma,lakshmi.verma8@yahoo.in,9610265452,Guwahati,AS,781001,2022-09-29,Business,1,160.0,
CUST-02970,Gopal Das,gopal.das955@yahoo.in,91 99891-09707,Jaipur,RJ,302001,2023-05-21,Enterprise,1,66.0,4.6
CUST-04605,Suresh Singh,suresh.singh894@yahoo.in,+91-97500 32268,Madurai,TN,625001,2023-04-16,Business,0,211.0,2.5
CUST-03919,Rahul Das,rahul.das59@outlook.com,9815132394,Madurai,TN,625001,2022-08-15,Retail,1,82.0,
CUST-03263,Vikram Das,karthik.nair568@gmail.com,+91-97974 37913,Lucknow,UP,226001,2021-12-24,Smb,0,107.0,4.4
CUST-02432,Rahul Pillai,rahul.pillai355@yahoo.in,9955244319,Mysuru,KA,570001,2023-06-29,Retail,1,191.0,5.0
CUST-00691,Anitha Joshi,anitha.joshi93@yahoo.in,91 99732-93215,Delhi,DL,110001,2023-03-21,Retail,1,80.0,2.2
CUST-02757,Aravind Chowdhury,aravind.chowdhury161yahoo.in,9885284639,Mumbai,MH,400001,2021-07-18,Retail,0,153.0,2.6
CUST-04220,Sathish Chowdhury,sathish.chowdhury239@gmail.com,9961014211,Pune,MH,411001,2022-01-01,Retail,1,38.0,3.9
CUST-03883,Lakshmi Nair,lakshmi.nair573@gmail.com,+91-99494 12234,Bhubaneswar,OD,751001,2023-04-09,Business,0,88.0,4.6
CUST-00403,Anitha Iyer,anitha.iyer199@protonmail.com,9987752488,Bhubaneswar,OD,751001,2023-04-23,Business,1,236.0,3.9
CUST-02027,Ishita Raman,ishita.raman289@outlook.com,91 97863-56853,Nagpur,MH,440001,2022-08-12,Enterprise,0,222.0,4.9
CUST-04916,Priya Sharma,priya.sharma607@yahoo.in,9760935296,Bhubaneswar,OD,751001,2022-03-14,Business,1,81.0,4.4
CUST-00702,Joseph Raman,joseph.raman884@outlook.com,91 96794-41845,Pune,MH,411001,2022-08-01,Business,1,108.0,2.9
CUST-03819,  Neha Menon  ,neha.menon338@yahoo.in,+91-99106 08640,Jaipur,RJ,302001,2021-09-18,Enterprise,0,144.0,3.3
CUST-04033,Meera Reddy,meera.reddy845@protonmail.com,9910851356,Mysuru,KA,570001,2021-11-11,Retail,1,136.0,3.0
CUST-04328,Ravi Iyer,ravi.iyer26@yahoo.in,9876472811,Bengaluru,KA,560001,2023-10-03,Retail,1,131.0,3.4
CUST-03047,Deepa Mehta,deepa.mehta299@outlook.com,91 96535-25367,Kochi,KL,682001,2021-07-16,Retail,1,127.0,3.6
CUST-02850,DIVYA BOSE,divya.bose742@gmail.com,+91-96495 80912,Bhubaneswar,OD,751001,2021-10-18,Business,1,,2.0
CUST-01736,Ishita Sharma,kavya.joshi566@protonmail.com,9708626384,Pune,MH,411001,2023-04-20,Smb,1,14.0,4.0
CUST-00544,Anānyā Bose,,9930134646,Hyderabad,TS,500001,2022-10-07,Smb,0,84.0,4.3
CUST-03752,Ravi Nair,ravi.nair749@protonmail.com,9938335958,CHANDIGARH,CH,160017,2021-11-22,Business,1,227.0,2.3
CUST-03256,manish bose,manish.bose105@protonmail.com,+91-98983 66810,Chennai,TN,600001,2021-07-28,Smb,1,99.0,3.8
CUST-03964,  Kavya Nair  ,kavya.nair241@yahoo.in,09880313177,Bhubaneswar,OD,751001,2022-10-18,Business,0,166.0,3.2
CUST-03788,Divya Mehta,,,Coimbatore,TN,641001,2022-11-16,Retail,1,149.0,3.4
CUST-00404,  ,vikram.nair698@yahoo.in,91 99232-76459,Hyderabad,TS,500001,2023-10-10,Retail,1,43.0,2.8
CUST-02245,unknown,manish.pillai742@yahoo.in,9957256095,Bengaluru,KA,560001,2023-04-21,Enterprise,1,38.0,3.1
CUST-03131,Deepā Vermā,deepa.verma493@gmail.com,821810358,Nagpur,MH,440001,2021-08-08,Business,1,144.0,3.7
CUST-04420,joseph sharma,joseph.sharma941@outlook.com,09877759251,Hyderabad,TS,500001,2021-04-12,Smb,1,138.0,
CUST-04768,Neha Patel,neha.patel785@outlook.com,09603684920,Delhi,DL,110001,2023-11-19,Retail,0,13.0,2.5
CUST-01930,Gopal Pillai,gopal.pillai944@outlook.com,9957545977,Bhubaneswar,OD,751001,2022-11-23,Business,0,154.0,
CUST-02490,Deepa Bose,deepa.bose984@gmail.com,9626449578,Mumbai,MH,400001,2021-09-18,Smb,0,214.0,4.6
CUST-01524,Aravind Nair,aravind.nair671@gmail.com,09758663747,Madurai,TN,625001,2021-09-28,Retail,1,237.0,2.4
CUST-03614,Meera Mehta,meera.mehta893@outlook.com,91 99773-48917,Madurai,TN,625001,2022-09-12,Retail,0,41.0,3.6
CUST-02716,joseph kumar,joseph.kumar56@protonmail.com,9860328408,Hyderabad,TS,500001,2023-03-29,Retail,0,10.0,3.5
CUST-04504,  Fatima Joshi  ,fatima.joshi531@gmail.com,09730097214,Jaipur,RJ,302001,2022-03-01,Business,1,71.0,4.6
CUST-03178,Joseph Singh,joseph.singh986@outlook.com,9719270016,Coimbatore,TN,641001,2022-10-03,Retail,0,82.0,2.2
CUST-01533,Deepa Chowdhury,deepa.chowdhury756@outlook.com,9738517515,Chandigarh,CH,160017,2022-07-11,Smb,1,87.0,2.5
CUST-02607,Suresh Das,suresh.das817@protonmail.com,9789438432,JAIPUR,RJ,302001,2021-09-03,Smb,1,8.0,
CUST-00861,Gopal Chowdhury,gopal.chowdhury179@outlook.com,9730798384,VISAKHAPATNAM,AP,530001,2022-08-20,Enterprise,1,,3.3
CUST-03182,unknown,ishita.iyer208@yahoo.in,798692236,Bengaluru,KA,560001,2021-09-30,Business,0,17.0,3.2
CUST-01502,Deepa Joshi,deepa.joshi565@protonmail.com,9981692153,Madurai,TN,625001,2023-02-13,Enterprise,0,56.0,2.4
CUST-01896,Kavya Bose,kavya.bose760@protonmail.com,91 96168-30223,Coimbatore,TN,641001,2021-10-10,Business,0,181.0,2.8
CUST-02947,Fatima Bose,fatima.bose610@outlook.com,+91-96641 02423,Kochi,KL,682001,2023-03-30,Smb,1,53.0,
CUST-01754,Ananya Sharma,ananya.sharma666@gmail.com,91 96504-05343,Hyderabad,TS,500001,2023-05-31,Business,1,99.0,3.2
CUST-00068,MEERA KRISHNAN,meera.krishnan737@yahoo.in,9927810920,Lucknow,UP,226001,2023-06-16,Smb,0,113.0,2.8
CUST-03799,Imran Nair,imran.nair484@gmail.com,09937606332,Jaipur,RJ,302001,2023-10-10,Retail,1,50.0,2.6
CUST-02135,  Gopal Patel  ,gopal.patel747@outlook.com,91 96129-82054,Hyderabad,TS,500001,2023-11-20,Business,0,68.0,2.5
CUST-00546,Sathish Verma,sathish.verma887@outlook.com,9959724500,Kochi,KL,682001,2023-07-01,Retail,0,114.0,2.6
CUST-04656,Neha Menon,neha.menon388@gmail.com,+91-99679 92984,Kolkata,WB,700001,2021-10-28,Retail,0,83.0,2.6
CUST-00463,SNEHA PATEL,sneha.patel976@protonmail.com,9941282018,Mysuru,KA,570001,2022-12-07,Smb,1,48.0,2.3
CUST-03564,Arjun Nair,arjun.nair726@yahoo.in,9698514904,LUCKNOW,UP,226001,2023-12-01,Enterprise,1,178.0,4.1
CUST-00815,Joseph Sharma,joseph.sharma783@gmail.com,9874286425,Visakhapatnam,AP,530001,2022-09-13,Business,0,172.0,3.4
CUST-02902,PRIYA BOSE,priya.bose946@protonmail.com,9641067567,Delhi,DL,110001,2023-02-06,Business,1,173.0,4.7
CUST-04549,Sathish Patel,sathish.patel417@protonmail.com,+91-96715 32960,Coimbatore,TN,641001,2021-08-18,Retail,0,224.0,2.1
CUST-04347,Aravind Singh,aravind.singh991@yahoo.in,9779688322,Nagpur,MH,440001,2022-02-08,Enterprise,1,100.0,3.6
CUST-03713,Vikram Menon,vikram.menon944@gmail.com,9689623306,Coimbatore,TN,641001,2022-04-06,Retail,0,179.0,4.4
CUST-04884,Swetha Krishnan,swetha.krishnan166@outlook.com,09962455814,Visakhapatnam,AP,530001,2022-12-14,Retail,1,92.0,3.2
CUST-00234,SATHISH DAS,SATHISH.DAS220@OUTLOOK.COM,970290166,Nagpur,MH,440001,2023-07-25,Business,0,228.0,2.7
CUST-00395,Ananya Sharma,ananya.sharma817@yahoo.in,+91-96236 29037,Bengaluru,KA,560001,2022-11-22,Retail,0,55.0,
CUST-03651,Aravind Sharma,aravind.sharma702@yahoo.in,9941495671,Gurugram,HR,122001,2022-02-28,Business,1,106.0,2.6
CUST-02237,Pradeep Sharma,pradeep.sharma754@gmail.com,09933694427,Coimbatore,TN,641001,2023-02-10,Enterprise,1,5.0,4.5
CUST-04260,Joseph Pillai,joseph.pillai584@yahoo.in,9792993686,Mysuru,KA,570001,2021-10-13,Business,0,83.0,2.5
CUST-04803,Pradeep Patel,pradeep.patel130@protonmail.com,9678538456,Bengaluru,KA,560001,2022-06-16,Retail,1,175.0,
CUST-02662,Vasanth Singh,vasanth.singh576@protonmail.com,09621641548,Nagpur,MH,440001,2022-11-24,Retail,0,167.0,3.8
CUST-00437,MEERA RAMAN,meera.raman330@yahoo.in,9750409407,Bengaluru,KA,560001,2022-02-14,Smb,1,198.0,3.0
CUST-00164,Arjun Krishnan,arjun.krishnan639@protonmail.com,+91-96039 44699,Ahmedabad,GJ,380001,2023-01-21,Smb,0,221.0,4.0
CUST-04147,ISHITA MEHTA,ishita.mehta721@yahoo.in,9976171496,Bhubaneswar,OD,751001,2021-07-20,Retail,1,39.0,2.5
CUST-03267,BHAVANA KUMAR,bhavana.kumar860@outlook.com,9785724358,Coimbatore,TN,641001,2022-01-05,Enterprise,0,41.0,
CUST-01808,Ananya Menon,ananya.menon69@gmail.com,9773202347,Visakhapatnam,AP,530001,2022-01-21,Business,0,143.0,
CUST-03248,Revathi Bose,revathi.bose874@yahoo.in,,Mysuru,KA,570001,2021-11-20,Smb,0,17.0,3.2
CUST-02868,Manish Sharma,manish.sharma641@protonmail.com,,Mysuru,KA,570001,2022-01-06,Business,1,135.0,2.8
CUST-01547,bhavana chowdhury,bhavana.chowdhury531@outlook.com,+91-98477 57260,Bhubaneswar,OD,751001,2023-04-06,Retail,0,115.0,3.1
CUST-02563,Sathish Sharma,sathish.sharma504@yahoo.in,91 97341-12889,Kochi,KL,682001,2023-02-17,Enterprise,0,228.0,4.7
CUST-00776,DIVYA PILLAI,divya.pillai31@outlook.com,unknown,Chandigarh,CH,160017,2022-06-25,Smb,0,219.0,2.8
CUST-01469,Revathi Singh,revathi.singh668@protonmail.com,+91-97114 86278,Guwahati,AS,781001,2021-08-26,Smb,0,6.0,3.8
CUST-00253,Nithin Sharma,nithin.sharma712@outlook.com,+91-98221 34586,Mumbai,MH,400001,2022-08-23,Smb,0,240.0,4.1
CUST-00425,ANANYA VERMA,ananya.verma372@outlook.com,9678560122,Pune,MH,411001,2021-10-21,Retail,1,187.0,3.8
CUST-02535,Aravind Das,aravind.das249@gmail.com,91 98845-00007,Mysuru,KA,570001,2022-01-29,Retail,0,133.0,2.2
CUST-02380,neha das,neha.das814@protonmail.com,09738124530,Bengaluru,KA,560001,2021-07-21,Retail,1,128.0,4.2
CUST-00914,Bhavana Reddy,bhavana.reddy369@yahoo.in,9836602365,Bhubaneswar,OD,751001,2022-04-27,Enterprise,0,99.0,3.6
CUST-03869,Pradeep Mehta,pradeep.mehta278@protonmail.com,9722614079,Guwahati,AS,781001,2022-11-15,Business,1,84.0,5.0
CUST-02631,SWETHA KRISHNAN,swetha.krishnan838@protonmail.com,91 97080-84011,Hyderabad,TS,500001,2023-12-13,Retail,0,170.0,2.7
CUST-00578,Rahul Chowdhury,rahul.chowdhury154@outlook.com,09991251022,Mumbai,MH,400001,2021-08-17,Retail,0,94.0,3.2
CUST-03460,  Vikram Das  ,vikram.das850@gmail.com,+91-96642 03185,Coimbatore,TN,641001,2023-02-27,Business,0,140.0,5.0
CUST-03798,Ravi Krishnan,ravi.krishnan71@protonmail.com,91 98258-98436,Delhi,DL,110001,2022-09-25,Smb,1,48.0,4.5
CUST-00748,Deepa Menon,deepa.menon93@gmail.com,+91-98441 38779,Bengaluru,KA,560001,2023-06-12,Retail,1,104.0,
CUST-00679,  Gopal Sharma  ,gopal.sharma523@yahoo.in,+91-96365 04010,Madurai,TN,625001,2023-05-15,Business,1,193.0,4.6
CUST-04518,Ravi Iyer,ravi.iyer193@yahoo.in,09842993391,Ahmedabad,GJ,380001,2023-12-23,Smb,1,100.0,4.0
CUST-04582,  Aravind Mehta  ,aravind.mehta344@yahoo.in,9897758918,Guwahati,AS,781001,2023-04-07,Smb,1,,4.3
CUST-04639,Ishita Pillai,ishita.pillai332@yahoo.in,91 97562-80016,Bengaluru,KA,560001,2023-08-07,Enterprise,0,187.0,4.6
CUST-04135,Nithin Kumar,nithin.kumar532@outlook.com,9605234413,Gurugram,HR,122001,2023-07-22,Retail,0,157.0,2.1
CUST-04112,Lakshmi Verma,lakshmi.verma978@yahoo.in,,Pune,MH,411001,2022-12-31,Smb,0,26.0,3.3
CUST-00580,Rahul Patel,rahul.patel928@yahoo.in,9632676711,Pune,MH,411001,2023-02-08,Retail,0,123.0,2.3
CUST-00671,Arjun Reddy,-,+91-96638 62368,Ahmedabad,GJ,380001,2022-10-19,Enterprise,0,163.0,2.1
CUST-01290,deepa bose,deepa.bose268@outlook.com,9608467805,Visakhapatnam,AP,530001,2021-11-26,Smb,1,127.0,3.9
CUST-03641,Kavya Raman,kavya.raman563@protonmail.com,+91-96354 94198,Jaipur,RJ,302001,2023-01-28,Business,0,196.0,2.8
CUST-02851,Meera Kumar,meera.kumar593@gmail.com,91 97215-30206,Visakhapatnam,AP,530001,2021-02-10,Retail,0,181.0,3.8
CUST-02307,Vikram Menon,vikram.menon44@protonmail.com,986392076,Bengaluru,KA,560001,2022-10-13,Retail,0,43.0,2.2
CUST-02506,Divya Singh,divya.singh335@outlook.com,+91-97659 40695,Lucknow,UP,226001,2022-11-13,Retail,0,20.0,4.9
CUST-02773,Sneha Menon,sneha.menon207@outlook.com,+91-97238 02732,Hyderabad,TS,500001,2022-04-18,Enterprise,0,207.0,2.5
CUST-00116,Ishita Nair,ishita.nair712@yahoo.in,9695368282,Kolkata,WB,700001,2022-12-11,Business,0,30.0,2.6
CUST-04681,Meera Das,meera.das147@yahoo.in,9849224220,Visakhapatnam,AP,530001,2021-11-16,Retail,0,100.0,2.6
CUST-01104,divya bose,divya.bose969@gmail.com,9691946021,Visakhapatnam,AP,530001,2023-03-27,Enterprise,0,15.0,3.7
CUST-01842,Ananya Reddy,ananya.reddy808@protonmail.com,9954529116,Chandigarh,CH,160017,2022-11-04,Business,1,122.0,4.5
CUST-04934,Meera Raman,meera.raman244@yahoo.in,09877504710,Chandigarh,CH,160017,2022-05-14,Enterprise,0,40.0,2.2
CUST-04451,LAKSHMI DAS,lakshmi.das256@protonmail.com,+91-99808 92248,Bhubaneswar,OD,751001,2021-06-11,Business,1,94.0,4.1
CUST-01298,Nithin Pillai,nithin.pillai853@protonmail.com,9869286459,Kochi,KL,682001,2022-03-28,Retail,0,106.0,2.6
CUST-04538,Manish Kumar,MANISH.KUMAR772@PROTONMAIL.COM,09782365697,Guwahati,AS,781001,2023-11-18,Enterprise,0,170.0,2.8
CUST-01900,Rahul Bose,rahul.bose187@outlook.com,9950125813,Mysuru,KA,570001,2023-09-22,Business,1,84.0,2.1
CUST-00547,Imran Iyer,imran.iyer515@gmail.com,91 96180-00310,Bhubaneswar,OD,751001,2022-05-25,Smb,0,156.0,3.5
CUST-04070,Karthik Verma,karthik.verma632@yahoo.in,09871146596,Kochi,KL,682001,2023-03-28,Business,1,84.0,4.0
CUST-01008,  Joseph Menon  ,joseph.menon799@outlook.com,9739429803,Chennai,TN,600001,2022-10-29,Retail,0,153.0,3.3
CUST-02008,Gopal Joshi,gopal.joshi223@yahoo.in,9696263838,Mumbai,MH,400001,2022-12-07,Business,0,11.0,3.9
CUST-01965,GOPAL KUMAR,gopal.kumar924@outlook.com,91 97932-45223,Mysuru,KA,570001,2021-07-12,Smb,1,81.0,4.6
CUST-02466,Suresh Iyer,suresh.iyer169@protonmail.com,9937106137,Mysuru,KA,570001,2023-11-24,Business,0,214.0,3.5
CUST-00047,Aravind Nair,aravind.nair662@gmail.com,9836665151,Ahmedabad,GJ,380001,2023-08-18,Business,1,129.0,4.5
CUST-00310,Vasanth Mehta,vasanth.mehta289@yahoo.in,9888367590,Bengaluru,KA,560001,2023-06-25,Smb,0,47.0,4.9
CUST-00878,Lakshmi Krishnan,lakshmi.krishnan375@gmail.com,unknown,Delhi,DL,110001,2021-08-29,Smb,1,128.0,3.1
CUST-00721,Kavya Das,kavya.das103@protonmail.com,9621870741,Kochi,KL,682001,2022-08-05,Retail,0,11.0,3.1
CUST-01283,Karthik Joshi,karthik.joshi262@protonmail.com,09883854674,Kochi,KL,682001,2022-12-20,Smb,1,170.0,4.7
CUST-01525,Ishita Joshi,ishita.joshi473@outlook.com,9709919857,Chandigarh,CH,160017,2023-05-13,Retail,1,202.0,3.4
CUST-03044,Lakshmi Chowdhury,unknown,91 99431-82179,COIMBATORE,TN,641001,2022-09-11,Business,0,165.0,5.0
CUST-03776,Revathi Sharma,revathi.sharma257@yahoo.in,unknown,Kolkata,WB,700001,2022-03-11,Smb,1,99.0,4.6
CUST-00947,Rahul Pillai,rahul.pillai487yahoo.in,+91-98978 83870,Kolkata,WB,700001,2021-09-01,Retail,0,187.0,4.4
CUST-04990,  Deepa Pillai  ,deepa.pillai607@protonmail.com,+91-96500 53224,Gurugram,HR,122001,2023-10-08,Business,1,106.0,4.9
CUST-03399,Revathi Singh,revathi.singh323@yahoo.in,09824938150,Gurugram,HR,122001,2023-02-20,Enterprise,0,176.0,2.1
CUST-04131,Imran Chowdhury,imran.chowdhury432@yahoo.in,9739268298,Lucknow,UP,226001,2022-09-21,Enterprise,0,146.0,4.1
CUST-00150,Bhavana Mehta,bhavana.mehta383@protonmail.com,9780689849,Mysuru,KA,570001,2023-10-02,Smb,1,178.0,3.8
CUST-03261,Kavya Joshi,kavya.joshi240@gmail.com,91 98081-50129,Hyderabad,TS,500001,2021-07-29,Business,1,118.0,4.6
CUST-00408,Aravind Singh,aravind.singh346@protonmail.com,9966070798,Kolkata,WB,700001,2023-01-01,Retail,1,117.0,3.2
CUST-03811,Sneha Bose,sneha.bose312@yahoo.in,9847174194,Chandigarh,CH,160017,2022-01-16,Enterprise,1,237.0,4.2
CUST-01748,Neha Kumar,neha.kumar322@gmail.com,9662581484,Madurai,TN,625001,2022-12-16,Enterprise,1,96.0,3.2
CUST-01340,Imran Verma,imran.verma900@gmail.com,9880087359,Chandigarh,CH,160017,2022-09-28,Retail,1,148.0,2.7
CUST-04602,Nithin Kumar,nithin.kumar253@gmail.com,+91-96319 16119,BHUBANESWAR,OD,751001,2023-06-07,Retail,0,210.0,3.6
CUST-01956,Fatima Joshi,fatima.joshi897@gmail.com,9856167709,Coimbatore,TN,641001,2023-06-19,Business,0,107.0,4.4
CUST-04789,Neha Reddy,neha.reddy885@yahoo.in,,Bhubaneswar,OD,751001,2022-03-14,Retail,1,29.0,4.6
CUST-00806,Suresh Bose,suresh.bose180@gmail.com,9613309109,Kochi,KL,682001,2022-10-18,Business,0,8.0,3.7
CUST-03502,Sathish Patel,sathish.patel132@yahoo.in,9769577219,Jaipur,RJ,302001,2022-09-19,Enterprise,0,7.0,4.2
CUST-04544,Imran Verma,imran.verma662@outlook.com,9815328930,Coimbatore,TN,641001,2023-03-06,Retail,1,133.0,2.5
CUST-00625,Lakshmi Bose,lakshmi.bose790@gmail.com,9622351302,Madurai,TN,625001,2021-05-12,Enterprise,1,13.0,3.2
CUST-04081,Meera Krishnan,meera.krishnan540@gmail.com,+91-98124 29084,Coimbatore,TN,641001,2023-02-21,Smb,0,43.0,3.9
CUST-00175,Sathish Krishnan,sathish.krishnan751@gmail.com,9783997863,Jaipur,RJ,302001,2022-10-26,Retail,0,34.0,2.2
CUST-01033,Manish Pillai,manish.pillai941@gmail.com,9971808080,Delhi,DL,110001,2021-09-24,Business,0,220.0,3.5
CUST-02241,Sathish Krishnan,sathish.krishnan801@outlook.com,-,Ahmedabad,GJ,380001,2022-01-20,Business,0,113.0,3.9
CUST-00331,nithin bose,nithin.bose196@outlook.com,+91-98653 04511,Kochi,KL,682001,2022-10-29,Business,1,8.0,2.8
CUST-02170,GOPAL JOSHI,,9798787540,Lucknow,UP,226001,2022-07-21,Enterprise,1,166.0,3.6
CUST-04452,Neha Bose,neha.bose214@yahoo.in,09722188697,Jaipur,RJ,302001,2023-07-15,Retail,1,176.0,2.4
CUST-01430,Ravi Patel,ravi.patel872@gmail.com,9621412127,Mysuru,KA,570001,2022-02-21,Retail,0,218.0,3.6
CUST-03432,Imran Mehta,imran.mehta888@protonmail.com,,Chennai,TN,600001,2022-03-27,Business,1,220.0,3.9
CUST-00312,  Lakshmi Verma  ,lakshmi.verma862@protonmail.com,9797268596,Bhubaneswar,OD,751001,2022-11-22,Smb,0,27.0,4.7
CUST-03130,ARJUN NAIR,arjun.nair671@yahoo.in,9644571981,Lucknow,UP,226001,2021-10-29,Business,1,101.0,4.6
CUST-01685,Vikram Pillai,vikram.pillai90@outlook.com,09645245219,MADURAI,TN,625001,2022-11-26,Smb,0,154.0,2.0
CUST-01043,JOSEPH KRISHNAN,joseph.krishnan192@gmail.com,09815939757,Visakhapatnam,AP,530001,2022-05-16,Retail,1,215.0,4.0
CUST-01937,Vikram Chowdhury,,9760705477,Visakhapatnam,AP,530001,2021-11-13,Business,1,61.0,4.4
CUST-00741,Imran Joshi,kavya.patel239@outlook.com,91 96015-00870,Pune,MH,411001,2023-07-31,Business,0,32.0,2.4
CUST-01763,Lakshmi Singh,lakshmi.singh385@outlook.com,+91-96005 16093,Bengaluru,KA,560001,2021-09-28,Retail,0,105.0,2.1
CUST-04010,KAVYA PATEL,kavya.patel260@yahoo.in,948777944,Bhubaneswar,OD,751001,2022-02-27,Retail,1,4.0,3.0
CUST-02931,Imran Menon,imran.menon265@gmail.com,9601187500,Gurugram,HR,122001,2023-03-25,Enterprise,1,66.0,3.1
CUST-04785,Lakshmi Mehta,lakshmi.mehta563@yahoo.in,9861501627,Hyderabad,TS,500001,2022-11-02,Smb,1,2.0,3.4
CUST-04905,Meera Bose,meera.bose134@protonmail.com,91 99792-72940,Delhi,DL,110001,2021-08-22,Business,1,97.0,3.3
CUST-03452,Manish Reddy,manish.reddy985@gmail.com,+91-97804 14583,Guwahati,AS,781001,2023-10-10,Business,0,183.0,2.8
CUST-04146,Suresh Krishnan,suresh.krishnan873@gmail.com,09677985561,Bhubaneswar,OD,751001,2023-11-27,Smb,0,30.0,4.6
CUST-01985,Sathish Verma,sathish.verma541@yahoo.in,,Kochi,KL,682001,2021-08-09,Smb,1,17.0,2.5
CUST-00637,Gopal Joshi,gopal.joshi155@protonmail.com,9731908366,Mysuru,KA,570001,2022-03-28,Smb,0,202.0,2.1
CUST-03200,SWETHA SHARMA,swetha.sharma314@gmail.com,+91-98215 20307,Gurugram,HR,122001,2021-12-19,Smb,1,127.0,4.5
CUST-00018,Ananya Patel,,+91-98734 85089,Nagpur,MH,440001,2023-09-11,Business,0,187.0,3.3
CUST-00354,sathish das,sathish.das400@yahoo.in,9890334542,Madurai,TN,625001,2021-10-07,Enterprise,1,62.0,2.9
CUST-00258,Rahul Bose,rahul.bose850@outlook.com,9762305900,Ahmedabad,GJ,380001,2022-08-24,Retail,0,88.0,4.2
CUST-02999,Neha Krishnan,neha.krishnan742@gmail.com,9745145054,Hyderabad,TS,500001,2022-12-01,Business,0,65.0,3.0
CUST-02911,Sneha Kumar,vasanth.bose241@protonmail.com,91 97696-54027,Gurugram,HR,122001,2023-08-24,Enterprise,0,208.0,2.1
CUST-04807,Vasanth Nair,vasanth.nair57@protonmail.com,890645904,Mysuru,KA,570001,2023-05-19,Business,1,47.0,4.9
CUST-04157,DEEPA NAIR,unknown,09803945431,Kolkata,WB,700001,2023-09-29,Enterprise,0,142.0,2.9
CUST-01529,VASANTH KRISHNAN,vasanth.krishnan421@outlook.com,91 96020-03508,Lucknow,UP,226001,2023-08-30,Smb,1,33.0,4.5
CUST-04403,Joseph Reddy,joseph.reddy605@outlook.com,9862463473,Chandigarh,CH,160017,2022-04-26,Retail,0,69.0,3.6
CUST-02470,Joseph Patel,joseph.patel584@gmail.com,91 99369-74264,Nagpur,MH,440001,2022-02-24,Enterprise,1,10.0,2.3
CUST-03618,Revathi Krishnan,revathi.krishnan680@yahoo.in,9746883381,Bengaluru,KA,560001,2023-12-24,Retail,0,,4.1
CUST-00860,Arjun Das,arjun.das707gmail.com,9786943719,Coimbatore,TN,641001,2023-10-27,Enterprise,1,161.0,2.3
CUST-00013,Pradeep Mehta,pradeep.mehta686@outlook.com,9812485908,GURUGRAM,HR,122001,2022-03-06,Retail,1,55.0,2.4
CUST-04127,Karthik Nair,karthik.nair972@yahoo.in,+91-98118 08289,Hyderabad,TS,500001,2023-03-25,Retail,1,19.0,2.7
CUST-04166,Neha Patel,neha.patel293@protonmail.com,09674537250,Jaipur,RJ,302001,2022-07-24,Enterprise,1,165.0,2.6
CUST-02420,Vasanth Singh,vasanth.singh991@protonmail.com,09753797515,Mysuru,KA,570001,2022-10-09,Retail,0,143.0,4.0
CUST-00389,Arjun Das,arjun.das487@yahoo.in,91 97665-98417,Guwahati,AS,781001,2021-09-08,Enterprise,0,135.0,3.7
CUST-04547,ARAVIND JOSHI,aravind.joshi142@yahoo.in,+91-96895 73308,Mysuru,KA,570001,2023-10-13,Business,1,,3.5
CUST-04368,Revathi Sharma,revathi.sharma325@gmail.com,9669712057,Chennai,TN,600001,2023-09-30,Business,1,69.0,4.0
CUST-00938,Swetha Pillai,swetha.pillai218@gmail.com,+91-99866 56498,Jaipur,RJ,302001,2022-12-30,Business,0,143.0,3.7
CUST-04590,VIKRAM REDDY,vikram.reddy301@outlook.com,782236315,Visakhapatnam,AP,530001,2022-09-10,Retail,0,130.0,2.5
CUST-02068,Divya Bose,divya.bose883@gmail.com,9621630574,Jaipur,RJ,302001,2022-01-29,Business,0,6.0,3.2
CUST-00428,Divya Das,divya.das313@protonmail.com,91 96483-93861,Madurai,TN,625001,2022-06-12,Retail,1,174.0,4.2
CUST-04917,Bhavana Singh,bhavana.singh762@protonmail.com,9816023528,Chandigarh,CH,160017,2022-02-23,Retail,0,194.0,2.4
CUST-01308,Gopal Iyer,gopal.iyer858@protonmail.com,+91-96535 35153,Delhi,DL,110001,2023-10-16,Smb,1,63.0,3.0
CUST-01374,Vikram Iyer,vikram.iyer664@protonmail.com,9843970226,Visakhapatnam,AP,530001,2021-12-27,Retail,0,203.0,3.7
CUST-01378,Pradeep Nair,unknown,9933470910,Jaipur,RJ,302001,2022-02-16,Retail,0,210.0,2.2
CUST-00409,REVATHI NAIR,revathi.nair544@outlook.com,+91-97334 32628,Chandigarh,CH,160017,2022-03-18,Retail,0,224.0,4.4
CUST-00981,Imran Menon,imran.menon458@outlook.com,91 99085-68781,Delhi,DL,110001,2021-12-28,Retail,1,141.0,4.6
CUST-01442,Vikram Pillai,vikram.pillai436@yahoo.in,,Lucknow,UP,226001,2022-12-31,Enterprise,0,56.0,2.4
CUST-03355,Gopal Menon,gopal.menon556@yahoo.in,9895774848,Kolkata,WB,700001,2023-09-26,Enterprise,1,193.0,4.1
CUST-00513,NITHIN SHARMA,nithin.sharma394protonmail.com,+91-98054 00467,Coimbatore,TN,641001,2023-11-29,Business,1,233.0,4.7
CUST-02158,Ishita Pillai,ishita.pillai183@gmail.com,9732151284,Mysuru,KA,570001,2021-12-25,Retail,1,2.0,4.1
CUST-03649,Kavya Singh,kavya.singh952@outlook.com,9706449456,Chennai,TN,600001,2023-08-04,Enterprise,0,195.0,4.7
CUST-03086,Deepa Verma,deepa.verma88@protonmail.com,9912225688,Hyderabad,TS,500001,2023-08-23,Retail,0,177.0,4.5
CUST-02446,Sneha Bose,sneha.bose636@outlook.com,9624454458,Pune,MH,411001,2023-09-18,Retail,1,98.0,2.8
CUST-04128,REVATHI REDDY,revathi.reddy240@gmail.com,9873294829,Bhubaneswar,OD,751001,2023-06-02,Business,0,148.0,3.0
CUST-01892,,,9910614145,Chandigarh,CH,160017,2023-07-03,Retail,0,2.0,5.0
CUST-03996,Sathish Chowdhury,sathish.chowdhury647@protonmail.com,+91-98746 77280,Guwahati,AS,781001,2023-09-01,Enterprise,0,101.0,4.7
CUST-02149,Ananya Reddy,ananya.reddy611@gmail.com,9741336189,Madurai,TN,625001,2022-07-24,Business,1,78.0,3.5
CUST-00933,Joseph Joshi,joseph.joshi363@gmail.com,9840634871,Chandigarh,CH,160017,2023-03-27,Business,1,196.0,2.9
CUST-03233,Lakshmi Raman,lakshmi.raman951@gmail.com,+91-98042 96369,Kolkata,WB,700001,2022-09-12,Retail,0,198.0,3.8
CUST-04257,  Deepa Verma  ,deepa.verma355@gmail.com,9888839890,Chennai,TN,600001,2023-11-11,Retail,0,104.0,
CUST-04320,Gopal Bose,gopal.bose596@gmail.com,09687417675,Jaipur,RJ,302001,2023-09-17,Business,0,109.0,2.6
CUST-02417,Neha Das,neha.das854@outlook.com,91 96470-72525,Nagpur,MH,440001,2022-08-20,Business,0,182.0,2.5
CUST-03743,Priya Pillai,priya.pillai727@outlook.com,+91-96123 50957,Gurugram,HR,122001,2023-03-04,Business,1,180.0,3.3
CUST-02123,Pradeep Kumar,pradeep.kumar231@protonmail.com,9990965606,Visakhapatnam,AP,530001,2021-08-30,Enterprise,0,184.0,4.5
CUST-04984,Priya Bose,priya.bose323@outlook.com,9826343246,Visakhapatnam,AP,530001,2023-04-19,Smb,0,53.0,
CUST-00966,Suresh Pillai,suresh.pillai565@gmail.com,09859158960,Gurugram,HR,122001,2022-11-09,Enterprise,1,122.0,3.2
CUST-00178,Anitha Kumar,anitha.kumar870@protonmail.com,9688800528,Bhubaneswar,OD,751001,2022-12-09,Retail,0,118.0,3.7
CUST-01857,Pradeep Bose,pradeep.bose420protonmail.com,09885955274,Kolkata,WB,700001,2021-12-24,Business,1,94.0,3.3
CUST-04089,Ishita Krishnan,ishita.krishnan937@protonmail.com,9861826611,BENGALURU,KA,560001,2021-07-18,Retail,1,3.0,3.2
CUST-02090,Vikram Joshi,vikram.joshi337@protonmail.com,9794314491,Chennai,TN,600001,2023-06-15,Enterprise,1,41.0,2.9
CUST-03329,Priya Kumar,priya.kumar696@yahoo.in,+91-99248 61624,Mumbai,MH,400001,2021-12-30,Retail,1,85.0,3.5
CUST-02820,Rahul Joshi,rahul.joshi199@protonmail.com,9637346442,Chennai,TN,600001,2022-08-05,Business,0,197.0,2.3
CUST-04396,  Joseph Singh  ,joseph.singh74@yahoo.in,9855772372,Gurugram,HR,122001,2023-02-26,Retail,0,79.0,2.3
CUST-02815,  Deepa Iyer  ,deepa.iyer644@gmail.com,91 97819-81491,Coimbatore,TN,641001,2022-11-10,Business,1,15.0,2.8
CUST-00303,  Karthik Patel  ,karthik.iyer104@outlook.com,9914181288,Nagpur,MH,440001,2022-03-16,Business,0,168.0,2.9
CUST-01870,Gopal Krishnan,gopal.krishnan363@gmail.com,9696011580,NAGPUR,MH,440001,2023-02-07,Enterprise,0,39.0,3.5
CUST-02140,suresh iyer,SURESH.IYER672@GMAIL.COM,9653588847,Lucknow,UP,226001,2021-09-04,Enterprise,0,207.0,2.8
CUST-03255,Karthik Pillai,karthik.pillai62@gmail.com,9980062886,Nagpur,MH,440001,2023-07-01,Business,1,148.0,4.6
CUST-01622,RAHUL KRISHNAN,rahul.krishnan539@yahoo.in,91 97649-30737,Kolkata,WB,700001,2023-02-10,Business,0,194.0,4.7
CUST-04118,Anitha Krishnan,anitha.krishnan287@outlook.com,9848086706,Mumbai,MH,400001,2022-06-01,Retail,0,85.0,2.6
CUST-04736,MEERA REDDY,meera.reddy210@gmail.com,9862323037,Kolkata,WB,700001,2022-08-12,Business,1,57.0,3.2
CUST-01725,divya nair,divya.nair568@protonmail.com,,Chandigarh,CH,160017,2022-04-08,Smb,0,130.0,2.5
CUST-01392,Ananya Singh,ananya.singh656@outlook.com,9845294515,Mumbai,MH,400001,2023-12-01,Retail,1,182.0,2.4
CUST-00635,Joseph Krishnan,joseph.krishnan409@yahoo.in,9710549819,Mumbai,MH,400001,2022-09-13,Business,0,165.0,3.2
CUST-01959,Kavya Raman,kavya.raman86@gmail.com,9981833451,Coimbatore,TN,641001,2023-10-21,Retail,0,84.0,4.7
CUST-03838,Meera Chowdhury,meera.chowdhury955@outlook.com,91 97236-63632,Delhi,DL,110001,2022-12-22,Retail,1,106.0,2.2
CUST-02146,Sathish Nair,sathish.nair680@yahoo.in,91 99728-75734,Mysuru,KA,570001,2022-05-13,Smb,1,52.0,4.3
CUST-01038,Bhavana Pillai,bhavana.pillai425@protonmail.com,09808144553,Jaipur,RJ,302001,2022-01-20,Enterprise,0,210.0,
CUST-03358,  Joseph Menon  ,joseph.menon908@outlook.com,9801664859,Madurai,TN,625001,2023-06-28,Smb,1,174.0,2.3
CUST-04967,Gopal Iyer,gopal.iyer182@yahoo.in,91 96544-55339,Chennai,TN,600001,2023-10-25,Retail,1,5.0,4.3
CUST-02983,Deepa Pillai,deepa.pillai947@yahoo.in,9662917322,Guwahati,AS,781001,2022-08-25,Enterprise,0,227.0,2.1
CUST-01984,  Karthik Patel  ,KARTHIK.PATEL578@PROTONMAIL.COM,09926796445,Visakhapatnam,AP,530001,2023-09-21,Smb,1,36.0,3.7
CUST-00882,Divya Reddy,divya.reddy309@outlook.com,09714617091,Coimbatore,TN,641001,2022-02-02,Retail,1,166.0,2.4
CUST-02892,Meera Bose,meera.bose647@yahoo.in,91 99810-70935,Coimbatore,TN,641001,2021-08-14,Retail,0,111.0,3.3
CUST-04858,Divya Raman,divya.raman461@protonmail.com,9688367855,Bengaluru,KA,560001,2021-12-10,Business,1,130.0,4.0
CUST-04883,Karthik Singh,karthik.singh695@yahoo.in,9836882612,Coimbatore,TN,641001,2022-08-16,Retail,1,33.0,
CUST-01097,Meera Raman,MEERA.RAMAN50@YAHOO.IN,09926800479,DELHI,DL,110001,2022-03-18,Enterprise,0,153.0,4.5
CUST-02713,Bhavana Patel,bhavana.patel309@outlook.com,9701767488,Bengaluru,KA,560001,2022-05-19,Business,0,66.0,2.7
CUST-04095,Swetha Krishnan,swetha.krishnan353@protonmail.com,9944472954,Jaipur,RJ,302001,2021-08-22,Business,0,145.0,2.7
CUST-02502,Divya Das,divya.das766@gmail.com,9647631021,Delhi,DL,110001,2022-07-20,Retail,0,30.0,4.1
CUST-04898,Kavya Verma,kavya.verma552@outlook.com,9797202362,Chandigarh,CH,160017,2022-04-20,Enterprise,0,43.0,3.6
CUST-01846,Gopal Chowdhury,gopal.chowdhury223@gmail.com,9811454983,Mysuru,KA,570001,2023-10-04,Business,1,119.0,4.9
CUST-04196,Manish Mehta,manish.mehta84@outlook.com,+91-99567 55801,Gurugram,HR,122001,2022-01-02,Business,1,174.0,3.6
CUST-01918,Arjun Krishnan,arjun.krishnan228@gmail.com,09965617270,Madurai,TN,625001,2022-03-20,Retail,0,13.0,3.4
CUST-00204,Joseph Pillai,joseph.pillai780@gmail.com,+91-97366 43325,Pune,MH,411001,2023-12-26,Smb,1,148.0,3.6
CUST-04812,Manish Iyer,manish.iyer367@outlook.com,+91-96426 86490,MADURAI,TN,625001,2023-01-29,Business,0,163.0,3.3
CUST-01127,VASANTH JOSHI,,9831787149,Kolkata,WB,700001,2023-09-25,Business,1,7.0,3.4
CUST-03761,Deepa Pillai,deepa.pillai450@protonmail.com,+91-96401 46519,Kolkata,WB,700001,2023-10-29,Business,1,155.0,4.4
CUST-04903,Aravind Joshi,aravind.joshi290@protonmail.com,91 96656-03483,Kolkata,WB,700001,2023-09-27,Smb,1,108.0,2.1
CUST-03244,VIKRAM PILLAI,vikram.pillai87@gmail.com,,Kochi,KL,682001,2021-12-17,Smb,0,138.0,2.9
CUST-03066,Rahul Raman,rahul.raman974@outlook.com,+91-97959 94181,Ahmedabad,GJ,380001,2021-10-29,Business,1,66.0,3.4
CUST-02116,Kavya Mehta,kavya.mehta843@outlook.com,91 99112-59299,Coimbatore,TN,641001,2023-11-15,Business,0,234.0,3.4
CUST-03522,Neha Nair,neha.nair887@yahoo.in,unknown,Guwahati,AS,781001,2022-06-07,Business,0,105.0,2.7
CUST-01998,JOSEPH IYER,joseph.iyer643@protonmail.com,9635285941,Bhubaneswar,OD,751001,2023-12-09,Business,1,38.0,5.0
CUST-04563,  Aravind Nair  ,aravind.nair906@yahoo.in,+91-96096 57846,Mysuru,KA,570001,2023-08-14,Business,0,49.0,4.2
CUST-03862,anitha krishnan,ANITHA.KRISHNAN976@YAHOO.IN,9781620646,Chennai,TN,600001,2023-03-15,Smb,1,69.0,2.8
CUST-03646,  Kavya Chowdhury  ,kavya.chowdhury9@gmail.com,9674062025,BENGALURU,KA,560001,2021-10-03,Smb,1,129.0,2.8
CUST-01415,gopal nair,gopal.nair230@gmail.com,9685692873,Kochi,KL,682001,2022-03-03,Business,1,47.0,2.2
CUST-00801,Bhavana Kumar,BHAVANA.KUMAR761@YAHOO.IN,9858692564,Kochi,KL,682001,2023-07-14,Enterprise,1,114.0,4.9
CUST-02022,ananya patel,ananya.patel292@protonmail.com,9904789436,Jaipur,RJ,302001,2023-01-08,Enterprise,1,,4.3
CUST-00707,Gopal Joshi,gopal.joshi814@outlook.com,9713036713,Mysuru,KA,570001,2022-09-28,Retail,0,73.0,4.1
CUST-02015,Ishita Patel,ishita.patel667@outlook.com,9926797364,Bengaluru,KA,560001,2021-11-14,Business,1,163.0,2.6
CUST-03745,Sneha Patel,sneha.patel57@protonmail.com,91 99523-25278,Lucknow,UP,226001,2022-01-16,Retail,0,159.0,4.0
CUST-01040,Ravi Singh,RAVI.SINGH252@YAHOO.IN,91 98593-33873,Mumbai,MH,400001,2023-08-15,Smb,1,108.0,4.6
CUST-03647,Ishita Kumar,ishita.kumar607@gmail.com,+91-96938 93979,Visakhapatnam,AP,530001,2023-11-14,Enterprise,1,5.0,4.7
CUST-03386,Joseph Sharma,JOSEPH.SHARMA723@OUTLOOK.COM,9611789440,Pune,MH,411001,2023-09-07,Retail,0,143.0,4.5
CUST-00252,Lakshmi Chowdhury,lakshmi.chowdhury427@yahoo.in,91 97526-75640,Chandigarh,CH,160017,2023-11-25,Business,0,95.0,4.5
CUST-01546,Sneha Patel,sneha.patel486@outlook.com,9919242384,Coimbatore,TN,641001,2023-02-10,Retail,0,112.0,4.4
CUST-04374,Neha Mehta,neha.mehta563@protonmail.com,9619055851,Madurai,TN,625001,2022-06-16,Business,1,52.0,4.9
CUST-02652,Arjun Nair,arjun.nair246@yahoo.in,9971974693,Hyderabad,TS,500001,2023-08-19,Business,1,183.0,2.8
CUST-00906,Bhavana Joshi,bhavana.joshi610@protonmail.com,9912646925,Bhubaneswar,OD,751001,2022-04-16,Retail,1,181.0,2.9
CUST-01898,Arjun Sharma,arjun.sharma134@protonmail.com,9721716995,Jaipur,RJ,302001,2023-10-27,Retail,0,31.0,3.7
CUST-03704,Revathi Bose,revathi.bose482@outlook.com,91 98155-18666,Kochi,KL,682001,2023-08-06,Retail,1,31.0,3.9
CUST-00545,Joseph Joshi,joseph.joshi364@outlook.com,+91-97701 73004,Chandigarh,CH,160017,2021-08-23,Enterprise,0,126.0,2.8
CUST-01914,Deepa Raman,deepa.raman92@gmail.com,958491393,Lucknow,UP,226001,2023-07-20,Retail,0,48.0,3.5
CUST-00507,Kavya Iyer,KAVYA.IYER270@GMAIL.COM,9826240463,Kolkata,WB,700001,2021-11-16,Retail,0,127.0,4.8
CUST-04968,Neha Mehta,neha.mehta772@outlook.com,9604739644,Kochi,KL,682001,2022-10-20,Business,1,135.0,3.2
CUST-03882,Ravi Reddy,ravi.reddy102@protonmail.com,91 96599-59587,Gurugram,HR,122001,2022-09-08,Smb,0,172.0,4.4
CUST-04472,Lakshmi Mehta,lakshmi.mehta381@outlook.com,9860224400,Gurugram,HR,122001,2023-06-22,Retail,1,76.0,4.6
CUST-01908,  Joseph Chowdhury  ,joseph.chowdhury508@outlook.com,9774349777,Pune,MH,411001,2022-10-17,Business,1,27.0,4.6
CUST-01653,Imran Patel,imran.patel925@outlook.com,9659806722,Ahmedabad,GJ,380001,2023-11-30,Enterprise,0,14.0,2.6
CUST-02106,Fatima Raman,fatima.raman15@yahoo.in,9764776663,Bhubaneswar,OD,751001,2023-04-14,Business,0,180.0,3.1
CUST-00673,Rahul Menon,rahul.menon945@gmail.com,9781130959,Bhubaneswar,OD,751001,2022-06-11,Retail,1,152.0,4.3
CUST-03038,Arjun Kumar,arjun.kumar539@outlook.com,-,Chennai,TN,600001,2022-03-03,Business,0,134.0,3.5
CUST-01683,Imran Menon,imran.menon591@yahoo.in,+91-96962 24499,Coimbatore,TN,641001,2023-04-15,Smb,0,146.0,2.5
CUST-01861,Suresh Das,suresh.das129@protonmail.com,9672333201,Pune,MH,411001,2023-03-05,Business,0,225.0,3.8
CUST-02705,MEERA SINGH,meera.singh530@protonmail.com,+91-97144 30625,Pune,MH,411001,2022-09-09,Smb,1,234.0,3.4
CUST-00868,priya verma,priya.verma448@yahoo.in,91 97784-10656,Madurai,TN,625001,2023-07-13,Smb,0,98.0,
CUST-00848,Fatima Bose,fatima.bose19@gmail.com,9814371716,Kolkata,WB,700001,2021-08-16,Retail,1,42.0,3.8
CUST-00139,Suresh Sharma,suresh.sharma690@gmail.com,9876904125,Jaipur,RJ,302001,2022-06-13,Retail,0,52.0,4.4
CUST-00326,Vikram Pillai,vikram.pillai991@gmail.com,09955528499,Coimbatore,TN,641001,2022-01-13,Smb,0,137.0,4.6
CUST-00054,VIKRAM KRISHNAN,vikram.krishnan623@yahoo.in,91 97476-48089,Visakhapatnam,AP,530001,2022-04-21,Retail,0,219.0,4.6
CUST-04953,IMRAN KUMAR,imran.kumar120@gmail.com,9867538660,Delhi,DL,110001,2023-05-27,Smb,1,78.0,2.1
CUST-02687,Manish Mehta,manish.mehta233@gmail.com,91 97336-79179,Ahmedabad,GJ,380001,2022-03-26,Smb,1,240.0,3.3
CUST-02376,Rahul Sharma,rahul.sharma494@gmail.com,9766809109,Bengaluru,KA,560001,2023-07-27,Retail,0,63.0,2.5
CUST-01434,Vasanth Chowdhury,vasanth.chowdhury713@protonmail.com,9634361068,Visakhapatnam,AP,530001,2021-08-23,Enterprise,1,202.0,3.8
CUST-02148,Ishita Iyer,ishita.iyer615@gmail.com,+91-98980 10436,Mumbai,MH,400001,2022-04-25,Retail,0,77.0,3.4
CUST-02377,Fatima Krishnan,fatima.krishnan346@gmail.com,,Chandigarh,CH,160017,2021-10-18,Retail,0,17.0,4.8
CUST-02394,MEERA SINGH,meera.singh267@yahoo.in,9879380223,MUMBAI,MH,400001,2022-06-14,Smb,1,2.0,3.5
CUST-01539,Ananya Chowdhury,ananya.chowdhury854@protonmail.com,-,Hyderabad,TS,500001,2022-07-29,Smb,1,223.0,3.7
CUST-01000,Gopal Mehta,gopal.mehta161@outlook.com,09977321612,Bengaluru,KA,560001,2022-03-08,Retail,1,3.0,2.3
CUST-00315,Arjun Das,arjun.das268@outlook.com,+91-98901 94290,Coimbatore,TN,641001,2022-10-04,Retail,1,46.0,4.6
CUST-01164,Neha Iyer,neha.iyer349@protonmail.com,9963469820,Bhubaneswar,OD,751001,2022-09-27,Enterprise,1,,4.3
CUST-04829,vasanth singh,vasanth.singh956@outlook.com,9931206848,Bhubaneswar,OD,751001,2021-11-08,Retail,0,8.0,
CUST-03333,Kavya Iyer,kavya.iyer324@protonmail.com,9830095331,Madurai,TN,625001,2021-11-30,Business,1,204.0,3.9
CUST-03448,,pradeep.chowdhury16@protonmail.com,9874131841,Kochi,KL,682001,2022-02-03,Retail,0,25.0,2.6
CUST-04781,Suresh Reddy,suresh.reddy682@gmail.com,9872061363,Pune,MH,411001,2023-07-24,Business,1,175.0,4.6
CUST-04534,Manish Singh,,9808419842,Delhi,DL,110001,2023-11-08,Business,1,72.0,2.4
CUST-02981,Nithin Pillai,nithin.pillai637@outlook.com,+91-96907 68409,Madurai,TN,625001,2023-02-12,Business,0,61.0,2.6
CUST-01580,karthik nair,karthik.nair467@outlook.com,708000325,Bengaluru,KA,560001,2023-10-08,Retail,0,73.0,2.3
CUST-04722,Manish Nair,manish.nair248@gmail.com,9889485135,Ahmedabad,GJ,380001,2021-10-16,Retail,1,136.0,4.1
CUST-02887,  Anitha Patel  ,anitha.patel167@gmail.com,91 99868-21098,Jaipur,RJ,302001,2023-05-11,Business,0,177.0,3.1
CUST-00183,swetha nair,swetha.nair908@outlook.com,9894101091,Nagpur,MH,440001,2022-11-02,Smb,1,129.0,3.9
CUST-02423,Nithin Menon,nithin.menon239@outlook.com,91 99112-58562,Chennai,TN,600001,2023-06-13,Business,1,153.0,4.3
CUST-04253,Karthik Patel,karthik.patel113@outlook.com,09964606268,Mysuru,KA,570001,2023-06-07,Retail,0,161.0,2.5
CUST-04867,Sneha Krishnan,sneha.krishnan1@gmail.com,09823198481,Delhi,DL,110001,2021-10-01,Retail,1,98.0,4.4
CUST-00942,  ,swetha.chowdhury448@outlook.com,+91-97244 25342,Kolkata,WB,700001,2023-09-18,Smb,0,,3.2
CUST-02422,Manish Krishnan,manish.krishnan216@protonmail.com,9884176940,Guwahati,AS,781001,2023-09-18,Business,1,191.0,3.0
CUST-03642,swetha singh,swetha.singh666@protonmail.com,9875248465,Hyderabad,TS,500001,2021-08-19,Business,1,143.0,4.5
CUST-02536,Meera Sharma,meera.sharma142@outlook.com,+91-98057 72937,Coimbatore,TN,641001,2023-05-10,Retail,1,197.0,4.7
CUST-02845,  Revathi Reddy  ,revathi.reddy523@protonmail.com,9990608312,Pune,MH,411001,2023-01-03,Enterprise,1,41.0,3.8
CUST-02277,Nithin Mehta,nithin.mehta884@yahoo.in,+91-96075 48842,Nagpur,MH,440001,2021-01-10,Business,1,56.0,3.9
CUST-03418,Neha Raman,neha.raman878@yahoo.in,9657310982,Hyderabad,TS,500001,2023-12-08,Smb,1,143.0,2.1
CUST-00594,Meera Mehta,meera.mehta125@yahoo.in,9664616881,Chandigarh,CH,160017,2022-07-30,Business,1,131.0,
CUST-00470,Arjun Joshi,arjun.joshi592@protonmail.com,+91-99415 96729,Hyderabad,TS,500001,2023-08-24,Retail,0,201.0,4.3
CUST-04991,Bhavana Das,bhavana.das905@gmail.com,825371890,Bengaluru,KA,560001,2023-05-19,Business,1,237.0,4.5
CUST-02370,Ravi Singh,ravi.singh183@protonmail.com,9867897493,Chandigarh,CH,160017,2022-01-16,Business,1,101.0,4.3
CUST-02397,Priya Joshi,priya.joshi768@gmail.com,9862656039,Mumbai,MH,400001,2023-04-09,Business,1,183.0,4.2
CUST-03740,Sathish Sharma,sathish.sharma610@gmail.com,9886546851,Bhubaneswar,OD,751001,2021-07-12,Smb,1,27.0,
CUST-03469,Lakshmi Sharma,lakshmi.sharma535@gmail.com,+91-97735 83244,Mumbai,MH,400001,2022-03-10,Retail,1,75.0,4.4
CUST-02274,Imran Kumar,imran.kumar847@yahoo.in,842184406,Delhi,DL,110001,2023-03-05,Business,0,22.0,2.1
CUST-02956,Divya Patel,divya.patel974@protonmail.com,9893225010,Chennai,TN,600001,2022-11-11,Smb,1,113.0,3.8
CUST-04325,-,priya.mehta10@yahoo.in,unknown,Chandigarh,CH,160017,2021-09-03,Smb,0,76.0,2.8
CUST-00165,  Gopal Das  ,gopal.das247@gmail.com,+91-99221 40427,Kolkata,WB,700001,2022-10-29,Business,1,150.0,3.7
CUST-01485,Suresh Krishnan,unknown,9899563228,Visakhapatnam,AP,530001,2022-11-17,Business,0,239.0,2.4
CUST-01969,Gopal Joshi,gopal.joshi882@gmail.com,09960333267,Kolkata,WB,700001,2023-12-17,Enterprise,1,39.0,
CUST-04125,Karthik Pillai,karthik.pillai738@protonmail.com,91 98383-26619,Hyderabad,TS,500001,2023-11-13,Smb,1,136.0,2.8
CUST-03294,Priya Krishnan,priya.krishnan895@protonmail.com,+91-96908 79659,Chennai,TN,600001,2021-12-02,Retail,0,142.0,4.3
CUST-04636,Gopal Pillai,gopal.pillai237@protonmail.com,9631379201,Lucknow,UP,226001,2022-02-06,Retail,1,221.0,2.1
CUST-01061,Sneha Nair,sneha.nair751@outlook.com,9603611832,Gurugram,HR,122001,2023-06-16,Smb,0,81.0,
CUST-02428,Swetha Mehta,swetha.mehta956@yahoo.in,91 97437-44645,Kolkata,WB,700001,2022-08-03,Smb,0,89.0,3.5
CUST-02763,Nithin Patel,nithin.patel155@gmail.com,643227598,Ahmedabad,GJ,380001,2023-06-21,Smb,0,3.0,2.8
CUST-02175,,anitha.krishnan221@protonmail.com,9747677632,Mumbai,MH,400001,2022-11-12,Retail,0,49.0,4.2
CUST-02227,anitha krishnan,anitha.krishnan95@outlook.com,+91-99064 36089,Chandigarh,CH,160017,2023-07-30,Enterprise,1,7.0,2.6
CUST-03420,Meera Menon,meera.menon334@protonmail.com,91 98496-90530,Kolkata,WB,700001,2021-08-10,Enterprise,0,39.0,3.9
CUST-01932,Anitha Kumar,anitha.kumar870@outlook.com,+91-98480 13964,Mumbai,MH,400001,2023-12-12,Enterprise,0,155.0,2.8
CUST-01825,  Sathish Chowdhury  ,sathish.chowdhury788@yahoo.in,+91-96123 30276,Mysuru,KA,570001,2023-04-15,Retail,1,26.0,4.0
CUST-03664,ARAVIND MEHTA,,9790341936,Kolkata,WB,700001,2021-11-27,Retail,0,187.0,2.6
CUST-04941,Arjun Joshi,arjun.joshi862@protonmail.com,09620871707,Hyderabad,TS,500001,2023-06-05,Enterprise,1,56.0,2.2
CUST-03330,Divya Pillai,divya.pillai462@outlook.com,9789272959,Chandigarh,CH,160017,2023-04-27,Retail,0,102.0,4.4
CUST-01762,revathi krishnan,revathi.krishnan30@yahoo.in,-,Nagpur,MH,440001,2022-08-30,Retail,0,42.0,2.6
CUST-01575,Suresh Patel,bhavana.nair883@outlook.com,9657644318,Kochi,KL,682001,2023-07-30,Smb,1,111.0,3.4
CUST-04355,Swetha Kumar,swetha.kumar626@yahoo.in,9975978951,Kochi,KL,682001,2023-11-25,Business,1,202.0,4.0
CUST-01116,Deepa Pillai,deepa.pillai944@protonmail.com,9927362062,Madurai,TN,625001,2022-02-19,Business,0,142.0,4.5
CUST-04539,Vikram Patel,vikram.patel854@yahoo.in,91 96400-67816,Guwahati,AS,781001,2022-07-05,Enterprise,0,14.0,3.6
CUST-03071,Revathi Reddy,revathi.reddy398@yahoo.in,9808157373,Bengaluru,KA,560001,2021-09-14,Business,0,8.0,3.8
CUST-03663,Ishita Mehta,ishita.mehta577@protonmail.com,+91-96844 20916,Bhubaneswar,OD,751001,2022-06-14,Enterprise,1,206.0,4.3
CUST-01228,Vikram Mehta,vikram.mehta867@protonmail.com,+91-97902 53844,Mysuru,KA,570001,2023-12-06,Business,0,54.0,2.6
CUST-04187,Suresh Bose,suresh.bose456@yahoo.in,9895760528,Coimbatore,TN,641001,2022-03-28,Business,1,40.0,3.4
CUST-03207,Revathi Raman,revathi.raman4@yahoo.in,09777826378,Madurai,TN,625001,2023-11-27,Business,0,221.0,3.1
CUST-02572,Vikram Joshi,vikram.joshi12@protonmail.com,+91-99568 73655,Madurai,TN,625001,2022-10-23,Retail,0,174.0,2.2
CUST-00001,GOPAL IYER,gopal.iyer229@yahoo.in,,Nagpur,MH,440001,2022-05-06,Smb,1,108.0,3.8
CUST-01646,Anitha Sharma,anitha.sharma854@yahoo.in,09939427604,Lucknow,UP,226001,2021-09-10,Smb,0,76.0,4.1
CUST-03498,Nithin Raman,nithin.raman563@gmail.com,09754032058,Delhi,DL,110001,2021-08-12,Retail,0,119.0,4.0
CUST-00683,Ananya Verma,ananya.verma686@yahoo.in,674774131,Gurugram,HR,122001,2022-09-14,Enterprise,1,31.0,4.6
CUST-04575,Sathish Bose,sathish.bose771@yahoo.in,9947409488,Delhi,DL,110001,2023-02-20,Enterprise,1,41.0,2.2
CUST-00382,Joseph Patel,joseph.patel586@yahoo.in,9800847358,Madurai,TN,625001,2022-09-11,Enterprise,0,110.0,3.3
CUST-01492,neha bose,neha.bose582@protonmail.com,91 99003-86732,Chandigarh,CH,160017,2021-08-06,Business,1,40.0,3.1
CUST-04042,Divya Joshi,divya.joshi935@protonmail.com,9706422093,Bengaluru,KA,560001,2023-08-08,Smb,1,197.0,4.6
CUST-00705,Nithin Pillai,nithin.pillai717@outlook.com,9646987044,Gurugram,HR,122001,2021-11-09,Retail,1,211.0,2.3
CUST-04514,Priya Reddy,priya.reddy77@yahoo.in,+91-99931 37802,Bhubaneswar,OD,751001,2023-08-20,Retail,0,11.0,4.5
CUST-00619,Manish Verma,manish.verma255@yahoo.in,91 96158-31011,Bhubaneswar,OD,751001,2022-01-29,Business,1,179.0,4.5
CUST-04391,  Suresh Joshi  ,suresh.joshi679@protonmail.com,+91-96133 46996,Madurai,TN,625001,2022-05-03,Business,1,114.0,4.2
CUST-01645,Pradeep Menon,pradeep.menon576@outlook.com,91 97558-28668,Jaipur,RJ,302001,2022-08-09,Business,1,208.0,4.2
CUST-01510,Vikram Joshi,vikram.joshi415@gmail.com,9792903199,Hyderabad,TS,500001,2022-07-18,Business,1,199.0,4.1
CUST-00224,Imran Verma,imran.verma381@protonmail.com,9617038736,Mysuru,KA,570001,2021-08-22,Business,1,32.0,4.1
CUST-04738,Manish Joshi,manish.joshi956@outlook.com,9703770773,Madurai,TN,625001,2023-10-31,Business,1,125.0,4.1
CUST-04310,Fatima Krishnan,fatima.krishnan426@protonmail.com,9613861293,Mumbai,MH,400001,2023-12-28,Smb,1,190.0,3.8
CUST-00573,Ananya Verma,ananya.verma883@protonmail.com,9823923278,Nagpur,MH,440001,2022-08-26,Retail,1,208.0,4.5
CUST-03593,unknown,,9780013146,Chennai,TN,600001,2023-01-23,Retail,0,164.0,3.9
CUST-00078,Sneha Mehta,sneha.mehta269@outlook.com,9715196616,Gurugram,HR,122001,2023-07-08,Business,0,208.0,4.5
CUST-04520,Deepa Sharma,deepa.sharma603@protonmail.com,9919362466,Delhi,DL,110001,2021-09-23,Enterprise,0,,4.2
CUST-01025,Vasanth Das,vasanth.das43@protonmail.com,805194109,Mumbai,MH,400001,2022-10-17,Retail,0,224.0,2.2
CUST-00440,  Manish Kumar  ,manish.kumar991@yahoo.in,9903962767,Mumbai,MH,400001,2023-07-15,Enterprise,1,144.0,3.2
CUST-04409,Bhavana Krishnan,bhavana.krishnan137@protonmail.com,9732980473,Gurugram,HR,122001,2022-10-24,Business,1,188.0,3.7
CUST-02685,Rahul Sharma,rahul.sharma373@yahoo.in,9627523497,Ahmedabad,GJ,380001,2022-06-01,Retail,1,15.0,2.4
CUST-03506,Gopal Raman,gopal.raman530@outlook.com,91 98177-06423,BHUBANESWAR,OD,751001,2021-12-29,Smb,0,212.0,2.9
CUST-00343,vasanth joshi,vasanth.joshi489@protonmail.com,9953109175,Chandigarh,CH,160017,2022-01-24,Business,1,23.0,2.0
CUST-00475,Karthik Singh,karthik.singh95@outlook.com,9949999319,Bhubaneswar,OD,751001,2021-08-17,Business,1,27.0,4.3
CUST-03624,Suresh Reddy,suresh.reddy697@outlook.com,+91-96552 21362,Chandigarh,CH,160017,2023-05-23,Smb,1,6.0,3.3
CUST-02346,Divya Iyer,divya.iyer301yahoo.in,91 98769-02389,Bhubaneswar,OD,751001,2021-07-12,Business,0,230.0,4.7
CUST-02594,Swetha Kumar,swetha.kumar617@protonmail.com,91 98797-83938,Delhi,DL,110001,2022-06-26,Business,0,20.0,4.9
CUST-02592,PRIYA PILLAI,priya.pillai336@yahoo.in,+91-96072 49513,Nagpur,MH,440001,2023-01-31,Business,0,200.0,3.9
CUST-03887,Aravind Das,aravind.das489@outlook.com,91 98600-05087,Nagpur,MH,440001,2022-06-26,Retail,1,194.0,4.8
CUST-02643,Ravi Das,ravi.das96@outlook.com,+91-99052 99108,Visakhapatnam,AP,530001,2021-05-12,Retail,1,83.0,3.6
CUST-01859,Meera Chowdhury,meera.chowdhury495@outlook.com,9943710138,Mysuru,KA,570001,2023-10-18,Retail,1,194.0,3.6
CUST-02861,Suresh Verma,suresh.verma127@protonmail.com,+91-98961 54219,Mumbai,MH,400001,2023-11-07,Retail,0,128.0,3.5
CUST-00491,Sathish Krishnan,sathish.krishnan180@outlook.com,9787284762,Jaipur,RJ,302001,2022-01-12,Enterprise,0,111.0,3.7
CUST-04652,Anitha Nair,anitha.nair87@outlook.com,+91-97498 64856,Madurai,TN,625001,2022-08-23,Smb,0,221.0,2.5
CUST-03681,Neha Chowdhury,neha.chowdhury105@yahoo.in,09790203398,Mumbai,MH,400001,2021-01-11,Retail,0,112.0,4.5
CUST-04530,Revathi Patel,revathi.patel931gmail.com,9779570073,Hyderabad,TS,500001,2021-10-10,Business,0,92.0,
CUST-00374,Aravind Verma,aravind.verma676@gmail.com,09849220357,Chandigarh,CH,160017,2023-01-29,Retail,0,,2.2
CUST-02443,ANITHA RAMAN,anitha.raman570@outlook.com,09975568964,Nagpur,MH,440001,2021-08-10,Business,0,176.0,4.1
CUST-00686,Priya Verma,priya.verma581gmail.com,9781250781,Delhi,DL,110001,2022-06-14,Retail,1,6.0,3.0
CUST-04896,Ananya Das,ananya.das122@yahoo.in,9787994804,Bhubaneswar,OD,751001,2023-06-11,Retail,0,17.0,2.4
CUST-00255,Arjun Verma,arjun.verma574yahoo.in,91 97080-11523,Delhi,DL,110001,2022-01-28,Business,1,186.0,4.9
CUST-04479,Aravind Kumar,aravind.kumar651@protonmail.com,9623409229,Kochi,KL,682001,2022-02-05,Business,0,235.0,5.0
CUST-00002,Vasanth Reddy,vasanth.reddy160@yahoo.in,9780707823,Jaipur,RJ,302001,2022-06-30,Business,0,142.0,3.9
CUST-03186,Divya Menon,divya.menon638@gmail.com,9831165004,Guwahati,AS,781001,2022-06-09,Business,1,239.0,2.1
CUST-01875,Gopal Verma,gopal.verma623@gmail.com,9991717764,AHMEDABAD,GJ,380001,2021-07-21,Enterprise,1,205.0,3.5
CUST-04671,Revathi Sharma,revathi.sharma751@outlook.com,9634407541,Kolkata,WB,700001,2022-08-25,Enterprise,1,,4.1
CUST-02457,Karthik Joshi,karthik.joshi50@outlook.com,9791468649,Mysuru,KA,570001,2023-11-08,Retail,0,120.0,4.3
CUST-01223,Ishita Patel,ishita.patel471@outlook.com,+91-96369 40694,MYSURU,KA,570001,2021-09-02,Smb,1,115.0,2.1
CUST-03732,SATHISH BOSE,sathish.bose313gmail.com,9637694378,Madurai,TN,625001,2023-05-18,Smb,0,130.0,4.8
CUST-00296,Ananya Nair,ananya.nair756@gmail.com,9633795763,Pune,MH,411001,2021-10-17,Business,0,171.0,4.5
CUST-00710,Arjun Reddy,arjun.reddy647@outlook.com,+91-99301 09538,Chennai,TN,600001,2022-02-03,Smb,1,71.0,4.7
CUST-02060,  Vasanth Reddy  ,vasanth.reddy331@yahoo.in,9643089959,MADURAI,TN,625001,2023-02-28,Business,0,69.0,2.3
CUST-04685,Karthik Joshi,karthik.joshi17@protonmail.com,9950057052,Delhi,DL,110001,2023-07-24,Smb,0,45.0,4.4
CUST-03496,Gopal Joshi,gopal.joshi375@gmail.com,09859916069,Kolkata,WB,700001,2023-02-02,Business,1,75.0,2.8
CUST-02330,Deepa Singh,deepa.singh750@protonmail.com,+91-98838 67313,Chennai,TN,600001,2022-02-02,Retail,0,60.0,3.8
CUST-02995,Swetha Mehta,swetha.mehta345@protonmail.com,+91-99691 45146,Kochi,KL,682001,2023-03-10,Enterprise,1,101.0,2.5
CUST-04794,Bhavana Raman,bhavana.raman127@yahoo.in,+91-99796 54632,Chandigarh,CH,160017,2023-05-19,Smb,1,217.0,3.7
CUST-02971,karthik iyer,KARTHIK.IYER436@PROTONMAIL.COM,09961975617,Chennai,TN,600001,2023-08-19,Enterprise,0,25.0,2.2
CUST-02667,Arjun Joshi,,9891908164,Madurai,TN,625001,2021-07-16,Enterprise,1,188.0,3.4
CUST-02197,Meera Raman,meera.raman811@protonmail.com,+91-99814 34609,Hyderabad,TS,500001,2023-02-01,Retail,1,98.0,
CUST-04460,Aravind Joshi,aravind.joshi155@protonmail.com,+91-96341 58508,Chandigarh,CH,160017,2023-05-31,Business,0,205.0,3.8
CUST-01943,Suresh Pillai,suresh.pillai686@protonmail.com,+91-99613 73792,PUNE,MH,411001,2023-01-24,Enterprise,0,56.0,4.1
CUST-01352,Revathi Verma,revathi.verma359@gmail.com,9804982390,Jaipur,RJ,302001,2023-12-19,Retail,0,41.0,4.2
CUST-00190,Priya Reddy,priya.reddy547@gmail.com,91 97131-62442,Mumbai,MH,400001,2021-12-02,Smb,0,192.0,2.1
CUST-03595,Fatima Menon,fatima.menon160@gmail.com,+91-98083 60226,Visakhapatnam,AP,530001,2023-12-19,Enterprise,0,82.0,2.5
CUST-03145,Nithin Joshi,nithin.joshi487@outlook.com,9785517592,Bengaluru,KA,560001,2023-05-09,Business,0,206.0,3.1
CUST-01373,Meera Menon,meera.menon795@gmail.com,9990247561,Pune,MH,411001,2022-05-11,Retail,1,161.0,3.0
CUST-01296,anitha raman,anitha.raman659@outlook.com,09722791066,Chandigarh,CH,160017,2022-06-30,Retail,1,91.0,3.4
CUST-02486,Imran Das,imran.das522@protonmail.com,+91-98327 33327,Gurugram,HR,122001,2022-04-01,Retail,0,177.0,2.7
CUST-00556,Ananya Chowdhury,ananya.chowdhury93@outlook.com,675946267,Lucknow,UP,226001,2023-02-20,Retail,0,220.0,2.3
CUST-01111,Suresh Singh,suresh.singh522@yahoo.in,9640990046,Gurugram,HR,122001,2023-05-13,Business,1,51.0,5.0
CUST-01189,Nithin Das,nithin.das389@outlook.com,91 98463-66320,Hyderabad,TS,500001,2022-10-01,Business,1,93.0,3.4
CUST-03720,Divya Menon,divya.menon528@outlook.com,+91-98287 46258,Jaipur,RJ,302001,2022-01-29,Enterprise,0,47.0,4.8
CUST-03628,Pradeep Mehta,pradeep.mehta422@gmail.com,9836930992,Nagpur,MH,440001,2022-12-08,Business,0,83.0,3.2
CUST-01218,Divya Iyer,divya.iyer371@outlook.com,9850481563,CHANDIGARH,CH,160017,2023-11-04,Retail,1,218.0,3.9
CUST-03828,Gopal Verma,gopal.verma420@protonmail.com,9603286137,Madurai,TN,625001,2023-06-11,Retail,0,138.0,4.1
CUST-00988,Revathi Krishnan,revathi.krishnan559@protonmail.com,09744720261,Gurugram,HR,122001,2022-12-26,Retail,1,239.0,3.5
CUST-02048,  Bhavana Krishnan  ,bhavana.krishnan567gmail.com,9784750421,Coimbatore,TN,641001,2021-11-16,Retail,0,102.0,2.5
CUST-01708,SNEHA KRISHNAN,sneha.krishnan517@outlook.com,+91-99274 76028,Chennai,TN,600001,2022-02-24,Retail,0,240.0,3.0
CUST-00668,Gopal Krishnan,gopal.krishnan697@yahoo.in,+91-97843 90334,Mysuru,KA,570001,2023-11-08,Smb,1,21.0,4.6
CUST-02424,Anitha Joshi,anitha.joshi158@protonmail.com,9832959149,Madurai,TN,625001,2021-10-30,Business,0,172.0,4.1
CUST-00057,kavya pillai,kavya.pillai232@protonmail.com,91 99337-85425,Nagpur,MH,440001,2022-01-11,Business,0,2.0,2.4
CUST-03695,Vasanth Menon,vasanth.menon197@outlook.com,9713863471,Bhubaneswar,OD,751001,2022-05-01,Retail,1,187.0,3.8
CUST-01054,Ravi Bose,ravi.bose962@protonmail.com,9706077914,Pune,MH,411001,2022-07-08,Business,0,19.0,3.7
CUST-02529,Manish Verma,manish.verma655@outlook.com,820041264,Bengaluru,KA,560001,2022-09-13,Retail,0,95.0,2.5
CUST-03035,Priya Das,priya.das27@outlook.com,+91-98567 96913,Madurai,TN,625001,2023-12-19,Smb,0,192.0,3.2
CUST-03421,Aravind Krishnan,aravind.krishnan746@protonmail.com,+91-98707 99224,Mumbai,MH,400001,2022-10-08,Retail,1,101.0,2.6
CUST-04094,Imran Kumar,imran.kumar925@outlook.com,+91-98741 15538,Madurai,TN,625001,2021-11-03,Business,1,135.0,2.3
CUST-00704,Swetha Reddy,swetha.reddy608@protonmail.com,9654041338,Chennai,TN,600001,2022-01-16,Retail,1,1.0,2.1
CUST-02769,Manish Pillai,manish.pillai748@gmail.com,09965985737,Delhi,DL,110001,2021-10-30,Enterprise,1,151.0,4.0
CUST-03558,PRADEEP MENON,pradeep.menon803@outlook.com,+91-96329 21332,Visakhapatnam,AP,530001,2023-03-04,Retail,0,74.0,4.4
CUST-00017,Swetha Reddy,swetha.reddy755@outlook.com,821036821,Pune,MH,411001,2023-05-18,Business,0,79.0,4.6
CUST-04448,Priya Singh,priya.singh527@outlook.com,+91-99027 14236,Guwahati,AS,781001,2023-09-21,Enterprise,1,40.0,2.3
CUST-00135,ARAVIND SHARMA,kavya.raman152@protonmail.com,+91-98136 61214,Guwahati,AS,781001,2023-07-28,Retail,1,21.0,2.6
CUST-04098,Lakshmi Iyer,LAKSHMI.IYER316@OUTLOOK.COM,961578122,Bengaluru,KA,560001,2021-08-01,Business,0,232.0,2.2
CUST-00438,Fatima Mehta,fatima.mehta283@yahoo.in,9646831879,Mysuru,KA,570001,2021-09-15,Retail,0,237.0,4.8
CUST-03635,gopal kumar,gopal.kumar229@outlook.com,+91-96750 12664,Hyderabad,TS,500001,2022-02-27,Business,0,119.0,4.0
CUST-04975,Aravind Iyer,aravind.iyer117@yahoo.in,+91-99577 96488,Coimbatore,TN,641001,2022-01-27,Retail,1,233.0,4.4
CUST-04711,Neha Menon,neha.menon72@outlook.com,9975262939,Visakhapatnam,AP,530001,2023-12-30,Retail,0,16.0,4.3
CUST-03759,Karthik Singh,karthik.singh925@yahoo.in,+91-99123 06281,Mysuru,KA,570001,2021-09-28,Smb,1,160.0,4.3
CUST-00445,ISHITA PATEL,ishita.patel252@protonmail.com,,Guwahati,AS,781001,2021-06-09,Smb,1,34.0,2.3
CUST-02567,GOPAL MEHTA,gopal.mehta326@gmail.com,+91-98209 09648,Mumbai,MH,400001,2023-05-01,Business,1,177.0,4.0
CUST-03240,Nithin Mehta,nithin.mehta721@gmail.com,9703635017,Lucknow,UP,226001,2021-09-01,Business,1,209.0,4.1
CUST-02748,Revathi Joshi,revathi.joshi574@outlook.com,9635561258,Lucknow,UP,226001,2022-02-11,Smb,0,238.0,3.6
CUST-02257,Gopal Nair,gopal.nair828@outlook.com,+91-96599 72769,Madurai,TN,625001,2022-02-05,Business,0,125.0,2.3
CUST-01192,Neha Joshi,NEHA.JOSHI246@YAHOO.IN,9711491142,Bhubaneswar,OD,751001,2023-08-08,Business,1,86.0,4.7
CUST-01274,Priya Nair,priya.nair927@outlook.com,+91-96295 68912,MADURAI,TN,625001,2022-01-19,Business,1,177.0,2.1
CUST-01087,ravi verma,ravi.verma3@protonmail.com,607405274,Pune,MH,411001,2021-10-10,Business,1,187.0,3.7
CUST-00426,Priya Mehta,priya.mehta289@outlook.com,9625750092,Jaipur,RJ,302001,2021-08-13,Business,0,33.0,4.1
CUST-03983,arjun bose,arjun.bose691@yahoo.in,9678982110,Chandigarh,CH,160017,2021-12-27,Business,1,180.0,2.5
CUST-01114,Ravi Reddy,ravi.reddy151@protonmail.com,-,Nagpur,MH,440001,2022-12-19,Smb,1,165.0,4.5
CUST-00275,Gopal Pillai,gopal.pillai941@outlook.com,743391676,Delhi,DL,110001,2022-08-05,Enterprise,0,174.0,2.5
CUST-04505,  Fatima Chowdhury  ,fatima.chowdhury869@yahoo.in,+91-97765 60162,MUMBAI,MH,400001,2022-10-11,Business,0,226.0,3.0
CUST-01181,Swetha Iyer,swetha.iyer711@yahoo.in,+91-96552 06815,Bengaluru,KA,560001,2023-07-09,Enterprise,0,121.0,3.2
CUST-03667,Imran Reddy,imran.reddy559@protonmail.com,9996200687,Kolkata,WB,700001,2021-11-22,Retail,0,4.0,2.3
CUST-02524,  Manish Das  ,manish.das576@gmail.com,+91-98369 25222,Gurugram,HR,122001,2022-11-23,Business,0,199.0,2.5
CUST-03065,Joseph Nair,joseph.nair425@yahoo.in,09683881493,Coimbatore,TN,641001,2022-03-19,Business,1,237.0,4.9
CUST-03625,,arjun.singh896@outlook.com,-,Coimbatore,TN,641001,2023-08-24,Retail,1,33.0,4.8
CUST-01536,Sneha Reddy,sneha.reddy600@gmail.com,+91-99898 33904,Jaipur,RJ,302001,2022-09-16,Enterprise,1,80.0,4.9
CUST-03818,Ishita Singh,ishita.singh612@protonmail.com,9862531798,Ahmedabad,GJ,380001,2022-10-31,Enterprise,1,50.0,3.3
CUST-03091,Vikram Mehta,vikram.mehta507@outlook.com,9634474425,Ahmedabad,GJ,380001,2022-04-30,Retail,0,86.0,4.9
CUST-02696,VASANTH KRISHNAN,VASANTH.KRISHNAN651@PROTONMAIL.COM,9754636743,MADURAI,TN,625001,2022-06-25,Enterprise,0,91.0,2.1
CUST-03836,  Anithā Iyer  ,anitha.iyer907@protonmail.com,09809755737,Chandigarh,CH,160017,2021-11-08,Smb,1,230.0,3.6
CUST-03896,Revathi Nair,revathi.nair475@outlook.com,+91-98894 79765,Chandigarh,CH,160017,2023-04-18,Retail,0,28.0,3.9
CUST-00871,Fatima Patel,fatima.patel754@gmail.com,9940399711,Coimbatore,TN,641001,2022-10-08,Business,1,179.0,2.7
CUST-00768,Suresh Das,suresh.das210@outlook.com,+91-98138 67668,Bengaluru,KA,560001,2023-06-23,Retail,1,164.0,3.5
CUST-01954,Imran Reddy,imran.reddy762@outlook.com,91 96398-94140,Coimbatore,TN,641001,2021-09-27,Enterprise,0,35.0,4.4
CUST-04961,Divya Kumar,divya.kumar924@yahoo.in,9815013820,Madurai,TN,625001,2023-07-20,Business,0,90.0,3.0
CUST-02238,  ,lakshmi.patel584@gmail.com,+91-96400 11645,Guwahati,AS,781001,2021-12-02,Retail,0,99.0,3.8
CUST-01205,Arjun Verma,,9622466828,Bhubaneswar,OD,751001,2022-03-05,Business,1,67.0,3.7
CUST-04276,Kavya Iyer,kavya.iyer741@yahoo.in,9737812145,Coimbatore,TN,641001,2023-01-06,Smb,0,44.0,4.9
CUST-04983,Sneha Menon,sneha.menon984@outlook.com,9884947043,Nagpur,MH,440001,2023-07-19,Retail,0,159.0,3.8
CUST-01122,Ravi Joshi,ravi.joshi95@outlook.com,9614133560,Nagpur,MH,440001,2021-12-22,Business,1,237.0,4.6
CUST-02903,swetha chowdhury,swetha.chowdhury183@gmail.com,9898860993,Ahmedabad,GJ,380001,2021-07-24,Business,0,171.0,2.1
CUST-01962,Swetha Iyer,swetha.iyer808@gmail.com,9798155832,Chennai,TN,600001,2022-08-17,Enterprise,1,103.0,3.6
CUST-04933,Suresh Pillai,suresh.pillai209@protonmail.com,09997970084,Hyderabad,TS,500001,2021-06-08,Business,1,163.0,3.5
CUST-03474,  Pradeep Singh  ,pradeep.singh930@gmail.com,9850815958,Jaipur,RJ,302001,2022-09-09,Smb,0,154.0,3.1
CUST-03777,Ananya Menon,ananya.menon199@outlook.com,+91-98800 28601,Nagpur,MH,440001,2023-06-02,Smb,0,239.0,2.3
CUST-00864,Meera Nair,meera.nair339@gmail.com,09995796683,Visakhapatnam,AP,530001,2023-12-26,Enterprise,1,234.0,
CUST-02723,Lakshmi Reddy,lakshmi.reddy618@gmail.com,09739366561,Jaipur,RJ,302001,2022-02-06,Smb,0,30.0,4.0
CUST-04442,Sathish Kumar,sathish.kumar516@protonmail.com,9654201624,Guwahati,AS,781001,2022-02-02,Retail,1,224.0,3.2
CUST-01275,Sathish Mehta,sathish.mehta257@yahoo.in,+91-96663 02428,Mysuru,KA,570001,2022-08-07,Smb,1,44.0,3.1
CUST-01320,Sathish Pillai,sathish.pillai307@protonmail.com,9663010932,Coimbatore,TN,641001,2023-03-10,Smb,0,108.0,2.4
CUST-03709,Imran Krishnan,imran.krishnan678@yahoo.in,91 97272-92866,Kochi,KL,682001,2023-02-17,Smb,0,222.0,4.3
CUST-00051,divya pillai,divya.pillai558@outlook.com,9748112723,Bengaluru,KA,560001,2023-10-12,Business,0,33.0,2.6
CUST-04457,Ishita Sharma,ishita.sharma979@protonmail.com,+91-97580 31174,Bhubaneswar,OD,751001,2022-10-29,Enterprise,0,202.0,4.1
CUST-04217,SATHISH PATEL,karthik.das450@protonmail.com,09613616742,Lucknow,UP,226001,2022-07-04,Retail,0,19.0,2.1
CUST-04758,Sathish Kumar,sathish.kumar918@outlook.com,9902201968,CHANDIGARH,CH,160017,2022-10-16,Business,1,114.0,2.4
CUST-01317,REVATHI JOSHI,revathi.joshi402@outlook.com,09724478376,Nagpur,MH,440001,2022-06-09,Business,0,119.0,3.3
CUST-00075,Deepa Krishnan,deepa.krishnan998@yahoo.in,+91-98671 05836,Guwahati,AS,781001,2023-06-30,Business,0,27.0,4.0
CUST-01968,Meera Pillai,meera.pillai201@protonmail.com,9849036712,Delhi,DL,110001,2021-03-11,Business,0,150.0,4.4
CUST-01217,Aravind Patel,aravind.patel795@gmail.com,9784767504,Madurai,TN,625001,2022-11-16,Business,1,220.0,3.7
CUST-04093,Joseph Bose,joseph.bose635@gmail.com,9658380969,Mumbai,MH,400001,2023-12-06,Retail,0,47.0,2.2
CUST-00844,Kavya Verma,kavya.verma651@gmail.com,  ,Bhubaneswar,OD,751001,2022-09-23,Enterprise,0,230.0,4.1
CUST-02339,Swetha Pillai,swetha.pillai818@outlook.com,9685926758,Guwahati,AS,781001,2023-12-14,Enterprise,0,230.0,2.7
CUST-02741,ishita kumar,ishita.kumar604@yahoo.in,9612915871,Mumbai,MH,400001,2023-12-24,Enterprise,0,13.0,4.8
CUST-01286,Suresh Krishnan,suresh.krishnan703@gmail.com,9756300623,Jaipur,RJ,302001,2021-08-24,Smb,0,203.0,3.5
CUST-01995,,revathi.sharma594@yahoo.in,9858256397,Ahmedabad,GJ,380001,2021-08-01,Business,1,150.0,2.2
CUST-00479,Ravi Reddy,ravi.reddy243@gmail.com,09945565878,Visakhapatnam,AP,530001,2022-07-03,Retail,0,,2.3
CUST-03462,Nithin Krishnan,nithin.krishnan673@protonmail.com,9737541716,Jaipur,RJ,302001,2022-02-03,Enterprise,1,168.0,3.9
CUST-04171,Neha Verma,neha.verma54@protonmail.com,9712285864,Mysuru,KA,570001,2022-09-30,Smb,1,41.0,4.0
CUST-00575,Vikram Sharma,vikram.sharma771@yahoo.in,9783847632,Lucknow,UP,226001,2023-10-08,Enterprise,1,7.0,3.1
CUST-01457,deepa patel,deepa.patel240@protonmail.com,+91-99361 00146,Coimbatore,TN,641001,2022-08-23,Retail,0,177.0,3.7
CUST-03669,Revathi Kumar,revathi.kumar720@protonmail.com,9899323958,Ahmedabad,GJ,380001,2023-10-30,Enterprise,0,83.0,4.2
CUST-04077,Nithin Das,NITHIN.DAS486@YAHOO.IN,9626892966,Coimbatore,TN,641001,2023-05-14,Retail,1,,4.7
CUST-02366,Manish Bose,manish.bose113@outlook.com,9642604288,Kochi,KL,682001,2022-12-06,Retail,0,240.0,3.9
CUST-00655,Deepa Patel,unknown,9605859418,Mumbai,MH,400001,2021-10-28,Business,1,143.0,3.3
CUST-03807,Revathi Kumar,revathi.kumar420@protonmail.com,+91-99723 43674,Hyderabad,TS,500001,2021-09-24,Business,0,51.0,2.1
CUST-04491,Swetha Sharma,swetha.sharma349@gmail.com,9814446069,Mysuru,KA,570001,2023-01-17,Retail,0,111.0,2.6
CUST-03741,Arjun Verma,arjun.verma9@gmail.com,+91-97938 27959,Chandigarh,CH,160017,2023-01-26,Enterprise,0,98.0,2.5
CUST-01234,revathi nair,revathi.nair286@protonmail.com,+91-98241 48399,Bengaluru,KA,560001,2022-10-14,Business,0,162.0,4.6
CUST-02310,Divya Sharma,divya.sharma78@outlook.com,9925990537,Chennai,TN,600001,2022-12-11,Retail,0,88.0,4.9
CUST-04008,Lakshmi Singh,lakshmi.singh892@yahoo.in,9880678230,Pune,MH,411001,2023-06-06,Business,1,110.0,4.9
CUST-03719,,suresh.raman655@outlook.com,09717566836,Bengaluru,KA,560001,2021-10-20,Retail,1,190.0,2.2
CUST-02562,Vasanth Kumar,vasanth.kumar245@gmail.com,,Bengaluru,KA,560001,2023-04-22,Enterprise,1,28.0,3.9
CUST-03385,Nithin Joshi,nithin.joshi212@yahoo.in,9949308828,Pune,MH,411001,2023-10-21,Retail,1,195.0,2.1
CUST-00441,  Meera Kumar  ,meera.kumar714@gmail.com,+91-98753 05082,Guwahati,AS,781001,2023-05-16,Enterprise,0,75.0,2.4
CUST-00984,Rahul Reddy,rahul.reddy355@gmail.com,9813450610,Coimbatore,TN,641001,2023-06-11,Retail,1,63.0,
CUST-01881,Swetha Patel,  ,9767749818,Bhubaneswar,OD,751001,2022-10-10,Business,1,204.0,4.1
CUST-03449,Anitha Pillai,anitha.pillai779@gmail.com,9708169213,Ahmedabad,GJ,380001,2023-05-07,Enterprise,1,92.0,3.2
CUST-00206,Fatima Joshi,fatima.joshi676@gmail.com,09839763798,Hyderabad,TS,500001,2022-01-30,Retail,1,100.0,2.0
CUST-00793,Anitha Chowdhury,anitha.chowdhury480@protonmail.com,+91-97150 17717,Kolkata,WB,700001,2023-12-03,Retail,1,204.0,4.2
CUST-03361,ARAVIND MEHTA,aravind.mehta150@protonmail.com,9879008042,Kochi,KL,682001,2023-04-19,Business,1,189.0,3.3
CUST-02105,Bhavana Patel,bhavana.patel849@outlook.com,9930471992,Mysuru,KA,570001,2022-09-12,Business,1,227.0,4.5
CUST-03757,Joseph Pillai,joseph.pillai445@outlook.com,9727695965,Chennai,TN,600001,2023-03-08,Business,0,166.0,3.7
CUST-01409,Sathish Raman,sathish.raman322@outlook.com,9842388932,Coimbatore,TN,641001,2023-06-15,Business,1,240.0,3.1
CUST-04998,Sathish Menon,sathish.menon832@outlook.com,+91-98309 58817,Delhi,DL,110001,2022-04-23,Retail,0,219.0,3.4
CUST-00532,Manish Patel,manish.patel63@outlook.com,+91-97705 20059,Lucknow,UP,226001,2022-03-20,Business,0,105.0,4.6
CUST-03723,Suresh Verma,suresh.verma923@protonmail.com,91 99097-23994,Mysuru,KA,570001,2021-12-06,Enterprise,0,147.0,3.9
CUST-00980,divya krishnan,divya.krishnan904@gmail.com,91 99554-90577,Ahmedabad,GJ,380001,2023-07-31,Retail,1,207.0,2.0
CUST-00590,Pradeep Sharma,pradeep.sharma545@yahoo.in,91 96470-99823,Lucknow,UP,226001,2023-03-23,Business,1,167.0,2.5
CUST-02286,Bhavana Pillai,bhavana.pillai771@gmail.com,+91-99204 82702,Kochi,KL,682001,2023-02-21,Smb,0,204.0,4.1
CUST-01905,Divya Chowdhury,divya.chowdhury978@protonmail.com,9616456555,Madurai,TN,625001,2023-08-21,Smb,1,182.0,3.3
CUST-01451,gopal reddy,gopal.reddy384@protonmail.com,9758834081,Coimbatore,TN,641001,2021-11-08,Business,0,52.0,4.2
CUST-01174,Ananya Pillai,ananya.pillai807@yahoo.in,+91-98649 06979,Chennai,TN,600001,2023-08-13,Retail,1,75.0,
CUST-00606,Ravi Nair,ravi.nair12@gmail.com,9881449721,Chandigarh,CH,160017,2022-09-22,Retail,0,225.0,5.0
CUST-01786,Priya Kumar,priya.kumar82@gmail.com,,Coimbatore,TN,641001,2022-10-05,Enterprise,0,52.0,3.9
CUST-00176,Meera Iyer,meera.iyer822@protonmail.com,09803877144,Chandigarh,CH,160017,2022-08-19,Business,0,12.0,
CUST-04849,Ravi Kumar,ravi.kumar893@protonmail.com,9714485358,Chennai,TN,600001,2023-06-24,Retail,1,127.0,
CUST-01481,Gopal Mehta,gopal.mehta731@protonmail.com,9911406919,COIMBATORE,TN,641001,2022-07-22,Business,1,70.0,4.0
CUST-03483,DIVYA REDDY,divya.reddy4@gmail.com,9964504894,Madurai,TN,625001,2023-05-31,Retail,1,163.0,2.8
CUST-00413,Swetha Menon,swetha.menon90@gmail.com,91 99975-96513,Mumbai,MH,400001,2022-05-20,Retail,1,16.0,2.6
CUST-01391,SATHISH SHARMA,sathish.sharma311@outlook.com,+91-96691 60418,HYDERABAD,TS,500001,2023-08-21,Business,1,40.0,
CUST-01342,Ishita Kumar,ishita.kumar652@gmail.com,+91-98433 54252,Gurugram,HR,122001,2023-02-09,Smb,1,183.0,2.5
CUST-02078,  Kavya Sharma  ,kavya.sharma250@protonmail.com,91 97188-59861,Nagpur,MH,440001,2022-10-06,Retail,0,166.0,2.3
CUST-03744,Priya Menon,priya.menon658@outlook.com,91 99115-60989,Bhubaneswar,OD,751001,2022-04-25,Business,1,202.0,3.8
CUST-03631,Manish Iyer,manish.iyer256@protonmail.com,+91-98990 58402,Ahmedabad,GJ,380001,2021-11-14,Business,0,146.0,2.5
CUST-02702,Anitha Menon,anitha.menon594@protonmail.com,09629443862,Bhubaneswar,OD,751001,2022-07-16,Business,1,42.0,4.5
CUST-03372,Nithin Kumar,nithin.kumar564@yahoo.in,09801760655,Coimbatore,TN,641001,2023-07-01,Retail,1,174.0,3.7
CUST-00079,Fatima Sharma,fatima.sharma308@yahoo.in,91 99759-27351,Ahmedabad,GJ,380001,2023-12-05,Enterprise,0,95.0,4.9
CUST-02908,  Kavya Pillai  ,kavya.pillai133@protonmail.com,+91-96215 70622,LUCKNOW,UP,226001,2022-09-08,Retail,0,117.0,2.7
CUST-04189,Ananya Patel,ananya.patel231@yahoo.in,+91-97535 74438,Hyderabad,TS,500001,2023-09-15,Business,1,93.0,2.8
CUST-04445,Divya Mehta,divya.mehta419@yahoo.in,+91-99722 36358,Kochi,KL,682001,2022-11-15,Business,0,96.0,4.8
CUST-03825,Deepa Kumar,deepa.kumar857@outlook.com,9810647901,Nagpur,MH,440001,2021-11-09,Retail,0,121.0,4.9
CUST-00265,Pradeep Krishnan,pradeep.krishnan456@yahoo.in,9817858835,Bengaluru,KA,560001,2023-10-30,Retail,1,228.0,4.3
CUST-04395,Rahul Chowdhury,rahul.chowdhury370@outlook.com,9767612874,Visakhapatnam,AP,530001,2022-08-01,Enterprise,0,67.0,3.8
CUST-01599,Revathi Kumar,revathi.kumar284@protonmail.com,91 99458-36259,Kolkata,WB,700001,2022-03-06,Business,1,53.0,2.4
CUST-02323,GOPAL CHOWDHURY,gopal.chowdhury586@gmail.com,+91-96482 18911,Gurugram,HR,122001,2022-04-19,Retail,0,109.0,3.7
CUST-04361,  Rahul Menon  ,rahul.menon148@gmail.com,+91-97464 50830,Mysuru,KA,570001,2021-06-09,Retail,1,95.0,3.3
CUST-04948,Joseph Joshi,joseph.joshi920@gmail.com,9891461620,Chennai,TN,600001,2021-09-17,Enterprise,0,23.0,3.3
CUST-04611,Lakshmi Kumar,lakshmi.kumar174@protonmail.com,9615736311,Jaipur,RJ,302001,2021-10-08,Retail,1,151.0,3.5
CUST-04770,Fatima Menon,fatima.menon958@gmail.com,9770958984,Delhi,DL,110001,2023-03-04,Retail,1,165.0,4.0
CUST-01179,Sathish Raman,sathish.raman975@gmail.com,9942554444,Gurugram,HR,122001,2023-10-15,Retail,0,49.0,4.0
CUST-02071,Ravi Joshi,ravi.joshi456@yahoo.in,+91-98892 00380,Pune,MH,411001,2021-10-10,Business,0,232.0,2.6
CUST-03787,Fatima Sharma,fatima.sharma44@protonmail.com,+91-99043 88906,Mysuru,KA,570001,2022-01-20,Business,1,228.0,
CUST-03742,Meera Nair,meera.nair543@outlook.com,772493737,Bengaluru,KA,560001,2022-11-21,Retail,1,50.0,3.0
CUST-02387,priya verma,priya.verma660@yahoo.in,91 98258-60971,Bhubaneswar,OD,751001,2023-05-18,Smb,0,203.0,4.1
CUST-02276,Karthik Nair,karthik.nair947@outlook.com,9738108491,Lucknow,UP,226001,2022-12-13,Business,1,41.0,4.6
CUST-01341,Aravind Chowdhury,,9644248884,Pune,MH,411001,2023-02-26,Smb,0,104.0,2.1
CUST-04976,Fatima Iyer,fatima.iyer419@yahoo.in,+91-99078 33879,Pune,MH,411001,2022-12-15,Smb,0,,2.9
CUST-03238,Pradeep Singh,pradeep.singh846@gmail.com,9703705017,Bhubaneswar,OD,751001,2022-04-14,Business,1,237.0,2.9
CUST-02641,Joseph Das,joseph.das723@gmail.com,817337259,Ahmedabad,GJ,380001,2023-09-02,Enterprise,0,78.0,2.5
CUST-04221,Ananya Bose,ananya.bose320@yahoo.in,9922473598,Chennai,TN,600001,2021-11-21,Retail,0,36.0,2.8
CUST-00011,  Rahul Menon  ,rahul.menon219@protonmail.com,+91-96883 88881,Jaipur,RJ,302001,2021-10-20,Smb,0,40.0,
CUST-00439,Lakshmi Bose,priya.raman785@gmail.com,91 98245-26159,Delhi,DL,110001,2022-12-22,Smb,0,234.0,3.4
CUST-01367,Aravind Joshi,aravind.joshi970@yahoo.in,9955082319,CHANDIGARH,CH,160017,2022-09-27,Business,0,161.0,4.8
CUST-00972,Revathi Singh,revathi.singh751@gmail.com,09763794435,Lucknow,UP,226001,2023-06-27,Smb,0,81.0,4.8
CUST-02461,Imran Reddy,imran.reddy470@outlook.com,9768945016,Guwahati,AS,781001,2022-11-10,Enterprise,0,110.0,3.3
CUST-01483,meera mehta,meera.mehta278@protonmail.com,9787918229,Coimbatore,TN,641001,2023-07-01,Enterprise,0,15.0,4.5
CUST-00670,Priya Menon,priya.menon855@yahoo.in,09870857324,Bhubaneswar,OD,751001,2021-07-09,Enterprise,0,209.0,2.0
CUST-02915,Nithin Bose,nithin.bose835@outlook.com,,Madurai,TN,625001,2023-09-20,Smb,1,181.0,2.3
CUST-02894,Anitha Mehta,anitha.mehta944@yahoo.in,9691234294,Nagpur,MH,440001,2023-05-09,Business,1,212.0,2.6
CUST-04222,Joseph Bose,joseph.bose644@outlook.com,+91-98134 49474,Visakhapatnam,AP,530001,2022-11-13,Retail,0,68.0,3.6
CUST-02306,RAHUL PATEL,rahul.patel51@protonmail.com,91 97367-29109,Delhi,DL,110001,2023-09-03,Business,0,190.0,4.9
CUST-04920,ANITHA DAS,anitha.das244@yahoo.in,9689734649,Hyderabad,TS,500001,2021-09-26,Enterprise,0,162.0,2.9
CUST-01927,Sneha Nair,sneha.nair849@outlook.com,9971929473,Gurugram,HR,122001,2023-06-02,Business,0,214.0,
CUST-01338,PRADEEP DAS,pradeep.das716@outlook.com,+91-98565 61082,Gurugram,HR,122001,2023-08-25,Business,0,40.0,2.7
CUST-03588,Revathi Joshi,revathi.joshi352@protonmail.com,9690658598,Coimbatore,TN,641001,2022-02-03,Business,1,177.0,2.2
CUST-03077,Priya Reddy,priya.reddy606@outlook.com,91 97557-48239,Pune,MH,411001,2023-08-06,Smb,1,96.0,2.9
CUST-04295,Vasanth Kumar,VASANTH.KUMAR179@GMAIL.COM,-,Nagpur,MH,440001,2022-12-23,Retail,0,80.0,3.0
CUST-00629,Rahul Reddy,rahul.reddy758@outlook.com,9983875250,Jaipur,RJ,302001,2022-11-22,Retail,1,217.0,2.4
CUST-00410,Ravi Menon,ravi.menon628@gmail.com,9855616005,Bengaluru,KA,560001,2022-05-25,Enterprise,1,33.0,2.3
CUST-04908,Aravind Das,aravind.das106@outlook.com,9792134311,Mysuru,KA,570001,2022-12-25,Business,0,178.0,2.6
CUST-01199,Priya Mehta,priya.mehta920@yahoo.in,891355985,Mumbai,MH,400001,2023-06-12,Smb,1,226.0,3.9
CUST-02637,Vasanth Krishnan,vasanth.krishnan617@protonmail.com,+91-99011 56708,Madurai,TN,625001,2022-04-29,Smb,0,222.0,4.6
CUST-03668,Rahul Raman,rahul.raman477@gmail.com,9847818037,Bengaluru,KA,560001,2022-01-21,Retail,1,16.0,4.5
CUST-02680,Pradeep Reddy,pradeep.reddy858@outlook.com,09618224379,Mysuru,KA,570001,2021-10-31,Enterprise,1,49.0,2.7
CUST-01202,Deepa Kumar,deepa.kumar941@outlook.com,9836661690,Jaipur,RJ,302001,2022-05-06,Business,0,206.0,3.6
CUST-04110,Vikram Patel,vikram.patel383@gmail.com,+91-99268 97380,Nagpur,MH,440001,2022-05-28,Business,0,238.0,
CUST-00761,Joseph Pillai,joseph.pillai850yahoo.in,858733700,Bengaluru,KA,560001,2022-05-25,Retail,1,216.0,2.8
CUST-03107,Sneha Reddy,sneha.reddy273@gmail.com,9705882400,Delhi,DL,110001,2021-08-12,Enterprise,0,22.0,3.4
CUST-03611,Imran Sharma,imran.sharma131@outlook.com,91 96755-95891,Chennai,TN,600001,2021-10-10,Business,0,177.0,3.1
CUST-04079,Neha Krishnan,neha.krishnan824@outlook.com,683482969,MUMBAI,MH,400001,2023-10-16,Business,0,69.0,2.9
CUST-04772,Anitha Joshi,anitha.joshi260@outlook.com,9992334442,Bhubaneswar,OD,751001,2022-08-28,Business,0,130.0,3.2
CUST-01601,  Fatima Verma  ,fatima.verma202@yahoo.in,+91-98184 72449,Lucknow,UP,226001,2021-11-14,Retail,0,165.0,2.8
CUST-02212,Arjun Mehta,arjun.mehta260@protonmail.com,91 98094-08036,Chennai,TN,600001,2023-08-13,Smb,1,204.0,2.7
CUST-03417,Lakshmi Patel,lakshmi.patel55@gmail.com,9657783291,Chandigarh,CH,160017,2023-04-14,Smb,1,132.0,3.4
CUST-01594,Revathi Krishnan,revathi.krishnan802@yahoo.in,+91-96261 49851,Bengaluru,KA,560001,2022-03-09,Business,1,31.0,4.2
CUST-01459,Anitha Bose,anitha.bose158@outlook.com,+91-99505 86794,Pune,MH,411001,2023-06-14,Business,1,187.0,4.0
CUST-01095,Manish Verma,manish.verma299@gmail.com,+91-98226 52812,Delhi,DL,110001,2021-11-03,Enterprise,0,121.0,2.0
CUST-02179,GOPAL PILLAI,gopal.pillai161@yahoo.in,9846467054,Ahmedabad,GJ,380001,2021-07-30,Retail,1,115.0,4.8
CUST-03112,GOPAL DAS,gopal.das849@yahoo.in,9733163099,Madurai,TN,625001,2023-04-28,Smb,1,44.0,3.5
CUST-02282,Ravi Nair,ravi.nair338@yahoo.in,91 97929-47605,Mysuru,KA,570001,2023-01-07,Retail,0,205.0,3.0
CUST-00694,Ravi Menon,ravi.menon731@yahoo.in,09925349545,Madurai,TN,625001,2021-11-19,Enterprise,1,186.0,3.6
CUST-01579,Vikram Reddy,vikram.reddy98@gmail.com,9715732612,GUWAHATI,AS,781001,2021-12-12,Smb,0,32.0,
CUST-02061,Ravi Raman,ravi.raman568@yahoo.in,9839235772,Mumbai,MH,400001,2023-12-05,Retail,0,109.0,4.9
CUST-04894,Ishita Menon,ishita.menon263@yahoo.in,9753250400,Guwahati,AS,781001,2023-12-28,Business,1,210.0,4.2
CUST-02985,Swetha Mehta,swetha.mehta255@outlook.com,9901215611,Nagpur,MH,440001,2022-06-08,Business,1,143.0,2.2
CUST-02352,Bhavana Nair,bhavana.nair870@protonmail.com,91 99778-84574,Bhubaneswar,OD,751001,2022-01-05,Retail,1,87.0,5.0
CUST-02614,Fatima Mehta,fatima.mehta394@yahoo.in,09712334429,Mumbai,MH,400001,2022-07-24,Business,1,25.0,4.6
CUST-03931,  Neha Bose  ,neha.bose813@yahoo.in,+91-98641 95123,Mysuru,KA,570001,2022-12-20,Smb,0,,4.7
CUST-03717,Ishita Patel,ishita.patel612@protonmail.com,9986307854,Nagpur,MH,440001,2023-06-23,Retail,1,133.0,4.4
CUST-03064,Nithin Reddy,nithin.reddy826yahoo.in,9768110632,Guwahati,AS,781001,2022-10-21,Retail,0,161.0,2.4
CUST-01371,Aravind Sharma,aravind.sharma784@yahoo.in,91 97681-47234,Gurugram,HR,122001,2023-09-17,Retail,0,28.0,4.3
CUST-04250,Anitha Singh,anitha.singh359@protonmail.com,9889005613,Kolkata,WB,700001,2023-10-18,Smb,1,10.0,3.4
CUST-04979,vasanth sharma,vasanth.sharma828@outlook.com,9712219129,Hyderabad,TS,500001,2021-12-09,Business,0,66.0,3.5
CUST-00043,Suresh Chowdhury,suresh.chowdhury83@outlook.com,+91-98864 86298,Kolkata,WB,700001,2023-05-05,Smb,1,59.0,3.3
CUST-01241,Gopal Singh,gopal.singh768@yahoo.in,+91-98474 45012,Mumbai,MH,400001,2023-10-24,Retail,0,121.0,
CUST-01419,Ravi Nair,ravi.nair535@gmail.com,+91-96731 92069,Mysuru,KA,570001,2023-08-31,Retail,1,88.0,3.5
CUST-00879,Fatima Krishnan,fatima.krishnan707@outlook.com,+91-98434 87821,Delhi,DL,110001,2023-04-30,Business,0,121.0,2.8
CUST-01484,Sathish Singh,sathish.singh381@protonmail.com,91 96054-27280,Coimbatore,TN,641001,2021-12-11,Retail,0,23.0,3.0
CUST-03780,fatima kumar,fatima.kumar600@outlook.com,91 96303-11948,Chennai,TN,600001,2023-04-26,Retail,0,200.0,4.9
CUST-02472,Rahul Sharma,rahul.sharma61@protonmail.com,9645220394,Chandigarh,CH,160017,2022-01-30,Smb,0,,3.3
CUST-04456,Rahul Mehta,RAHUL.MEHTA498@YAHOO.IN,9800404846,Chandigarh,CH,160017,2021-10-05,Smb,1,145.0,4.8
CUST-00056,Karthik Raman,karthik.raman338@gmail.com,9957201971,Kochi,KL,682001,2022-05-19,Retail,1,169.0,4.5
CUST-00880,Deepa Mehta,unknown,9667899761,Kolkata,WB,700001,2022-04-07,Enterprise,0,209.0,4.3
CUST-01319,suresh chowdhury,suresh.chowdhury556@outlook.com,91 96231-87019,Lucknow,UP,226001,2023-12-11,Business,1,124.0,3.8
CUST-02634,divya reddy,divya.reddy960@outlook.com,9788866838,Mysuru,KA,570001,2022-07-14,Smb,1,14.0,2.4
CUST-04123,Neha Nair,neha.nair687@protonmail.com,737689052,Chennai,TN,600001,2021-08-20,Business,0,226.0,3.3
CUST-01239,Sathish Sharma,sathish.sharma925@outlook.com,9826007535,Bengaluru,KA,560001,2022-01-18,Business,0,147.0,3.1
CUST-01514,Bhavana Das,bhavana.das646@protonmail.com,91 97575-67916,Jaipur,RJ,302001,2022-01-28,Retail,0,207.0,3.2
CUST-00136,Kavya Chowdhury,kavya.chowdhury855@gmail.com,09834873529,Pune,MH,411001,2023-02-18,Smb,1,,4.1
CUST-02259,Deepa Das,deepa.das739@outlook.com,91 99976-96516,Mumbai,MH,400001,2023-12-05,Smb,1,92.0,3.4
CUST-02829,Karthik Iyer,karthik.iyer669@protonmail.com,9912473798,Nagpur,MH,440001,2021-08-21,Smb,1,6.0,4.6
CUST-01863,Pradeep Bose,pradeep.bose833@yahoo.in,+91-98065 99026,Visakhapatnam,AP,530001,2023-12-20,Smb,1,72.0,4.0
CUST-03929,Swetha Mehta,swetha.mehta665@gmail.com,+91-99758 44884,Lucknow,UP,226001,2021-08-27,Business,1,117.0,3.5
CUST-03232,,nithin.menon448@outlook.com,91 96758-53042,Bengaluru,KA,560001,2022-06-20,Smb,1,123.0,2.0
CUST-03957,Vikram Kumar,vikram.kumar805@outlook.com,+91-97270 84357,Kolkata,WB,700001,2023-12-29,Smb,0,43.0,4.5
CUST-04493,Swetha Sharma,-,9627346768,Gurugram,HR,122001,2021-06-12,Retail,1,45.0,2.3
CUST-01499,SURESH PILLAI,suresh.pillai521@outlook.com,9870241447,Hyderabad,TS,500001,2022-05-05,Business,1,101.0,4.9
CUST-04150,Fatima Joshi,fatima.joshi915@yahoo.in,+91-99306 15404,Hyderabad,TS,500001,2023-10-05,Retail,0,197.0,4.2
CUST-04973,divya sharma,divya.sharma783@protonmail.com,9853199067,Pune,MH,411001,2023-12-22,Enterprise,1,227.0,3.1
CUST-02942,kavya pillai,kavya.pillai847@protonmail.com,9942746861,Lucknow,UP,226001,2023-08-26,Retail,0,7.0,2.1
CUST-00179,,sneha.krishnan764@gmail.com,9821372575,Nagpur,MH,440001,2022-04-06,Smb,0,88.0,2.2
CUST-02789,  Gopal Iyer  ,gopal.iyer24@yahoo.in,947198566,Visakhapatnam,AP,530001,2023-09-01,Business,0,25.0,3.2
CUST-04604,Pradeep Krishnan,pradeep.krishnan647@gmail.com,91 97544-49340,Ahmedabad,GJ,380001,2022-10-13,Smb,0,2.0,2.1
CUST-01643,SNEHA CHOWDHURY,sneha.chowdhury682@gmail.com,938471402,Mumbai,MH,400001,2023-03-19,Smb,0,127.0,2.8
CUST-03213,JOSEPH RAMAN,joseph.raman478@outlook.com,+91-96500 58129,Kolkata,WB,700001,2023-02-18,Smb,0,17.0,4.5
CUST-00301,Manish Raman,manish.raman152@protonmail.com,9800162200,Ahmedabad,GJ,380001,2022-10-03,Business,0,74.0,4.2
CUST-03276,KARTHIK NAIR,karthik.nair715@protonmail.com,  ,Kochi,KL,682001,2022-05-15,Business,1,197.0,4.8
CUST-01664,Vasanth Kumar,vasanth.kumar875@gmail.com,9779123973,Nagpur,MH,440001,2023-03-31,Retail,1,87.0,2.4
CUST-04816,  Swetha Joshi  ,swetha.joshi785protonmail.com,9869507774,Chennai,TN,600001,2023-05-30,Retail,0,234.0,3.8
CUST-01002,Divya Das,divya.das334@gmail.com,9748250074,Kochi,KL,682001,2022-10-23,Business,0,64.0,3.0
CUST-03262,Pradeep Kumar,pradeep.kumar563@outlook.com,9976034893,Jaipur,RJ,302001,2022-01-06,Business,1,209.0,2.2
CUST-04175,Kavya Bose,kavya.bose134@protonmail.com,9913410649,Mumbai,MH,400001,2023-03-29,Retail,1,79.0,
CUST-03591,Fatima Verma,fatima.verma522@yahoo.in,9852194960,Kolkata,WB,700001,2022-10-24,Retail,1,180.0,3.7
CUST-00229,Sathish Kumar,sathish.kumar636@yahoo.in,91 96340-06347,Nagpur,MH,440001,2023-03-17,Business,0,29.0,
CUST-00819,sathish verma,  ,+91-98830 43336,Visakhapatnam,AP,530001,2021-03-09,Enterprise,0,92.0,5.0
CUST-00989,Sneha Das,sneha.das321@outlook.com,9765141240,Kochi,KL,682001,2023-01-21,Business,1,155.0,3.1
CUST-00030,Sathish Krishnan,sathish.krishnan625@protonmail.com,9865378780,Hyderabad,TS,500001,2023-03-24,Retail,1,49.0,4.2
CUST-01658,Anitha Das,anitha.das181@yahoo.in,9933946895,Jaipur,RJ,302001,2023-08-26,Smb,1,11.0,4.9
CUST-00562,Fatima Raman,fatima.raman259@protonmail.com,09758991343,CHENNAI,TN,600001,2022-03-20,Enterprise,0,92.0,3.6
CUST-03465,Neha Bose,neha.bose296@outlook.com,+91-98021 66386,Nagpur,MH,440001,2023-06-04,Enterprise,1,136.0,
CUST-04986,  Divya Bose  ,  ,+91-99736 42404,Mysuru,KA,570001,2022-01-25,Enterprise,1,94.0,4.8
CUST-00226,Priya Menon,priya.menon172@outlook.com,09812497963,Chennai,TN,600001,2021-02-11,Retail,1,128.0,3.9
CUST-04102,Priya Patel,priya.patel80@yahoo.in,9998430391,Delhi,DL,110001,2021-12-30,Business,1,123.0,3.4
CUST-04090,JOSEPH NAIR,joseph.nair744@yahoo.in,+91-97056 58387,Bengaluru,KA,560001,2022-04-21,Retail,0,40.0,4.3
CUST-04541,Deepa Pillai,deepa.pillai807@outlook.com,09814449860,Delhi,DL,110001,2023-11-01,Retail,1,3.0,3.6
CUST-03444,Manish Nair,manish.nair672@protonmail.com,9816454072,Bengaluru,KA,560001,2023-03-31,Enterprise,0,,
CUST-04129,Bhavana Joshi,bhavana.joshi302@outlook.com,+91-96327 12512,Chandigarh,CH,160017,2022-05-26,Retail,1,187.0,4.1
CUST-03011,Imran Mehta,imran.mehta192@protonmail.com,9619446876,Bengaluru,KA,560001,2023-11-08,Retail,0,211.0,3.0
CUST-00669,Kavya Raman,kavya.raman261@yahoo.in,09967225442,Kolkata,WB,700001,2022-07-14,Business,0,148.0,3.2
CUST-02944,Sathish Verma,sathish.verma384@yahoo.in,+91-97965 08615,Visakhapatnam,AP,530001,2022-05-29,Enterprise,1,206.0,2.9
CUST-03007,Prādeep Rāmān,pradeep.raman937@yahoo.in,91 98662-94642,Pune,MH,411001,2021-06-08,Business,1,225.0,2.2
CUST-04735,SATHISH KRISHNAN,sathish.krishnan766@protonmail.com,9952922196,Bhubaneswar,OD,751001,2023-12-08,Smb,0,136.0,3.5
CUST-03540,Vasanth Menon,vasanth.menon777@outlook.com,91 96169-19193,Lucknow,UP,226001,2023-07-27,Retail,1,138.0,
CUST-00152,Divya Pillai,divya.pillai907@gmail.com,91 99597-16703,Kolkata,WB,700001,2023-09-12,Retail,1,99.0,3.3
CUST-01803,Revathi Verma,revathi.verma964@yahoo.in,91 98561-20179,Nagpur,MH,440001,2023-07-14,Enterprise,0,165.0,3.5
CUST-04319,Swetha Singh,swetha.singh70@outlook.com,660463310,Mysuru,KA,570001,2023-05-21,Business,0,99.0,3.6
CUST-00703,Ishita Bose,ishita.bose794@outlook.com,,Kochi,KL,682001,2022-08-15,Enterprise,0,104.0,2.7
CUST-04888,Rahul Verma,rahul.verma433@yahoo.in,9975694858,Bhubaneswar,OD,751001,2022-02-24,Business,0,106.0,3.5
CUST-01445,Imran Joshi,imran.joshi989@outlook.com,09742032798,Kochi,KL,682001,2022-01-24,Business,1,155.0,3.6
CUST-02951,Priya Iyer,priya.iyer641@outlook.com,91 97397-05065,Mysuru,KA,570001,2022-06-14,Retail,0,237.0,3.5
CUST-03518,Fatima Sharma,fatima.sharma810@gmail.com,9888145071,Lucknow,UP,226001,2023-12-09,Business,1,5.0,2.4
CUST-00855,Joseph Das,joseph.das49@outlook.com,839184621,Delhi,DL,110001,2022-11-20,Retail,0,47.0,
CUST-01833,Neha Raman,neha.raman544@yahoo.in,09812727617,Nagpur,MH,440001,2021-11-15,Smb,1,119.0,4.1
CUST-02882,ARAVIND MEHTA,aravind.mehta966@outlook.com,+91-98118 59364,Gurugram,HR,122001,2023-06-12,Enterprise,0,107.0,2.2
CUST-03295,Neha Sharma,neha.sharma55@gmail.com,9760744321,Mysuru,KA,570001,2023-12-07,Retail,1,45.0,2.7
CUST-04715,Sneha Menon,sneha.menon742gmail.com,09704510310,Coimbatore,TN,641001,2022-01-11,Smb,0,235.0,2.4
CUST-04210,Sneha Bose,sneha.bose637@protonmail.com,9717741225,Kolkata,WB,700001,2023-08-29,Smb,1,213.0,4.1
CUST-02338,Ravi Nair,ravi.nair296@protonmail.com,9764623294,Bengaluru,KA,560001,2023-04-06,Business,0,224.0,2.8
CUST-00207,Karthik Bose,karthik.bose66@outlook.com,91 96429-71007,Jaipur,RJ,302001,2023-03-11,Smb,0,,4.0
CUST-01148,Pradeep Chowdhury,pradeep.chowdhury680@protonmail.com,09795454118,Gurugram,HR,122001,2023-07-25,Business,1,195.0,
CUST-03137,  Ishita Bose  ,ishita.bose573@yahoo.in,9692029377,BENGALURU,KA,560001,2023-11-13,Enterprise,0,207.0,3.7
CUST-03298,vikram bose,vikram.bose496@outlook.com,09611963139,Bhubaneswar,OD,751001,2023-04-21,Retail,0,7.0,4.3
CUST-03239,Joseph Nair,joseph.nair406@outlook.com,+91-97455 89503,Bhubaneswar,OD,751001,2023-03-24,Enterprise,1,59.0,
CUST-00695,Manish Pillai,manish.pillai858@protonmail.com,9881036038,Hyderabad,TS,500001,2022-12-20,Retail,0,232.0,3.1
CUST-01246,PRADEEP REDDY,pradeep.reddy248@protonmail.com,+91-98048 72451,Kochi,KL,682001,2023-09-27,Business,0,214.0,4.5
CUST-04085,Kavya Sharma,kavya.sharma949@protonmail.com,9602873261,Kochi,KL,682001,2023-11-13,Smb,1,13.0,2.6
CUST-03853,Divya Iyer,divya.iyer793@protonmail.com,+91-99361 35867,Jaipur,RJ,302001,2021-01-10,Retail,1,171.0,4.5
CUST-02732,,deepa.krishnan893@yahoo.in,9779823111,Madurai,TN,625001,2023-08-21,Enterprise,0,212.0,3.8
CUST-03334,Manish Singh,manish.singh496@outlook.com,9865130241,Pune,MH,411001,2023-12-21,Smb,1,42.0,2.3
CUST-02666,Joseph Chowdhury,joseph.chowdhury919@gmail.com,9888964198,Nagpur,MH,440001,2023-03-09,Retail,0,33.0,4.3
CUST-01983,Neha Mehta,neha.mehta512@yahoo.in,9996329971,Kolkata,WB,700001,2023-12-02,Retail,0,50.0,4.5
CUST-00870,  Vasanth Raman  ,vasanth.raman302@yahoo.in,9722749341,Mysuru,KA,570001,2021-12-13,Smb,1,192.0,3.3
CUST-01660,Ananya Verma,ananya.verma886@outlook.com,9839722869,Madurai,TN,625001,2022-03-15,Business,1,24.0,3.9
CUST-03234,Suresh Verma,suresh.verma697@outlook.com,91 97931-09966,Visakhapatnam,AP,530001,2023-11-09,Retail,1,95.0,2.3
CUST-03051,Ananya Pillai,ananya.pillai781@protonmail.com,9615481671,Delhi,DL,110001,2023-01-22,Smb,1,225.0,4.7
CUST-04723,vasanth raman,vasanth.raman437@yahoo.in,9973078024,Chandigarh,CH,160017,2022-06-21,Enterprise,1,210.0,4.4
CUST-02678,unknown,rahul.verma437@yahoo.in,91 98592-18282,GURUGRAM,HR,122001,2021-12-24,Retail,0,186.0,3.2
CUST-03398,Imran Pillai,imran.pillai503@protonmail.com,9722949540,Ahmedabad,GJ,380001,2023-03-03,Enterprise,1,120.0,3.1
CUST-03079,Sneha Joshi,sneha.joshi71@gmail.com,91 99068-04559,Pune,MH,411001,2023-03-15,Business,1,205.0,4.1
CUST-03986,Arjun Joshi,arjun.joshi176@protonmail.com,+91-99281 44001,Bhubaneswar,OD,751001,2022-04-15,Smb,0,155.0,2.8
CUST-01139,Ananya Kumar,ananya.kumar230@yahoo.in,9922166758,Bengaluru,KA,560001,2022-11-16,Retail,0,155.0,3.8
CUST-02695,Joseph Pillai,joseph.pillai60@outlook.com,9934767159,Delhi,DL,110001,2023-10-20,Retail,1,164.0,3.5
CUST-04236,Anitha Das,anitha.das9@gmail.com,9693271417,Kolkata,WB,700001,2023-06-14,Smb,0,119.0,4.6
CUST-04586,Imran Singh,imran.singh502@yahoo.in,+91-98939 70693,PUNE,MH,411001,2022-04-09,Retail,1,147.0,3.2
CUST-04743,Lakshmi Nair,bhavana.raman287@gmail.com,9664440903,Chandigarh,CH,160017,2022-01-05,Retail,1,146.0,2.7
CUST-04311,Fatima Chowdhury,fatima.chowdhury457@yahoo.in,9725145679,Nagpur,MH,440001,2022-05-27,Enterprise,1,31.0,3.7
CUST-04815,Swetha Mehta,swetha.mehta210@protonmail.com,9601237555,Bhubaneswar,OD,751001,2023-03-01,Retail,0,85.0,2.8
CUST-03370,  Arjun Nair  ,arjun.nair755@yahoo.in,922623977,Chennai,TN,600001,2021-06-09,Enterprise,1,126.0,3.6
CUST-02180,Ishita Sharma,ishita.sharma625@gmail.com,91 96173-24470,Delhi,DL,110001,2023-06-25,Business,1,58.0,4.1
CUST-04411,Manish Raman,manish.raman693@protonmail.com,9763081299,Madurai,TN,625001,2021-08-30,Business,0,146.0,3.6
CUST-02187,Rahul Raman,rahul.raman112@yahoo.in,+91-97556 89104,Chennai,TN,600001,2022-07-28,Business,0,,2.8
CUST-02640,Priya Chowdhury,priya.chowdhury191@outlook.com,+91-98040 39037,Lucknow,UP,226001,2021-12-09,Business,1,88.0,2.6
CUST-04945,Deepa Bose,deepa.bose990@protonmail.com,09626573892,Kochi,KL,682001,2023-08-20,Business,0,1.0,2.6
CUST-00417,Aravind Raman,aravind.raman469@yahoo.in,91 98372-34524,Gurugram,HR,122001,2022-12-26,Enterprise,0,174.0,4.6
CUST-02087,Deepa Mehta,deepa.mehta695@gmail.com,9934192407,Hyderabad,TS,500001,2023-10-25,Business,0,94.0,3.4
CUST-04055,Vikram Singh,vikram.singh142@yahoo.in,09739659765,Lucknow,UP,226001,2022-11-20,Retail,0,7.0,3.3
CUST-03987,Meera Reddy,meera.reddy465@gmail.com,91 99377-69888,Chandigarh,CH,160017,2022-11-17,Business,0,214.0,4.2
CUST-02755,Divya Patel,divya.patel837@gmail.com,91 96236-73966,Kolkata,WB,700001,2023-05-04,Retail,1,33.0,3.1
CUST-00137,Fatima Mehta,  ,09744291835,Bengaluru,KA,560001,2022-05-20,Retail,0,117.0,2.2
CUST-01475,Swetha Menon,swetha.menon154@yahoo.in,9859519773,Nagpur,MH,440001,2022-11-06,Smb,0,13.0,3.2
CUST-01123,Karthik Reddy,karthik.reddy587@gmail.com,9729493443,Madurai,TN,625001,2022-01-27,Business,0,213.0,3.1
CUST-04132,  Manish Bose  ,manish.bose763@gmail.com,9879324133,Chandigarh,CH,160017,2022-06-07,Smb,0,80.0,3.2
CUST-00026,Neha Nair,neha.nair267@protonmail.com,9844114843,Jaipur,RJ,302001,2021-11-24,Retail,0,58.0,4.3
CUST-00658,Sneha Joshi,sneha.joshi658@protonmail.com,894257613,Mumbai,MH,400001,2022-03-11,Enterprise,1,14.0,4.1
CUST-03943,Revathi Iyer,revathi.iyer464@outlook.com,91 98457-37898,Mumbai,MH,400001,2021-11-19,Enterprise,1,70.0,3.6
CUST-00450,Meera Joshi,meera.joshi493@protonmail.com,9941774269,Pune,MH,411001,2023-05-10,Retail,0,184.0,3.7
CUST-03433,Anānyā Singh,ananya.singh996@gmail.com,+91-99677 30065,AHMEDABAD,GJ,380001,2023-11-05,Business,0,159.0,3.1
CUST-03297,Rahul Verma,rahul.verma152@yahoo.in,9616128042,Madurai,TN,625001,2023-04-10,Enterprise,0,223.0,2.7
CUST-03125,Revathi Nair,revathi.nair676@yahoo.in,91 96915-69628,Pune,MH,411001,2023-12-05,Retail,0,57.0,4.3
CUST-01402,Joseph Raman,joseph.raman226@yahoo.in,09860785045,Guwahati,AS,781001,2022-06-05,Enterprise,1,132.0,3.6
CUST-03283,Deepa Joshi,deepa.joshi194@yahoo.in,672980457,Gurugram,HR,122001,2022-07-15,Enterprise,0,13.0,2.6
CUST-01259,Sathish Bose,sathish.bose508@outlook.com,9967293973,Pune,MH,411001,2023-06-20,Smb,0,202.0,
CUST-01271,Joseph Patel,joseph.patel837@yahoo.in,9684281321,Chandigarh,CH,160017,2023-11-08,Smb,0,45.0,2.9
CUST-04103,Sneha Joshi,sneha.joshi214@outlook.com,9974274698,Ahmedabad,GJ,380001,2023-03-19,Business,0,24.0,2.7
CUST-01450,Nithin Das,nithin.das640@outlook.com,9970268488,Ahmedabad,GJ,380001,2022-03-11,Retail,0,101.0,2.3
CUST-01053,KARTHIK DAS,karthik.das716@protonmail.com,91 96424-98265,LUCKNOW,UP,226001,2022-11-17,Business,1,140.0,3.1
CUST-02826,Arjun Das,arjun.das54@yahoo.in,+91-96760 77866,Lucknow,UP,226001,2021-07-27,Retail,0,239.0,3.7
CUST-02438,,vasanth.raman7@outlook.com,9810097500,Ahmedabad,GJ,380001,2023-05-19,Retail,1,102.0,4.6
CUST-03991,Priya Iyer,priya.iyer941@protonmail.com,9934388115,Chennai,TN,600001,2023-06-14,Smb,0,219.0,4.2
CUST-04341,Priya Bose,priya.bose835@protonmail.com,09987634937,Kolkata,WB,700001,2022-11-20,Business,0,121.0,
CUST-00277,Joseph Reddy,joseph.reddy260@outlook.com,91 96406-48739,Delhi,DL,110001,2021-10-23,Business,1,98.0,5.0
CUST-02442,Aravind Kumar,aravind.kumar820@yahoo.in,+91-96969 97708,Delhi,DL,110001,2022-06-14,Business,1,9.0,4.9
CUST-02159,Vikram Krishnan,vikram.krishnan389@gmail.com,91 98928-65184,Chennai,TN,600001,2023-05-17,Business,0,198.0,2.8
CUST-00589,  Suresh Kumar  ,suresh.kumar438@protonmail.com,,Coimbatore,TN,641001,2021-07-20,Enterprise,0,73.0,3.9
CUST-02208,  Rahul Raman  ,rahul.raman570@protonmail.com,9943060055,Delhi,DL,110001,2023-05-08,Smb,1,159.0,2.2
CUST-00971,Kāvyā Shārmā,kavya.sharma263@outlook.com,9628880206,Mysuru,KA,570001,2023-06-26,Retail,0,166.0,2.4
CUST-03185,Rahul Patel,rahul.patel185@outlook.com,9852214024,Kochi,KL,682001,2022-06-30,Smb,0,239.0,2.6
CUST-02709,Rahul Mehta,rahul.mehta468@gmail.com,9991503467,Kochi,KL,682001,2023-08-04,Retail,1,13.0,4.6
CUST-04241,Revathi Bose,revathi.bose773@protonmail.com,+91-99583 67139,Nagpur,MH,440001,2023-06-06,Business,1,27.0,4.0
CUST-03335,Ananya Raman,ananya.raman153gmail.com,09668046340,Visakhapatnam,AP,530001,2022-05-23,Enterprise,1,139.0,2.5
CUST-01760,NEHA JOSHI,neha.joshi941@protonmail.com,9782501968,Coimbatore,TN,641001,2022-11-17,Business,1,49.0,2.6
CUST-02182,Gopal Joshi,gopal.joshi654@protonmail.com,956789272,Lucknow,UP,226001,2023-08-20,Smb,0,206.0,4.0
CUST-03758,Manish Reddy,manish.reddy874@outlook.com,91 98076-11245,Visakhapatnam,AP,530001,2023-01-24,Smb,1,3.0,2.1
CUST-04264,Deepa Iyer,deepa.iyer749@yahoo.in,9875696524,Kochi,KL,682001,2023-05-22,Business,0,210.0,4.2
CUST-02273,Lakshmi Bose,lakshmi.bose153@protonmail.com,91 99481-55918,Ahmedabad,GJ,380001,2022-08-17,Retail,1,159.0,3.4
CUST-03826,Arjun Sharma,arjun.sharma912@gmail.com,91 97681-55881,Coimbatore,TN,641001,2023-04-11,Smb,1,202.0,3.6
CUST-00928,Sāthish Menon,sathish.menon364@yahoo.in,9930682658,Visakhapatnam,AP,530001,2021-09-10,Business,0,220.0,4.5
CUST-03227,Sathish Krishnan,sathish.krishnan815@gmail.com,9770584661,Pune,MH,411001,2022-10-30,Enterprise,1,57.0,2.5
CUST-03069,Swetha Sharma,swetha.sharma46@protonmail.com,+91-98326 33899,Visakhapatnam,AP,530001,2022-10-31,Business,1,217.0,2.2
CUST-00025,Sathish Verma,sathish.verma820@yahoo.in,+91-97465 31030,Chennai,TN,600001,2023-08-23,Enterprise,1,233.0,
CUST-00764,Ravi Verma,ravi.verma378@yahoo.in,9745020381,Bhubaneswar,OD,751001,2023-08-10,Business,1,172.0,
CUST-00444,  Gopal Joshi  ,gopal.joshi744@protonmail.com,9857164865,Hyderabad,TS,500001,2023-06-30,Business,1,80.0,2.5
CUST-04247,Fatima Sharma,fatima.sharma760@yahoo.in,,Kolkata,WB,700001,2023-11-07,Smb,0,107.0,4.2
CUST-04951,Sathish Das,sathish.das23@protonmail.com,9686891181,Chennai,TN,600001,2023-07-21,Smb,1,98.0,2.8
CUST-02143,Ravi Verma,ravi.verma426@outlook.com,+91-96695 22373,Hyderabad,TS,500001,2023-12-18,Retail,0,149.0,4.0
CUST-00755,Priya Menon,priya.menon813@protonmail.com,9783936956,Bhubaneswar,OD,751001,2023-05-28,Smb,0,158.0,2.2
CUST-02266,Ravi Menon,ravi.menon57@yahoo.in,09662929424,Kolkata,WB,700001,2021-11-12,Business,0,11.0,3.7
CUST-01048,Arjun Krishnan,arjun.krishnan56@yahoo.in,9760172115,Coimbatore,TN,641001,2021-04-08,Business,1,103.0,2.5
CUST-00781,Deepa Reddy,deepa.reddy838@protonmail.com,-,Kochi,KL,682001,2022-01-17,Retail,1,198.0,2.1
CUST-00901,Meera Krishnan,meera.krishnan307@yahoo.in,91 97685-84751,Guwahati,AS,781001,2023-03-18,Smb,1,64.0,3.0
CUST-03036,Sneha Kumar,sneha.kumar663@gmail.com,9776195787,Nagpur,MH,440001,2023-02-20,Enterprise,0,94.0,3.7
CUST-01953,Suresh Sharma,suresh.sharma991@protonmail.com,+91-98718 85097,Delhi,DL,110001,2022-10-04,Smb,1,153.0,3.9
CUST-02761,  Gopal Raman  ,gopal.raman977outlook.com,+91-99602 27096,Bhubaneswar,OD,751001,2023-08-14,Business,0,161.0,4.0
CUST-01198,Ishita Krishnan,ishita.krishnan143@gmail.com,09666997185,Mysuru,KA,570001,2022-08-03,Smb,0,104.0,3.3
CUST-00101,Priya Raman,priya.raman785@gmail.com,9636126530,Coimbatore,TN,641001,2022-08-10,Enterprise,0,194.0,2.2
CUST-01050,Neha Iyer,neha.iyer395@gmail.com,+91-98535 36139,MYSURU,KA,570001,2022-09-20,Smb,1,237.0,4.0
CUST-01628,Sneha Verma,sneha.verma380@gmail.com,+91-98579 03649,Madurai,TN,625001,2022-04-11,Smb,1,11.0,
CUST-04980,unknown,ananya.krishnan502@gmail.com,9910663971,Chandigarh,CH,160017,2023-10-18,Business,1,115.0,4.1
CUST-02832,Revathi Verma,revathi.verma112@gmail.com,+91-98589 59800,Pune,MH,411001,2022-04-08,Smb,0,30.0,3.5
CUST-03801,Kavya Das,-,+91-97342 46914,Kolkata,WB,700001,2022-12-20,Retail,0,117.0,2.4
CUST-02444,Imran Krishnan,imran.krishnan51@protonmail.com,982479668,Chandigarh,CH,160017,2021-07-22,Business,0,76.0,3.2
CUST-01272,arjun das,arjun.das742@protonmail.com,9733927057,Ahmedabad,GJ,380001,2023-11-01,Business,1,116.0,2.3
CUST-04856,Suresh Kumar,suresh.kumar159@yahoo.in,+91-98278 01648,Mumbai,MH,400001,2021-11-04,Business,1,129.0,4.4
CUST-02749,pradeep verma,pradeep.verma309@yahoo.in,+91-98643 60020,Nagpur,MH,440001,2023-11-13,Retail,1,187.0,3.0
CUST-00767,Imran Nair,imran.nair354@protonmail.com,+91-97171 74075,Nagpur,MH,440001,2023-04-02,Retail,1,76.0,4.9
CUST-01890,Gopal Iyer,gopal.iyer346@gmail.com,9667308907,Guwahati,AS,781001,2022-08-10,Retail,1,35.0,4.7
CUST-03661,Divya Das,divya.das475@yahoo.in,9908137316,Pune,MH,411001,2023-01-22,Business,1,200.0,2.7
CUST-03061,Anitha Mehta,anitha.mehta562@outlook.com,9600764531,Ahmedabad,GJ,380001,2022-02-14,Business,0,81.0,3.6
CUST-00169,Karthik Verma,karthik.verma989@protonmail.com,+91-96202 53624,Ahmedabad,GJ,380001,2023-12-27,Smb,0,58.0,3.0
CUST-00074,VIKRAM KRISHNAN,vikram.krishnan811@yahoo.in,9769434213,GUWAHATI,AS,781001,2023-03-14,Retail,0,70.0,3.1
CUST-02654,Arāvind Rāmān,aravind.raman664yahoo.in,+91-98440 72972,Kochi,KL,682001,2022-07-18,Business,0,187.0,4.2
CUST-04641,  Lakshmi Mehta  ,lakshmi.mehta297@protonmail.com,09823202025,Gurugram,HR,122001,2022-02-21,Retail,1,48.0,4.1
CUST-02986,Neha Singh,neha.singh672@outlook.com,09884350851,Jaipur,RJ,302001,2022-01-28,Retail,1,148.0,3.5
CUST-01884,Meera Patel,meera.patel751@yahoo.in,9852255379,Pune,MH,411001,2022-10-08,Business,0,86.0,4.4
CUST-04045,REVATHI JOSHI,revathi.joshi762@yahoo.in,+91-96937 83656,Pune,MH,411001,2023-07-31,Business,1,99.0,4.6
CUST-02167,Fatima Reddy,fatima.reddy770@yahoo.in,,Bhubaneswar,OD,751001,2021-09-30,Retail,1,230.0,2.3
CUST-02569,Ravi Reddy,ravi.reddy909@gmail.com,09983461179,Hyderabad,TS,500001,2022-11-19,Retail,1,132.0,2.6
CUST-00993,  Anitha Patel  ,anitha.patel207@gmail.com,895686370,Chandigarh,CH,160017,2023-12-18,Business,0,209.0,2.3
CUST-03217,Arjun Singh,arjun.singh588@gmail.com,91 96411-81460,Coimbatore,TN,641001,2023-01-23,Retail,0,239.0,2.9
CUST-01906,KARTHIK DAS,karthik.das287@yahoo.in,9969635582,Madurai,TN,625001,2022-11-21,Retail,1,233.0,2.4
CUST-03087,ANITHA RAMAN,anitha.raman655@gmail.com,9731228446,Bhubaneswar,OD,751001,2021-08-09,Smb,1,43.0,2.8
CUST-01385,Vikram Raman,vikram.raman716@yahoo.in,+91-98848 88750,Chandigarh,CH,160017,2021-12-14,Business,0,120.0,3.2
CUST-03442,Divya Raman,divya.raman601@protonmail.com,9926933218,KOCHI,KL,682001,2023-03-08,Business,1,19.0,3.0
CUST-01739,Nithin Raman,nithin.raman139@yahoo.in,91 97012-49697,Madurai,TN,625001,2023-02-12,Smb,1,119.0,
CUST-04830,Sathish Menon,sathish.menon572@protonmail.com,9692234487,Hyderabad,TS,500001,2022-11-30,Business,1,73.0,3.7
CUST-01504,Kavya Sharma,kavya.sharma395@gmail.com,91 99261-94970,Visakhapatnam,AP,530001,2023-01-01,Retail,0,25.0,4.2
CUST-02565,Sathish Nair,sathish.nair433@gmail.com,91 98870-60503,Visakhapatnam,AP,530001,2022-05-16,Business,0,217.0,2.5
CUST-01632,Deepa Chowdhury,deepa.chowdhury274@outlook.com,+91-96193 33361,Guwahati,AS,781001,2022-07-11,Enterprise,1,165.0,4.2
CUST-03725,Arjun Kumar,arjun.kumar334@gmail.com,+91-99810 36703,Gurugram,HR,122001,2021-09-19,Enterprise,1,182.0,2.6
CUST-02103,Revathi Kumar,revathi.kumar843@gmail.com,9806867721,Gurugram,HR,122001,2023-10-11,Retail,0,49.0,4.7
CUST-00267,BHAVANA DAS,bhavana.das992gmail.com,,Ahmedabad,GJ,380001,2023-02-09,Business,1,98.0,2.6
CUST-01034,Rahul Bose,rahul.bose177@outlook.com,9622106395,Gurugram,HR,122001,2023-12-07,Business,0,110.0,4.4
CUST-02632,  Lakshmi Verma  ,lakshmi.verma613@outlook.com,9992303729,Madurai,TN,625001,2023-04-17,Retail,1,187.0,3.3
CUST-03587,Sneha Kumar,sneha.kumar841@gmail.com,9646938681,Bengaluru,KA,560001,2022-11-29,Retail,0,122.0,4.7
CUST-02586,Imran Reddy,imran.reddy593@yahoo.in,9743927033,Delhi,DL,110001,2022-05-09,Business,1,193.0,4.1
CUST-01845,Joseph Sharma,joseph.sharma808@yahoo.in,9959799804,Bengaluru,KA,560001,2022-01-16,Business,0,149.0,2.1
CUST-02001,Nithin Reddy,nithin.reddy883@gmail.com,09746984374,Chennai,TN,600001,2022-09-19,Business,1,165.0,2.7
CUST-04821,Manish Kumar,manish.kumar651@protonmail.com,91 99863-21620,Coimbatore,TN,641001,2022-01-19,Business,0,122.0,
CUST-02215,Lakshmi Nair,lakshmi.nair823@outlook.com,9671338385,Mumbai,MH,400001,2022-07-29,Business,0,222.0,2.0
CUST-00145,Rahul Patel,rahul.patel132@gmail.com,9777999494,Lucknow,UP,226001,2022-12-05,Business,1,91.0,2.6
CUST-04428,Manish Patel,manish.patel357@gmail.com,09813913190,Kochi,KL,682001,2023-12-20,Retail,1,63.0,4.6
CUST-03960,Deepa Kumar,deepa.kumar601@gmail.com,9779991265,Nagpur,MH,440001,2022-02-08,Smb,0,144.0,3.4
CUST-04344,Divya Singh,divya.singh710@gmail.com,09913322909,Madurai,TN,625001,2022-04-08,Retail,0,150.0,
CUST-04470,SATHISH MEHTA,sathish.mehta787@gmail.com,91 96099-79540,Chennai,TN,600001,2021-10-29,Enterprise,1,53.0,4.2
CUST-04477,PRIYA REDDY,priya.reddy575@yahoo.in,+91-97767 97626,Pune,MH,411001,2022-11-01,Retail,1,171.0,4.1
CUST-02548,Swetha Raman,swetha.raman358@yahoo.in,9747845980,Kochi,KL,682001,2023-02-28,Enterprise,1,97.0,4.3
CUST-00321,Ravi Reddy,ravi.reddy529@yahoo.in,91 97143-28167,Lucknow,UP,226001,2022-05-31,Smb,1,134.0,3.4
CUST-04733,sathish das,sathish.das908@gmail.com,91 97432-93179,Madurai,TN,625001,2023-01-29,Retail,0,50.0,3.2
CUST-01588,Deepa Menon,deepa.menon245@gmail.com,9637145764,Ahmedabad,GJ,380001,2022-06-18,Retail,0,125.0,5.0
CUST-01585,Sathish Sharma,sathish.sharma517@gmail.com,9652895882,Pune,MH,411001,2023-07-06,Retail,0,124.0,3.1
CUST-03574,Arjun Patel,arjun.patel952@outlook.com,9661812387,Lucknow,UP,226001,2021-11-28,Enterprise,0,45.0,2.1
CUST-03700,Vasanth Reddy,vasanth.reddy801@protonmail.com,9608597786,Madurai,TN,625001,2022-07-07,Enterprise,0,46.0,4.9
CUST-02283,Anitha Iyer,anitha.iyer193@yahoo.in,9837613571,Bengaluru,KA,560001,2023-10-22,Retail,1,103.0,4.9
CUST-04527,  Sneha Joshi  ,sneha.joshi498@yahoo.in,09717042492,Guwahati,AS,781001,2022-01-12,Business,0,137.0,4.4
CUST-01011,Meera Raman,meera.raman905@outlook.com,743991390,Jaipur,RJ,302001,2022-05-18,Retail,0,220.0,2.6
CUST-03914,Rahul Krishnan,rahul.krishnan813@gmail.com,+91-96333 52759,Ahmedabad,GJ,380001,2023-02-28,Business,1,213.0,2.9
CUST-03025,meera iyer,meera.iyer606@outlook.com,9731335351,Madurai,TN,625001,2023-05-17,Business,0,1.0,4.0
CUST-03997,Ravi Iyer,ravi.iyer831@gmail.com,09870189730,Gurugram,HR,122001,2023-12-16,Smb,0,152.0,2.6
CUST-00192,Rahul Pillai,rahul.pillai806@outlook.com,,Lucknow,UP,226001,2022-11-26,Business,1,77.0,4.7
CUST-04784,kavya mehta,kavya.mehta849@gmail.com,814358271,HYDERABAD,TS,500001,2022-08-16,Retail,1,120.0,4.3
CUST-01176,Kārthik Mehtā,karthik.mehta69@yahoo.in,9681362081,Coimbatore,TN,641001,2022-11-29,Enterprise,0,53.0,2.6
CUST-04532,Fatima Singh,fatima.singh894@yahoo.in,+91-96868 27082,Guwahati,AS,781001,2021-08-09,Retail,0,239.0,3.0
CUST-01691,Manish Singh,manish.singh578@yahoo.in,9668656143,Delhi,DL,110001,2022-09-23,Retail,0,125.0,2.1
CUST-01281,Vasanth Singh,vasanth.singh682@protonmail.com,09642757203,Chandigarh,CH,160017,2023-04-13,Enterprise,0,187.0,2.5
CUST-03351,Anitha Krishnan,anitha.krishnan552@gmail.com,9823051377,Mysuru,KA,570001,2022-09-15,Retail,0,194.0,3.4
CUST-02233,Swetha Kumar,swetha.kumar595@outlook.com,9927398319,Madurai,TN,625001,2021-11-12,Business,1,111.0,3.4
CUST-00688,Pradeep Joshi,pradeep.joshi868@gmail.com,  ,Jaipur,RJ,302001,2022-08-15,Enterprise,0,83.0,3.5
CUST-00639,  Sathish Nair  ,sathish.nair933@protonmail.com,91 98965-25188,Delhi,DL,110001,2022-02-10,Retail,1,226.0,3.1
CUST-00570,  Nithin Krishnan  ,nithin.krishnan410outlook.com,09779344331,Hyderabad,TS,500001,2023-06-21,Retail,0,58.0,3.9
CUST-03655,Ravi Mehta,ravi.mehta376@outlook.com,9642155094,Jaipur,RJ,302001,2022-12-21,Retail,1,124.0,3.4
CUST-00934,Bhavana Kumar,bhavana.kumar147@protonmail.com,,Lucknow,UP,226001,2023-02-20,Smb,0,66.0,4.1
CUST-01170,Sneha Patel,sneha.patel351@gmail.com,9782980214,Guwahati,AS,781001,2022-11-29,Retail,1,101.0,3.3
CUST-01361,Manish Reddy,manish.reddy931@gmail.com,+91-98216 29838,Coimbatore,TN,641001,2022-07-10,Business,1,125.0,2.1
CUST-04630,Neha Krishnan,neha.krishnan578@outlook.com,09783766402,Delhi,DL,110001,2023-10-26,Retail,1,208.0,3.5
CUST-03288,Ravi Joshi,  ,+91-98999 18471,Guwahati,AS,781001,2023-05-06,Business,0,143.0,3.6
CUST-03463,Ananya Nair,ananya.nair280@protonmail.com,9790071967,Kochi,KL,682001,2023-07-03,Business,1,114.0,2.7
CUST-01823,Anitha Krishnan,anitha.krishnan522@outlook.com,-,Chandigarh,CH,160017,2023-10-12,Business,1,95.0,4.1
CUST-02791,vasanth joshi,vasanth.joshi182@outlook.com,91 99100-45208,LUCKNOW,UP,226001,2021-12-15,Enterprise,0,142.0,2.7
CUST-00197,Kavya Singh,kavya.singh484@yahoo.in,9719886840,Visakhapatnam,AP,530001,2022-04-08,Smb,0,218.0,4.9
CUST-04592,Sathish Iyer,sathish.iyer43@yahoo.in,09631424822,Guwahati,AS,781001,2022-12-15,Business,0,191.0,2.6
CUST-03090,Meera Joshi,meera.joshi580@gmail.com,91 97322-22921,Lucknow,UP,226001,2023-09-12,Retail,1,71.0,2.9
CUST-03786,Arjun Nair,arjun.nair203@gmail.com,9783399267,Ahmedabad,GJ,380001,2023-06-05,Business,0,182.0,4.1
CUST-02429,Nithin Das,nithin.das391@outlook.com,9810319884,Coimbatore,TN,641001,2023-07-31,Retail,1,79.0,3.1
CUST-02076,Karthik Reddy,karthik.reddy800@gmail.com,9795302203,Mumbai,MH,400001,2023-05-07,Retail,1,125.0,2.2
CUST-04492,Rahul Raman,rahul.raman798@yahoo.in,+91-99246 94400,Bengaluru,KA,560001,2022-05-28,Retail,0,228.0,2.3
CUST-01706,Revathi Krishnan,revathi.krishnan422@yahoo.in,9603789945,Bengaluru,KA,560001,2023-06-05,Retail,1,11.0,2.9
CUST-00148,Aravind Menon,aravind.menon398@outlook.com,9693260937,Visakhapatnam,AP,530001,2023-01-05,Enterprise,1,145.0,4.5
CUST-00798,Priya Raman,priya.raman678@protonmail.com,9706274308,Mumbai,MH,400001,2022-02-23,Business,1,199.0,2.4
CUST-01751,Rahul Mehta,  ,91 97947-87909,Pune,MH,411001,2023-01-09,Business,0,165.0,3.5
CUST-00624,Revathi Mehta,revathi.mehta535@protonmail.com,9945314568,Kolkata,WB,700001,2022-10-12,Business,1,126.0,3.7
CUST-02287,Divya Krishnan,divya.krishnan202@outlook.com,91 97593-20656,Kochi,KL,682001,2023-03-27,Retail,1,26.0,4.0
CUST-04068,Suresh Raman,suresh.raman878@protonmail.com,09833445627,Chennai,TN,600001,2023-04-05,Retail,0,135.0,4.3
CUST-02029,Priya Iyer,priya.iyer156@outlook.com,+91-96010 51532,Bhubaneswar,OD,751001,2022-12-06,Business,1,66.0,3.4
CUST-01474,Priya Nair,priya.nair652@outlook.com,09640207451,Pune,MH,411001,2022-06-07,Retail,1,45.0,4.7
CUST-00723,Suresh Patel,suresh.patel441@yahoo.in,9808542750,Guwahati,AS,781001,2023-03-31,Enterprise,0,181.0,3.9
CUST-01362,Swetha Patel,swetha.patel486@protonmail.com,896167688,Gurugram,HR,122001,2022-11-06,Business,1,140.0,2.6
CUST-00107,Imran Singh,imran.singh741@protonmail.com,09993404096,Hyderabad,TS,500001,2023-11-01,Retail,0,210.0,4.3
CUST-04447,Ravi Chowdhury,ravi.chowdhury431@yahoo.in,9962820327,Pune,MH,411001,2023-07-26,Enterprise,0,158.0,2.8
CUST-04747,Ananya Menon,ananya.menon442@gmail.com,9624688397,Lucknow,UP,226001,2021-12-03,Business,0,106.0,4.5
CUST-04486,deepa sharma,deepa.sharma821@yahoo.in,09786926572,Lucknow,UP,226001,2021-08-09,Enterprise,1,42.0,4.6
CUST-03053,,suresh.pillai380@yahoo.in,9911566869,Nagpur,MH,440001,2023-07-06,Smb,1,89.0,3.4
CUST-01473,Lakshmi Chowdhury,lakshmi.chowdhury691@gmail.com,9982036698,Pune,MH,411001,2023-09-29,Smb,1,14.0,2.0
CUST-01118,Arjun Kumar,arjun.kumar874@outlook.com,91 96158-75353,Visakhapatnam,AP,530001,2022-09-24,Retail,0,192.0,3.2
CUST-00555,Imran Bose,imran.bose995@yahoo.in,9872172485,KOCHI,KL,682001,2023-02-27,Smb,1,51.0,3.7
CUST-00300,PRIYA DAS,priya.das226@protonmail.com,9775216665,Mumbai,MH,400001,2022-06-28,Smb,0,132.0,3.5
CUST-00171,Deepa Nair,deepa.nair517@yahoo.in,91 99817-74320,Coimbatore,TN,641001,2023-11-12,Retail,1,13.0,3.3
CUST-03327,Joseph Krishnan,joseph.krishnan590@gmail.com,9708936628,Nagpur,MH,440001,2023-05-08,Smb,0,216.0,2.4
CUST-03804,Divya Das,divya.das528@gmail.com,91 96534-60038,Chennai,TN,600001,2022-08-17,Business,1,210.0,2.8
CUST-03675,Anitha Chowdhury,anitha.chowdhury2@yahoo.in,09802342227,Nagpur,MH,440001,2021-10-09,Business,1,176.0,
CUST-01277,MEERA NAIR,meera.nair677@protonmail.com,91 97435-22434,Chandigarh,CH,160017,2023-08-05,Business,0,76.0,4.7
CUST-02355,Joseph Raman,joseph.raman871@protonmail.com,9719246899,Kochi,KL,682001,2022-04-23,Retail,0,25.0,3.9
CUST-03620,ravi bose,ravi.bose693@gmail.com,09920392534,Mumbai,MH,400001,2021-12-23,Enterprise,1,52.0,
CUST-00416,Bhavana Bose,bhavana.bose835@yahoo.in,+91-98941 74611,Kochi,KL,682001,2023-03-17,Smb,0,180.0,3.2
CUST-04861,MEERA PATEL,meera.patel615@outlook.com,9843188377,Madurai,TN,625001,2022-06-20,Business,1,30.0,2.7
CUST-04525,Sathish Sharma,sathish.sharma478@outlook.com,9776130492,Jaipur,RJ,302001,2023-10-19,Retail,1,225.0,3.5
CUST-04283,Manish Patel,manish.patel282@yahoo.in,9649885910,Kochi,KL,682001,2023-05-25,Business,0,40.0,3.8
CUST-03054,Joseph Singh,joseph.singh956@outlook.com,9806250712,Bhubaneswar,OD,751001,2023-02-15,Smb,0,8.0,3.2
CUST-03924,Anitha Chowdhury,anitha.chowdhury167@protonmail.com,9770567373,Gurugram,HR,122001,2023-09-08,Business,1,172.0,4.7
CUST-01840,  Nithin Mehta  ,nithin.mehta354@gmail.com,+91-99147 80153,Kolkata,WB,700001,2023-05-05,Retail,1,119.0,3.3
CUST-02957,Rahul Pillai,rahul.pillai440@outlook.com,9696866198,Pune,MH,411001,2022-04-18,Enterprise,0,2.0,4.1
CUST-02318,Pradeep Pillai,pradeep.pillai509@protonmail.com,9772634558,Kochi,KL,682001,2022-05-15,Business,0,18.0,
CUST-02916,PRIYA VERMA,PRIYA.VERMA758@GMAIL.COM,91 98146-45340,Hyderabad,TS,500001,2023-12-12,Retail,1,50.0,2.9
CUST-00631,Imran Singh,imran.singh206@gmail.com,9682193601,Guwahati,AS,781001,2021-07-22,Retail,0,155.0,3.7
CUST-00163,Meera Patel,meera.patel694@yahoo.in,+91-98198 52503,Chennai,TN,600001,2022-04-18,Smb,1,109.0,4.6
CUST-00414,Neha Chowdhury,neha.chowdhury957@yahoo.in,91 99229-91008,Bengaluru,KA,560001,2021-08-26,Business,0,38.0,2.4
CUST-01074,Imran Reddy,imran.reddy472@outlook.com,91 99737-23253,Pune,MH,411001,2022-04-02,Enterprise,1,12.0,4.9
CUST-02018,Imran Raman,imran.raman2gmail.com,+91-96995 19173,Ahmedabad,GJ,380001,2021-08-17,Business,0,226.0,2.4
CUST-00877,Manish Raman,manish.raman609@gmail.com,9818809205,Pune,MH,411001,2022-12-07,Retail,0,144.0,2.7
CUST-00818,RAHUL KRISHNAN,rahul.krishnan105@protonmail.com,91 97908-95921,Pune,MH,411001,2022-05-23,Business,1,103.0,3.5
CUST-02256,Ishita Das,ishita.das972@outlook.com,9668792903,Madurai,TN,625001,2021-12-12,Retail,1,180.0,3.7
CUST-02735,Rahul Iyer,rahul.iyer531@protonmail.com,+91-97719 72482,Kochi,KL,682001,2022-08-03,Retail,1,146.0,3.2
CUST-00873,Vasanth Reddy,vasanth.reddy700@gmail.com,9803001687,Coimbatore,TN,641001,2021-10-18,Business,0,216.0,3.6
CUST-04342,Revathi Singh,neha.bose104@protonmail.com,9959942436,Kolkata,WB,700001,2023-05-30,Smb,0,221.0,2.5
CUST-03684,Rahul Krishnan,rahul.krishnan254@outlook.com,+91-96269 52241,Chennai,TN,600001,2023-04-30,Business,0,84.0,4.3
CUST-00230,Meera Raman,meera.raman102@gmail.com,91 98086-27401,Guwahati,AS,781001,2023-12-18,Smb,0,238.0,2.2
CUST-00907,Imran Joshi,pradeep.iyer266@yahoo.in,9759248478,Mumbai,MH,400001,2023-06-15,Business,1,47.0,2.6
CUST-02057,kavya bose,kavya.bose233@protonmail.com,9782192230,Bhubaneswar,OD,751001,2022-01-03,Business,0,176.0,4.8
CUST-00897,Sneha Verma,sneha.verma959@yahoo.in,91 99677-23179,Gurugram,HR,122001,2023-11-30,Smb,0,164.0,2.7
CUST-03872,Divya Verma,divya.verma972@gmail.com,9697108378,Pune,MH,411001,2022-03-16,Smb,0,19.0,4.7
CUST-02154,Gopal Krishnan,  ,9672270703,Mysuru,KA,570001,2023-04-20,Business,1,199.0,2.6
CUST-00792,Divya Reddy,divya.reddy965@gmail.com,9740143669,Visakhapatnam,AP,530001,2022-09-30,Enterprise,0,1.0,2.5
CUST-01911,Neha Mehta,neha.mehta974@outlook.com,91 96410-72333,BHUBANESWAR,OD,751001,2022-02-09,Retail,0,133.0,3.2
CUST-01328,Pradeep Nair,pradeep.nair538@protonmail.com,+91-98788 47844,Madurai,TN,625001,2022-05-20,Business,0,101.0,
CUST-02309,Neha Das,neha.das72@yahoo.in,91 98423-20556,Guwahati,AS,781001,2023-12-14,Retail,0,129.0,4.9
CUST-02877,Manish Krishnan,manish.krishnan527@outlook.com,+91-99665 39603,Hyderabad,TS,500001,2022-04-07,Business,0,81.0,4.9
CUST-00699,Sneha Verma,sneha.verma799@gmail.com,9682318419,Jaipur,RJ,302001,2021-11-11,Retail,0,99.0,
CUST-03084,Swetha Patel,unknown,9688099374,Gurugram,HR,122001,2023-04-29,Retail,0,161.0,2.2
CUST-03081,  Divya Krishnan  ,divya.krishnan473@protonmail.com,9740707916,Chandigarh,CH,160017,2021-10-20,Smb,0,93.0,2.9
CUST-01718,  Sathish Patel  ,sathish.patel291@outlook.com,09794921603,Bengaluru,KA,560001,2023-03-08,Retail,0,120.0,4.7
CUST-02580,Kavya Verma,kavya.verma123@gmail.com,9926165755,Gurugram,HR,122001,2023-05-29,Retail,1,45.0,4.3
CUST-00895,Swetha Kumar,swetha.kumar173@protonmail.com,9957912256,Chandigarh,CH,160017,2023-10-17,Enterprise,0,193.0,4.7
CUST-03021,IMRAN MEHTA,imran.mehta262@gmail.com,+91-97922 84282,Chandigarh,CH,160017,2021-10-28,Business,1,65.0,2.9
CUST-03542,Imran Mehta,imran.mehta584@outlook.com,+91-96157 95209,Gurugram,HR,122001,2023-07-20,Retail,0,50.0,3.3
CUST-04154,  Gopal Iyer  ,gopal.iyer343@protonmail.com,9874728680,Visakhapatnam,AP,530001,2021-10-31,Enterprise,0,233.0,2.2
CUST-01980,Karthik Chowdhury,karthik.chowdhury582@yahoo.in,91 98090-42070,Mumbai,MH,400001,2022-02-26,Smb,0,178.0,4.9
CUST-01058,Rahul Das,rahul.das874@gmail.com,9992500518,Madurai,TN,625001,2023-07-29,Enterprise,0,34.0,3.8
CUST-03310,Ravi Patel,ravi.patel592@protonmail.com,9745004039,Madurai,TN,625001,2022-06-14,Retail,0,193.0,3.8
CUST-03519,Rahul Verma,rahul.verma729@yahoo.in,9632000275,Chennai,TN,600001,2023-12-27,Smb,0,125.0,4.8
CUST-02331,Revathi Reddy,revathi.reddy241@yahoo.in,9937959659,Chennai,TN,600001,2021-11-01,Business,0,63.0,3.5
CUST-03659,Kavya Iyer,kavya.iyer257@yahoo.in,+91-99430 23974,Ahmedabad,GJ,380001,2022-05-21,Business,0,119.0,4.0
CUST-00093,Revathi Sharma,revathi.sharma757@gmail.com,+91-96939 87187,Hyderabad,TS,500001,2021-11-25,Retail,1,77.0,2.3
CUST-01235,Imran Verma,imran.verma418@yahoo.in,91 96902-81800,Ahmedabad,GJ,380001,2022-10-29,Business,0,106.0,4.7
CUST-01014,Kavya Kumar,kavya.kumar34@protonmail.com,9774534798,Hyderabad,TS,500001,2022-01-15,Retail,0,58.0,4.1
CUST-03864,Manish Reddy,manish.reddy996@yahoo.in,9787617772,Hyderabad,TS,500001,2023-12-11,Enterprise,1,183.0,4.8
CUST-00948,Anitha Iyer,anitha.iyer365@protonmail.com,9700927181,Jaipur,RJ,302001,2021-09-24,Enterprise,0,80.0,4.4
CUST-01794,Revathi Patel,revathi.patel61@gmail.com,9755123640,Visakhapatnam,AP,530001,2023-04-18,Retail,1,52.0,3.1
CUST-00191,ANITHA SHARMA,anitha.sharma258@gmail.com,9722216316,KOCHI,KL,682001,2022-02-07,Smb,0,17.0,3.8
CUST-01532,Swetha Verma,swetha.verma268@yahoo.in,09808734674,LUCKNOW,UP,226001,2021-12-18,Business,1,161.0,2.3
CUST-02683,Nithin Sharma,nithin.sharma651@gmail.com,9777183689,Visakhapatnam,AP,530001,2022-01-08,Retail,1,22.0,3.4
CUST-02813,Neha Verma,neha.verma998@protonmail.com,9863403133,Mysuru,KA,570001,2022-04-22,Smb,0,64.0,
CUST-03895,  Ishita Raman  ,ishita.raman868@protonmail.com,09896477747,Lucknow,UP,226001,2022-09-17,Business,0,80.0,4.7
CUST-03589,Ishita Kumar,ishita.kumar572@protonmail.com,91 99926-77931,Visakhapatnam,AP,530001,2021-08-18,Retail,1,90.0,3.0
CUST-04820,Priya Bose,priya.bose164@protonmail.com,9726401946,Kochi,KL,682001,2023-01-26,Smb,1,66.0,4.3
CUST-03177,Nithin Pillai,nithin.pillai37@gmail.com,+91-99730 35481,Chennai,TN,600001,2021-11-02,Enterprise,1,106.0,4.1
CUST-02112,Divya Kumar,divya.kumar194@gmail.com,09728792278,Mumbai,MH,400001,2023-01-27,Business,0,181.0,4.8
CUST-04773,Anitha Reddy,anitha.reddy781@outlook.com,09944201147,Guwahati,AS,781001,2022-01-27,Retail,0,70.0,2.1
CUST-00106,Nithin Chowdhury,nithin.chowdhury424@gmail.com,09718795625,Chennai,TN,600001,2023-01-28,Business,0,214.0,3.7
CUST-03414,Rahul Kumar,-,+91-96620 77833,Guwahati,AS,781001,2023-04-12,Retail,0,54.0,4.1
CUST-02802,Joseph Bose,joseph.bose629@protonmail.com,9713253941,Bengaluru,KA,560001,2022-07-17,Retail,1,44.0,3.7
CUST-01964,Priya Menon,priya.menon426@yahoo.in,9735327136,Lucknow,UP,226001,2023-09-03,Retail,1,114.0,4.0
CUST-02302,SWETHA MENON,,+91-99262 35075,Madurai,TN,625001,2023-09-22,Business,1,125.0,4.4
CUST-00775,Sneha Bose,sneha.bose639@protonmail.com,985763084,Mysuru,KA,570001,2022-07-05,Smb,1,1.0,2.6
CUST-01233,MANISH PATEL,manish.patel458@protonmail.com,9857944176,Lucknow,UP,226001,2022-05-20,Business,0,158.0,3.8
CUST-00859,RAVI DAS,ravi.das103@protonmail.com,+91-96693 28896,Nagpur,MH,440001,2023-05-09,Retail,1,3.0,2.9
CUST-03155,Suresh Singh,suresh.singh669@protonmail.com,9931557610,Nagpur,MH,440001,2023-02-02,Business,0,228.0,4.3
CUST-04594,FATIMA SINGH,deepa.sharma691@protonmail.com,+91-97058 68688,Kolkata,WB,700001,2021-12-22,Business,0,158.0,4.6
CUST-04080,Gopal Nair,gopal.nair795@protonmail.com,91 98568-38378,Kochi,KL,682001,2022-10-14,Business,0,86.0,4.1
CUST-03431,Arjun Krishnan,arjun.krishnan921@gmail.com,9761510996,Bhubaneswar,OD,751001,2023-03-16,Retail,0,6.0,4.9
CUST-04161,Arjun Patel,arjun.patel526@gmail.com,+91-99379 24457,Mumbai,MH,400001,2022-07-10,Business,1,79.0,3.5
CUST-04371,PRADEEP KUMAR,pradeep.kumar457@yahoo.in,9961006063,Kolkata,WB,700001,2023-03-06,Smb,0,167.0,2.6
CUST-00726,Ananya Menon,ananya.menon448@gmail.com,+91-98326 22617,Coimbatore,TN,641001,2023-09-09,Retail,1,72.0,4.3
CUST-01680,VASANTH MENON,vasanth.menon321@outlook.com,9746917093,Coimbatore,TN,641001,2022-08-19,Business,1,195.0,3.8
CUST-02202,Aravind Bose,aravind.bose24@gmail.com,9865056758,Mumbai,MH,400001,2021-03-08,Retail,0,83.0,3.6
CUST-03944,Neha Pillai,neha.pillai964@yahoo.in,91 98603-08673,Bhubaneswar,OD,751001,2023-10-04,Enterprise,1,72.0,5.0
CUST-01364,JOSEPH SHARMA,joseph.sharma802@gmail.com,904868002,Bengaluru,KA,560001,2021-08-16,Smb,0,37.0,4.2
CUST-00411,  Kavya Krishnan  ,kavya.krishnan119@protonmail.com,9729333068,Hyderabad,TS,500001,2023-07-20,Business,1,57.0,4.0
CUST-00831,Suresh Menon,suresh.menon351@yahoo.in,91 99738-95313,Jaipur,RJ,302001,2023-07-12,Business,1,45.0,2.4
CUST-03782,Fatima Pillai,fatima.pillai700@gmail.com,91 98461-31020,Nagpur,MH,440001,2022-01-07,Retail,0,58.0,
CUST-00913,KARTHIK DAS,karthik.das450@protonmail.com,91 97390-19234,Nagpur,MH,440001,2022-01-23,Business,1,106.0,4.4
CUST-02093,Imran Krishnan,imran.krishnan942@gmail.com,+91-97839 52599,Nagpur,MH,440001,2023-01-09,Enterprise,0,114.0,3.9
CUST-00391,Vikram Raman,vikram.raman281@outlook.com,91 96358-32839,Mumbai,MH,400001,2021-11-18,Enterprise,0,105.0,2.8
CUST-04819,Imran Kumar,imran.kumar629@gmail.com,91 99772-95907,Chandigarh,CH,160017,2023-09-15,Enterprise,1,,3.7
CUST-04358,Vasanth Kumar,vasanth.kumar308@yahoo.in,9884343476,Lucknow,UP,226001,2022-02-20,Smb,1,112.0,3.3
CUST-02244,Manish Krishnan,,91 99880-53583,Bengaluru,KA,560001,2021-08-19,Business,0,127.0,2.0
CUST-03124,Priya Bose,priya.bose956@outlook.com,91 97638-55435,Madurai,TN,625001,2022-01-18,Smb,1,193.0,4.2
CUST-03122,SWETHA RAMAN,swetha.raman229@yahoo.in,9888081938,Delhi,DL,110001,2022-03-25,Business,1,122.0,3.8
CUST-03958,Swetha Mehta,swetha.mehta741@outlook.com,9867249538,Kochi,KL,682001,2023-09-04,Retail,1,21.0,3.8
CUST-00719,Anitha Chowdhury,fatima.raman78@outlook.com,9629481195,Mysuru,KA,570001,2023-10-16,Business,0,128.0,
CUST-03453,Lakshmi Iyer,lakshmi.iyer461@outlook.com,9858379113,Kolkata,WB,700001,2023-05-25,Enterprise,0,130.0,4.4
CUST-02441,rahul raman,rahul.raman781@yahoo.in,9841601541,Nagpur,MH,440001,2022-06-29,Retail,1,95.0,2.7
CUST-03257,Vasanth Verma,vasanth.verma807@yahoo.in,+91-98093 15506,KOCHI,KL,682001,2021-10-21,Retail,1,205.0,3.8
CUST-03109,Karthik Joshi,karthik.joshi538@protonmail.com,9671628086,Lucknow,UP,226001,2022-08-12,Smb,1,12.0,2.3
CUST-03412,Manish Pillai,manish.pillai775@protonmail.com,9924657615,Madurai,TN,625001,2021-09-18,Retail,1,60.0,2.9
CUST-03049,ANANYA CHOWDHURY,ananya.chowdhury172@outlook.com,9616438597,Kolkata,WB,700001,2022-08-28,Business,1,25.0,2.8
CUST-00421,Nithin Iyer,nithin.iyer675@gmail.com,91 99216-40763,Chennai,TN,600001,2023-07-19,Enterprise,1,218.0,2.3
CUST-02198,Kavya Verma,kavya.verma114@gmail.com,91 96106-84306,Chennai,TN,600001,2022-08-30,Business,0,194.0,4.3
CUST-04106,Deepa Verma,deepa.verma391@outlook.com,+91-97675 18295,Chennai,TN,600001,2022-01-27,Business,1,38.0,3.7
CUST-03878,Pradeep Menon,pradeep.menon2@yahoo.in,764530722,Mysuru,KA,570001,2023-10-11,Business,1,44.0,3.7
CUST-03913,Nithin Mehta,nithin.mehta934@protonmail.com,9983031371,Mysuru,KA,570001,2022-05-11,Retail,1,182.0,4.3
CUST-03118,Vikram Das,vikram.das846@outlook.com,9661894415,Guwahati,AS,781001,2023-12-13,Retail,1,155.0,4.4
CUST-01938,Deepa Das,deepa.das516@protonmail.com,9945755496,Pune,MH,411001,2021-08-09,Business,0,116.0,3.0
CUST-01120,ishita kumar,ishita.kumar630@gmail.com,9941269891,Jaipur,RJ,302001,2023-07-01,Business,1,218.0,3.1
CUST-04116,Ananya Bose,ananya.bose843protonmail.com,9879552077,Bhubaneswar,OD,751001,2021-12-18,Business,1,18.0,2.0
CUST-00535,VIKRAM MENON,vikram.menon833@protonmail.com,670433806,Delhi,DL,110001,2023-11-12,Smb,1,155.0,2.3
CUST-00549,Ananya Chowdhury,ananya.chowdhury601@outlook.com,+91-99567 48217,Coimbatore,TN,641001,2022-03-10,Business,0,51.0,3.2
CUST-00299,  Ravi Chowdhury  ,ravi.chowdhury560@outlook.com,+91-97586 75887,Gurugram,HR,122001,2021-12-15,Business,0,188.0,2.1
CUST-03363,neha bose,neha.bose427@gmail.com,9701803235,Gurugram,HR,122001,2022-12-03,Smb,1,,2.3
CUST-03730,Revathi Sharma,revathi.sharma390@gmail.com,9792087277,Chennai,TN,600001,2021-08-20,Enterprise,1,170.0,4.4
CUST-02171,Pradeep Bose,,9690860096,Coimbatore,TN,641001,2023-11-23,Enterprise,0,215.0,4.2
CUST-01386,Joseph Joshi,joseph.joshi195@outlook.com,+91-96389 01807,Chennai,TN,600001,2022-08-09,Smb,0,235.0,2.6
CUST-03208,Deepa Nair,deepa.nair457@gmail.com,9634691978,Gurugram,HR,122001,2022-10-15,Enterprise,1,207.0,3.9
CUST-03136,Arjun Mehta,arjun.mehta227@gmail.com,09934555098,Gurugram,HR,122001,2023-05-02,Business,0,111.0,2.3
CUST-03900,Vasanth Bose,vasanth.bose373@yahoo.in,9724526325,Mumbai,MH,400001,2023-02-17,Retail,0,77.0,4.6
CUST-01186,Swetha Bose,swetha.bose973@gmail.com,9869113354,Kolkata,WB,700001,2021-10-24,Retail,1,114.0,
CUST-04185,Manish Singh,MANISH.SINGH675@OUTLOOK.COM,91 96887-69722,Lucknow,UP,226001,2022-04-24,Retail,0,30.0,2.3
CUST-03159,Priya Nair,priya.nair403@gmail.com,+91-99310 73655,Hyderabad,TS,500001,2023-02-15,Retail,1,125.0,3.2
CUST-00098,pradeep bose,pradeep.bose829@gmail.com,+91-98755 47836,Visakhapatnam,AP,530001,2021-09-16,Smb,0,149.0,3.3
CUST-02100,Revathi Bose,revathi.bose693@protonmail.com,09649387021,Bhubaneswar,OD,751001,2021-12-09,Business,0,104.0,4.4
CUST-04606,Fatima Das,fatima.das569@protonmail.com,+91-96604 82419,Kochi,KL,682001,2022-11-09,Enterprise,0,74.0,3.4
CUST-02260,Sathish Bose,sathish.bose286@gmail.com,+91-99936 86205,Delhi,DL,110001,2022-04-18,Business,1,110.0,2.9
CUST-04800,Sathish Joshi,sathish.joshi797@gmail.com,9849411113,Hyderabad,TS,500001,2021-09-29,Retail,0,213.0,3.4
CUST-01970,Bhavana Joshi,bhavana.joshi49@protonmail.com,9845714532,Ahmedabad,GJ,380001,2022-11-26,Business,0,112.0,2.5
CUST-02795,Nithin Singh,nithin.singh834@yahoo.in,9618016258,Nagpur,MH,440001,2023-05-17,Enterprise,0,135.0,2.7
CUST-01046,Arjun Kumar,arjun.kumar544@yahoo.in,9745789645,Guwahati,AS,781001,2021-10-21,Smb,0,120.0,2.3
CUST-00940,Lakshmi Das,lakshmi.das616@gmail.com,91 97472-41541,Kochi,KL,682001,2023-11-22,Retail,1,30.0,3.0
CUST-02718,Arjun Singh,arjun.singh319@protonmail.com,873641230,Mumbai,MH,400001,2023-05-12,Retail,0,240.0,4.0
CUST-00608,Bhavana Singh,bhavana.singh927@outlook.com,+91-97765 39085,Delhi,DL,110001,2022-12-08,Enterprise,1,171.0,5.0
CUST-02527,Ananya Mehta,ananya.mehta449@outlook.com,9693800453,Kolkata,WB,700001,2023-03-03,Retail,1,211.0,2.6
CUST-02540,Vasanth Bose,vasanth.bose131@outlook.com,+91-99559 34962,Coimbatore,TN,641001,2021-09-16,Retail,1,65.0,4.5
CUST-01071,REVATHI PATEL,revathi.patel297@protonmail.com,91 99315-64278,Pune,MH,411001,2023-08-18,Retail,0,84.0,3.7
CUST-00297,Lakshmi Nair,lakshmi.nair809@outlook.com,9799663533,Coimbatore,TN,641001,2022-07-01,Retail,1,215.0,4.7
CUST-00050,lakshmi bose,lakshmi.bose551@yahoo.in,91 97991-85291,Nagpur,MH,440001,2022-08-17,Business,1,9.0,2.7
CUST-00225,Ravi Menon,ravi.menon472@gmail.com,+91-97119 09203,Gurugram,HR,122001,2023-08-28,Business,1,51.0,2.2
CUST-01775,Deepa Verma,deepa.verma238@outlook.com,+91-98469 32179,Kochi,KL,682001,2021-08-17,Retail,0,140.0,4.2
CUST-01244,Lakshmi Krishnan,lakshmi.krishnan961@gmail.com,+91-99950 50349,Madurai,TN,625001,2023-09-17,Business,0,50.0,3.9
CUST-03280,  Karthik Verma  ,karthik.verma541@protonmail.com,9851156353,Nagpur,MH,440001,2021-10-17,Enterprise,0,8.0,2.5
CUST-01922,Arjun Krishnan,arjun.krishnan449@yahoo.in,9651388190,Mumbai,MH,400001,2022-12-21,Business,1,113.0,
CUST-00851,KARTHIK PATEL,karthik.patel830@protonmail.com,9965332834,Bhubaneswar,OD,751001,2021-10-18,Enterprise,0,179.0,4.4
CUST-01226,Suresh Iyer,suresh.iyer936@gmail.com,9832841776,Nagpur,MH,440001,2023-06-02,Retail,0,,2.2
CUST-04659,Aravind Menon,aravind.menon532@protonmail.com,9742508197,MUMBAI,MH,400001,2021-11-02,Retail,0,150.0,2.6
CUST-02853,Sneha Krishnan,sneha.krishnan736@protonmail.com,9995745152,Lucknow,UP,226001,2022-08-04,Retail,1,83.0,4.8
CUST-04701,Manish Menon,manish.menon171@outlook.com,09967094759,Mumbai,MH,400001,2023-08-29,Enterprise,1,187.0,4.0
CUST-03318,SNEHA MEHTA,sneha.mehta355@yahoo.in,09692908718,Lucknow,UP,226001,2021-06-09,Business,0,10.0,
CUST-00443,Gopal Kumar,gopal.kumar989@outlook.com,+91-96083 95849,Visakhapatnam,AP,530001,2022-03-22,Enterprise,0,210.0,3.0
CUST-02473,Anitha Patel,anitha.patel792@yahoo.in,+91-99077 72247,Nagpur,MH,440001,2022-09-25,Retail,0,223.0,2.6
CUST-02588,Suresh Das,suresh.das289@outlook.com,+91-96694 25814,Ahmedabad,GJ,380001,2023-02-04,Enterprise,1,187.0,4.9
CUST-02816,Vikram Verma,,9816831241,Chennai,TN,600001,2022-01-24,Business,0,19.0,3.9
CUST-02917,Revathi Nair,revathi.nair600@outlook.com,9759503408,Ahmedabad,GJ,380001,2021-09-25,Smb,0,182.0,2.5
CUST-00188,MEERA MEHTA,meera.mehta426@protonmail.com,9718754815,Kolkata,WB,700001,2022-06-05,Retail,0,172.0,2.7
CUST-04503,vikram nair,vikram.nair517@outlook.com,840435636,Hyderabad,TS,500001,2021-11-06,Business,1,8.0,5.0
CUST-02800,Ishita Krishnan,ishita.krishnan550@outlook.com,,Pune,MH,411001,2021-12-14,Business,1,238.0,3.3
CUST-03904,Bhavana Verma,bhavana.verma150@yahoo.in,09625190081,Ahmedabad,GJ,380001,2022-03-04,Smb,0,149.0,4.4
CUST-04076,Revathi Menon,revathi.menon512@outlook.com,9863230366,BENGALURU,KA,560001,2023-12-14,Retail,0,73.0,3.8
CUST-00462,JOSEPH CHOWDHURY,joseph.chowdhury619@protonmail.com,+91-99979 74224,Delhi,DL,110001,2022-05-29,Enterprise,1,16.0,3.1
CUST-04767,Manish Singh,manish.singh11@protonmail.com,9953455277,Bengaluru,KA,560001,2021-12-17,Retail,1,72.0,3.3
CUST-03132,Aravind Chowdhury,aravind.chowdhury89@gmail.com,-,Mumbai,MH,400001,2022-12-19,Retail,0,185.0,2.9
CUST-00715,Bhāvānā Iyer,bhavana.iyer246@gmail.com,9744982581,Bengaluru,KA,560001,2022-07-26,Business,0,72.0,3.1
CUST-04521,Arjun Joshi,arjun.joshi280@gmail.com,91 98556-51293,Gurugram,HR,122001,2023-11-20,Business,0,159.0,
CUST-00636,Kavya Krishnan,kavya.krishnan794@protonmail.com,9716596624,Hyderabad,TS,500001,2023-06-03,Enterprise,1,70.0,4.0
CUST-04086,Vikram Krishnan,  ,9845884030,Jaipur,RJ,302001,2022-12-25,Smb,0,125.0,2.9
CUST-04625,aravind verma,aravind.verma890@protonmail.com,9840787357,Kolkata,WB,700001,2022-12-04,Business,0,210.0,3.0
CUST-02267,Priya Chowdhury,priya.chowdhury280@outlook.com,,Delhi,DL,110001,2023-11-28,Enterprise,1,126.0,
CUST-04041,Arjun Das,arjun.das743@gmail.com,9917272028,Pune,MH,411001,2023-06-27,Business,0,197.0,4.6
CUST-04043,Manish Patel,manish.patel283@gmail.com,9773219781,Chennai,TN,600001,2022-12-23,Business,1,49.0,2.6
CUST-01766,Joseph Iyer,aravind.menon398@outlook.com,91 99113-35185,Coimbatore,TN,641001,2021-11-15,Retail,1,187.0,2.7
CUST-02348,  Rahul Pillai  ,rahul.pillai216@gmail.com,+91-99035 86919,Guwahati,AS,781001,2023-09-13,Retail,1,96.0,4.9
CUST-03824,Vasanth Mehta,VASANTH.MEHTA259@OUTLOOK.COM,9709227211,Lucknow,UP,226001,2023-03-17,Retail,1,100.0,3.3
CUST-02904,pradeep chowdhury,pradeep.chowdhury657@gmail.com,09964217575,Bhubaneswar,OD,751001,2021-10-29,Retail,1,158.0,4.6
CUST-00610,BHAVANA MEHTA,bhavana.mehta825@protonmail.com,9613765677,Hyderabad,TS,500001,2021-12-15,Business,0,210.0,3.1
CUST-00486,Lakshmi Patel,lakshmi.patel543@protonmail.com,91 96586-18013,PUNE,MH,411001,2023-10-25,Retail,1,58.0,4.1
CUST-01086,  Imran Chowdhury  ,imran.chowdhury312@yahoo.in,09645534355,Coimbatore,TN,641001,2023-03-30,Smb,1,122.0,3.1
CUST-02130,Sneha Menon,sneha.menon91@protonmail.com,9807095973,Hyderabad,TS,500001,2023-04-04,Smb,1,226.0,4.1
CUST-04421,Fatima Menon,fatima.menon90@outlook.com,+91-98534 73568,Coimbatore,TN,641001,2023-10-05,Business,1,203.0,3.0
CUST-03539,Revathi Chowdhury,revathi.chowdhury443gmail.com,9606313365,Mumbai,MH,400001,2023-12-30,Business,0,9.0,4.2
CUST-03129,Ishita Sharma,ishita.sharma236@yahoo.in,9812314105,Ahmedabad,GJ,380001,2021-10-29,Smb,0,187.0,2.2
CUST-00020,  Lakshmi Nair  ,lakshmi.nair389@yahoo.in,+91-97615 71235,Chennai,TN,600001,2022-10-05,Smb,0,131.0,4.7
CUST-04935,anitha singh,anitha.singh348@gmail.com,9892348979,Visakhapatnam,AP,530001,2023-09-20,Enterprise,0,31.0,3.8
CUST-01674,Fatima Nair,fatima.nair584@protonmail.com,9640168536,Kochi,KL,682001,2023-10-02,Business,0,226.0,4.0
CUST-02857,Vasanth Iyer,vasanth.iyer998@protonmail.com,+91-97529 87263,Mumbai,MH,400001,2022-01-18,Smb,0,100.0,2.3
CUST-01791,Anitha Chowdhury,anitha.chowdhury234@yahoo.in,9922199301,Chandigarh,CH,160017,2023-11-15,Retail,0,65.0,4.4
CUST-04897,Sathish Bose,sathish.bose961@yahoo.in,91 97128-21570,Bengaluru,KA,560001,2022-01-11,Retail,1,134.0,2.6
CUST-00097,Arjun Menon,arjun.menon807@gmail.com,09883560784,Madurai,TN,625001,2022-06-30,Retail,0,219.0,2.3
CUST-03156,Suresh Pillai,suresh.pillai45@gmail.com,9613440941,Pune,MH,411001,2023-10-12,Enterprise,0,32.0,4.7
CUST-02495,Aravind Sharma,aravind.sharma606@protonmail.com,9704700153,Kolkata,WB,700001,2023-11-07,Business,0,217.0,3.3
CUST-04571,Nithin Iyer,nithin.iyer498@gmail.com,871178249,Jaipur,RJ,302001,2023-07-01,Smb,1,155.0,2.7
CUST-00367,Revāthi Nāir,revathi.nair488@gmail.com,9961156503,Nagpur,MH,440001,2022-03-07,Retail,1,8.0,4.4
CUST-01722,Rahul Nair,rahul.nair926@yahoo.in,91 98872-64951,Jaipur,RJ,302001,2023-03-31,Business,1,109.0,4.2
CUST-03658,Vasanth Verma,vasanth.verma737yahoo.in,9746588453,Chandigarh,CH,160017,2021-08-23,Retail,0,199.0,2.9
CUST-01910,Aravind Mehta,aravind.mehta110@outlook.com,91 97494-16566,Bhubaneswar,OD,751001,2022-03-01,Enterprise,0,64.0,
CUST-04857,  Neha Chowdhury  ,neha.chowdhury210@outlook.com,+91-98609 14490,Kolkata,WB,700001,2021-09-03,Smb,1,32.0,3.7
CUST-00919,Ishita Joshi,ishita.joshi74@outlook.com,+91-99660 76707,Delhi,DL,110001,2021-07-16,Smb,0,107.0,2.6
CUST-01426,bhavana pillai,bhavana.pillai193@yahoo.in,09928892411,Lucknow,UP,226001,2022-04-18,Business,1,30.0,4.7
CUST-02808,Rahul Kumar,rahul.kumar852@gmail.com,9865620758,Bhubaneswar,OD,751001,2022-03-22,Business,0,181.0,4.8
CUST-04489,Aravind Raman,aravind.raman964@protonmail.com,9814504247,Madurai,TN,625001,2022-08-03,Business,0,1.0,2.4
CUST-03566,Rahul Pillai,rahul.pillai911@outlook.com,9838577405,KOLKATA,WB,700001,2023-09-23,Business,0,59.0,2.0
CUST-04603,Aravind Reddy,aravind.reddy27@yahoo.in,9986651253,Kolkata,WB,700001,2022-09-25,Retail,1,212.0,4.1
CUST-04531,Fatima Reddy,fatima.reddy648yahoo.in,9825403372,Madurai,TN,625001,2022-08-04,Smb,1,76.0,
CUST-02991,Vasanth Das,vasanth.das822@outlook.com,+91-97544 71504,Jaipur,RJ,302001,2023-02-11,Business,1,34.0,2.6
CUST-03392,Priya Singh,priya.singh309@yahoo.in,9731849905,Pune,MH,411001,2023-11-26,Enterprise,0,98.0,4.8
CUST-01688,Arjun Nair,arjun.nair435@protonmail.com,9777546220,Ahmedabad,GJ,380001,2022-02-03,Retail,1,71.0,3.9
CUST-04229,IMRAN PILLAI,imran.pillai357@gmail.com,9861765846,Bhubaneswar,OD,751001,2022-12-15,Smb,1,216.0,3.1
CUST-03123,Karthik Das,karthik.das142@yahoo.in,9753845613,Mysuru,KA,570001,2022-03-24,Retail,0,47.0,4.0
CUST-03311,  Arjun Chowdhury  ,arjun.chowdhury159@gmail.com,+91-98848 15463,Ahmedabad,GJ,380001,2023-03-13,Business,1,118.0,4.9
CUST-01589,GOPAL BOSE,gopal.bose837@outlook.com,+91-96231 71548,Gurugram,HR,122001,2023-06-07,Business,1,170.0,4.8
CUST-03665,Rahul Das,rahul.das496@outlook.com,9743592407,Madurai,TN,625001,2022-05-09,Smb,0,27.0,3.4
CUST-02499,  Nithin Patel  ,nithin.patel61@gmail.com,695432483,Bengaluru,KA,560001,2022-01-29,Retail,1,95.0,4.7
CUST-00032,Priya Patel,priya.patel974@yahoo.in,+91-99965 35353,Visakhapatnam,AP,530001,2023-05-13,Retail,1,4.0,
CUST-03284,LAKSHMI CHOWDHURY,lakshmi.chowdhury145@gmail.com,9883406843,Nagpur,MH,440001,2023-07-21,Enterprise,1,71.0,2.9
CUST-01376,Revathi Raman,revathi.raman573@gmail.com,722941022,Lucknow,UP,226001,2022-11-24,Enterprise,1,157.0,4.6
CUST-01327,Neha Mehta,neha.mehta407@gmail.com,9622571788,Visakhapatnam,AP,530001,2023-09-27,Smb,0,144.0,3.2
CUST-03781,Gopal Iyer,gopal.iyer496@yahoo.in,9693401156,Chandigarh,CH,160017,2022-10-15,Retail,0,93.0,3.1
CUST-01350,Ananya Verma,ananya.verma80@outlook.com,91 97158-41649,Kochi,KL,682001,2023-11-16,Business,1,188.0,2.2
CUST-00256,Arjun Chowdhury,arjun.chowdhury491@protonmail.com,9946631898,Mysuru,KA,570001,2022-11-03,Retail,1,77.0,4.0
CUST-04989,Neha Krishnan,neha.krishnan340@protonmail.com,9870968135,Visakhapatnam,AP,530001,2023-01-10,Retail,1,142.0,4.3
CUST-03643,Priya Singh,priya.singh955@yahoo.in,-,Kolkata,WB,700001,2022-01-24,Retail,1,95.0,3.6
CUST-03623,Sneha Singh,sneha.singh964@protonmail.com,  ,Madurai,TN,625001,2023-08-27,Business,1,165.0,3.7
CUST-04148,Ishita Iyer,ishita.iyer38@outlook.com,9801752283,Kochi,KL,682001,2023-07-23,Retail,0,26.0,
CUST-04972,Imran Sharma,imran.sharma327@protonmail.com,9737827246,LUCKNOW,UP,226001,2023-12-19,Retail,1,4.0,2.3
CUST-00349,Divya Bose,divya.bose364@gmail.com,9899049098,Mysuru,KA,570001,2022-10-09,Retail,0,201.0,4.3
CUST-02728,Aravind Krishnan,aravind.krishnan539@protonmail.com,+91-96017 43710,Nagpur,MH,440001,2022-06-18,Business,0,128.0,4.0
CUST-03701,SWETHA IYER,swetha.iyer272@gmail.com,9887019523,NAGPUR,MH,440001,2022-05-27,Smb,0,28.0,2.5
CUST-00125,DIVYA DAS,divya.das296@yahoo.in,09903681277,Bhubaneswar,OD,751001,2022-12-21,Retail,0,140.0,3.3
CUST-02779,Vikram Patel,vikram.patel569@gmail.com,09863411846,Ahmedabad,GJ,380001,2022-12-06,Smb,1,37.0,4.9
CUST-02880,Vikram Reddy,vikram.reddy353@yahoo.in,+91-97364 92464,Guwahati,AS,781001,2023-02-14,Business,0,211.0,2.8
CUST-02774,Kavya Joshi,kavya.joshi51@yahoo.in,9969363887,Bhubaneswar,OD,751001,2023-05-12,Retail,0,,2.9
CUST-02636,Ananya Patel,unknown,+91-96513 23675,Pune,MH,411001,2023-02-12,Smb,0,14.0,3.9
CUST-00434,deepa joshi,deepa.joshi812@gmail.com,+91-97847 48312,Pune,MH,411001,2022-08-27,Business,0,22.0,2.7
CUST-04771,swetha krishnan,swetha.krishnan25@yahoo.in,9655503476,Madurai,TN,625001,2023-10-03,Smb,0,207.0,3.9
CUST-03336,Suresh Joshi,suresh.joshi600@protonmail.com,09870767396,Coimbatore,TN,641001,2023-08-29,Enterprise,1,170.0,3.6
CUST-01100,Imran Mehta,imran.mehta18@protonmail.com,9767599773,Pune,MH,411001,2022-09-16,Enterprise,0,30.0,2.2
CUST-02515,Lakshmi Reddy,lakshmi.reddy367@outlook.com,91 99395-80022,Nagpur,MH,440001,2023-01-30,Business,0,10.0,4.4
CUST-03607,Suresh Sharma,suresh.sharma140@yahoo.in,+91-98723 36599,Coimbatore,TN,641001,2022-05-18,Retail,0,40.0,3.8
CUST-02576,Imran Reddy,imran.reddy668@gmail.com,,Ahmedabad,GJ,380001,2021-08-19,Smb,0,125.0,2.3
