work_order_id,vehicle_id,service_date,service_type,parts_replaced,labour_hours,cost_inr,downtime_hours,failure_reported,technician_id
WO-000001,VEH-0475,2024-05-14,Battery Pack Swap,"Motor, ESC",4.9,38026.84,19.7,1.0,TEC-015
WO-000002,VEH-0475,2024-05-27,Battery Pack Swap,,6.9,3248.84,20.3,0.0,TEC-185
WO-000003,VEH-0632,2024-12-12,Routine Inspection,,2.9,17940.67,59.7,1.0,TEC-072
WO-000004,VEH-0632,2025-04-10,Battery Pack Swap,,0.7,34331.71,73.7,0.0,TEC-203
WO-000005,VEH-0562,2024-12-12,Motor Overhaul,"Brake Pads, Fluid",1.8,23779.23,47.2,0.0,TEC-067
WO-000007,VEH-0562,2025-03-09,Propeller Replacement,"Brake Pads, Fluid",3.1,11186.15,57.3,1.0,TEC-145
WO-000008,VEH-0562,2024-06-04,Frame Repair,,11.3,24178.97,38.1,1.0,TEC-103
WO-000009,VEH-0652,2024-07-01,Firmware Update,Battery Pack,11.0,46944.87,5.2,,TEC-091
WO-000010,VEH-0652,2024-10-24,Motor Overhaul,,10.5,43895.28,38.0,0.0,TEC-130
WO-000011,VEH-0652,2024-05-09,Landing Gear Fix,Propeller x2,3.3,39747.03,41.2,0.0,TEC-096
WO-000012,VEH-0652,2025-10-03,Landing Gear Fix,,3.5,38791.85,30.0,0.0,TEC-076
WO-000013,VEH-0333,2024-08-29,Frame Repair,Landing Skid,13.4,34503.72,92.2,1.0,TEC-042
WO-000014,VEH-0333,2024-01-04,Battery Pack Swap,Battery Pack,1.2,3615.5,24.4,,TEC-100
WO-000015,VEH-0540,2024-09-22,Engine Service,Landing Skid,3.3,16818.55,82.5,0.0,TEC-174
WO-000016,VEH-0540,2024-07-30,Tyre Change,,6.0,16138.0,67.5,1.0,TEC-103
WO-000017,VEH-0540,2025-03-29,Engine Service,Propeller x2,5.7,17260.2,7.9,,TEC-127
WO-000018,VEH-0540,2024-02-09,Routine Inspection,,4.6,38695.39,36.3,0.0,TEC-039
WO-000019,VEH-0540,2024-04-03,Firmware Update,Propeller x2,2.6,24792.95,49.7,0.0,TEC-200
WO-000020,VEH-0540,2024-07-02,Landing Gear Fix,"Brake Pads, Fluid",1.6,44619.43,95.2,,TEC-172
WO-000021,VEH-0310,2024-11-21,Frame Repair,Battery Pack,11.0,34790.23,60.2,0.0,TEC-102
WO-000022,VEH-0310,2024-12-24,Motor Overhaul,Landing Skid,2.4,37145.35,15.5,1.0,TEC-191
WO-000024,VEH-0310,2024-08-05,Firmware Update,Propeller x2,10.4,30672.58,35.2,1.0,TEC-216
WO-000026,VEH-0480,2024-03-08,Engine Service,"Brake Pads, Fluid",5.4,5995.37,2.5,,TEC-180
WO-000027,VEH-0480,2024-11-20,Motor Overhaul,Propeller x2,5.5,46145.84,45.6,0.0,TEC-107
WO-000028,VEH-0480,2025-10-04,Frame Repair,,8.4,11796.86,7.9,0.0,TEC-114
WO-000029,VEH-0480,2024-03-03,Firmware Update,,1.1,19355.55,63.0,1.0,TEC-087
WO-000030,VEH-0480,2024-01-09,Propeller Replacement,Landing Skid,13.3,35916.92,31.3,,TEC-179
WO-000031,VEH-0224,2024-05-07,Tyre Change,,7.3,42626.28,61.5,,TEC-202
WO-000032,VEH-0224,2024-05-18,Frame Repair,,2.1,33066.05,82.6,1.0,TEC-144
WO-000033,VEH-0365,2024-08-01,Motor Overhaul,Propeller x2,6.3,38329.99,54.0,0.0,TEC-126
WO-000034,VEH-0365,2024-09-13,Frame Repair,,6.4,45956.21,15.4,1.0,TEC-174
WO-000035,VEH-0365,2024-05-10,Frame Repair,"Motor, ESC",13.1,34522.91,31.3,0.0,TEC-052
WO-000037,VEH-0491,2024-12-16,Tyre Change,Propeller x2,9.8,23172.29,36.5,0.0,TEC-143
WO-000038,VEH-0491,2024-10-24,Battery Pack Swap,,8.2,27368.3,11.3,,TEC-009
WO-000039,VEH-0491,2024-06-09,Tyre Change,,7.1,1240.59,42.9,0.0,TEC-110
WO-000040,VEH-0491,2024-06-05,Firmware Update,Propeller x2,2.5,6347.87,67.6,0.0,TEC-140
WO-000041,VEH-0491,2024-05-11,Routine Inspection,Propeller x2,13.6,37014.34,27.2,1.0,TEC-031
WO-000042,VEH-0491,2024-01-27,Battery Pack Swap,Battery Pack,12.1,28624.42,52.0,,TEC-057
WO-000043,VEH-0199,2024-08-14,Routine Inspection,Battery Pack,4.5,16540.65,9.9,,TEC-120
WO-000044,VEH-0199,2025-05-28,Firmware Update,Propeller x2,12.0,10127.94,43.4,1.0,TEC-135
WO-000045,VEH-0199,2025-05-21,Tyre Change,Battery Pack,9.5,44499.39,82.7,1.0,TEC-200
WO-000046,VEH-0199,2024-12-06,Routine Inspection,,3.3,16422.26,23.0,0.0,TEC-057
WO-000047,VEH-0199,2024-11-05,Battery Pack Swap,Propeller x2,3.6,13752.5,15.2,0.0,TEC-067
WO-000048,VEH-0199,2024-10-11,Engine Service,Battery Pack,8.8,11275.49,4.3,1.0,TEC-141
WO-000049,VEH-0278,2025-06-26,Engine Service,"Motor, ESC",4.3,33444.67,4.9,1.0,TEC-069
WO-000050,VEH-0034,2024-11-20,Routine Inspection,,10.6,42108.7,94.3,1.0,TEC-216
WO-000051,VEH-0034,2024-12-22,Routine Inspection,,8.1,1396.62,61.9,0.0,TEC-002
WO-000052,VEH-0537,2024-03-06,Engine Service,Propeller x2,2.1,2672.11,20.0,0.0,TEC-153
WO-000053,VEH-0537,2024-03-29,Motor Overhaul,"Brake Pads, Fluid",6.8,1193.46,49.9,0.0,TEC-052
WO-000054,VEH-0537,2024-09-28,Firmware Update,"Motor, ESC",3.5,14403.01,94.7,0.0,TEC-080
WO-000055,VEH-0537,2025-02-16,Engine Service,"Brake Pads, Fluid",4.7,43017.12,27.6,,TEC-187
WO-000056,VEH-0537,2024-11-21,Engine Service,"Motor, ESC",2.5,16298.82,7.9,1.0,TEC-174
WO-000057,VEH-0103,2024-03-12,Routine Inspection,Battery Pack,2.2,24119.11,91.6,0.0,TEC-219
WO-000058,VEH-0103,2024-06-09,Battery Pack Swap,Propeller x2,9.0,12946.17,90.0,0.0,TEC-100
WO-000059,VEH-0103,2024-07-19,Brake Pad Replacement,Battery Pack,7.0,24049.84,5.5,1.0,TEC-063
WO-000060,VEH-0103,2024-07-17,Frame Repair,,13.1,27588.1,88.6,0.0,TEC-138
WO-000061,VEH-0103,2025-03-13,Frame Repair,,7.9,12719.6,31.4,,TEC-111
WO-000062,VEH-0164,2025-01-15,Landing Gear Fix,Propeller x2,13.1,41820.49,9.4,0.0,TEC-038
WO-000063,VEH-0164,2024-12-19,Landing Gear Fix,Battery Pack,6.3,13885.09,11.3,0.0,TEC-039
WO-000064,VEH-0487,2024-10-01,Routine Inspection,Landing Skid,7.0,32568.91,80.9,1.0,TEC-195
WO-000065,VEH-0487,2024-06-15,Propeller Replacement,Battery Pack,12.4,27985.45,33.5,0.0,TEC-002
WO-000066,VEH-0487,2024-11-03,Landing Gear Fix,"Motor, ESC",3.8,38233.13,27.8,,TEC-029
WO-000067,VEH-0487,2025-06-02,Propeller Replacement,,11.0,26872.46,89.1,0.0,TEC-126
WO-000068,VEH-0487,2024-11-18,Motor Overhaul,"Motor, ESC",10.5,34695.62,76.3,1.0,TEC-087
WO-000069,VEH-0487,2024-03-01,Routine Inspection,Propeller x2,10.8,15572.14,42.6,0.0,TEC-004
WO-000070,VEH-0528,2024-12-08,Brake Pad Replacement,"Brake Pads, Fluid",7.9,14242.97,39.5,,TEC-093
WO-000071,VEH-0528,2024-03-10,Motor Overhaul,"Motor, ESC",9.1,23683.09,72.5,1.0,TEC-123
WO-000072,VEH-0593,2024-12-16,Motor Overhaul,Battery Pack,2.4,8720.14,26.8,,TEC-028
WO-000073,VEH-0677,2025-03-26,Brake Pad Replacement,,12.6,31925.47,77.4,,TEC-107
WO-000074,VEH-0677,2025-02-10,Tyre Change,Propeller x2,3.2,12404.04,24.4,,TEC-127
WO-000075,VEH-0677,2024-12-02,Propeller Replacement,Propeller x2,11.9,5186.43,58.4,0.0,TEC-110
WO-000076,VEH-0542,2025-12-03,Routine Inspection,,9.2,19921.73,59.4,0.0,TEC-172
WO-000077,VEH-0542,2024-04-09,Landing Gear Fix,Landing Skid,0.5,43538.08,86.7,0.0,TEC-109
WO-000078,VEH-0542,2024-01-29,Brake Pad Replacement,"Brake Pads, Fluid",12.1,37961.24,50.4,0.0,TEC-018
WO-000079,VEH-0066,2024-12-09,Brake Pad Replacement,Landing Skid,12.1,7377.17,13.2,0.0,TEC-030
WO-000080,VEH-0066,2024-08-11,Routine Inspection,,13.7,6445.52,86.9,1.0,TEC-045
WO-000081,VEH-0066,2024-02-07,Brake Pad Replacement,,5.3,17703.0,5.7,0.0,TEC-039
WO-000082,VEH-0066,2024-06-22,Brake Pad Replacement,"Brake Pads, Fluid",8.7,10974.14,20.2,1.0,TEC-194
WO-000083,VEH-0231,2024-11-24,Propeller Replacement,,2.5,25784.86,90.0,0.0,TEC-010
WO-000086,VEH-0231,2025-07-06,Routine Inspection,,7.3,4988.04,85.8,1.0,TEC-202
WO-000087,VEH-0231,2024-09-10,Engine Service,Landing Skid,11.6,27474.35,57.0,0.0,TEC-144
WO-000088,VEH-0231,2024-06-28,Brake Pad Replacement,Battery Pack,9.8,4498.27,41.5,,TEC-173
WO-000089,VEH-0311,2024-09-28,Battery Pack Swap,Propeller x2,7.3,28851.71,49.3,1.0,TEC-080
WO-000090,VEH-0069,2024-06-27,Battery Pack Swap,,1.9,11562.74,61.8,,TEC-016
WO-000091,VEH-0682,2025-02-24,Routine Inspection,"Brake Pads, Fluid",12.6,37557.32,21.9,1.0,TEC-023
WO-000092,VEH-0724,2025-09-06,Engine Service,Battery Pack,7.4,2443.1,78.8,,TEC-092
WO-000093,VEH-0724,2025-03-12,Motor Overhaul,,4.1,44351.99,20.7,,TEC-162
WO-000094,VEH-0724,2024-02-10,Brake Pad Replacement,Landing Skid,13.1,35630.65,14.5,1.0,TEC-193
WO-000095,VEH-0724,2024-03-04,Propeller Replacement,,11.7,2990.83,68.4,0.0,TEC-113
WO-000096,VEH-0724,2024-09-21,Propeller Replacement,,1.1,33711.15,13.6,1.0,TEC-005
WO-000097,VEH-0236,2024-06-27,Motor Overhaul,Battery Pack,8.9,29906.52,20.6,0.0,TEC-085
WO-000098,VEH-0236,2024-01-23,Motor Overhaul,Battery Pack,8.1,19308.92,66.8,1.0,TEC-001
WO-000099,VEH-0236,2024-06-06,Engine Service,,12.6,12682.05,92.4,1.0,TEC-042
WO-000100,VEH-0236,2024-12-04,Propeller Replacement,Propeller x2,5.6,22169.33,62.0,0.0,TEC-002
WO-000101,VEH-0520,2024-04-23,Brake Pad Replacement,Battery Pack,9.3,31280.29,68.2,0.0,TEC-169
WO-000102,VEH-0520,2024-06-01,Propeller Replacement,Landing Skid,9.7,5961.65,3.2,0.0,TEC-213
WO-000103,VEH-0520,2025-02-16,Engine Service,"Brake Pads, Fluid",-,35634.44,91.9,0.0,TEC-028
WO-000104,VEH-0520,2024-03-12,Brake Pad Replacement,Battery Pack,11.6,28814.95,55.8,0.0,TEC-137
WO-000105,VEH-0520,2024-03-22,Propeller Replacement,"Motor, ESC",13.2,14987.29,18.8,1.0,TEC-103
WO-000106,VEH-0018,2024-12-12,Firmware Update,Battery Pack,1.2,4735.47,50.9,,TEC-204
WO-000107,VEH-0018,2024-12-16,Routine Inspection,Landing Skid,2.0,43031.28,39.1,1.0,TEC-067
WO-000109,VEH-0030,2024-03-03,Motor Overhaul,,5.6,43654.15,26.4,,TEC-169
WO-000110,VEH-0030,2024-05-08,Propeller Replacement,"Brake Pads, Fluid",2.8,44553.02,5.1,1.0,TEC-157
WO-000111,VEH-0030,2024-02-28,Firmware Update,"Brake Pads, Fluid",1.1,36625.2,61.8,,TEC-063
WO-000112,VEH-0030,2025-03-01,Frame Repair,"Motor, ESC",4.0,33480.8,20.8,0.0,TEC-091
WO-000113,VEH-0030,2025-06-03,Tyre Change,,5.2,15831.69,26.3,,TEC-034
WO-000114,VEH-0190,2024-01-30,Motor Overhaul,Battery Pack,9.2,46740.5,41.9,1.0,TEC-097
WO-000115,VEH-0422,2025-04-13,Routine Inspection,"Brake Pads, Fluid",2.9,32953.36,60.3,1.0,TEC-029
WO-000116,VEH-0422,2025-06-26,Routine Inspection,Battery Pack,6.5,17971.4,56.7,1.0,TEC-173
WO-000117,VEH-0422,2025-04-07,Routine Inspection,,12.3,16454.95,61.4,0.0,TEC-077
WO-000118,VEH-0433,2024-05-06,Engine Service,,1.3,17709.88,65.0,,TEC-120
WO-000119,VEH-0433,2024-08-18,Engine Service,,6.6,36270.3,94.6,,TEC-083
WO-000120,VEH-0433,2024-10-06,Brake Pad Replacement,,1.6,35947.26,87.6,,TEC-166
WO-000121,VEH-0433,2025-05-18,Battery Pack Swap,"Motor, ESC",13.5,23299.64,27.0,,TEC-195
WO-000122,VEH-0433,2024-03-21,Frame Repair,,13.4,7724.68,63.5,1.0,TEC-215
WO-000123,VEH-0015,2024-10-01,Battery Pack Swap,Battery Pack,10.3,30750.65,64.8,,TEC-001
WO-000124,VEH-0015,2025-05-22,Landing Gear Fix,,5.9,42300.05,63.9,1.0,TEC-208
WO-000125,VEH-0002,2025-05-24,Propeller Replacement,,6.0,28225.03,47.9,1.0,TEC-042
WO-000126,VEH-0002,2025-02-27,Routine Inspection,"Motor, ESC",9.3,16795.81,51.4,1.0,TEC-203
WO-000127,VEH-0002,2025-02-10,Motor Overhaul,,5.0,14592.8,50.1,1.0,TEC-068
WO-000128,VEH-0002,2024-05-23,Motor Overhaul,,2.7,28192.47,61.8,1.0,TEC-009
WO-000129,VEH-0002,2024-01-25,Engine Service,Landing Skid,0.9,37470.64,76.5,0.0,TEC-203
WO-000131,VEH-0118,2025-05-27,Routine Inspection,Propeller x2,13.2,7282.28,67.1,1.0,TEC-009
WO-000132,VEH-0118,2024-08-19,Motor Overhaul,"Brake Pads, Fluid",10.3,9909.76,72.9,0.0,TEC-186
WO-000133,VEH-0118,2025-09-02,Propeller Replacement,"Brake Pads, Fluid",1.2,41889.72,18.8,0.0,TEC-073
WO-000134,VEH-0118,2025-09-03,Engine Service,,3.3,9082.19,59.8,0.0,TEC-096
WO-000135,VEH-0548,2025-03-05,Routine Inspection,,12.3,20127.35,34.4,0.0,TEC-163
WO-000136,VEH-0548,2024-11-16,Motor Overhaul,,2.0,18535.76,93.8,,TEC-010
WO-000137,VEH-0207,2025-06-27,Brake Pad Replacement,Battery Pack,7.1,9772.7,11.0,1.0,TEC-003
WO-000138,VEH-0207,2025-06-01,Frame Repair,"Motor, ESC",11.9,35955.3,78.7,,TEC-207
WO-000139,VEH-0207,2024-01-30,Propeller Replacement,"Motor, ESC",12.6,35018.9,42.3,,TEC-201
WO-000140,VEH-0207,2024-06-10,Propeller Replacement,Propeller x2,,23321.35,81.5,,TEC-177
WO-000141,VEH-0295,2024-10-07,Engine Service,Battery Pack,9.8,27221.24,94.5,1.0,TEC-101
WO-000142,VEH-0295,2024-06-07,Firmware Update,Propeller x2,4.6,27985.16,16.4,0.0,TEC-150
WO-000143,VEH-0046,2025-02-05,Firmware Update,Landing Skid,11.7,16949.97,92.0,1.0,TEC-139
WO-000144,VEH-0046,2024-02-25,Landing Gear Fix,,4.8,22653.4,14.1,1.0,TEC-021
WO-000145,VEH-0046,2024-11-22,Firmware Update,Propeller x2,10.1,13772.94,13.6,0.0,TEC-103
WO-000146,VEH-0046,2024-03-25,Brake Pad Replacement,"Brake Pads, Fluid",,15986.23,54.1,1.0,TEC-132
WO-000147,VEH-0046,2025-02-19,Engine Service,Propeller x2,7.1,16509.47,39.4,1.0,TEC-115
WO-000148,VEH-0316,2025-07-02,Frame Repair,Propeller x2,1.6,19657.88,55.7,0.0,TEC-092
WO-000149,VEH-0523,2024-07-04,Routine Inspection,"Motor, ESC",7.8,43940.29,4.4,0.0,TEC-063
WO-000150,VEH-0523,2024-04-03,Brake Pad Replacement,Battery Pack,2.5,15463.21,44.5,0.0,TEC-126
WO-000151,VEH-0523,2024-01-24,Engine Service,Landing Skid,5.0,29064.45,28.3,,TEC-116
WO-000152,VEH-0523,2025-01-01,Brake Pad Replacement,"Brake Pads, Fluid",11.6,5897.43,63.1,0.0,TEC-021
WO-000153,VEH-0523,2024-08-27,Brake Pad Replacement,"Brake Pads, Fluid",7.0,22328.99,54.5,,TEC-018
WO-000154,VEH-0123,2025-04-06,Engine Service,,8.1,23352.9,7.9,0.0,TEC-084
WO-000155,VEH-0646,2024-04-09,Tyre Change,,8.3,708.88,35.6,0.0,TEC-161
WO-000156,VEH-0646,2024-12-16,Motor Overhaul,Battery Pack,11.7,41647.62,73.2,1.0,TEC-142
WO-000157,VEH-0646,2024-03-08,Battery Pack Swap,,2.0,18854.74,26.9,0.0,TEC-027
WO-000158,VEH-0646,2024-08-27,Routine Inspection,,11.9,15478.58,23.2,0.0,TEC-087
WO-000159,VEH-0646,2025-01-08,Brake Pad Replacement,,4.9,6693.64,76.5,0.0,TEC-203
WO-000160,VEH-0646,2025-04-06,Tyre Change,,5.9,27625.71,39.0,0.0,TEC-066
WO-000161,VEH-0216,2024-08-16,Propeller Replacement,Landing Skid,5.1,22941.44,48.8,,TEC-098
WO-000162,VEH-0216,2025-03-02,Engine Service,Battery Pack,11.6,740.77,87.0,1.0,TEC-182
WO-000163,VEH-0216,2024-09-03,Frame Repair,Battery Pack,3.7,26778.05,29.6,1.0,TEC-042
WO-000164,VEH-0664,2025-06-05,Tyre Change,Propeller x2,1.3,26501.24,77.7,,TEC-030
WO-000165,VEH-0664,2024-01-03,Landing Gear Fix,,11.4,23380.25,20.1,1.0,TEC-053
WO-000166,VEH-0664,2024-09-13,Battery Pack Swap,,9.9,1240.43,15.0,0.0,TEC-168
WO-000167,VEH-0664,2024-12-24,Brake Pad Replacement,Landing Skid,3.1,16196.0,46.1,0.0,TEC-208
WO-000168,VEH-0664,2024-10-03,Motor Overhaul,,0.7,41723.53,10.5,0.0,TEC-035
WO-000169,VEH-0227,2025-04-03,Brake Pad Replacement,Propeller x2,9.3,21968.91,75.5,0.0,TEC-078
WO-000170,VEH-0251,2024-07-07,Engine Service,Battery Pack,11.5,750.5,48.3,1.0,TEC-144
WO-000172,VEH-0251,2024-07-25,Motor Overhaul,,10.8,9919.69,71.1,0.0,TEC-024
WO-000173,VEH-0251,2024-02-13,Engine Service,"Brake Pads, Fluid",11.4,8350.48,1.8,1.0,TEC-174
WO-000174,VEH-0251,2024-02-18,Frame Repair,"Brake Pads, Fluid",8.5,24001.13,93.0,,TEC-136
WO-000175,VEH-0251,2025-12-02,Motor Overhaul,Battery Pack,4.9,19961.33,4.0,1.0,TEC-047
WO-000176,VEH-0108,2024-12-01,Landing Gear Fix,"Brake Pads, Fluid",0.5,20149.99,60.2,1.0,TEC-104
WO-000177,VEH-0381,2024-08-27,Routine Inspection,,12.4,39257.2,60.9,0.0,TEC-136
WO-000178,VEH-0381,2024-11-25,Tyre Change,Battery Pack,11.8,16804.25,3.1,0.0,TEC-151
WO-000179,VEH-0204,2024-03-08,Routine Inspection,Propeller x2,9.0,35095.92,16.9,1.0,TEC-019
WO-000180,VEH-0204,2024-09-27,Propeller Replacement,,1.8,28292.76,29.5,0.0,TEC-015
WO-000181,VEH-0204,2024-08-06,Routine Inspection,,10.5,18268.89,56.6,1.0,TEC-177
WO-000182,VEH-0204,2025-05-01,Routine Inspection,Battery Pack,11.0,17684.92,47.0,,TEC-017
WO-000183,VEH-0524,2025-03-13,Landing Gear Fix,Landing Skid,3.7,28901.56,1.8,1.0,TEC-101
WO-000184,VEH-0524,2024-10-10,Propeller Replacement,,4.9,20300.49,68.4,0.0,TEC-057
WO-000185,VEH-0524,2024-08-23,Motor Overhaul,"Motor, ESC",11.4,11474.79,37.0,,TEC-038
WO-000186,VEH-0524,2025-04-05,Routine Inspection,Battery Pack,9.7,39431.01,74.7,1.0,TEC-088
WO-000187,VEH-0284,2024-11-07,Frame Repair,"Brake Pads, Fluid",,9180.57,81.2,1.0,TEC-146
WO-000188,VEH-0146,2024-12-02,Landing Gear Fix,,11.1,33285.13,9.0,0.0,TEC-168
WO-000189,VEH-0146,2024-03-21,Propeller Replacement,,,32168.69,49.3,0.0,TEC-151
WO-000190,VEH-0146,2025-12-02,Landing Gear Fix,Propeller x2,3.8,11936.31,38.2,0.0,TEC-134
WO-000191,VEH-0146,2024-11-11,Engine Service,"Brake Pads, Fluid",12.4,1989.78,85.1,1.0,TEC-134
WO-000192,VEH-9337,2025-02-11,Engine Service,"Brake Pads, Fluid",8.0,28483.96,59.3,1.0,TEC-047
WO-000193,VEH-0511,2025-06-06,Frame Repair,"Motor, ESC",10.7,22360.36,81.4,0.0,TEC-172
WO-000194,VEH-0380,2024-03-12,Routine Inspection,,10.9,31607.84,89.7,1.0,TEC-161
WO-000195,VEH-0380,2025-04-17,Landing Gear Fix,Battery Pack,13.1,22020.14,95.7,0.0,TEC-219
WO-000196,VEH-0380,2025-03-27,Landing Gear Fix,Landing Skid,-,7968.38,69.9,0.0,TEC-062
WO-000197,VEH-0380,2025-01-03,Landing Gear Fix,,13.8,47795.01,80.3,0.0,TEC-129
WO-000198,VEH-0380,2025-05-21,Propeller Replacement,Landing Skid,4.4,23086.28,52.2,0.0,TEC-084
WO-000199,VEH-0530,2025-01-02,Motor Overhaul,Landing Skid,10.5,35567.01,42.0,,TEC-203
WO-000200,VEH-0530,2024-03-30,Routine Inspection,,unknown,2667.48,49.1,0.0,TEC-079
WO-000202,VEH-0592,2024-12-11,Frame Repair,,9.9,30465.33,20.0,1.0,TEC-172
WO-000203,VEH-0592,2024-09-03,Landing Gear Fix,,8.8,46253.73,3.4,0.0,TEC-108
WO-000204,VEH-0592,2024-05-18,Engine Service,"Motor, ESC",11.7,12110.27,50.0,,TEC-064
WO-000205,VEH-0592,2025-04-13,Tyre Change,"Brake Pads, Fluid",11.6,46456.83,32.2,0.0,TEC-126
WO-000206,VEH-0592,2024-09-27,Propeller Replacement,"Motor, ESC",10.3,44639.38,65.3,,TEC-157
WO-000207,VEH-0592,2024-09-09,Frame Repair,,1.0,38205.67,72.1,1.0,TEC-096
WO-000209,VEH-0272,2025-05-19,Brake Pad Replacement,Propeller x2,13.2,41047.67,40.9,1.0,TEC-027
WO-000210,VEH-0272,2024-07-03,Engine Service,Landing Skid,2.3,21631.44,75.6,,TEC-187
WO-000211,VEH-0272,2024-12-29,Brake Pad Replacement,,12.4,19829.05,56.7,0.0,TEC-101
WO-000212,VEH-0272,2025-06-26,Firmware Update,Propeller x2,unknown,43937.24,88.9,0.0,TEC-188
WO-000213,VEH-0272,2025-10-06,Engine Service,Propeller x2,13.6,2038.9,55.0,0.0,TEC-082
WO-000214,VEH-0073,2024-04-15,Firmware Update,,2.6,10789.75,36.2,1.0,TEC-213
WO-000215,VEH-0073,2024-01-25,Routine Inspection,"Brake Pads, Fluid",13.9,30928.34,4.7,1.0,TEC-039
WO-000216,VEH-0073,2024-08-09,Routine Inspection,"Brake Pads, Fluid",11.3,24692.42,43.7,1.0,TEC-137
WO-000217,VEH-0535,2024-08-30,Frame Repair,Landing Skid,11.4,10746.08,30.5,,TEC-061
WO-000218,VEH-0535,2025-01-27,Engine Service,"Brake Pads, Fluid",13.3,9856.23,26.0,1.0,TEC-169
WO-000219,VEH-0535,2024-04-05,Propeller Replacement,,6.3,36140.06,19.2,1.0,TEC-200
WO-000220,VEH-0463,2025-02-03,Tyre Change,"Brake Pads, Fluid",  ,44588.02,94.1,0.0,TEC-021
WO-000221,VEH-0463,2024-06-29,Brake Pad Replacement,Battery Pack,3.4,14543.12,95.3,,TEC-052
WO-000222,VEH-0141,2024-09-25,Battery Pack Swap,,7.5,13136.13,74.3,1.0,TEC-045
WO-000223,VEH-0141,2024-09-27,Battery Pack Swap,,10.8,19265.69,27.5,1.0,TEC-017
WO-000224,VEH-0141,2025-06-07,Frame Repair,Battery Pack,7.9,41985.6,18.0,,TEC-007
WO-000225,VEH-0141,2025-05-22,Propeller Replacement,"Motor, ESC",13.8,13706.66,5.6,,TEC-166
WO-000226,VEH-0141,2024-09-27,Motor Overhaul,Propeller x2,0.7,24901.39,8.7,1.0,TEC-065
WO-000227,VEH-0141,2025-06-13,Propeller Replacement,,1.5,44461.24,30.9,0.0,TEC-038
WO-000229,VEH-0128,2024-06-13,Routine Inspection,,4.8,29589.47,62.7,1.0,TEC-037
WO-000230,VEH-0128,2024-01-23,Engine Service,"Motor, ESC",6.6,40958.35,51.0,1.0,TEC-206
WO-000231,VEH-0128,2024-02-04,Battery Pack Swap,Landing Skid,12.6,20736.49,33.4,1.0,TEC-111
WO-000233,VEH-0404,2024-11-23,Tyre Change,"Brake Pads, Fluid",5.5,9596.34,1.9,0.0,TEC-069
WO-000234,VEH-0404,2025-01-26,Landing Gear Fix,"Brake Pads, Fluid",11.1,17057.99,16.4,1.0,TEC-218
WO-000235,VEH-0404,2025-06-06,Tyre Change,Battery Pack,12.4,4996.34,44.8,1.0,TEC-163
WO-000236,VEH-0416,2024-01-27,Engine Service,"Brake Pads, Fluid",12.3,16618.83,9.6,1.0,TEC-018
WO-000237,VEH-0416,2024-09-26,Battery Pack Swap,,1.7,25467.81,64.4,1.0,TEC-218
WO-000238,VEH-0416,2024-12-02,Tyre Change,,13.2,7909.99,23.1,1.0,TEC-205
WO-000239,VEH-0416,2024-06-02,Propeller Replacement,"Motor, ESC",2.2,42253.52,25.7,0.0,TEC-101
WO-000240,VEH-0416,2024-12-09,Engine Service,,13.1,7393.16,24.3,0.0,TEC-118
WO-000242,VEH-0499,2025-04-06,Landing Gear Fix,Propeller x2,9.1,6575.77,39.0,0.0,TEC-020
WO-000243,VEH-0499,2024-06-08,Firmware Update,"Motor, ESC",,3403.97,69.6,1.0,TEC-050
WO-000244,VEH-0499,2024-09-25,Motor Overhaul,"Brake Pads, Fluid",7.8,12868.59,62.4,0.0,TEC-208
WO-000245,VEH-0499,2025-05-30,Routine Inspection,Battery Pack,1.5,11367.94,68.5,0.0,TEC-220
WO-000246,VEH-0499,2024-04-18,Brake Pad Replacement,"Motor, ESC",8.2,46622.75,45.6,1.0,TEC-109
WO-000247,VEH-0687,2025-02-24,Frame Repair,Propeller x2,5.3,38652.75,87.7,1.0,TEC-085
WO-000248,VEH-0687,2025-04-22,Battery Pack Swap,Landing Skid,9.2,17854.82,17.8,1.0,TEC-095
WO-000249,VEH-0687,2024-03-27,Tyre Change,Landing Skid,0.6,16240.1,24.2,1.0,TEC-029
WO-000250,VEH-0139,2024-12-24,Battery Pack Swap,Propeller x2,6.0,15233.68,32.2,0.0,TEC-034
WO-000251,VEH-0139,2025-10-06,Motor Overhaul,Propeller x2,11.9,29518.81,61.8,1.0,TEC-210
WO-000252,VEH-0139,2025-03-11,Battery Pack Swap,Landing Skid,10.2,29649.36,71.7,,TEC-050
WO-000253,VEH-0139,2024-11-09,Brake Pad Replacement,Landing Skid,9.7,25502.45,84.7,,TEC-027
WO-000254,VEH-0362,2024-08-18,Frame Repair,"Brake Pads, Fluid",7.7,40168.39,94.7,,TEC-188
WO-000255,VEH-0362,2025-05-13,Brake Pad Replacement,Landing Skid,12.6,8222.15,18.6,0.0,TEC-008
WO-000256,VEH-0464,2024-04-09,Frame Repair,,2.2,1671.71,17.9,1.0,TEC-023
WO-000257,VEH-0464,2024-04-28,Motor Overhaul,Landing Skid,8.3,19943.08,56.7,1.0,TEC-115
WO-000258,VEH-0464,2024-03-22,Firmware Update,Propeller x2,8.4,12496.83,8.9,0.0,TEC-073
WO-000259,VEH-0464,2025-01-25,Tyre Change,Battery Pack,6.4,12344.32,81.5,,TEC-059
WO-000260,VEH-0243,2024-05-12,Frame Repair,Propeller x2,10.7,1459.64,13.9,0.0,TEC-141
WO-000261,VEH-0243,2025-06-23,Firmware Update,,12.8,35254.54,6.2,,TEC-052
WO-000262,VEH-0243,2025-03-31,Firmware Update,,7.1,36184.69,15.0,,TEC-216
WO-000263,VEH-0243,2024-05-21,Routine Inspection,,4.6,11385.77,34.7,0.0,TEC-220
WO-000264,VEH-0243,2025-04-23,Brake Pad Replacement,"Brake Pads, Fluid",6.3,9098.54,85.1,0.0,TEC-142
WO-000265,VEH-0243,2024-04-22,Frame Repair,Propeller x2,-,39965.54,65.5,,TEC-121
WO-000266,VEH-0522,2024-10-14,Routine Inspection,Landing Skid,4.0,42725.18,12.5,0.0,TEC-110
WO-000267,VEH-0522,2025-09-06,Engine Service,,8.4,45530.91,27.8,,TEC-214
WO-000268,VEH-0522,2025-02-02,Battery Pack Swap,,11.4,29025.8,70.0,1.0,TEC-194
WO-000269,VEH-0275,2024-06-20,Battery Pack Swap,Battery Pack,2.9,6978.38,63.8,1.0,TEC-029
WO-000270,VEH-0275,2024-07-07,Tyre Change,Propeller x2,7.4,35882.95,48.0,0.0,TEC-045
WO-000271,VEH-0275,2025-04-17,Frame Repair,,3.2,37442.49,12.7,0.0,TEC-027
WO-000272,VEH-0396,2024-02-17,Routine Inspection,"Brake Pads, Fluid",5.4,19361.52,55.9,,TEC-122
WO-000273,VEH-0396,2024-10-03,Propeller Replacement,"Motor, ESC",0.8,19149.33,55.4,,TEC-203
WO-000274,VEH-0396,2025-05-03,Routine Inspection,,5.8,20169.1,13.3,,TEC-156
WO-000275,VEH-0396,2024-12-07,Frame Repair,Propeller x2,4.7,47691.22,67.7,1.0,TEC-020
WO-000276,VEH-0345,2024-08-03,Frame Repair,Landing Skid,6.6,27688.79,21.1,0.0,TEC-153
WO-000277,VEH-0603,2024-12-22,Motor Overhaul,"Motor, ESC",3.3,45263.28,55.6,,TEC-214
WO-000278,VEH-0603,2024-06-16,Routine Inspection,Propeller x2,2.9,46512.52,66.7,0.0,TEC-148
WO-000279,VEH-0603,2025-05-15,Routine Inspection,"Motor, ESC",10.7,26766.55,73.2,,TEC-188
WO-000280,VEH-0603,2024-02-11,Routine Inspection,,9.0,19599.75,40.6,1.0,TEC-131
WO-000281,VEH-0603,2024-10-08,Motor Overhaul,"Brake Pads, Fluid",2.1,46706.01,62.1,,TEC-084
WO-000282,VEH-0603,2024-04-06,Routine Inspection,,5.5,34182.65,1.3,0.0,TEC-048
WO-000283,VEH-0584,2024-10-14,Motor Overhaul,,5.6,12030.82,79.5,1.0,TEC-107
WO-000284,VEH-0134,2024-10-05,Motor Overhaul,Battery Pack,3.1,19194.81,60.2,0.0,TEC-206
WO-000285,VEH-0134,2024-05-24,Motor Overhaul,"Brake Pads, Fluid",3.4,29813.41,87.7,1.0,TEC-220
WO-000286,VEH-0134,2024-08-09,Landing Gear Fix,Propeller x2,7.9,16337.94,8.7,0.0,TEC-023
WO-000287,VEH-0134,2025-06-25,Routine Inspection,,1.7,32864.57,15.3,0.0,TEC-216
WO-000288,VEH-0196,2025-06-20,Firmware Update,,13.6,1250.32,28.0,1.0,TEC-008
WO-000289,VEH-0196,2025-03-11,Motor Overhaul,Propeller x2,9.2,12533.59,24.6,0.0,TEC-091
WO-000290,VEH-0013,2025-04-19,Brake Pad Replacement,,13.3,23096.8,64.5,,TEC-101
WO-000292,VEH-0329,2025-01-31,Engine Service,,6.8,40177.48,38.0,,TEC-046
WO-000293,VEH-9105,2024-07-26,Landing Gear Fix,"Motor, ESC",6.7,12515.98,69.9,0.0,TEC-207
WO-000294,VEH-0289,2024-06-26,Propeller Replacement,"Brake Pads, Fluid",5.8,22501.84,35.3,0.0,TEC-093
WO-000295,VEH-0289,2025-11-05,Routine Inspection,Battery Pack,9.9,37720.85,29.4,0.0,TEC-192
WO-000296,VEH-0502,2024-07-30,Landing Gear Fix,,4.0,22974.55,92.6,1.0,TEC-181
WO-000297,VEH-0502,2024-11-30,Brake Pad Replacement,,6.8,34148.1,19.4,1.0,TEC-101
WO-000298,VEH-0502,2025-01-05,Routine Inspection,Propeller x2,10.3,14795.72,57.1,,TEC-084
WO-000299,VEH-0502,2024-02-01,Routine Inspection,Battery Pack,6.0,32530.89,14.3,1.0,TEC-158
WO-000300,VEH-0502,2024-09-27,Brake Pad Replacement,"Motor, ESC",7.6,42720.24,52.2,1.0,TEC-090
WO-000301,VEH-0710,2024-01-29,Firmware Update,Battery Pack,6.2,13137.47,88.0,1.0,TEC-009
WO-000302,VEH-0299,2024-10-27,Propeller Replacement,Propeller x2,2.2,46001.92,92.4,1.0,TEC-185
WO-000303,VEH-0299,2025-05-12,Frame Repair,,0.8,7376.61,66.2,0.0,TEC-037
WO-000304,VEH-0299,2024-04-01,Landing Gear Fix,Battery Pack,10.1,29053.25,40.7,,TEC-024
WO-000305,VEH-0142,2025-07-01,Engine Service,,2.4,45550.02,79.0,0.0,TEC-185
WO-000306,VEH-0142,2025-03-05,Landing Gear Fix,Battery Pack,0.7,33983.19,84.7,0.0,TEC-188
WO-000307,VEH-0142,2024-04-19,Landing Gear Fix,"Brake Pads, Fluid",5.3,36853.54,6.7,1.0,TEC-023
WO-000308,VEH-0142,2024-05-01,Frame Repair,,9.5,19474.43,45.5,,TEC-013
WO-000309,VEH-0142,2024-01-31,Engine Service,Propeller x2,10.9,8138.24,32.3,,TEC-090
WO-000310,VEH-0274,2025-05-13,Firmware Update,"Motor, ESC",5.6,13291.29,32.1,,TEC-070
WO-000311,VEH-0274,2025-04-06,Motor Overhaul,Propeller x2,,46213.13,1.7,1.0,TEC-067
WO-000312,VEH-0274,2025-02-13,Motor Overhaul,,3.5,46415.81,88.9,1.0,TEC-107
WO-000313,VEH-0274,2024-04-21,Engine Service,Propeller x2,3.4,20311.56,37.3,,TEC-101
WO-000314,VEH-0508,2024-12-24,Routine Inspection,,6.1,10509.47,86.7,,TEC-045
WO-000315,VEH-0508,2024-06-22,Frame Repair,"Brake Pads, Fluid",-,45042.0,20.3,1.0,TEC-187
WO-000316,VEH-0508,2024-04-05,Landing Gear Fix,Battery Pack,7.7,2578.15,83.3,0.0,TEC-103
WO-000318,VEH-0518,2024-02-17,Tyre Change,,13.8,10912.23,95.8,,TEC-060
WO-000319,VEH-0518,2025-02-27,Propeller Replacement,Battery Pack,6.1,26352.89,55.2,0.0,TEC-026
WO-000320,VEH-0518,2025-06-30,Routine Inspection,"Brake Pads, Fluid",4.8,29268.64,34.0,0.0,TEC-205
WO-000321,VEH-0518,2025-02-19,Engine Service,Propeller x2,5.7,47204.37,81.6,1.0,TEC-088
WO-000323,VEH-0434,2024-06-05,Firmware Update,"Motor, ESC",5.7,36144.03,86.2,,TEC-106
WO-000324,VEH-0434,2025-03-06,Motor Overhaul,Propeller x2,5.3,47184.76,33.4,,TEC-208
WO-000325,VEH-0434,2024-04-11,Tyre Change,Battery Pack,8.5,25250.18,73.9,1.0,TEC-128
WO-000326,VEH-0434,2025-04-19,Battery Pack Swap,Battery Pack,8.3,38048.47,67.8,0.0,TEC-202
WO-000327,VEH-0434,2024-12-22,Battery Pack Swap,,9.0,13957.77,28.3,1.0,TEC-003
WO-000328,VEH-0246,2024-04-02,Tyre Change,,3.4,16528.82,90.0,0.0,TEC-153
WO-000329,VEH-0246,2024-10-31,Brake Pad Replacement,Battery Pack,0.6,37309.96,54.0,0.0,TEC-041
WO-000330,VEH-0246,2025-02-13,Motor Overhaul,Battery Pack,13.6,43880.26,73.6,1.0,TEC-145
WO-000332,VEH-0399,2025-02-25,Tyre Change,Propeller x2,13.5,2468.9,63.5,1.0,TEC-102
WO-000333,VEH-0399,2024-06-14,Motor Overhaul,,10.6,43315.14,8.9,0.0,TEC-157
WO-000334,VEH-0399,2025-03-04,Brake Pad Replacement,,2.0,19934.56,95.6,0.0,TEC-206
WO-000335,VEH-0399,2024-03-16,Frame Repair,Landing Skid,5.1,29121.05,22.0,,TEC-033
WO-000336,VEH-0399,2025-05-30,Tyre Change,,2.0,37220.76,65.5,1.0,TEC-119
WO-000337,VEH-0399,2024-01-03,Brake Pad Replacement,Propeller x2,5.4,19871.09,60.4,,TEC-003
WO-000338,VEH-0076,2025-01-11,Routine Inspection,"Brake Pads, Fluid",11.4,25706.09,62.4,1.0,TEC-166
WO-000339,VEH-0076,2025-06-16,Battery Pack Swap,"Motor, ESC",11.4,3180.56,67.4,1.0,TEC-185
WO-000340,VEH-0076,2024-03-18,Motor Overhaul,Propeller x2,2.5,47935.86,54.1,1.0,TEC-042
WO-000341,VEH-0076,2024-07-28,Landing Gear Fix,"Brake Pads, Fluid",2.9,30094.73,82.2,1.0,TEC-148
WO-000342,VEH-0383,2024-03-31,Engine Service,Battery Pack,10.1,2608.28,44.1,1.0,TEC-030
WO-000343,VEH-0711,2024-02-15,Motor Overhaul,"Brake Pads, Fluid",4.0,19185.28,51.4,0.0,TEC-193
WO-000344,VEH-0711,2024-05-14,Landing Gear Fix,"Motor, ESC",12.0,16620.49,8.8,0.0,TEC-012
WO-000345,VEH-0711,2024-07-24,Brake Pad Replacement,,1.9,11816.46,73.1,,TEC-051
WO-000346,VEH-0711,2024-04-23,Frame Repair,"Motor, ESC",6.2,36494.1,69.9,0.0,TEC-118
WO-000348,VEH-0711,2025-06-02,Frame Repair,Battery Pack,9.0,6845.43,87.9,,TEC-163
WO-000349,VEH-0658,2024-09-04,Frame Repair,"Motor, ESC",13.6,38081.77,36.2,1.0,TEC-198
WO-000350,VEH-0296,2024-08-13,Brake Pad Replacement,Battery Pack,10.0,6276.8,35.4,,TEC-030
WO-000351,VEH-0296,2025-01-24,Motor Overhaul,,8.4,20555.09,32.9,,TEC-036
WO-000352,VEH-0631,2024-06-29,Engine Service,Battery Pack,8.4,38625.83,70.8,,TEC-126
WO-000353,VEH-0622,2024-06-07,Tyre Change,Propeller x2,11.0,16078.89,27.1,1.0,TEC-122
WO-000354,VEH-0622,2024-01-19,Brake Pad Replacement,,11.1,37198.0,51.2,1.0,TEC-066
WO-000355,VEH-0501,2024-02-20,Routine Inspection,Landing Skid,7.6,32629.79,64.5,1.0,TEC-055
WO-000356,VEH-0501,2025-02-01,Landing Gear Fix,"Brake Pads, Fluid",10.7,39416.32,84.0,1.0,TEC-220
WO-000357,VEH-0505,2025-04-24,Motor Overhaul,Propeller x2,1.2,47009.05,89.4,1.0,TEC-142
WO-000358,VEH-0133,2025-03-25,Brake Pad Replacement,,9.0,40419.01,8.9,1.0,TEC-180
WO-000359,VEH-0248,2024-01-18,Landing Gear Fix,Battery Pack,9.4,41150.37,67.1,0.0,TEC-100
WO-000360,VEH-0248,2025-02-05,Propeller Replacement,"Brake Pads, Fluid",3.4,36146.54,10.0,0.0,TEC-133
WO-000361,VEH-0660,2024-10-29,Tyre Change,Propeller x2,2.4,42210.09,2.5,0.0,TEC-150
WO-000362,VEH-0660,2024-06-21,Landing Gear Fix,Propeller x2,5.5,6665.48,68.5,1.0,TEC-062
WO-000363,VEH-0660,2024-02-27,Firmware Update,,6.3,1612.93,16.9,1.0,TEC-071
WO-000364,VEH-0200,2024-09-20,Motor Overhaul,Propeller x2,6.5,37511.54,77.1,1.0,TEC-217
WO-000365,VEH-0200,2025-06-06,Engine Service,Landing Skid,5.9,11089.82,31.6,0.0,TEC-067
WO-000366,VEH-0200,2024-03-19,Battery Pack Swap,Propeller x2,7.3,7755.58,38.2,1.0,TEC-025
WO-000367,VEH-0200,2024-08-21,Firmware Update,,10.9,6265.58,26.7,1.0,TEC-147
WO-000368,VEH-0733,2024-06-19,Landing Gear Fix,,8.9,39770.37,18.4,,TEC-146
WO-000369,VEH-0733,2025-07-02,Engine Service,,7.5,21110.07,2.2,0.0,TEC-074
WO-000370,VEH-0733,2025-01-06,Tyre Change,"Motor, ESC",  ,34499.02,85.5,0.0,TEC-189
WO-000371,VEH-0733,2025-04-15,Routine Inspection,"Motor, ESC",8.0,40088.45,79.9,0.0,TEC-135
WO-000372,VEH-0733,2025-02-15,Routine Inspection,Battery Pack,6.6,19855.93,89.2,0.0,TEC-038
WO-000373,VEH-0637,2024-05-07,Motor Overhaul,"Motor, ESC",13.8,7193.76,1.0,0.0,TEC-145
WO-000374,VEH-0637,2024-02-24,Firmware Update,"Motor, ESC",12.2,10641.58,44.0,0.0,TEC-011
WO-000375,VEH-0637,2025-06-03,Propeller Replacement,Landing Skid,8.5,30246.76,48.5,1.0,TEC-042
WO-000376,VEH-0637,2024-06-01,Landing Gear Fix,"Motor, ESC",10.3,3190.71,51.3,0.0,TEC-148
WO-000377,VEH-0637,2025-05-12,Propeller Replacement,Landing Skid,9.0,41565.29,17.8,0.0,TEC-037
WO-000378,VEH-0614,2025-04-05,Brake Pad Replacement,,0.7,43228.13,29.5,,TEC-144
WO-000379,VEH-0614,2024-12-13,Brake Pad Replacement,Landing Skid,8.8,22557.32,49.6,0.0,TEC-092
WO-000380,VEH-0614,2024-12-31,Brake Pad Replacement,Propeller x2,0.9,44060.04,30.6,,TEC-027
WO-000381,VEH-0210,2025-04-26,Firmware Update,Landing Skid,12.4,26374.56,22.4,0.0,TEC-172
WO-000382,VEH-0210,2024-06-17,Brake Pad Replacement,Propeller x2,13.8,12611.99,8.7,0.0,TEC-014
WO-000383,VEH-0210,2024-06-26,Frame Repair,Battery Pack,5.1,33758.79,44.2,1.0,TEC-062
WO-000384,VEH-0210,2025-05-05,Firmware Update,"Motor, ESC",11.3,24991.79,30.1,0.0,TEC-160
WO-000385,VEH-0516,2025-06-12,Engine Service,"Motor, ESC",5.7,25058.97,24.6,1.0,TEC-128
WO-000386,VEH-0726,2024-07-02,Routine Inspection,"Brake Pads, Fluid",8.1,43219.4,86.5,1.0,TEC-062
WO-000387,VEH-0319,2024-12-17,Routine Inspection,Propeller x2,1.9,30700.39,65.1,,TEC-103
WO-000388,VEH-0319,2025-04-01,Tyre Change,Propeller x2,4.4,33727.36,76.9,0.0,TEC-009
WO-000389,VEH-0319,2025-05-26,Frame Repair,Landing Skid,11.2,37021.88,19.4,1.0,TEC-044
WO-000390,VEH-0319,2025-03-26,Frame Repair,,9.6,32388.11,50.2,,TEC-065
WO-000391,VEH-0319,2024-06-05,Motor Overhaul,Propeller x2,12.3,16564.1,3.6,,TEC-004
WO-000392,VEH-0319,2024-05-12,Battery Pack Swap,Landing Skid,4.9,26590.57,61.3,1.0,TEC-033
WO-000393,VEH-0026,2025-03-31,Motor Overhaul,"Motor, ESC",5.5,47471.27,84.1,0.0,TEC-109
WO-000394,VEH-0279,2025-05-16,Brake Pad Replacement,Propeller x2,7.3,22983.73,69.9,0.0,TEC-184
WO-000395,VEH-0279,2024-12-18,Brake Pad Replacement,,12.0,3382.88,26.0,,TEC-220
WO-000396,VEH-0403,2024-10-11,Landing Gear Fix,,7.0,44079.4,13.6,1.0,TEC-129
WO-000397,VEH-0403,2024-04-15,Motor Overhaul,Landing Skid,7.6,35264.58,60.5,0.0,TEC-134
WO-000398,VEH-0431,2025-05-05,Frame Repair,Landing Skid,13.2,2553.21,84.9,0.0,TEC-188
WO-000399,VEH-0431,2024-02-18,Propeller Replacement,Propeller x2,2.7,29693.14,73.0,,TEC-196
WO-000400,VEH-0431,2024-03-19,Battery Pack Swap,"Motor, ESC",0.9,19746.27,50.5,1.0,TEC-100
WO-000401,VEH-0431,2024-05-16,Frame Repair,,7.1,15141.77,49.5,0.0,TEC-156
WO-000402,VEH-0431,2024-04-05,Firmware Update,Landing Skid,2.4,47990.81,15.2,1.0,TEC-052
WO-000403,VEH-0431,2025-03-12,Battery Pack Swap,,2.9,47997.36,22.4,0.0,TEC-138
WO-000404,VEH-0504,2024-09-14,Firmware Update,,13.7,41682.67,17.6,,TEC-019
WO-000405,VEH-0504,2025-06-28,Motor Overhaul,Propeller x2,8.5,12996.11,16.8,1.0,TEC-032
WO-000406,VEH-0504,2025-01-25,Brake Pad Replacement,Propeller x2,0.7,30977.87,33.2,0.0,TEC-175
WO-000407,VEH-0504,2024-11-21,Engine Service,,7.2,29881.36,8.1,1.0,TEC-086
WO-000408,VEH-0504,2024-11-09,Tyre Change,,11.4,42587.48,53.8,,TEC-208
WO-000409,VEH-0193,2025-04-27,Brake Pad Replacement,"Brake Pads, Fluid",4.5,6759.78,76.6,0.0,TEC-066
WO-000410,VEH-9872,2024-04-10,Routine Inspection,Propeller x2,5.7,35769.75,1.9,0.0,TEC-124
WO-000411,VEH-0193,2025-02-06,Engine Service,Propeller x2,5.8,880.96,40.5,1.0,TEC-095
WO-000412,VEH-0193,2025-04-18,Tyre Change,Landing Skid,unknown,4462.75,37.4,,TEC-024
WO-000413,VEH-0193,2024-08-13,Firmware Update,Propeller x2,6.6,5387.86,32.4,1.0,TEC-053
WO-000414,VEH-0193,2025-06-27,Brake Pad Replacement,"Motor, ESC",1.3,2586.97,68.9,1.0,TEC-124
WO-000415,VEH-0715,2024-08-14,Engine Service,"Motor, ESC",10.4,24622.53,2.0,,TEC-074
WO-000416,VEH-0715,2024-09-12,Engine Service,Battery Pack,5.1,20004.04,57.9,,TEC-127
WO-000417,VEH-0715,2024-02-11,Battery Pack Swap,"Motor, ESC",13.3,27959.14,22.2,1.0,TEC-013
WO-000418,VEH-0715,2025-02-19,Routine Inspection,Propeller x2,8.4,926.08,60.3,,TEC-173
WO-000420,VEH-0032,2025-03-17,Frame Repair,"Brake Pads, Fluid",6.9,11792.12,57.4,1.0,TEC-055
WO-000421,VEH-0032,2024-06-15,Engine Service,Landing Skid,5.1,43249.1,54.7,0.0,TEC-109
WO-000422,VEH-0032,2025-02-25,Landing Gear Fix,,10.1,30465.23,77.6,1.0,TEC-154
WO-000423,VEH-0709,2024-08-30,Firmware Update,,3.6,26590.44,40.0,1.0,TEC-177
WO-000424,VEH-0709,2025-02-07,Firmware Update,Landing Skid,4.8,10889.11,92.8,1.0,TEC-102
WO-000425,VEH-0709,2025-02-27,Brake Pad Replacement,Battery Pack,13.6,46363.29,95.6,0.0,TEC-220
WO-000426,VEH-0709,2024-08-06,Routine Inspection,,4.7,5059.78,65.6,1.0,TEC-163
WO-000427,VEH-0083,2025-10-04,Frame Repair,,12.1,30445.25,85.0,,TEC-102
WO-000428,VEH-0172,2024-09-29,Routine Inspection,"Motor, ESC",8.1,5376.25,52.4,0.0,TEC-039
WO-000429,VEH-0172,2024-05-07,Firmware Update,"Brake Pads, Fluid",3.1,45619.53,87.8,1.0,TEC-069
WO-000430,VEH-0172,2024-01-06,Routine Inspection,"Motor, ESC",11.7,36728.8,67.1,,TEC-203
WO-000431,VEH-0172,2024-02-21,Battery Pack Swap,"Motor, ESC",-,47806.95,73.7,1.0,TEC-080
WO-000432,VEH-0699,2025-03-05,Landing Gear Fix,Battery Pack,4.6,21876.62,71.5,,TEC-068
WO-000433,VEH-0699,2025-02-20,Propeller Replacement,Battery Pack,8.3,18854.11,12.1,0.0,TEC-139
WO-000434,VEH-0297,2025-03-15,Frame Repair,,6.0,29657.16,93.7,1.0,TEC-166
WO-000435,VEH-0557,2024-05-10,Engine Service,Battery Pack,11.7,8268.17,48.4,0.0,TEC-210
WO-000436,VEH-0557,2024-04-01,Routine Inspection,"Brake Pads, Fluid",11.4,29633.67,71.9,0.0,TEC-029
WO-000437,VEH-0695,2024-11-21,Motor Overhaul,,0.5,24361.75,19.0,0.0,TEC-180
WO-000438,VEH-0695,2024-03-19,Landing Gear Fix,Landing Skid,8.0,21614.52,35.0,1.0,TEC-120
WO-000439,VEH-0695,2024-09-17,Landing Gear Fix,Propeller x2,2.5,32892.21,14.8,0.0,TEC-090
WO-000440,VEH-0270,2024-05-11,Battery Pack Swap,"Motor, ESC",9.7,4618.43,15.1,0.0,TEC-021
WO-000441,VEH-0270,2024-08-19,Tyre Change,"Brake Pads, Fluid",11.2,38955.49,77.1,0.0,TEC-055
WO-000442,VEH-0169,2024-11-19,Engine Service,"Motor, ESC",9.1,12752.6,42.0,1.0,TEC-010
WO-000443,VEH-0701,2024-05-23,Firmware Update,,11.2,37451.16,32.7,1.0,TEC-135
WO-000444,VEH-0701,2024-12-16,Tyre Change,"Motor, ESC",2.6,11161.65,79.0,0.0,TEC-081
WO-000445,VEH-0701,2025-02-18,Engine Service,Landing Skid,4.1,10615.99,69.2,,TEC-155
WO-000446,VEH-0701,2025-03-13,Firmware Update,Battery Pack,12.3,45626.51,84.1,1.0,TEC-164
WO-000447,VEH-0701,2024-12-16,Frame Repair,,6.5,12562.19,62.7,,TEC-128
WO-000448,VEH-0701,2024-09-23,Routine Inspection,Propeller x2,1.7,11202.87,51.8,,TEC-169
WO-000449,VEH-0406,2024-11-29,Engine Service,Landing Skid,13.5,24503.52,79.5,1.0,TEC-205
WO-000450,VEH-0406,2024-06-16,Battery Pack Swap,Propeller x2,6.1,40197.05,91.0,0.0,TEC-087
WO-000451,VEH-0406,2024-12-28,Firmware Update,,12.1,25712.91,45.9,1.0,TEC-033
WO-000452,VEH-0406,2024-01-13,Tyre Change,"Brake Pads, Fluid",13.6,20784.22,83.0,0.0,TEC-068
WO-000453,VEH-0406,2024-01-15,Routine Inspection,Landing Skid,11.8,17795.99,21.9,,TEC-010
WO-000454,VEH-0008,2025-05-24,Routine Inspection,"Brake Pads, Fluid",11.3,11459.74,44.3,,TEC-187
WO-000455,VEH-0008,2024-08-31,Tyre Change,,4.2,42220.19,37.0,0.0,TEC-058
WO-000456,VEH-0008,2024-01-04,Brake Pad Replacement,Propeller x2,9.9,43223.66,66.9,,TEC-195
WO-000457,VEH-0008,2024-09-02,Motor Overhaul,,10.4,43738.65,54.6,1.0,TEC-141
WO-000458,VEH-0456,2024-03-22,Frame Repair,Landing Skid,12.2,8046.51,61.9,,TEC-012
WO-000459,VEH-0456,2025-04-19,Motor Overhaul,,5.1,5788.32,79.9,1.0,TEC-192
WO-000460,VEH-0456,2024-11-01,Motor Overhaul,,12.0,3801.63,15.6,1.0,TEC-077
WO-000461,VEH-0456,2024-11-16,Routine Inspection,,10.6,18634.12,75.1,0.0,TEC-052
WO-000462,VEH-0456,2024-01-29,Tyre Change,,13.3,33151.24,66.2,1.0,TEC-122
WO-000463,VEH-0449,2024-09-15,Routine Inspection,Battery Pack,12.0,30645.88,68.0,0.0,TEC-142
WO-000464,VEH-0449,2025-01-27,Firmware Update,"Motor, ESC",4.7,43495.11,33.0,1.0,TEC-193
WO-000465,VEH-0449,2025-05-05,Battery Pack Swap,Landing Skid,13.4,36559.52,68.8,1.0,TEC-112
WO-000466,VEH-0449,2024-07-17,Firmware Update,"Motor, ESC",7.8,47418.04,48.8,,TEC-042
WO-000467,VEH-0449,2025-05-03,Landing Gear Fix,"Brake Pads, Fluid",4.7,44340.69,23.9,1.0,TEC-060
WO-000468,VEH-0449,2024-09-08,Tyre Change,,9.2,26199.58,25.5,0.0,TEC-100
WO-000469,VEH-0064,2025-03-30,Brake Pad Replacement,"Brake Pads, Fluid",10.0,13299.4,56.5,1.0,TEC-118
WO-000470,VEH-0064,2024-07-19,Brake Pad Replacement,Propeller x2,12.0,12949.88,7.9,,TEC-067
WO-000472,VEH-0064,2024-12-31,Landing Gear Fix,,3.9,31768.0,86.6,0.0,TEC-099
WO-000473,VEH-0064,2025-03-25,Frame Repair,Battery Pack,12.5,35513.65,9.6,0.0,TEC-078
WO-000474,VEH-0064,2024-07-02,Brake Pad Replacement,,8.2,4557.5,85.7,1.0,TEC-090
WO-000475,VEH-0459,2025-03-24,Landing Gear Fix,,13.0,44370.95,72.6,1.0,TEC-094
WO-000476,VEH-9980,2024-04-14,Landing Gear Fix,"Motor, ESC",12.9,26292.23,54.7,,TEC-173
WO-000477,VEH-0459,2025-07-06,Battery Pack Swap,Propeller x2,1.8,3060.0,7.7,1.0,TEC-131
WO-000478,VEH-0459,2024-04-02,Tyre Change,Battery Pack,,6628.5,32.5,0.0,TEC-156
WO-000479,VEH-0459,2025-04-21,Frame Repair,Battery Pack,8.6,41264.32,26.1,0.0,TEC-106
WO-000480,VEH-0459,2024-09-11,Frame Repair,Battery Pack,10.6,28042.95,21.6,0.0,TEC-148
WO-000481,VEH-0450,2024-12-03,Engine Service,Landing Skid,,29773.64,73.0,1.0,TEC-034
WO-000482,VEH-0305,2024-07-25,Engine Service,"Motor, ESC",3.8,767.59,33.4,,TEC-121
WO-000483,VEH-0305,2024-01-21,Tyre Change,"Brake Pads, Fluid",12.1,19009.75,76.2,1.0,TEC-190
WO-000484,VEH-0305,2024-02-08,Engine Service,,12.8,15896.13,92.5,0.0,TEC-186
WO-000485,VEH-0305,2024-11-14,Frame Repair,"Brake Pads, Fluid",11.1,39498.97,41.0,0.0,TEC-127
WO-000486,VEH-0305,2024-12-06,Engine Service,,3.7,17957.79,56.2,0.0,TEC-193
WO-000487,VEH-0305,2024-01-27,Frame Repair,Landing Skid,10.2,5573.81,44.9,,TEC-085
WO-000488,VEH-0470,2024-03-08,Engine Service,Propeller x2,11.7,12036.41,7.1,,TEC-110
WO-000489,VEH-0485,2024-08-26,Routine Inspection,"Motor, ESC",4.1,20448.45,36.8,1.0,TEC-128
WO-000491,VEH-0485,2024-02-18,Firmware Update,Landing Skid,13.0,42951.05,24.6,0.0,TEC-211
WO-000492,VEH-0485,2024-02-18,Brake Pad Replacement,Propeller x2,7.4,22521.61,88.0,0.0,TEC-202
WO-000493,VEH-0485,2025-01-21,Brake Pad Replacement,Battery Pack,12.9,39654.74,72.5,1.0,TEC-136
WO-000494,VEH-0157,2024-02-10,Propeller Replacement,Battery Pack,7.5,35532.87,47.4,1.0,TEC-177
WO-000495,VEH-0157,2024-04-12,Propeller Replacement,"Motor, ESC",1.6,45304.55,39.6,1.0,TEC-026
WO-000496,VEH-0157,2024-05-27,Firmware Update,,-,23300.86,5.5,,TEC-136
WO-000497,VEH-0157,2025-05-10,Engine Service,,14.0,29507.49,52.6,1.0,TEC-126
WO-000498,VEH-0157,2024-08-09,Routine Inspection,Battery Pack,10.6,6093.92,3.3,0.0,TEC-056
WO-000499,VEH-0157,2025-04-13,Tyre Change,,3.5,31565.99,61.8,0.0,TEC-127
WO-000500,VEH-0514,2025-03-18,Routine Inspection,"Brake Pads, Fluid",5.3,14226.48,45.8,1.0,TEC-214
WO-000501,VEH-0514,2024-12-07,Routine Inspection,"Brake Pads, Fluid",7.3,34768.5,27.8,1.0,TEC-150
WO-000502,VEH-0514,2024-08-06,Brake Pad Replacement,"Brake Pads, Fluid",2.8,27223.93,91.0,,TEC-147
WO-000503,VEH-0514,2024-08-24,Motor Overhaul,Battery Pack,11.7,13660.59,46.4,0.0,TEC-072
WO-000504,VEH-0514,2025-02-07,Landing Gear Fix,Landing Skid,8.1,31342.3,18.5,0.0,TEC-091
WO-000505,VEH-0559,2024-02-06,Brake Pad Replacement,Landing Skid,9.3,25195.9,75.9,1.0,TEC-206
WO-000506,VEH-0559,2024-10-12,Landing Gear Fix,Landing Skid,3.4,38051.47,74.0,0.0,TEC-172
WO-000507,VEH-0094,2024-08-13,Motor Overhaul,Landing Skid,3.2,40196.28,28.3,,TEC-134
WO-000508,VEH-0094,2025-04-29,Landing Gear Fix,Propeller x2,4.5,42145.91,71.3,,TEC-112
WO-000509,VEH-0094,2024-08-13,Propeller Replacement,Battery Pack,10.6,29605.85,23.6,1.0,TEC-190
WO-000510,VEH-0094,2024-10-16,Propeller Replacement,Landing Skid,7.0,32219.67,53.3,0.0,TEC-190
WO-000511,VEH-0094,2024-10-21,Landing Gear Fix,Battery Pack,4.2,27311.61,2.9,0.0,TEC-163
WO-000512,VEH-0094,2025-11-05,Landing Gear Fix,Propeller x2,4.6,2227.69,91.9,0.0,TEC-125
WO-000513,VEH-0252,2024-09-28,Brake Pad Replacement,Propeller x2,10.2,26182.71,76.8,0.0,TEC-108
WO-000514,VEH-0252,2025-02-10,Engine Service,Propeller x2,,29232.17,57.7,1.0,TEC-116
WO-000515,VEH-0252,2025-01-19,Propeller Replacement,"Brake Pads, Fluid",4.1,45268.33,35.3,0.0,TEC-201
WO-000516,VEH-0252,2025-05-01,Tyre Change,Propeller x2,12.7,46108.49,41.9,1.0,TEC-126
WO-000517,VEH-0252,2025-04-28,Brake Pad Replacement,Propeller x2,2.0,5992.07,11.0,,TEC-046
WO-000518,VEH-0252,2025-01-29,Propeller Replacement,"Brake Pads, Fluid",,19809.19,19.7,1.0,TEC-146
WO-000519,VEH-0099,2025-03-15,Routine Inspection,Propeller x2,8.2,10720.81,6.5,,TEC-126
WO-000520,VEH-0099,2024-02-09,Brake Pad Replacement,Landing Skid,12.5,10409.85,5.7,0.0,TEC-127
WO-000521,VEH-0099,2024-09-07,Brake Pad Replacement,Landing Skid,1.6,45668.34,12.2,1.0,TEC-034
WO-000522,VEH-0099,2024-06-27,Brake Pad Replacement,Battery Pack,12.1,3322.04,4.1,0.0,TEC-089
WO-000523,VEH-0031,2024-04-01,Battery Pack Swap,Battery Pack,0.8,18227.14,47.2,0.0,TEC-106
WO-000524,VEH-0031,2024-05-17,Landing Gear Fix,Propeller x2,6.3,31364.65,7.9,,TEC-136
WO-000525,VEH-0031,2024-10-18,Engine Service,,12.1,8951.46,71.0,0.0,TEC-149
WO-000527,VEH-0457,2024-02-08,Landing Gear Fix,Landing Skid,5.3,27367.06,33.0,0.0,TEC-132
WO-000528,VEH-0130,2025-03-17,Brake Pad Replacement,,2.7,40928.82,65.9,1.0,TEC-190
WO-000529,VEH-0130,2025-11-04,Engine Service,Propeller x2,12.8,42533.2,48.1,1.0,TEC-120
WO-000530,VEH-0130,2025-04-16,Propeller Replacement,Battery Pack,9.5,12622.78,60.0,1.0,TEC-203
WO-000531,VEH-0247,2025-11-04,Brake Pad Replacement,,8.2,42737.45,16.6,,TEC-220
WO-000532,VEH-0247,2024-04-24,Routine Inspection,Battery Pack,11.4,36946.32,35.0,1.0,TEC-213
WO-000533,VEH-0219,2025-05-16,Firmware Update,"Brake Pads, Fluid",3.1,12980.72,9.5,,TEC-197
WO-000534,VEH-0219,2025-02-16,Battery Pack Swap,,5.7,15961.72,10.8,1.0,TEC-078
WO-000535,VEH-0219,2025-04-02,Engine Service,,4.4,24742.17,68.8,0.0,TEC-103
WO-000536,VEH-0219,2024-08-20,Routine Inspection,,5.1,27665.32,32.3,,TEC-116
WO-000537,VEH-0219,2025-01-05,Motor Overhaul,Propeller x2,5.5,24556.48,18.1,1.0,TEC-173
WO-000538,VEH-0610,2024-06-08,Propeller Replacement,Propeller x2,10.8,45060.98,15.4,1.0,TEC-011
WO-000539,VEH-0610,2024-08-30,Propeller Replacement,Battery Pack,11.8,18143.91,92.2,0.0,TEC-078
WO-000540,VEH-0610,2025-06-15,Engine Service,Battery Pack,6.5,15228.05,29.0,0.0,TEC-023
WO-000542,VEH-0610,2024-01-03,Brake Pad Replacement,,,19460.12,95.2,1.0,TEC-204
WO-000543,VEH-0610,2024-05-11,Brake Pad Replacement,"Brake Pads, Fluid",2.9,6718.27,81.6,0.0,TEC-173
WO-000544,VEH-0107,2024-10-17,Engine Service,,12.7,37892.28,21.2,1.0,TEC-008
WO-000545,VEH-0107,2024-08-11,Propeller Replacement,"Brake Pads, Fluid",1.8,8482.39,33.7,,TEC-090
WO-000546,VEH-0107,2025-04-05,Landing Gear Fix,,1.7,20398.93,82.2,0.0,TEC-039
WO-000547,VEH-0107,2024-06-22,Engine Service,Battery Pack,13.3,6315.39,54.9,0.0,TEC-089
WO-000548,VEH-0178,2024-11-29,Firmware Update,Battery Pack,6.5,45327.04,47.6,0.0,TEC-214
WO-000549,VEH-0178,2024-07-22,Battery Pack Swap,Landing Skid,11.6,11756.62,67.8,,TEC-119
WO-000550,VEH-0178,2024-05-17,Frame Repair,"Motor, ESC",9.0,3904.39,38.6,0.0,TEC-139
WO-000551,VEH-0178,2025-05-06,Tyre Change,,8.5,21523.9,26.5,1.0,TEC-022
WO-000552,VEH-0178,2025-04-20,Landing Gear Fix,Landing Skid,1.1,7728.79,34.1,1.0,TEC-026
WO-000553,VEH-0616,2024-03-21,Tyre Change,"Motor, ESC",  ,3626.03,27.3,1.0,TEC-174
WO-000554,VEH-0616,2024-10-05,Brake Pad Replacement,Propeller x2,2.9,47282.93,79.9,,TEC-055
WO-000555,VEH-0616,2024-05-17,Engine Service,Battery Pack,5.3,22016.11,45.6,1.0,TEC-160
WO-000556,VEH-0616,2024-07-31,Landing Gear Fix,,7.9,19718.39,44.6,1.0,TEC-110
WO-000557,VEH-0616,2024-12-24,Landing Gear Fix,,12.3,19877.99,4.4,1.0,TEC-148
WO-000558,VEH-0616,2025-01-26,Landing Gear Fix,,9.0,40170.64,45.7,1.0,TEC-107
WO-000559,VEH-0689,2024-06-01,Landing Gear Fix,Landing Skid,5.7,15016.52,70.5,0.0,TEC-151
WO-000560,VEH-0689,2025-05-15,Battery Pack Swap,Propeller x2,13.2,36535.25,91.4,1.0,TEC-174
WO-000561,VEH-0689,2025-06-22,Brake Pad Replacement,"Brake Pads, Fluid",13.4,25083.86,54.8,0.0,TEC-014
WO-000562,VEH-0689,2024-03-18,Frame Repair,,9.5,13855.2,5.0,0.0,TEC-006
WO-000563,VEH-0131,2024-06-22,Brake Pad Replacement,Landing Skid,11.3,26191.98,7.7,0.0,TEC-046
WO-000564,VEH-0131,2025-04-03,Engine Service,Landing Skid,6.0,4483.18,43.5,0.0,TEC-032
WO-000565,VEH-0131,2025-04-26,Landing Gear Fix,Propeller x2,3.6,6658.46,64.2,1.0,TEC-032
WO-000566,VEH-0131,2024-03-25,Motor Overhaul,Battery Pack,7.4,1209.89,39.2,1.0,TEC-024
WO-000567,VEH-0131,2024-01-05,Routine Inspection,Propeller x2,6.1,35147.25,65.8,1.0,TEC-219
WO-000568,VEH-0131,2025-01-24,Frame Repair,"Motor, ESC",,708.5,4.8,,TEC-103
WO-000569,VEH-0440,2024-11-27,Propeller Replacement,Propeller x2,3.6,4927.73,64.0,0.0,TEC-120
WO-000570,VEH-0301,2024-06-01,Landing Gear Fix,"Brake Pads, Fluid",0.8,18560.31,80.9,0.0,TEC-162
WO-000571,VEH-9761,2024-07-28,Firmware Update,,3.8,20270.13,41.1,0.0,TEC-173
WO-000572,VEH-0152,2024-01-06,Routine Inspection,,7.2,26987.57,13.1,,TEC-200
WO-000573,VEH-0152,2025-01-20,Routine Inspection,"Motor, ESC",5.5,6858.54,9.8,,TEC-189
WO-000574,VEH-0152,2024-01-29,Landing Gear Fix,"Motor, ESC",4.4,30576.03,27.6,0.0,TEC-018
WO-000575,VEH-0152,2025-01-05,Propeller Replacement,,12.6,15841.41,66.2,0.0,TEC-169
WO-000576,VEH-9822,2024-05-30,Motor Overhaul,,13.7,35868.14,84.9,1.0,TEC-086
WO-000577,VEH-0152,2024-05-10,Battery Pack Swap,Propeller x2,6.0,41389.9,86.8,1.0,TEC-016
WO-000578,VEH-0253,2024-04-28,Frame Repair,Propeller x2,2.5,6254.92,71.3,,TEC-104
WO-000579,VEH-0005,2024-01-03,Landing Gear Fix,Landing Skid,5.2,30728.38,31.1,1.0,TEC-056
WO-000580,VEH-0005,2024-02-13,Frame Repair,"Brake Pads, Fluid",-,32205.2,55.7,0.0,TEC-075
WO-000581,VEH-0005,2024-10-05,Frame Repair,Propeller x2,12.2,24556.06,87.5,0.0,TEC-161
WO-000582,VEH-0005,2024-10-20,Battery Pack Swap,"Motor, ESC",11.6,19545.47,40.8,,TEC-058
WO-000583,VEH-0648,2025-05-19,Engine Service,"Brake Pads, Fluid",9.9,33571.8,55.2,1.0,TEC-125
WO-000584,VEH-0648,2024-10-10,Routine Inspection,,2.0,31875.61,71.1,0.0,TEC-073
WO-000585,VEH-0648,2024-09-12,Tyre Change,Landing Skid,1.7,32891.6,13.3,,TEC-145
WO-000586,VEH-0729,2025-04-19,Tyre Change,"Motor, ESC",7.2,27323.05,14.9,1.0,TEC-047
WO-000587,VEH-0343,2024-07-07,Firmware Update,,0.7,37862.04,7.4,0.0,TEC-032
WO-000588,VEH-0343,2024-03-29,Firmware Update,Battery Pack,  ,26706.0,22.3,1.0,TEC-111
WO-000589,VEH-0343,2024-12-16,Routine Inspection,Propeller x2,1.9,37893.87,93.2,,TEC-073
WO-000591,VEH-0619,2024-08-19,Engine Service,Battery Pack,4.4,20406.49,86.0,0.0,TEC-019
WO-000592,VEH-0619,2024-06-22,Battery Pack Swap,"Motor, ESC",6.0,20304.3,84.7,0.0,TEC-146
WO-000593,VEH-0506,2024-04-08,Tyre Change,"Motor, ESC",9.6,7189.17,16.8,1.0,TEC-003
WO-000594,VEH-0506,2025-03-08,Propeller Replacement,"Motor, ESC",1.5,29623.26,15.4,1.0,TEC-048
WO-000595,VEH-0506,2025-06-24,Tyre Change,,7.3,22407.42,26.8,1.0,TEC-144
WO-000596,VEH-0506,2024-09-08,Brake Pad Replacement,,3.6,47103.84,62.4,0.0,TEC-146
WO-000597,VEH-0268,2025-01-01,Brake Pad Replacement,Landing Skid,10.2,14861.57,76.6,1.0,TEC-023
WO-000598,VEH-0268,2025-05-02,Firmware Update,Battery Pack,4.4,32640.82,1.5,0.0,TEC-015
WO-000599,VEH-0268,2025-05-06,Firmware Update,"Motor, ESC",9.6,40290.56,79.6,,TEC-063
WO-000600,VEH-0268,2024-06-04,Frame Repair,,6.8,18262.87,65.4,0.0,TEC-027
WO-000601,VEH-0268,2024-07-22,Motor Overhaul,,6.1,39693.32,64.4,0.0,TEC-003
WO-000602,VEH-0268,2024-10-05,Landing Gear Fix,"Brake Pads, Fluid",12.1,46162.28,28.4,0.0,TEC-154
WO-000603,VEH-0051,2024-08-05,Propeller Replacement,"Motor, ESC",10.2,41113.16,22.7,1.0,TEC-123
WO-000604,VEH-0051,2024-12-12,Propeller Replacement,Landing Skid,7.9,13493.23,37.6,0.0,TEC-139
WO-000605,VEH-0051,2025-02-24,Routine Inspection,"Brake Pads, Fluid",4.7,40724.67,76.3,0.0,TEC-142
WO-000606,VEH-0051,2025-04-07,Firmware Update,Battery Pack,4.7,23303.27,18.8,,TEC-100
WO-000607,VEH-0051,2024-05-30,Routine Inspection,Battery Pack,8.0,9299.28,48.6,1.0,TEC-007
WO-000608,VEH-0065,2024-04-30,Engine Service,,8.9,9503.58,70.5,0.0,TEC-210
WO-000609,VEH-0065,2024-07-02,Firmware Update,,3.1,25542.3,3.7,0.0,TEC-024
WO-000610,VEH-0688,2025-08-03,Brake Pad Replacement,Propeller x2,7.3,40573.9,62.1,0.0,TEC-044
WO-000611,VEH-0688,2025-05-04,Landing Gear Fix,Battery Pack,2.0,7425.74,69.1,,TEC-071
WO-000612,VEH-0688,2024-09-13,Firmware Update,,8.5,39124.6,38.3,1.0,TEC-054
WO-000613,VEH-0688,2025-04-22,Propeller Replacement,,7.3,46227.01,27.9,0.0,TEC-094
WO-000615,VEH-0601,2024-11-07,Frame Repair,,11.5,37817.69,36.6,1.0,TEC-126
WO-000616,VEH-0601,2025-04-28,Landing Gear Fix,,7.0,26599.6,38.3,0.0,TEC-119
WO-000617,VEH-0601,2024-09-28,Landing Gear Fix,Propeller x2,4.9,13056.34,51.6,1.0,TEC-094
WO-000618,VEH-0601,2025-06-19,Battery Pack Swap,"Brake Pads, Fluid",10.7,46614.82,18.1,,TEC-149
WO-000619,VEH-0261,2024-06-09,Frame Repair,,10.4,2374.12,19.5,1.0,TEC-040
WO-000620,VEH-0261,2024-11-14,Motor Overhaul,"Brake Pads, Fluid",9.3,1712.9,39.3,,TEC-087
WO-000621,VEH-0261,2024-01-27,Brake Pad Replacement,,9.6,1044.03,66.7,,TEC-062
WO-000622,VEH-0261,2025-02-28,Frame Repair,,10.2,31794.42,10.8,0.0,TEC-175
WO-000623,VEH-0261,2025-06-06,Engine Service,,12.2,31341.89,65.4,0.0,TEC-162
WO-000624,VEH-0261,2024-12-19,Battery Pack Swap,"Motor, ESC",10.7,28945.9,58.2,,TEC-088
WO-000625,VEH-9057,2024-09-12,Tyre Change,"Brake Pads, Fluid",6.8,10661.74,32.6,0.0,TEC-179
WO-000626,VEH-0158,2024-06-11,Tyre Change,,6.8,21248.47,4.9,1.0,TEC-162
WO-000627,VEH-0158,2024-07-25,Motor Overhaul,Landing Skid,5.9,42852.7,6.2,0.0,TEC-075
WO-000628,VEH-0158,2024-07-22,Routine Inspection,Battery Pack,7.3,39808.99,81.5,,TEC-066
WO-000629,VEH-0212,2024-03-15,Routine Inspection,"Motor, ESC",12.7,7184.31,1.6,1.0,TEC-129
WO-000630,VEH-0212,2025-03-22,Tyre Change,Battery Pack,unknown,36233.05,76.4,0.0,TEC-047
WO-000631,VEH-0212,2024-01-05,Landing Gear Fix,,11.0,31958.73,74.9,1.0,TEC-137
WO-000632,VEH-0003,2024-04-21,Tyre Change,"Motor, ESC",6.3,11613.22,6.1,0.0,TEC-149
WO-000633,VEH-0003,2024-03-24,Brake Pad Replacement,,1.5,38631.81,64.6,0.0,TEC-159
WO-000634,VEH-0003,2024-03-24,Engine Service,Landing Skid,8.4,23065.23,15.8,0.0,TEC-027
WO-000635,VEH-0003,2024-05-06,Engine Service,,  ,5785.75,2.8,1.0,TEC-213
WO-000636,VEH-0003,2024-09-24,Propeller Replacement,"Motor, ESC",,4820.92,77.7,0.0,TEC-177
WO-000637,VEH-0003,2024-01-03,Propeller Replacement,Propeller x2,,30691.59,79.4,0.0,TEC-148
WO-000638,VEH-0659,2024-08-26,Engine Service,"Brake Pads, Fluid",6.1,20236.97,31.4,1.0,TEC-009
WO-000639,VEH-0659,2024-02-12,Propeller Replacement,"Brake Pads, Fluid",2.7,18003.78,37.8,0.0,TEC-094
WO-000641,VEH-9128,2024-08-06,Tyre Change,Landing Skid,5.5,29908.17,8.4,,TEC-189
WO-000642,VEH-0731,2025-04-08,Brake Pad Replacement,,1.5,39380.6,10.4,,TEC-072
WO-000643,VEH-0731,2024-03-05,Battery Pack Swap,"Motor, ESC",2.5,46086.28,85.8,0.0,TEC-012
WO-000645,VEH-0082,2024-08-16,Landing Gear Fix,,3.0,7228.61,13.7,,TEC-162
WO-000646,VEH-0082,2025-05-24,Firmware Update,"Brake Pads, Fluid",11.3,47232.95,83.7,0.0,TEC-014
WO-000647,VEH-0264,2024-11-02,Motor Overhaul,"Brake Pads, Fluid",6.2,39581.33,30.4,0.0,TEC-218
WO-000648,VEH-0264,2024-02-16,Firmware Update,Battery Pack,11.1,36964.05,32.0,,TEC-206
WO-000649,VEH-0264,2025-02-01,Brake Pad Replacement,Battery Pack,1.2,9418.7,15.1,0.0,TEC-049
WO-000650,VEH-0264,2025-02-22,Engine Service,"Brake Pads, Fluid",5.1,13650.32,30.7,,TEC-199
WO-000651,VEH-0588,2025-04-10,Brake Pad Replacement,,1.6,28512.33,55.0,,TEC-120
WO-000652,VEH-0588,2024-02-18,Motor Overhaul,"Brake Pads, Fluid",8.3,36167.69,50.2,1.0,TEC-157
WO-000653,VEH-0588,2024-04-20,Routine Inspection,Propeller x2,13.9,14389.1,28.3,0.0,TEC-185
WO-000654,VEH-0588,2024-07-01,Motor Overhaul,"Brake Pads, Fluid",6.7,8152.05,68.7,1.0,TEC-190
WO-000655,VEH-0588,2024-05-06,Propeller Replacement,"Brake Pads, Fluid",2.9,45120.71,8.3,0.0,TEC-148
WO-000656,VEH-0588,2024-08-12,Brake Pad Replacement,Landing Skid,2.6,7987.62,2.5,1.0,TEC-045
WO-000657,VEH-0353,2024-07-27,Brake Pad Replacement,,9.4,26781.05,10.0,0.0,TEC-083
WO-000658,VEH-0353,2024-07-04,Battery Pack Swap,"Motor, ESC",4.4,5427.89,78.7,1.0,TEC-084
WO-000659,VEH-0353,2025-06-02,Landing Gear Fix,"Motor, ESC",9.3,27097.78,7.8,1.0,TEC-011
WO-000660,VEH-0353,2024-11-22,Tyre Change,"Brake Pads, Fluid",9.8,19125.84,22.9,0.0,TEC-175
WO-000661,VEH-0353,2024-07-13,Tyre Change,"Brake Pads, Fluid",11.4,14424.53,6.0,1.0,TEC-174
WO-000662,VEH-0353,2024-02-23,Tyre Change,,12.5,5967.68,27.9,0.0,TEC-128
WO-000663,VEH-0620,2024-03-18,Propeller Replacement,,2.8,11775.24,59.3,,TEC-099
WO-000664,VEH-0620,2024-01-31,Firmware Update,Landing Skid,12.3,7657.12,14.8,,TEC-125
WO-000665,VEH-0620,2025-02-17,Motor Overhaul,Battery Pack,1.5,21567.69,14.2,1.0,TEC-005
WO-000666,VEH-0620,2025-06-03,Engine Service,"Brake Pads, Fluid",9.2,41266.48,50.1,,TEC-155
WO-000667,VEH-0620,2024-12-29,Engine Service,Battery Pack,9.3,17293.01,74.5,0.0,TEC-127
WO-000668,VEH-0620,2024-10-17,Engine Service,Landing Skid,9.3,35509.02,5.6,0.0,TEC-163
WO-000669,VEH-0650,2025-02-17,Routine Inspection,,8.5,36218.47,79.4,0.0,TEC-131
WO-000670,VEH-0527,2024-08-18,Battery Pack Swap,Propeller x2,8.3,11962.99,91.4,1.0,TEC-008
WO-000671,VEH-0527,2024-12-29,Frame Repair,"Motor, ESC",4.8,20450.92,95.9,0.0,TEC-035
WO-000672,VEH-0527,2025-02-28,Firmware Update,,3.6,25360.74,23.5,1.0,TEC-206
WO-000673,VEH-0675,2024-01-12,Tyre Change,"Motor, ESC",9.5,32989.32,52.3,1.0,TEC-087
WO-000674,VEH-0135,2025-04-03,Brake Pad Replacement,"Brake Pads, Fluid",7.7,11899.7,65.3,0.0,TEC-178
WO-000675,VEH-0484,2024-08-15,Motor Overhaul,Battery Pack,11.3,40421.75,56.8,1.0,TEC-165
WO-000676,VEH-0484,2025-01-09,Landing Gear Fix,,6.9,33734.34,13.3,1.0,TEC-217
WO-000677,VEH-0723,2024-12-08,Motor Overhaul,Battery Pack,8.3,9107.76,51.9,1.0,TEC-062
WO-000678,VEH-0723,2024-04-11,Firmware Update,,4.6,7816.25,70.9,1.0,TEC-039
WO-000679,VEH-0723,2024-12-07,Battery Pack Swap,Battery Pack,13.2,16928.45,76.1,1.0,TEC-151
WO-000680,VEH-0723,2024-07-08,Firmware Update,Landing Skid,8.5,38222.79,15.7,0.0,TEC-040
WO-000681,VEH-0544,2024-12-01,Tyre Change,Battery Pack,2.7,40989.25,80.3,1.0,TEC-169
WO-000682,VEH-0544,2025-04-27,Landing Gear Fix,"Brake Pads, Fluid",10.7,5344.72,61.2,0.0,TEC-108
WO-000683,VEH-0544,2024-09-17,Frame Repair,Propeller x2,10.4,6664.29,38.8,,TEC-164
WO-000684,VEH-0544,2024-03-02,Propeller Replacement,,8.5,19463.26,68.2,1.0,TEC-084
WO-000685,VEH-0544,2024-04-27,Firmware Update,"Motor, ESC",6.2,3540.41,11.2,1.0,TEC-109
WO-000686,VEH-0544,2024-01-18,Frame Repair,,13.0,1478.66,41.8,0.0,TEC-014
WO-000687,VEH-0678,2025-06-06,Landing Gear Fix,"Motor, ESC",,6835.02,93.1,1.0,TEC-018
WO-000688,VEH-0678,2024-10-14,Frame Repair,"Motor, ESC",13.6,15188.82,30.0,0.0,TEC-091
WO-000689,VEH-0678,2024-03-28,Landing Gear Fix,"Brake Pads, Fluid",8.5,40462.22,1.0,0.0,TEC-165
WO-000690,VEH-0678,2024-11-07,Propeller Replacement,,3.2,47897.61,2.1,0.0,TEC-167
WO-000691,VEH-0713,2024-09-16,Landing Gear Fix,"Motor, ESC",2.7,16815.55,62.8,0.0,TEC-208
WO-000692,VEH-0713,2024-06-29,Routine Inspection,Battery Pack,9.8,25451.14,70.5,0.0,TEC-205
WO-000693,VEH-0377,2024-01-01,Propeller Replacement,Propeller x2,6.2,36692.02,49.1,1.0,TEC-094
WO-000694,VEH-0490,2024-11-12,Frame Repair,"Motor, ESC",4.6,15291.53,30.0,1.0,TEC-032
WO-000695,VEH-0490,2024-11-28,Motor Overhaul,Landing Skid,6.7,30507.34,21.8,0.0,TEC-094
WO-000696,VEH-0490,2024-08-18,Battery Pack Swap,Propeller x2,10.4,10330.71,72.8,1.0,TEC-098
WO-000697,VEH-0490,2025-02-13,Brake Pad Replacement,,12.5,22104.6,53.8,,TEC-217
WO-000698,VEH-0373,2025-06-12,Engine Service,"Brake Pads, Fluid",,18560.09,36.6,0.0,TEC-076
WO-000699,VEH-0373,2024-12-16,Engine Service,"Motor, ESC",1.4,11066.92,62.8,,TEC-006
WO-000700,VEH-0373,2024-07-09,Frame Repair,"Brake Pads, Fluid",10.2,23784.97,29.2,,TEC-041
WO-000701,VEH-0482,2025-03-06,Tyre Change,,13.7,4697.89,14.5,1.0,TEC-033
WO-000702,VEH-0068,2024-12-04,Engine Service,Propeller x2,7.1,26806.19,57.6,,TEC-080
WO-000703,VEH-0068,2024-06-07,Routine Inspection,,2.1,5158.67,25.3,1.0,TEC-218
WO-000704,VEH-0068,2025-02-28,Landing Gear Fix,Propeller x2,8.2,41488.81,61.3,,TEC-080
WO-000705,VEH-0068,2024-08-14,Propeller Replacement,Propeller x2,7.8,21087.23,7.6,1.0,TEC-172
WO-000706,VEH-0469,2025-06-13,Landing Gear Fix,Battery Pack,11.8,26746.75,81.7,0.0,TEC-217
WO-000707,VEH-0469,2024-02-18,Motor Overhaul,Landing Skid,7.1,16128.05,83.9,0.0,TEC-104
WO-000708,VEH-0469,2025-03-02,Brake Pad Replacement,"Motor, ESC",3.0,17964.79,6.2,0.0,TEC-073
WO-000709,VEH-0469,2024-10-17,Firmware Update,"Motor, ESC",11.3,43603.49,95.8,,TEC-155
WO-000711,VEH-0346,2024-12-04,Frame Repair,"Brake Pads, Fluid",10.8,47574.96,59.1,1.0,TEC-173
WO-000712,VEH-0346,2025-09-01,Tyre Change,,6.3,8896.09,24.0,0.0,TEC-072
WO-000713,VEH-0447,2024-11-02,Engine Service,Propeller x2,10.2,27258.55,31.9,1.0,TEC-138
WO-000714,VEH-0447,2025-05-20,Landing Gear Fix,"Motor, ESC",-,17250.11,57.0,1.0,TEC-062
WO-000715,VEH-0447,2024-09-20,Battery Pack Swap,Propeller x2,13.1,43174.0,76.7,1.0,TEC-040
WO-000716,VEH-0447,2024-10-16,Motor Overhaul,,1.0,44870.79,46.0,1.0,TEC-114
WO-000717,VEH-0414,2025-04-26,Tyre Change,Propeller x2,8.2,46043.61,75.3,,TEC-004
WO-000718,VEH-0414,2024-11-11,Routine Inspection,"Brake Pads, Fluid",3.3,38960.83,2.6,0.0,TEC-117
WO-000719,VEH-0414,2024-12-05,Frame Repair,Propeller x2,  ,36603.63,90.9,1.0,TEC-148
WO-000720,VEH-0414,2024-02-25,Tyre Change,"Motor, ESC",10.9,720.35,66.1,0.0,TEC-017
WO-000722,VEH-0462,2025-06-05,Frame Repair,Landing Skid,2.9,21363.79,87.0,0.0,TEC-027
WO-000723,VEH-0555,2024-07-16,Frame Repair,Battery Pack,3.8,22025.58,36.5,0.0,TEC-103
WO-000724,VEH-0555,2025-01-05,Firmware Update,"Brake Pads, Fluid",13.5,19763.49,62.5,1.0,TEC-090
WO-000725,VEH-0555,2024-07-15,Landing Gear Fix,,12.0,41270.98,89.0,1.0,TEC-027
WO-000726,VEH-0555,2025-04-19,Battery Pack Swap,Propeller x2,10.5,15017.52,14.9,0.0,TEC-106
WO-000727,VEH-0555,2025-05-13,Engine Service,Propeller x2,7.4,9955.84,4.3,1.0,TEC-018
WO-000728,VEH-0555,2024-03-21,Brake Pad Replacement,"Motor, ESC",11.5,29286.71,14.0,0.0,TEC-218
WO-000729,VEH-0300,2025-03-05,Landing Gear Fix,Propeller x2,1.0,15117.33,78.8,0.0,TEC-137
WO-000730,VEH-0300,2025-03-03,Landing Gear Fix,,7.4,25821.77,22.6,1.0,TEC-186
WO-000731,VEH-0300,2024-07-06,Brake Pad Replacement,Propeller x2,1.5,21871.52,69.9,0.0,TEC-037
WO-000732,VEH-0300,2024-10-30,Propeller Replacement,"Motor, ESC",12.2,18748.0,70.4,,TEC-010
WO-000733,VEH-0300,2024-08-05,Brake Pad Replacement,Landing Skid,0.6,30572.33,73.6,,TEC-008
WO-000734,VEH-0320,2025-05-26,Battery Pack Swap,Landing Skid,12.1,37643.26,92.7,0.0,TEC-027
WO-000735,VEH-9823,2025-06-05,Battery Pack Swap,Propeller x2,1.5,18410.47,34.0,0.0,TEC-204
WO-000736,VEH-0320,2024-05-28,Frame Repair,,12.4,6238.13,2.8,1.0,TEC-047
WO-000737,VEH-0320,2024-11-12,Landing Gear Fix,,5.1,37941.49,17.7,0.0,TEC-066
WO-000738,VEH-0320,2024-08-15,Propeller Replacement,,6.4,31008.3,71.4,,TEC-200
WO-000739,VEH-0320,2024-12-03,Frame Repair,Propeller x2,9.1,41836.09,3.2,0.0,TEC-220
WO-000740,VEH-0309,2025-03-26,Motor Overhaul,Landing Skid,  ,24459.18,84.2,,TEC-024
WO-000741,VEH-0347,2025-05-02,Firmware Update,,13.1,6094.18,53.4,0.0,TEC-088
WO-000742,VEH-0347,2024-03-30,Propeller Replacement,,7.9,20748.82,88.3,,TEC-085
WO-000743,VEH-0347,2024-06-13,Frame Repair,,8.5,25957.09,25.2,0.0,TEC-098
WO-000744,VEH-0347,2024-01-06,Routine Inspection,Landing Skid,7.1,11836.36,67.8,0.0,TEC-139
WO-000745,VEH-0347,2025-03-24,Tyre Change,"Brake Pads, Fluid",10.1,18336.29,29.8,,TEC-002
WO-000746,VEH-0347,2025-04-17,Propeller Replacement,"Brake Pads, Fluid",9.9,46577.95,52.6,1.0,TEC-170
WO-000747,VEH-0671,2025-05-02,Routine Inspection,,1.6,25549.18,87.8,1.0,TEC-057
WO-000748,VEH-0671,2025-05-16,Motor Overhaul,"Brake Pads, Fluid",7.8,18226.07,48.1,1.0,TEC-211
WO-000749,VEH-0625,2024-12-08,Engine Service,"Motor, ESC",10.0,22790.49,57.5,0.0,TEC-176
WO-000750,VEH-0625,2024-02-26,Tyre Change,,6.4,43653.49,40.3,,TEC-166
WO-000751,VEH-0625,2024-07-27,Routine Inspection,Battery Pack,4.1,26792.48,21.1,0.0,TEC-055
WO-000752,VEH-0625,2024-04-12,Battery Pack Swap,Propeller x2,8.2,22209.42,20.1,1.0,TEC-106
WO-000753,VEH-0625,2025-05-20,Tyre Change,"Motor, ESC",0.9,45201.72,73.5,1.0,TEC-110
WO-000754,VEH-0625,2025-03-14,Propeller Replacement,,11.1,3939.98,64.9,0.0,TEC-109
WO-000755,VEH-0337,2024-12-21,Brake Pad Replacement,"Brake Pads, Fluid",10.3,38746.9,64.9,0.0,TEC-044
WO-000756,VEH-0186,2024-06-04,Routine Inspection,Landing Skid,7.0,20428.55,73.9,0.0,TEC-110
WO-000757,VEH-0534,2024-04-08,Firmware Update,,8.2,3269.07,73.6,,TEC-095
WO-000758,VEH-0534,2024-08-28,Firmware Update,Battery Pack,3.9,37840.73,8.8,1.0,TEC-033
WO-000759,VEH-0534,2024-11-01,Propeller Replacement,Landing Skid,3.7,17927.32,58.0,0.0,TEC-071
WO-000760,VEH-0534,2024-08-13,Frame Repair,Landing Skid,1.1,35602.63,16.4,0.0,TEC-179
WO-000761,VEH-0534,2024-06-09,Engine Service,,4.6,20721.27,76.0,0.0,TEC-012
WO-000762,VEH-0534,2024-06-21,Routine Inspection,"Brake Pads, Fluid",7.8,17667.44,56.0,1.0,TEC-218
WO-000763,VEH-0226,2024-12-22,Motor Overhaul,Propeller x2,4.3,14304.98,52.6,0.0,TEC-131
WO-000764,VEH-0226,2025-04-07,Propeller Replacement,Propeller x2,8.9,34151.39,20.9,1.0,TEC-039
WO-000765,VEH-0332,2024-11-19,Frame Repair,"Brake Pads, Fluid",0.6,17158.81,18.2,1.0,TEC-045
WO-000766,VEH-0332,2025-05-02,Routine Inspection,,2.4,22648.55,22.7,0.0,TEC-191
WO-000767,VEH-0332,2024-04-13,Frame Repair,,3.0,20946.07,86.5,0.0,TEC-072
WO-000768,VEH-9785,2024-03-07,Routine Inspection,,1.0,14008.29,45.0,0.0,TEC-031
WO-000769,VEH-0332,2024-12-24,Landing Gear Fix,,3.2,45821.56,94.5,,TEC-145
WO-000770,VEH-9378,2025-12-03,Frame Repair,,11.3,4049.05,22.3,,TEC-200
WO-000771,VEH-0635,2024-07-17,Routine Inspection,Propeller x2,1.2,35047.8,89.8,0.0,TEC-195
WO-000772,VEH-0566,2024-10-26,Routine Inspection,,1.6,46903.52,7.9,1.0,TEC-029
WO-000773,VEH-0566,2025-04-29,Brake Pad Replacement,Battery Pack,3.3,25652.75,33.4,0.0,TEC-010
WO-000774,VEH-0566,2024-09-12,Engine Service,,8.1,3968.73,82.8,0.0,TEC-179
WO-000775,VEH-0566,2024-08-06,Propeller Replacement,"Brake Pads, Fluid",11.5,23673.84,24.4,1.0,TEC-192
WO-000776,VEH-0643,2024-12-24,Frame Repair,,12.5,10254.92,42.0,,TEC-167
WO-000777,VEH-0643,2024-01-23,Routine Inspection,"Brake Pads, Fluid",13.2,6326.5,15.7,1.0,TEC-101
WO-000778,VEH-0643,2024-12-09,Battery Pack Swap,Landing Skid,9.7,36347.19,34.7,1.0,TEC-145
WO-000779,VEH-0375,2024-09-26,Tyre Change,,12.4,1349.37,7.1,0.0,TEC-174
WO-000780,VEH-0375,2025-01-03,Frame Repair,Battery Pack,13.2,13987.24,37.1,1.0,TEC-146
WO-000782,VEH-0375,2024-09-12,Firmware Update,,3.6,27454.73,87.5,1.0,TEC-110
WO-000783,VEH-0375,2024-03-21,Tyre Change,,10.6,33426.39,43.4,1.0,TEC-118
WO-000784,VEH-0375,2024-08-30,Brake Pad Replacement,,8.9,19415.68,23.9,0.0,TEC-026
WO-000785,VEH-0438,2025-08-06,Landing Gear Fix,Landing Skid,12.5,5998.83,90.2,,TEC-067
WO-000786,VEH-0140,2024-09-12,Routine Inspection,,12.9,4811.03,13.1,,TEC-161
WO-000787,VEH-0140,2025-06-18,Landing Gear Fix,Battery Pack,10.4,35633.19,58.5,1.0,TEC-024
WO-000788,VEH-0140,2024-06-14,Routine Inspection,Landing Skid,6.1,11743.58,49.5,0.0,TEC-045
WO-000789,VEH-0140,2024-11-19,Motor Overhaul,,9.0,41270.03,88.3,,TEC-202
WO-000790,VEH-0140,2025-03-17,Propeller Replacement,Battery Pack,7.0,7848.95,86.2,0.0,TEC-047
WO-000791,VEH-0696,2025-02-13,Landing Gear Fix,Propeller x2,2.7,15780.62,10.0,0.0,TEC-029
WO-000792,VEH-0696,2025-06-19,Motor Overhaul,Battery Pack,13.3,23454.45,17.0,1.0,TEC-039
WO-000793,VEH-0696,2025-01-07,Brake Pad Replacement,"Brake Pads, Fluid",10.7,32388.41,21.0,0.0,TEC-066
WO-000794,VEH-0696,2025-11-05,Routine Inspection,Landing Skid,9.5,43989.0,50.9,1.0,TEC-087
WO-000795,VEH-0696,2024-07-10,Battery Pack Swap,"Motor, ESC",2.2,5904.16,25.9,1.0,TEC-194
WO-000796,VEH-0696,2024-02-26,Engine Service,"Brake Pads, Fluid",4.0,6548.84,36.8,0.0,TEC-098
WO-000797,VEH-0363,2024-06-22,Motor Overhaul,,,33910.7,82.0,1.0,TEC-079
WO-000798,VEH-0363,2024-06-28,Battery Pack Swap,Propeller x2,11.9,41793.91,24.0,,TEC-010
WO-000799,VEH-0363,2024-12-15,Battery Pack Swap,,6.4,3157.05,9.0,1.0,TEC-133
WO-000800,VEH-0363,2024-07-05,Propeller Replacement,"Motor, ESC",9.3,13428.65,16.1,0.0,TEC-031
WO-000801,VEH-0321,2024-01-31,Brake Pad Replacement,,12.2,3694.79,12.1,,TEC-190
WO-000802,VEH-0321,2024-03-18,Tyre Change,,9.3,26232.85,43.6,1.0,TEC-163
WO-000803,VEH-0321,2024-09-09,Battery Pack Swap,,6.4,2020.94,82.5,0.0,TEC-035
WO-000804,VEH-0154,2024-03-05,Tyre Change,"Brake Pads, Fluid",2.7,20085.59,68.4,1.0,TEC-014
WO-000805,VEH-0154,2024-04-25,Engine Service,,9.5,22561.61,8.7,,TEC-155
WO-000806,VEH-0154,2024-01-04,Engine Service,"Motor, ESC",1.8,40791.56,27.2,0.0,TEC-129
WO-000807,VEH-0154,2025-02-09,Engine Service,Landing Skid,5.5,31883.08,74.9,1.0,TEC-119
WO-000808,VEH-0154,2024-04-18,Frame Repair,,8.3,33159.14,16.3,1.0,TEC-063
WO-000809,VEH-9581,2024-03-13,Firmware Update,"Brake Pads, Fluid",4.6,41249.4,43.9,1.0,TEC-106
WO-000810,VEH-0223,2024-07-05,Routine Inspection,Landing Skid,11.3,22184.24,18.7,0.0,TEC-138
WO-000811,VEH-0223,2025-03-16,Routine Inspection,Landing Skid,0.6,6449.61,43.9,0.0,TEC-212
WO-000812,VEH-0223,2024-03-25,Engine Service,"Brake Pads, Fluid",8.1,45887.91,36.1,0.0,TEC-170
WO-000813,VEH-0223,2024-12-01,Motor Overhaul,Battery Pack,5.3,33930.68,21.7,0.0,TEC-184
WO-000814,VEH-0106,2024-11-13,Landing Gear Fix,,13.5,40923.96,74.9,,TEC-051
WO-000815,VEH-0106,2024-09-27,Brake Pad Replacement,,11.4,14059.74,41.6,1.0,TEC-039
WO-000816,VEH-0106,2024-10-24,Propeller Replacement,Propeller x2,4.0,15141.25,70.0,0.0,TEC-084
WO-000817,VEH-0443,2024-12-03,Tyre Change,Propeller x2,2.7,41640.68,88.7,0.0,TEC-151
WO-000818,VEH-0443,2024-04-03,Motor Overhaul,,12.4,31120.47,51.6,,TEC-007
WO-000819,VEH-0443,2024-09-27,Frame Repair,,4.8,26959.75,53.1,,TEC-122
WO-000820,VEH-0443,2024-09-01,Brake Pad Replacement,Propeller x2,7.5,607.24,6.2,1.0,TEC-009
WO-000821,VEH-0564,2024-01-04,Brake Pad Replacement,Landing Skid,12.8,30277.39,78.8,0.0,TEC-112
WO-000822,VEH-0564,2024-10-10,Propeller Replacement,"Motor, ESC",1.7,41860.5,64.6,0.0,TEC-034
WO-000823,VEH-0564,2024-05-17,Routine Inspection,Propeller x2,,39046.59,29.2,1.0,TEC-065
WO-000824,VEH-0564,2025-01-20,Firmware Update,Landing Skid,12.3,40922.0,86.5,,TEC-087
WO-000825,VEH-0564,2024-10-29,Firmware Update,"Brake Pads, Fluid",,21441.8,93.5,0.0,TEC-163
WO-000826,VEH-0526,2025-01-08,Motor Overhaul,Propeller x2,0.9,25338.3,54.6,,TEC-116
WO-000827,VEH-0526,2025-02-05,Routine Inspection,,3.2,14308.35,60.4,1.0,TEC-121
WO-000828,VEH-0324,2024-02-08,Battery Pack Swap,Battery Pack,0.7,21011.1,8.2,1.0,TEC-219
WO-000829,VEH-0324,2024-06-06,Motor Overhaul,,5.2,7428.68,27.7,0.0,TEC-013
WO-000830,VEH-0324,2024-03-02,Landing Gear Fix,Battery Pack,2.1,19063.54,95.2,,TEC-091
WO-000831,VEH-0324,2024-10-25,Battery Pack Swap,Propeller x2,7.0,7719.37,3.9,1.0,TEC-038
WO-000832,VEH-0324,2024-10-29,Motor Overhaul,"Brake Pads, Fluid",2.9,20115.61,95.6,0.0,TEC-176
WO-000833,VEH-0476,2024-04-04,Brake Pad Replacement,"Brake Pads, Fluid",3.3,3897.32,49.7,1.0,TEC-030
WO-000834,VEH-0692,2024-11-01,Battery Pack Swap,,5.6,17798.65,59.0,1.0,TEC-055
WO-000835,VEH-0692,2024-08-03,Routine Inspection,Landing Skid,6.5,26813.78,32.2,,TEC-085
WO-000836,VEH-0014,2024-12-15,Landing Gear Fix,"Brake Pads, Fluid",7.1,23773.02,68.1,0.0,TEC-189
WO-000837,VEH-0014,2025-05-25,Tyre Change,Battery Pack,9.2,38016.28,88.6,0.0,TEC-067
WO-000838,VEH-0014,2024-06-17,Propeller Replacement,Propeller x2,6.4,18863.07,79.3,1.0,TEC-074
WO-000839,VEH-0014,2025-01-08,Engine Service,,2.7,46799.48,42.6,0.0,TEC-160
WO-000840,VEH-0233,2024-04-18,Brake Pad Replacement,,0.5,22384.69,57.2,0.0,TEC-047
WO-000841,VEH-0233,2024-02-14,Tyre Change,Battery Pack,10.8,18615.33,9.9,0.0,TEC-019
WO-000842,VEH-0233,2024-04-20,Routine Inspection,Battery Pack,,4923.87,39.0,1.0,TEC-118
WO-000843,VEH-0233,2024-11-03,Frame Repair,,3.1,12404.47,73.5,0.0,TEC-195
WO-000844,VEH-0233,2024-12-30,Propeller Replacement,"Motor, ESC",11.9,8623.23,49.3,1.0,TEC-070
WO-000845,VEH-0203,2024-04-10,Battery Pack Swap,,3.6,6920.55,37.8,1.0,TEC-122
WO-000846,VEH-0203,2024-01-13,Frame Repair,Propeller x2,,9525.51,41.6,1.0,TEC-064
WO-000847,VEH-0369,2024-08-09,Frame Repair,Propeller x2,10.0,15223.1,23.8,1.0,TEC-052
WO-000848,VEH-0369,2024-08-21,Propeller Replacement,,12.8,6794.81,81.2,0.0,TEC-043
WO-000849,VEH-0369,2025-05-15,Brake Pad Replacement,,3.7,29327.62,48.8,1.0,TEC-074
WO-000850,VEH-0215,2024-09-28,Engine Service,Landing Skid,6.8,1134.97,4.5,0.0,TEC-016
WO-000851,VEH-0215,2024-01-13,Landing Gear Fix,Battery Pack,5.6,37645.11,84.8,,TEC-210
WO-000852,VEH-0215,2025-03-01,Brake Pad Replacement,"Motor, ESC",13.3,32803.19,44.2,1.0,TEC-169
WO-000853,VEH-0215,2025-03-22,Engine Service,"Brake Pads, Fluid",14.0,35449.74,95.0,0.0,TEC-052
WO-000854,VEH-0641,2024-10-19,Routine Inspection,,6.5,25700.02,93.9,0.0,TEC-007
WO-000855,VEH-0254,2024-06-08,Tyre Change,,6.5,39664.28,58.2,,TEC-143
WO-000856,VEH-0254,2025-06-25,Engine Service,,13.8,22181.3,7.3,0.0,TEC-016
WO-000857,VEH-0254,2025-05-07,Tyre Change,"Motor, ESC",11.8,42840.61,93.1,1.0,TEC-114
WO-000858,VEH-0706,2025-06-06,Motor Overhaul,Landing Skid,6.5,32849.94,15.7,0.0,TEC-036
WO-000859,VEH-0706,2025-05-15,Propeller Replacement,,10.8,16700.77,38.0,1.0,TEC-160
WO-000860,VEH-0706,2025-04-22,Frame Repair,Landing Skid,2.1,34617.64,77.8,0.0,TEC-154
WO-000861,VEH-0552,2024-07-30,Propeller Replacement,Landing Skid,10.5,24501.23,46.7,1.0,TEC-072
WO-000862,VEH-0552,2024-10-31,Landing Gear Fix,"Brake Pads, Fluid",1.2,22126.58,77.9,1.0,TEC-061
WO-000863,VEH-9073,2025-02-01,Motor Overhaul,"Brake Pads, Fluid",12.8,22900.92,27.1,1.0,TEC-176
WO-000864,VEH-0552,2024-05-21,Landing Gear Fix,,-,34659.28,38.7,1.0,TEC-190
WO-000865,VEH-0016,2024-09-30,Tyre Change,"Brake Pads, Fluid",5.7,11182.36,78.4,1.0,TEC-067
WO-000866,VEH-0016,2024-01-25,Tyre Change,Battery Pack,2.6,28540.62,45.5,,TEC-175
WO-000867,VEH-0016,2025-03-17,Firmware Update,,7.4,33099.36,39.7,,TEC-012
WO-000868,VEH-0617,2024-04-08,Routine Inspection,"Brake Pads, Fluid",3.2,21920.05,4.9,,TEC-204
WO-000869,VEH-9493,2024-12-07,Routine Inspection,"Motor, ESC",9.5,47688.45,87.2,1.0,TEC-192
WO-000870,VEH-0104,2024-05-18,Brake Pad Replacement,"Brake Pads, Fluid",10.0,4973.32,36.3,1.0,TEC-209
WO-000871,VEH-0104,2024-04-01,Tyre Change,Propeller x2,2.8,28550.83,52.1,1.0,TEC-052
WO-000872,VEH-0104,2025-05-17,Firmware Update,"Brake Pads, Fluid",8.8,40602.83,59.9,0.0,TEC-205
WO-000873,VEH-0341,2024-05-05,Firmware Update,"Motor, ESC",13.2,18006.69,19.7,1.0,TEC-107
WO-000874,VEH-0341,2024-01-25,Firmware Update,Battery Pack,2.0,15832.46,37.5,,TEC-160
WO-000875,VEH-0517,2024-02-25,Motor Overhaul,,9.5,31435.83,38.3,1.0,TEC-207
WO-000876,VEH-0517,2024-01-30,Propeller Replacement,"Motor, ESC",11.3,860.06,74.5,,TEC-143
WO-000877,VEH-0517,2024-09-25,Firmware Update,,4.1,19342.24,66.0,,TEC-069
WO-000878,VEH-0517,2025-03-31,Landing Gear Fix,,7.9,37209.68,45.3,1.0,TEC-175
WO-000879,VEH-0707,2024-05-30,Firmware Update,,11.1,9238.61,76.2,0.0,TEC-078
WO-000880,VEH-0707,2024-07-24,Firmware Update,"Motor, ESC",1.6,7313.02,31.6,1.0,TEC-175
WO-000881,VEH-0707,2024-10-25,Firmware Update,"Brake Pads, Fluid",2.0,13279.26,52.6,0.0,TEC-180
WO-000882,VEH-0707,2024-04-05,Firmware Update,Landing Skid,0.6,13014.1,60.0,0.0,TEC-173
WO-000883,VEH-0707,2024-07-29,Engine Service,"Motor, ESC",7.9,10862.08,84.1,1.0,TEC-168
WO-000884,VEH-0707,2024-03-17,Tyre Change,,7.5,20296.73,30.8,1.0,TEC-051
WO-000885,VEH-0388,2025-01-19,Engine Service,,5.0,44209.18,29.2,0.0,TEC-101
WO-000886,VEH-0388,2024-04-10,Motor Overhaul,"Brake Pads, Fluid",8.8,13603.39,49.7,,TEC-071
WO-000887,VEH-0388,2024-12-17,Routine Inspection,,10.4,26864.45,54.7,0.0,TEC-157
WO-000888,VEH-0388,2024-08-29,Battery Pack Swap,,3.1,46814.35,20.2,0.0,TEC-117
WO-000889,VEH-0388,2025-09-01,Routine Inspection,,4.4,27674.49,57.7,,TEC-124
WO-000890,VEH-0388,2025-04-21,Brake Pad Replacement,,9.6,23542.22,33.1,0.0,TEC-207
WO-000891,VEH-0307,2024-10-02,Firmware Update,,5.9,15708.69,35.0,1.0,TEC-097
WO-000892,VEH-0307,2025-01-24,Firmware Update,Propeller x2,10.2,47230.24,48.1,,TEC-048
WO-000893,VEH-0307,2024-10-21,Brake Pad Replacement,Propeller x2,9.4,35399.28,21.9,1.0,TEC-098
WO-000894,VEH-0067,2024-08-04,Routine Inspection,Battery Pack,0.5,12578.08,53.4,1.0,TEC-182
WO-000895,VEH-0067,2024-10-03,Frame Repair,Battery Pack,11.5,24072.3,62.1,,TEC-176
WO-000896,VEH-0067,2025-02-18,Engine Service,"Motor, ESC",3.7,41010.37,71.1,0.0,TEC-023
WO-000897,VEH-0067,2025-05-01,Frame Repair,"Motor, ESC",13.0,21330.01,27.8,,TEC-204
WO-000898,VEH-0067,2024-06-24,Routine Inspection,,9.8,23547.28,82.6,0.0,TEC-106
WO-000899,VEH-0271,2024-10-04,Firmware Update,"Brake Pads, Fluid",3.3,30352.32,74.4,1.0,TEC-197
WO-000900,VEH-0271,2024-03-22,Firmware Update,Propeller x2,4.0,41627.74,74.7,,TEC-142
WO-000901,VEH-0271,2025-04-12,Battery Pack Swap,,2.9,18866.11,90.2,1.0,TEC-101
WO-000902,VEH-0271,2024-08-10,Brake Pad Replacement,"Brake Pads, Fluid",13.6,13202.06,61.9,,TEC-182
WO-000903,VEH-0639,2024-09-20,Frame Repair,"Motor, ESC",12.7,40574.79,12.5,,TEC-220
WO-000904,VEH-0639,2024-08-16,Propeller Replacement,Landing Skid,0.9,34611.57,19.4,1.0,TEC-208
WO-000905,VEH-0639,2025-02-06,Battery Pack Swap,,3.7,47139.9,50.0,0.0,TEC-046
WO-000906,VEH-0639,2024-03-08,Tyre Change,,8.9,37470.63,62.3,0.0,TEC-058
WO-000907,VEH-0427,2024-02-09,Engine Service,Propeller x2,7.6,20596.99,6.2,1.0,TEC-165
WO-000908,VEH-0427,2024-03-12,Frame Repair,,9.8,14601.99,43.9,0.0,TEC-205
WO-000909,VEH-0427,2024-02-09,Brake Pad Replacement,Battery Pack,5.1,47582.75,10.1,,TEC-164
WO-000910,VEH-0427,2024-02-26,Routine Inspection,Propeller x2,10.1,31801.78,52.5,,TEC-111
WO-000911,VEH-0427,2024-11-10,Battery Pack Swap,Landing Skid,10.8,20080.75,39.1,0.0,TEC-206
WO-000912,VEH-0100,2024-01-11,Routine Inspection,,2.5,11355.23,42.6,1.0,TEC-168
WO-000913,VEH-0100,2024-06-16,Brake Pad Replacement,"Brake Pads, Fluid",,26553.4,17.1,1.0,TEC-107
WO-000914,VEH-0100,2025-03-07,Battery Pack Swap,"Brake Pads, Fluid",5.7,19337.85,90.0,1.0,TEC-218
WO-000915,VEH-0100,2025-01-13,Routine Inspection,"Motor, ESC",10.2,2937.66,64.6,0.0,TEC-194
WO-000916,VEH-0100,2024-04-08,Landing Gear Fix,Battery Pack,7.8,10926.84,20.3,0.0,TEC-102
WO-000917,VEH-0047,2025-01-17,Tyre Change,"Motor, ESC",2.1,6676.42,23.3,1.0,TEC-149
WO-000918,VEH-0047,2025-02-18,Motor Overhaul,Battery Pack,6.1,6023.68,26.5,0.0,TEC-046
WO-000919,VEH-0156,2024-01-17,Motor Overhaul,"Motor, ESC",2.9,12542.06,71.5,0.0,TEC-036
WO-000920,VEH-0156,2024-04-25,Motor Overhaul,Battery Pack,4.2,6270.3,62.1,1.0,TEC-016
WO-000921,VEH-0058,2025-06-06,Firmware Update,Battery Pack,10.3,1846.02,87.9,0.0,TEC-193
WO-000922,VEH-0585,2024-08-14,Battery Pack Swap,"Brake Pads, Fluid",2.9,1927.01,76.9,1.0,TEC-084
WO-000923,VEH-0585,2025-03-30,Motor Overhaul,Battery Pack,10.1,13800.72,15.7,1.0,TEC-110
WO-000924,VEH-0683,2025-06-14,Motor Overhaul,Propeller x2,11.7,35889.33,42.0,0.0,TEC-104
WO-000925,VEH-0683,2024-01-01,Firmware Update,,6.3,4112.56,29.1,0.0,TEC-096
WO-000926,VEH-0256,2025-01-21,Brake Pad Replacement,,6.2,40856.13,32.3,0.0,TEC-211
WO-000927,VEH-0256,2025-04-12,Tyre Change,Propeller x2,1.5,19272.83,42.0,0.0,TEC-165
WO-000928,VEH-0256,2024-12-22,Routine Inspection,"Motor, ESC",10.1,7132.36,50.9,0.0,TEC-099
WO-000929,VEH-9438,2024-11-20,Motor Overhaul,,5.4,14610.7,7.6,1.0,TEC-141
WO-000930,VEH-0256,2024-02-09,Firmware Update,,7.7,29037.24,52.9,0.0,TEC-134
WO-000931,VEH-0039,2024-04-20,Landing Gear Fix,"Brake Pads, Fluid",3.1,45623.49,44.0,1.0,TEC-116
WO-000932,VEH-0039,2024-07-28,Engine Service,Landing Skid,11.3,14323.83,32.7,1.0,TEC-100
WO-000933,VEH-0590,2024-01-06,Frame Repair,Landing Skid,12.1,39598.22,82.2,,TEC-199
WO-000934,VEH-0590,2025-05-05,Propeller Replacement,Landing Skid,13.6,31325.29,96.0,0.0,TEC-127
WO-000935,VEH-0590,2025-03-31,Tyre Change,"Motor, ESC",6.5,16995.57,53.5,0.0,TEC-075
WO-000936,VEH-0590,2024-01-05,Landing Gear Fix,"Brake Pads, Fluid",3.5,42711.26,45.6,1.0,TEC-154
WO-000937,VEH-0590,2025-05-26,Frame Repair,Landing Skid,,45361.03,33.5,0.0,TEC-119
WO-000938,VEH-0410,2025-04-21,Brake Pad Replacement,Propeller x2,1.5,39683.97,77.5,0.0,TEC-125
WO-000939,VEH-0410,2024-12-17,Motor Overhaul,,8.7,34245.44,72.0,0.0,TEC-220
WO-000940,VEH-0410,2024-06-20,Firmware Update,Landing Skid,12.3,13735.16,65.5,,TEC-123
WO-000941,VEH-0410,2024-04-21,Routine Inspection,,4.7,34525.6,12.2,,TEC-095
WO-000942,VEH-0410,2024-05-10,Motor Overhaul,Propeller x2,11.7,28831.59,69.4,0.0,TEC-012
WO-000943,VEH-0086,2024-01-26,Firmware Update,"Brake Pads, Fluid",3.0,35994.19,6.0,1.0,TEC-009
WO-000944,VEH-0086,2025-04-02,Propeller Replacement,,0.6,3224.89,57.3,0.0,TEC-185
WO-000945,VEH-0344,2024-07-15,Propeller Replacement,Propeller x2,4.8,32636.59,72.3,,TEC-163
WO-000946,VEH-0344,2024-07-31,Brake Pad Replacement,,3.7,19053.62,60.4,1.0,TEC-143
WO-000947,VEH-0091,2024-01-03,Propeller Replacement,"Brake Pads, Fluid",4.4,30774.39,8.8,,TEC-124
WO-000948,VEH-0091,2024-02-14,Motor Overhaul,Propeller x2,0.8,33548.9,61.6,0.0,TEC-196
WO-000949,VEH-0654,2024-12-22,Firmware Update,,7.7,739.02,1.3,1.0,TEC-022
WO-000950,VEH-0654,2024-01-18,Motor Overhaul,Propeller x2,3.6,33061.15,31.4,0.0,TEC-076
WO-000951,VEH-0654,2025-02-20,Propeller Replacement,Battery Pack,13.4,12674.88,83.8,0.0,TEC-132
WO-000952,VEH-0044,2024-01-12,Battery Pack Swap,,1.5,658.58,18.6,,TEC-105
WO-000955,VEH-0044,2024-08-30,Engine Service,,1.0,7640.27,87.9,0.0,TEC-014
WO-000956,VEH-0044,2024-11-15,Motor Overhaul,Propeller x2,5.6,16207.03,39.5,0.0,TEC-168
WO-000957,VEH-0112,2025-10-06,Routine Inspection,Landing Skid,10.0,43555.59,59.8,0.0,TEC-114
WO-000958,VEH-0722,2024-11-14,Motor Overhaul,,2.2,33316.56,71.1,0.0,TEC-133
WO-000959,VEH-0722,2025-05-02,Battery Pack Swap,Battery Pack,6.8,27026.23,7.7,0.0,TEC-062
WO-000960,VEH-0722,2024-11-24,Firmware Update,Landing Skid,3.6,11891.45,69.0,,TEC-048
WO-000961,VEH-0722,2024-01-11,Brake Pad Replacement,Battery Pack,8.4,15291.7,56.6,1.0,TEC-070
WO-000962,VEH-0722,2024-06-02,Battery Pack Swap,Battery Pack,2.9,20011.47,60.8,1.0,TEC-028
WO-000963,VEH-0722,2024-03-31,Propeller Replacement,,1.2,46408.4,22.0,,TEC-180
WO-000964,VEH-0092,2024-09-07,Routine Inspection,,3.9,36382.25,37.5,0.0,TEC-037
WO-000965,VEH-0092,2024-04-08,Routine Inspection,Battery Pack,3.3,46314.51,16.4,0.0,TEC-103
WO-000966,VEH-0092,2025-03-16,Brake Pad Replacement,Landing Skid,3.0,29339.43,28.6,0.0,TEC-123
WO-000967,VEH-0498,2024-11-23,Battery Pack Swap,"Motor, ESC",2.6,17724.64,69.1,,TEC-152
WO-000968,VEH-0115,2025-02-25,Frame Repair,,1.9,8295.69,57.8,0.0,TEC-086
WO-000969,VEH-0115,2024-09-26,Propeller Replacement,Battery Pack,1.3,6736.06,95.4,,TEC-091
WO-000970,VEH-0115,2025-05-24,Engine Service,,3.1,43639.36,36.0,0.0,TEC-210
WO-000971,VEH-0115,2025-06-27,Firmware Update,"Motor, ESC",8.0,10607.01,29.5,,TEC-045
WO-000972,VEH-0115,2025-02-20,Firmware Update,,6.3,47549.39,21.1,1.0,TEC-011
WO-000973,VEH-0259,2025-04-07,Motor Overhaul,,3.2,39806.51,63.1,1.0,TEC-010
WO-000974,VEH-0259,2025-03-03,Frame Repair,,9.3,20315.12,7.1,1.0,TEC-056
WO-000975,VEH-0259,2024-01-02,Motor Overhaul,"Motor, ESC",12.0,23478.54,86.0,,TEC-125
WO-000976,VEH-0259,2025-05-31,Brake Pad Replacement,,3.5,43332.03,40.2,0.0,TEC-051
WO-000977,VEH-0109,2024-11-02,Firmware Update,,10.5,36455.58,66.8,0.0,TEC-120
WO-000978,VEH-0437,2025-02-18,Firmware Update,"Brake Pads, Fluid",5.3,36830.4,66.7,1.0,TEC-096
WO-000979,VEH-0437,2024-03-05,Motor Overhaul,Battery Pack,5.1,16581.26,53.6,1.0,TEC-109
WO-000980,VEH-0437,2025-01-13,Firmware Update,"Motor, ESC",7.1,19927.66,54.0,,TEC-162
WO-000981,VEH-0437,2024-02-04,Landing Gear Fix,Propeller x2,12.3,8355.46,35.8,1.0,TEC-101
WO-000982,VEH-0155,2024-11-03,Frame Repair,"Motor, ESC",3.7,39597.24,21.7,0.0,TEC-089
WO-000983,VEH-0155,2024-02-04,Routine Inspection,Battery Pack,2.7,40952.63,43.6,1.0,TEC-032
WO-000984,VEH-0155,2025-02-04,Engine Service,Propeller x2,11.9,19036.75,15.2,0.0,TEC-159
WO-000985,VEH-0649,2024-05-31,Motor Overhaul,Battery Pack,8.6,3788.46,90.5,0.0,TEC-102
WO-000986,VEH-0649,2024-09-12,Brake Pad Replacement,,1.6,13398.2,86.3,1.0,TEC-089
WO-000987,VEH-0649,2024-12-02,Brake Pad Replacement,Battery Pack,9.8,3655.54,31.1,1.0,TEC-098
WO-000988,VEH-0649,2024-11-23,Firmware Update,Propeller x2,12.1,26265.99,74.5,1.0,TEC-201
WO-000989,VEH-0649,2024-08-25,Routine Inspection,,7.6,29182.99,35.8,0.0,TEC-109
WO-000990,VEH-0266,2024-11-30,Landing Gear Fix,,7.4,31103.03,64.6,1.0,TEC-063
WO-000991,VEH-0266,2024-02-19,Tyre Change,Propeller x2,5.2,19278.88,49.4,1.0,TEC-191
WO-000992,VEH-0266,2024-12-14,Battery Pack Swap,"Motor, ESC",3.3,3854.94,78.9,,TEC-195
WO-000993,VEH-0266,2025-04-12,Brake Pad Replacement,Battery Pack,2.1,3091.53,10.5,1.0,TEC-049
WO-000994,VEH-0266,2025-01-21,Brake Pad Replacement,,4.8,13203.31,32.5,0.0,TEC-007
WO-000995,VEH-0266,2024-06-05,Engine Service,,4.9,40611.61,37.4,0.0,TEC-164
WO-000996,VEH-0258,2025-06-29,Routine Inspection,Landing Skid,3.6,17650.78,40.3,,TEC-138
WO-000997,VEH-0258,2025-02-18,Frame Repair,Battery Pack,4.6,4449.51,64.1,0.0,TEC-115
WO-000998,VEH-0258,2025-03-18,Engine Service,Battery Pack,8.1,21756.71,36.0,1.0,TEC-094
WO-000999,VEH-0258,2024-09-02,Battery Pack Swap,"Brake Pads, Fluid",1.7,21023.14,31.9,,TEC-037
WO-001000,VEH-0700,2025-03-31,Routine Inspection,Landing Skid,0.5,4559.74,65.2,1.0,TEC-116
WO-001001,VEH-0700,2025-06-21,Battery Pack Swap,Landing Skid,3.0,39849.78,1.1,,TEC-035
WO-001002,VEH-0700,2024-08-07,Brake Pad Replacement,,4.8,5393.48,58.5,,TEC-001
WO-001003,VEH-0700,2024-11-26,Engine Service,,6.9,5896.98,95.0,1.0,TEC-080
WO-001004,VEH-0700,2024-03-02,Brake Pad Replacement,"Motor, ESC",6.2,7027.96,2.8,0.0,TEC-058
WO-001005,VEH-0415,2024-01-31,Propeller Replacement,"Brake Pads, Fluid",11.3,31435.97,26.8,,TEC-165
WO-001006,VEH-0415,2025-03-27,Propeller Replacement,Battery Pack,3.0,47770.04,1.7,0.0,TEC-054
WO-001007,VEH-0415,2024-01-28,Motor Overhaul,"Brake Pads, Fluid",11.7,5361.4,83.8,1.0,TEC-187
WO-001008,VEH-0415,2024-08-02,Firmware Update,Battery Pack,5.5,5894.73,62.1,0.0,TEC-002
WO-001009,VEH-0415,2024-10-31,Engine Service,"Motor, ESC",4.9,46472.95,66.0,,TEC-063
WO-001010,VEH-0458,2024-01-24,Engine Service,"Motor, ESC",6.0,44394.38,91.6,0.0,TEC-096
WO-001011,VEH-0458,2025-01-12,Propeller Replacement,Battery Pack,5.7,35230.9,31.2,1.0,TEC-090
WO-001012,VEH-0458,2025-01-29,Brake Pad Replacement,"Motor, ESC",,45490.94,13.2,,TEC-183
WO-001013,VEH-0451,2024-07-02,Propeller Replacement,Landing Skid,3.8,14047.19,48.1,0.0,TEC-001
WO-001014,VEH-0451,2024-10-17,Landing Gear Fix,Propeller x2,13.8,10320.63,5.3,1.0,TEC-197
WO-001015,VEH-0451,2024-03-01,Landing Gear Fix,Propeller x2,4.1,12746.79,33.5,,TEC-112
WO-001016,VEH-0451,2024-10-30,Firmware Update,Landing Skid,1.5,6349.32,43.9,0.0,TEC-218
WO-001017,VEH-0451,2024-12-02,Firmware Update,,1.3,16793.8,6.3,1.0,TEC-057
WO-001018,VEH-0105,2024-06-13,Engine Service,Landing Skid,2.4,12252.65,87.2,0.0,TEC-028
WO-001019,VEH-0496,2024-09-24,Propeller Replacement,"Motor, ESC",3.0,9725.8,92.0,0.0,TEC-180
WO-001020,VEH-0496,2024-05-04,Engine Service,Landing Skid,8.6,18852.15,49.2,0.0,TEC-076
WO-001021,VEH-0496,2025-05-27,Propeller Replacement,"Brake Pads, Fluid",12.5,826.74,41.3,0.0,TEC-217
WO-001022,VEH-0496,2025-05-09,Firmware Update,Propeller x2,6.7,32305.31,34.1,1.0,TEC-210
WO-001023,VEH-0496,2024-02-17,Battery Pack Swap,Propeller x2,6.7,44078.67,71.6,0.0,TEC-190
WO-001024,VEH-0496,2024-11-08,Frame Repair,Landing Skid,,47608.13,37.8,1.0,TEC-165
WO-001025,VEH-0331,2024-05-15,Landing Gear Fix,"Motor, ESC",12.8,46710.53,81.6,0.0,TEC-029
WO-001026,VEH-0331,2024-05-26,Motor Overhaul,"Motor, ESC",,45979.86,52.1,1.0,TEC-189
WO-001027,VEH-0331,2025-01-25,Landing Gear Fix,Landing Skid,12.4,3575.3,72.8,0.0,TEC-048
WO-001028,VEH-0331,2024-07-07,Engine Service,"Brake Pads, Fluid",2.5,22204.6,72.2,,TEC-002
WO-001029,VEH-0331,2025-06-28,Motor Overhaul,"Brake Pads, Fluid",1.4,23228.68,16.0,1.0,TEC-107
WO-001030,VEH-0331,2024-04-24,Battery Pack Swap,,6.6,14341.63,83.4,,TEC-104
WO-001031,VEH-0338,2024-12-24,Motor Overhaul,Battery Pack,,20270.96,10.6,0.0,TEC-029
WO-001032,VEH-0338,2024-12-15,Motor Overhaul,Propeller x2,6.8,42859.08,89.8,1.0,TEC-129
WO-001033,VEH-0481,2024-08-24,Battery Pack Swap,"Motor, ESC",11.9,44329.97,44.7,0.0,TEC-021
WO-001034,VEH-0454,2025-03-03,Brake Pad Replacement,,4.1,25224.12,7.4,0.0,TEC-061
WO-001035,VEH-0379,2024-07-06,Landing Gear Fix,Battery Pack,6.4,24350.37,26.5,,TEC-193
WO-001036,VEH-0379,2024-08-08,Brake Pad Replacement,Propeller x2,5.2,16746.55,77.4,1.0,TEC-066
WO-001037,VEH-0379,2025-01-16,Engine Service,"Brake Pads, Fluid",12.9,12313.83,65.6,0.0,TEC-066
WO-001038,VEH-0087,2025-05-20,Battery Pack Swap,Landing Skid,5.2,41813.49,11.6,1.0,TEC-155
WO-001039,VEH-0087,2024-02-17,Firmware Update,,7.3,27197.12,31.8,,TEC-174
WO-001040,VEH-0607,2025-02-21,Landing Gear Fix,,1.8,32026.16,29.4,1.0,TEC-215
WO-001041,VEH-0607,2024-10-10,Motor Overhaul,Landing Skid,4.2,1719.31,84.9,0.0,TEC-018
WO-001042,VEH-0607,2025-04-18,Firmware Update,Landing Skid,12.3,15876.94,14.9,1.0,TEC-071
WO-001043,VEH-0607,2025-05-26,Battery Pack Swap,"Motor, ESC",14.0,24894.76,68.6,0.0,TEC-011
WO-001044,VEH-0607,2024-07-13,Motor Overhaul,,11.8,7802.85,55.5,1.0,TEC-120
WO-001045,VEH-0110,2024-04-07,Battery Pack Swap,Battery Pack,11.7,18007.25,43.8,1.0,TEC-182
WO-001046,VEH-0110,2025-04-07,Brake Pad Replacement,"Brake Pads, Fluid",,23438.72,32.8,0.0,TEC-129
WO-001047,VEH-0110,2024-11-19,Frame Repair,Battery Pack,5.5,42233.27,12.0,,TEC-052
WO-001048,VEH-0110,2024-12-25,Frame Repair,Battery Pack,7.5,625.78,14.1,1.0,TEC-191
WO-001049,VEH-0110,2024-08-23,Routine Inspection,Propeller x2,5.8,6082.39,84.9,1.0,TEC-013
WO-001050,VEH-0533,2024-04-29,Brake Pad Replacement,,13.2,47683.09,61.4,0.0,TEC-211
WO-001051,VEH-0314,2025-03-15,Routine Inspection,Landing Skid,6.4,37821.69,93.7,1.0,TEC-030
WO-001052,VEH-0314,2024-11-25,Battery Pack Swap,,6.3,2542.39,16.3,1.0,TEC-093
WO-001053,VEH-0314,2025-06-16,Routine Inspection,Propeller x2,8.8,46071.44,65.1,1.0,TEC-025
WO-001054,VEH-0314,2024-04-06,Firmware Update,Battery Pack,11.8,47454.08,91.9,0.0,TEC-215
WO-001055,VEH-0314,2025-05-16,Frame Repair,Battery Pack,10.1,3016.93,57.9,1.0,TEC-106
WO-001056,VEH-0314,2025-06-21,Motor Overhaul,Propeller x2,12.1,6857.33,79.3,1.0,TEC-056
WO-001057,VEH-0029,2024-11-01,Frame Repair,Landing Skid,4.1,18188.89,49.1,1.0,TEC-135
WO-001058,VEH-0029,2024-04-18,Tyre Change,Landing Skid,1.6,14840.4,52.3,0.0,TEC-196
WO-001059,VEH-0029,2024-10-05,Frame Repair,Battery Pack,1.1,7469.7,38.9,,TEC-087
WO-001060,VEH-0029,2024-07-19,Engine Service,Battery Pack,6.9,42984.54,87.9,,TEC-208
WO-001061,VEH-0029,2024-12-09,Frame Repair,Landing Skid,0.9,9307.62,27.0,0.0,TEC-075
WO-001062,VEH-0144,2024-04-03,Brake Pad Replacement,Propeller x2,8.7,20300.88,70.9,0.0,TEC-162
WO-001063,VEH-0313,2025-04-25,Engine Service,Landing Skid,6.7,44023.68,7.0,1.0,TEC-008
WO-001064,VEH-0313,2024-11-07,Battery Pack Swap,Landing Skid,,11070.67,13.6,1.0,TEC-122
WO-001065,VEH-0313,2025-03-23,Battery Pack Swap,Landing Skid,8.2,2030.46,66.3,0.0,TEC-014
WO-001066,VEH-0313,2024-01-10,Tyre Change,Landing Skid,12.0,34052.91,95.5,0.0,TEC-151
WO-001067,VEH-0313,2024-01-13,Motor Overhaul,"Motor, ESC",3.7,40199.63,41.0,1.0,TEC-131
WO-001068,VEH-0269,2024-03-05,Propeller Replacement,"Brake Pads, Fluid",0.7,12018.42,75.7,,TEC-211
WO-001069,VEH-0269,2024-09-13,Brake Pad Replacement,Landing Skid,5.6,6302.87,93.0,1.0,TEC-202
WO-001070,VEH-0269,2024-07-30,Engine Service,,11.8,38027.7,38.7,0.0,TEC-025
WO-001072,VEH-0269,2024-01-06,Motor Overhaul,,5.2,2427.94,18.6,,TEC-152
WO-001073,VEH-0213,2024-06-30,Battery Pack Swap,"Motor, ESC",7.9,6866.85,37.5,1.0,TEC-154
WO-001074,VEH-0673,2024-05-13,Routine Inspection,"Motor, ESC",13.2,25106.15,70.4,0.0,TEC-116
WO-001075,VEH-0673,2024-05-21,Routine Inspection,,5.6,30659.36,63.3,1.0,TEC-136
WO-001076,VEH-0673,2024-01-14,Battery Pack Swap,,0.5,9687.88,69.6,0.0,TEC-165
WO-001077,VEH-0673,2025-04-26,Propeller Replacement,,,3124.09,63.0,0.0,TEC-121
WO-001078,VEH-0705,2024-01-09,Engine Service,Landing Skid,12.7,27056.39,63.4,1.0,TEC-090
WO-001079,VEH-0705,2024-12-20,Firmware Update,Propeller x2,10.9,24339.86,90.6,0.0,TEC-169
WO-001080,VEH-0705,2024-08-07,Propeller Replacement,"Motor, ESC",1.0,11323.44,69.0,,TEC-214
WO-001081,VEH-0705,2024-03-01,Propeller Replacement,Propeller x2,6.1,20218.93,36.3,1.0,TEC-068
WO-001082,VEH-0705,2024-09-08,Propeller Replacement,Propeller x2,9.5,24888.34,26.2,,TEC-207
WO-001083,VEH-0705,2024-10-17,Firmware Update,Landing Skid,8.1,6010.67,79.7,0.0,TEC-209
WO-001084,VEH-0679,2024-09-19,Motor Overhaul,"Brake Pads, Fluid",5.4,933.11,16.9,0.0,TEC-121
WO-001085,VEH-0679,2025-05-03,Battery Pack Swap,"Motor, ESC",4.7,31873.46,83.5,0.0,TEC-070
WO-001086,VEH-0679,2025-05-12,Firmware Update,Propeller x2,3.5,43674.11,22.6,1.0,TEC-081
WO-001087,VEH-0679,2024-08-29,Tyre Change,Battery Pack,1.0,31759.1,84.1,0.0,TEC-010
WO-001088,VEH-0679,2024-12-08,Frame Repair,,9.4,31629.85,94.9,1.0,TEC-129
WO-001089,VEH-0679,2025-02-16,Firmware Update,"Motor, ESC",,20142.27,84.9,1.0,TEC-045
WO-001090,VEH-0183,2024-10-13,Routine Inspection,,12.1,47188.02,72.0,0.0,TEC-052
WO-001091,VEH-0183,2024-09-19,Brake Pad Replacement,Landing Skid,3.7,10146.22,85.0,0.0,TEC-131
WO-001092,VEH-0183,2025-03-17,Frame Repair,"Brake Pads, Fluid",11.4,20646.96,82.6,0.0,TEC-057
WO-001093,VEH-0183,2024-02-05,Routine Inspection,,4.5,20358.33,4.9,1.0,TEC-156
WO-001094,VEH-0183,2025-02-12,Battery Pack Swap,Propeller x2,11.9,14704.48,2.5,0.0,TEC-166
WO-001095,VEH-0183,2024-01-02,Landing Gear Fix,Battery Pack,7.3,21061.3,57.8,1.0,TEC-186
WO-001096,VEH-0471,2025-06-12,Motor Overhaul,"Brake Pads, Fluid",11.2,12852.89,56.2,1.0,TEC-191
WO-001097,VEH-0471,2024-11-19,Engine Service,Landing Skid,8.1,37702.16,62.4,,TEC-108
WO-001098,VEH-0471,2025-02-28,Frame Repair,,2.1,5290.66,83.5,0.0,TEC-013
WO-001099,VEH-0471,2025-04-21,Motor Overhaul,,6.7,15176.85,71.6,1.0,TEC-181
WO-001100,VEH-0471,2024-08-09,Frame Repair,Landing Skid,7.9,35527.03,59.5,0.0,TEC-103
WO-001101,VEH-0181,2024-03-31,Brake Pad Replacement,Propeller x2,11.4,31616.72,83.2,1.0,TEC-203
WO-001102,VEH-0472,2024-09-22,Tyre Change,"Motor, ESC",8.9,11405.23,76.4,0.0,TEC-081
WO-001103,VEH-0472,2025-03-03,Propeller Replacement,"Brake Pads, Fluid",2.0,2235.08,25.6,,TEC-186
WO-001104,VEH-0472,2024-10-22,Brake Pad Replacement,"Brake Pads, Fluid",11.2,11266.69,94.6,1.0,TEC-059
WO-001105,VEH-0472,2025-03-03,Propeller Replacement,"Brake Pads, Fluid",1.8,43844.16,69.0,,TEC-196
WO-001106,VEH-0472,2024-05-13,Landing Gear Fix,"Brake Pads, Fluid",  ,989.48,88.6,0.0,TEC-176
WO-001107,VEH-0472,2024-02-13,Tyre Change,"Brake Pads, Fluid",2.7,33166.19,11.5,1.0,TEC-220
WO-001108,VEH-0021,2024-10-26,Routine Inspection,Propeller x2,12.5,11460.63,28.7,1.0,TEC-163
WO-001109,VEH-0021,2024-10-29,Brake Pad Replacement,Landing Skid,3.1,43516.19,67.6,1.0,TEC-203
WO-001110,VEH-0021,2024-02-18,Routine Inspection,Landing Skid,,19276.53,83.6,1.0,TEC-177
WO-001111,VEH-0288,2024-01-08,Brake Pad Replacement,Propeller x2,2.2,3479.43,62.5,0.0,TEC-153
WO-001112,VEH-0288,2025-01-19,Propeller Replacement,Battery Pack,13.2,14886.78,58.5,,TEC-031
WO-001113,VEH-0088,2024-02-17,Tyre Change,Battery Pack,12.2,31853.05,55.1,1.0,TEC-200
WO-001114,VEH-0088,2024-09-27,Engine Service,Battery Pack,11.0,5455.89,65.7,,TEC-201
WO-001115,VEH-0088,2024-11-12,Brake Pad Replacement,,6.5,24085.04,5.8,1.0,TEC-054
WO-001116,VEH-0088,2024-07-02,Engine Service,"Motor, ESC",6.4,11763.71,7.3,,TEC-150
WO-001117,VEH-0088,2024-05-11,Frame Repair,Propeller x2,4.5,29985.56,58.0,,TEC-154
WO-001118,VEH-0088,2025-02-17,Landing Gear Fix,"Brake Pads, Fluid",0.5,29471.72,9.7,0.0,TEC-051
WO-001120,VEH-0282,2024-09-14,Brake Pad Replacement,Battery Pack,13.3,46420.24,38.2,1.0,TEC-211
WO-001121,VEH-0282,2024-10-23,Propeller Replacement,,6.6,29749.39,58.5,0.0,TEC-016
WO-001123,VEH-0282,2024-07-11,Tyre Change,Landing Skid,3.9,45863.06,12.7,,TEC-114
WO-001124,VEH-0446,2025-01-16,Routine Inspection,Propeller x2,,10994.32,1.2,,TEC-067
WO-001126,VEH-0541,2024-01-27,Battery Pack Swap,,6.8,4951.43,62.8,1.0,TEC-154
WO-001127,VEH-0541,2024-09-18,Motor Overhaul,,1.4,43976.34,91.9,0.0,TEC-045
WO-001128,VEH-0486,2024-02-06,Landing Gear Fix,"Brake Pads, Fluid",5.2,26252.73,85.8,1.0,TEC-052
WO-001129,VEH-0486,2024-06-29,Firmware Update,Battery Pack,3.4,31971.95,88.5,1.0,TEC-114
WO-001131,VEH-0407,2024-02-19,Tyre Change,,4.4,4064.7,9.0,0.0,TEC-044
WO-001132,VEH-0407,2024-03-05,Brake Pad Replacement,"Motor, ESC",3.7,21839.68,14.8,1.0,TEC-014
WO-001133,VEH-0571,2024-11-08,Propeller Replacement,"Brake Pads, Fluid",11.8,28499.87,25.3,0.0,TEC-054
WO-001134,VEH-0571,2024-01-26,Brake Pad Replacement,,7.7,14643.74,33.0,1.0,TEC-163
WO-001135,VEH-0571,2024-02-07,Propeller Replacement,,5.8,47074.37,90.3,,TEC-166
WO-001136,VEH-0571,2025-05-03,Landing Gear Fix,"Motor, ESC",2.3,16794.49,78.4,1.0,TEC-009
WO-001137,VEH-0263,2024-06-13,Engine Service,"Brake Pads, Fluid",11.8,46316.38,69.0,0.0,TEC-152
WO-001138,VEH-0263,2024-12-08,Frame Repair,Propeller x2,8.4,32520.51,29.5,,TEC-126
WO-001140,VEH-0263,2025-05-10,Battery Pack Swap,"Motor, ESC",1.6,31103.17,75.1,0.0,TEC-057
WO-001141,VEH-0263,2024-11-15,Brake Pad Replacement,,12.1,4362.09,2.7,1.0,TEC-037
WO-001142,VEH-0370,2024-09-24,Tyre Change,"Brake Pads, Fluid",  ,4434.08,4.5,1.0,TEC-042
WO-001143,VEH-0370,2025-02-13,Brake Pad Replacement,"Motor, ESC",3.2,12692.87,87.7,1.0,TEC-108
WO-001144,VEH-0370,2024-04-26,Propeller Replacement,Battery Pack,2.0,32274.9,24.0,0.0,TEC-114
WO-001145,VEH-0370,2024-05-13,Motor Overhaul,Propeller x2,9.6,43113.89,93.0,1.0,TEC-218
WO-001146,VEH-0290,2025-04-17,Motor Overhaul,Propeller x2,1.8,4515.65,28.6,1.0,TEC-157
WO-001147,VEH-0290,2024-12-29,Landing Gear Fix,Landing Skid,10.0,20812.08,24.1,1.0,TEC-077
WO-001148,VEH-0038,2024-04-04,Landing Gear Fix,,6.4,46056.69,3.7,0.0,TEC-046
WO-001149,VEH-0038,2025-05-03,Frame Repair,"Motor, ESC",12.7,10577.04,83.8,,TEC-153
WO-001150,VEH-0038,2024-07-22,Frame Repair,Propeller x2,6.4,30127.51,49.1,1.0,TEC-022
WO-001151,VEH-0038,2024-07-26,Engine Service,Battery Pack,4.3,11786.82,57.4,,TEC-068
WO-001152,VEH-0038,2024-05-05,Tyre Change,,13.1,19495.67,62.8,0.0,TEC-010
WO-001153,VEH-0378,2024-01-02,Landing Gear Fix,,7.4,1535.39,31.8,1.0,TEC-186
WO-001154,VEH-0378,2024-06-04,Frame Repair,"Brake Pads, Fluid",10.9,35752.88,40.3,1.0,TEC-215
WO-001155,VEH-0378,2024-12-21,Tyre Change,"Motor, ESC",4.9,29782.96,23.2,1.0,TEC-013
WO-001156,VEH-0378,2024-04-14,Battery Pack Swap,,13.9,47861.66,83.7,0.0,TEC-024
WO-001157,VEH-0378,2025-03-04,Landing Gear Fix,"Brake Pads, Fluid",13.2,31049.62,68.5,1.0,TEC-020
WO-001158,VEH-0684,2024-07-03,Brake Pad Replacement,,4.5,15512.38,2.8,0.0,TEC-183
WO-001159,VEH-0684,2024-02-25,Frame Repair,,  ,17420.41,70.0,0.0,TEC-191
WO-001160,VEH-0684,2024-10-08,Tyre Change,"Motor, ESC",7.1,32883.12,4.9,1.0,TEC-188
WO-001161,VEH-0684,2024-08-31,Routine Inspection,,3.2,28933.01,80.3,1.0,TEC-118
WO-001162,VEH-0684,2025-03-19,Engine Service,Battery Pack,3.8,2659.19,30.7,1.0,TEC-144
WO-001163,VEH-0366,2024-05-26,Propeller Replacement,Battery Pack,6.9,25495.69,79.4,,TEC-110
WO-001164,VEH-0366,2024-02-21,Firmware Update,,7.9,9210.09,50.4,1.0,TEC-100
WO-001165,VEH-0366,2025-05-06,Brake Pad Replacement,Battery Pack,9.0,15651.05,1.9,0.0,TEC-045
WO-001166,VEH-9151,2024-10-30,Engine Service,Propeller x2,13.1,3951.98,1.8,0.0,TEC-179
WO-001167,VEH-0366,2025-03-25,Landing Gear Fix,Battery Pack,2.4,47049.17,82.0,0.0,TEC-084
WO-001168,VEH-0022,2024-04-04,Propeller Replacement,Propeller x2,3.5,37526.76,79.6,0.0,TEC-097
WO-001169,VEH-0022,2024-03-09,Brake Pad Replacement,"Brake Pads, Fluid",11.0,35445.62,21.3,0.0,TEC-158
WO-001170,VEH-0022,2024-03-06,Frame Repair,,4.5,19936.53,30.9,0.0,TEC-155
WO-001171,VEH-0022,2025-05-30,Brake Pad Replacement,Battery Pack,2.6,40194.65,24.1,0.0,TEC-171
WO-001172,VEH-0022,2024-10-18,Tyre Change,,8.9,24210.23,86.8,1.0,TEC-161
WO-001173,VEH-0568,2024-11-10,Propeller Replacement,"Brake Pads, Fluid",1.3,32978.67,81.6,0.0,TEC-079
WO-001174,VEH-0568,2024-10-29,Landing Gear Fix,Propeller x2,8.9,40093.34,33.2,1.0,TEC-105
WO-001175,VEH-0568,2024-01-05,Brake Pad Replacement,"Brake Pads, Fluid",3.6,38509.67,62.9,0.0,TEC-033
WO-001176,VEH-0568,2024-06-03,Routine Inspection,,12.1,17826.76,3.9,1.0,TEC-174
WO-001177,VEH-0568,2024-11-15,Engine Service,"Motor, ESC",10.2,23680.28,21.6,0.0,TEC-152
WO-001178,VEH-0582,2024-08-05,Frame Repair,Landing Skid,9.6,2439.42,25.0,0.0,TEC-002
WO-001179,VEH-0582,2025-06-30,Firmware Update,,11.0,34402.28,20.5,,TEC-090
WO-001180,VEH-0582,2025-06-05,Landing Gear Fix,,,14853.91,95.4,0.0,TEC-142
WO-001181,VEH-0547,2024-08-21,Motor Overhaul,Battery Pack,12.6,21558.15,56.2,0.0,TEC-016
WO-001182,VEH-0547,2024-10-13,Firmware Update,"Brake Pads, Fluid",13.0,33540.52,13.0,1.0,TEC-179
WO-001183,VEH-0547,2025-06-14,Battery Pack Swap,,6.5,12754.57,18.7,0.0,TEC-171
WO-001184,VEH-0547,2025-06-05,Landing Gear Fix,Propeller x2,3.1,10280.26,2.1,1.0,TEC-218
WO-001185,VEH-0547,2025-01-31,Engine Service,Landing Skid,2.0,22197.44,72.1,0.0,TEC-013
WO-001186,VEH-0547,2024-03-07,Engine Service,Landing Skid,1.0,19174.47,2.7,1.0,TEC-022
WO-001187,VEH-0665,2025-03-28,Frame Repair,"Motor, ESC",4.3,15623.5,51.3,1.0,TEC-149
WO-001188,VEH-0606,2024-08-28,Landing Gear Fix,,9.2,39341.46,16.0,1.0,TEC-107
WO-001189,VEH-0122,2025-05-20,Frame Repair,,2.7,40802.02,45.5,1.0,TEC-075
WO-001190,VEH-0686,2025-02-23,Motor Overhaul,,13.2,44611.25,32.1,0.0,TEC-171
WO-001191,VEH-0686,2025-01-12,Battery Pack Swap,,9.5,26681.47,85.7,0.0,TEC-126
WO-001192,VEH-0576,2025-06-11,Landing Gear Fix,Propeller x2,1.6,38049.64,8.7,0.0,TEC-110
WO-001193,VEH-0576,2024-02-01,Landing Gear Fix,Battery Pack,0.8,13914.45,13.0,0.0,TEC-190
WO-001194,VEH-0075,2025-04-16,Brake Pad Replacement,"Motor, ESC",2.5,18054.72,19.5,1.0,TEC-096
WO-001195,VEH-0075,2024-06-20,Firmware Update,Landing Skid,11.0,7093.0,34.3,1.0,TEC-193
WO-001196,VEH-0075,2024-12-23,Battery Pack Swap,"Brake Pads, Fluid",11.9,38112.36,42.3,,TEC-119
WO-001197,VEH-0075,2025-06-07,Landing Gear Fix,"Brake Pads, Fluid",12.2,30143.42,83.2,0.0,TEC-217
WO-001198,VEH-0075,2024-03-18,Battery Pack Swap,,8.4,32285.1,52.3,0.0,TEC-164
WO-001199,VEH-0075,2024-09-05,Propeller Replacement,Landing Skid,12.5,26550.53,17.0,0.0,TEC-135
WO-001200,VEH-0589,2025-01-06,Brake Pad Replacement,"Motor, ESC",3.3,7858.36,39.1,,TEC-048
WO-001201,VEH-0392,2024-05-11,Firmware Update,,6.1,7883.0,45.5,1.0,TEC-008
WO-001202,VEH-0392,2024-02-16,Propeller Replacement,,6.5,44139.63,66.2,1.0,TEC-014
WO-001203,VEH-0392,2024-08-28,Frame Repair,,12.3,12359.62,41.0,1.0,TEC-184
WO-001204,VEH-0392,2024-10-01,Landing Gear Fix,Propeller x2,2.0,15161.34,3.1,1.0,TEC-113
WO-001205,VEH-0392,2025-05-16,Brake Pad Replacement,,11.3,3303.05,55.8,0.0,TEC-181
WO-001206,VEH-0392,2025-01-11,Routine Inspection,Battery Pack,3.4,21466.4,52.6,,TEC-213
WO-001207,VEH-0698,2025-05-18,Firmware Update,,10.8,32490.82,4.0,1.0,TEC-024
WO-001208,VEH-0698,2025-02-16,Propeller Replacement,"Brake Pads, Fluid",0.6,38135.68,15.9,0.0,TEC-036
WO-001209,VEH-0354,2024-07-29,Landing Gear Fix,Propeller x2,5.8,46399.23,86.3,1.0,TEC-031
WO-001210,VEH-0354,2025-03-14,Brake Pad Replacement,"Brake Pads, Fluid",4.7,3253.57,54.5,1.0,TEC-053
WO-001211,VEH-0354,2024-04-26,Routine Inspection,,11.1,13789.56,1.9,1.0,TEC-099
WO-001212,VEH-0080,2024-06-22,Engine Service,,10.3,39152.3,24.9,0.0,TEC-085
WO-001213,VEH-0080,2024-01-18,Propeller Replacement,"Motor, ESC",6.2,5792.36,14.6,0.0,TEC-125
WO-001214,VEH-0080,2024-02-10,Frame Repair,,8.4,10724.36,33.8,0.0,TEC-065
WO-001215,VEH-0529,2024-02-26,Propeller Replacement,Landing Skid,13.1,27864.66,8.5,0.0,TEC-105
WO-001216,VEH-0529,2024-04-27,Routine Inspection,Landing Skid,0.8,46883.23,59.2,1.0,TEC-153
WO-001217,VEH-0529,2024-12-19,Frame Repair,"Motor, ESC",7.4,38781.14,54.6,1.0,TEC-184
WO-001218,VEH-0529,2024-10-16,Frame Repair,,2.8,30906.9,82.8,0.0,TEC-173
WO-001219,VEH-0529,2025-01-31,Brake Pad Replacement,"Brake Pads, Fluid",1.3,16909.26,28.2,0.0,TEC-006
WO-001220,VEH-0529,2025-02-18,Brake Pad Replacement,Battery Pack,3.6,16246.21,61.3,1.0,TEC-056
WO-001221,VEH-0280,2024-11-30,Battery Pack Swap,"Motor, ESC",12.2,25998.24,1.1,,TEC-086
WO-001222,VEH-0280,2024-02-24,Propeller Replacement,,2.5,40588.69,57.9,0.0,TEC-049
WO-001223,VEH-0280,2024-01-09,Battery Pack Swap,,3.4,41237.06,21.5,0.0,TEC-080
WO-001224,VEH-0280,2025-04-30,Brake Pad Replacement,"Motor, ESC",7.1,23383.99,85.2,1.0,TEC-079
WO-001225,VEH-0280,2025-05-22,Landing Gear Fix,Battery Pack,5.7,44603.91,73.7,1.0,TEC-101
WO-001226,VEH-0286,2025-02-16,Propeller Replacement,,11.3,33466.14,85.1,1.0,TEC-116
WO-001227,VEH-0273,2024-07-15,Routine Inspection,Battery Pack,2.1,18437.9,18.8,1.0,TEC-141
WO-001228,VEH-0273,2024-08-07,Motor Overhaul,Landing Skid,6.9,4049.09,25.3,1.0,TEC-069
WO-001229,VEH-0273,2024-09-26,Engine Service,"Motor, ESC",4.6,47900.22,10.5,,TEC-158
WO-001230,VEH-0273,2024-06-24,Tyre Change,Propeller x2,10.7,27042.52,27.2,,TEC-147
WO-001231,VEH-0273,2025-06-17,Landing Gear Fix,"Brake Pads, Fluid",6.6,21385.78,8.0,,TEC-141
WO-001232,VEH-0273,2024-05-01,Routine Inspection,Propeller x2,11.7,11099.76,49.3,1.0,TEC-075
WO-001233,VEH-0618,2025-04-26,Battery Pack Swap,Propeller x2,1.6,41059.02,43.7,0.0,TEC-164
WO-001234,VEH-0618,2025-06-13,Frame Repair,"Brake Pads, Fluid",11.3,24568.67,23.2,1.0,TEC-176
WO-001235,VEH-0618,2024-07-28,Motor Overhaul,"Motor, ESC",10.7,32901.9,62.6,,TEC-131
WO-001236,VEH-0618,2024-06-24,Battery Pack Swap,Propeller x2,13.3,19172.59,91.9,1.0,TEC-011
WO-001238,VEH-0126,2024-12-10,Brake Pad Replacement,"Motor, ESC",6.5,29878.23,89.5,,TEC-104
WO-001239,VEH-0126,2024-05-25,Tyre Change,,8.1,7856.48,89.7,,TEC-166
WO-001240,VEH-0126,2024-12-27,Brake Pad Replacement,Battery Pack,10.5,34933.16,62.7,1.0,TEC-118
WO-001242,VEH-0382,2025-01-29,Propeller Replacement,"Motor, ESC",8.3,46336.42,6.4,,TEC-006
WO-001243,VEH-0382,2025-01-05,Propeller Replacement,"Motor, ESC",3.6,13479.38,15.1,0.0,TEC-155
WO-001244,VEH-0382,2024-04-10,Battery Pack Swap,"Brake Pads, Fluid",9.9,46116.76,42.2,1.0,TEC-165
WO-001245,VEH-0342,2025-05-23,Routine Inspection,,10.1,38641.9,35.7,1.0,TEC-164
WO-001246,VEH-0342,2024-02-25,Frame Repair,"Motor, ESC",,2077.86,54.8,0.0,TEC-106
WO-001247,VEH-0342,2024-11-08,Frame Repair,Propeller x2,0.5,13163.46,80.1,,TEC-005
WO-001248,VEH-0342,2025-03-13,Motor Overhaul,"Motor, ESC",3.7,12244.64,26.8,0.0,TEC-110
WO-001249,VEH-0342,2024-06-11,Firmware Update,Landing Skid,4.4,41955.29,13.4,1.0,TEC-138
WO-001250,VEH-0342,2025-02-16,Landing Gear Fix,,10.1,39465.47,91.9,0.0,TEC-079
WO-001251,VEH-0153,2025-01-06,Propeller Replacement,,11.5,38783.43,10.0,1.0,TEC-092
WO-001252,VEH-0153,2025-04-14,Engine Service,"Brake Pads, Fluid",1.2,44729.26,33.9,0.0,TEC-135
WO-001253,VEH-0153,2025-02-02,Landing Gear Fix,"Brake Pads, Fluid",9.7,28076.76,46.0,,TEC-086
WO-001254,VEH-0153,2024-01-10,Brake Pad Replacement,"Motor, ESC",3.1,27463.37,37.6,0.0,TEC-209
WO-001255,VEH-0424,2024-10-05,Tyre Change,Landing Skid,4.1,31613.34,12.8,,TEC-216
WO-001256,VEH-0424,2024-12-08,Frame Repair,,8.7,14780.32,82.2,0.0,TEC-118
WO-001257,VEH-0424,2025-05-20,Brake Pad Replacement,,13.9,26930.52,4.7,,TEC-068
WO-001258,VEH-0424,2024-07-15,Routine Inspection,Landing Skid,12.2,14561.22,82.5,0.0,TEC-166
WO-001259,VEH-0424,2024-08-08,Battery Pack Swap,,9.3,40038.24,89.1,1.0,TEC-160
WO-001260,VEH-0690,2024-11-04,Motor Overhaul,Propeller x2,5.6,37483.77,92.5,0.0,TEC-062
WO-001261,VEH-0690,2024-03-09,Landing Gear Fix,Propeller x2,unknown,28906.29,53.6,0.0,TEC-202
WO-001262,VEH-0690,2024-06-25,Brake Pad Replacement,Battery Pack,3.5,13882.51,7.3,1.0,TEC-132
WO-001263,VEH-0690,2025-07-02,Routine Inspection,,5.8,6749.85,11.0,0.0,TEC-137
WO-001264,VEH-0690,2025-09-02,Tyre Change,,3.6,45864.01,35.9,1.0,TEC-010
WO-001265,VEH-0719,2024-06-02,Routine Inspection,"Motor, ESC",3.4,43338.33,43.1,1.0,TEC-182
WO-001266,VEH-0719,2025-03-12,Routine Inspection,Propeller x2,1.5,2869.26,28.2,1.0,TEC-072
WO-001267,VEH-0509,2024-01-31,Firmware Update,Landing Skid,3.9,8782.14,14.9,0.0,TEC-220
WO-001268,VEH-0509,2024-02-22,Frame Repair,Propeller x2,9.3,18013.07,19.1,1.0,TEC-082
WO-001269,VEH-0509,2025-04-20,Motor Overhaul,"Brake Pads, Fluid",4.9,787.57,16.7,1.0,TEC-110
WO-001270,VEH-0598,2024-06-05,Tyre Change,Battery Pack,1.0,1470.08,79.6,,TEC-183
WO-001271,VEH-0598,2024-06-09,Brake Pad Replacement,Battery Pack,4.4,9745.51,73.4,0.0,TEC-147
WO-001272,VEH-0598,2024-06-04,Propeller Replacement,Landing Skid,8.7,3411.78,48.4,,TEC-036
WO-001273,VEH-0598,2025-02-17,Battery Pack Swap,Propeller x2,5.4,24329.77,24.4,0.0,TEC-132
WO-001274,VEH-0598,2024-07-02,Frame Repair,,3.0,26875.52,8.3,1.0,TEC-115
WO-001275,VEH-0598,2024-10-25,Engine Service,"Motor, ESC",12.3,28736.07,46.6,0.0,TEC-142
WO-001276,VEH-0137,2024-10-22,Motor Overhaul,"Motor, ESC",12.6,19850.96,55.3,1.0,TEC-153
WO-001277,VEH-0473,2025-05-06,Landing Gear Fix,Battery Pack,13.5,35359.4,45.8,,TEC-062
WO-001278,VEH-0473,2024-11-01,Tyre Change,"Brake Pads, Fluid",9.5,16198.69,46.5,,TEC-155
WO-001279,VEH-0473,2024-02-15,Battery Pack Swap,"Motor, ESC",11.0,33214.23,30.8,0.0,TEC-219
WO-001280,VEH-0055,2024-10-19,Motor Overhaul,Battery Pack,2.4,38887.07,7.6,,TEC-158
WO-001281,VEH-0055,2024-01-26,Engine Service,"Motor, ESC",,37550.08,38.5,1.0,TEC-149
WO-001282,VEH-0055,2024-10-16,Brake Pad Replacement,Landing Skid,9.7,28782.03,20.8,1.0,TEC-051
WO-001283,VEH-0361,2024-03-01,Frame Repair,Propeller x2,6.5,30078.22,14.5,1.0,TEC-125
WO-001284,VEH-0361,2024-08-19,Motor Overhaul,Landing Skid,6.0,32435.55,41.2,0.0,TEC-083
WO-001285,VEH-0361,2025-05-14,Motor Overhaul,Battery Pack,13.5,29341.36,17.2,1.0,TEC-135
WO-001286,VEH-0361,2024-06-30,Firmware Update,Propeller x2,0.7,22110.1,79.3,0.0,TEC-030
WO-001287,VEH-0361,2025-03-23,Propeller Replacement,,5.1,22863.78,64.0,0.0,TEC-157
WO-001288,VEH-0361,2024-02-21,Battery Pack Swap,Propeller x2,3.1,9951.19,43.7,0.0,TEC-028
WO-001289,VEH-0096,2025-04-27,Tyre Change,"Brake Pads, Fluid",7.1,25206.21,33.4,1.0,TEC-076
WO-001290,VEH-0096,2024-11-24,Routine Inspection,"Motor, ESC",0.5,10414.61,87.8,,TEC-058
WO-001291,VEH-0010,2024-08-27,Tyre Change,Propeller x2,11.4,16798.96,50.3,1.0,TEC-126
WO-001292,VEH-0042,2024-01-13,Tyre Change,Battery Pack,5.9,44192.81,77.9,1.0,TEC-217
WO-001293,VEH-0306,2024-02-10,Battery Pack Swap,,13.7,23439.2,8.6,0.0,TEC-183
WO-001294,VEH-0306,2025-03-23,Engine Service,Propeller x2,12.4,6482.06,92.1,1.0,TEC-183
WO-001295,VEH-0306,2024-03-09,Propeller Replacement,Battery Pack,7.1,11669.53,48.8,,TEC-111
WO-001296,VEH-0306,2025-02-04,Frame Repair,"Motor, ESC",-,41191.65,49.7,,TEC-025
WO-001298,VEH-0218,2025-01-22,Propeller Replacement,"Motor, ESC",11.7,4612.23,10.1,1.0,TEC-161
WO-001299,VEH-0218,2024-06-17,Firmware Update,Battery Pack,13.5,6329.27,54.6,,TEC-091
WO-001300,VEH-0218,2024-09-07,Frame Repair,Battery Pack,5.7,4636.44,66.4,0.0,TEC-126
WO-001301,VEH-0423,2025-01-15,Propeller Replacement,Landing Skid,8.4,2033.18,10.6,0.0,TEC-005
WO-001302,VEH-0423,2024-10-14,Tyre Change,Battery Pack,,33842.53,73.6,0.0,TEC-009
WO-001303,VEH-0423,2025-01-02,Battery Pack Swap,,0.7,43545.96,11.0,0.0,TEC-017
WO-001304,VEH-0423,2024-01-29,Firmware Update,"Motor, ESC",5.8,45686.46,63.1,0.0,TEC-073
WO-001305,VEH-0423,2024-12-26,Landing Gear Fix,"Motor, ESC",3.1,28719.81,36.4,1.0,TEC-199
WO-001306,VEH-0423,2024-02-21,Engine Service,"Brake Pads, Fluid",1.3,25555.37,28.5,0.0,TEC-059
WO-001307,VEH-0041,2025-06-26,Landing Gear Fix,Landing Skid,4.7,23378.04,49.4,,TEC-163
WO-001308,VEH-0041,2024-03-18,Engine Service,,9.9,26528.29,47.1,,TEC-051
WO-001309,VEH-0609,2024-10-27,Firmware Update,"Brake Pads, Fluid",13.1,36422.6,92.3,1.0,TEC-173
WO-001310,VEH-0697,2025-01-09,Frame Repair,,6.1,39276.7,13.9,0.0,TEC-173
WO-001311,VEH-0697,2025-03-20,Propeller Replacement,Battery Pack,5.8,9783.81,44.7,,TEC-014
WO-001312,VEH-0697,2024-03-05,Frame Repair,,5.3,18238.35,50.2,1.0,TEC-196
WO-001313,VEH-0697,2024-03-14,Motor Overhaul,"Brake Pads, Fluid",4.5,39048.24,52.7,,TEC-059
WO-001314,VEH-0697,2024-07-19,Landing Gear Fix,Landing Skid,5.7,44218.3,65.0,,TEC-108
WO-001315,VEH-0697,2024-06-25,Tyre Change,Landing Skid,4.7,46463.27,21.7,0.0,TEC-160
WO-001316,VEH-0043,2024-11-19,Propeller Replacement,Landing Skid,6.1,35291.39,30.7,1.0,TEC-189
WO-001317,VEH-0043,2024-02-16,Landing Gear Fix,Battery Pack,6.3,28186.66,62.0,1.0,TEC-177
WO-001318,VEH-0043,2024-10-05,Brake Pad Replacement,Battery Pack,8.1,44556.42,34.7,1.0,TEC-112
WO-001319,VEH-0043,2024-12-05,Battery Pack Swap,"Motor, ESC",4.8,38597.95,47.0,0.0,TEC-156
WO-001320,VEH-0412,2024-07-22,Propeller Replacement,Battery Pack,4.3,8448.27,29.9,1.0,TEC-104
WO-001321,VEH-0412,2025-03-13,Tyre Change,Landing Skid,8.8,18911.29,79.0,1.0,TEC-085
WO-001322,VEH-0412,2024-10-18,Brake Pad Replacement,Landing Skid,4.9,38931.39,49.9,1.0,TEC-202
WO-001323,VEH-0007,2025-01-31,Tyre Change,"Brake Pads, Fluid",10.6,21194.62,74.4,1.0,TEC-097
WO-001324,VEH-0007,2024-03-23,Routine Inspection,,7.0,6176.62,47.6,1.0,TEC-023
WO-001325,VEH-0007,2024-09-06,Battery Pack Swap,Battery Pack,0.7,27591.05,33.2,,TEC-199
WO-001326,VEH-0390,2025-06-22,Tyre Change,"Brake Pads, Fluid",9.3,1320.89,81.8,1.0,TEC-055
WO-001327,VEH-0390,2025-05-25,Routine Inspection,Landing Skid,5.8,29859.64,32.1,1.0,TEC-015
WO-001328,VEH-0390,2024-07-19,Propeller Replacement,"Brake Pads, Fluid",1.0,42427.32,76.9,1.0,TEC-144
WO-001329,VEH-0390,2025-02-20,Propeller Replacement,Propeller x2,6.0,16127.94,44.5,0.0,TEC-090
WO-001331,VEH-0531,2024-06-21,Engine Service,"Motor, ESC",12.6,21343.32,14.4,0.0,TEC-033
WO-001332,VEH-0531,2024-11-20,Brake Pad Replacement,Landing Skid,11.2,32670.27,87.8,0.0,TEC-167
WO-001333,VEH-0627,2024-08-24,Motor Overhaul,Propeller x2,12.0,2937.61,58.6,0.0,TEC-014
WO-001334,VEH-0627,2025-04-12,Brake Pad Replacement,Battery Pack,1.9,33610.3,71.6,1.0,TEC-006
WO-001336,VEH-0627,2024-03-28,Brake Pad Replacement,Landing Skid,12.7,14495.65,10.6,,TEC-108
WO-001337,VEH-0287,2024-03-02,Firmware Update,Propeller x2,3.9,14950.86,67.6,0.0,TEC-125
WO-001338,VEH-0287,2024-08-16,Frame Repair,,1.9,8966.9,56.9,0.0,TEC-080
WO-001339,VEH-0287,2024-09-22,Brake Pad Replacement,"Motor, ESC",5.1,6530.44,18.4,,TEC-157
WO-001340,VEH-0287,2024-12-23,Battery Pack Swap,,4.8,6237.93,10.4,,TEC-142
WO-001341,VEH-0287,2024-03-08,Landing Gear Fix,Landing Skid,13.6,9319.36,48.4,1.0,TEC-214
WO-001342,VEH-0287,2025-04-09,Motor Overhaul,"Brake Pads, Fluid",10.2,28939.47,6.8,0.0,TEC-003
WO-001343,VEH-0398,2025-01-09,Brake Pad Replacement,,9.5,13768.33,36.4,0.0,TEC-008
WO-001344,VEH-0398,2024-04-05,Propeller Replacement,Landing Skid,4.1,38894.83,95.8,0.0,TEC-215
WO-001345,VEH-0398,2024-06-26,Frame Repair,,5.8,44848.82,11.0,1.0,TEC-185
WO-001347,VEH-0702,2024-09-28,Battery Pack Swap,,13.8,9438.51,48.5,1.0,TEC-009
WO-001348,VEH-0702,2024-07-29,Motor Overhaul,Landing Skid,7.0,21275.32,34.9,1.0,TEC-200
WO-001349,VEH-0702,2024-08-31,Firmware Update,Propeller x2,3.1,34295.75,9.6,,TEC-109
WO-001350,VEH-0198,2025-05-06,Motor Overhaul,"Brake Pads, Fluid",9.8,6385.47,82.9,,TEC-038
WO-001351,VEH-0198,2024-11-26,Tyre Change,Landing Skid,13.5,38863.22,26.1,0.0,TEC-179
WO-001352,VEH-0056,2025-01-07,Propeller Replacement,"Brake Pads, Fluid",10.9,41731.9,5.2,0.0,TEC-085
WO-001353,VEH-0056,2024-12-17,Landing Gear Fix,Propeller x2,5.6,45177.0,27.3,1.0,TEC-053
WO-001354,VEH-0056,2024-09-01,Motor Overhaul,,3.2,37074.99,1.2,,TEC-146
WO-001355,VEH-0056,2024-07-14,Motor Overhaul,"Brake Pads, Fluid",4.1,23650.97,49.1,,TEC-218
WO-001356,VEH-0056,2025-01-19,Frame Repair,Propeller x2,10.2,18510.05,92.8,0.0,TEC-199
WO-001357,VEH-0368,2025-06-06,Engine Service,"Motor, ESC",0.9,18311.26,2.9,,TEC-006
WO-001358,VEH-0368,2024-04-28,Routine Inspection,,6.9,44280.47,16.0,,TEC-004
WO-001359,VEH-0368,2024-07-13,Landing Gear Fix,"Brake Pads, Fluid",7.9,9728.97,59.8,1.0,TEC-148
WO-001360,VEH-0561,2025-03-18,Landing Gear Fix,Landing Skid,0.7,6300.46,81.7,,TEC-079
WO-001361,VEH-0561,2024-05-26,Brake Pad Replacement,,7.5,4012.4,92.8,0.0,TEC-087
WO-001362,VEH-0291,2024-05-19,Routine Inspection,"Motor, ESC",1.0,10473.92,76.7,1.0,TEC-036
WO-001363,VEH-0291,2025-03-28,Landing Gear Fix,"Brake Pads, Fluid",2.0,21828.81,49.6,0.0,TEC-155
WO-001364,VEH-0291,2025-03-19,Battery Pack Swap,"Motor, ESC",1.2,7661.25,5.8,0.0,TEC-165
WO-001365,VEH-0291,2024-11-07,Propeller Replacement,"Brake Pads, Fluid",3.6,5847.99,94.6,,TEC-047
WO-001366,VEH-0291,2025-04-03,Propeller Replacement,Propeller x2,6.4,13303.45,26.2,1.0,TEC-005
WO-001367,VEH-0277,2024-07-21,Tyre Change,,11.5,16391.29,70.6,0.0,TEC-026
WO-001368,VEH-0277,2025-12-02,Motor Overhaul,,1.8,25942.41,64.2,1.0,TEC-139
WO-001369,VEH-0277,2024-03-24,Propeller Replacement,Landing Skid,13.3,37848.26,87.6,1.0,TEC-170
WO-001370,VEH-0277,2024-11-05,Landing Gear Fix,,1.8,23088.44,87.2,1.0,TEC-041
WO-001371,VEH-0277,2024-05-26,Landing Gear Fix,Propeller x2,5.5,28454.46,79.1,0.0,TEC-060
WO-001372,VEH-0532,2024-12-04,Frame Repair,,4.2,30496.87,56.6,0.0,TEC-056
WO-001373,VEH-0187,2024-12-19,Frame Repair,"Motor, ESC",10.6,4429.41,82.7,1.0,TEC-080
WO-001374,VEH-0187,2024-01-20,Frame Repair,"Brake Pads, Fluid",2.9,41248.89,20.6,,TEC-038
WO-001375,VEH-0187,2024-12-31,Firmware Update,"Brake Pads, Fluid",7.1,18467.06,47.5,0.0,TEC-157
WO-001376,VEH-0460,2024-07-26,Routine Inspection,Battery Pack,4.4,19439.5,43.8,,TEC-180
WO-001377,VEH-0322,2025-04-11,Propeller Replacement,,3.1,43683.93,12.9,0.0,TEC-053
WO-001378,VEH-0322,2024-03-03,Tyre Change,"Brake Pads, Fluid",5.9,16867.4,76.2,0.0,TEC-218
WO-001379,VEH-0322,2024-01-26,Brake Pad Replacement,Propeller x2,11.8,7402.37,71.4,1.0,TEC-054
WO-001380,VEH-0001,2024-01-12,Routine Inspection,,2.1,5847.03,40.3,,TEC-220
WO-001381,VEH-0001,2024-12-19,Brake Pad Replacement,,7.7,6114.57,40.6,0.0,TEC-149
WO-001382,VEH-0001,2024-01-14,Battery Pack Swap,"Brake Pads, Fluid",1.9,40042.72,85.3,1.0,TEC-200
WO-001383,VEH-0001,2024-07-03,Tyre Change,Propeller x2,10.5,32144.85,80.4,0.0,TEC-083
WO-001384,VEH-0001,2025-04-05,Propeller Replacement,,4.7,38495.45,78.2,0.0,TEC-039
WO-001385,VEH-9153,2025-05-11,Brake Pad Replacement,Battery Pack,2.5,47832.82,39.2,0.0,TEC-155
WO-001386,VEH-0312,2025-01-04,Firmware Update,"Motor, ESC",5.7,6656.4,66.0,1.0,TEC-211
WO-001387,VEH-0312,2025-03-22,Landing Gear Fix,,3.4,20240.39,62.0,0.0,TEC-011
WO-001388,VEH-0312,2024-11-25,Motor Overhaul,,5.4,12740.29,81.0,1.0,TEC-020
WO-001389,VEH-0214,2025-02-24,Propeller Replacement,"Brake Pads, Fluid",1.7,5643.1,13.0,,TEC-131
WO-001390,VEH-0045,2024-06-08,Brake Pad Replacement,"Brake Pads, Fluid",5.6,37421.95,91.4,,TEC-201
WO-001391,VEH-0045,2024-08-01,Tyre Change,Propeller x2,9.7,26054.38,35.9,,TEC-058
WO-001392,VEH-0045,2024-08-17,Routine Inspection,"Brake Pads, Fluid",3.6,30852.39,18.6,1.0,TEC-216
WO-001393,VEH-0402,2024-07-30,Battery Pack Swap,Battery Pack,12.7,36900.64,32.2,0.0,TEC-034
WO-001394,VEH-0402,2024-12-25,Motor Overhaul,Landing Skid,5.1,24658.39,53.2,0.0,TEC-029
WO-001395,VEH-0315,2024-12-02,Propeller Replacement,,8.8,42611.52,61.4,0.0,TEC-044
WO-001396,VEH-0315,2025-03-10,Landing Gear Fix,Landing Skid,1.4,22486.42,68.4,0.0,TEC-060
WO-001397,VEH-0315,2024-08-23,Battery Pack Swap,Battery Pack,7.9,12250.47,63.2,,TEC-110
WO-001398,VEH-0315,2024-04-02,Battery Pack Swap,,9.1,5909.39,78.4,0.0,TEC-132
WO-001400,VEH-0006,2024-07-10,Brake Pad Replacement,Landing Skid,6.9,18937.55,69.4,1.0,TEC-134
WO-001401,VEH-0006,2024-01-28,Tyre Change,,12.7,7155.91,91.0,1.0,TEC-014
WO-001402,VEH-0237,2024-09-11,Engine Service,Landing Skid,7.3,3595.25,83.5,1.0,TEC-102
WO-001403,VEH-0237,2025-09-06,Battery Pack Swap,Battery Pack,1.0,23311.16,88.8,,TEC-039
WO-001404,VEH-0237,2025-05-13,Propeller Replacement,"Brake Pads, Fluid",7.7,8738.53,91.9,0.0,TEC-122
WO-001405,VEH-0444,2025-05-09,Frame Repair,Battery Pack,11.1,46574.38,10.5,1.0,TEC-025
WO-001406,VEH-0444,2024-03-02,Battery Pack Swap,Landing Skid,10.8,18920.57,60.9,1.0,TEC-038
WO-001407,VEH-0049,2025-05-25,Motor Overhaul,Propeller x2,12.7,7719.2,49.4,1.0,TEC-101
WO-001408,VEH-0049,2024-04-15,Brake Pad Replacement,,2.8,31319.31,88.0,,TEC-096
WO-001409,VEH-0049,2024-08-26,Landing Gear Fix,"Motor, ESC",10.5,36895.03,85.1,,TEC-001
WO-001410,VEH-0049,2024-11-13,Battery Pack Swap,,6.0,1415.7,50.7,,TEC-144
WO-001411,VEH-0049,2024-12-14,Engine Service,"Brake Pads, Fluid",1.9,47381.31,76.6,1.0,TEC-078
WO-001412,VEH-0025,2025-05-28,Routine Inspection,"Motor, ESC",0.8,40239.0,22.6,0.0,TEC-068
WO-001413,VEH-0025,2025-02-18,Firmware Update,Battery Pack,1.9,4485.32,39.9,1.0,TEC-141
WO-001414,VEH-0009,2025-04-19,Tyre Change,"Brake Pads, Fluid",1.1,41293.52,63.6,1.0,TEC-048
WO-001415,VEH-0009,2024-09-17,Brake Pad Replacement,Propeller x2,  ,21753.17,41.4,0.0,TEC-183
WO-001416,VEH-0009,2024-11-25,Battery Pack Swap,Propeller x2,10.3,45369.94,7.0,0.0,TEC-108
WO-001417,VEH-0009,2025-04-13,Firmware Update,,-,38154.42,52.4,0.0,TEC-130
WO-001418,VEH-0624,2024-09-22,Motor Overhaul,,9.5,16985.79,62.9,,TEC-047
WO-001419,VEH-0624,2025-06-01,Battery Pack Swap,"Brake Pads, Fluid",10.6,36148.24,31.2,0.0,TEC-018
WO-001420,VEH-0624,2024-06-20,Brake Pad Replacement,Landing Skid,10.2,27868.46,54.9,1.0,TEC-212
WO-001421,VEH-0358,2025-04-03,Propeller Replacement,Propeller x2,11.0,23710.9,91.0,,TEC-102
WO-001422,VEH-0358,2024-03-26,Tyre Change,,8.3,2875.92,14.6,1.0,TEC-080
WO-001423,VEH-0358,2024-01-12,Routine Inspection,Propeller x2,9.6,22632.5,81.6,1.0,TEC-185
WO-001424,VEH-0358,2025-05-04,Propeller Replacement,Propeller x2,6.3,34521.07,54.2,1.0,TEC-177
WO-001425,VEH-0050,2024-11-14,Engine Service,,3.6,44167.23,13.3,,TEC-192
WO-001426,VEH-0050,2025-01-04,Landing Gear Fix,Landing Skid,13.9,10582.21,24.2,,TEC-166
WO-001427,VEH-0050,2025-05-31,Propeller Replacement,,6.0,12838.3,83.8,,TEC-198
WO-001428,VEH-0666,2024-12-31,Firmware Update,Battery Pack,9.9,31949.44,55.7,1.0,TEC-066
WO-001429,VEH-0666,2024-02-28,Routine Inspection,,,22176.62,84.1,0.0,TEC-007
WO-001430,VEH-0292,2024-09-07,Firmware Update,Landing Skid,8.6,31796.14,64.5,1.0,TEC-178
WO-001431,VEH-0512,2024-10-10,Motor Overhaul,Landing Skid,7.4,42363.7,16.2,1.0,TEC-112
WO-001432,VEH-0512,2024-12-31,Firmware Update,,9.8,3373.98,82.0,1.0,TEC-085
WO-001433,VEH-0512,2024-06-05,Firmware Update,,12.6,13899.49,65.1,,TEC-073
WO-001434,VEH-0512,2024-04-25,Frame Repair,,8.3,41920.34,14.2,1.0,TEC-085
WO-001435,VEH-0512,2025-02-03,Frame Repair,Battery Pack,9.7,1424.39,78.4,1.0,TEC-186
WO-001436,VEH-0371,2024-03-26,Routine Inspection,"Brake Pads, Fluid",,8965.18,56.8,,TEC-005
WO-001437,VEH-0371,2024-11-24,Landing Gear Fix,Propeller x2,5.7,5492.3,40.4,1.0,TEC-013
WO-001438,VEH-0371,2025-02-18,Firmware Update,,,17775.89,38.2,,TEC-002
WO-001439,VEH-0670,2024-07-08,Tyre Change,"Brake Pads, Fluid",5.0,46611.9,35.5,1.0,TEC-003
WO-001440,VEH-0670,2024-07-02,Propeller Replacement,"Brake Pads, Fluid",8.0,19404.32,27.0,0.0,TEC-023
WO-001441,VEH-0670,2024-08-10,Battery Pack Swap,Battery Pack,7.9,23922.4,32.0,,TEC-041
WO-001442,VEH-0670,2024-09-02,Firmware Update,Propeller x2,6.6,25066.99,38.1,,TEC-154
WO-001443,VEH-0670,2024-07-02,Tyre Change,"Brake Pads, Fluid",7.3,8031.44,27.4,0.0,TEC-183
WO-001444,VEH-0708,2025-02-08,Frame Repair,Landing Skid,5.5,29679.11,66.1,,TEC-187
WO-001445,VEH-0708,2024-07-31,Propeller Replacement,Landing Skid,0.7,19628.79,73.6,1.0,TEC-082
WO-001446,VEH-0708,2024-11-13,Routine Inspection,Landing Skid,6.1,16019.12,32.0,0.0,TEC-073
WO-001447,VEH-0708,2024-05-23,Propeller Replacement,Propeller x2,2.2,33417.15,3.7,0.0,TEC-042
WO-001448,VEH-0708,2024-08-27,Motor Overhaul,"Motor, ESC",6.2,22055.7,4.0,1.0,TEC-150
WO-001449,VEH-0708,2024-12-25,Routine Inspection,,9.2,17068.62,41.1,0.0,TEC-056
WO-001450,VEH-0667,2025-04-25,Landing Gear Fix,"Brake Pads, Fluid",11.3,26841.38,39.0,1.0,TEC-206
WO-001451,VEH-0667,2025-03-07,Battery Pack Swap,Battery Pack,2.8,24842.25,7.5,1.0,TEC-120
WO-001452,VEH-0667,2024-06-10,Brake Pad Replacement,Battery Pack,13.9,30891.5,88.0,,TEC-213
WO-001453,VEH-0667,2024-03-24,Routine Inspection,"Brake Pads, Fluid",7.4,16732.71,67.5,1.0,TEC-174
WO-001454,VEH-0667,2024-08-19,Landing Gear Fix,,13.3,8989.03,38.7,1.0,TEC-156
WO-001455,VEH-0428,2025-06-25,Firmware Update,Landing Skid,8.8,29833.37,82.3,1.0,TEC-066
WO-001456,VEH-0428,2024-02-20,Brake Pad Replacement,Landing Skid,2.0,4893.55,86.2,0.0,TEC-052
WO-001457,VEH-0428,2024-10-04,Tyre Change,"Motor, ESC",10.7,28988.54,24.3,1.0,TEC-132
WO-001458,VEH-0428,2024-12-17,Tyre Change,"Motor, ESC",3.2,30126.37,53.5,,TEC-176
WO-001459,VEH-0428,2024-12-27,Frame Repair,,4.8,41079.62,88.4,1.0,TEC-074
WO-001460,VEH-0230,2024-09-13,Landing Gear Fix,,3.6,13714.78,78.4,0.0,TEC-174
WO-001461,VEH-0230,2024-07-19,Firmware Update,,11.1,23107.21,3.3,0.0,TEC-110
WO-001462,VEH-0230,2024-02-12,Motor Overhaul,Battery Pack,13.7,43467.07,43.1,1.0,TEC-099
WO-001463,VEH-0230,2024-12-26,Battery Pack Swap,,6.0,1825.17,81.9,1.0,TEC-140
WO-001464,VEH-0230,2024-04-27,Landing Gear Fix,"Brake Pads, Fluid",6.7,13386.83,28.6,1.0,TEC-207
WO-001465,VEH-0230,2025-04-12,Brake Pad Replacement,"Motor, ESC",8.7,34470.94,24.2,1.0,TEC-107
WO-001466,VEH-0560,2024-08-15,Battery Pack Swap,,3.0,15463.01,73.5,1.0,TEC-046
WO-001467,VEH-0560,2025-08-06,Routine Inspection,"Motor, ESC",11.0,13977.03,51.6,1.0,TEC-168
WO-001468,VEH-0113,2024-02-13,Battery Pack Swap,Battery Pack,13.6,8630.28,26.6,0.0,TEC-194
WO-001469,VEH-0113,2025-02-28,Motor Overhaul,"Motor, ESC",13.7,27257.74,2.5,1.0,TEC-057
WO-001470,VEH-0113,2025-02-03,Motor Overhaul,Battery Pack,10.8,41719.26,18.3,1.0,TEC-078
WO-001471,VEH-0348,2024-08-20,Brake Pad Replacement,Landing Skid,2.3,18278.2,32.5,0.0,TEC-117
WO-001472,VEH-0348,2025-02-16,Routine Inspection,Propeller x2,10.9,41380.91,55.3,,TEC-194
WO-001474,VEH-0260,2024-12-03,Propeller Replacement,Battery Pack,13.9,11772.28,40.8,0.0,TEC-214
WO-001475,VEH-0260,2024-07-26,Engine Service,,11.9,27291.51,32.9,1.0,TEC-095
WO-001476,VEH-0608,2024-01-30,Motor Overhaul,"Brake Pads, Fluid",4.9,12990.2,48.1,0.0,TEC-041
WO-001477,VEH-0608,2024-05-20,Landing Gear Fix,"Motor, ESC",12.0,21411.46,64.7,1.0,TEC-116
WO-001478,VEH-0608,2024-01-06,Routine Inspection,Propeller x2,1.7,41646.06,73.1,1.0,TEC-200
WO-001479,VEH-0608,2024-12-04,Routine Inspection,Landing Skid,2.5,15592.58,66.1,1.0,TEC-210
WO-001480,VEH-0608,2024-03-31,Landing Gear Fix,Battery Pack,12.0,5737.16,7.6,0.0,TEC-143
WO-001481,VEH-0180,2024-03-31,Battery Pack Swap,Propeller x2,9.9,5671.17,88.1,1.0,TEC-162
WO-001482,VEH-0081,2024-04-16,Tyre Change,,11.6,1398.83,87.0,0.0,TEC-123
WO-001483,VEH-0081,2024-11-26,Motor Overhaul,,13.6,40554.35,19.0,1.0,TEC-033
WO-001484,VEH-0205,2024-03-18,Firmware Update,"Brake Pads, Fluid",8.1,19035.49,91.7,1.0,TEC-096
WO-001485,VEH-0205,2024-08-16,Routine Inspection,"Motor, ESC",10.0,40798.8,95.8,0.0,TEC-132
WO-001486,VEH-0205,2024-08-07,Tyre Change,,8.6,26885.04,94.7,,TEC-211
WO-001487,VEH-0205,2025-02-27,Engine Service,Propeller x2,1.2,4141.57,25.1,0.0,TEC-029
WO-001488,VEH-0205,2024-06-27,Landing Gear Fix,"Brake Pads, Fluid",8.3,11847.12,15.5,1.0,TEC-031
WO-001489,VEH-0205,2024-02-16,Motor Overhaul,"Motor, ESC",11.7,14607.33,95.2,0.0,TEC-108
WO-001490,VEH-0376,2025-05-15,Battery Pack Swap,Propeller x2,11.5,19537.16,82.9,0.0,TEC-048
WO-001491,VEH-0376,2024-08-27,Firmware Update,"Brake Pads, Fluid",7.2,15416.49,87.3,,TEC-050
WO-001493,VEH-0376,2024-04-12,Battery Pack Swap,"Motor, ESC",12.6,29697.51,37.7,1.0,TEC-081
WO-001494,VEH-0326,2024-03-05,Tyre Change,Battery Pack,10.0,29493.69,44.7,0.0,TEC-140
WO-001495,VEH-0326,2024-09-15,Motor Overhaul,Battery Pack,9.9,30780.26,84.4,,TEC-205
WO-001496,VEH-0326,2024-09-21,Engine Service,"Brake Pads, Fluid",5.1,5589.57,73.0,0.0,TEC-082
WO-001497,VEH-0326,2024-03-13,Propeller Replacement,,8.5,25641.17,69.9,1.0,TEC-193
WO-001498,VEH-0326,2024-03-22,Routine Inspection,Landing Skid,2.4,44007.94,15.4,1.0,TEC-056
WO-001499,VEH-0326,2024-03-03,Battery Pack Swap,Propeller x2,,14100.53,43.2,1.0,TEC-146
WO-001500,VEH-0079,2025-06-18,Motor Overhaul,"Motor, ESC",9.9,6161.99,52.1,,TEC-082
WO-001501,VEH-0079,2024-05-16,Propeller Replacement,"Motor, ESC",1.4,12349.08,44.1,1.0,TEC-109
WO-001502,VEH-0079,2024-07-17,Battery Pack Swap,,4.2,37229.53,34.1,0.0,TEC-140
WO-001503,VEH-0276,2024-09-11,Battery Pack Swap,"Brake Pads, Fluid",0.5,27152.54,37.4,1.0,TEC-007
WO-001504,VEH-0276,2025-05-13,Frame Repair,Landing Skid,2.5,45816.25,22.4,,TEC-097
WO-001505,VEH-0276,2024-06-09,Propeller Replacement,Propeller x2,6.5,28641.36,91.0,1.0,TEC-185
WO-001506,VEH-0276,2025-01-23,Motor Overhaul,,3.2,15295.83,18.6,0.0,TEC-047
WO-001507,VEH-0276,2025-05-26,Firmware Update,Propeller x2,2.1,28076.2,2.6,0.0,TEC-088
WO-001508,VEH-0328,2024-10-20,Routine Inspection,Propeller x2,3.8,29770.32,90.8,1.0,TEC-131
WO-001510,VEH-0195,2024-11-15,Motor Overhaul,Propeller x2,1.0,29404.5,84.0,0.0,TEC-084
WO-001511,VEH-0195,2024-08-16,Propeller Replacement,,2.2,46350.03,87.4,,TEC-125
WO-001512,VEH-0195,2025-02-22,Engine Service,,6.6,25319.39,91.1,,TEC-069
WO-001513,VEH-0195,2025-11-03,Firmware Update,,1.1,43086.43,73.8,,TEC-160
WO-001514,VEH-0120,2024-06-11,Motor Overhaul,"Motor, ESC",,1513.51,85.8,1.0,TEC-094
WO-001515,VEH-0120,2024-02-27,Frame Repair,Propeller x2,4.3,26494.59,34.4,1.0,TEC-056
WO-001516,VEH-0120,2024-12-30,Motor Overhaul,Propeller x2,6.2,14729.52,49.7,0.0,TEC-003
WO-001517,VEH-0120,2024-09-10,Tyre Change,Battery Pack,12.5,39097.58,25.9,1.0,TEC-147
WO-001518,VEH-0120,2024-09-16,Motor Overhaul,Battery Pack,7.1,4451.88,84.6,0.0,TEC-033
WO-001519,VEH-0545,2024-11-30,Landing Gear Fix,Battery Pack,4.6,42228.0,3.0,0.0,TEC-177
WO-001520,VEH-0545,2024-11-25,Propeller Replacement,"Brake Pads, Fluid",12.2,18850.45,10.1,0.0,TEC-128
WO-001521,VEH-0545,2025-02-18,Motor Overhaul,"Brake Pads, Fluid",1.6,47844.86,66.4,,TEC-152
WO-001522,VEH-0545,2024-01-28,Propeller Replacement,"Brake Pads, Fluid",1.2,32412.16,60.4,,TEC-175
WO-001523,VEH-0474,2025-08-02,Brake Pad Replacement,"Brake Pads, Fluid",13.9,26175.6,71.7,1.0,TEC-110
WO-001524,VEH-0474,2025-05-16,Frame Repair,,3.8,39387.85,84.5,0.0,TEC-195
WO-001525,VEH-0474,2025-04-14,Motor Overhaul,"Motor, ESC",4.7,16496.28,4.4,0.0,TEC-084
WO-001526,VEH-0474,2025-06-01,Firmware Update,"Motor, ESC",9.3,11005.92,76.6,1.0,TEC-075
WO-001527,VEH-0488,2024-04-08,Firmware Update,Battery Pack,12.3,33276.02,24.0,0.0,TEC-042
WO-001528,VEH-0488,2024-11-21,Brake Pad Replacement,Battery Pack,4.9,47434.82,36.1,1.0,TEC-014
WO-001529,VEH-0040,2024-07-07,Firmware Update,"Motor, ESC",0.5,40440.25,9.4,,TEC-020
WO-001530,VEH-0543,2025-05-12,Engine Service,"Motor, ESC",2.6,17480.89,55.5,1.0,TEC-057
WO-001531,VEH-0543,2024-03-17,Motor Overhaul,"Motor, ESC",3.1,24640.94,72.0,1.0,TEC-204
WO-001532,VEH-0543,2024-08-18,Firmware Update,,6.0,33654.33,63.0,,TEC-155
WO-001533,VEH-0567,2024-06-12,Brake Pad Replacement,,1.0,41708.45,9.9,1.0,TEC-146
WO-001534,VEH-0567,2024-08-16,Tyre Change,Landing Skid,10.9,39781.73,27.5,,TEC-158
WO-001535,VEH-0208,2024-01-27,Landing Gear Fix,Landing Skid,7.2,29634.05,35.1,,TEC-070
WO-001536,VEH-0578,2024-04-25,Battery Pack Swap,,1.1,21260.94,10.8,0.0,TEC-206
WO-001537,VEH-0060,2024-02-07,Tyre Change,Propeller x2,5.5,8359.47,65.7,0.0,TEC-080
WO-001538,VEH-0060,2025-04-19,Routine Inspection,"Motor, ESC",0.6,11389.35,49.4,0.0,TEC-081
WO-001539,VEH-0060,2024-03-19,Motor Overhaul,"Motor, ESC",1.4,24349.18,76.1,0.0,TEC-176
WO-001540,VEH-0060,2024-12-03,Firmware Update,,6.1,17767.61,27.2,1.0,TEC-202
WO-001541,VEH-9794,2024-06-02,Routine Inspection,Battery Pack,3.3,42824.71,14.2,1.0,TEC-014
WO-001542,VEH-0525,2024-06-11,Engine Service,"Brake Pads, Fluid",12.1,5459.59,15.6,1.0,TEC-194
WO-001543,VEH-0525,2024-07-26,Routine Inspection,,5.0,4043.56,32.1,0.0,TEC-178
WO-001544,VEH-0525,2024-01-05,Frame Repair,,3.1,45123.81,77.2,0.0,TEC-024
WO-001545,VEH-0583,2025-12-06,Propeller Replacement,Propeller x2,6.1,13372.58,25.2,1.0,TEC-116
WO-001546,VEH-0621,2024-08-28,Brake Pad Replacement,"Motor, ESC",5.8,32935.86,21.1,,TEC-058
WO-001547,VEH-0621,2024-11-10,Tyre Change,Landing Skid,12.1,15316.29,34.8,,TEC-049
WO-001548,VEH-0072,2025-06-25,Engine Service,Propeller x2,5.3,27239.19,46.8,1.0,TEC-033
WO-001549,VEH-0072,2024-10-21,Brake Pad Replacement,,,39072.15,11.4,0.0,TEC-078
WO-001550,VEH-0466,2024-03-19,Tyre Change,Battery Pack,13.7,26589.08,79.2,0.0,TEC-028
WO-001551,VEH-0466,2024-07-27,Routine Inspection,,7.2,35732.0,42.2,1.0,TEC-075
WO-001552,VEH-0466,2024-04-21,Tyre Change,Battery Pack,12.8,39488.45,9.2,1.0,TEC-122
WO-001553,VEH-0466,2025-06-21,Engine Service,Landing Skid,11.2,32784.45,14.4,0.0,TEC-163
WO-001554,VEH-0466,2025-07-03,Firmware Update,Propeller x2,7.8,8258.64,60.0,,TEC-091
WO-001555,VEH-0466,2024-01-30,Frame Repair,"Brake Pads, Fluid",5.7,3010.13,15.1,1.0,TEC-150
WO-001556,VEH-0053,2024-04-06,Tyre Change,Propeller x2,7.6,40466.4,84.4,1.0,TEC-041
WO-001557,VEH-0053,2024-07-24,Propeller Replacement,"Motor, ESC",8.5,36226.53,39.0,,TEC-117
WO-001558,VEH-0053,2024-10-14,Landing Gear Fix,"Brake Pads, Fluid",8.6,12018.55,18.2,1.0,TEC-093
WO-001559,VEH-0492,2025-03-14,Landing Gear Fix,Battery Pack,6.5,25021.17,93.6,,TEC-008
WO-001560,VEH-0492,2024-03-06,Routine Inspection,"Brake Pads, Fluid",3.0,28568.87,35.4,1.0,TEC-088
WO-001561,VEH-0017,2024-11-10,Tyre Change,"Brake Pads, Fluid",6.1,2427.96,9.8,1.0,TEC-139
WO-001562,VEH-0017,2025-04-04,Propeller Replacement,"Brake Pads, Fluid",12.9,47747.57,24.2,0.0,TEC-040
WO-001563,VEH-0017,2024-05-19,Firmware Update,Battery Pack,5.5,32951.11,86.7,,TEC-053
WO-001564,VEH-0017,2024-09-02,Firmware Update,,4.2,12151.77,56.2,1.0,TEC-128
WO-001565,VEH-0017,2024-01-12,Motor Overhaul,"Motor, ESC",6.5,31942.92,18.8,1.0,TEC-054
WO-001566,VEH-0577,2024-05-28,Tyre Change,Propeller x2,0.6,35595.36,23.0,1.0,TEC-063
WO-001567,VEH-0577,2024-08-25,Tyre Change,"Motor, ESC",7.6,28839.01,78.5,0.0,TEC-116
WO-001568,VEH-0393,2025-04-12,Propeller Replacement,"Brake Pads, Fluid",7.4,45111.32,83.3,1.0,TEC-113
WO-001569,VEH-0393,2024-07-24,Propeller Replacement,"Motor, ESC",3.7,40339.0,58.0,1.0,TEC-108
WO-001570,VEH-0386,2025-06-15,Battery Pack Swap,Battery Pack,12.2,13270.86,82.1,,TEC-188
WO-001571,VEH-0445,2024-10-17,Routine Inspection,Propeller x2,9.6,34590.83,26.3,1.0,TEC-216
WO-001572,VEH-0445,2024-02-04,Brake Pad Replacement,,5.5,17461.31,49.0,1.0,TEC-107
WO-001573,VEH-0445,2025-05-26,Routine Inspection,"Motor, ESC",8.7,27268.8,28.7,,TEC-148
WO-001574,VEH-0445,2025-01-31,Engine Service,"Brake Pads, Fluid",2.4,47712.75,38.1,0.0,TEC-030
WO-001575,VEH-0445,2024-08-20,Brake Pad Replacement,Propeller x2,4.8,17587.39,37.5,1.0,TEC-014
WO-001576,VEH-0445,2024-12-04,Brake Pad Replacement,,11.1,34772.41,38.9,1.0,TEC-046
WO-001577,VEH-0238,2025-05-26,Routine Inspection,"Motor, ESC",11.0,41369.38,6.5,0.0,TEC-010
WO-001578,VEH-0238,2024-10-26,Battery Pack Swap,Propeller x2,10.1,1292.18,77.9,0.0,TEC-188
WO-001579,VEH-0281,2025-02-04,Landing Gear Fix,,9.4,28127.48,84.9,0.0,TEC-137
WO-001580,VEH-0281,2024-03-21,Propeller Replacement,,8.5,29406.3,1.2,,TEC-112
WO-001581,VEH-0281,2024-01-23,Brake Pad Replacement,,3.6,37000.81,4.9,,TEC-069
WO-001582,VEH-0281,2025-05-09,Tyre Change,"Brake Pads, Fluid",6.7,25534.06,17.6,,TEC-189
WO-001583,VEH-0281,2024-02-16,Brake Pad Replacement,Battery Pack,-,36198.4,4.0,0.0,TEC-048
WO-001584,VEH-0413,2024-11-04,Routine Inspection,"Brake Pads, Fluid",12.6,36894.1,12.3,1.0,TEC-088
WO-001585,VEH-0413,2024-08-22,Tyre Change,"Motor, ESC",8.4,39893.71,61.3,1.0,TEC-200
WO-001586,VEH-0413,2025-01-02,Brake Pad Replacement,Propeller x2,6.8,27431.49,51.6,0.0,TEC-189
WO-001587,VEH-0028,2024-07-07,Engine Service,"Brake Pads, Fluid",3.2,10056.84,85.2,1.0,TEC-204
WO-001588,VEH-0028,2024-01-18,Landing Gear Fix,"Brake Pads, Fluid",13.6,12915.22,91.2,,TEC-184
WO-001589,VEH-0028,2024-02-01,Routine Inspection,,5.6,20728.76,16.4,1.0,TEC-095
WO-001590,VEH-0728,2025-04-16,Brake Pad Replacement,Landing Skid,11.7,11499.9,35.3,0.0,TEC-102
WO-001591,VEH-0728,2024-03-12,Firmware Update,,10.3,28462.68,26.6,0.0,TEC-215
WO-001592,VEH-0728,2024-06-07,Routine Inspection,"Brake Pads, Fluid",1.0,39944.66,58.2,1.0,TEC-102
WO-001593,VEH-0728,2025-03-26,Landing Gear Fix,Landing Skid,7.8,25030.23,73.8,1.0,TEC-142
WO-001594,VEH-0728,2024-05-12,Routine Inspection,"Brake Pads, Fluid",4.2,20667.82,16.1,1.0,TEC-085
WO-001595,VEH-0184,2024-10-20,Motor Overhaul,"Brake Pads, Fluid",3.4,31201.42,40.4,0.0,TEC-164
WO-001596,VEH-0483,2024-06-06,Propeller Replacement,"Brake Pads, Fluid",3.6,40061.26,38.1,0.0,TEC-177
WO-001597,VEH-0483,2024-10-07,Routine Inspection,,7.9,35245.88,61.4,0.0,TEC-203
WO-001598,VEH-0483,2024-07-20,Tyre Change,"Brake Pads, Fluid",4.6,24877.29,24.9,,TEC-177
WO-001599,VEH-0483,2024-04-22,Battery Pack Swap,Landing Skid,1.4,25067.12,90.9,,TEC-158
WO-001600,VEH-0483,2025-06-03,Battery Pack Swap,Battery Pack,2.5,2578.46,74.4,1.0,TEC-116
WO-001601,VEH-0597,2024-04-22,Tyre Change,"Brake Pads, Fluid",9.5,5300.33,9.7,1.0,TEC-216
WO-001602,VEH-0661,2024-10-09,Tyre Change,Battery Pack,-,33769.06,34.6,1.0,TEC-178
WO-001603,VEH-0170,2024-10-18,Engine Service,,13.5,25233.36,13.4,1.0,TEC-091
WO-001604,VEH-0170,2024-03-28,Brake Pad Replacement,,4.5,17264.53,78.2,1.0,TEC-092
WO-001605,VEH-0149,2024-07-14,Battery Pack Swap,,10.2,18455.09,84.0,0.0,TEC-120
WO-001606,VEH-0070,2024-03-05,Routine Inspection,,4.4,38752.05,68.2,0.0,TEC-071
WO-001607,VEH-0070,2025-04-17,Engine Service,,2.3,14876.1,79.5,1.0,TEC-015
WO-001609,VEH-0070,2024-08-19,Engine Service,"Brake Pads, Fluid",4.6,3354.06,47.5,1.0,TEC-027
WO-001610,VEH-0070,2024-10-12,Tyre Change,"Motor, ESC",8.8,40700.77,46.2,0.0,TEC-093
WO-001611,VEH-0318,2024-09-09,Brake Pad Replacement,,12.7,42631.34,54.5,0.0,TEC-012
WO-001613,VEH-0318,2024-10-08,Battery Pack Swap,"Motor, ESC",2.4,33574.03,33.0,1.0,TEC-074
WO-001614,VEH-0318,2024-10-06,Landing Gear Fix,,9.7,33276.76,13.9,1.0,TEC-211
WO-001615,VEH-0318,2025-04-17,Landing Gear Fix,,8.4,5133.24,60.7,1.0,TEC-180
WO-001616,VEH-0318,2025-04-14,Routine Inspection,Landing Skid,3.8,37409.69,87.7,0.0,TEC-155
WO-001617,VEH-0102,2025-01-25,Routine Inspection,"Brake Pads, Fluid",11.1,10034.59,38.7,0.0,TEC-044
WO-001618,VEH-0102,2024-04-13,Tyre Change,Propeller x2,0.7,28799.17,94.2,,TEC-209
WO-001619,VEH-0102,2024-11-29,Tyre Change,"Motor, ESC",11.9,9205.8,76.5,1.0,TEC-209
WO-001620,VEH-0546,2025-05-08,Engine Service,,10.7,41853.39,82.9,1.0,TEC-157
WO-001621,VEH-0546,2024-06-10,Battery Pack Swap,,6.7,42323.85,33.2,1.0,TEC-031
WO-001622,VEH-0546,2024-09-12,Propeller Replacement,,5.2,22898.76,14.5,1.0,TEC-015
WO-001623,VEH-0546,2025-05-13,Brake Pad Replacement,Landing Skid,11.4,11004.36,16.7,1.0,TEC-160
WO-001624,VEH-0546,2025-02-07,Motor Overhaul,,8.4,34765.81,70.9,1.0,TEC-188
WO-001625,VEH-0546,2024-03-20,Frame Repair,Propeller x2,,41428.36,21.3,1.0,TEC-166
WO-001626,VEH-0455,2024-04-28,Engine Service,Battery Pack,7.1,29496.73,88.9,,TEC-099
WO-001627,VEH-0455,2024-11-23,Tyre Change,,5.1,16337.5,52.8,1.0,TEC-178
WO-001628,VEH-0455,2024-01-01,Routine Inspection,Landing Skid,6.4,33703.16,13.2,1.0,TEC-128
WO-001629,VEH-0455,2025-06-25,Routine Inspection,Battery Pack,8.3,29371.79,73.7,0.0,TEC-056
WO-001630,VEH-9201,2024-05-05,Propeller Replacement,,11.7,2432.6,93.9,0.0,TEC-130
WO-001631,VEH-0455,2024-05-05,Motor Overhaul,Battery Pack,6.1,16066.09,72.0,0.0,TEC-116
WO-001632,VEH-0117,2024-02-23,Engine Service,Propeller x2,,16582.28,23.8,0.0,TEC-040
WO-001633,VEH-0117,2024-02-01,Landing Gear Fix,Propeller x2,10.6,10992.82,23.8,0.0,TEC-017
WO-001634,VEH-0117,2024-01-31,Battery Pack Swap,"Brake Pads, Fluid",1.9,31746.13,34.6,1.0,TEC-073
WO-001635,VEH-0117,2024-01-26,Engine Service,"Motor, ESC",10.5,16453.08,65.4,1.0,TEC-076
WO-001636,VEH-0417,2024-08-30,Motor Overhaul,"Brake Pads, Fluid",10.5,31139.82,72.9,1.0,TEC-005
WO-001637,VEH-0417,2024-01-31,Battery Pack Swap,Landing Skid,1.4,42766.01,18.3,1.0,TEC-058
WO-001638,VEH-0417,2025-01-14,Routine Inspection,,4.8,39832.16,46.1,1.0,TEC-012
WO-001639,VEH-0417,2024-05-06,Tyre Change,Propeller x2,10.1,14721.48,39.0,1.0,TEC-201
WO-001640,VEH-0417,2025-04-11,Frame Repair,"Brake Pads, Fluid",13.9,40100.2,54.4,,TEC-208
WO-001641,VEH-0629,2024-09-02,Tyre Change,Battery Pack,1.8,9194.85,4.9,0.0,TEC-176
WO-001642,VEH-0629,2025-04-25,Tyre Change,Landing Skid,13.8,25349.71,44.6,0.0,TEC-052
WO-001643,VEH-0027,2025-03-14,Routine Inspection,,1.3,33282.14,53.5,,TEC-002
WO-001644,VEH-0027,2024-11-23,Landing Gear Fix,"Brake Pads, Fluid",2.0,41764.16,36.3,,TEC-090
WO-001645,VEH-0206,2024-07-11,Engine Service,Battery Pack,1.5,31292.04,68.3,0.0,TEC-021
WO-001646,VEH-0206,2024-09-16,Motor Overhaul,,8.0,39164.11,79.9,,TEC-108
WO-001647,VEH-0206,2024-10-31,Routine Inspection,"Motor, ESC",4.3,35948.21,32.1,0.0,TEC-045
WO-001648,VEH-0206,2025-02-01,Landing Gear Fix,,4.8,42155.97,94.7,1.0,TEC-067
WO-001649,VEH-0569,2024-06-01,Engine Service,Battery Pack,4.7,33909.17,21.1,1.0,TEC-184
WO-001650,VEH-0569,2024-07-29,Brake Pad Replacement,Battery Pack,6.2,21457.92,16.4,1.0,TEC-136
WO-001651,VEH-0569,2024-08-02,Brake Pad Replacement,,4.2,35269.7,8.7,,TEC-195
WO-001652,VEH-0569,2024-05-10,Landing Gear Fix,Landing Skid,1.9,16643.23,8.6,1.0,TEC-183
WO-001653,VEH-0569,2024-05-16,Frame Repair,Landing Skid,10.1,45616.96,48.5,0.0,TEC-138
WO-001654,VEH-0569,2024-05-28,Frame Repair,"Motor, ESC",11.3,28753.46,67.4,0.0,TEC-198
WO-001656,VEH-0168,2024-09-13,Brake Pad Replacement,Battery Pack,10.1,2284.95,26.0,0.0,TEC-177
WO-001657,VEH-0004,2024-03-24,Motor Overhaul,"Brake Pads, Fluid",1.1,14703.94,21.4,0.0,TEC-054
WO-001658,VEH-0004,2024-01-01,Propeller Replacement,Propeller x2,13.6,18608.65,20.6,1.0,TEC-120
WO-001659,VEH-0004,2024-11-19,Routine Inspection,,10.0,33356.43,76.5,1.0,TEC-059
WO-001660,VEH-0611,2025-04-13,Frame Repair,Battery Pack,10.7,17170.06,47.9,1.0,TEC-080
WO-001661,VEH-0611,2024-03-13,Routine Inspection,,9.7,33578.86,12.1,1.0,TEC-093
WO-001662,VEH-0558,2024-08-08,Tyre Change,"Brake Pads, Fluid",2.0,31688.93,20.7,1.0,TEC-072
WO-001663,VEH-0558,2024-04-25,Propeller Replacement,Propeller x2,5.1,10913.44,28.3,0.0,TEC-100
WO-001664,VEH-0558,2024-04-07,Landing Gear Fix,Battery Pack,8.9,13993.15,36.2,,TEC-006
WO-001665,VEH-0558,2024-05-14,Routine Inspection,"Brake Pads, Fluid",3.9,10071.48,46.3,0.0,TEC-052
WO-001666,VEH-0558,2024-02-23,Frame Repair,"Brake Pads, Fluid",2.7,7181.06,52.6,0.0,TEC-069
WO-001667,VEH-0558,2024-05-30,Engine Service,Landing Skid,5.2,5731.65,21.1,0.0,TEC-063
WO-001668,VEH-0595,2025-06-27,Routine Inspection,"Brake Pads, Fluid",0.9,36982.16,44.6,0.0,TEC-067
WO-001669,VEH-0595,2024-06-18,Battery Pack Swap,Propeller x2,4.7,27266.99,11.7,0.0,TEC-171
WO-001670,VEH-0595,2024-06-17,Brake Pad Replacement,,12.5,3214.8,23.4,1.0,TEC-038
WO-001671,VEH-0595,2024-01-16,Routine Inspection,"Brake Pads, Fluid",2.3,43189.12,64.8,1.0,TEC-026
WO-001672,VEH-0595,2025-06-27,Tyre Change,"Brake Pads, Fluid",3.5,28713.13,92.0,0.0,TEC-105
WO-001673,VEH-0595,2025-12-02,Motor Overhaul,Battery Pack,12.3,3392.15,33.3,0.0,TEC-078
WO-001674,VEH-0400,2024-01-26,Firmware Update,"Brake Pads, Fluid",2.1,39515.73,28.0,1.0,TEC-218
WO-001675,VEH-0539,2024-07-25,Brake Pad Replacement,Landing Skid,9.9,15104.58,59.5,0.0,TEC-160
WO-001676,VEH-0539,2025-05-20,Firmware Update,Propeller x2,3.1,46880.05,24.5,0.0,TEC-046
WO-001677,VEH-0539,2024-03-11,Motor Overhaul,,10.1,24406.86,24.9,1.0,TEC-111
WO-001678,VEH-0539,2024-10-18,Landing Gear Fix,,0.8,36127.29,29.7,1.0,TEC-211
WO-001679,VEH-0551,2024-04-09,Routine Inspection,"Brake Pads, Fluid",11.5,41809.07,69.4,1.0,TEC-201
WO-001680,VEH-0551,2024-11-14,Frame Repair,"Brake Pads, Fluid",8.9,17540.82,23.2,0.0,TEC-211
WO-001681,VEH-0623,2024-03-21,Tyre Change,Battery Pack,13.1,4878.71,64.2,0.0,TEC-161
WO-001682,VEH-0623,2024-04-12,Frame Repair,Propeller x2,13.8,38330.07,84.1,,TEC-113
WO-001683,VEH-0623,2024-01-22,Landing Gear Fix,Battery Pack,6.1,34884.21,88.4,0.0,TEC-104
WO-001684,VEH-0623,2024-11-23,Frame Repair,Propeller x2,0.6,21251.08,90.3,1.0,TEC-016
WO-001685,VEH-0623,2024-07-26,Propeller Replacement,Battery Pack,7.5,5398.9,22.4,0.0,TEC-161
WO-001686,VEH-0175,2024-09-28,Motor Overhaul,"Brake Pads, Fluid",10.6,33306.98,48.1,,TEC-097
WO-001687,VEH-0175,2025-03-18,Engine Service,Landing Skid,9.7,1189.58,23.3,0.0,TEC-213
WO-001688,VEH-0175,2025-10-06,Frame Repair,Battery Pack,6.5,11104.25,71.4,1.0,TEC-058
WO-001689,VEH-0285,2024-06-15,Routine Inspection,Landing Skid,12.5,27136.7,53.5,0.0,TEC-114
WO-001690,VEH-0285,2024-02-03,Battery Pack Swap,Landing Skid,8.4,44960.55,2.1,0.0,TEC-071
WO-001691,VEH-0285,2024-07-02,Tyre Change,Battery Pack,9.8,32543.62,15.2,,TEC-131
WO-001692,VEH-0693,2024-10-29,Landing Gear Fix,Battery Pack,7.8,43742.04,40.6,1.0,TEC-009
WO-001693,VEH-0693,2024-07-10,Frame Repair,"Brake Pads, Fluid",3.5,20629.51,92.8,0.0,TEC-127
WO-001694,VEH-0693,2025-05-11,Battery Pack Swap,Propeller x2,6.7,17741.74,33.7,0.0,TEC-158
WO-001695,VEH-0693,2024-07-02,Brake Pad Replacement,"Brake Pads, Fluid",1.1,28062.37,57.7,1.0,TEC-202
WO-001696,VEH-9981,2024-03-16,Firmware Update,,8.5,5457.72,86.8,1.0,TEC-196
WO-001697,VEH-0452,2025-05-06,Landing Gear Fix,Battery Pack,7.3,28197.28,9.4,0.0,TEC-079
WO-001698,VEH-0452,2024-07-20,Landing Gear Fix,Propeller x2,1.3,40191.32,71.4,1.0,TEC-002
WO-001699,VEH-0452,2024-12-23,Firmware Update,Propeller x2,4.4,901.64,78.6,1.0,TEC-049
WO-001700,VEH-0452,2025-05-23,Propeller Replacement,"Brake Pads, Fluid",13.4,24291.93,26.2,1.0,TEC-073
WO-001701,VEH-0452,2024-01-10,Landing Gear Fix,Battery Pack,3.4,19566.28,63.8,1.0,TEC-087
WO-001702,VEH-0452,2024-10-15,Engine Service,Landing Skid,13.9,35582.61,27.8,1.0,TEC-016
WO-001703,VEH-0441,2025-02-06,Battery Pack Swap,,11.6,41028.61,22.9,1.0,TEC-166
WO-001704,VEH-0727,2025-03-07,Motor Overhaul,Battery Pack,12.3,39235.42,92.0,1.0,TEC-001
WO-001705,VEH-0727,2024-03-25,Battery Pack Swap,,1.0,4643.21,29.4,0.0,TEC-001
WO-001707,VEH-0727,2025-01-16,Firmware Update,Propeller x2,12.7,19020.76,1.6,0.0,TEC-173
WO-001708,VEH-0727,2024-12-20,Propeller Replacement,"Brake Pads, Fluid",12.0,20288.96,65.4,0.0,TEC-019
WO-001709,VEH-0727,2024-09-13,Motor Overhaul,,6.1,10841.63,63.6,0.0,TEC-154
WO-001710,VEH-0668,2024-01-30,Motor Overhaul,,9.9,39140.56,50.2,0.0,TEC-186
WO-001711,VEH-0668,2025-06-04,Motor Overhaul,Landing Skid,11.5,19913.55,44.5,,TEC-132
WO-001713,VEH-0668,2024-04-13,Brake Pad Replacement,,12.2,28723.27,87.0,,TEC-086
WO-001714,VEH-0668,2024-01-24,Firmware Update,,11.8,15014.19,2.1,1.0,TEC-017
WO-001715,VEH-0668,2024-12-31,Engine Service,Battery Pack,6.8,3120.95,5.9,1.0,TEC-024
WO-001716,VEH-0350,2025-01-22,Engine Service,"Motor, ESC",4.1,26826.68,39.4,,TEC-179
WO-001717,VEH-0298,2025-03-12,Propeller Replacement,Battery Pack,12.3,1853.77,45.6,0.0,TEC-185
WO-001718,VEH-0298,2024-05-17,Firmware Update,Propeller x2,7.8,30103.37,17.3,,TEC-215
WO-001719,VEH-0298,2025-04-20,Landing Gear Fix,Propeller x2,unknown,41255.33,53.7,0.0,TEC-220
WO-001720,VEH-0612,2025-12-04,Landing Gear Fix,Propeller x2,3.2,27475.07,39.7,0.0,TEC-198
WO-001721,VEH-0613,2024-12-15,Tyre Change,,12.7,28599.12,61.9,1.0,TEC-197
WO-001722,VEH-0613,2024-04-25,Firmware Update,,10.3,42034.14,15.6,0.0,TEC-187
WO-001723,VEH-0613,2024-05-07,Propeller Replacement,,unknown,14339.16,27.0,1.0,TEC-030
WO-001724,VEH-0613,2024-02-27,Tyre Change,Propeller x2,11.5,14777.46,69.7,1.0,TEC-176
WO-001725,VEH-0613,2024-11-23,Engine Service,"Brake Pads, Fluid",2.1,19832.16,51.1,,TEC-203
WO-001726,VEH-0613,2024-07-12,Engine Service,"Brake Pads, Fluid",4.8,42928.93,25.7,1.0,TEC-135
WO-001727,VEH-0024,2024-03-15,Brake Pad Replacement,,5.3,46288.72,58.2,1.0,TEC-083
WO-001728,VEH-0024,2024-10-12,Tyre Change,"Brake Pads, Fluid",11.7,26699.86,9.7,,TEC-146
WO-001729,VEH-0391,2025-05-20,Engine Service,Battery Pack,0.9,33251.0,20.5,0.0,TEC-047
WO-001730,VEH-0159,2025-03-31,Brake Pad Replacement,,3.2,40350.28,52.0,1.0,TEC-111
WO-001731,VEH-0159,2025-03-18,Battery Pack Swap,Battery Pack,-,37917.55,16.8,0.0,TEC-163
WO-001732,VEH-0159,2025-06-30,Motor Overhaul,,5.0,38409.53,41.4,0.0,TEC-046
WO-001733,VEH-0550,2025-05-28,Motor Overhaul,Propeller x2,9.8,16010.61,70.5,0.0,TEC-062
WO-001734,VEH-0550,2024-10-26,Frame Repair,,5.4,30245.78,36.6,1.0,TEC-198
WO-001735,VEH-9493,2024-03-20,Firmware Update,Battery Pack,2.6,32754.21,89.7,0.0,TEC-150
WO-001736,VEH-0550,2024-09-06,Engine Service,Battery Pack,13.6,16085.44,89.5,0.0,TEC-122
WO-001737,VEH-0581,2024-11-21,Propeller Replacement,,13.4,41259.36,95.0,,TEC-089
WO-001738,VEH-0317,2024-10-14,Landing Gear Fix,,11.7,7128.5,56.4,0.0,TEC-051
WO-001739,VEH-0570,2024-10-08,Landing Gear Fix,Propeller x2,6.8,36851.23,28.6,1.0,TEC-029
WO-001740,VEH-0570,2024-01-25,Tyre Change,Battery Pack,8.8,5922.59,89.4,0.0,TEC-026
WO-001741,VEH-0570,2025-04-27,Engine Service,Battery Pack,13.2,44044.79,28.8,1.0,TEC-061
WO-001742,VEH-0570,2025-04-12,Brake Pad Replacement,Landing Skid,8.7,46214.97,49.3,1.0,TEC-037
WO-001743,VEH-0570,2024-12-08,Propeller Replacement,"Brake Pads, Fluid",12.6,14710.29,87.3,0.0,TEC-003
WO-001744,VEH-0570,2024-08-05,Brake Pad Replacement,,4.9,1446.24,17.4,1.0,TEC-066
WO-001745,VEH-0426,2025-05-28,Motor Overhaul,Propeller x2,3.6,47183.19,53.1,0.0,TEC-048
WO-001746,VEH-0426,2025-05-22,Battery Pack Swap,,7.2,26635.17,26.7,0.0,TEC-035
WO-001747,VEH-0426,2024-09-07,Brake Pad Replacement,Propeller x2,8.2,34299.52,67.9,0.0,TEC-220
WO-001748,VEH-0421,2024-05-29,Engine Service,Battery Pack,4.1,36680.66,93.8,,TEC-121
WO-001749,VEH-0579,2024-05-13,Motor Overhaul,"Motor, ESC",12.2,41646.84,9.1,1.0,TEC-092
WO-001750,VEH-0579,2024-12-29,Tyre Change,,1.4,16103.34,87.8,0.0,TEC-100
WO-001751,VEH-0036,2025-02-28,Propeller Replacement,,  ,25311.48,26.4,0.0,TEC-163
WO-001752,VEH-0507,2025-01-22,Propeller Replacement,"Brake Pads, Fluid",4.7,32698.7,85.7,0.0,TEC-182
WO-001753,VEH-0074,2024-03-19,Routine Inspection,Landing Skid,8.1,37576.03,42.5,0.0,TEC-012
WO-001754,VEH-0074,2025-03-18,Brake Pad Replacement,Propeller x2,11.8,8127.4,83.0,0.0,TEC-038
WO-001755,VEH-0148,2024-05-05,Propeller Replacement,Battery Pack,8.8,42487.95,73.0,1.0,TEC-186
WO-001756,VEH-0148,2024-04-22,Brake Pad Replacement,"Motor, ESC",8.3,41729.25,91.9,0.0,TEC-215
WO-001757,VEH-0148,2025-05-24,Firmware Update,,4.5,35979.91,41.5,1.0,TEC-056
WO-001758,VEH-0148,2024-06-13,Landing Gear Fix,Propeller x2,10.5,13857.1,70.3,0.0,TEC-191
WO-001759,VEH-0235,2024-06-24,Motor Overhaul,Propeller x2,8.4,9286.05,59.0,0.0,TEC-008
WO-001760,VEH-0235,2024-09-03,Tyre Change,"Motor, ESC",9.5,45960.89,71.0,1.0,TEC-158
WO-001761,VEH-0640,2024-07-30,Frame Repair,,12.9,10770.13,53.0,0.0,TEC-112
WO-001762,VEH-0553,2025-04-03,Motor Overhaul,Propeller x2,3.3,11911.65,88.8,1.0,TEC-105
WO-001763,VEH-0553,2025-01-18,Tyre Change,"Brake Pads, Fluid",6.7,2281.51,35.7,0.0,TEC-056
WO-001764,VEH-0553,2024-08-27,Brake Pad Replacement,Landing Skid,1.3,4935.43,78.2,0.0,TEC-067
WO-001765,VEH-0573,2024-08-01,Tyre Change,"Brake Pads, Fluid",7.4,42031.64,37.8,1.0,TEC-067
WO-001766,VEH-0573,2024-12-10,Battery Pack Swap,Propeller x2,12.7,28152.92,51.3,,TEC-195
WO-001767,VEH-0573,2024-03-27,Brake Pad Replacement,"Brake Pads, Fluid",11.9,41243.87,90.9,1.0,TEC-116
WO-001768,VEH-0573,2024-08-21,Frame Repair,Landing Skid,1.7,31661.26,48.4,0.0,TEC-048
WO-001769,VEH-0573,2024-02-26,Frame Repair,"Motor, ESC",4.3,23836.87,23.9,0.0,TEC-056
WO-001770,VEH-0573,2024-01-07,Engine Service,,6.4,26637.06,5.0,,TEC-187
WO-001771,VEH-0222,2024-11-12,Frame Repair,,4.6,27803.81,88.2,0.0,TEC-126
WO-001773,VEH-0222,2024-05-21,Routine Inspection,"Motor, ESC",5.2,27595.55,9.9,,TEC-075
WO-001774,VEH-0222,2025-04-10,Landing Gear Fix,"Motor, ESC",4.3,16855.91,56.2,1.0,TEC-147
WO-001776,VEH-0147,2025-05-04,Landing Gear Fix,,12.1,3792.97,85.5,0.0,TEC-016
WO-001777,VEH-0685,2024-11-27,Routine Inspection,"Brake Pads, Fluid",1.7,27302.32,19.7,1.0,TEC-045
WO-001778,VEH-0685,2025-05-18,Brake Pad Replacement,Propeller x2,2.8,30540.72,95.1,0.0,TEC-111
WO-001779,VEH-0685,2024-01-18,Frame Repair,"Brake Pads, Fluid",7.1,12840.19,72.8,1.0,TEC-212
WO-001780,VEH-0685,2025-05-24,Battery Pack Swap,Landing Skid,7.0,17895.22,34.4,0.0,TEC-137
WO-001781,VEH-0685,2024-09-17,Firmware Update,Propeller x2,9.8,6746.64,74.7,1.0,TEC-078
WO-001782,VEH-0734,2025-03-24,Firmware Update,Battery Pack,2.4,32542.59,48.1,0.0,TEC-098
WO-001783,VEH-0734,2024-04-06,Routine Inspection,,2.9,28458.64,49.9,1.0,TEC-091
WO-001784,VEH-0408,2024-11-24,Frame Repair,"Motor, ESC",13.3,33476.28,5.2,0.0,TEC-197
WO-001785,VEH-0408,2025-01-22,Frame Repair,Battery Pack,1.1,47759.73,36.2,1.0,TEC-177
WO-001786,VEH-0408,2025-01-14,Battery Pack Swap,"Motor, ESC",9.6,7406.91,89.1,0.0,TEC-069
WO-001787,VEH-0304,2024-01-25,Tyre Change,Landing Skid,3.8,11638.84,71.5,0.0,TEC-040
WO-001788,VEH-0304,2024-02-05,Brake Pad Replacement,Propeller x2,1.9,40888.78,95.3,0.0,TEC-132
WO-001789,VEH-0355,2025-01-28,Tyre Change,Battery Pack,7.3,27778.55,88.0,1.0,TEC-017
WO-001790,VEH-0355,2024-05-20,Battery Pack Swap,Propeller x2,7.9,17746.58,2.8,1.0,TEC-121
WO-001791,VEH-0355,2024-02-27,Motor Overhaul,,10.7,18997.01,53.5,0.0,TEC-218
WO-001792,VEH-0500,2025-04-26,Landing Gear Fix,"Motor, ESC",6.4,47545.15,25.5,1.0,TEC-012
WO-001793,VEH-0500,2024-11-16,Tyre Change,"Brake Pads, Fluid",13.8,38937.12,88.2,1.0,TEC-201
WO-001794,VEH-0500,2024-03-27,Battery Pack Swap,,6.9,10671.96,20.5,1.0,TEC-122
WO-001795,VEH-0500,2024-06-08,Engine Service,Battery Pack,8.1,17556.44,38.8,,TEC-100
WO-001796,VEH-0500,2024-09-17,Engine Service,,1.4,23694.2,31.3,0.0,TEC-191
WO-001797,VEH-0500,2025-06-13,Brake Pad Replacement,,9.7,34639.59,67.3,1.0,TEC-197
WO-001798,VEH-0062,2024-10-27,Propeller Replacement,,11.6,27623.48,52.0,1.0,TEC-144
WO-001799,VEH-0062,2025-02-27,Engine Service,"Motor, ESC",1.2,45872.51,85.1,1.0,TEC-093
WO-001800,VEH-0735,2024-11-13,Engine Service,"Motor, ESC",7.3,13981.2,90.8,1.0,TEC-059
WO-001801,VEH-0735,2024-08-17,Engine Service,Landing Skid,3.5,24806.35,29.6,1.0,TEC-006
WO-001802,VEH-0600,2025-01-18,Propeller Replacement,Propeller x2,0.5,27638.27,32.1,1.0,TEC-034
WO-001803,VEH-0600,2024-10-21,Propeller Replacement,,8.2,3528.64,10.7,0.0,TEC-217
WO-001804,VEH-0063,2024-10-03,Engine Service,"Brake Pads, Fluid",5.2,23068.02,7.7,0.0,TEC-155
WO-001805,VEH-0063,2025-01-10,Motor Overhaul,Landing Skid,10.0,16062.14,19.8,,TEC-156
WO-001806,VEH-0240,2024-07-31,Tyre Change,"Motor, ESC",4.3,21319.8,17.4,1.0,TEC-026
WO-001807,VEH-0240,2024-10-08,Firmware Update,Battery Pack,8.5,1262.6,46.7,1.0,TEC-014
WO-001808,VEH-0240,2024-02-21,Firmware Update,"Brake Pads, Fluid",7.0,19167.43,47.6,1.0,TEC-114
WO-001809,VEH-0240,2025-02-25,Battery Pack Swap,Battery Pack,3.1,20881.24,61.2,,TEC-220
WO-001810,VEH-0240,2024-10-20,Routine Inspection,Propeller x2,,8440.78,65.7,1.0,TEC-210
WO-001811,VEH-0240,2024-03-14,Brake Pad Replacement,"Motor, ESC",4.0,15675.48,29.6,,TEC-049
WO-001812,VEH-0653,2025-03-29,Battery Pack Swap,Landing Skid,12.8,19817.1,42.0,1.0,TEC-037
WO-001813,VEH-0653,2025-03-29,Motor Overhaul,Landing Skid,1.5,29873.32,12.5,1.0,TEC-115
WO-001814,VEH-0653,2024-08-22,Motor Overhaul,Battery Pack,,30564.13,53.9,0.0,TEC-167
WO-001815,VEH-0653,2024-02-26,Frame Repair,,10.0,3578.49,83.0,1.0,TEC-146
WO-001816,VEH-0389,2025-07-01,Firmware Update,,9.0,39402.43,53.8,0.0,TEC-012
WO-001817,VEH-0389,2024-02-02,Battery Pack Swap,Propeller x2,9.9,40852.34,50.6,0.0,TEC-136
WO-001818,VEH-0093,2024-10-21,Landing Gear Fix,,6.8,43241.63,53.9,1.0,TEC-150
WO-001820,VEH-0093,2024-05-05,Landing Gear Fix,Landing Skid,3.2,38206.67,63.3,0.0,TEC-075
WO-001821,VEH-0628,2024-09-14,Propeller Replacement,Landing Skid,0.5,1447.7,32.8,0.0,TEC-095
WO-001822,VEH-0628,2025-06-29,Firmware Update,Landing Skid,7.6,18327.73,27.8,,TEC-008
WO-001823,VEH-0188,2024-08-11,Landing Gear Fix,"Motor, ESC",8.3,36362.82,16.6,0.0,TEC-220
WO-001824,VEH-0188,2024-10-01,Propeller Replacement,Battery Pack,4.3,26362.91,93.5,0.0,TEC-030
WO-001825,VEH-0188,2025-05-24,Frame Repair,Landing Skid,1.4,26973.21,32.8,0.0,TEC-180
WO-001826,VEH-0340,2024-03-05,Engine Service,"Motor, ESC",11.2,3700.76,2.5,1.0,TEC-004
WO-001828,VEH-0340,2025-04-28,Engine Service,Landing Skid,13.2,44412.19,12.4,1.0,TEC-009
WO-001829,VEH-0340,2024-04-27,Motor Overhaul,Landing Skid,5.3,46581.17,56.6,0.0,TEC-076
WO-001830,VEH-0308,2024-11-22,Frame Repair,,5.6,39099.12,78.0,0.0,TEC-121
WO-001831,VEH-0308,2024-11-26,Landing Gear Fix,,4.8,41569.56,50.5,1.0,TEC-131
WO-001832,VEH-0174,2024-05-04,Firmware Update,Landing Skid,7.1,10380.3,50.7,0.0,TEC-002
WO-001833,VEH-0217,2025-11-01,Brake Pad Replacement,,13.6,6915.01,76.6,0.0,TEC-026
WO-001834,VEH-0217,2025-05-20,Routine Inspection,Battery Pack,8.7,25729.65,86.5,0.0,TEC-114
WO-001835,VEH-0125,2025-01-25,Engine Service,"Brake Pads, Fluid",3.2,47008.79,34.8,1.0,TEC-201
WO-001836,VEH-0084,2024-11-08,Motor Overhaul,"Motor, ESC",7.3,27169.37,86.4,0.0,TEC-001
WO-001837,VEH-0267,2024-08-30,Brake Pad Replacement,"Brake Pads, Fluid",3.4,21897.42,4.7,0.0,TEC-158
WO-001838,VEH-0267,2025-06-29,Engine Service,Battery Pack,1.1,34583.92,16.5,0.0,TEC-102
WO-001839,VEH-0267,2024-04-22,Propeller Replacement,"Brake Pads, Fluid",2.7,8017.02,70.8,0.0,TEC-012
WO-001840,VEH-0179,2025-06-22,Landing Gear Fix,Landing Skid,11.6,35985.4,43.6,,TEC-170
WO-001841,VEH-0335,2024-07-15,Frame Repair,"Motor, ESC",9.7,5196.23,57.3,,TEC-184
WO-001842,VEH-0335,2025-06-02,Propeller Replacement,Propeller x2,3.3,6935.88,80.8,,TEC-053
WO-001843,VEH-0335,2024-03-11,Firmware Update,"Motor, ESC",4.9,37410.76,56.7,1.0,TEC-125
WO-001844,VEH-0335,2024-09-22,Propeller Replacement,,2.1,11045.19,81.7,0.0,TEC-143
WO-001845,VEH-0335,2024-12-05,Landing Gear Fix,,9.4,14938.11,86.2,1.0,TEC-217
WO-001846,VEH-0602,2024-12-14,Battery Pack Swap,Propeller x2,10.0,18332.09,18.1,,TEC-062
WO-001847,VEH-0602,2025-02-01,Frame Repair,,10.2,18794.8,24.9,0.0,TEC-081
WO-001848,VEH-0602,2024-02-29,Engine Service,Battery Pack,2.4,32004.2,78.9,1.0,TEC-024
WO-001849,VEH-0602,2024-06-14,Frame Repair,"Motor, ESC",7.6,23859.36,3.1,0.0,TEC-181
WO-001850,VEH-0602,2024-05-22,Brake Pad Replacement,Landing Skid,10.3,3979.0,30.8,0.0,TEC-174
WO-001851,VEH-0479,2024-09-02,Engine Service,,9.3,35952.61,81.2,1.0,TEC-012
WO-001852,VEH-0479,2024-01-18,Landing Gear Fix,Landing Skid,8.5,16349.46,23.3,0.0,TEC-217
WO-001853,VEH-0479,2024-10-02,Firmware Update,"Motor, ESC",13.6,33903.33,50.5,1.0,TEC-063
WO-001854,VEH-0479,2024-10-19,Frame Repair,,2.2,42075.84,51.8,,TEC-192
WO-001855,VEH-0479,2025-06-18,Firmware Update,,4.6,28289.03,36.0,0.0,TEC-193
WO-001856,VEH-0467,2025-01-17,Frame Repair,Battery Pack,7.4,38167.5,35.1,1.0,TEC-108
WO-001857,VEH-0177,2025-01-09,Tyre Change,Landing Skid,9.2,31323.05,68.8,1.0,TEC-098
WO-001858,VEH-0177,2025-01-30,Tyre Change,"Brake Pads, Fluid",13.1,36668.21,7.7,0.0,TEC-186
WO-001859,VEH-0694,2025-03-04,Motor Overhaul,Battery Pack,6.7,37885.33,62.4,1.0,TEC-069
WO-001860,VEH-0694,2024-03-03,Firmware Update,,1.5,21800.69,74.8,0.0,TEC-202
WO-001861,VEH-0694,2024-02-03,Tyre Change,"Motor, ESC",6.4,5304.72,23.9,1.0,TEC-158
WO-001862,VEH-0694,2024-09-07,Engine Service,"Brake Pads, Fluid",10.2,42357.64,84.2,,TEC-020
WO-001863,VEH-0089,2024-09-19,Brake Pad Replacement,"Motor, ESC",8.4,1583.92,27.6,1.0,TEC-190
WO-001864,VEH-0089,2024-12-10,Routine Inspection,Battery Pack,4.6,15144.53,34.7,0.0,TEC-085
WO-001865,VEH-0089,2024-02-27,Battery Pack Swap,"Brake Pads, Fluid",8.5,44500.33,55.7,1.0,TEC-157
WO-001866,VEH-0089,2025-03-31,Firmware Update,Propeller x2,9.6,32360.11,4.1,0.0,TEC-182
WO-001867,VEH-0089,2024-03-29,Tyre Change,Landing Skid,5.8,2730.01,91.1,1.0,TEC-146
WO-001868,VEH-9258,2024-01-24,Engine Service,Propeller x2,10.5,24290.52,87.1,0.0,TEC-201
WO-001869,VEH-0642,2024-05-20,Brake Pad Replacement,"Motor, ESC",5.1,13905.88,92.9,1.0,TEC-072
WO-001870,VEH-0642,2024-03-16,Routine Inspection,,10.6,26838.28,48.7,,TEC-164
WO-001871,VEH-0642,2024-12-18,Firmware Update,Propeller x2,1.3,47094.09,79.5,0.0,TEC-107
WO-001872,VEH-0642,2024-09-10,Propeller Replacement,"Brake Pads, Fluid",3.9,31081.33,11.2,0.0,TEC-008
WO-001873,VEH-0642,2024-07-12,Motor Overhaul,Battery Pack,11.6,21827.96,36.4,,TEC-046
WO-001874,VEH-0185,2024-07-30,Frame Repair,,8.2,44919.53,88.1,0.0,TEC-075
WO-001875,VEH-0197,2024-09-05,Tyre Change,Propeller x2,7.7,7488.43,55.2,1.0,TEC-137
WO-001876,VEH-0197,2025-03-29,Propeller Replacement,Battery Pack,11.4,33541.1,10.8,1.0,TEC-154
WO-001877,VEH-0197,2025-02-18,Firmware Update,Battery Pack,8.4,40805.86,80.4,0.0,TEC-146
WO-001878,VEH-0197,2024-02-23,Landing Gear Fix,Propeller x2,8.9,46942.65,83.7,0.0,TEC-012
WO-001879,VEH-0197,2024-11-16,Landing Gear Fix,,7.3,46710.48,67.6,,TEC-014
WO-001880,VEH-0197,2024-11-22,Engine Service,,12.1,39538.72,40.0,,TEC-006
WO-001881,VEH-0372,2025-03-16,Battery Pack Swap,Landing Skid,4.3,47322.48,69.4,0.0,TEC-158
WO-001882,VEH-0372,2025-02-13,Battery Pack Swap,"Motor, ESC",5.6,7482.06,83.7,0.0,TEC-020
WO-001883,VEH-0372,2024-10-29,Battery Pack Swap,Battery Pack,6.6,14165.08,91.3,1.0,TEC-033
WO-001884,VEH-0372,2024-06-13,Tyre Change,Propeller x2,8.8,18053.77,62.0,0.0,TEC-144
WO-001885,VEH-0655,2024-03-14,Frame Repair,,5.8,7651.9,79.0,1.0,TEC-187
WO-001886,VEH-0655,2024-10-26,Propeller Replacement,"Brake Pads, Fluid",6.8,16564.87,47.8,,TEC-038
WO-001887,VEH-0655,2025-04-01,Firmware Update,Landing Skid,12.0,9742.78,48.9,1.0,TEC-130
WO-001888,VEH-0655,2024-07-15,Brake Pad Replacement,"Motor, ESC",5.8,20459.02,24.9,1.0,TEC-041
WO-001889,VEH-0575,2024-08-06,Landing Gear Fix,"Brake Pads, Fluid",3.4,25950.27,32.0,1.0,TEC-069
WO-001890,VEH-0575,2024-01-01,Frame Repair,"Motor, ESC",3.0,25107.1,33.1,1.0,TEC-043
WO-001891,VEH-0575,2024-05-11,Motor Overhaul,,4.6,1963.1,8.8,,TEC-030
WO-001892,VEH-0575,2024-01-10,Routine Inspection,"Brake Pads, Fluid",11.7,3741.32,51.0,,TEC-006
WO-001893,VEH-0294,2025-03-18,Engine Service,Battery Pack,9.0,17599.19,12.7,1.0,TEC-043
WO-001894,VEH-0294,2024-05-26,Battery Pack Swap,"Motor, ESC",12.0,11333.47,2.5,0.0,TEC-173
WO-001895,VEH-0294,2024-03-23,Routine Inspection,Landing Skid,13.8,45950.04,9.3,0.0,TEC-091
WO-001896,VEH-0294,2024-06-26,Landing Gear Fix,,5.4,14174.9,48.0,0.0,TEC-071
WO-001897,VEH-0394,2024-09-03,Tyre Change,Propeller x2,5.0,7687.17,30.9,,TEC-016
WO-001898,VEH-0394,2025-04-19,Motor Overhaul,,10.4,18462.17,90.4,1.0,TEC-198
WO-001899,VEH-0394,2025-02-25,Battery Pack Swap,Propeller x2,10.5,20875.34,87.2,0.0,TEC-141
WO-001900,VEH-0394,2025-06-13,Brake Pad Replacement,Propeller x2,2.3,28684.7,25.9,0.0,TEC-064
WO-001901,VEH-0394,2024-08-02,Brake Pad Replacement,Battery Pack,5.1,6242.31,65.7,1.0,TEC-172
WO-001902,VEH-0037,2024-06-29,Battery Pack Swap,,13.2,21608.67,58.1,1.0,TEC-034
WO-001903,VEH-0037,2024-05-12,Routine Inspection,"Motor, ESC",12.3,38899.43,90.3,0.0,TEC-036
WO-001904,VEH-0037,2025-03-31,Landing Gear Fix,,4.9,29533.67,40.0,1.0,TEC-213
WO-001905,VEH-0323,2025-03-12,Propeller Replacement,Landing Skid,3.0,15936.76,77.5,0.0,TEC-208
WO-001906,VEH-0323,2024-09-28,Engine Service,,2.4,17507.74,80.6,0.0,TEC-156
WO-001907,VEH-0323,2024-05-06,Frame Repair,"Brake Pads, Fluid",4.5,23727.04,61.5,0.0,TEC-210
WO-001908,VEH-0202,2024-05-27,Frame Repair,Landing Skid,8.5,37337.1,67.3,1.0,TEC-041
WO-001909,VEH-0202,2024-05-17,Routine Inspection,Propeller x2,11.2,35704.29,8.2,0.0,TEC-006
WO-001910,VEH-0202,2024-05-13,Routine Inspection,,9.1,2390.77,6.4,1.0,TEC-129
WO-001911,VEH-0714,2024-11-09,Frame Repair,Propeller x2,4.4,871.32,74.8,0.0,TEC-013
WO-001912,VEH-0714,2024-04-29,Frame Repair,Propeller x2,5.6,9721.95,15.4,0.0,TEC-005
WO-001913,VEH-0714,2025-01-24,Battery Pack Swap,Propeller x2,13.0,31067.23,26.0,0.0,TEC-035
WO-001914,VEH-0714,2024-02-26,Battery Pack Swap,,7.3,30991.86,91.4,1.0,TEC-161
WO-001915,VEH-0714,2024-06-01,Engine Service,"Motor, ESC",4.8,26232.02,68.1,,TEC-117
WO-001916,VEH-0265,2024-06-30,Battery Pack Swap,Landing Skid,0.7,41039.96,61.1,1.0,TEC-097
WO-001917,VEH-0265,2024-04-16,Propeller Replacement,Landing Skid,2.0,29785.23,38.7,1.0,TEC-081
WO-001918,VEH-0265,2024-04-04,Battery Pack Swap,"Motor, ESC",5.8,17957.6,6.1,0.0,TEC-192
WO-001919,VEH-0265,2024-11-02,Battery Pack Swap,Propeller x2,8.8,42887.4,27.7,1.0,TEC-034
WO-001920,VEH-0725,2024-08-03,Brake Pad Replacement,Landing Skid,2.3,20941.31,11.0,0.0,TEC-079
WO-001921,VEH-0138,2025-02-19,Routine Inspection,Landing Skid,13.3,8843.45,74.1,0.0,TEC-101
WO-001922,VEH-0138,2025-02-02,Tyre Change,,4.4,9982.97,64.8,1.0,TEC-101
WO-001923,VEH-0720,2025-01-15,Firmware Update,,6.2,9582.42,21.4,0.0,TEC-123
WO-001924,VEH-0720,2024-09-01,Landing Gear Fix,,-,7991.3,64.9,1.0,TEC-074
WO-001925,VEH-0720,2024-10-26,Motor Overhaul,"Motor, ESC",11.5,5755.03,94.4,0.0,TEC-154
WO-001926,VEH-0720,2024-04-27,Routine Inspection,"Motor, ESC",8.5,16732.87,45.9,1.0,TEC-099
WO-001927,VEH-0720,2024-09-15,Propeller Replacement,"Brake Pads, Fluid",10.2,35830.24,41.3,,TEC-174
WO-001928,VEH-0721,2024-08-13,Landing Gear Fix,Landing Skid,,18853.16,34.3,1.0,TEC-096
WO-001929,VEH-0721,2025-06-29,Tyre Change,Battery Pack,2.8,41258.16,1.2,0.0,TEC-213
WO-001930,VEH-0721,2025-03-31,Routine Inspection,"Brake Pads, Fluid",3.4,19203.61,68.6,0.0,TEC-118
WO-001931,VEH-0721,2025-05-23,Motor Overhaul,Landing Skid,10.7,34282.37,14.0,1.0,TEC-174
WO-001932,VEH-0721,2025-03-16,Landing Gear Fix,,4.7,29524.02,48.0,1.0,TEC-146
WO-001933,VEH-0721,2025-02-13,Landing Gear Fix,Propeller x2,3.5,3054.04,47.1,1.0,TEC-082
WO-001934,VEH-0160,2024-08-05,Frame Repair,Propeller x2,5.4,37856.96,16.7,0.0,TEC-163
WO-001935,VEH-0160,2025-03-02,Propeller Replacement,Propeller x2,12.5,27294.55,59.1,0.0,TEC-054
WO-001936,VEH-0244,2025-04-11,Battery Pack Swap,"Brake Pads, Fluid",9.7,15780.41,33.2,1.0,TEC-024
WO-001937,VEH-0244,2025-04-27,Propeller Replacement,Battery Pack,1.2,10747.53,8.9,,TEC-111
WO-001938,VEH-0244,2025-05-03,Engine Service,Landing Skid,0.7,36813.2,82.6,1.0,TEC-050
WO-001939,VEH-0244,2025-04-13,Tyre Change,,  ,19401.4,35.9,,TEC-097
WO-001940,VEH-0244,2024-11-09,Tyre Change,,10.4,26427.61,84.6,0.0,TEC-214
WO-001941,VEH-0572,2025-01-05,Battery Pack Swap,,7.0,29121.3,16.4,0.0,TEC-142
WO-001942,VEH-0572,2024-04-24,Motor Overhaul,,10.1,36162.46,28.5,1.0,TEC-087
WO-001945,VEH-0572,2024-06-30,Brake Pad Replacement,Battery Pack,5.0,21161.26,69.7,1.0,TEC-204
WO-001946,VEH-0572,2024-09-01,Engine Service,,7.2,32775.84,18.4,0.0,TEC-016
WO-001947,VEH-0420,2024-11-30,Firmware Update,,6.3,38197.97,34.1,1.0,TEC-179
WO-001948,VEH-0420,2024-08-24,Routine Inspection,,2.5,33570.67,17.6,,TEC-165
WO-001949,VEH-0420,2024-04-17,Landing Gear Fix,,6.8,1964.5,60.0,1.0,TEC-034
WO-001950,VEH-0420,2025-02-10,Landing Gear Fix,"Brake Pads, Fluid",4.3,43692.65,86.6,1.0,TEC-082
WO-001951,VEH-0574,2024-08-05,Firmware Update,"Brake Pads, Fluid",3.4,4927.79,45.0,1.0,TEC-120
WO-001952,VEH-9152,2024-11-30,Frame Repair,,9.8,41525.03,78.6,0.0,TEC-108
WO-001953,VEH-0574,2024-11-04,Propeller Replacement,"Brake Pads, Fluid",11.6,43586.03,48.5,1.0,TEC-060
WO-001954,VEH-0574,2025-06-19,Engine Service,,10.3,12307.03,87.6,0.0,TEC-089
WO-001955,VEH-0574,2024-08-25,Motor Overhaul,Battery Pack,12.2,30601.89,39.0,0.0,TEC-100
WO-001956,VEH-0574,2024-06-30,Propeller Replacement,,3.1,5920.35,76.6,0.0,TEC-102
WO-001957,VEH-0111,2024-04-14,Motor Overhaul,,12.4,16009.32,32.4,0.0,TEC-198
WO-001958,VEH-0111,2024-03-28,Tyre Change,"Brake Pads, Fluid",9.2,36992.39,27.5,,TEC-060
WO-001959,VEH-0098,2024-01-22,Motor Overhaul,Landing Skid,,5267.99,7.9,1.0,TEC-213
WO-001960,VEH-0351,2024-02-17,Propeller Replacement,Propeller x2,10.3,31835.68,43.4,0.0,TEC-082
WO-001961,VEH-0351,2025-04-09,Tyre Change,"Motor, ESC",3.0,44509.92,26.5,1.0,TEC-211
WO-001962,VEH-0351,2024-04-23,Propeller Replacement,Battery Pack,13.1,24023.28,62.2,,TEC-091
WO-001963,VEH-0411,2025-07-01,Motor Overhaul,Landing Skid,7.9,11870.37,90.0,0.0,TEC-146
WO-001964,VEH-0411,2024-03-06,Propeller Replacement,Landing Skid,13.4,15708.88,7.3,0.0,TEC-180
WO-001965,VEH-0411,2025-03-21,Frame Repair,"Motor, ESC",5.4,9948.9,58.1,1.0,TEC-135
WO-001966,VEH-0411,2025-05-19,Tyre Change,"Brake Pads, Fluid",13.8,28593.14,68.6,0.0,TEC-040
WO-001967,VEH-0432,2025-05-23,Routine Inspection,,10.5,12691.46,78.8,,TEC-176
WO-001968,VEH-0432,2025-04-28,Routine Inspection,Propeller x2,9.6,18315.55,32.8,1.0,TEC-215
WO-001969,VEH-0432,2025-04-01,Tyre Change,,6.7,38756.56,65.9,1.0,TEC-112
WO-001970,VEH-0432,2025-04-02,Frame Repair,,1.6,24701.77,40.0,1.0,TEC-172
WO-001971,VEH-0638,2024-08-20,Routine Inspection,Propeller x2,13.2,5592.22,68.5,,TEC-051
WO-001972,VEH-0349,2025-05-21,Frame Repair,"Brake Pads, Fluid",4.7,41877.97,42.1,1.0,TEC-011
WO-001973,VEH-0349,2025-02-14,Battery Pack Swap,,12.9,8336.98,27.9,0.0,TEC-201
WO-001974,VEH-0435,2024-01-11,Brake Pad Replacement,Propeller x2,5.2,41435.02,27.1,1.0,TEC-006
WO-001975,VEH-0435,2025-01-27,Tyre Change,"Brake Pads, Fluid",7.0,22873.39,37.8,1.0,TEC-194
WO-001976,VEH-0435,2025-03-23,Firmware Update,,1.3,6565.52,78.6,0.0,TEC-036
WO-001977,VEH-0435,2024-06-29,Engine Service,Landing Skid,2.7,45062.51,47.5,,TEC-083
WO-001978,VEH-0435,2024-08-14,Battery Pack Swap,Battery Pack,13.8,37089.82,23.4,,TEC-105
WO-001979,VEH-0409,2025-02-03,Frame Repair,"Brake Pads, Fluid",2.9,3412.35,22.8,0.0,TEC-160
WO-001980,VEH-0409,2025-06-16,Routine Inspection,,11.0,24013.46,19.6,0.0,TEC-015
WO-001981,VEH-0405,2024-10-14,Landing Gear Fix,Battery Pack,5.9,32680.97,40.9,1.0,TEC-206
WO-001982,VEH-9109,2024-10-26,Firmware Update,,13.9,13649.07,54.5,0.0,TEC-018
WO-001983,VEH-0515,2024-01-15,Landing Gear Fix,Landing Skid,12.3,28119.94,67.5,,TEC-125
WO-001984,VEH-0645,2024-11-27,Landing Gear Fix,"Motor, ESC",6.9,31421.83,61.1,1.0,TEC-017
WO-001985,VEH-0669,2025-03-19,Motor Overhaul,,7.4,9173.48,52.2,0.0,TEC-188
WO-001986,VEH-0669,2024-02-01,Firmware Update,Propeller x2,4.1,37846.45,48.2,1.0,TEC-118
WO-001987,VEH-0669,2024-01-23,Routine Inspection,,3.9,33327.87,33.7,0.0,TEC-180
WO-001988,VEH-0448,2024-04-23,Frame Repair,,13.6,33630.3,55.5,1.0,TEC-149
WO-001989,VEH-0448,2025-04-14,Tyre Change,,3.4,44972.71,2.0,0.0,TEC-091
WO-001990,VEH-0565,2024-05-28,Frame Repair,Propeller x2,8.6,36839.86,93.5,1.0,TEC-006
WO-001991,VEH-0565,2024-10-10,Motor Overhaul,,1.4,25148.52,86.4,0.0,TEC-102
WO-001992,VEH-0189,2024-03-06,Tyre Change,Propeller x2,6.4,22447.71,43.4,0.0,TEC-002
WO-001993,VEH-0189,2024-05-20,Battery Pack Swap,Propeller x2,0.5,40130.66,93.8,0.0,TEC-066
WO-001994,VEH-0189,2024-09-24,Brake Pad Replacement,"Motor, ESC",3.9,40868.89,74.8,,TEC-073
WO-001995,VEH-0189,2024-08-07,Motor Overhaul,Landing Skid,7.2,16327.47,18.1,,TEC-128
WO-001996,VEH-0189,2024-12-02,Motor Overhaul,Propeller x2,6.3,24641.45,31.8,0.0,TEC-058
WO-001997,VEH-0703,2025-02-15,Landing Gear Fix,Propeller x2,5.6,44902.69,47.0,0.0,TEC-129
WO-001998,VEH-0703,2025-03-07,Brake Pad Replacement,,6.5,46906.82,19.5,0.0,TEC-168
WO-001999,VEH-0703,2024-10-26,Tyre Change,Propeller x2,5.5,20290.99,42.6,1.0,TEC-120
WO-002000,VEH-0703,2025-01-16,Landing Gear Fix,Battery Pack,1.4,4137.09,43.5,1.0,TEC-127
WO-002001,VEH-0703,2024-10-11,Brake Pad Replacement,Battery Pack,8.3,1012.76,82.5,0.0,TEC-055
WO-002002,VEH-0604,2024-09-04,Firmware Update,"Motor, ESC",6.9,25159.56,11.8,0.0,TEC-088
WO-002003,VEH-0604,2024-09-05,Tyre Change,"Brake Pads, Fluid",7.7,31703.52,59.2,0.0,TEC-156
WO-002004,VEH-0604,2025-02-16,Brake Pad Replacement,,5.3,5841.94,28.8,1.0,TEC-044
WO-002005,VEH-0302,2024-01-03,Battery Pack Swap,,0.8,6936.98,11.7,1.0,TEC-149
WO-002006,VEH-0605,2025-05-05,Tyre Change,,5.4,1673.37,34.2,1.0,TEC-208
WO-002007,VEH-0605,2025-03-24,Routine Inspection,Battery Pack,11.6,9381.27,38.3,,TEC-057
WO-002008,VEH-0605,2024-07-10,Frame Repair,Battery Pack,6.3,23146.45,34.1,0.0,TEC-068
WO-002009,VEH-0732,2024-06-18,Firmware Update,,3.8,43258.07,41.8,0.0,TEC-133
WO-002010,VEH-0732,2025-04-17,Battery Pack Swap,,2.1,16175.97,23.2,0.0,TEC-218
WO-002011,VEH-0732,2024-01-29,Firmware Update,"Motor, ESC",1.9,25830.94,34.9,0.0,TEC-103
WO-002012,VEH-0732,2024-04-17,Battery Pack Swap,Propeller x2,4.7,30878.7,65.9,0.0,TEC-068
WO-002013,VEH-0732,2025-04-30,Motor Overhaul,Battery Pack,10.5,32995.68,73.1,0.0,TEC-127
WO-002014,VEH-0732,2024-01-08,Battery Pack Swap,"Brake Pads, Fluid",2.7,6893.8,88.4,1.0,TEC-080
WO-001241,VEH-0126,2024-12-04,Propeller Replacement,"Brake Pads, Fluid",3.7,10823.57,39.0,1.0,TEC-064
WO-001330,VEH-0390,2025-02-15,Engine Service,Battery Pack,6.8,45137.24,61.7,0.0,TEC-192
WO-001335,VEH-0627,2024-09-18,Firmware Update,,5.6,1317.28,40.5,0.0,TEC-032
WO-000201,VEH-0530,2025-01-09,Brake Pad Replacement,Propeller x2,1.4,9123.35,84.6,0.0,TEC-071
WO-000241,VEH-0499,2024-12-18,Brake Pad Replacement,Battery Pack,3.9,6620.43,15.4,1.0,TEC-164
WO-001346,VEH-0398,2024-10-31,Propeller Replacement,Propeller x2,3.2,15510.35,59.9,1.0,TEC-204
WO-000590,VEH-0343,2025-04-03,Landing Gear Fix,Landing Skid,6.2,46081.99,9.4,1.0,TEC-031
WO-001772,VEH-0222,2025-04-19,Motor Overhaul,,8.6,16723.81,24.7,0.0,TEC-051
WO-000640,VEH-0129,2024-06-06,Propeller Replacement,"Motor, ESC",11.1,1007.0,11.5,0.0,TEC-157
WO-001237,VEH-0513,2024-07-20,Battery Pack Swap,Battery Pack,13.5,22668.82,29.2,0.0,TEC-202
WO-000721,VEH-0414,2024-01-23,Motor Overhaul,Battery Pack,13.0,47962.13,3.6,,TEC-128
WO-000085,VEH-0231,2025-05-28,Engine Service,Battery Pack,5.1,33253.35,57.7,1.0,TEC-176
WO-000228,VEH-0128,2025-01-24,Frame Repair,Landing Skid,6.9,45290.91,22.6,0.0,TEC-159
WO-000023,VEH-0310,2025-02-07,Engine Service,,4.8,19075.68,42.7,1.0,TEC-059
WO-001509,VEH-0328,2025-02-15,Routine Inspection,Propeller x2,11.9,15227.93,35.9,0.0,TEC-035
WO-000781,VEH-0375,2024-10-27,Engine Service,Propeller x2,8.4,10282.09,80.0,1.0,TEC-108
WO-001130,VEH-0486,2025-01-06,Frame Repair,Battery Pack,12.0,26190.22,46.6,,TEC-170
WO-001399,VEH-0006,2024-04-18,Propeller Replacement,"Motor, ESC",12.6,26249.64,48.0,1.0,TEC-094
WO-000614,VEH-0688,2025-04-05,Firmware Update,,13.8,28840.19,29.5,0.0,TEC-137
WO-000232,VEH-0404,2024-07-26,Tyre Change,Battery Pack,4.1,22885.31,19.4,,TEC-061
WO-001297,VEH-0306,2025-01-14,Propeller Replacement,"Motor, ESC",11.2,3757.79,92.6,,TEC-087
WO-001775,VEH-0147,2025-01-09,Motor Overhaul,Landing Skid,6.8,17704.85,47.3,0.0,TEC-068
WO-001943,VEH-0572,2024-08-16,Engine Service,,6.0,36201.41,22.8,1.0,TEC-193
WO-001608,VEH-0070,2025-08-04,Brake Pad Replacement,"Motor, ESC",13.6,23574.27,61.0,,TEC-014
WO-000331,VEH-0246,2024-01-03,Motor Overhaul,Propeller x2,11.7,36859.02,69.8,1.0,TEC-065
WO-000471,VEH-0064,2024-11-01,Frame Repair,Landing Skid,4.0,35203.77,65.5,0.0,TEC-088
WO-000208,VEH-0272,2024-07-05,Motor Overhaul,Landing Skid,2.2,39667.62,85.8,,TEC-205
WO-000084,VEH-0231,2025-05-22,Engine Service,Landing Skid,0.8,30442.72,10.9,,TEC-021
WO-001492,VEH-0376,2024-10-01,Brake Pad Replacement,,4.7,39972.09,2.4,1.0,TEC-057
WO-001119,VEH-0282,2024-04-29,Battery Pack Swap,Battery Pack,13.1,24417.53,33.4,0.0,TEC-209
WO-000644,VEH-0436,2024-01-07,Propeller Replacement,"Motor, ESC",12.9,45023.5,61.1,0.0,TEC-050
WO-001139,VEH-0263,2024-06-03,Landing Gear Fix,Battery Pack,8.0,31625.36,68.4,0.0,TEC-168
WO-000130,VEH-0118,2024-04-26,Firmware Update,Landing Skid,4.3,6955.46,46.3,1.0,TEC-171
WO-001819,VEH-0093,2024-12-27,Tyre Change,Landing Skid,5.2,3495.28,89.4,1.0,TEC-111
WO-000036,VEH-0365,2024-06-17,Battery Pack Swap,Propeller x2,3.9,6918.38,81.2,1.0,TEC-076
WO-001712,VEH-0668,2024-02-21,Propeller Replacement,Battery Pack,11.2,14078.96,16.4,1.0,TEC-021
WO-000006,VEH-0562,2024-08-08,Propeller Replacement,,4.8,15061.16,81.3,,TEC-065
WO-001655,VEH-0168,2025-03-07,Tyre Change,,5.4,32846.25,63.3,1.0,TEC-126
WO-001827,VEH-0340,2024-12-30,Brake Pad Replacement,Propeller x2,7.0,38568.29,41.8,,TEC-071
WO-001944,VEH-0572,2024-08-11,Engine Service,"Motor, ESC",7.8,20649.46,59.4,0.0,TEC-146
WO-000953,VEH-0044,2024-12-24,Tyre Change,Battery Pack,11.7,8997.7,59.7,0.0,TEC-171
WO-001706,VEH-0727,2025-05-16,Routine Inspection,Landing Skid,11.2,41706.44,60.9,,TEC-125
WO-000490,VEH-0485,2024-10-25,Frame Repair,"Brake Pads, Fluid",9.3,45493.58,34.7,1.0,TEC-185
WO-001473,VEH-0260,2024-12-08,Motor Overhaul,Landing Skid,11.3,27718.44,89.4,,TEC-105
WO-001071,VEH-0269,2025-02-26,Brake Pad Replacement,,12.8,3172.05,9.0,0.0,TEC-029
WO-000954,VEH-0044,2024-11-30,Firmware Update,"Brake Pads, Fluid",4.2,36948.86,32.3,1.0,TEC-120
WO-000419,VEH-0032,2024-08-14,Routine Inspection,,1.9,41221.06,62.9,0.0,TEC-020
WO-000317,VEH-0518,2025-03-21,Brake Pad Replacement,Landing Skid,4.7,7933.21,92.9,0.0,TEC-167
WO-000541,VEH-0610,2024-03-28,Tyre Change,Battery Pack,4.2,43791.89,74.1,,TEC-160
WO-000108,VEH-0030,2024-07-02,Brake Pad Replacement,,6.8,13207.51,56.3,0.0,TEC-027
WO-000526,VEH-0031,2025-03-19,Battery Pack Swap,,,15376.0,23.1,,TEC-027
WO-001122,VEH-0282,2024-01-17,Routine Inspection,,7.7,20302.37,26.5,1.0,TEC-109
WO-000171,VEH-0251,2024-06-28,Propeller Replacement,"Brake Pads, Fluid",4.0,24569.07,90.8,,TEC-160
WO-000291,VEH-0013,2025-02-23,Brake Pad Replacement,,4.1,44623.81,50.9,1.0,TEC-076
WO-001612,VEH-0318,2024-07-26,Brake Pad Replacement,Battery Pack,13.3,27060.18,95.4,1.0,TEC-042
WO-001125,VEH-0446,2024-01-29,Frame Repair,"Brake Pads, Fluid",12.1,25283.85,68.7,0.0,TEC-146
WO-000710,VEH-0469,2024-04-20,Brake Pad Replacement,"Brake Pads, Fluid",,17280.24,31.3,1.0,TEC-162
WO-000025,VEH-0480,2024-01-02,Firmware Update,Battery Pack,4.4,1084.97,8.9,1.0,TEC-150
WO-000347,VEH-0711,2024-06-24,Frame Repair,Landing Skid,3.5,33633.33,46.8,,TEC-068
WO-000322,VEH-0434,2025-02-06,Landing Gear Fix,Propeller x2,12.1,39665.26,32.9,0.0,TEC-172
