route_id,vehicle_id,vehicle_type,route_date,order_ids,planned_distance_km,actual_distance_km,planned_duration_min,actual_duration_min,stops_planned,stops_completed,fuel_or_energy_used,driver_id,waypoint_count,fuel_or_energy_value
RTE-00001,VEH-0594,Truck,2024-02-02,"ORD-004958,ORD-011321,ORD-012786,ORD-008856,ORD-012379,ORD-007745,ORD-000883",13.68,242.92,605.3,509.2,7,7,7.81 L,DRV-0131,10,7.81
RTE-00002,VEH-0348,Bike,2024-03-06,"ORD-003588,ORD-002005,ORD-012829,ORD-007278,ORD-012530,ORD-008006,ORD-004226",352.54,129.9,596.3,388.9,7,7,45.98 L,DRV-0023,6,45.98
RTE-00003,VEH-0602,Truck,2024-10-11,"ORD-008327,ORD-006093,ORD-008581,ORD-013171,ORD-002192,ORD-005287",240.01,253.05,360.8,671.6,6,6,881.0 Wh,DRV-0417,6,881.0
RTE-00004,VEH-0685,Truck,2024-05-15,"ORD-011835,ORD-012480",29.88,59.5,81.5,26.2,2,2,45.22 L,DRV-0139,10,45.22
RTE-00005,VEH-0451,Van,2024-04-27,"ORD-000996,ORD-005341,ORD-008309,ORD-008693,ORD-008243,ORD-009599,ORD-010792,ORD-006618",361.05,28.4,274.3,276.3,8,8,51.3 L,DRV-0661,14,51.3
RTE-00006,VEH-0147,Bike,2025-02-25,"ORD-009354,ORD-009639,ORD-005290,ORD-007555",152.53,418.89,444.5,462.6,4,3,48.72 L,DRV-0703,12,48.72
RTE-00007,VEH-0630,Truck,2024-01-20,"ORD-003104,ORD-008639,ORD-014943,ORD-007822,ORD-000524,ORD-003894,ORD-009049",186.31,176.34,64.5,195.7,7,7,52.48 L,DRV-0408,11,52.48
RTE-00008,VEH-0186,Bike,2024-10-08,"ORD-009052,ORD-011328",414.24,190.54,550.2,451.9,2,2,44.17,DRV-0030,4,44.17
RTE-00009,VEH-0544,Van,2024-05-26,ORD-001483,346.55,362.54,514.6,522.2,1,1,40.55,DRV-0529,4,40.55
RTE-00010,VEH-0050,Drone,2024-11-26,"ORD-010544,ORD-002137,ORD-004537,ORD-004024,ORD-010199,ORD-011973,ORD-009933,ORD-012845",192.48,457.02,126.1,280.2,8,6,23.71 L,,12,23.71
RTE-00011,VEH-0692,Truck,2025-01-04,"ORD-013257,ORD-005529,ORD-006335",68.18,89.7,235.0,631.5,3,3,2019.0 Wh,DRV-0686,7,2019.0
RTE-00012,VEH-0411,Van,2024-05-12,"ORD-006829,ORD-013392,ORD-003061,ORD-011417,ORD-004476",268.11,330.59,517.1,441.3,5,5,46.94 L,DRV-0660,7,46.94
RTE-00013,VEH-0233,Bike,2024-11-17,"ORD-011716,ORD-011975,ORD-000047,ORD-003142",236.02,340.5,375.0,629.7,4,4,10.94,DRV-0876,14,10.94
RTE-00014,VEH-0556,Van,2024-02-19,"ORD-003696,ORD-013803,ORD-001076,ORD-001601,ORD-001290,ORD-013331",327.34,205.78,274.8,90.2,6,6,25.7,DRV-0332,9,25.7
RTE-00015,VEH-0648,Truck,2024-12-04,"ORD-014939,ORD-014123,ORD-002724",323.81,283.32,258.2,510.0,3,3,445.0 Wh,DRV-0513,13,445.0
RTE-00016,VEH-0029,Drone,2024-09-30,"ORD-001119,ORD-009475,ORD-001554",208.81,26.79,629.1,524.6,3,2,28.7,,7,28.7
RTE-00017,VEH-0031,Drone,2024-01-23,"ORD-007604,ORD-013828,ORD-008427,ORD-005404,ORD-008697,ORD-006185,ORD-000639,ORD-007498,ORD-008543",10.46,41.08,654.7,265.5,9,9,39.01,,9,39.01
RTE-00018,VEH-0687,Truck,2024-09-28,"ORD-003718,ORD-003818,ORD-004538,ORD-013821,ORD-010342,ORD-001326,ORD-007720",371.24,190.69,269.0,790.5,7,7,20.85,DRV-0781,7,20.85
RTE-00019,VEH-0252,Bike,2024-05-05,"ORD-009473,ORD-000010,ORD-002420,ORD-010381,ORD-004031,ORD-010816,ORD-008308",148.24,226.92,671.8,519.3,7,7,1389.0 Wh,DRV-0023,11,1389.0
RTE-00020,VEH-0537,Van,2025-01-16,"ORD-014839,ORD-008416",310.97,397.61,369.3,527.6,2,2,17.69,DRV-0658,7,17.69
RTE-00021,VEH-0607,Truck,2024-09-01,"ORD-005033,ORD-009573,ORD-001632,ORD-008667",387.72,,449.5,422.0,4,4,40.66 L,DRV-0571,13,40.66
RTE-00022,VEH-0367,Bike,2025-02-21,"ORD-006288,ORD-011917,ORD-009387,ORD-010055",191.66,152.93,310.3,761.8,4,4,43.38,DRV-0878,14,43.38
RTE-00023,VEH-0617,Truck,2025-03-15,"ORD-002412,ORD-000065,ORD-006002,ORD-007425,ORD-003622,ORD-007494,ORD-001982,ORD-014644",207.2,273.55,620.4,666.0,8,8,48.99,DRV-0510,8,48.99
RTE-00024,VEH-0352,Bike,2024-06-21,"ORD-009005,ORD-014778,ORD-000780,ORD-014418,ORD-011630,ORD-004578,ORD-004598",217.92,56.33,401.0,339.2,7,7,16.94 L,DRV-0231,13,16.94
RTE-00025,VEH-0696,Truck,2024-03-20,"ORD-009784,ORD-014874,ORD-010581",99.1,139.54,218.4,99.4,3,3,44.68 L,DRV-0783,0,44.68
RTE-00026,VEH-0609,Truck,2024-08-15,"ORD-012697,ORD-005048,ORD-007248",322.79,331.51,362.3,199.2,3,1,5.82 L,DRV-0420,8,5.82
RTE-00027,VEH-0415,Van,2024-06-02,"ORD-007616,ORD-003439,ORD-006443,ORD-004000,ORD-001519,ORD-006191,ORD-008555",44.32,361.14,275.4,40.4,7,7,25.91,DRV-0210,10,25.91
RTE-00028,VEH-0583,Truck,2024-08-10,"ORD-002835,ORD-002024,ORD-011219",399.73,115.41,83.1,499.0,3,3,1361.0 Wh,DRV-0068,7,1361.0
RTE-00029,VEH-0201,Bike,2025-02-24,ORD-009836,340.98,167.48,368.5,629.6,1,1,37.27 L,DRV-0488,10,37.27
RTE-00030,VEH-0558,Van,2024-07-24,"ORD-003658,ORD-011906,ORD-014243,ORD-005724,ORD-002405,ORD-004529,ORD-007669,ORD-000781,ORD-014485",416.95,,218.1,114.9,9,9,797.0 Wh,DRV-0360,4,797.0
RTE-00031,VEH-0123,Drone,2024-03-13,ORD-012826,42.27,240.31,305.6,133.3,1,1,27.34 L,,5,27.34
RTE-00032,VEH-0211,Bike,2024-12-13,"ORD-013764,ORD-009708,ORD-008615,ORD-006344,ORD-014354,ORD-002370",354.14,208.52,79.0,168.7,6,6,747.0 Wh,DRV-0144,7,747.0
RTE-00033,VEH-0548,Van,2024-11-27,"ORD-012796,ORD-009375,ORD-005767,ORD-010891,ORD-001964",243.62,205.56,461.9,435.9,5,4,57.31,DRV-0304,6,57.31
RTE-00034,VEH-0220,Bike,2024-04-02,"ORD-013694,ORD-009141,ORD-010092,ORD-000745",385.17,,574.9,645.8,4,4,47.65,DRV-0203,11,47.65
RTE-00035,VEH-0652,Truck,2024-11-16,"ORD-011508,ORD-001512,ORD-013758,ORD-009789,ORD-011155,ORD-004200,ORD-012099,ORD-000753,ORD-011487",150.37,240.98,54.8,671.8,9,9,18.14,DRV-0365,8,18.14
RTE-00036,VEH-0516,Van,2024-11-07,"ORD-004979,ORD-006737,ORD-011249,ORD-005985,ORD-012061,ORD-008092,ORD-007412",364.77,237.93,107.1,342.9,7,7,4.21 L,DRV-0561,14,4.21
RTE-00037,VEH-0655,Truck,2024-02-14,"ORD-007835,ORD-013127,ORD-013844,ORD-008390,ORD-007119,ORD-004786,ORD-000374",221.53,195.59,553.0,544.2,7,7,59.54 L,DRV-0209,12,59.54
RTE-00038,VEH-0696,Truck,2024-03-22,"ORD-000425,ORD-007352,ORD-006218,ORD-011051,ORD-010487,ORD-013282,ORD-001381,ORD-002349",84.57,405.31,309.6,707.1,8,8,10.89,DRV-0875,9,10.89
RTE-00039,VEH-0300,Bike,2024-04-25,ORD-010228,203.04,198.78,220.4,450.6,1,1,43.22 L,DRV-0006,11,43.22
RTE-00040,VEH-0341,Bike,2024-12-12,"ORD-011042,ORD-014579,ORD-001982,ORD-003296",91.37,116.98,480.3,725.1,4,4,1432.0 Wh,DRV-0845,6,1432.0
RTE-00041,VEH-0694,Truck,2024-12-08,"ORD-003219,ORD-004151,ORD-013283,ORD-005893,ORD-002143,ORD-000455",155.32,64.04,148.6,679.9,6,6,46.55 L,DRV-0167,9,46.55
RTE-00042,VEH-0566,Van,2024-12-06,"ORD-013758,ORD-009696,ORD-003953",242.32,426.68,76.8,720.4,3,3,1411.0 Wh,DRV-0152,3,1411.0
RTE-00043,VEH-0113,Drone,2025-03-06,"ORD-011609,ORD-010439,ORD-014211",195.57,289.29,180.6,187.0,3,2,31.04,,8,31.04
RTE-00044,VEH-0680,Truck,2024-06-27,"ORD-006478,ORD-006146,ORD-013161,ORD-008124,ORD-002235,ORD-001252,ORD-011500,ORD-000517,ORD-008226",207.7,16.65,473.0,141.7,9,9,56.83 L,DRV-0223,14,56.83
RTE-00045,VEH-0671,Truck,2024-11-05,"ORD-004756,ORD-007830,ORD-005527,ORD-006687,ORD-009654,ORD-005916,ORD-001397",77.42,148.6,133.8,168.4,7,7,1348.0 Wh,DRV-0855,14,1348.0
RTE-00046,VEH-0620,Truck,2024-07-09,"ORD-010293,ORD-004111,ORD-011931,ORD-010568",178.09,46.75,49.2,380.0,4,2,1335.0 Wh,DRV-0215,4,1335.0
RTE-00047,VEH-0655,Truck,2025-05-16,"ORD-004380,ORD-002583,ORD-005244,ORD-009877,ORD-013392,ORD-014605,ORD-006100",171.89,341.46,612.3,415.6,7,7,48.29,DRV-0461,14,48.29
RTE-00048,VEH-0531,Van,2025-05-24,ORD-010011,25.96,316.41,196.2,387.8,1,1,1.95,DRV-0584,7,1.95
RTE-00049,VEH-0477,Van,2024-07-23,"ORD-008776,ORD-007204,ORD-003470,ORD-014987",243.07,,575.1,76.8,4,4,1211.0 Wh,DRV-0547,13,1211.0
RTE-00050,VEH-0046,Drone,2024-08-22,"ORD-007841,ORD-008224,ORD-004028",338.11,350.98,642.2,549.1,3,1,10.67,,5,10.67
RTE-00051,VEH-0393,Bike,2025-05-26,"ORD-014082,ORD-000531,ORD-005185,ORD-013569,ORD-010469,ORD-010183,ORD-001666,ORD-012670,ORD-005490",286.18,373.74,53.4,19.9,9,9,17.18,DRV-0528,12,17.18
RTE-00052,VEH-0309,Bike,2025-01-10,"ORD-002634,ORD-007122,ORD-008877",323.77,76.81,393.5,654.2,3,2,40.47,DRV-0773,8,40.47
RTE-00053,VEH-0480,Van,2024-01-29,"ORD-013143,ORD-001592,ORD-010491,ORD-004772,ORD-012882,ORD-007704,ORD-009095,ORD-010388,ORD-008398",337.59,88.38,413.0,25.3,9,9,4.31 L,DRV-0361,11,4.31
RTE-00054,VEH-0251,Bike,2024-10-18,"ORD-005028,ORD-002712,ORD-008311",33.35,233.66,406.5,209.9,3,2,51.91 L,DRV-0519,4,51.91
RTE-00055,VEH-0673,Truck,2025-04-01,ORD-012736,249.41,245.77,392.6,638.5,1,1,15.63,DRV-0345,5,15.63
RTE-00056,VEH-0665,Truck,2025-01-18,"ORD-013674,ORD-013472",173.8,227.48,505.7,526.4,2,1,2065.0 Wh,DRV-0106,3,2065.0
RTE-00057,VEH-0659,Truck,2025-03-21,ORD-000831,229.14,354.81,259.3,659.1,1,1,29.16,DRV-0761,3,29.16
RTE-00058,VEH-0065,Drone,2024-10-23,"ORD-012804,ORD-009447,ORD-006407",136.4,301.81,684.3,199.5,3,3,51.74 L,,4,51.74
RTE-00059,VEH-0679,Truck,2025-05-27,"ORD-005925,ORD-012998,ORD-008228,ORD-002479",18.32,223.27,662.7,406.6,4,4,530.0 Wh,DRV-0301,6,530.0
RTE-00060,VEH-0025,Drone,2024-04-25,"ORD-008081,ORD-013243",417.76,72.83,592.0,734.2,2,2,782.0 Wh,,7,782.0
RTE-00061,VEH-0659,Truck,2024-08-29,"ORD-000615,ORD-003590,ORD-000560,ORD-010200,ORD-010146,ORD-004271,ORD-009192,ORD-013223",328.5,141.75,54.2,472.0,8,8,46.16 L,DRV-0676,12,46.16
RTE-00062,VEH-0496,Van,2024-07-09,"ORD-003991,ORD-012481,ORD-009478,ORD-010681,ORD-007620",35.07,,666.9,102.8,5,5,33.84 L,DRV-0894,13,33.84
RTE-00063,VEH-0133,Drone,2024-05-03,"ORD-007245,ORD-013580,ORD-009358,ORD-012132,ORD-002552,ORD-001635",247.2,244.65,241.8,73.8,6,6,645.0 Wh,,6,645.0
RTE-00064,VEH-0615,Truck,2024-11-09,"ORD-002498,ORD-000553,ORD-013522",126.34,441.42,533.3,778.0,3,3,26.9 L,DRV-0365,10,26.9
RTE-00065,VEH-0257,Bike,2024-01-27,"ORD-012485,ORD-008869,ORD-013925,ORD-013337,ORD-010879,ORD-011564,ORD-001613",186.1,304.8,311.8,480.5,7,7,15.38,DRV-0323,14,15.38
RTE-00066,VEH-0019,Drone,2024-07-05,"ORD-010856,ORD-000503,ORD-013687,ORD-013212,ORD-010991,ORD-012750,ORD-009532,ORD-000703,ORD-010135",365.21,277.27,606.4,537.7,9,9,59.95 L,,5,59.95
RTE-00067,VEH-0119,Drone,2025-06-16,"ORD-006418,ORD-011820,ORD-004447,ORD-008810",234.09,114.91,275.4,757.4,4,3,59.98,,10,59.98
RTE-00068,VEH-0656,Truck,2025-03-05,"ORD-011516,ORD-009364,ORD-008348,ORD-008708,ORD-005280,ORD-011957",82.4,255.94,241.1,49.3,6,6,2021.0 Wh,DRV-0808,12,2021.0
RTE-00069,VEH-0448,Van,2024-10-11,"ORD-014476,ORD-014036,ORD-003287,ORD-002007,ORD-014653,ORD-010038,ORD-003321",65.93,300.83,295.0,583.9,7,7,829.0 Wh,DRV-0332,13,829.0
RTE-00070,VEH-0522,Van,2025-06-13,"ORD-001146,ORD-014152,ORD-008962",281.92,343.44,308.8,130.8,3,3,52.2 L,DRV-0319,8,52.2
RTE-00071,VEH-0128,Drone,2024-01-16,"ORD-008727,ORD-001218,ORD-007837,ORD-001173",105.18,327.54,27.8,465.6,4,4,44.45 L,,10,44.45
RTE-00072,VEH-0362,Bike,2024-06-18,"ORD-006151,ORD-002974",392.06,296.86,187.0,699.1,2,2,1841.0 Wh,DRV-0291,6,1841.0
RTE-00073,VEH-0089,Drone,2024-05-30,"ORD-009395,ORD-003919,ORD-004728,ORD-010558,ORD-013802,ORD-007503,ORD-004664,ORD-000028",411.98,181.73,368.6,797.6,8,8,57.36 L,,11,57.36
RTE-00074,VEH-0480,Van,2024-09-15,ORD-004325,231.25,43.87,334.5,203.5,1,0,9.41 L,DRV-0011,10,9.41
RTE-00075,VEH-0596,Truck,2025-05-30,"ORD-008153,ORD-010667,ORD-002737,ORD-003821,ORD-013107,ORD-002764,ORD-005492,ORD-000944",329.51,105.74,375.1,436.4,8,8,1209.0 Wh,DRV-0064,5,1209.0
RTE-00076,VEH-0461,Van,2024-04-30,ORD-001551,13.36,288.1,264.9,144.9,1,0,1772.0 Wh,DRV-0833,8,1772.0
RTE-00077,VEH-0631,Truck,2024-04-23,"ORD-003111,ORD-012961,ORD-007218",248.92,404.59,186.5,46.9,3,3,615.0 Wh,DRV-0649,14,615.0
RTE-00078,VEH-0571,Van,2024-02-07,"ORD-009480,ORD-004235,ORD-010709,ORD-011266,ORD-010521,ORD-002579",76.08,330.72,319.2,401.0,6,5,48.94 L,DRV-0187,4,48.94
RTE-00079,VEH-0021,Drone,2025-01-21,"ORD-008698,ORD-012677",62.38,321.02,607.0,238.5,2,2,6.92 L,,0,6.92
RTE-00080,VEH-0636,Truck,2024-01-22,"ORD-008066,ORD-008603,ORD-007257,ORD-011229,ORD-011616,ORD-014201,ORD-012297",299.11,,213.6,772.3,7,7,1327.0 Wh,DRV-0039,14,1327.0
RTE-00081,VEH-0587,Truck,2025-06-10,"ORD-002606,ORD-003209,ORD-011891,ORD-014084,ORD-013131,ORD-001877,ORD-013954,ORD-007517",97.33,119.4,331.0,475.3,8,8,36.87 L,DRV-0468,13,36.87
RTE-00082,VEH-0111,Drone,2025-05-27,"ORD-014799,ORD-013474,ORD-013988,ORD-005980,ORD-002778,ORD-005251,ORD-001552,ORD-005367,ORD-013398",269.57,323.8,436.8,317.6,9,9,903.0 Wh,,13,903.0
RTE-00083,VEH-0008,Drone,2024-08-04,ORD-014764,75.26,310.72,220.2,362.2,1,1,436.0 Wh,,12,436.0
RTE-00084,VEH-0611,Truck,2025-03-18,"ORD-008604,ORD-007034,ORD-004246,ORD-006573,ORD-005028,ORD-010987,ORD-001207,ORD-000804",389.36,314.56,429.8,533.8,8,8,42.67 L,DRV-0634,14,42.67
RTE-00085,VEH-0693,Truck,2025-06-12,"ORD-001843,ORD-002951,ORD-005613,ORD-013300,ORD-002113,ORD-000746,ORD-012967",326.08,8.97,253.7,352.4,7,7,4.27,DRV-0241,7,4.27
RTE-00086,VEH-0583,Truck,2024-05-14,"ORD-003193,ORD-003446,ORD-012787,ORD-007147,ORD-012141,ORD-001264,ORD-002286,ORD-014073",55.81,446.49,153.4,28.8,8,8,52.59,DRV-0533,5,52.59
RTE-00087,VEH-0682,Truck,2024-01-03,ORD-006422,188.9,238.69,518.3,265.9,1,1,38.41 L,DRV-0461,13,38.41
RTE-00088,VEH-0672,Truck,2024-03-03,"ORD-003487,ORD-006496,ORD-008170,ORD-007632,ORD-013376,ORD-008138",248.32,31.87,405.6,207.6,6,6,27.81 L,DRV-0719,9,27.81
RTE-00089,VEH-0326,Bike,2024-05-12,"ORD-012071,ORD-010321,ORD-001025,ORD-007781,ORD-014160,ORD-013767,ORD-005494,ORD-004503,ORD-010470",399.13,138.61,296.9,560.5,9,9,57.56 L,DRV-0663,4,57.56
RTE-00090,VEH-0046,Drone,2024-04-15,"ORD-013432,ORD-010111,ORD-005660,ORD-006686,ORD-006764",339.04,310.19,249.0,41.7,5,5,8.05 L,,10,8.05
RTE-00091,VEH-0411,Van,2025-04-14,"ORD-004127,ORD-004130",268.35,352.62,445.0,360.8,2,2,39.91,DRV-0893,10,39.91
RTE-00092,VEH-0073,Drone,2025-01-07,"ORD-000297,ORD-000983,ORD-002675,ORD-013911,ORD-012794,ORD-000052,ORD-008858",186.57,352.58,590.2,180.3,7,7,1286.0 Wh,,14,1286.0
RTE-00093,VEH-0098,Drone,2024-04-23,"ORD-009495,ORD-001574,ORD-003479,ORD-000403",126.34,269.6,122.1,554.2,4,4,1501.0 Wh,,6,1501.0
RTE-00094,VEH-0515,Van,2024-01-28,"ORD-009059,ORD-001025,ORD-001261,ORD-007136,ORD-001263,ORD-005099",111.38,33.5,370.3,421.5,6,6,2112.0 Wh,DRV-0495,14,2112.0
RTE-00095,VEH-0644,Truck,2024-04-20,"ORD-008517,ORD-000171",323.09,244.28,669.5,330.0,2,2,57.16 L,DRV-0001,11,57.16
RTE-00096,VEH-0193,Bike,2024-03-17,"ORD-002886,ORD-012095,ORD-005244",361.7,269.15,455.1,570.7,3,3,35.28 L,DRV-0625,9,35.28
RTE-00097,VEH-0482,Van,2024-12-08,"ORD-004389,ORD-008573,ORD-011258,ORD-010200,ORD-006079,ORD-009049,ORD-006768",6.39,370.43,106.5,417.0,7,7,32.36 L,DRV-0391,3,32.36
RTE-00098,VEH-0647,Truck,2025-04-14,"ORD-013369,ORD-010343,ORD-007560",270.16,82.04,618.8,772.9,3,3,14.72 L,DRV-0114,8,14.72
RTE-00099,VEH-0346,Bike,2024-12-08,"ORD-002055,ORD-007322,ORD-013213,ORD-001219,ORD-005327,ORD-011601",328.16,259.13,208.9,519.7,6,6,49.99,DRV-0313,5,49.99
RTE-00100,VEH-0084,Drone,2024-08-25,"ORD-002961,ORD-002123",314.51,217.2,282.7,410.8,2,2,1912.0 Wh,,11,1912.0
RTE-00101,VEH-0633,Truck,2025-06-10,ORD-001661,315.08,71.37,241.1,324.3,1,1,32.92,DRV-0156,14,32.92
RTE-00102,VEH-0379,Bike,2024-05-20,"ORD-001368,ORD-010221,ORD-004909,ORD-009304,ORD-000753,ORD-001369,ORD-014877,ORD-014400,ORD-006949",123.95,376.14,485.4,768.5,9,9,286.0 Wh,DRV-0850,0,286.0
RTE-00103,VEH-0091,Drone,2025-06-28,"ORD-004138,ORD-000877",390.46,400.33,649.4,72.5,2,2,15.82 L,,0,15.82
RTE-00104,VEH-0615,Truck,2025-03-02,ORD-005368,72.35,,482.0,162.9,1,1,1569.0 Wh,DRV-0458,12,1569.0
RTE-00105,VEH-0116,Drone,2025-04-13,"ORD-008697,ORD-004204",125.14,212.29,443.6,390.9,2,2,1402.0 Wh,,9,1402.0
RTE-00106,VEH-0352,Bike,2025-05-03,"ORD-013429,ORD-012331,ORD-004727,ORD-000550,ORD-006714,ORD-009946,ORD-010314,ORD-012922,ORD-005769",233.69,102.2,110.1,216.9,9,9,501.0 Wh,DRV-0393,3,501.0
RTE-00107,VEH-0623,Truck,2024-06-13,"ORD-013161,ORD-001145,ORD-005560,ORD-001406,ORD-003721,ORD-003239,ORD-013046,ORD-009992,ORD-008483",363.71,53.46,616.6,273.5,9,9,41.69 L,DRV-0309,10,41.69
RTE-00108,VEH-0514,Van,2025-03-04,"ORD-008335,ORD-001643,ORD-001887,ORD-009460,ORD-013954,ORD-014839,ORD-014242",211.84,53.22,646.1,584.0,7,7,43.02,DRV-0276,5,43.02
RTE-00109,VEH-0110,Drone,2025-06-03,ORD-000694,411.42,270.73,349.1,130.8,1,1,21.38,,12,21.38
RTE-00110,VEH-0074,Drone,2024-07-07,"ORD-005372,ORD-006560,ORD-008688,ORD-013855,ORD-010857,ORD-000271,ORD-000203,ORD-003935,ORD-009402",332.45,450.56,674.1,178.3,9,8,2156.0 Wh,,14,2156.0
RTE-00111,VEH-0639,Truck,2024-03-13,"ORD-010207,ORD-008280,ORD-010278,ORD-006630,ORD-002850,ORD-013829,ORD-000413,ORD-000300,ORD-003449",161.77,332.94,226.5,56.6,9,9,7.42 L,DRV-0393,12,7.42
RTE-00112,VEH-0322,Bike,2025-03-12,"ORD-013268,ORD-013659",73.17,398.39,141.7,152.8,2,2,7.24 L,DRV-0761,12,7.24
RTE-00113,VEH-0476,Van,2025-02-03,"ORD-003477,ORD-002342,ORD-002149,ORD-008231,ORD-012485,ORD-008201,ORD-012994",64.86,236.65,330.3,762.8,7,7,1610.0 Wh,DRV-0493,12,1610.0
RTE-00114,VEH-0105,Drone,2025-05-27,"ORD-002461,ORD-002836,ORD-003770,ORD-010068,ORD-012021,ORD-005419,ORD-013855",346.13,143.19,406.0,653.3,7,6,36.7,,5,36.7
RTE-00115,VEH-0095,Drone,2024-10-04,"ORD-004852,ORD-000785",123.26,316.04,544.7,224.7,2,2,29.1,,11,29.1
RTE-00116,VEH-0033,Drone,2024-11-06,"ORD-002398,ORD-004524,ORD-013074,ORD-001623,ORD-003330,ORD-000797,ORD-007542,ORD-001503",348.98,74.38,573.4,779.6,8,7,18.96,,14,18.96
RTE-00117,VEH-0094,Drone,2024-06-19,"ORD-005616,ORD-002742",187.77,223.2,354.2,761.5,2,2,448.0 Wh,,14,448.0
RTE-00118,VEH-0630,Truck,2024-07-19,"ORD-001816,ORD-012635,ORD-000256,ORD-011891,ORD-008137,ORD-013787,ORD-008730,ORD-008766,ORD-002277",53.51,19.09,267.1,458.8,9,9,730.0 Wh,DRV-0583,14,730.0
RTE-00119,VEH-0178,Bike,2024-04-06,"ORD-012167,ORD-009288,ORD-003655,ORD-000717,ORD-000886,ORD-007290",140.89,309.34,230.5,238.3,6,6,58.24,DRV-0556,14,58.24
RTE-00120,VEH-0113,Drone,2024-11-12,"ORD-000340,ORD-013056",154.17,229.24,467.3,658.1,2,2,1924.0 Wh,,4,1924.0
RTE-00121,VEH-0282,Bike,2025-05-18,"ORD-004094,ORD-011570,ORD-004825,ORD-005695,ORD-005093,ORD-011473,ORD-004435,ORD-011443,ORD-005384",258.08,239.92,270.7,775.7,9,9,29.91 L,DRV-0121,8,29.91
RTE-00122,VEH-0381,Bike,2025-01-08,"ORD-012434,ORD-009426,ORD-009840,ORD-014118,ORD-013791,ORD-004720,ORD-013878,ORD-003260",283.38,432.21,120.4,90.1,8,8,24.22,DRV-0267,10,24.22
RTE-00123,VEH-0612,Truck,2025-04-05,ORD-005677,377.36,373.82,166.7,317.8,1,0,25.4,DRV-0418,3,25.4
RTE-00124,VEH-0475,Van,2024-04-03,"ORD-010757,ORD-002274,ORD-003122,ORD-004626,ORD-005448,ORD-010893,ORD-014013,ORD-011297,ORD-008839",265.84,137.92,420.6,511.7,9,9,15.07,DRV-0829,8,15.07
RTE-00125,VEH-0539,Van,2024-03-18,"ORD-009346,ORD-005983",18.65,172.37,645.7,739.4,2,2,1252.0 Wh,DRV-0522,9,1252.0
RTE-00126,VEH-0643,Truck,2025-07-01,"ORD-009995,ORD-013771,ORD-000315,ORD-000312,ORD-004357",379.32,207.9,37.1,244.2,5,5,854.0 Wh,DRV-0202,4,854.0
RTE-00127,VEH-0490,Van,2024-04-22,"ORD-004189,ORD-013553,ORD-006212,ORD-010914,ORD-000702,ORD-001999,ORD-007310,ORD-010719",100.05,,26.2,230.9,8,8,14.62 L,DRV-0271,10,14.62
RTE-00128,VEH-0668,Truck,2025-01-04,"ORD-013927,ORD-006584,ORD-003642",71.93,88.13,637.7,222.7,3,3,40.31 L,DRV-0800,4,40.31
RTE-00129,VEH-0089,Drone,2025-03-06,"ORD-014384,ORD-008747,ORD-005022",154.19,68.56,434.8,799.4,3,1,29.21,,4,29.21
RTE-00130,VEH-0698,Truck,2024-05-03,"ORD-003264,ORD-007969,ORD-012303,ORD-011955,ORD-009507,ORD-005285,ORD-008412,ORD-007255",367.94,357.43,192.9,462.4,8,8,19.83,DRV-0865,0,19.83
RTE-00131,VEH-0275,Bike,2024-02-02,"ORD-014552,ORD-007985,ORD-007904,ORD-000479",282.49,38.78,189.8,296.3,4,4,14.35,DRV-0720,9,14.35
RTE-00132,VEH-0408,Van,2024-05-01,"ORD-014495,ORD-014873,ORD-001944",170.1,388.63,389.0,625.6,3,3,13.89,DRV-0715,10,13.89
RTE-00133,VEH-0586,Truck,2024-02-03,ORD-014386,275.2,80.71,693.5,437.6,1,1,10.99 L,DRV-0782,14,10.99
RTE-00134,VEH-0439,Van,2024-03-24,"ORD-007084,ORD-001215",140.99,259.1,492.1,248.5,2,2,423.0 Wh,DRV-0335,8,423.0
RTE-00135,VEH-0109,Drone,2024-02-08,"ORD-001022,ORD-000410",379.92,226.03,435.8,470.0,2,2,940.0 Wh,,11,940.0
RTE-00136,VEH-0113,Drone,2024-06-17,"ORD-011003,ORD-002109,ORD-013360,ORD-005545,ORD-005411,ORD-000211,ORD-014284,ORD-004672,ORD-003056",203.53,28.37,16.1,45.3,9,9,9.47 L,,12,9.47
RTE-00137,VEH-0624,Truck,2025-04-19,"ORD-007490,ORD-014917,ORD-002069",378.0,330.22,483.3,422.5,3,2,35.56,DRV-0442,3,35.56
RTE-00138,VEH-0055,Drone,2024-09-17,"ORD-010955,ORD-008788,ORD-003222",115.13,84.19,388.8,605.9,3,3,910.0 Wh,,9,910.0
RTE-00139,VEH-0343,Bike,2025-06-20,"ORD-008692,ORD-002967,ORD-012281,ORD-014468,ORD-010099,ORD-003214",190.11,329.33,24.4,514.4,6,5,11.93 L,DRV-0833,9,11.93
RTE-00140,VEH-0690,Truck,2025-04-01,ORD-002497,63.38,173.08,412.1,278.5,1,1,44.54,DRV-0834,12,44.54
RTE-00141,VEH-0654,Truck,2024-08-13,"ORD-002504,ORD-014804",47.97,335.2,598.5,330.2,2,2,34.26 L,DRV-0856,11,34.26
RTE-00142,VEH-0052,Drone,2024-10-30,"ORD-007629,ORD-003205,ORD-009778",360.41,436.85,22.7,508.6,3,3,1336.0 Wh,,8,1336.0
RTE-00143,VEH-0461,Van,2024-01-14,"ORD-008304,ORD-007505,ORD-006250,ORD-009685,ORD-005708",159.1,437.25,76.0,241.3,5,5,20.97,DRV-0476,10,20.97
RTE-00144,VEH-0149,Bike,2024-09-09,"ORD-012008,ORD-001212,ORD-014893",213.43,447.59,234.8,510.2,3,3,42.85,DRV-0899,13,42.85
RTE-00145,VEH-0664,Truck,2024-09-23,"ORD-011446,ORD-011170,ORD-010023,ORD-012376,ORD-001418",182.37,291.47,453.4,731.8,5,5,819.0 Wh,DRV-0519,13,819.0
RTE-00146,VEH-0700,Truck,2024-06-28,"ORD-012288,ORD-007374,ORD-007602,ORD-003220",171.39,218.08,434.6,383.0,4,4,2055.0 Wh,DRV-0347,5,2055.0
RTE-00147,VEH-0555,Van,2025-04-01,"ORD-014433,ORD-005144,ORD-011897,ORD-003045,ORD-008739,ORD-011636",34.33,379.34,400.8,178.4,6,6,53.8,DRV-0203,14,53.8
RTE-00148,VEH-0029,Drone,2024-01-27,"ORD-002252,ORD-001346,ORD-002758,ORD-003041,ORD-013456,ORD-000127,ORD-010443,ORD-001491,ORD-008700",133.49,,149.1,586.0,9,9,31.02 L,,6,31.02
RTE-00149,VEH-0658,Truck,2024-09-30,"ORD-002031,ORD-002863",167.23,,674.8,304.7,2,2,899.0 Wh,DRV-0003,10,899.0
RTE-00150,VEH-0278,Bike,2024-07-30,"ORD-005559,ORD-012279",397.7,218.57,674.3,496.1,2,2,1492.0 Wh,DRV-0848,8,1492.0
RTE-00151,VEH-0500,Van,2024-04-01,"ORD-001434,ORD-003721,ORD-013210,ORD-011314",70.18,442.46,525.2,286.1,4,4,33.33 L,DRV-0139,5,33.33
RTE-00152,VEH-0682,Truck,2024-03-29,"ORD-012011,ORD-010390,ORD-014711,ORD-011149,ORD-008163,ORD-001182",307.29,,463.2,72.3,6,6,16.11 L,DRV-0751,8,16.11
RTE-00153,VEH-0636,Truck,2025-02-24,"ORD-003150,ORD-000001,ORD-007271",333.68,405.11,435.3,179.6,3,2,404.0 Wh,DRV-0257,3,404.0
RTE-00154,VEH-0642,Truck,2024-10-26,"ORD-010681,ORD-009312,ORD-007179,ORD-000889",227.79,151.62,378.1,468.2,4,4,1572.0 Wh,DRV-0592,4,1572.0
RTE-00155,VEH-0410,Van,2024-12-01,"ORD-005771,ORD-006124,ORD-011507,ORD-004304,ORD-004299,ORD-002161,ORD-007749,ORD-004837",222.8,232.49,55.7,423.9,8,8,38.35 L,DRV-0164,10,38.35
RTE-00156,VEH-0597,Truck,2024-09-21,"ORD-013517,ORD-008205",26.91,114.19,529.1,42.3,2,2,38.32 L,DRV-0296,13,38.32
RTE-00157,VEH-0076,Drone,2024-11-11,"ORD-008307,ORD-008561,ORD-009139,ORD-005749,ORD-005798",361.6,114.7,181.7,588.8,5,5,33.03 L,,10,33.03
RTE-00158,VEH-0655,Truck,2024-12-05,"ORD-011203,ORD-002100,ORD-008752,ORD-003786,ORD-008475,ORD-013881,ORD-002582",272.5,274.13,235.7,129.6,7,5,1217.0 Wh,DRV-0898,7,1217.0
RTE-00159,VEH-0040,Drone,2025-05-06,"ORD-001664,ORD-000720,ORD-000740,ORD-002296,ORD-001698,ORD-000378,ORD-010271",341.44,405.34,444.2,112.0,7,7,26.02 L,,3,26.02
RTE-00160,VEH-0548,Van,2024-04-16,"ORD-001255,ORD-014952,ORD-011924",78.92,131.79,272.1,586.6,3,3,57.11 L,DRV-0571,7,57.11
RTE-00161,VEH-0339,Bike,2025-01-05,"ORD-002253,ORD-013246,ORD-010353,ORD-012555,ORD-006284,ORD-000787,ORD-013009,ORD-010386",386.53,337.65,228.3,216.8,8,8,296.0 Wh,DRV-0109,5,296.0
RTE-00162,VEH-0565,Van,2024-07-17,"ORD-002443,ORD-011186",114.42,79.85,556.2,697.2,2,2,703.0 Wh,DRV-0109,9,703.0
RTE-00163,VEH-0608,Truck,2025-03-02,ORD-002262,243.5,17.59,366.4,537.8,1,1,26.41 L,DRV-0570,7,26.41
RTE-00164,VEH-0680,Truck,2025-04-18,"ORD-004400,ORD-009346,ORD-012932,ORD-004187,ORD-006849,ORD-007012,ORD-008770,ORD-013443,ORD-010965",20.74,362.39,180.9,205.9,9,9,15.5 L,DRV-0384,10,15.5
RTE-00165,VEH-0641,Truck,2024-08-04,"ORD-014459,ORD-004524,ORD-006421,ORD-013683,ORD-006162,ORD-012399,ORD-008044,ORD-002899",131.53,305.89,86.0,334.4,8,8,39.75,DRV-0185,13,39.75
RTE-00166,VEH-0427,Van,2024-06-12,"ORD-010245,ORD-007957,ORD-012507,ORD-009849,ORD-013656,ORD-010508",93.98,270.74,86.9,141.8,6,6,1513.0 Wh,DRV-0615,7,1513.0
RTE-00167,VEH-0352,Bike,2024-05-28,"ORD-003900,ORD-001694,ORD-010844,ORD-010581,ORD-013147,ORD-005066",372.99,370.29,449.2,631.5,6,6,7.2 L,DRV-0357,4,7.2
RTE-00168,VEH-0572,Van,2025-04-03,"ORD-003631,ORD-010201",218.38,180.95,669.3,681.3,2,2,1828.0 Wh,DRV-0891,9,1828.0
RTE-00169,VEH-0046,Drone,2025-02-09,"ORD-013191,ORD-006852,ORD-000949,ORD-013540,ORD-002259",311.58,42.99,145.7,97.7,5,5,1425.0 Wh,,3,1425.0
RTE-00170,VEH-0445,Van,2025-04-24,"ORD-007221,ORD-005905,ORD-005074,ORD-005641,ORD-002172,ORD-010659",188.95,331.2,218.3,183.4,6,6,6.07,DRV-0891,7,6.07
RTE-00171,VEH-0372,Bike,2024-01-03,"ORD-011011,ORD-010791,ORD-012962,ORD-011814,ORD-011615",275.74,32.07,21.5,507.6,5,3,13.03,DRV-0760,6,13.03
RTE-00172,VEH-0661,Truck,2024-08-04,"ORD-002713,ORD-000993,ORD-001382",376.37,278.72,487.9,726.0,3,3,1669.0 Wh,DRV-0768,6,1669.0
RTE-00173,VEH-0111,Drone,2025-06-28,"ORD-000820,ORD-005673,ORD-005609,ORD-003362",173.48,454.2,174.0,476.0,4,4,7.08 L,,5,7.08
RTE-00174,VEH-0122,Drone,2025-04-29,"ORD-005073,ORD-003539,ORD-004075,ORD-005483,ORD-010234,ORD-004612,ORD-005504,ORD-004646,ORD-013240",348.57,215.34,151.6,623.1,9,9,2135.0 Wh,,11,2135.0
RTE-00175,VEH-0234,Bike,2025-06-29,"ORD-012427,ORD-013383,ORD-006770",91.07,328.71,124.3,784.3,3,3,47.14 L,DRV-0315,12,47.14
RTE-00176,VEH-0426,Van,2024-05-28,"ORD-009374,ORD-012967,ORD-004454",390.9,148.97,614.5,764.0,3,3,1794.0 Wh,DRV-0793,3,1794.0
RTE-00177,VEH-0349,Bike,2024-03-27,ORD-011535,232.21,373.93,167.6,522.8,1,1,6.46,DRV-0449,14,6.46
RTE-00178,VEH-0597,Truck,2024-04-16,"ORD-010290,ORD-012918,ORD-009913,ORD-004459",155.02,127.4,401.1,262.4,4,4,39.69,DRV-0390,10,39.69
RTE-00179,VEH-0491,Van,2024-10-13,"ORD-013390,ORD-002674,ORD-010759,ORD-012566,ORD-001835,ORD-000572,ORD-004047,ORD-012401",254.8,426.21,403.9,538.4,8,8,39.26,DRV-0570,10,39.26
RTE-00180,VEH-0622,Truck,2025-05-30,"ORD-013882,ORD-011663,ORD-006720",10.95,438.02,252.8,357.5,3,3,622.0 Wh,DRV-0143,11,622.0
RTE-00181,VEH-0498,Van,2025-04-07,"ORD-007218,ORD-008868,ORD-000016",195.18,443.2,259.8,685.6,3,2,764.0 Wh,DRV-0175,8,764.0
RTE-00182,VEH-0621,Truck,2025-04-19,"ORD-002101,ORD-011994",89.95,22.89,541.2,516.8,2,2,477.0 Wh,DRV-0281,0,477.0
RTE-00183,VEH-0633,Truck,2025-04-21,"ORD-006233,ORD-002223",78.33,439.86,370.8,515.5,2,1,57.11,DRV-0175,8,57.11
RTE-00184,VEH-0574,Van,2024-12-21,"ORD-001352,ORD-002202,ORD-012592,ORD-006592",254.13,262.58,362.9,672.6,4,4,27.46 L,DRV-0382,13,27.46
RTE-00185,VEH-0462,Van,2024-06-17,"ORD-006644,ORD-004773,ORD-012464,ORD-003811,ORD-008326",11.48,401.62,78.7,677.1,5,5,1725.0 Wh,DRV-0821,12,1725.0
RTE-00186,VEH-0133,Drone,2024-08-14,"ORD-008355,ORD-000502,ORD-013173,ORD-004435,ORD-007062,ORD-004041,ORD-013836,ORD-001827",321.32,421.98,667.3,774.0,8,8,1272.0 Wh,,4,1272.0
RTE-00187,VEH-0225,Bike,2025-04-29,"ORD-000741,ORD-004322,ORD-014933,ORD-003895,ORD-014345,ORD-014613",114.9,398.12,307.5,205.7,6,6,753.0 Wh,DRV-0193,14,753.0
RTE-00188,VEH-0376,Bike,2024-05-01,"ORD-013081,ORD-013314,ORD-007241,ORD-006118,ORD-010255",378.71,335.91,525.7,583.7,5,5,22.62,DRV-0658,11,22.62
RTE-00189,VEH-0484,Van,2024-11-02,ORD-010639,356.59,340.07,33.8,131.9,1,1,896.0 Wh,DRV-0494,11,896.0
RTE-00190,VEH-0694,Truck,2024-03-27,"ORD-006043,ORD-014988",320.34,377.76,292.7,138.4,2,2,52.64,DRV-0345,12,52.64
RTE-00191,VEH-0238,Bike,2024-03-26,ORD-011977,267.56,333.91,490.3,510.5,1,1,300.0 Wh,DRV-0129,3,300.0
RTE-00192,VEH-0699,Truck,2024-02-22,"ORD-008405,ORD-009340,ORD-002182",141.89,246.17,346.7,560.7,3,3,42.91 L,DRV-0373,14,42.91
RTE-00193,VEH-0226,Bike,2025-03-07,"ORD-002689,ORD-003109,ORD-009766,ORD-005434,ORD-002548,ORD-012485,ORD-013289,ORD-007104",39.0,,157.4,615.4,8,8,2086.0 Wh,DRV-0090,7,2086.0
RTE-00194,VEH-0410,Van,2024-03-19,"ORD-010986,ORD-006690,ORD-014882,ORD-001566,ORD-009763,ORD-010240,ORD-012066,ORD-001805",67.77,380.18,243.4,58.8,8,8,29.97 L,DRV-0255,9,29.97
RTE-00195,VEH-0104,Drone,2024-03-13,"ORD-006673,ORD-014454,ORD-000781",112.14,117.05,309.1,55.3,3,2,57.45,,5,57.45
RTE-00196,VEH-0515,Van,2025-02-05,"ORD-013922,ORD-006444",96.19,406.26,139.7,27.9,2,2,29.13 L,DRV-0285,0,29.13
RTE-00197,VEH-0297,Bike,2025-03-17,ORD-012945,52.26,315.15,55.8,419.2,1,1,11.23,DRV-0718,13,11.23
RTE-00198,VEH-0083,Drone,2025-03-26,"ORD-001908,ORD-012942,ORD-005885,ORD-005997,ORD-012093,ORD-001178,ORD-010699",211.0,49.3,102.4,56.2,7,6,13.88,,12,13.88
RTE-00199,VEH-0538,Van,2024-08-03,"ORD-012350,ORD-005907,ORD-002510,ORD-006151",186.49,35.37,80.6,100.0,4,4,12.92,DRV-0537,5,12.92
RTE-00200,VEH-0658,Truck,2024-03-20,"ORD-005236,ORD-004684,ORD-009586,ORD-000566,ORD-000458,ORD-011902,ORD-003527,ORD-007022",75.0,400.61,131.0,196.8,8,8,1797.0 Wh,DRV-0028,4,1797.0
RTE-00201,VEH-0392,Bike,2025-01-26,"ORD-012047,ORD-011404,ORD-001404,ORD-006127,ORD-010755,ORD-005133,ORD-008318,ORD-013769",41.39,414.32,30.2,664.9,8,8,39.69,DRV-0323,5,39.69
RTE-00202,VEH-0036,Drone,2024-07-25,"ORD-013677,ORD-000742,ORD-008882,ORD-006655",290.33,206.74,693.5,462.1,4,4,57.81 L,,3,57.81
RTE-00203,VEH-0076,Drone,2024-08-13,"ORD-008385,ORD-000738,ORD-007059,ORD-002223,ORD-001955,ORD-014156,ORD-012599",151.21,294.54,650.7,724.0,7,7,15.14 L,,8,15.14
RTE-00204,VEH-0681,Truck,2024-08-10,ORD-007755,344.15,42.97,124.9,458.8,1,1,42.04 L,DRV-0521,14,42.04
RTE-00205,VEH-0266,Bike,2024-10-26,"ORD-006040,ORD-008832,ORD-007936,ORD-004524,ORD-005987,ORD-004316,ORD-011614",153.12,120.22,698.9,501.2,7,7,1.27,DRV-0580,4,1.27
RTE-00206,VEH-0398,Bike,2025-06-16,ORD-004965,209.58,48.78,342.2,659.3,1,1,25.28,DRV-0206,4,25.28
RTE-00207,VEH-0643,Truck,2025-03-21,"ORD-014454,ORD-001469,ORD-002133,ORD-006771,ORD-005863",77.28,345.02,613.2,118.4,5,5,1612.0 Wh,DRV-0660,8,1612.0
RTE-00208,VEH-0484,Van,2024-01-22,"ORD-000549,ORD-004184,ORD-014491,ORD-009224,ORD-002388,ORD-010713,ORD-001189,ORD-010057",4.29,,362.9,22.8,8,8,51.51 L,DRV-0573,11,51.51
RTE-00209,VEH-0679,Truck,2024-08-28,"ORD-002523,ORD-003414,ORD-014050,ORD-004295,ORD-014470,ORD-013111",258.53,212.3,78.7,36.0,6,6,41.47,DRV-0835,12,41.47
RTE-00210,VEH-0212,Bike,2024-12-16,"ORD-013598,ORD-011537,ORD-010398,ORD-006261,ORD-004310,ORD-005858,ORD-006897,ORD-013316",102.13,,79.8,121.5,8,7,57.78,DRV-0535,10,57.78
RTE-00211,VEH-0182,Bike,2024-12-17,ORD-005246,336.85,,423.0,173.6,1,1,46.49,DRV-0455,12,46.49
RTE-00212,VEH-0335,Bike,2025-01-12,ORD-007896,306.39,321.27,603.4,312.1,1,1,59.98,DRV-0466,11,59.98
RTE-00213,VEH-0620,Truck,2024-08-04,"ORD-012124,ORD-000717,ORD-007266,ORD-007364,ORD-001567,ORD-006898,ORD-004780",391.93,367.31,206.9,88.6,7,7,53.06,DRV-0544,8,53.06
RTE-00214,VEH-0163,Bike,2024-11-07,"ORD-009291,ORD-011745,ORD-012307,ORD-006511,ORD-001735,ORD-012856,ORD-013916,ORD-005668,ORD-009650",181.55,67.57,432.7,472.6,9,9,39.2,DRV-0813,12,39.2
RTE-00215,VEH-0315,Bike,2025-01-04,"ORD-006530,ORD-001938,ORD-009722,ORD-012259,ORD-014920,ORD-006379,ORD-011749,ORD-011066,ORD-009582",296.56,78.09,260.0,420.4,9,9,51.66,DRV-0848,14,51.66
RTE-00216,VEH-0558,Van,2024-11-17,"ORD-008373,ORD-000508,ORD-006569,ORD-010435,ORD-006265,ORD-006379,ORD-005344",375.91,140.58,679.8,340.3,7,6,11.53,DRV-0243,6,11.53
RTE-00217,VEH-0530,Van,2025-06-08,"ORD-000459,ORD-009882,ORD-011283,ORD-000266,ORD-001877",324.72,,65.0,206.4,5,5,1400.0 Wh,DRV-0162,0,1400.0
RTE-00218,VEH-0691,Truck,2024-09-19,"ORD-006518,ORD-011890,ORD-007679,ORD-009421,ORD-000463",318.55,396.12,121.0,763.6,5,5,35.2,DRV-0044,11,35.2
RTE-00219,VEH-0502,Van,2024-04-29,"ORD-009100,ORD-011278",180.35,153.17,170.0,405.8,2,2,22.47 L,DRV-0841,14,22.47
RTE-00220,VEH-0544,Van,2024-02-28,"ORD-006977,ORD-010405,ORD-013400,ORD-014022,ORD-014516,ORD-005823",181.12,,456.5,424.3,6,6,6.27 L,DRV-0546,10,6.27
RTE-00221,VEH-0671,Truck,2024-04-12,"ORD-006931,ORD-011058",5.33,300.75,49.6,134.7,2,2,29.91,DRV-0602,10,29.91
RTE-00222,VEH-0044,Drone,2024-08-20,"ORD-006909,ORD-013801,ORD-004458,ORD-004423,ORD-012016,ORD-007239,ORD-014823,ORD-009670",162.35,54.07,381.3,461.6,8,8,56.66 L,,9,56.66
RTE-00223,VEH-0296,Bike,2024-07-11,"ORD-003545,ORD-002950,ORD-001280,ORD-004602,ORD-005722,ORD-012472,ORD-005957,ORD-005227",25.01,187.36,273.4,784.8,8,8,2132.0 Wh,DRV-0206,7,2132.0
RTE-00224,VEH-0182,Bike,2024-01-17,"ORD-002642,ORD-008836,ORD-003577,ORD-000563,ORD-014894,ORD-000349",23.95,452.35,527.8,219.5,6,6,47.94,DRV-0086,12,47.94
RTE-00225,VEH-0490,Van,2024-10-10,"ORD-005934,ORD-003148,ORD-007760,ORD-002003,ORD-012014,ORD-000044,ORD-014893,ORD-009064",72.82,314.92,324.7,500.6,8,6,31.72,DRV-0241,8,31.72
RTE-00226,VEH-0038,Drone,2025-01-15,"ORD-004262,ORD-000697,ORD-002572,ORD-011839,ORD-013049,ORD-010556,ORD-014617",126.82,408.36,349.8,262.6,7,7,11.29,,12,11.29
RTE-00227,VEH-0244,Bike,2025-05-27,"ORD-011643,ORD-003182,ORD-014621",128.75,287.38,90.8,88.5,3,3,16.44,DRV-0340,9,16.44
RTE-00228,VEH-0491,Van,2024-06-20,"ORD-010753,ORD-005156,ORD-001700,ORD-009681",277.59,188.31,202.2,666.2,4,4,5.92,DRV-0402,3,5.92
RTE-00229,VEH-0074,Drone,2025-04-10,"ORD-003784,ORD-010352,ORD-013754,ORD-010893,ORD-011927",191.22,394.08,216.8,284.6,5,5,1606.0 Wh,,11,1606.0
RTE-00230,VEH-0652,Truck,2024-03-14,"ORD-011028,ORD-002868,ORD-009146,ORD-009141,ORD-008728,ORD-003967,ORD-004272,ORD-005914,ORD-004026",379.58,304.52,59.6,760.8,9,9,32.54 L,DRV-0612,5,32.54
RTE-00231,VEH-0299,Bike,2025-02-01,"ORD-011388,ORD-014717,ORD-006867,ORD-006775,ORD-001379,ORD-008648,ORD-002876,ORD-008016,ORD-006038",61.37,101.7,517.0,299.2,9,9,37.41,DRV-0785,6,37.41
RTE-00232,VEH-0667,Truck,2024-08-26,"ORD-004643,ORD-005291,ORD-004436,ORD-002959,ORD-003570,ORD-002498",363.02,378.01,182.0,16.5,6,5,1536.0 Wh,DRV-0899,9,1536.0
RTE-00233,VEH-0684,Truck,2025-06-22,"ORD-009003,ORD-004123,ORD-009482,ORD-008237,ORD-008793,ORD-010961,ORD-005347,ORD-010381,ORD-007711",177.92,438.53,160.5,212.4,9,9,20.62 L,DRV-0864,11,20.62
RTE-00234,VEH-0347,Bike,2025-06-12,"ORD-001274,ORD-006981,ORD-010414,ORD-009921,ORD-001893,ORD-008166,ORD-011309,ORD-001077",396.36,418.62,156.2,634.8,8,8,292.0 Wh,DRV-0148,12,292.0
RTE-00235,VEH-0163,Bike,2024-10-06,"ORD-006026,ORD-009989,ORD-006987,ORD-005252,ORD-007207,ORD-003600,ORD-008673,ORD-007258,ORD-008420",395.46,260.09,275.1,132.3,9,9,48.57,DRV-0288,9,48.57
RTE-00236,VEH-0006,Drone,2025-02-01,"ORD-000871,ORD-000260,ORD-002875,ORD-005271,ORD-011526,ORD-004388,ORD-002189",39.91,195.31,152.0,129.3,7,6,42.48,,0,42.48
RTE-00237,VEH-0603,Truck,2024-02-24,"ORD-009822,ORD-002596,ORD-011915,ORD-013758,ORD-000320,ORD-010787,ORD-008891,ORD-012222",285.84,299.95,25.7,295.0,8,8,1652.0 Wh,DRV-0158,4,1652.0
RTE-00238,VEH-0071,Drone,2024-06-14,"ORD-001577,ORD-002113,ORD-006328,ORD-007803,ORD-012251,ORD-012173,ORD-014165,ORD-008795",390.39,313.15,77.6,673.4,8,6,33.4 L,,7,33.4
RTE-00239,VEH-0685,Truck,2025-03-29,"ORD-005049,ORD-008519,ORD-000415,ORD-001934,ORD-013014,ORD-013375",134.1,164.6,423.8,455.1,6,6,19.27,DRV-0795,8,19.27
RTE-00240,VEH-0059,Drone,2024-06-16,ORD-005667,75.13,83.85,135.3,669.6,1,1,37.39 L,,13,37.39
RTE-00241,VEH-0182,Bike,2025-01-23,ORD-003018,225.88,177.56,444.8,207.9,1,1,634.0 Wh,DRV-0546,4,634.0
RTE-00242,VEH-0444,Van,2024-08-04,"ORD-003852,ORD-010180,ORD-009486,ORD-008468,ORD-004941",345.86,154.39,325.0,191.7,5,5,24.6,DRV-0695,6,24.6
RTE-00243,VEH-0677,Truck,2025-03-24,"ORD-000414,ORD-012624,ORD-013972,ORD-001033,ORD-004753,ORD-007656,ORD-004972",22.51,377.24,616.8,166.1,7,7,234.0 Wh,DRV-0554,3,234.0
RTE-00244,VEH-0617,Truck,2024-09-10,"ORD-012320,ORD-013770,ORD-006870,ORD-007559,ORD-009336",179.14,302.34,611.2,312.8,5,5,376.0 Wh,DRV-0087,14,376.0
RTE-00245,VEH-0023,Drone,2024-11-16,"ORD-005489,ORD-010141,ORD-006747,ORD-000748,ORD-002307,ORD-009916",195.55,60.48,254.4,477.2,6,6,9.34 L,,13,9.34
RTE-00246,VEH-0253,Bike,2024-08-11,"ORD-014586,ORD-005836,ORD-000841,ORD-003582,ORD-003604,ORD-010327,ORD-002540,ORD-007224",117.97,204.77,606.3,500.1,8,8,56.35,DRV-0175,14,56.35
RTE-00247,VEH-0636,Truck,2024-11-02,"ORD-004381,ORD-008551,ORD-001024,ORD-013803,ORD-010943,ORD-014955",4.44,76.53,403.9,51.7,6,6,50.5,DRV-0244,5,50.5
RTE-00248,VEH-0240,Bike,2025-06-05,"ORD-006229,ORD-012608,ORD-012394,ORD-001130,ORD-003998,ORD-008106",103.35,257.43,515.3,405.8,6,6,36.72 L,DRV-0150,3,36.72
RTE-00249,VEH-0633,Truck,2024-11-15,"ORD-005797,ORD-000877,ORD-009064",176.53,297.67,438.6,553.2,3,2,11.64,DRV-0520,11,11.64
RTE-00250,VEH-0434,Van,2024-05-10,"ORD-002195,ORD-010504",52.26,424.94,115.2,355.4,2,2,29.33,DRV-0415,14,29.33
RTE-00251,VEH-0598,Truck,2024-02-21,"ORD-004053,ORD-010941,ORD-013234,ORD-014396,ORD-009343",313.39,170.18,297.4,350.8,5,5,47.71,DRV-0523,9,47.71
RTE-00252,VEH-0258,Bike,2025-04-12,"ORD-005221,ORD-006210",23.63,280.26,452.6,708.3,2,2,45.99,DRV-0101,7,45.99
RTE-00253,VEH-0447,Van,2024-02-26,"ORD-004227,ORD-007220,ORD-001626",244.38,315.87,162.6,613.5,3,2,2018.0 Wh,DRV-0384,11,2018.0
RTE-00254,VEH-0620,Truck,2025-05-25,"ORD-011423,ORD-014760,ORD-000148,ORD-010755,ORD-010590,ORD-014872,ORD-002649,ORD-003995,ORD-014772",240.26,359.45,619.8,797.9,9,9,53.17 L,DRV-0839,7,53.17
RTE-00255,VEH-0644,Truck,2025-05-12,"ORD-010340,ORD-000570,ORD-000548,ORD-003075",217.5,57.89,403.1,737.4,4,4,34.35,DRV-0611,13,34.35
RTE-00256,VEH-0088,Drone,2024-04-27,ORD-013547,88.56,131.79,626.2,324.8,1,0,38.0 L,,11,38.0
RTE-00257,VEH-0458,Van,2024-10-24,"ORD-005453,ORD-004410,ORD-000763,ORD-009267,ORD-008806,ORD-003225",296.46,177.93,471.1,231.2,6,6,969.0 Wh,DRV-0340,14,969.0
RTE-00258,VEH-0074,Drone,2025-01-09,"ORD-006314,ORD-002252,ORD-006985,ORD-007830,ORD-006799",107.73,290.28,572.0,661.9,5,5,2080.0 Wh,,14,2080.0
RTE-00259,VEH-0661,Truck,2025-04-07,"ORD-008723,ORD-003805,ORD-012462,ORD-007820,ORD-012136,ORD-003165,ORD-011013,ORD-014690,ORD-005046",262.63,225.93,390.3,280.9,9,9,27.7,DRV-0353,4,27.7
RTE-00260,VEH-0277,Bike,2024-04-24,"ORD-003677,ORD-003434",313.63,301.36,509.8,42.8,2,2,48.9,DRV-0837,9,48.9
RTE-00261,VEH-0042,Drone,2024-09-23,"ORD-004342,ORD-014113,ORD-014016,ORD-003887,ORD-007496,ORD-004277",44.66,267.27,137.4,67.9,6,6,7.85 L,,5,7.85
RTE-00262,VEH-0603,Truck,2024-06-19,"ORD-006624,ORD-002768,ORD-000390,ORD-006974,ORD-007400,ORD-002524",136.82,143.18,637.7,602.2,6,5,2066.0 Wh,DRV-0335,12,2066.0
RTE-00263,VEH-0053,Drone,2025-06-22,"ORD-000448,ORD-002687,ORD-004756,ORD-002293,ORD-001942,ORD-012810,ORD-013066,ORD-013834",229.43,216.19,524.0,19.9,8,8,1.82 L,,3,1.82
RTE-00264,VEH-0686,Truck,2025-05-31,"ORD-000045,ORD-011401,ORD-010749,ORD-003606,ORD-012872,ORD-001067",416.77,437.36,160.3,177.0,6,6,33.63 L,DRV-0521,8,33.63
RTE-00265,VEH-0496,Van,2024-07-31,"ORD-013788,ORD-012739,ORD-012610,ORD-004345,ORD-005821,ORD-014223,ORD-002571,ORD-013660,ORD-003678",39.29,308.48,327.7,464.5,9,9,1218.0 Wh,DRV-0487,4,1218.0
RTE-00266,VEH-0320,Bike,2024-09-09,"ORD-013899,ORD-006198,ORD-000747,ORD-002376,ORD-010432,ORD-004409,ORD-010064,ORD-007412",23.99,97.2,346.1,290.3,8,8,1636.0 Wh,DRV-0129,4,1636.0
RTE-00267,VEH-0626,Truck,2025-03-11,"ORD-012956,ORD-013373,ORD-009054",10.16,89.12,503.2,473.7,3,3,27.64,DRV-0306,5,27.64
RTE-00268,VEH-0261,Bike,2025-03-07,"ORD-008569,ORD-013682,ORD-003125,ORD-009886",43.12,380.63,80.5,551.2,4,4,25.65 L,DRV-0378,8,25.65
RTE-00269,VEH-0395,Bike,2024-09-08,"ORD-002142,ORD-013634,ORD-001757,ORD-001347,ORD-012618,ORD-006481,ORD-001084,ORD-010464,ORD-004769",234.2,447.13,487.5,763.5,9,9,1247.0 Wh,DRV-0802,12,1247.0
RTE-00270,VEH-0444,Van,2024-11-19,"ORD-012520,ORD-011266,ORD-004519,ORD-000854,ORD-002456,ORD-006202",110.34,147.03,465.3,440.7,6,6,48.55,DRV-0739,12,48.55
RTE-00271,VEH-0653,Truck,2025-01-10,ORD-004456,145.56,99.04,211.7,289.7,1,0,18.16,DRV-0824,14,18.16
RTE-00272,VEH-0329,Bike,2024-06-08,"ORD-008048,ORD-013404,ORD-011241,ORD-010929",320.07,431.83,416.8,379.7,4,4,41.11 L,DRV-0602,5,41.11
RTE-00273,VEH-0017,Drone,2024-11-19,"ORD-003256,ORD-008966,ORD-009784,ORD-012443,ORD-008889,ORD-014874,ORD-004773",20.04,290.32,95.2,779.8,7,7,1696.0 Wh,,11,1696.0
RTE-00274,VEH-0053,Drone,2024-09-25,"ORD-007938,ORD-000191,ORD-006372,ORD-009993,ORD-003422,ORD-014013,ORD-008570,ORD-003025,ORD-003283",231.36,,231.5,790.1,9,9,704.0 Wh,,10,704.0
RTE-00275,VEH-0302,Bike,2025-01-03,"ORD-010978,ORD-007867,ORD-005382,ORD-006319,ORD-011760,ORD-001526,ORD-013102",164.87,,323.1,739.3,7,7,9.11,DRV-0296,9,9.11
RTE-00276,VEH-0512,Van,2025-01-14,"ORD-004286,ORD-012795,ORD-002638,ORD-004454,ORD-000153,ORD-007174,ORD-000195,ORD-009164",61.32,50.54,360.7,420.7,8,8,13.55 L,DRV-0160,11,13.55
RTE-00277,VEH-0334,Bike,2024-01-15,"ORD-009625,ORD-013439,ORD-001000,ORD-002071,ORD-007986,ORD-013591,ORD-002537,ORD-002921",279.32,143.99,307.9,376.3,8,8,578.0 Wh,DRV-0072,11,578.0
RTE-00278,VEH-0594,Truck,2025-04-26,"ORD-014744,ORD-005120,ORD-014249,ORD-012657,ORD-008457,ORD-010945,ORD-013165,ORD-007725,ORD-009682",296.36,12.32,117.5,579.2,9,9,37.06 L,DRV-0024,14,37.06
RTE-00279,VEH-0607,Truck,2024-10-30,"ORD-000530,ORD-006823,ORD-004484,ORD-011884,ORD-002535,ORD-004038,ORD-002264,ORD-003769,ORD-009567",210.66,418.99,589.0,271.8,9,9,19.94,DRV-0834,14,19.94
RTE-00280,VEH-0467,Van,2025-02-11,"ORD-007998,ORD-013480,ORD-006187,ORD-003965,ORD-004650",268.6,452.98,401.8,304.9,5,5,33.57,DRV-0086,9,33.57
RTE-00281,VEH-0587,Truck,2025-05-20,ORD-001953,145.44,317.13,553.4,745.8,1,1,406.0 Wh,DRV-0199,10,406.0
RTE-00282,VEH-0674,Truck,2024-07-06,"ORD-004367,ORD-011213,ORD-004655,ORD-000302,ORD-008194",98.7,459.13,335.3,508.8,5,4,51.54,DRV-0056,9,51.54
RTE-00283,VEH-0210,Bike,2024-09-13,"ORD-005920,ORD-002660,ORD-006737",388.21,411.46,316.6,97.0,3,3,484.0 Wh,DRV-0082,14,484.0
RTE-00284,VEH-0323,Bike,2025-03-16,"ORD-001718,ORD-005600,ORD-014451,ORD-007990,ORD-003937,ORD-010653",368.86,392.27,233.3,364.6,6,6,56.66,DRV-0819,12,56.66
RTE-00285,VEH-0007,Drone,2024-08-12,"ORD-003636,ORD-012891,ORD-001534,ORD-010942,ORD-004942,ORD-010343,ORD-002618,ORD-009514",161.42,294.1,628.5,107.0,8,8,49.35,,14,49.35
RTE-00286,VEH-0060,Drone,2024-02-27,ORD-000807,136.76,30.05,198.6,142.7,1,1,41.02 L,,8,41.02
RTE-00287,VEH-0107,Drone,2024-10-25,"ORD-003639,ORD-008289,ORD-000931,ORD-004095,ORD-014531,ORD-011294",41.46,254.22,451.4,326.2,6,5,4.07,,4,4.07
RTE-00288,VEH-0466,Van,2024-03-05,"ORD-010778,ORD-011638,ORD-002191,ORD-009427,ORD-005309",29.51,3.63,115.7,798.7,5,5,1365.0 Wh,DRV-0259,13,1365.0
RTE-00289,VEH-0096,Drone,2025-03-08,"ORD-008416,ORD-000354,ORD-011180,ORD-006272",211.26,240.12,40.8,771.0,4,4,1916.0 Wh,,11,1916.0
RTE-00290,VEH-0624,Truck,2024-06-22,"ORD-011078,ORD-013059,ORD-007600,ORD-007878",201.65,104.64,373.0,444.4,4,4,52.87,DRV-0635,8,52.87
RTE-00291,VEH-0314,Bike,2024-01-09,"ORD-009062,ORD-000629,ORD-010763,ORD-001872,ORD-009476,ORD-006095,ORD-014363",34.26,272.92,217.8,724.8,7,7,2158.0 Wh,DRV-0494,3,2158.0
RTE-00292,VEH-0028,Drone,2024-08-09,"ORD-011500,ORD-003029,ORD-010825",19.62,356.7,385.2,369.8,3,2,56.13 L,,9,56.13
RTE-00293,VEH-0579,Van,2024-10-28,"ORD-004061,ORD-003151,ORD-008683,ORD-008069,ORD-007771,ORD-011988,ORD-011657",165.53,444.45,312.1,710.9,7,7,5.45 L,DRV-0703,14,5.45
RTE-00294,VEH-0200,Bike,2024-10-03,"ORD-001159,ORD-013614,ORD-007106,ORD-008832,ORD-011461,ORD-007315",312.33,336.25,600.8,791.0,6,6,8.66 L,DRV-0322,9,8.66
RTE-00295,VEH-0603,Truck,2025-01-01,"ORD-009036,ORD-010593,ORD-013983,ORD-005100,ORD-014715,ORD-008977,ORD-008050,ORD-000387,ORD-008883",324.82,277.08,326.2,406.6,9,9,14.92 L,DRV-0281,7,14.92
RTE-00296,VEH-0103,Drone,2024-08-25,ORD-003471,364.85,186.3,663.2,434.8,1,1,48.84,,6,48.84
RTE-00297,VEH-0383,Bike,2024-01-27,"ORD-004474,ORD-006308,ORD-014263",66.74,128.69,631.0,307.8,3,3,1956.0 Wh,DRV-0648,12,1956.0
RTE-00298,VEH-0594,Truck,2025-05-18,"ORD-007735,ORD-011104,ORD-008190,ORD-002437,ORD-010848,ORD-009354,ORD-012998",352.45,150.38,263.2,525.9,7,7,13.65,DRV-0177,5,13.65
RTE-00299,VEH-0599,Truck,2024-01-08,"ORD-005525,ORD-008428,ORD-008041,ORD-014343,ORD-007782,ORD-000196,ORD-004552,ORD-001935,ORD-007425",267.71,225.41,402.5,379.8,9,9,55.41 L,DRV-0055,4,55.41
RTE-00300,VEH-0352,Bike,2024-04-26,"ORD-007999,ORD-007886,ORD-008807,ORD-011089,ORD-002719,ORD-009899,ORD-001723",311.41,274.58,109.9,339.4,7,7,2142.0 Wh,DRV-0445,4,2142.0
RTE-00301,VEH-0282,Bike,2025-05-14,ORD-008238,401.0,35.41,173.7,603.5,1,1,31.14 L,DRV-0528,14,31.14
RTE-00302,VEH-0438,Van,2024-10-08,"ORD-002144,ORD-013929,ORD-013364,ORD-012799,ORD-010481,ORD-006934,ORD-012466,ORD-003119,ORD-001547",360.49,55.19,429.6,469.4,9,9,1928.0 Wh,DRV-0066,7,1928.0
RTE-00303,VEH-0034,Drone,2024-07-10,"ORD-008896,ORD-011086,ORD-004892,ORD-007809,ORD-003551",185.49,18.6,89.5,309.2,5,5,40.52 L,,7,40.52
RTE-00304,VEH-0086,Drone,2024-04-14,"ORD-012684,ORD-014236,ORD-008345,ORD-009524",344.93,273.83,119.2,523.1,4,4,1633.0 Wh,,13,1633.0
RTE-00305,VEH-0189,Bike,2025-04-14,ORD-012560,15.01,431.42,63.0,747.8,1,1,1551.0 Wh,DRV-0796,7,1551.0
RTE-00306,VEH-0682,Truck,2025-03-22,"ORD-008815,ORD-000285,ORD-006907,ORD-002247,ORD-010142,ORD-008759",188.63,312.57,494.5,453.0,6,6,47.81 L,DRV-0835,13,47.81
RTE-00307,VEH-0617,Truck,2025-06-15,"ORD-000640,ORD-010360,ORD-004838,ORD-011900,ORD-007200,ORD-006011,ORD-005834,ORD-000958,ORD-010411",146.18,197.26,122.4,457.2,9,8,9.23,DRV-0070,11,9.23
RTE-00308,VEH-0492,Van,2025-04-22,"ORD-013724,ORD-013346,ORD-012510,ORD-008741,ORD-003691,ORD-005720,ORD-002846,ORD-008035",211.1,256.35,31.3,161.2,8,8,25.37 L,DRV-0256,9,25.37
RTE-00309,VEH-0259,Bike,2024-01-07,"ORD-013791,ORD-000475,ORD-005303,ORD-002137,ORD-014398,ORD-000626,ORD-009437,ORD-003585,ORD-004445",244.0,204.05,619.0,339.5,9,8,2092.0 Wh,DRV-0607,5,2092.0
RTE-00310,VEH-0390,Bike,2024-02-03,"ORD-008604,ORD-009817,ORD-006342,ORD-002686,ORD-014347,ORD-002998,ORD-007839,ORD-013275",153.69,340.36,280.0,737.5,8,8,37.73,DRV-0343,13,37.73
RTE-00311,VEH-0349,Bike,2024-04-16,"ORD-002499,ORD-010161,ORD-010854,ORD-013363,ORD-001550,ORD-007743,ORD-012335,ORD-003562,ORD-008381",29.57,106.42,521.0,160.6,9,9,10.09 L,DRV-0082,12,10.09
RTE-00312,VEH-0618,Truck,2025-04-20,"ORD-009007,ORD-007429",121.86,421.0,347.2,231.2,2,2,1948.0 Wh,DRV-0282,6,1948.0
RTE-00313,VEH-0649,Truck,2025-02-18,"ORD-006688,ORD-008884,ORD-003790,ORD-006684,ORD-004379",68.82,404.74,685.3,506.5,5,5,54.92,DRV-0771,12,54.92
RTE-00314,VEH-0021,Drone,2025-01-02,"ORD-002167,ORD-009322,ORD-012696,ORD-003981,ORD-008323,ORD-011138",406.46,140.7,431.4,672.7,6,6,45.22,,3,45.22
RTE-00315,VEH-0381,Bike,2024-09-08,"ORD-006264,ORD-005561",84.18,,188.4,783.6,2,2,371.0 Wh,DRV-0237,3,371.0
RTE-00316,VEH-0025,Drone,2024-12-29,"ORD-008058,ORD-004984,ORD-011775,ORD-006442,ORD-013097,ORD-008527",123.02,64.77,63.8,421.9,6,6,37.87,,3,37.87
RTE-00317,VEH-0697,Truck,2024-01-13,ORD-009361,265.71,66.74,319.2,124.6,1,0,21.27,DRV-0385,5,21.27
RTE-00318,VEH-0465,Van,2024-03-21,"ORD-010829,ORD-007379,ORD-010418,ORD-009135,ORD-009332,ORD-011891,ORD-001189,ORD-003166,ORD-012120",346.3,252.5,248.1,760.2,9,9,7.09,DRV-0431,12,7.09
RTE-00319,VEH-0654,Truck,2024-03-27,"ORD-013780,ORD-006015",78.09,319.58,420.6,717.8,2,2,23.07,DRV-0065,13,23.07
RTE-00320,VEH-0532,Van,2025-05-28,"ORD-001613,ORD-007813,ORD-004892,ORD-001750,ORD-010476,ORD-010300,ORD-012428,ORD-011897,ORD-004832",326.75,259.18,214.1,100.4,9,9,47.33,DRV-0018,6,47.33
RTE-00321,VEH-0578,Van,2024-06-12,"ORD-006441,ORD-003898,ORD-002724",99.43,185.71,106.9,476.4,3,3,37.11 L,DRV-0407,14,37.11
RTE-00322,VEH-0613,Truck,2024-03-25,"ORD-011665,ORD-002785,ORD-010648,ORD-006160,ORD-001092,ORD-004726",378.23,152.75,355.3,442.9,6,6,29.85,DRV-0124,4,29.85
RTE-00323,VEH-0525,Van,2025-05-15,"ORD-002720,ORD-008799,ORD-005248,ORD-004346",238.12,367.14,208.1,375.1,4,3,34.45 L,DRV-0839,12,34.45
RTE-00324,VEH-0042,Drone,2024-02-20,"ORD-010911,ORD-006837,ORD-004273,ORD-005165,ORD-004302,ORD-001340,ORD-003548,ORD-000008",180.33,354.2,184.9,170.7,8,8,33.84 L,,7,33.84
RTE-00325,VEH-0641,Truck,2025-05-14,"ORD-009949,ORD-002080,ORD-001675,ORD-012543",343.23,253.05,518.1,713.9,4,4,39.65 L,DRV-0595,8,39.65
RTE-00326,VEH-0245,Bike,2024-11-17,"ORD-011603,ORD-009567,ORD-007634,ORD-011916,ORD-001579",151.18,,548.2,418.8,5,5,54.11,DRV-0474,13,54.11
RTE-00327,VEH-0531,Van,2024-12-23,"ORD-008714,ORD-007293,ORD-008001,ORD-009123,ORD-003437",152.46,39.68,601.7,453.8,5,5,230.0 Wh,DRV-0413,9,230.0
RTE-00328,VEH-0434,Van,2024-08-04,"ORD-002243,ORD-010450,ORD-005259,ORD-014059,ORD-014645,ORD-000508,ORD-003416,ORD-003859,ORD-012489",283.44,198.96,322.1,201.1,9,9,39.66,DRV-0552,6,39.66
RTE-00329,VEH-0456,Van,2024-06-17,"ORD-005084,ORD-006771,ORD-007108",83.1,35.46,283.9,495.2,3,3,564.0 Wh,DRV-0867,13,564.0
RTE-00330,VEH-0565,Van,2024-01-09,"ORD-004242,ORD-013446",398.28,374.73,308.3,271.2,2,2,47.74,DRV-0571,5,47.74
RTE-00331,VEH-0577,Van,2025-01-21,"ORD-005277,ORD-013481,ORD-014343,ORD-010857,ORD-011527,ORD-008056",303.52,315.22,205.7,170.8,6,6,1455.0 Wh,DRV-0244,3,1455.0
RTE-00332,VEH-0310,Bike,2024-04-13,"ORD-006147,ORD-014273,ORD-011272,ORD-008366,ORD-005493,ORD-014394,ORD-000199",239.78,,542.2,637.8,7,7,10.44,DRV-0585,5,10.44
RTE-00333,VEH-0484,Van,2024-11-10,"ORD-002743,ORD-002621,ORD-000380,ORD-011108",268.48,350.75,454.7,547.2,4,2,2080.0 Wh,DRV-0285,5,2080.0
RTE-00334,VEH-0403,Van,2024-11-25,"ORD-013320,ORD-007805,ORD-008405",198.9,156.4,511.2,700.4,3,3,46.98 L,DRV-0229,9,46.98
RTE-00335,VEH-0696,Truck,2025-03-29,"ORD-014433,ORD-010930,ORD-010069",123.6,397.24,420.3,175.2,3,3,6.57 L,DRV-0600,10,6.57
RTE-00336,VEH-0165,Bike,2025-06-29,ORD-007620,289.19,386.49,369.1,52.9,1,1,12.15 L,DRV-0198,4,12.15
RTE-00337,VEH-0110,Drone,2024-01-29,"ORD-010142,ORD-007772,ORD-002017,ORD-009992,ORD-006441,ORD-002978",280.1,225.07,179.2,485.1,6,6,38.81 L,,12,38.81
RTE-00338,VEH-0376,Bike,2024-07-30,"ORD-000156,ORD-003760,ORD-004692,ORD-010215,ORD-001423,ORD-009979,ORD-006788,ORD-013045",93.68,134.21,242.4,760.6,8,8,1240.0 Wh,DRV-0377,14,1240.0
RTE-00339,VEH-0666,Truck,2024-10-04,"ORD-006682,ORD-006100,ORD-002260,ORD-002882,ORD-010165,ORD-005953,ORD-001180,ORD-012576,ORD-005356",36.33,413.18,395.0,45.6,9,9,6.85,DRV-0176,9,6.85
RTE-00340,VEH-0061,Drone,2025-05-15,ORD-001664,418.57,346.96,490.3,234.2,1,1,35.21 L,,9,35.21
RTE-00341,VEH-0505,Van,2025-02-17,"ORD-004321,ORD-006845,ORD-004301,ORD-000596,ORD-004236,ORD-010882,ORD-010654,ORD-000933",315.81,411.16,15.7,397.7,8,8,1839.0 Wh,DRV-0839,10,1839.0
RTE-00342,VEH-0515,Van,2025-03-07,"ORD-012089,ORD-001755,ORD-014807,ORD-001752,ORD-007894",69.4,337.92,301.2,757.8,5,5,35.76,DRV-0652,13,35.76
RTE-00343,VEH-0513,Van,2025-06-27,"ORD-004022,ORD-000279,ORD-004384,ORD-006417,ORD-012777,ORD-013695",34.56,125.61,342.1,144.8,6,5,1002.0 Wh,DRV-0674,13,1002.0
RTE-00344,VEH-0139,Drone,2024-02-28,"ORD-003265,ORD-014985",121.72,39.8,632.5,182.8,2,1,38.88,,6,38.88
RTE-00345,VEH-0435,Van,2025-04-14,"ORD-006415,ORD-007945,ORD-011774,ORD-006788,ORD-014095,ORD-009506,ORD-003387",74.0,194.04,419.1,251.9,7,7,24.35,DRV-0218,11,24.35
RTE-00346,VEH-0119,Drone,2025-02-26,"ORD-004708,ORD-005423,ORD-000497,ORD-005867,ORD-003463,ORD-005198,ORD-006498,ORD-001787,ORD-006063",266.08,226.44,240.8,184.8,9,9,27.82 L,,12,27.82
RTE-00347,VEH-0691,Truck,2025-05-17,"ORD-013398,ORD-003278,ORD-003266,ORD-006333,ORD-005670,ORD-001625,ORD-011315",132.67,14.87,454.6,26.7,7,7,9.48 L,DRV-0520,8,9.48
RTE-00348,VEH-0065,Drone,2025-05-17,"ORD-008009,ORD-002596,ORD-012420,ORD-002746,ORD-008044,ORD-011480,ORD-005111",100.73,427.58,562.4,229.3,7,7,0.69,,0,0.69
RTE-00349,VEH-0325,Bike,2024-09-05,"ORD-014996,ORD-008904,ORD-001898,ORD-002571,ORD-003543",416.6,426.65,516.1,481.2,5,5,871.0 Wh,DRV-0305,8,871.0
RTE-00350,VEH-0184,Bike,2024-09-25,"ORD-005726,ORD-005766,ORD-011846",367.46,131.14,499.8,318.2,3,2,904.0 Wh,DRV-0779,11,904.0
RTE-00351,VEH-0695,Truck,2024-09-16,"ORD-011983,ORD-004271,ORD-009251,ORD-004734,ORD-006590,ORD-000477",121.09,316.19,71.2,387.2,6,6,1594.0 Wh,DRV-0087,9,1594.0
RTE-00352,VEH-0031,Drone,2024-10-02,"ORD-013631,ORD-014119,ORD-000414",305.39,305.15,604.0,674.6,3,1,1227.0 Wh,,12,1227.0
RTE-00353,VEH-0301,Bike,2024-05-05,"ORD-001359,ORD-011240,ORD-009967,ORD-012007,ORD-004452",167.22,281.25,73.3,351.3,5,5,48.89,DRV-0011,3,48.89
RTE-00354,VEH-0657,Truck,2024-11-07,"ORD-006577,ORD-004971,ORD-011320,ORD-002493,ORD-014845,ORD-003667",319.56,316.8,369.0,552.9,6,6,23.2 L,DRV-0347,5,23.2
RTE-00355,VEH-0031,Drone,2025-01-11,"ORD-008028,ORD-012859,ORD-007751,ORD-006194,ORD-007644,ORD-002817,ORD-006514,ORD-008849,ORD-001961",192.28,379.81,41.3,316.4,9,9,2108.0 Wh,,14,2108.0
RTE-00356,VEH-0497,Van,2024-02-01,"ORD-014413,ORD-003622",325.8,200.83,240.0,718.9,2,0,42.94 L,DRV-0034,12,42.94
RTE-00357,VEH-0353,Bike,2024-06-19,"ORD-009730,ORD-008686,ORD-005774,ORD-005298,ORD-002440",399.62,400.35,185.3,250.8,5,5,1393.0 Wh,DRV-0208,7,1393.0
RTE-00358,VEH-0695,Truck,2024-06-26,ORD-004801,110.49,206.33,478.9,50.7,1,1,17.6 L,DRV-0137,4,17.6
RTE-00359,VEH-0403,Van,2024-09-02,"ORD-000952,ORD-007385",212.58,163.8,494.3,374.1,2,2,3.1 L,DRV-0688,13,3.1
RTE-00360,VEH-0602,Truck,2025-03-31,"ORD-005502,ORD-000632,ORD-006030",169.99,359.74,645.9,295.0,3,2,2073.0 Wh,DRV-0287,5,2073.0
RTE-00361,VEH-0188,Bike,2024-12-28,"ORD-002123,ORD-005399,ORD-002018,ORD-008901,ORD-007127,ORD-009402,ORD-002125,ORD-002902",352.28,377.93,598.3,557.2,8,8,39.22,DRV-0128,14,39.22
RTE-00362,VEH-0517,Van,2025-01-20,"ORD-009503,ORD-013965,ORD-006338",15.2,458.95,440.8,136.3,3,3,11.28,DRV-0454,8,11.28
RTE-00363,VEH-0517,Van,2025-01-22,"ORD-005687,ORD-001891,ORD-010515,ORD-007855,ORD-013420,ORD-013719,ORD-013942,ORD-012552",264.8,443.35,552.1,666.0,8,8,0.75 L,DRV-0455,14,0.75
RTE-00364,VEH-0468,Van,2024-04-11,"ORD-000575,ORD-000668,ORD-010044",33.39,82.98,122.6,78.8,3,3,1565.0 Wh,DRV-0593,7,1565.0
RTE-00365,VEH-0102,Drone,2025-03-29,ORD-012463,40.6,272.21,502.4,627.6,1,1,926.0 Wh,,12,926.0
RTE-00366,VEH-0005,Drone,2024-07-22,"ORD-009956,ORD-014267,ORD-010298,ORD-007088,ORD-014079,ORD-006917,ORD-002787,ORD-001298,ORD-005558",139.82,301.14,165.8,348.8,9,9,2144.0 Wh,,5,2144.0
RTE-00367,VEH-0258,Bike,2025-06-28,"ORD-011775,ORD-004961",188.7,95.43,533.0,479.7,2,2,9.71 L,DRV-0036,4,9.71
RTE-00368,VEH-0607,Truck,2024-06-12,"ORD-009728,ORD-002139,ORD-000037,ORD-004193,ORD-013117",223.75,279.99,234.4,213.3,5,5,41.58,DRV-0573,14,41.58
RTE-00369,VEH-0572,Van,2024-07-09,"ORD-001778,ORD-007320,ORD-009208,ORD-004588,ORD-006122,ORD-003281",416.21,11.0,361.8,60.3,6,5,1645.0 Wh,DRV-0389,3,1645.0
RTE-00370,VEH-0648,Truck,2024-01-10,ORD-014430,98.35,196.14,55.3,745.5,1,1,2159.0 Wh,DRV-0179,3,2159.0
RTE-00371,VEH-0480,Van,2025-06-01,"ORD-010584,ORD-009404,ORD-001881,ORD-011944,ORD-009861,ORD-012560,ORD-006491",330.74,142.04,309.8,135.5,7,7,46.62,DRV-0398,11,46.62
RTE-00372,VEH-0114,Drone,2025-05-23,"ORD-010705,ORD-014000,ORD-014210",186.88,336.85,501.9,545.0,3,3,341.0 Wh,,7,341.0
RTE-00373,VEH-0183,Bike,2025-04-13,"ORD-003716,ORD-004548,ORD-008705,ORD-003500,ORD-001702,ORD-013858,ORD-003735,ORD-006499",174.99,363.72,366.9,182.0,8,8,43.91,DRV-0591,4,43.91
RTE-00374,VEH-0628,Truck,2024-06-28,"ORD-009225,ORD-012933",17.53,277.85,215.4,17.7,2,2,23.72,DRV-0684,8,23.72
RTE-00375,VEH-0122,Drone,2025-01-18,"ORD-004793,ORD-014006,ORD-009087,ORD-005168,ORD-013851,ORD-009785",55.07,47.17,402.4,237.8,6,6,17.37,,8,17.37
RTE-00376,VEH-0261,Bike,2024-05-04,"ORD-014870,ORD-008650,ORD-012149,ORD-010599",247.33,425.37,156.8,83.3,4,4,965.0 Wh,DRV-0501,12,965.0
RTE-00377,VEH-0307,Bike,2024-03-28,"ORD-001453,ORD-010445,ORD-004151,ORD-006111,ORD-007234,ORD-013371,ORD-011388,ORD-014505",93.96,61.76,584.2,427.3,8,8,1756.0 Wh,DRV-0206,11,1756.0
RTE-00378,VEH-0141,Bike,2025-01-24,"ORD-007239,ORD-008880,ORD-003656,ORD-011098,ORD-012363",96.81,339.75,196.6,172.4,5,5,29.57,DRV-0162,6,29.57
RTE-00379,VEH-0616,Truck,2024-01-14,"ORD-007859,ORD-000158",299.87,317.36,437.2,193.4,2,1,54.32,DRV-0293,7,54.32
RTE-00380,VEH-0255,Bike,2024-01-18,"ORD-005860,ORD-007408,ORD-002029,ORD-014305,ORD-001612,ORD-005570,ORD-006567",204.91,100.85,87.6,503.2,7,7,1293.0 Wh,DRV-0404,9,1293.0
RTE-00381,VEH-0435,Van,2024-10-09,"ORD-008911,ORD-003575,ORD-004589,ORD-014926,ORD-012987,ORD-006018,ORD-006068,ORD-007806,ORD-007063",333.06,106.01,177.2,81.5,9,9,1925.0 Wh,DRV-0647,14,1925.0
RTE-00382,VEH-0486,Van,2024-04-16,"ORD-005355,ORD-000675,ORD-011677,ORD-005243",150.55,70.58,401.4,491.3,4,4,30.11 L,DRV-0457,12,30.11
RTE-00383,VEH-0109,Drone,2025-02-21,"ORD-008794,ORD-014316,ORD-004735",104.45,141.16,516.0,223.2,3,3,57.08 L,,12,57.08
RTE-00384,VEH-0204,Bike,2025-06-14,"ORD-012320,ORD-004070,ORD-008291,ORD-002204,ORD-003816,ORD-010691,ORD-003101,ORD-004606,ORD-005341",280.68,86.11,348.0,336.9,9,9,30.88 L,DRV-0690,9,30.88
RTE-00385,VEH-0059,Drone,2024-10-19,"ORD-010787,ORD-005117,ORD-009495,ORD-007337,ORD-001976,ORD-012272,ORD-008203,ORD-006245,ORD-002719",309.7,385.03,424.3,117.8,9,9,9.14 L,,4,9.14
RTE-00386,VEH-0435,Van,2024-08-09,"ORD-011094,ORD-002199,ORD-014220,ORD-003991,ORD-011269,ORD-004937,ORD-014500",318.06,214.85,535.0,691.4,7,7,37.33,DRV-0540,0,37.33
RTE-00387,VEH-0692,Truck,2024-05-04,"ORD-003715,ORD-009838,ORD-007837",350.94,62.82,186.8,224.5,3,3,22.61,DRV-0092,12,22.61
RTE-00388,VEH-0280,Bike,2025-04-22,"ORD-010237,ORD-006899,ORD-003490,ORD-002082,ORD-013487,ORD-001763",224.3,262.63,675.4,82.2,6,6,48.63,DRV-0856,12,48.63
RTE-00389,VEH-0337,Bike,2024-06-01,ORD-014812,79.82,422.25,532.1,419.3,1,1,2143.0 Wh,DRV-0801,10,2143.0
RTE-00390,VEH-0303,Bike,2024-06-19,"ORD-006940,ORD-009585",344.23,19.93,103.0,316.7,2,2,22.48,DRV-0219,11,22.48
RTE-00391,VEH-0118,Drone,2024-06-17,ORD-009008,151.75,8.26,267.6,81.1,1,1,36.56 L,,11,36.56
RTE-00392,VEH-0598,Truck,2024-06-14,"ORD-001302,ORD-013595,ORD-000716,ORD-007570,ORD-001963,ORD-012295,ORD-004611,ORD-009104",396.22,221.22,491.3,559.7,8,8,14.8 L,DRV-0817,13,14.8
RTE-00393,VEH-0221,Bike,2024-05-02,"ORD-005296,ORD-003221,ORD-006399,ORD-000954,ORD-002596,ORD-000629,ORD-011282",281.93,113.05,688.4,19.0,7,7,563.0 Wh,DRV-0344,6,563.0
RTE-00394,VEH-0116,Drone,2024-02-07,"ORD-010483,ORD-014906,ORD-007693,ORD-000057,ORD-007002",21.79,202.51,543.2,316.7,5,5,27.23,,14,27.23
RTE-00395,VEH-0182,Bike,2025-03-10,ORD-004095,21.86,81.36,411.4,701.9,1,1,21.94 L,DRV-0245,3,21.94
RTE-00396,VEH-0324,Bike,2024-04-04,"ORD-000263,ORD-008781,ORD-000199,ORD-014150,ORD-004520,ORD-010995",155.41,394.78,208.0,193.9,6,6,1512.0 Wh,DRV-0675,3,1512.0
RTE-00397,VEH-0608,Truck,2025-04-15,ORD-012998,145.35,137.28,545.3,277.5,1,1,777.0 Wh,DRV-0696,11,777.0
RTE-00398,VEH-0446,Van,2024-04-10,"ORD-013230,ORD-006931,ORD-011735,ORD-014713,ORD-010687,ORD-000562,ORD-000061,ORD-007754,ORD-007432",132.78,,175.3,539.2,9,9,15.71 L,DRV-0476,12,15.71
RTE-00399,VEH-0647,Truck,2024-11-14,ORD-010595,380.32,248.48,607.1,39.8,1,0,54.09,DRV-0893,14,54.09
RTE-00400,VEH-0193,Bike,2024-12-03,"ORD-003696,ORD-011231,ORD-012920",350.98,382.38,326.8,742.4,3,3,25.74,DRV-0003,11,25.74
RTE-00401,VEH-0295,Bike,2024-05-19,"ORD-001126,ORD-013750",42.83,,647.1,393.8,2,2,2139.0 Wh,DRV-0266,11,2139.0
RTE-00402,VEH-0039,Drone,2024-12-03,"ORD-008583,ORD-013051,ORD-009391,ORD-000935,ORD-013560,ORD-002169,ORD-014275,ORD-008357,ORD-002563",323.76,7.98,342.5,655.1,9,9,5.91 L,,9,5.91
RTE-00403,VEH-0219,Bike,2024-10-26,"ORD-012204,ORD-010094,ORD-004996",390.97,237.04,494.4,294.0,3,3,38.44 L,DRV-0370,7,38.44
RTE-00404,VEH-0302,Bike,2024-07-09,"ORD-004925,ORD-002334,ORD-011610,ORD-013482,ORD-001168",335.75,367.01,453.2,789.5,5,5,586.0 Wh,DRV-0378,3,586.0
RTE-00405,VEH-0359,Bike,2024-05-26,"ORD-004829,ORD-006355,ORD-003195",414.27,63.36,609.7,608.9,3,3,7.39,DRV-0184,8,7.39
RTE-00406,VEH-0074,Drone,2024-04-06,"ORD-001274,ORD-010891,ORD-002274,ORD-014617,ORD-006729,ORD-014196,ORD-010267,ORD-007846",321.3,430.93,225.7,477.2,8,8,34.02 L,,10,34.02
RTE-00407,VEH-0540,Van,2024-10-26,"ORD-004265,ORD-000156,ORD-009710,ORD-006794,ORD-009711",294.55,419.08,520.5,793.0,5,5,44.02 L,DRV-0078,5,44.02
RTE-00408,VEH-0166,Bike,2025-05-16,ORD-007631,221.2,388.66,89.1,351.7,1,1,22.05 L,DRV-0814,3,22.05
RTE-00409,VEH-0669,Truck,2025-05-15,ORD-003362,353.86,304.97,286.2,535.7,1,1,59.79 L,DRV-0283,9,59.79
RTE-00410,VEH-0123,Drone,2024-12-07,ORD-013916,4.19,207.78,645.8,696.3,1,1,655.0 Wh,,12,655.0
RTE-00411,VEH-0482,Van,2024-07-24,"ORD-014706,ORD-002337,ORD-013684,ORD-012567",148.1,414.37,122.6,647.5,4,4,38.52 L,DRV-0333,11,38.52
RTE-00412,VEH-0275,Bike,2024-01-15,"ORD-002490,ORD-007612,ORD-003660,ORD-009275,ORD-001291,ORD-008107,ORD-014391,ORD-004286,ORD-001721",298.27,223.24,358.5,693.1,9,9,1961.0 Wh,DRV-0630,10,1961.0
RTE-00413,VEH-0067,Drone,2025-04-24,"ORD-008119,ORD-005080",176.34,231.56,579.2,81.7,2,0,17.62,,13,17.62
RTE-00414,VEH-0657,Truck,2024-11-22,"ORD-006101,ORD-001383,ORD-001641,ORD-009117,ORD-009638",146.75,428.1,624.1,456.1,5,4,49.89 L,DRV-0181,10,49.89
RTE-00415,VEH-0463,Van,2025-05-02,"ORD-012097,ORD-011795,ORD-006774,ORD-003565,ORD-004782,ORD-002787",123.01,178.86,575.2,744.4,6,6,18.06 L,DRV-0488,6,18.06
RTE-00416,VEH-0535,Van,2024-09-28,"ORD-004639,ORD-007587,ORD-005176",70.18,341.1,597.1,492.2,3,3,612.0 Wh,DRV-0403,14,612.0
RTE-00417,VEH-0334,Bike,2024-12-06,"ORD-007498,ORD-002332,ORD-012941",405.49,,332.0,562.8,3,3,401.0 Wh,DRV-0724,5,401.0
RTE-00418,VEH-0230,Bike,2025-06-20,"ORD-013926,ORD-008721,ORD-012528,ORD-005250,ORD-011333,ORD-005564",389.49,361.55,337.0,792.7,6,6,1769.0 Wh,DRV-0381,3,1769.0
RTE-00419,VEH-0304,Bike,2024-06-18,"ORD-010180,ORD-006607,ORD-003707",342.53,172.84,299.9,24.5,3,3,22.56 L,DRV-0035,3,22.56
RTE-00420,VEH-0119,Drone,2024-12-08,"ORD-004738,ORD-000633,ORD-005918,ORD-005373,ORD-001310,ORD-002854,ORD-000781,ORD-003325",348.44,245.65,389.3,542.1,8,8,0.52,,0,0.52
RTE-00421,VEH-0098,Drone,2025-04-13,"ORD-009464,ORD-008691,ORD-008705",349.38,458.19,533.9,767.3,3,2,7.25,,10,7.25
RTE-00422,VEH-0412,Van,2025-06-05,"ORD-010062,ORD-000547,ORD-006101,ORD-009789,ORD-011479,ORD-004967,ORD-013328,ORD-013020",238.81,174.55,291.0,688.9,8,8,16.05,DRV-0111,5,16.05
RTE-00423,VEH-0323,Bike,2025-06-30,"ORD-013086,ORD-002371",205.81,355.54,541.4,24.9,2,2,53.62 L,DRV-0445,3,53.62
RTE-00424,VEH-0562,Van,2024-03-29,ORD-005666,104.03,221.3,363.0,581.4,1,1,811.0 Wh,DRV-0430,4,811.0
RTE-00425,VEH-0457,Van,2024-01-22,ORD-009454,294.02,428.71,605.8,516.8,1,1,47.35,DRV-0299,0,47.35
RTE-00426,VEH-0216,Bike,2024-12-02,"ORD-009143,ORD-007768,ORD-014690,ORD-006341,ORD-014346",95.18,408.72,500.5,605.9,5,4,847.0 Wh,DRV-0462,6,847.0
RTE-00427,VEH-0629,Truck,2024-09-23,"ORD-003284,ORD-006088,ORD-003827,ORD-000019,ORD-001349,ORD-010990,ORD-004812,ORD-010835,ORD-011998",367.58,184.43,56.1,32.3,9,8,16.04,DRV-0232,7,16.04
RTE-00428,VEH-0640,Truck,2024-03-07,"ORD-003383,ORD-014843,ORD-005642,ORD-009336,ORD-007475,ORD-002594",258.44,229.43,266.8,636.2,6,6,24.77,DRV-0599,8,24.77
RTE-00429,VEH-0698,Truck,2025-05-28,"ORD-008543,ORD-009983,ORD-011848",53.06,,232.1,226.4,3,3,47.81 L,DRV-0267,14,47.81
RTE-00430,VEH-0341,Bike,2024-05-15,"ORD-000411,ORD-001506",119.85,3.78,535.6,56.2,2,2,18.47,DRV-0076,4,18.47
RTE-00431,VEH-0530,Van,2025-02-09,"ORD-005190,ORD-003680,ORD-014749,ORD-007713,ORD-005274,ORD-002049",389.01,135.73,294.9,723.4,6,6,51.86,DRV-0757,10,51.86
RTE-00432,VEH-0195,Bike,2024-01-30,"ORD-013422,ORD-007972,ORD-006349",250.77,94.85,492.5,674.0,3,3,32.74,DRV-0518,14,32.74
RTE-00433,VEH-0331,Bike,2024-04-29,"ORD-004875,ORD-010014,ORD-002446,ORD-001437",31.69,251.04,521.0,641.3,4,4,1771.0 Wh,DRV-0429,6,1771.0
RTE-00434,VEH-0439,Van,2025-06-18,"ORD-008326,ORD-003497",401.17,171.85,279.2,169.7,2,2,39.02,DRV-0405,8,39.02
RTE-00435,VEH-0424,Van,2024-07-25,"ORD-001659,ORD-004299,ORD-012280,ORD-000553,ORD-007342,ORD-014955,ORD-009635,ORD-013087",45.16,8.55,50.5,458.7,8,8,46.07 L,DRV-0226,9,46.07
RTE-00436,VEH-0383,Bike,2024-09-20,"ORD-014830,ORD-003648,ORD-009734,ORD-012672,ORD-008068,ORD-011353,ORD-013181,ORD-009874,ORD-012089",307.8,268.53,659.9,539.4,9,9,1896.0 Wh,DRV-0257,3,1896.0
RTE-00437,VEH-0059,Drone,2024-06-10,"ORD-006865,ORD-007377,ORD-006607,ORD-003889,ORD-002072",258.51,100.48,568.3,226.5,5,5,1949.0 Wh,,11,1949.0
RTE-00438,VEH-0694,Truck,2025-03-28,"ORD-005241,ORD-013660,ORD-011954,ORD-002335,ORD-014274,ORD-014244,ORD-011592,ORD-000339",312.99,7.58,454.0,160.5,8,8,15.42 L,DRV-0338,7,15.42
RTE-00439,VEH-0268,Bike,2025-04-18,"ORD-009778,ORD-002436,ORD-004813",343.58,,32.3,331.5,3,3,18.87,DRV-0310,7,18.87
RTE-00440,VEH-0697,Truck,2024-12-17,"ORD-001466,ORD-014822,ORD-006459,ORD-003928,ORD-009789,ORD-000575,ORD-009090,ORD-000088,ORD-002355",363.81,209.41,583.9,106.0,9,9,42.57 L,DRV-0070,13,42.57
RTE-00441,VEH-0430,Van,2025-06-24,"ORD-008286,ORD-014215,ORD-001243,ORD-013890",168.28,346.42,35.2,576.1,4,4,8.11 L,DRV-0384,6,8.11
RTE-00442,VEH-0538,Van,2025-05-02,"ORD-014369,ORD-007117,ORD-003498",291.28,187.55,304.5,175.2,3,3,508.0 Wh,DRV-0108,0,508.0
RTE-00443,VEH-0128,Drone,2024-11-25,ORD-010934,52.18,322.8,215.8,668.9,1,1,33.63 L,,5,33.63
RTE-00444,VEH-0594,Truck,2025-03-05,"ORD-005132,ORD-004180,ORD-014946",325.58,53.98,644.4,263.4,3,3,1452.0 Wh,DRV-0176,8,1452.0
RTE-00445,VEH-0135,Drone,2024-12-26,"ORD-005212,ORD-001808,ORD-003196,ORD-005083",259.7,224.22,412.7,534.5,4,3,15.67 L,,8,15.67
RTE-00446,VEH-0460,Van,2024-05-21,"ORD-005258,ORD-001282",393.17,349.21,300.6,294.1,2,2,19.42,DRV-0003,4,19.42
RTE-00447,VEH-0698,Truck,2024-10-30,"ORD-002677,ORD-006667,ORD-010991,ORD-009501,ORD-000611,ORD-005458",368.44,184.35,242.7,569.7,6,6,20.45,DRV-0763,3,20.45
RTE-00448,VEH-0259,Bike,2024-04-04,"ORD-002739,ORD-000725",319.22,77.01,84.3,742.8,2,2,14.43,DRV-0738,4,14.43
RTE-00449,VEH-0161,Bike,2025-06-10,"ORD-006397,ORD-011064,ORD-002013,ORD-008845,ORD-003740,ORD-008840,ORD-013966,ORD-001745,ORD-005009",366.09,141.0,367.2,176.5,9,9,8.95 L,DRV-0109,4,8.95
RTE-00450,VEH-0628,Truck,2024-04-28,ORD-002558,265.08,437.22,469.7,485.8,1,1,32.84,DRV-0417,6,32.84
RTE-00451,VEH-0594,Truck,2024-08-26,ORD-005317,10.65,262.04,226.1,443.1,1,1,1313.0 Wh,DRV-0373,7,1313.0
RTE-00452,VEH-0529,Van,2025-02-20,"ORD-009715,ORD-009835,ORD-006198,ORD-014391,ORD-004930,ORD-012360,ORD-007409,ORD-014866,ORD-011234",320.16,455.56,207.2,469.7,9,9,18.64 L,DRV-0746,12,18.64
RTE-00453,VEH-0487,Van,2024-10-31,"ORD-012024,ORD-007632,ORD-014582,ORD-013865,ORD-006808,ORD-010242",87.47,101.13,557.7,363.9,6,6,13.36 L,DRV-0092,12,13.36
RTE-00454,VEH-0397,Bike,2024-05-04,"ORD-000785,ORD-011235,ORD-013498,ORD-007372,ORD-003439,ORD-013954,ORD-009103,ORD-014176,ORD-013713",123.41,180.92,441.8,206.2,9,9,37.95,DRV-0454,8,37.95
RTE-00455,VEH-0174,Bike,2024-06-04,"ORD-008077,ORD-005872,ORD-014234",108.72,319.01,143.3,660.3,3,3,33.94 L,DRV-0670,7,33.94
RTE-00456,VEH-0386,Bike,2025-03-25,ORD-006151,264.22,37.58,140.1,201.1,1,1,33.63 L,DRV-0034,12,33.63
RTE-00457,VEH-0476,Van,2024-05-28,"ORD-013980,ORD-001017,ORD-006878,ORD-009185,ORD-013785",303.1,9.08,32.1,731.7,5,5,1.51,DRV-0758,14,1.51
RTE-00458,VEH-0511,Van,2024-01-17,"ORD-014701,ORD-010260,ORD-006641,ORD-005770",49.09,328.89,453.2,299.8,4,4,7.6 L,DRV-0657,6,7.6
RTE-00459,VEH-0477,Van,2024-03-18,"ORD-010413,ORD-005260,ORD-008128",284.34,414.66,73.3,399.6,3,3,24.64,DRV-0153,5,24.64
RTE-00460,VEH-0024,Drone,2024-05-09,"ORD-008681,ORD-009704,ORD-010284",215.46,105.15,515.0,628.5,3,3,2057.0 Wh,,8,2057.0
RTE-00461,VEH-0589,Truck,2025-03-05,"ORD-001608,ORD-012029,ORD-002016,ORD-002328,ORD-008467,ORD-002117,ORD-006316,ORD-010774",35.87,222.18,498.5,247.1,8,8,909.0 Wh,DRV-0470,6,909.0
RTE-00462,VEH-0661,Truck,2025-05-08,"ORD-013965,ORD-005641,ORD-004888,ORD-001399,ORD-003819,ORD-008911,ORD-000688",408.68,43.73,367.4,76.1,7,7,2.68,DRV-0614,11,2.68
RTE-00463,VEH-0420,Van,2024-03-13,"ORD-000817,ORD-014738,ORD-012976,ORD-009383,ORD-013699,ORD-006688",108.3,64.68,256.7,164.2,6,6,1867.0 Wh,DRV-0246,14,1867.0
RTE-00464,VEH-0032,Drone,2024-12-11,"ORD-008701,ORD-007887,ORD-014927,ORD-014395,ORD-005526,ORD-007653,ORD-002374,ORD-014217,ORD-013877",370.64,443.65,522.8,583.0,9,9,348.0 Wh,,6,348.0
RTE-00465,VEH-0475,Van,2025-03-19,"ORD-007869,ORD-007601,ORD-013026,ORD-014446,ORD-009296,ORD-010816,ORD-003598",110.6,434.06,34.6,437.4,7,7,2071.0 Wh,DRV-0069,4,2071.0
RTE-00466,VEH-0192,Bike,2024-11-12,"ORD-014952,ORD-005803,ORD-005997,ORD-013521,ORD-005321,ORD-010946",382.49,349.05,490.8,548.0,6,4,21.5,DRV-0720,8,21.5
RTE-00467,VEH-0087,Drone,2024-05-26,"ORD-004682,ORD-012451,ORD-004374,ORD-002464,ORD-012560,ORD-005021,ORD-006527",374.8,311.68,126.7,179.3,7,7,33.37,,5,33.37
RTE-00468,VEH-0382,Bike,2024-04-24,"ORD-001161,ORD-012228",250.0,259.69,566.0,606.6,2,2,47.71 L,DRV-0734,14,47.71
RTE-00469,VEH-0630,Truck,2025-05-13,"ORD-005647,ORD-006166,ORD-014662,ORD-012168,ORD-014141,ORD-000440,ORD-001615,ORD-000470,ORD-006150",11.19,,616.7,217.7,9,8,712.0 Wh,DRV-0462,7,712.0
RTE-00470,VEH-0275,Bike,2024-11-20,"ORD-010933,ORD-013164,ORD-000666",249.73,50.43,543.4,285.9,3,3,989.0 Wh,DRV-0579,5,989.0
RTE-00471,VEH-0097,Drone,2024-01-20,"ORD-011314,ORD-013295,ORD-010224,ORD-011321,ORD-003424,ORD-014209,ORD-001555",98.58,30.33,434.3,475.8,7,7,36.28,,5,36.28
RTE-00472,VEH-0299,Bike,2024-11-21,"ORD-012312,ORD-011603,ORD-003307,ORD-005745,ORD-006309",304.03,,147.7,546.6,5,3,44.69,DRV-0813,4,44.69
RTE-00473,VEH-0366,Bike,2024-12-18,ORD-011101,308.22,50.43,469.4,456.1,1,1,14.2,DRV-0385,0,14.2
RTE-00474,VEH-0004,Drone,2025-01-21,"ORD-003837,ORD-003593,ORD-006087",279.08,361.01,33.1,668.8,3,3,31.03 L,,9,31.03
RTE-00475,VEH-0032,Drone,2024-04-27,"ORD-013752,ORD-002351,ORD-007889,ORD-003499,ORD-003180,ORD-007451,ORD-014204,ORD-009652",372.78,,557.5,399.8,8,8,34.89,,10,34.89
RTE-00476,VEH-0454,Van,2024-05-04,"ORD-012986,ORD-004310,ORD-001499,ORD-008108,ORD-010994,ORD-013827,ORD-012120,ORD-014538,ORD-009105",18.98,,60.3,206.6,9,9,266.0 Wh,DRV-0593,5,266.0
RTE-00477,VEH-0551,Van,2024-03-14,"ORD-010106,ORD-008975,ORD-002244,ORD-012418,ORD-014144",292.77,310.18,543.9,643.8,5,5,1440.0 Wh,DRV-0557,5,1440.0
RTE-00478,VEH-0365,Bike,2024-07-18,"ORD-011576,ORD-009401",185.0,136.43,136.9,234.1,2,2,29.95 L,DRV-0041,5,29.95
RTE-00479,VEH-0001,Drone,2025-03-27,"ORD-011216,ORD-008527,ORD-012577,ORD-004514,ORD-011455,ORD-011949,ORD-000194,ORD-010538,ORD-011999",306.84,433.11,70.9,116.8,9,9,35.65,,4,35.65
RTE-00480,VEH-0516,Van,2024-07-25,"ORD-008646,ORD-003794,ORD-011992,ORD-011437",15.91,354.35,588.1,405.0,4,4,44.67,DRV-0556,4,44.67
RTE-00481,VEH-0494,Van,2024-04-24,"ORD-014884,ORD-007054,ORD-006211,ORD-000450,ORD-012038,ORD-000806",165.97,199.81,422.6,33.6,6,6,300.0 Wh,DRV-0410,3,300.0
RTE-00482,VEH-0570,Van,2024-08-08,"ORD-011953,ORD-001774,ORD-003885,ORD-012143,ORD-002749,ORD-007622,ORD-014136,ORD-007023,ORD-011533",251.18,424.97,464.9,650.4,9,9,643.0 Wh,DRV-0050,8,643.0
RTE-00483,VEH-0109,Drone,2024-09-30,"ORD-000677,ORD-006062,ORD-010528,ORD-004224,ORD-010864,ORD-010484,ORD-010413",16.86,233.89,644.0,502.0,7,7,53.76 L,,6,53.76
RTE-00484,VEH-0296,Bike,2025-03-29,"ORD-005609,ORD-008136,ORD-010221,ORD-002456,ORD-005880,ORD-007611,ORD-014281,ORD-014267,ORD-013455",122.03,3.95,66.3,259.3,9,9,17.72 L,DRV-0203,6,17.72
RTE-00485,VEH-0397,Bike,2024-05-16,"ORD-005080,ORD-012170,ORD-002769,ORD-014373,ORD-011134,ORD-012917,ORD-010043,ORD-013322,ORD-009439",110.55,186.68,75.1,710.7,9,9,51.67,DRV-0094,5,51.67
RTE-00486,VEH-0630,Truck,2025-04-22,"ORD-012440,ORD-010699,ORD-000893,ORD-011951,ORD-004285,ORD-009868",84.56,341.44,229.8,424.6,6,6,31.93,DRV-0162,8,31.93
RTE-00487,VEH-0099,Drone,2024-12-10,"ORD-005978,ORD-005601",305.31,31.48,498.2,419.0,2,2,24.56 L,,9,24.56
RTE-00488,VEH-0084,Drone,2025-06-22,"ORD-005656,ORD-001230,ORD-010940,ORD-008695,ORD-009922,ORD-013127,ORD-000886,ORD-010425",333.59,275.31,261.2,339.6,8,8,656.0 Wh,,4,656.0
RTE-00489,VEH-0375,Bike,2025-04-19,"ORD-001748,ORD-012093,ORD-006637,ORD-000785",4.52,291.78,493.4,382.0,4,4,857.0 Wh,DRV-0141,14,857.0
RTE-00490,VEH-0681,Truck,2024-02-12,"ORD-014986,ORD-005730,ORD-007855,ORD-004380",58.42,220.49,689.5,341.5,4,4,20.85 L,DRV-0059,10,20.85
RTE-00491,VEH-0635,Truck,2025-04-20,"ORD-014990,ORD-013857,ORD-013902,ORD-001582,ORD-005525,ORD-004962",8.38,54.13,324.1,405.8,6,6,2198.0 Wh,DRV-0169,9,2198.0
RTE-00492,VEH-0380,Bike,2024-02-29,"ORD-002244,ORD-004797",287.92,148.55,387.9,401.0,2,2,25.97,DRV-0403,11,25.97
RTE-00493,VEH-0494,Van,2024-03-11,ORD-001544,275.63,85.36,575.8,771.1,1,1,14.87,DRV-0782,11,14.87
RTE-00494,VEH-0536,Van,2024-09-25,"ORD-005559,ORD-003413,ORD-011976,ORD-014711,ORD-011189",49.48,201.65,337.9,135.6,5,5,18.54,DRV-0134,3,18.54
RTE-00495,VEH-0450,Van,2025-01-03,"ORD-006668,ORD-000092,ORD-001920",198.7,212.04,453.8,31.8,3,3,1295.0 Wh,DRV-0124,8,1295.0
RTE-00496,VEH-0492,Van,2025-05-23,"ORD-003174,ORD-000524,ORD-013699,ORD-013033,ORD-003838,ORD-003852,ORD-010430",215.0,19.58,552.8,84.2,7,7,574.0 Wh,DRV-0033,3,574.0
RTE-00497,VEH-0047,Drone,2024-02-17,"ORD-014438,ORD-012806,ORD-011599,ORD-006399,ORD-009757,ORD-004537",17.28,287.38,682.6,296.7,6,6,1096.0 Wh,,9,1096.0
RTE-00498,VEH-0035,Drone,2025-04-19,"ORD-008453,ORD-009090,ORD-007261,ORD-011026,ORD-011816,ORD-011139,ORD-002694,ORD-011436",195.96,157.22,420.3,618.1,8,7,1016.0 Wh,,10,1016.0
RTE-00499,VEH-0244,Bike,2024-12-31,"ORD-002393,ORD-002316,ORD-006760,ORD-000894",367.82,234.06,263.6,350.4,4,4,14.23 L,DRV-0465,11,14.23
RTE-00500,VEH-0303,Bike,2024-11-03,"ORD-013170,ORD-008669,ORD-014555,ORD-014859,ORD-006998,ORD-008009,ORD-005066,ORD-014405,ORD-010142",99.63,26.98,635.9,17.4,9,8,1832.0 Wh,DRV-0344,6,1832.0
RTE-00501,VEH-0009,Drone,2024-08-04,"ORD-010266,ORD-011272,ORD-006952,ORD-009214,ORD-007556,ORD-014106,ORD-014068,ORD-007091,ORD-010671",264.17,186.57,602.9,292.0,9,9,34.77,,13,34.77
RTE-00502,VEH-0551,Van,2025-06-18,"ORD-006375,ORD-000970,ORD-008399,ORD-013844",371.98,256.9,416.9,290.1,4,4,32.9,DRV-0822,6,32.9
RTE-00503,VEH-0063,Drone,2024-05-07,"ORD-009629,ORD-013395,ORD-005790,ORD-003380,ORD-013628,ORD-010277,ORD-004772",340.05,108.39,516.4,523.4,7,7,16.75,,7,16.75
RTE-00504,VEH-0583,Truck,2024-12-25,"ORD-004155,ORD-010669,ORD-000613",207.67,398.84,98.0,122.0,3,3,15.99 L,DRV-0343,13,15.99
RTE-00505,VEH-0535,Van,2025-01-28,"ORD-002025,ORD-013623,ORD-011959,ORD-013833,ORD-000505,ORD-004774,ORD-001406,ORD-001560",127.92,323.18,26.1,390.9,8,8,302.0 Wh,DRV-0572,3,302.0
RTE-00506,VEH-0370,Bike,2025-04-13,"ORD-012277,ORD-008496,ORD-013068,ORD-014126,ORD-014814,ORD-003758,ORD-001313,ORD-008832",118.18,391.33,645.6,471.8,8,8,382.0 Wh,DRV-0587,14,382.0
RTE-00507,VEH-0529,Van,2024-02-24,"ORD-006040,ORD-002628,ORD-007674",30.85,51.11,534.7,357.3,3,3,59.83 L,DRV-0392,9,59.83
RTE-00508,VEH-0190,Bike,2024-01-25,"ORD-002697,ORD-004613,ORD-001086",151.55,215.64,187.1,427.8,3,2,25.53,DRV-0052,4,25.53
RTE-00509,VEH-0530,Van,2024-02-01,"ORD-009007,ORD-009080,ORD-004139,ORD-013026,ORD-005457,ORD-008372",181.46,454.96,203.3,98.9,6,6,1475.0 Wh,DRV-0069,14,1475.0
RTE-00510,VEH-0258,Bike,2024-06-14,"ORD-014236,ORD-007033,ORD-014711,ORD-001060",363.81,41.45,222.3,161.9,4,2,45.39 L,DRV-0444,11,45.39
RTE-00511,VEH-0112,Drone,2024-08-02,"ORD-009787,ORD-003912,ORD-011677,ORD-002735,ORD-001301,ORD-004309,ORD-011259",130.68,260.23,288.7,34.1,7,6,334.0 Wh,,13,334.0
RTE-00512,VEH-0353,Bike,2024-06-24,"ORD-001835,ORD-008044,ORD-010507,ORD-006388,ORD-010014,ORD-006275",286.71,364.12,347.3,510.4,6,6,34.43 L,DRV-0727,11,34.43
RTE-00513,VEH-0570,Van,2024-06-28,"ORD-003082,ORD-014506,ORD-002154,ORD-011075,ORD-002072,ORD-002583,ORD-012741",166.09,434.17,427.6,460.9,7,7,52.57,DRV-0529,10,52.57
RTE-00514,VEH-0471,Van,2024-10-03,"ORD-013661,ORD-004645,ORD-000581,ORD-000067,ORD-009877",53.0,364.04,690.7,706.3,5,5,1101.0 Wh,DRV-0248,9,1101.0
RTE-00515,VEH-0020,Drone,2024-01-24,"ORD-013954,ORD-000297,ORD-006853,ORD-013611,ORD-013442,ORD-006644,ORD-011180",226.77,455.16,264.0,128.6,7,6,56.59,,13,56.59
RTE-00516,VEH-0267,Bike,2024-09-22,"ORD-005644,ORD-011762,ORD-011987,ORD-006796",37.6,437.51,255.0,737.9,4,4,2116.0 Wh,DRV-0152,12,2116.0
RTE-00517,VEH-0564,Van,2025-01-24,ORD-014312,398.77,7.47,417.2,559.0,1,0,9.92,DRV-0105,9,9.92
RTE-00518,VEH-0135,Drone,2025-01-17,"ORD-014837,ORD-010569,ORD-008078,ORD-003384,ORD-005614,ORD-011209,ORD-005189",246.28,392.91,580.2,97.8,7,7,56.48 L,,11,56.48
RTE-00519,VEH-0617,Truck,2024-08-06,"ORD-008678,ORD-014785,ORD-014304,ORD-011138,ORD-003445,ORD-004488,ORD-014309,ORD-009564",111.44,300.0,91.7,271.7,8,8,1326.0 Wh,DRV-0654,5,1326.0
RTE-00520,VEH-0324,Bike,2024-09-15,"ORD-008842,ORD-003017,ORD-007564,ORD-008858,ORD-008662,ORD-004510,ORD-008966,ORD-011558,ORD-008784",5.58,197.5,267.1,295.5,9,9,1147.0 Wh,DRV-0623,13,1147.0
RTE-00521,VEH-0254,Bike,2024-08-31,"ORD-010328,ORD-008373,ORD-008174,ORD-005558",42.93,319.44,186.1,207.7,4,4,15.93,DRV-0499,14,15.93
RTE-00522,VEH-0431,Van,2025-01-28,"ORD-005987,ORD-004955,ORD-003268,ORD-007846,ORD-002164",44.68,118.18,317.6,642.4,5,5,2032.0 Wh,DRV-0875,8,2032.0
RTE-00523,VEH-0040,Drone,2024-01-29,"ORD-001624,ORD-003952,ORD-004808",173.43,262.4,386.6,19.5,3,3,15.57,,8,15.57
RTE-00524,VEH-0599,Truck,2024-07-23,"ORD-002579,ORD-012457,ORD-002713,ORD-012588,ORD-001515,ORD-014292",214.6,9.84,640.3,447.0,6,6,828.0 Wh,DRV-0316,11,828.0
RTE-00525,VEH-0665,Truck,2025-01-01,"ORD-001063,ORD-002367,ORD-001836",337.63,38.03,273.4,350.4,3,2,32.49,DRV-0169,4,32.49
RTE-00526,VEH-0191,Bike,2024-04-15,"ORD-007866,ORD-008254",284.25,31.91,26.1,639.1,2,2,379.0 Wh,DRV-0014,13,379.0
RTE-00527,VEH-0509,Van,2024-11-10,"ORD-011683,ORD-004358,ORD-000058,ORD-012762,ORD-005671,ORD-008665,ORD-007757",230.68,191.04,690.4,496.2,7,7,20.61 L,DRV-0381,9,20.61
RTE-00528,VEH-0520,Van,2024-09-03,"ORD-014530,ORD-002964,ORD-001271,ORD-004631",339.62,167.12,574.3,607.8,4,4,24.31 L,DRV-0158,6,24.31
RTE-00529,VEH-0085,Drone,2024-12-09,"ORD-008459,ORD-006957,ORD-001567,ORD-011201,ORD-002502,ORD-000581,ORD-008256,ORD-012268,ORD-013418",93.47,10.14,561.4,307.2,9,9,1357.0 Wh,,9,1357.0
RTE-00530,VEH-0140,Drone,2024-08-01,"ORD-007783,ORD-006412,ORD-004966,ORD-012499,ORD-003156,ORD-009032",13.99,434.39,287.2,159.6,6,6,58.19 L,,7,58.19
RTE-00531,VEH-0080,Drone,2024-05-08,"ORD-001593,ORD-013315,ORD-002774,ORD-006910,ORD-004290",6.73,277.68,475.5,297.5,5,5,4.49,,5,4.49
RTE-00532,VEH-0004,Drone,2024-08-28,"ORD-014191,ORD-010724,ORD-011139,ORD-000039,ORD-002376",143.61,239.29,346.7,731.2,5,5,17.98,,8,17.98
RTE-00533,VEH-0489,Van,2024-01-06,"ORD-004345,ORD-011657",15.45,268.16,538.0,302.1,2,2,2112.0 Wh,DRV-0533,5,2112.0
RTE-00534,VEH-0189,Bike,2024-11-25,"ORD-004387,ORD-008966,ORD-002448,ORD-010985,ORD-010315,ORD-004916,ORD-006825,ORD-010383,ORD-013506",150.27,356.56,658.6,144.2,9,9,9.49 L,DRV-0838,11,9.49
RTE-00535,VEH-0075,Drone,2025-05-23,"ORD-006236,ORD-013373,ORD-013494,ORD-004173,ORD-009023",239.59,408.02,686.7,554.7,5,4,1475.0 Wh,,11,1475.0
RTE-00536,VEH-0060,Drone,2024-10-20,"ORD-005958,ORD-006549",373.62,223.03,497.9,365.0,2,2,58.47 L,,4,58.47
RTE-00537,VEH-0284,Bike,2024-03-12,"ORD-005911,ORD-013039,ORD-000901,ORD-009161,ORD-001288,ORD-004231,ORD-003367,ORD-006533,ORD-009291",113.01,242.77,662.6,169.9,9,9,2139.0 Wh,DRV-0470,11,2139.0
RTE-00538,VEH-0445,Van,2025-06-17,"ORD-009952,ORD-007447,ORD-003796,ORD-008566,ORD-004164,ORD-007227,ORD-005944,ORD-008989,ORD-010633",178.62,300.27,595.1,550.3,9,9,697.0 Wh,DRV-0018,9,697.0
RTE-00539,VEH-0484,Van,2024-08-11,ORD-010061,390.05,331.13,398.7,171.4,1,1,1155.0 Wh,DRV-0423,7,1155.0
RTE-00540,VEH-0180,Bike,2025-06-17,"ORD-002234,ORD-001042,ORD-002444",61.4,80.94,39.6,66.5,3,3,46.95,DRV-0355,7,46.95
RTE-00541,VEH-0571,Van,2024-09-21,"ORD-014020,ORD-004510,ORD-005246",49.7,263.06,476.5,644.9,3,3,34.02 L,DRV-0862,7,34.02
RTE-00542,VEH-0454,Van,2024-04-08,"ORD-010605,ORD-005718,ORD-005519,ORD-009965",401.46,148.46,642.5,482.6,4,4,51.76 L,DRV-0314,4,51.76
RTE-00543,VEH-0668,Truck,2024-09-21,ORD-005549,156.51,416.21,654.4,57.2,1,1,431.0 Wh,DRV-0737,0,431.0
RTE-00544,VEH-0691,Truck,2025-03-30,"ORD-009525,ORD-013376,ORD-001171,ORD-009251,ORD-014620,ORD-014855,ORD-006072",148.79,125.01,364.2,774.5,7,7,288.0 Wh,DRV-0736,4,288.0
RTE-00545,VEH-0082,Drone,2024-03-11,"ORD-005047,ORD-014178,ORD-009792,ORD-000656",365.6,23.49,347.3,134.7,4,4,45.51 L,,8,45.51
RTE-00546,VEH-0338,Bike,2024-03-28,"ORD-011475,ORD-012249",401.67,19.13,637.2,798.7,2,2,4.34,DRV-0864,10,4.34
RTE-00547,VEH-0418,Van,2024-07-20,"ORD-001786,ORD-013066,ORD-004191,ORD-009628",61.52,323.93,33.7,430.6,4,4,39.88,DRV-0609,11,39.88
RTE-00548,VEH-0050,Drone,2024-01-16,"ORD-013534,ORD-004373,ORD-011632,ORD-008965,ORD-004967,ORD-004710,ORD-011909,ORD-010574",370.04,135.64,138.0,541.0,8,8,6.4 L,,14,6.4
RTE-00549,VEH-0001,Drone,2024-12-03,ORD-005388,145.94,,160.2,382.1,1,1,502.0 Wh,,14,502.0
RTE-00550,VEH-0415,Van,2024-04-26,ORD-008761,266.22,138.97,281.8,713.7,1,1,25.47 L,DRV-0293,7,25.47
RTE-00551,VEH-0465,Van,2024-05-04,"ORD-010996,ORD-004062,ORD-005214,ORD-002927,ORD-000842,ORD-011415",349.35,429.58,578.1,106.6,6,6,50.12,DRV-0425,8,50.12
RTE-00552,VEH-0469,Van,2025-04-14,"ORD-012016,ORD-001001,ORD-005157,ORD-010571,ORD-003687",157.77,300.48,138.2,498.1,5,3,55.61,DRV-0087,5,55.61
RTE-00553,VEH-0170,Bike,2024-06-10,"ORD-012195,ORD-004532,ORD-002921,ORD-007546,ORD-003061",288.28,25.44,656.3,117.5,5,5,46.89,DRV-0643,3,46.89
RTE-00554,VEH-0073,Drone,2025-05-11,"ORD-009954,ORD-007586,ORD-001921,ORD-011120,ORD-006691,ORD-005345,ORD-012302,ORD-013808",370.1,34.38,223.9,145.7,8,6,12.16,,4,12.16
RTE-00555,VEH-0024,Drone,2025-06-20,"ORD-011739,ORD-000297,ORD-000215,ORD-013352,ORD-005612",107.93,313.31,22.0,26.5,5,5,2007.0 Wh,,7,2007.0
RTE-00556,VEH-0465,Van,2024-12-08,"ORD-004716,ORD-004319",274.69,205.53,678.7,68.5,2,2,1425.0 Wh,DRV-0285,7,1425.0
RTE-00557,VEH-0634,Truck,2025-06-05,"ORD-012512,ORD-000976,ORD-005243,ORD-006679,ORD-000915,ORD-005743,ORD-005213",293.61,50.05,540.9,543.2,7,7,893.0 Wh,DRV-0668,11,893.0
RTE-00558,VEH-0093,Drone,2024-07-13,"ORD-007097,ORD-005395",367.31,412.18,206.8,612.6,2,2,581.0 Wh,,10,581.0
RTE-00559,VEH-0430,Van,2025-06-12,"ORD-000144,ORD-004323,ORD-004745,ORD-008209",351.63,351.7,130.9,219.5,4,4,978.0 Wh,DRV-0225,5,978.0
RTE-00560,VEH-0003,Drone,2024-04-15,"ORD-009160,ORD-013283,ORD-002249,ORD-001477,ORD-007025,ORD-002007,ORD-009664,ORD-007020,ORD-006438",225.41,313.36,220.1,253.1,9,9,1699.0 Wh,,5,1699.0
RTE-00561,VEH-0063,Drone,2024-11-23,"ORD-002467,ORD-000674,ORD-012655,ORD-005806,ORD-004435,ORD-014752",203.12,273.57,477.3,514.1,6,5,30.51,,14,30.51
RTE-00562,VEH-0655,Truck,2024-05-25,"ORD-008353,ORD-014550,ORD-005589,ORD-007710,ORD-003710,ORD-005950,ORD-011177,ORD-014372",100.78,108.25,209.3,597.9,8,8,40.08 L,DRV-0644,14,40.08
RTE-00563,VEH-0112,Drone,2024-07-20,"ORD-012738,ORD-013116,ORD-002798,ORD-001577,ORD-000047,ORD-013348,ORD-000543",376.21,65.79,544.3,193.2,7,7,6.25 L,,4,6.25
RTE-00564,VEH-0622,Truck,2025-05-18,ORD-006672,278.44,73.63,522.3,167.6,1,1,1962.0 Wh,DRV-0154,6,1962.0
RTE-00565,VEH-0141,Bike,2024-06-25,"ORD-007815,ORD-011967,ORD-012343,ORD-005414,ORD-003326,ORD-002388,ORD-011316,ORD-012177",149.99,118.12,527.8,623.0,8,7,1678.0 Wh,DRV-0181,11,1678.0
RTE-00566,VEH-0020,Drone,2024-06-16,"ORD-008077,ORD-008545,ORD-003130,ORD-002296,ORD-000808,ORD-001881",61.14,119.9,284.4,565.5,6,6,7.94 L,,11,7.94
RTE-00567,VEH-0385,Bike,2024-05-30,"ORD-008330,ORD-014493",51.29,,169.4,48.7,2,2,2174.0 Wh,DRV-0636,0,2174.0
RTE-00568,VEH-0655,Truck,2024-06-12,"ORD-006376,ORD-002800,ORD-003261,ORD-011834,ORD-004575",230.88,364.54,405.5,432.7,5,5,548.0 Wh,DRV-0006,5,548.0
RTE-00569,VEH-0045,Drone,2024-03-22,"ORD-001033,ORD-011561,ORD-005581,ORD-013444,ORD-004575",189.02,,557.8,355.6,5,4,1246.0 Wh,,14,1246.0
RTE-00570,VEH-0054,Drone,2024-03-10,"ORD-008677,ORD-007151,ORD-012162,ORD-000926,ORD-014851",27.64,240.98,40.3,765.4,5,5,17.94 L,,5,17.94
RTE-00571,VEH-0445,Van,2025-06-14,"ORD-004629,ORD-010080,ORD-007920,ORD-008171,ORD-006211,ORD-012078",380.34,300.34,479.7,58.6,6,5,19.72 L,DRV-0397,7,19.72
RTE-00572,VEH-0452,Van,2024-06-26,"ORD-002936,ORD-006197,ORD-006811,ORD-008577,ORD-007599,ORD-006237",28.01,145.05,153.0,200.8,6,6,22.69 L,DRV-0284,4,22.69
RTE-00573,VEH-0481,Van,2024-01-16,ORD-004654,171.34,197.1,25.9,778.4,1,1,21.61,DRV-0344,14,21.61
RTE-00574,VEH-0693,Truck,2024-10-06,"ORD-008407,ORD-014100,ORD-009569,ORD-003142,ORD-012622,ORD-008540,ORD-005011,ORD-005568,ORD-005073",290.22,366.67,522.4,164.0,9,9,13.74,DRV-0863,14,13.74
RTE-00575,VEH-0505,Van,2025-06-08,"ORD-013211,ORD-013555",367.14,399.19,241.0,158.6,2,2,769.0 Wh,DRV-0756,11,769.0
RTE-00576,VEH-0666,Truck,2025-06-08,"ORD-010209,ORD-000188,ORD-006547,ORD-009504,ORD-001848,ORD-001870,ORD-004823,ORD-008431",194.57,10.44,214.1,785.8,8,7,258.0 Wh,DRV-0752,13,258.0
RTE-00577,VEH-0561,Van,2024-10-19,"ORD-002509,ORD-005178,ORD-013792,ORD-004704,ORD-008960,ORD-013822,ORD-004077,ORD-009414,ORD-004829",294.31,79.01,155.5,564.6,9,7,469.0 Wh,DRV-0423,0,469.0
RTE-00578,VEH-0128,Drone,2024-04-21,"ORD-013032,ORD-008891",45.52,449.11,53.9,721.1,2,1,45.82,,6,45.82
RTE-00579,VEH-0275,Bike,2024-03-06,"ORD-014063,ORD-001357,ORD-003379,ORD-002121,ORD-010093",309.1,33.6,631.7,60.7,5,5,1570.0 Wh,DRV-0800,13,1570.0
RTE-00580,VEH-0588,Truck,2025-06-15,"ORD-013766,ORD-012096,ORD-005627,ORD-007784,ORD-006204,ORD-010079,ORD-006816,ORD-010043",78.0,,632.4,490.7,8,8,26.37 L,DRV-0712,14,26.37
RTE-00581,VEH-0665,Truck,2024-04-27,"ORD-000841,ORD-007635,ORD-014421,ORD-010483,ORD-001835",267.13,15.98,594.1,550.9,5,5,24.07 L,DRV-0620,13,24.07
RTE-00582,VEH-0680,Truck,2024-03-08,ORD-008842,7.04,10.47,285.8,758.8,1,1,1690.0 Wh,DRV-0093,8,1690.0
RTE-00583,VEH-0328,Bike,2024-05-10,ORD-009440,177.79,342.7,624.2,716.2,1,0,29.81,DRV-0827,9,29.81
RTE-00584,VEH-0233,Bike,2024-11-17,"ORD-003374,ORD-014717,ORD-006575,ORD-005986,ORD-002806,ORD-003911,ORD-011766,ORD-001722",230.96,381.03,305.2,196.7,8,8,45.32,DRV-0230,4,45.32
RTE-00585,VEH-0001,Drone,2024-12-30,"ORD-004754,ORD-009312,ORD-006515,ORD-011802,ORD-000619",80.11,262.42,675.6,373.7,5,5,8.58,,13,8.58
RTE-00586,VEH-0077,Drone,2025-02-24,"ORD-000005,ORD-005967",73.06,379.53,354.6,298.5,2,2,33.69,,12,33.69
RTE-00587,VEH-0680,Truck,2025-03-10,ORD-001142,348.92,275.5,195.0,524.8,1,1,12.72,DRV-0765,9,12.72
RTE-00588,VEH-0455,Van,2024-04-24,"ORD-002540,ORD-006092,ORD-005493,ORD-012645,ORD-003553,ORD-001667,ORD-008155",78.16,109.23,188.4,263.6,7,7,23.64 L,DRV-0784,9,23.64
RTE-00589,VEH-0011,Drone,2024-04-01,"ORD-008743,ORD-012677,ORD-001132",333.81,229.11,180.4,632.3,3,3,22.17,,13,22.17
RTE-00590,VEH-0018,Drone,2025-06-24,"ORD-005486,ORD-007807,ORD-013873",366.2,93.36,294.6,709.6,3,1,31.16 L,,4,31.16
RTE-00591,VEH-0588,Truck,2024-02-02,"ORD-009401,ORD-003510,ORD-006261,ORD-000782,ORD-003259",60.68,,512.0,781.7,5,4,19.56 L,DRV-0683,13,19.56
RTE-00592,VEH-0508,Van,2024-10-18,"ORD-008328,ORD-011189,ORD-012088,ORD-008397,ORD-004923,ORD-009738",85.1,383.3,100.4,216.6,6,6,2095.0 Wh,DRV-0504,10,2095.0
RTE-00593,VEH-0576,Van,2024-06-10,"ORD-007701,ORD-005346,ORD-014448,ORD-002599,ORD-013651",294.07,438.97,388.1,86.8,5,5,1197.0 Wh,DRV-0504,11,1197.0
RTE-00594,VEH-0238,Bike,2024-06-21,"ORD-010601,ORD-006614,ORD-010909,ORD-012155,ORD-007956,ORD-001570,ORD-000724",105.5,331.08,575.2,345.3,7,6,2012.0 Wh,DRV-0465,13,2012.0
RTE-00595,VEH-0221,Bike,2025-05-10,"ORD-010311,ORD-004777,ORD-014666,ORD-013970,ORD-012381,ORD-007796,ORD-010100,ORD-013197",54.44,340.18,303.2,337.9,8,8,1910.0 Wh,DRV-0842,9,1910.0
RTE-00596,VEH-0287,Bike,2024-02-24,"ORD-014877,ORD-012268,ORD-012253,ORD-010830,ORD-010094,ORD-011333,ORD-002054,ORD-007200",67.57,337.4,670.1,504.2,8,8,53.69 L,DRV-0616,7,53.69
RTE-00597,VEH-0486,Van,2025-02-02,"ORD-000479,ORD-010108,ORD-014522",244.74,55.33,578.9,15.9,3,3,710.0 Wh,DRV-0698,8,710.0
RTE-00598,VEH-0052,Drone,2024-07-09,"ORD-008122,ORD-013228,ORD-013574,ORD-009299,ORD-003840,ORD-003844,ORD-003876,ORD-000102,ORD-000748",224.79,167.38,130.0,145.8,9,8,2.28,,5,2.28
RTE-00599,VEH-0577,Van,2024-06-30,"ORD-003709,ORD-003260,ORD-010091,ORD-002456,ORD-003671,ORD-008537,ORD-002370,ORD-005339",315.21,368.69,327.3,327.3,8,8,31.12 L,DRV-0526,9,31.12
RTE-00600,VEH-0424,Van,2024-06-24,"ORD-005363,ORD-000872,ORD-007829,ORD-004300,ORD-001115,ORD-005040,ORD-008567",93.63,416.35,606.1,302.7,7,7,649.0 Wh,DRV-0842,6,649.0
RTE-00601,VEH-0663,Truck,2024-11-14,"ORD-007102,ORD-013816,ORD-001199,ORD-003845,ORD-004564,ORD-013129",167.65,419.27,398.8,372.8,6,5,1351.0 Wh,DRV-0187,10,1351.0
RTE-00602,VEH-0538,Van,2025-05-04,"ORD-004959,ORD-014937,ORD-007086,ORD-002039,ORD-013527,ORD-007297,ORD-001656,ORD-006038",390.17,280.79,407.5,572.1,8,8,1712.0 Wh,DRV-0516,12,1712.0
RTE-00603,VEH-0036,Drone,2025-01-03,"ORD-009477,ORD-000049",8.49,34.66,520.7,706.0,2,2,36.13 L,,11,36.13
RTE-00604,VEH-0214,Bike,2024-12-26,"ORD-004780,ORD-000097,ORD-014979,ORD-013537,ORD-004492,ORD-014568,ORD-007403,ORD-002312,ORD-012584",136.16,66.61,123.4,220.4,9,9,1815.0 Wh,DRV-0341,8,1815.0
RTE-00605,VEH-0585,Truck,2024-10-21,"ORD-002807,ORD-000435,ORD-002551,ORD-012473,ORD-004777,ORD-006769,ORD-003181",74.54,,174.5,195.5,7,6,56.4,DRV-0326,8,56.4
RTE-00606,VEH-0478,Van,2025-02-09,"ORD-006043,ORD-012372,ORD-012906",8.53,156.52,200.4,42.1,3,2,16.36 L,DRV-0102,3,16.36
RTE-00607,VEH-0172,Bike,2024-01-09,"ORD-003329,ORD-013019,ORD-005298",183.11,291.98,424.5,38.6,3,3,32.65 L,DRV-0432,7,32.65
RTE-00608,VEH-0056,Drone,2025-06-26,"ORD-008325,ORD-007840",26.45,375.19,697.8,68.8,2,2,39.04,,7,39.04
RTE-00609,VEH-0596,Truck,2024-06-19,ORD-003321,356.38,15.23,71.7,690.4,1,1,903.0 Wh,DRV-0716,8,903.0
RTE-00610,VEH-0081,Drone,2024-01-07,"ORD-005475,ORD-011273,ORD-002531,ORD-004119,ORD-002079,ORD-003189,ORD-011508,ORD-008157,ORD-012368",392.4,164.33,283.7,277.6,9,9,1613.0 Wh,,6,1613.0
RTE-00611,VEH-0621,Truck,2024-05-21,"ORD-004161,ORD-010120,ORD-014596,ORD-013737,ORD-005137,ORD-001606",180.09,380.13,165.6,508.9,6,6,43.13,DRV-0217,14,43.13
RTE-00612,VEH-0220,Bike,2024-09-21,"ORD-010400,ORD-014620,ORD-006036,ORD-000875",91.79,378.03,580.1,647.0,4,4,49.45,DRV-0533,7,49.45
RTE-00613,VEH-0159,Bike,2025-02-09,"ORD-001073,ORD-009190,ORD-009017,ORD-006223,ORD-001292,ORD-008516",119.88,420.11,664.6,475.3,6,6,745.0 Wh,DRV-0098,4,745.0
RTE-00614,VEH-0371,Bike,2024-02-19,"ORD-004327,ORD-014804,ORD-013384,ORD-012576,ORD-008955,ORD-004395,ORD-013969,ORD-002223,ORD-013775",109.78,377.18,392.3,35.7,9,9,1666.0 Wh,DRV-0264,13,1666.0
RTE-00615,VEH-0201,Bike,2024-01-18,"ORD-012305,ORD-011411,ORD-002980,ORD-008634,ORD-011048",416.26,272.88,683.2,196.5,5,5,36.37,DRV-0576,6,36.37
RTE-00616,VEH-0542,Van,2025-03-13,"ORD-002262,ORD-006068,ORD-001181,ORD-008304,ORD-007918",398.04,140.47,411.6,134.9,5,5,18.33,DRV-0616,4,18.33
RTE-00617,VEH-0622,Truck,2024-08-28,"ORD-008624,ORD-009304,ORD-007616",354.12,317.57,406.6,722.1,3,3,2044.0 Wh,DRV-0189,12,2044.0
RTE-00618,VEH-0616,Truck,2024-09-20,"ORD-001665,ORD-001175,ORD-006487,ORD-014746,ORD-009472,ORD-007565,ORD-007223,ORD-004681",146.86,49.53,549.3,18.8,8,8,44.15 L,DRV-0238,11,44.15
RTE-00619,VEH-0616,Truck,2024-01-29,"ORD-014483,ORD-008888,ORD-003256,ORD-007103,ORD-004543,ORD-009999,ORD-006604,ORD-014587,ORD-005678",312.84,95.54,277.0,617.0,9,9,58.45 L,DRV-0817,14,58.45
RTE-00620,VEH-0143,Bike,2024-02-20,"ORD-014095,ORD-004080,ORD-004814,ORD-012581",325.4,360.35,386.1,477.2,4,4,307.0 Wh,DRV-0370,3,307.0
RTE-00621,VEH-0096,Drone,2025-05-05,"ORD-010985,ORD-006982",235.09,182.57,340.4,275.3,2,0,20.19,,13,20.19
RTE-00622,VEH-0677,Truck,2024-11-27,"ORD-014638,ORD-005202,ORD-004335,ORD-005510,ORD-001056,ORD-010016,ORD-000985,ORD-012864,ORD-009850",394.51,321.59,618.7,37.3,9,9,1987.0 Wh,DRV-0392,3,1987.0
RTE-00623,VEH-0523,Van,2024-05-29,"ORD-009665,ORD-013761,ORD-003209,ORD-009017,ORD-008311,ORD-010059,ORD-012530",128.68,175.63,382.9,649.0,7,6,1883.0 Wh,DRV-0642,12,1883.0
RTE-00624,VEH-0330,Bike,2024-04-25,ORD-001901,71.98,,668.2,204.3,1,1,2145.0 Wh,DRV-0611,8,2145.0
RTE-00625,VEH-0035,Drone,2025-06-24,"ORD-000685,ORD-004806,ORD-004883,ORD-002097,ORD-013695,ORD-011971,ORD-010814",55.55,35.57,663.8,67.4,7,7,1133.0 Wh,,8,1133.0
RTE-00626,VEH-0672,Truck,2024-12-07,ORD-007511,353.36,235.94,57.1,169.7,1,1,18.95 L,DRV-0442,4,18.95
RTE-00627,VEH-0518,Van,2025-01-11,ORD-003628,396.79,242.85,365.0,21.1,1,1,343.0 Wh,DRV-0113,8,343.0
RTE-00628,VEH-0399,Bike,2024-12-01,"ORD-004389,ORD-008973,ORD-011770",399.5,442.83,524.8,641.9,3,3,23.6,DRV-0387,8,23.6
RTE-00629,VEH-0678,Truck,2024-08-22,"ORD-000382,ORD-000107,ORD-002494",84.52,133.27,534.2,185.0,3,3,4.27,DRV-0226,5,4.27
RTE-00630,VEH-0475,Van,2024-10-10,"ORD-008956,ORD-009690,ORD-003073,ORD-009726,ORD-006992,ORD-001149,ORD-008504,ORD-008161,ORD-006431",407.91,,64.3,706.9,9,9,6.81 L,DRV-0779,9,6.81
RTE-00631,VEH-0501,Van,2025-05-26,"ORD-009080,ORD-011349,ORD-009173,ORD-009331,ORD-009348",159.93,387.34,205.4,490.7,5,3,901.0 Wh,DRV-0065,8,901.0
RTE-00632,VEH-0260,Bike,2024-03-25,ORD-010445,86.39,217.91,287.6,377.8,1,1,8.72 L,DRV-0337,0,8.72
RTE-00633,VEH-0299,Bike,2024-11-24,"ORD-011069,ORD-004154",167.86,8.86,176.3,113.4,2,2,775.0 Wh,DRV-0791,6,775.0
RTE-00634,VEH-0104,Drone,2025-01-08,"ORD-012355,ORD-011632",302.47,235.11,623.2,540.0,2,2,50.51 L,,5,50.51
RTE-00635,VEH-0200,Bike,2024-09-21,"ORD-006164,ORD-012993,ORD-002990,ORD-009181,ORD-013528,ORD-006848,ORD-000328",98.41,124.85,298.7,109.3,7,7,42.12 L,DRV-0098,10,42.12
RTE-00636,VEH-0697,Truck,2024-07-17,"ORD-010176,ORD-011623,ORD-004765,ORD-000770,ORD-007216",148.07,,331.6,491.5,5,3,3.08 L,DRV-0491,14,3.08
RTE-00637,VEH-0239,Bike,2024-12-15,"ORD-012867,ORD-004971,ORD-008487,ORD-013713,ORD-012356,ORD-014660,ORD-011378,ORD-004839",167.07,124.53,688.9,725.4,8,8,45.87 L,DRV-0069,3,45.87
RTE-00638,VEH-0604,Truck,2024-04-06,ORD-008518,74.61,204.35,580.9,619.0,1,1,55.76,DRV-0405,14,55.76
RTE-00639,VEH-0339,Bike,2025-03-16,"ORD-010527,ORD-014169,ORD-002312,ORD-004266,ORD-009551,ORD-005157,ORD-004108",132.35,189.86,423.2,645.4,7,7,46.48,DRV-0267,5,46.48
RTE-00640,VEH-0375,Bike,2024-05-15,ORD-004061,189.93,338.04,471.3,218.9,1,1,31.61 L,DRV-0291,13,31.61
RTE-00641,VEH-0700,Truck,2024-12-01,"ORD-014891,ORD-006524,ORD-002449,ORD-010440,ORD-010559,ORD-011624,ORD-001696",146.68,382.5,614.8,613.4,7,7,59.66,DRV-0034,14,59.66
RTE-00642,VEH-0580,Van,2025-03-21,"ORD-000216,ORD-005695,ORD-009022,ORD-013797,ORD-008205",298.63,303.34,687.8,622.1,5,5,37.38,DRV-0204,9,37.38
RTE-00643,VEH-0095,Drone,2024-03-28,"ORD-004828,ORD-011393,ORD-006145,ORD-007835,ORD-010555,ORD-009369",141.05,121.73,80.4,371.0,6,4,34.34,,9,34.34
RTE-00644,VEH-0587,Truck,2025-04-12,"ORD-000609,ORD-013070,ORD-007304,ORD-011862,ORD-003827",398.3,42.99,306.2,607.8,5,5,1266.0 Wh,DRV-0325,11,1266.0
RTE-00645,VEH-0320,Bike,2024-12-29,"ORD-014531,ORD-003913,ORD-007575,ORD-001999,ORD-009475,ORD-014294",236.25,227.69,144.6,707.0,6,6,26.16,DRV-0209,3,26.16
RTE-00646,VEH-0607,Truck,2025-02-27,"ORD-010017,ORD-010584,ORD-012922,ORD-008102,ORD-011434,ORD-008390,ORD-014345,ORD-000825,ORD-011653",127.74,,420.0,685.6,9,9,8.06,DRV-0879,8,8.06
RTE-00647,VEH-0047,Drone,2024-06-17,"ORD-000710,ORD-009671,ORD-006705,ORD-005929,ORD-009918,ORD-008406,ORD-012033,ORD-014633",363.24,418.03,628.1,679.9,8,7,47.82 L,,12,47.82
RTE-00648,VEH-0472,Van,2025-05-02,"ORD-011519,ORD-003248,ORD-004951,ORD-009985,ORD-010124,ORD-003707,ORD-001881,ORD-006952",108.69,86.13,383.4,381.9,8,7,26.34 L,DRV-0548,6,26.34
RTE-00649,VEH-0065,Drone,2024-04-08,"ORD-005986,ORD-001624,ORD-014619,ORD-005580,ORD-008637,ORD-006105,ORD-009798,ORD-014649",248.63,19.06,69.0,173.8,8,8,55.33 L,,0,55.33
RTE-00650,VEH-0149,Bike,2024-03-05,"ORD-014475,ORD-009110,ORD-009193",39.73,332.29,515.2,547.0,3,3,11.52,DRV-0503,14,11.52
RTE-00651,VEH-0345,Bike,2025-06-08,"ORD-002422,ORD-004701,ORD-002918,ORD-006879,ORD-013891",82.09,206.14,143.8,542.9,5,5,21.81,DRV-0314,14,21.81
RTE-00652,VEH-0544,Van,2024-12-26,"ORD-005757,ORD-008913,ORD-007450,ORD-000929,ORD-003958,ORD-008631,ORD-005160,ORD-012547,ORD-008803",392.26,358.43,697.7,104.3,9,8,16.8 L,DRV-0245,7,16.8
RTE-00653,VEH-0001,Drone,2025-06-17,"ORD-008419,ORD-004675,ORD-005231",386.08,138.33,253.6,239.3,3,3,264.0 Wh,,12,264.0
RTE-00654,VEH-0069,Drone,2025-05-06,"ORD-001855,ORD-006492,ORD-012464,ORD-013089,ORD-000486,ORD-004263,ORD-012203",30.31,339.58,487.8,312.6,7,7,17.5 L,,7,17.5
RTE-00655,VEH-0111,Drone,2025-04-18,"ORD-014637,ORD-007933,ORD-011735,ORD-004985,ORD-013019,ORD-010849,ORD-005041,ORD-012222",329.55,353.81,368.8,741.8,8,8,48.46,,5,48.46
RTE-00656,VEH-0615,Truck,2025-06-08,"ORD-002232,ORD-012997",242.44,10.79,546.2,699.8,2,2,962.0 Wh,DRV-0552,13,962.0
RTE-00657,VEH-0386,Bike,2025-05-21,"ORD-011550,ORD-008353,ORD-012150,ORD-006368,ORD-002911,ORD-013062,ORD-000400,ORD-000899,ORD-004083",4.8,125.24,457.8,58.4,9,9,2177.0 Wh,DRV-0008,14,2177.0
RTE-00658,VEH-0324,Bike,2024-08-25,"ORD-004113,ORD-003141",152.19,436.29,257.7,177.1,2,2,2132.0 Wh,DRV-0032,14,2132.0
RTE-00659,VEH-0216,Bike,2024-02-22,"ORD-005570,ORD-012859,ORD-002346,ORD-002147,ORD-012039",151.24,148.5,169.2,368.0,5,5,28.56,DRV-0062,14,28.56
RTE-00660,VEH-0256,Bike,2024-09-25,"ORD-009191,ORD-014087,ORD-002048,ORD-002518,ORD-009649,ORD-000249,ORD-008378,ORD-005795",402.39,236.05,481.0,154.4,8,6,46.51 L,DRV-0035,9,46.51
RTE-00661,VEH-0438,Van,2025-05-05,"ORD-000343,ORD-014010,ORD-005138,ORD-010508,ORD-006587,ORD-008144,ORD-000488,ORD-013090",8.87,41.07,132.1,797.5,8,7,1899.0 Wh,DRV-0857,12,1899.0
RTE-00662,VEH-0609,Truck,2024-04-07,"ORD-013740,ORD-010718,ORD-002279,ORD-011072,ORD-004389,ORD-014801,ORD-013063,ORD-001644",60.63,190.78,167.9,17.8,8,8,58.46,DRV-0773,10,58.46
RTE-00663,VEH-0231,Bike,2024-02-27,"ORD-014115,ORD-008129",117.37,272.78,634.9,456.5,2,2,59.74 L,DRV-0529,8,59.74
RTE-00664,VEH-0591,Truck,2025-06-28,ORD-001695,401.11,452.06,444.9,558.7,1,1,1143.0 Wh,DRV-0392,12,1143.0
RTE-00665,VEH-0698,Truck,2024-04-23,"ORD-011955,ORD-000306,ORD-009670",217.11,69.32,79.6,251.3,3,1,5.64,DRV-0092,14,5.64
RTE-00666,VEH-0445,Van,2024-04-03,"ORD-008663,ORD-002762,ORD-014870,ORD-013956,ORD-006634,ORD-005234",385.76,,272.3,28.9,6,6,20.54 L,DRV-0671,9,20.54
RTE-00667,VEH-0136,Drone,2025-05-28,"ORD-006929,ORD-010516,ORD-003790,ORD-010653,ORD-004779",92.21,233.21,351.7,317.0,5,5,781.0 Wh,,14,781.0
RTE-00668,VEH-0024,Drone,2024-08-09,"ORD-009947,ORD-008743,ORD-001047,ORD-000005",100.48,57.37,467.0,766.3,4,4,57.44 L,,6,57.44
RTE-00669,VEH-0283,Bike,2024-06-18,"ORD-006338,ORD-008179",230.58,164.44,40.8,436.2,2,2,17.53,DRV-0615,5,17.53
RTE-00670,VEH-0552,Van,2024-06-21,"ORD-014895,ORD-005840,ORD-012337,ORD-009252,ORD-003726",97.51,167.17,117.3,721.5,5,5,1287.0 Wh,DRV-0895,7,1287.0
RTE-00671,VEH-0295,Bike,2024-04-25,"ORD-010857,ORD-011436,ORD-007717",238.38,202.66,378.6,222.4,3,3,1991.0 Wh,DRV-0451,10,1991.0
RTE-00672,VEH-0267,Bike,2024-08-09,"ORD-011380,ORD-007861,ORD-003695,ORD-002292",96.59,145.49,166.7,288.0,4,4,16.55,DRV-0301,8,16.55
RTE-00673,VEH-0157,Bike,2025-06-13,"ORD-014927,ORD-005982,ORD-011918,ORD-008204,ORD-011314,ORD-007769",37.12,253.5,325.6,799.7,6,6,1431.0 Wh,DRV-0196,11,1431.0
RTE-00674,VEH-0686,Truck,2024-08-17,"ORD-005785,ORD-000076,ORD-013861",309.56,380.32,505.2,306.3,3,2,1076.0 Wh,DRV-0428,11,1076.0
RTE-00675,VEH-0289,Bike,2024-01-26,"ORD-011333,ORD-003190,ORD-003930,ORD-002481,ORD-008375",8.66,207.22,61.4,486.1,5,4,57.17 L,DRV-0135,13,57.17
RTE-00676,VEH-0549,Van,2025-07-01,"ORD-004642,ORD-001752,ORD-012528,ORD-003215,ORD-014986,ORD-014863,ORD-012080,ORD-007249,ORD-002362",92.58,71.32,199.4,282.8,9,9,744.0 Wh,DRV-0131,14,744.0
RTE-00677,VEH-0654,Truck,2024-05-01,"ORD-007772,ORD-007064,ORD-000027,ORD-008589,ORD-006537,ORD-009287,ORD-012141",96.34,262.53,435.9,154.2,7,6,53.19 L,DRV-0245,4,53.19
RTE-00678,VEH-0619,Truck,2024-06-14,ORD-014691,153.92,168.21,644.9,293.9,1,1,203.0 Wh,DRV-0223,11,203.0
RTE-00679,VEH-0589,Truck,2024-07-13,"ORD-004747,ORD-001548,ORD-010047,ORD-008579,ORD-008096,ORD-005023",216.82,359.82,503.7,609.0,6,6,1600.0 Wh,DRV-0432,14,1600.0
RTE-00680,VEH-0073,Drone,2024-12-08,"ORD-008573,ORD-006295,ORD-014872,ORD-007172,ORD-010629,ORD-008330,ORD-011955",254.31,421.52,225.5,620.0,7,7,4.62,,7,4.62
RTE-00681,VEH-0527,Van,2024-01-28,ORD-011510,247.56,251.02,673.6,478.1,1,1,1061.0 Wh,DRV-0765,5,1061.0
RTE-00682,VEH-0579,Van,2025-05-13,"ORD-006310,ORD-006905",100.28,389.42,117.6,336.5,2,2,27.96,DRV-0113,10,27.96
RTE-00683,VEH-0091,Drone,2025-05-04,"ORD-011663,ORD-006542,ORD-012433,ORD-012100,ORD-003515,ORD-003971,ORD-008115,ORD-002692",263.02,35.59,543.0,297.3,8,8,26.32 L,,4,26.32
RTE-00684,VEH-0111,Drone,2025-03-11,"ORD-011590,ORD-009136",47.69,438.49,304.3,308.8,2,2,55.47 L,,14,55.47
RTE-00685,VEH-0139,Drone,2024-01-07,"ORD-005297,ORD-001590,ORD-006662,ORD-009422,ORD-005517",252.01,295.69,215.4,763.4,5,5,1169.0 Wh,,3,1169.0
RTE-00686,VEH-0078,Drone,2024-10-20,"ORD-011791,ORD-009517,ORD-002941,ORD-009118,ORD-001876,ORD-013107,ORD-007199,ORD-010196",237.64,346.15,360.8,387.9,8,8,29.59,,4,29.59
RTE-00687,VEH-0518,Van,2024-08-11,"ORD-008173,ORD-003071,ORD-000045,ORD-014872,ORD-009352",398.19,13.94,268.9,45.3,5,3,17.87,DRV-0724,9,17.87
RTE-00688,VEH-0117,Drone,2024-06-17,"ORD-007984,ORD-004391,ORD-007917",403.52,160.39,95.7,257.2,3,3,9.24 L,,11,9.24
RTE-00689,VEH-0204,Bike,2025-02-18,"ORD-007690,ORD-001921,ORD-011689,ORD-006476,ORD-012199",230.81,180.51,398.2,19.3,5,4,7.04,DRV-0574,9,7.04
RTE-00690,VEH-0587,Truck,2024-07-30,"ORD-003257,ORD-012793,ORD-004411,ORD-006630,ORD-000334,ORD-014386,ORD-005178,ORD-008285,ORD-005982",182.01,277.31,613.4,450.4,9,9,993.0 Wh,DRV-0715,9,993.0
RTE-00691,VEH-0533,Van,2024-04-18,"ORD-001132,ORD-012855,ORD-010014,ORD-002594,ORD-003146",214.04,440.02,338.0,468.3,5,5,10.09 L,DRV-0871,0,10.09
RTE-00692,VEH-0242,Bike,2025-03-14,"ORD-009036,ORD-003967,ORD-012615",229.25,138.28,104.2,202.6,3,2,30.44,DRV-0357,7,30.44
RTE-00693,VEH-0397,Bike,2025-03-09,"ORD-003362,ORD-003616,ORD-005219,ORD-005323,ORD-013891,ORD-013698,ORD-008788",416.11,146.95,58.3,413.9,7,6,316.0 Wh,DRV-0529,7,316.0
RTE-00694,VEH-0527,Van,2024-10-09,"ORD-005281,ORD-006847,ORD-004192,ORD-010703,ORD-008798",42.53,206.45,615.5,74.0,5,5,50.68,DRV-0796,7,50.68
RTE-00695,VEH-0691,Truck,2025-05-30,"ORD-010368,ORD-004388,ORD-014821,ORD-012811,ORD-012061",47.39,92.15,227.6,487.5,5,5,4.2 L,DRV-0370,9,4.2
RTE-00696,VEH-0633,Truck,2025-03-26,"ORD-010766,ORD-002766,ORD-008406,ORD-003652,ORD-007058,ORD-013898,ORD-013833,ORD-012283",59.9,452.51,90.2,168.9,8,7,746.0 Wh,DRV-0782,12,746.0
RTE-00697,VEH-0213,Bike,2025-04-05,"ORD-002774,ORD-006255,ORD-012567",199.86,355.15,590.6,28.5,3,3,8.89 L,DRV-0554,11,8.89
RTE-00698,VEH-0109,Drone,2024-07-05,"ORD-010231,ORD-009814,ORD-010580,ORD-012235,ORD-008774",96.69,180.17,257.0,553.3,5,4,43.21 L,,9,43.21
RTE-00699,VEH-0013,Drone,2024-01-27,ORD-000719,266.6,247.45,247.9,120.2,1,0,1205.0 Wh,,5,1205.0
RTE-00700,VEH-0090,Drone,2024-11-12,"ORD-014067,ORD-011417,ORD-010677,ORD-000166,ORD-007687,ORD-004773",168.68,451.19,435.8,540.5,6,6,3.39,,11,3.39
RTE-00701,VEH-0218,Bike,2024-07-31,"ORD-011493,ORD-013921",49.99,173.39,256.2,154.4,2,2,31.2,DRV-0752,4,31.2
RTE-00702,VEH-0231,Bike,2025-01-26,"ORD-005750,ORD-001932",404.54,376.38,333.8,635.3,2,2,761.0 Wh,DRV-0500,3,761.0
RTE-00703,VEH-0690,Truck,2025-06-15,"ORD-007554,ORD-014993,ORD-006422",331.59,234.12,535.2,550.1,3,1,45.98,DRV-0094,7,45.98
RTE-00704,VEH-0610,Truck,2024-06-03,"ORD-005328,ORD-007329,ORD-005916,ORD-012797,ORD-006324,ORD-010051,ORD-000302,ORD-010587",81.26,119.6,376.0,266.2,8,8,31.64 L,DRV-0817,11,31.64
RTE-00705,VEH-0592,Truck,2024-03-31,"ORD-008837,ORD-001970,ORD-014606,ORD-004360,ORD-014368,ORD-011277,ORD-008023,ORD-001918",331.09,46.91,470.3,448.3,8,7,1974.0 Wh,DRV-0160,10,1974.0
RTE-00706,VEH-0376,Bike,2024-03-18,"ORD-001370,ORD-008696,ORD-009433,ORD-012446,ORD-001101,ORD-007661",147.54,288.8,122.9,272.5,6,6,664.0 Wh,DRV-0038,5,664.0
RTE-00707,VEH-0637,Truck,2025-04-16,"ORD-010004,ORD-006538,ORD-001249,ORD-013369,ORD-014677,ORD-005334,ORD-010718",214.57,23.58,674.4,55.3,7,7,591.0 Wh,DRV-0692,8,591.0
RTE-00708,VEH-0622,Truck,2024-02-29,"ORD-008670,ORD-001857,ORD-006384,ORD-010903,ORD-001835,ORD-006407,ORD-012653,ORD-005040,ORD-014012",70.71,185.01,401.8,629.3,9,9,2019.0 Wh,DRV-0239,8,2019.0
RTE-00709,VEH-0382,Bike,2024-03-08,"ORD-010317,ORD-009614,ORD-012849,ORD-012140,ORD-008599,ORD-014693,ORD-012124,ORD-000951,ORD-008420",335.41,191.66,111.7,127.5,9,9,59.97,DRV-0054,6,59.97
RTE-00710,VEH-0483,Van,2024-11-28,"ORD-001399,ORD-014993,ORD-011524,ORD-003371,ORD-011515",316.46,95.07,568.3,500.1,5,5,919.0 Wh,DRV-0328,5,919.0
RTE-00711,VEH-0054,Drone,2024-12-07,"ORD-007152,ORD-013531,ORD-006801,ORD-005912",187.51,144.65,356.8,198.7,4,4,1873.0 Wh,,10,1873.0
RTE-00712,VEH-0033,Drone,2025-02-02,"ORD-005777,ORD-002105,ORD-008997,ORD-013128,ORD-012347,ORD-006364,ORD-013200",164.52,62.9,286.4,515.8,7,6,18.12 L,,3,18.12
RTE-00713,VEH-0376,Bike,2024-09-18,"ORD-009465,ORD-000635,ORD-009740",328.05,43.62,303.0,145.5,3,3,24.35 L,DRV-0397,14,24.35
RTE-00714,VEH-0238,Bike,2024-11-11,"ORD-005601,ORD-005319,ORD-000716,ORD-010550",86.93,188.93,188.1,597.5,4,2,1405.0 Wh,DRV-0243,3,1405.0
RTE-00715,VEH-0444,Van,2025-03-01,"ORD-008171,ORD-003204,ORD-013679,ORD-000783,ORD-007916,ORD-007284,ORD-013303,ORD-007531,ORD-008964",236.57,428.5,680.2,174.9,9,9,29.09 L,DRV-0638,3,29.09
RTE-00716,VEH-0157,Bike,2025-03-04,"ORD-003384,ORD-003954,ORD-013669,ORD-013066,ORD-008093,ORD-006613",381.43,301.23,89.8,547.1,6,6,20.06,DRV-0465,13,20.06
RTE-00717,VEH-0700,Truck,2024-04-11,"ORD-010020,ORD-000872,ORD-009928,ORD-006790,ORD-007895,ORD-001108,ORD-013936",318.56,455.5,203.3,488.3,7,5,1474.0 Wh,DRV-0804,14,1474.0
RTE-00718,VEH-0564,Van,2024-01-25,"ORD-001071,ORD-012271,ORD-002808,ORD-014054,ORD-010667,ORD-005603",308.41,80.38,436.6,659.9,6,6,5.02,DRV-0178,3,5.02
RTE-00719,VEH-0356,Bike,2024-08-15,"ORD-012684,ORD-005459,ORD-000836,ORD-004158,ORD-000903,ORD-014861",197.81,146.86,345.1,709.6,6,6,2114.0 Wh,DRV-0385,3,2114.0
RTE-00720,VEH-0055,Drone,2025-02-23,"ORD-009585,ORD-012472,ORD-003027,ORD-008835,ORD-005532,ORD-005034,ORD-009037,ORD-005462",44.46,299.97,236.8,576.9,8,8,42.98 L,,6,42.98
RTE-00721,VEH-0648,Truck,2024-05-06,"ORD-001102,ORD-007657,ORD-007729,ORD-010946,ORD-001434,ORD-001369,ORD-005666,ORD-006320,ORD-008224",191.98,59.67,460.9,486.0,9,9,34.68,DRV-0587,10,34.68
RTE-00722,VEH-0493,Van,2025-06-17,ORD-001026,175.32,42.72,594.0,238.0,1,0,44.07,DRV-0265,7,44.07
RTE-00723,VEH-0231,Bike,2024-09-02,"ORD-001899,ORD-008187,ORD-012117,ORD-003460,ORD-005227,ORD-003840",6.1,84.49,386.6,95.8,6,6,1853.0 Wh,DRV-0371,7,1853.0
RTE-00724,VEH-0460,Van,2024-10-13,"ORD-012400,ORD-003922",70.48,389.9,93.4,57.0,2,2,9.33,DRV-0455,9,9.33
RTE-00725,VEH-0294,Bike,2025-04-23,"ORD-000828,ORD-007192,ORD-005326,ORD-011714,ORD-005193,ORD-008213",192.11,315.32,394.8,270.0,6,6,13.62,DRV-0001,13,13.62
RTE-00726,VEH-0520,Van,2024-08-14,"ORD-009393,ORD-004352,ORD-009071,ORD-003806,ORD-003188",7.89,220.11,624.5,651.6,5,5,8.31,DRV-0850,14,8.31
RTE-00727,VEH-0035,Drone,2024-12-19,"ORD-002049,ORD-006502,ORD-010783,ORD-010573,ORD-006484,ORD-012263,ORD-003635",251.86,194.28,30.0,271.3,7,7,17.47,,11,17.47
RTE-00728,VEH-0604,Truck,2024-10-09,"ORD-007878,ORD-001439,ORD-006157",245.2,261.12,345.5,697.0,3,3,28.71,DRV-0881,6,28.71
RTE-00729,VEH-0661,Truck,2024-07-19,ORD-005598,265.95,228.82,629.0,98.1,1,1,16.72 L,DRV-0022,6,16.72
RTE-00730,VEH-0428,Van,2024-12-27,"ORD-000198,ORD-009150,ORD-001219,ORD-003529,ORD-004169,ORD-014143,ORD-006061,ORD-009908,ORD-008994",303.64,411.35,510.8,762.3,9,9,1736.0 Wh,DRV-0442,13,1736.0
RTE-00731,VEH-0599,Truck,2024-01-02,"ORD-008341,ORD-014913,ORD-009892,ORD-004610,ORD-003574,ORD-011642",67.8,86.14,186.0,300.1,6,6,58.64 L,DRV-0051,7,58.64
RTE-00732,VEH-0231,Bike,2024-11-18,"ORD-004861,ORD-014434,ORD-008712,ORD-004168,ORD-003242,ORD-011402,ORD-012122,ORD-002697",264.05,401.25,388.6,564.7,8,8,1.74 L,DRV-0492,11,1.74
RTE-00733,VEH-0396,Bike,2024-10-30,"ORD-014140,ORD-002253,ORD-004985,ORD-009238,ORD-010416",187.6,425.68,185.3,313.7,5,5,311.0 Wh,DRV-0167,14,311.0
RTE-00734,VEH-0206,Bike,2025-04-23,"ORD-004038,ORD-008226",179.55,,645.1,83.9,2,2,58.33,DRV-0285,4,58.33
RTE-00735,VEH-0183,Bike,2025-02-05,"ORD-011294,ORD-008537,ORD-011328,ORD-011556",376.36,52.64,332.4,95.7,4,4,1907.0 Wh,DRV-0867,9,1907.0
RTE-00736,VEH-0613,Truck,2024-07-23,"ORD-004826,ORD-003850,ORD-009273,ORD-012373",290.24,252.46,187.5,574.5,4,4,1254.0 Wh,DRV-0575,5,1254.0
RTE-00737,VEH-0671,Truck,2024-03-20,"ORD-005301,ORD-006857,ORD-005895",222.13,242.91,531.0,65.0,3,3,10.61,DRV-0383,8,10.61
RTE-00738,VEH-0489,Van,2024-10-25,"ORD-013725,ORD-009275,ORD-004864,ORD-010544,ORD-006183,ORD-007855",376.21,201.5,112.8,514.9,6,6,18.0 L,DRV-0644,10,18.0
RTE-00739,VEH-0312,Bike,2024-02-24,"ORD-009696,ORD-009958,ORD-009304,ORD-012936,ORD-009904,ORD-002583,ORD-005550,ORD-012653,ORD-001715",14.37,423.27,301.8,611.5,9,9,4.19,DRV-0811,6,4.19
RTE-00740,VEH-0375,Bike,2024-12-16,"ORD-012191,ORD-012447,ORD-010390,ORD-005576,ORD-012806,ORD-008016,ORD-001107",31.93,,160.4,228.9,7,7,727.0 Wh,DRV-0836,4,727.0
RTE-00741,VEH-0292,Bike,2025-03-28,"ORD-000526,ORD-013852,ORD-004079,ORD-011225,ORD-005835,ORD-003153,ORD-008902,ORD-014768,ORD-010955",104.76,147.51,286.5,45.1,9,9,2185.0 Wh,DRV-0547,7,2185.0
RTE-00742,VEH-0543,Van,2024-06-10,"ORD-008091,ORD-003188",405.41,112.73,133.8,255.8,2,1,29.3 L,DRV-0719,8,29.3
RTE-00743,VEH-0224,Bike,2024-02-27,"ORD-004228,ORD-011060,ORD-008268,ORD-010068,ORD-013910,ORD-006427,ORD-011048",73.82,431.55,328.3,234.6,7,6,7.2 L,DRV-0517,5,7.2
RTE-00744,VEH-0035,Drone,2024-11-17,"ORD-013637,ORD-002386,ORD-002024",195.84,449.92,606.4,157.2,3,3,46.89,,7,46.89
RTE-00745,VEH-0611,Truck,2024-05-26,"ORD-012973,ORD-010968,ORD-003532,ORD-009438,ORD-009578,ORD-006935,ORD-008162,ORD-014377",329.9,145.73,695.5,418.9,8,8,746.0 Wh,DRV-0772,3,746.0
RTE-00746,VEH-0582,Truck,2024-10-03,"ORD-013579,ORD-006263,ORD-014927",108.51,62.8,473.3,486.0,3,3,2105.0 Wh,DRV-0604,10,2105.0
RTE-00747,VEH-0354,Bike,2024-04-03,"ORD-006903,ORD-002445,ORD-012650,ORD-005803",111.6,75.92,142.4,382.5,4,4,491.0 Wh,DRV-0228,8,491.0
RTE-00748,VEH-0354,Bike,2024-02-01,"ORD-012186,ORD-008504,ORD-014132,ORD-001267,ORD-011125",372.77,205.48,664.7,562.8,5,5,39.38,DRV-0156,11,39.38
RTE-00749,VEH-0330,Bike,2025-03-01,"ORD-002155,ORD-013908,ORD-011194,ORD-005206,ORD-011824,ORD-009045,ORD-013946",144.64,424.77,309.7,79.2,7,7,57.43,DRV-0292,4,57.43
RTE-00750,VEH-0284,Bike,2024-01-24,"ORD-006829,ORD-009153,ORD-004205,ORD-004306,ORD-009698",413.92,225.26,365.2,283.8,5,5,17.38,DRV-0258,5,17.38
RTE-00751,VEH-0506,Van,2024-03-16,"ORD-001989,ORD-012766",285.19,321.97,261.3,671.6,2,2,56.62,DRV-0046,9,56.62
RTE-00752,VEH-0463,Van,2024-07-08,"ORD-007183,ORD-000068",310.18,444.58,511.3,201.2,2,2,28.47 L,DRV-0469,7,28.47
RTE-00753,VEH-0457,Van,2025-02-06,"ORD-002206,ORD-002749,ORD-011310,ORD-010293",43.37,,446.4,35.6,4,4,2134.0 Wh,DRV-0071,7,2134.0
RTE-00754,VEH-0678,Truck,2025-06-27,"ORD-010302,ORD-014538,ORD-012146,ORD-010942",270.42,421.83,611.3,357.5,4,4,15.0 L,DRV-0306,14,15.0
RTE-00755,VEH-0297,Bike,2024-01-09,"ORD-010804,ORD-003545,ORD-005481,ORD-004199,ORD-008107,ORD-001804",378.86,196.7,155.3,764.0,6,4,18.32 L,DRV-0769,8,18.32
RTE-00756,VEH-0078,Drone,2025-01-23,ORD-012355,370.55,65.57,91.4,330.8,1,1,59.41,,13,59.41
RTE-00757,VEH-0539,Van,2024-10-21,"ORD-013283,ORD-000586,ORD-010848,ORD-005701,ORD-000527,ORD-013721,ORD-007437,ORD-011153,ORD-000728",206.17,125.36,103.6,427.9,9,9,31.68,DRV-0653,13,31.68
RTE-00758,VEH-0460,Van,2025-06-11,ORD-002875,125.37,100.79,525.5,650.5,1,0,10.98 L,DRV-0742,12,10.98
RTE-00759,VEH-0672,Truck,2024-07-05,ORD-008628,63.05,24.43,434.5,138.6,1,1,45.16,DRV-0713,5,45.16
RTE-00760,VEH-0192,Bike,2025-05-31,"ORD-001565,ORD-012949,ORD-008525,ORD-007533,ORD-012302,ORD-012113,ORD-005216",331.6,54.95,681.6,325.0,7,7,523.0 Wh,DRV-0595,8,523.0
RTE-00761,VEH-0098,Drone,2024-11-20,"ORD-006998,ORD-014397",346.24,331.13,30.6,120.9,2,2,800.0 Wh,,0,800.0
RTE-00762,VEH-0324,Bike,2025-03-22,"ORD-006162,ORD-008253,ORD-010831,ORD-008762,ORD-014712,ORD-011633,ORD-001946,ORD-000482,ORD-012022",188.06,406.56,281.4,583.1,9,9,7.23,DRV-0034,9,7.23
RTE-00763,VEH-0097,Drone,2024-09-12,"ORD-009410,ORD-009904,ORD-014836,ORD-013685,ORD-003366,ORD-006641",104.52,303.65,47.9,501.6,6,6,1021.0 Wh,,8,1021.0
RTE-00764,VEH-0384,Bike,2024-10-15,"ORD-010818,ORD-010972",339.31,109.14,464.7,319.0,2,2,31.53,DRV-0824,13,31.53
RTE-00765,VEH-0622,Truck,2024-12-04,"ORD-004741,ORD-007279,ORD-005013,ORD-008367,ORD-004603,ORD-006680,ORD-009005,ORD-008090,ORD-001304",263.43,300.68,494.7,19.8,9,9,15.28,DRV-0648,10,15.28
RTE-00766,VEH-0479,Van,2024-01-17,"ORD-010723,ORD-006087,ORD-005472,ORD-006323,ORD-009006,ORD-012229,ORD-013476,ORD-003776",129.37,402.42,163.1,73.2,8,7,1211.0 Wh,DRV-0086,8,1211.0
RTE-00767,VEH-0254,Bike,2024-12-14,ORD-002935,265.46,55.87,440.6,435.7,1,1,29.15 L,DRV-0140,14,29.15
RTE-00768,VEH-0252,Bike,2025-04-26,"ORD-012214,ORD-013538,ORD-000559,ORD-007680,ORD-000394,ORD-002838",37.61,315.16,321.6,621.7,6,6,9.81,DRV-0769,10,9.81
RTE-00769,VEH-0311,Bike,2024-11-13,"ORD-009122,ORD-013602,ORD-010505,ORD-000561,ORD-003141,ORD-006155,ORD-007901,ORD-014049",116.71,,325.1,130.5,8,8,334.0 Wh,DRV-0273,4,334.0
RTE-00770,VEH-0083,Drone,2024-08-24,"ORD-004401,ORD-010942,ORD-002163,ORD-011005,ORD-002522,ORD-004534",332.9,29.16,637.9,524.9,6,6,6.79 L,,13,6.79
RTE-00771,VEH-0138,Drone,2024-04-14,"ORD-002803,ORD-014981,ORD-009597,ORD-000154",249.94,34.12,175.2,276.6,4,4,9.19 L,,12,9.19
RTE-00772,VEH-0598,Truck,2025-02-23,"ORD-007075,ORD-008068",43.11,137.21,66.0,227.4,2,2,892.0 Wh,DRV-0851,9,892.0
RTE-00773,VEH-0328,Bike,2025-04-08,"ORD-001958,ORD-002150,ORD-012966",118.96,362.44,168.5,192.3,3,3,652.0 Wh,DRV-0228,10,652.0
RTE-00774,VEH-0467,Van,2024-02-04,"ORD-007415,ORD-005131,ORD-005441,ORD-000027,ORD-012144,ORD-005252,ORD-006080",176.34,379.94,235.6,238.1,7,7,6.4,DRV-0771,11,6.4
RTE-00775,VEH-0032,Drone,2024-05-10,ORD-006234,409.42,19.6,502.1,765.9,1,1,32.72,,8,32.72
RTE-00776,VEH-0337,Bike,2024-04-23,"ORD-010826,ORD-003605,ORD-007487,ORD-009099,ORD-002931,ORD-002921,ORD-006898",302.78,427.13,50.4,413.5,7,7,41.67,DRV-0352,10,41.67
RTE-00777,VEH-0419,Van,2025-06-02,"ORD-006405,ORD-000369,ORD-005560,ORD-008431,ORD-013002,ORD-013136",276.5,366.13,570.7,129.9,6,5,10.46 L,DRV-0015,10,10.46
RTE-00778,VEH-0087,Drone,2024-02-22,"ORD-002690,ORD-009345,ORD-008645",309.45,162.99,551.6,420.3,3,3,39.38,,10,39.38
RTE-00779,VEH-0109,Drone,2024-09-02,"ORD-012861,ORD-005706,ORD-012952,ORD-010902",185.58,404.86,36.7,538.7,4,4,31.86 L,,9,31.86
RTE-00780,VEH-0072,Drone,2024-06-16,ORD-000574,360.84,22.3,161.7,330.0,1,1,4.36,,7,4.36
RTE-00781,VEH-0121,Drone,2024-12-08,"ORD-005337,ORD-013061",200.85,175.75,354.4,677.2,2,2,1199.0 Wh,,5,1199.0
RTE-00782,VEH-0618,Truck,2024-09-28,"ORD-005874,ORD-007116,ORD-004247,ORD-006378,ORD-009847,ORD-006878,ORD-000291,ORD-010350,ORD-007079",13.28,173.62,450.3,189.1,9,9,805.0 Wh,DRV-0703,11,805.0
RTE-00783,VEH-0693,Truck,2025-02-06,"ORD-008650,ORD-006619,ORD-004560,ORD-003575",376.99,33.93,71.9,127.9,4,4,44.72 L,DRV-0846,0,44.72
RTE-00784,VEH-0166,Bike,2025-04-02,"ORD-005715,ORD-013346,ORD-012922,ORD-004563",36.37,451.04,353.9,173.8,4,4,46.79,DRV-0445,5,46.79
RTE-00785,VEH-0277,Bike,2024-12-11,"ORD-000204,ORD-003041,ORD-009160,ORD-008988,ORD-007686,ORD-007613,ORD-001671,ORD-010422,ORD-012014",303.19,374.47,65.7,733.1,9,9,1830.0 Wh,DRV-0843,7,1830.0
RTE-00786,VEH-0057,Drone,2024-12-07,"ORD-014411,ORD-014670",32.95,345.02,345.7,663.4,2,2,50.71,,14,50.71
RTE-00787,VEH-0259,Bike,2024-10-24,"ORD-012831,ORD-012052,ORD-003577,ORD-005673,ORD-007392",333.99,381.7,428.2,252.9,5,5,38.01 L,DRV-0370,7,38.01
RTE-00788,VEH-0133,Drone,2024-07-28,"ORD-009780,ORD-002793,ORD-013736,ORD-007160,ORD-003446,ORD-011969",333.56,248.17,473.5,595.0,6,6,41.49,,14,41.49
RTE-00789,VEH-0642,Truck,2025-02-25,"ORD-013695,ORD-011950,ORD-000058,ORD-009823,ORD-001526",187.44,78.72,557.8,117.6,5,5,55.6,DRV-0124,5,55.6
RTE-00790,VEH-0026,Drone,2025-02-28,"ORD-008975,ORD-006221,ORD-007000",237.89,137.79,49.0,518.3,3,3,48.7,,12,48.7
RTE-00791,VEH-0650,Truck,2024-11-18,"ORD-012021,ORD-004375,ORD-001883,ORD-008600,ORD-001462,ORD-009639,ORD-011947,ORD-012491,ORD-007290",134.34,450.9,85.0,582.1,9,9,1.86 L,DRV-0822,6,1.86
RTE-00792,VEH-0336,Bike,2024-04-15,"ORD-005341,ORD-008230,ORD-004456,ORD-000328,ORD-010129",306.46,158.15,619.0,265.4,5,3,866.0 Wh,DRV-0698,11,866.0
RTE-00793,VEH-0179,Bike,2025-05-14,"ORD-000999,ORD-000150,ORD-006360,ORD-000272,ORD-005296,ORD-011147",143.8,180.87,48.3,250.4,6,6,1605.0 Wh,DRV-0211,11,1605.0
RTE-00794,VEH-0031,Drone,2025-02-14,"ORD-007680,ORD-013016,ORD-009327,ORD-014868,ORD-011388,ORD-002536,ORD-000497",310.36,185.19,308.4,336.8,7,7,894.0 Wh,,11,894.0
RTE-00795,VEH-0545,Van,2025-04-29,ORD-003180,411.67,137.25,595.6,293.7,1,1,1707.0 Wh,DRV-0332,12,1707.0
RTE-00796,VEH-0586,Truck,2024-07-16,"ORD-008930,ORD-000908,ORD-003781,ORD-002016",280.2,107.6,122.2,441.2,4,4,12.56 L,DRV-0873,12,12.56
RTE-00797,VEH-0614,Truck,2024-05-02,"ORD-007416,ORD-006716,ORD-004692",323.59,444.35,690.1,273.4,3,3,45.87 L,DRV-0546,13,45.87
RTE-00798,VEH-0103,Drone,2025-01-01,"ORD-011814,ORD-014607,ORD-011641,ORD-000905,ORD-006387,ORD-006948,ORD-003379,ORD-002142",398.87,292.29,537.7,459.8,8,8,1492.0 Wh,,10,1492.0
RTE-00799,VEH-0505,Van,2025-04-10,"ORD-007383,ORD-002119,ORD-010245,ORD-009526,ORD-009802,ORD-001189,ORD-012363,ORD-008957",314.09,416.2,350.5,69.8,8,8,11.89,DRV-0804,10,11.89
RTE-00800,VEH-0144,Bike,2024-10-08,"ORD-010844,ORD-009957,ORD-000129,ORD-001800,ORD-009391,ORD-002982,ORD-000861,ORD-014198,ORD-004401",194.93,417.64,258.0,493.2,9,9,2038.0 Wh,DRV-0198,14,2038.0
RTE-00801,VEH-0672,Truck,2024-10-23,ORD-000179,270.65,283.12,657.9,480.0,1,1,23.1,DRV-0458,10,23.1
RTE-00802,VEH-0687,Truck,2024-05-06,"ORD-001755,ORD-000796,ORD-002437,ORD-011365,ORD-010998,ORD-009731,ORD-012425,ORD-008088,ORD-000329",172.88,305.82,258.6,690.8,9,9,24.17,DRV-0181,5,24.17
RTE-00803,VEH-0135,Drone,2024-12-27,"ORD-014068,ORD-007581,ORD-006459,ORD-001505,ORD-000228",338.24,,270.0,720.1,5,4,1989.0 Wh,,0,1989.0
RTE-00804,VEH-0068,Drone,2025-01-18,"ORD-003959,ORD-012107,ORD-000071,ORD-002515,ORD-014140,ORD-000493,ORD-012471,ORD-010927",170.62,14.62,321.6,582.0,8,8,1386.0 Wh,,3,1386.0
RTE-00805,VEH-0516,Van,2025-01-21,"ORD-010474,ORD-001487,ORD-001996,ORD-009015,ORD-014909,ORD-000834,ORD-006448",124.81,399.81,321.7,158.9,7,7,19.21 L,DRV-0124,6,19.21
RTE-00806,VEH-0331,Bike,2025-04-20,"ORD-008666,ORD-010515",135.18,87.91,455.2,325.2,2,2,17.94,DRV-0150,7,17.94
RTE-00807,VEH-0551,Van,2024-10-11,"ORD-009301,ORD-005635,ORD-014867,ORD-001941,ORD-013546,ORD-009896,ORD-012732,ORD-012109",368.56,362.63,196.5,416.5,8,8,19.12 L,DRV-0408,0,19.12
RTE-00808,VEH-0140,Drone,2025-04-20,"ORD-007145,ORD-007247,ORD-001364",132.41,19.62,693.9,798.1,3,3,10.05,,11,10.05
RTE-00809,VEH-0221,Bike,2024-03-29,"ORD-003320,ORD-006222,ORD-014900",304.37,83.0,667.1,290.1,3,1,51.87,DRV-0790,9,51.87
RTE-00810,VEH-0530,Van,2024-06-21,ORD-003541,226.46,236.74,582.5,206.1,1,1,46.85,DRV-0764,10,46.85
RTE-00811,VEH-0378,Bike,2025-04-07,"ORD-010949,ORD-010736,ORD-013896",148.55,144.44,332.8,750.0,3,3,564.0 Wh,DRV-0801,10,564.0
RTE-00812,VEH-0618,Truck,2024-06-14,ORD-009496,240.9,128.9,536.6,216.7,1,1,1739.0 Wh,DRV-0404,8,1739.0
RTE-00813,VEH-0129,Drone,2024-04-11,"ORD-014810,ORD-000952,ORD-002891,ORD-002749,ORD-014046,ORD-004275,ORD-011936,ORD-004513,ORD-003814",174.05,,655.2,87.8,9,9,1838.0 Wh,,13,1838.0
RTE-00814,VEH-0221,Bike,2024-11-07,"ORD-003569,ORD-002579,ORD-009174,ORD-010341",108.81,400.94,439.2,225.0,4,4,19.54 L,DRV-0749,8,19.54
RTE-00815,VEH-0058,Drone,2024-04-02,"ORD-001388,ORD-012456,ORD-010417,ORD-013991,ORD-001182",141.37,316.92,183.4,590.4,5,4,420.0 Wh,,8,420.0
RTE-00816,VEH-0421,Van,2025-05-23,"ORD-010269,ORD-002518,ORD-006700,ORD-014644,ORD-009566,ORD-013750",293.07,452.07,512.8,224.8,6,6,36.47,DRV-0502,3,36.47
RTE-00817,VEH-0412,Van,2024-01-08,ORD-000900,293.86,125.78,229.6,66.1,1,1,53.66 L,DRV-0220,11,53.66
RTE-00818,VEH-0049,Drone,2024-08-24,"ORD-002617,ORD-004349,ORD-003802",160.7,408.62,83.8,488.2,3,3,24.85 L,,4,24.85
RTE-00819,VEH-0514,Van,2025-05-02,ORD-000740,381.55,394.29,269.1,35.4,1,1,3.45,DRV-0862,7,3.45
RTE-00820,VEH-0563,Van,2025-02-12,"ORD-006791,ORD-007896,ORD-007723",18.51,354.32,681.6,215.0,3,3,757.0 Wh,DRV-0051,9,757.0
RTE-00821,VEH-0136,Drone,2024-12-28,"ORD-008781,ORD-000154,ORD-002097,ORD-003472,ORD-007016,ORD-006002,ORD-011144,ORD-014856,ORD-005000",66.96,81.88,690.7,404.6,9,9,560.0 Wh,,12,560.0
RTE-00822,VEH-0116,Drone,2024-11-12,"ORD-008225,ORD-007314,ORD-008484,ORD-004871,ORD-006764",110.01,48.38,494.2,768.9,5,4,54.66 L,,12,54.66
RTE-00823,VEH-0389,Bike,2024-11-22,"ORD-003534,ORD-003011,ORD-012157,ORD-013721,ORD-010365,ORD-012259,ORD-014089,ORD-000319",378.23,140.07,414.0,526.8,8,8,28.71 L,DRV-0525,11,28.71
RTE-00824,VEH-0463,Van,2024-11-01,"ORD-011972,ORD-001721,ORD-001581,ORD-008811,ORD-012090,ORD-009354,ORD-010410,ORD-005159,ORD-003630",208.21,298.83,79.1,246.1,9,9,25.5,DRV-0304,7,25.5
RTE-00825,VEH-0198,Bike,2025-01-10,"ORD-001824,ORD-001902,ORD-014812,ORD-008592,ORD-009639,ORD-006738,ORD-010673",235.46,17.04,149.4,689.6,7,7,24.54,DRV-0241,3,24.54
RTE-00826,VEH-0078,Drone,2024-12-02,"ORD-013982,ORD-006503,ORD-001193,ORD-009448,ORD-008007,ORD-000264",291.38,,260.7,113.9,6,5,51.89,,7,51.89
RTE-00827,VEH-0098,Drone,2024-08-16,ORD-008976,5.61,406.82,394.6,281.1,1,1,1725.0 Wh,,5,1725.0
RTE-00828,VEH-0400,Bike,2025-04-13,"ORD-008967,ORD-014634,ORD-011495,ORD-001272,ORD-005598",397.1,302.53,43.6,521.7,5,5,43.81,DRV-0718,11,43.81
RTE-00829,VEH-0070,Drone,2024-01-09,"ORD-012566,ORD-007342,ORD-006860,ORD-001681,ORD-001891",203.56,354.78,314.9,709.2,5,5,520.0 Wh,,3,520.0
RTE-00830,VEH-0057,Drone,2025-01-05,"ORD-009837,ORD-012136,ORD-013520,ORD-003022,ORD-004502,ORD-007025",197.63,194.08,23.8,567.8,6,4,16.18 L,,4,16.18
RTE-00831,VEH-0651,Truck,2024-08-24,"ORD-000196,ORD-007227,ORD-011900,ORD-005330,ORD-011270,ORD-008785",96.95,456.72,620.2,691.0,6,6,24.65 L,DRV-0094,5,24.65
RTE-00832,VEH-0539,Van,2025-03-08,ORD-002483,28.75,254.98,219.3,384.4,1,1,1.54 L,DRV-0605,10,1.54
RTE-00833,VEH-0209,Bike,2024-12-09,"ORD-012193,ORD-001523,ORD-008122",93.91,89.07,87.8,73.4,3,1,697.0 Wh,DRV-0736,14,697.0
RTE-00834,VEH-0572,Van,2024-09-14,"ORD-007845,ORD-004833,ORD-005687,ORD-000772,ORD-012301,ORD-000138,ORD-013722",245.64,183.68,675.4,574.7,7,7,6.88,DRV-0567,11,6.88
RTE-00835,VEH-0329,Bike,2024-03-19,ORD-002203,66.83,248.59,332.9,437.0,1,1,55.03 L,DRV-0872,14,55.03
RTE-00836,VEH-0428,Van,2024-03-15,"ORD-010382,ORD-010908,ORD-006598,ORD-012367,ORD-001267",5.75,,98.3,322.0,5,5,33.62,DRV-0524,4,33.62
RTE-00837,VEH-0495,Van,2024-02-05,"ORD-003448,ORD-014974",112.84,304.0,271.1,402.2,2,1,773.0 Wh,DRV-0074,13,773.0
RTE-00838,VEH-0328,Bike,2025-06-29,"ORD-012038,ORD-008184,ORD-007492,ORD-002954,ORD-013302,ORD-012442",388.29,177.84,474.0,750.9,6,6,19.89 L,DRV-0552,3,19.89
RTE-00839,VEH-0321,Bike,2024-03-07,ORD-010247,82.45,139.83,34.2,247.8,1,1,1948.0 Wh,DRV-0363,7,1948.0
RTE-00840,VEH-0427,Van,2025-06-11,"ORD-008753,ORD-013271,ORD-009617,ORD-002591,ORD-010102,ORD-004184,ORD-012026,ORD-009614,ORD-007228",249.72,124.48,604.7,225.4,9,9,23.66,DRV-0350,13,23.66
RTE-00841,VEH-0673,Truck,2024-02-04,"ORD-005454,ORD-008536",372.08,416.64,446.1,52.1,2,2,9.32 L,DRV-0404,7,9.32
RTE-00842,VEH-0482,Van,2025-04-18,"ORD-007355,ORD-005537,ORD-004250,ORD-003458,ORD-002609,ORD-012237,ORD-007272,ORD-014677,ORD-004516",232.8,274.41,185.1,237.8,9,9,1803.0 Wh,DRV-0402,11,1803.0
RTE-00843,VEH-0145,Bike,2025-01-03,"ORD-007123,ORD-002799,ORD-007582,ORD-007967,ORD-014846,ORD-012206",40.84,62.11,42.7,669.2,6,6,1638.0 Wh,DRV-0563,5,1638.0
RTE-00844,VEH-0083,Drone,2025-02-09,"ORD-013452,ORD-003128,ORD-005820,ORD-008455,ORD-000497",234.95,420.69,128.3,712.5,5,5,23.91 L,,4,23.91
RTE-00845,VEH-0598,Truck,2024-09-15,"ORD-013386,ORD-005905,ORD-010153,ORD-008169,ORD-006573,ORD-003124",151.01,140.33,558.3,736.8,6,6,1754.0 Wh,DRV-0742,9,1754.0
RTE-00846,VEH-0547,Van,2024-08-20,"ORD-007898,ORD-004962,ORD-014576,ORD-000188,ORD-000450,ORD-006620",326.51,407.82,603.2,691.1,6,6,908.0 Wh,DRV-0886,6,908.0
RTE-00847,VEH-0426,Van,2024-04-28,"ORD-014919,ORD-001945,ORD-001102",308.57,245.31,242.7,27.0,3,3,21.02,DRV-0080,13,21.02
RTE-00848,VEH-0644,Truck,2024-04-08,"ORD-003375,ORD-001092",396.41,356.61,676.6,45.0,2,2,722.0 Wh,DRV-0027,8,722.0
RTE-00849,VEH-0206,Bike,2024-06-25,"ORD-005259,ORD-000792,ORD-014230,ORD-010569,ORD-010360",45.31,18.37,377.5,448.1,5,5,23.88,DRV-0879,14,23.88
RTE-00850,VEH-0277,Bike,2025-05-06,"ORD-009761,ORD-000429,ORD-006266,ORD-008407,ORD-009648,ORD-007238",351.09,418.81,307.4,796.4,6,6,3.03 L,DRV-0226,3,3.03
RTE-00851,VEH-0559,Van,2024-09-10,"ORD-005818,ORD-014139,ORD-007062",357.86,432.68,658.2,423.0,3,3,32.62 L,DRV-0316,12,32.62
RTE-00852,VEH-0636,Truck,2025-04-02,"ORD-011428,ORD-007183,ORD-001477,ORD-001644,ORD-006098,ORD-001117,ORD-001380",285.3,431.2,311.3,596.5,7,7,52.46 L,DRV-0490,13,52.46
RTE-00853,VEH-0042,Drone,2024-12-16,"ORD-010610,ORD-007553,ORD-003646,ORD-008256,ORD-012022,ORD-006790,ORD-013883",263.02,14.29,64.8,696.9,7,7,219.0 Wh,,13,219.0
RTE-00854,VEH-0115,Drone,2024-08-27,"ORD-009803,ORD-014252,ORD-004014",248.26,246.82,541.7,344.1,3,3,4.49 L,,7,4.49
RTE-00855,VEH-0124,Drone,2024-06-21,ORD-003851,82.6,407.06,49.3,400.0,1,1,22.66 L,,4,22.66
RTE-00856,VEH-0068,Drone,2024-08-27,"ORD-000719,ORD-003496,ORD-003812,ORD-006607,ORD-000419,ORD-004663",216.29,458.68,82.8,372.9,6,6,59.27,,11,59.27
RTE-00857,VEH-0106,Drone,2025-02-11,"ORD-012945,ORD-010610",6.84,40.01,28.1,173.8,2,2,1396.0 Wh,,13,1396.0
RTE-00858,VEH-0361,Bike,2025-06-21,"ORD-013767,ORD-012257,ORD-006709,ORD-011814,ORD-009466,ORD-003654,ORD-013223,ORD-006000,ORD-014643",50.28,200.27,310.0,694.4,9,9,36.21,DRV-0088,12,36.21
RTE-00859,VEH-0126,Drone,2024-11-25,"ORD-013422,ORD-002453,ORD-004956,ORD-009977,ORD-013372,ORD-012085,ORD-012454,ORD-005649",11.93,40.76,349.0,624.5,8,7,2111.0 Wh,,10,2111.0
RTE-00860,VEH-0526,Van,2024-04-15,"ORD-006649,ORD-007621,ORD-014373,ORD-003496",193.4,322.21,626.8,673.8,4,4,358.0 Wh,DRV-0056,5,358.0
RTE-00861,VEH-0588,Truck,2024-09-21,"ORD-012736,ORD-007052,ORD-003493",62.42,296.24,538.0,373.6,3,3,57.28,DRV-0474,4,57.28
RTE-00862,VEH-0022,Drone,2024-12-14,"ORD-005445,ORD-001375,ORD-008618,ORD-006994,ORD-010224,ORD-005521",92.0,449.31,533.5,319.2,6,6,13.59 L,,4,13.59
RTE-00863,VEH-0399,Bike,2025-06-13,"ORD-012466,ORD-004709,ORD-001833",224.5,216.8,527.9,134.7,3,3,41.62,DRV-0735,14,41.62
RTE-00864,VEH-0668,Truck,2024-04-14,"ORD-006956,ORD-013488,ORD-005518,ORD-010231,ORD-002282,ORD-000772,ORD-003259,ORD-007686,ORD-002213",281.1,78.15,412.3,485.0,9,9,338.0 Wh,DRV-0455,14,338.0
RTE-00865,VEH-0007,Drone,2024-07-14,"ORD-010969,ORD-000395",418.86,123.89,47.2,161.8,2,2,2027.0 Wh,,3,2027.0
RTE-00866,VEH-0554,Van,2024-02-18,"ORD-000519,ORD-009188",349.99,109.81,106.5,675.0,2,0,760.0 Wh,DRV-0889,6,760.0
RTE-00867,VEH-0688,Truck,2025-04-04,"ORD-004833,ORD-003413,ORD-002205,ORD-014143",384.64,36.22,151.9,464.2,4,4,856.0 Wh,DRV-0704,12,856.0
RTE-00868,VEH-0603,Truck,2024-04-03,"ORD-013090,ORD-012780,ORD-008074,ORD-006285,ORD-004165,ORD-005116",91.84,42.19,636.6,556.8,6,4,799.0 Wh,DRV-0490,10,799.0
RTE-00869,VEH-0167,Bike,2024-07-30,"ORD-003912,ORD-009751,ORD-000486,ORD-000596,ORD-006240,ORD-012823,ORD-012032,ORD-008308,ORD-000448",311.88,164.38,90.0,580.2,9,9,832.0 Wh,DRV-0641,11,832.0
RTE-00870,VEH-0236,Bike,2025-04-22,"ORD-002667,ORD-013108,ORD-011878,ORD-014174,ORD-011560,ORD-010364",86.84,355.05,277.8,329.1,6,6,512.0 Wh,DRV-0212,12,512.0
RTE-00871,VEH-0073,Drone,2025-06-06,"ORD-010656,ORD-011247,ORD-009239,ORD-005028",154.69,426.35,697.3,399.8,4,3,8.33,,10,8.33
RTE-00872,VEH-0509,Van,2025-02-10,"ORD-006260,ORD-007561,ORD-002595",236.38,60.13,230.6,314.6,3,3,38.62,DRV-0423,13,38.62
RTE-00873,VEH-0523,Van,2024-06-16,"ORD-014478,ORD-010552,ORD-004392",285.94,426.66,137.2,428.9,3,1,2.94 L,DRV-0467,8,2.94
RTE-00874,VEH-0500,Van,2025-06-13,"ORD-000267,ORD-002198,ORD-005051,ORD-006238",225.51,277.29,310.7,683.8,4,4,1397.0 Wh,DRV-0252,13,1397.0
RTE-00875,VEH-0590,Truck,2024-01-06,ORD-006538,190.54,13.84,540.2,444.5,1,1,26.69,DRV-0441,10,26.69
RTE-00876,VEH-0582,Truck,2025-03-30,"ORD-004077,ORD-004396,ORD-002220,ORD-009366,ORD-005768,ORD-002534",157.47,54.03,270.1,228.4,6,6,1.25 L,DRV-0515,4,1.25
RTE-00877,VEH-0630,Truck,2024-04-04,"ORD-002948,ORD-007184,ORD-005013,ORD-001880,ORD-000908,ORD-005521,ORD-000140",276.46,342.86,175.4,69.7,7,7,1081.0 Wh,DRV-0074,11,1081.0
RTE-00878,VEH-0108,Drone,2024-07-13,"ORD-008647,ORD-002588,ORD-010627,ORD-003744,ORD-008170,ORD-003150,ORD-002206,ORD-012693",377.59,390.93,615.4,66.0,8,6,45.26,,8,45.26
RTE-00879,VEH-0054,Drone,2025-02-13,"ORD-007767,ORD-004388,ORD-007148",210.82,317.31,203.3,283.6,3,3,20.46,,3,20.46
RTE-00880,VEH-0675,Truck,2025-03-04,"ORD-006405,ORD-007770",75.69,151.68,476.2,129.1,2,2,1802.0 Wh,DRV-0517,11,1802.0
RTE-00881,VEH-0500,Van,2024-08-29,"ORD-010399,ORD-008254,ORD-003417,ORD-009735,ORD-007318,ORD-014368,ORD-009124,ORD-004433",51.65,215.54,301.2,685.1,8,8,36.03 L,DRV-0326,3,36.03
RTE-00882,VEH-0143,Bike,2025-06-15,"ORD-000706,ORD-007095,ORD-012152,ORD-010081,ORD-011657",333.39,219.45,125.9,264.5,5,5,1162.0 Wh,DRV-0852,14,1162.0
RTE-00883,VEH-0626,Truck,2024-11-03,"ORD-012430,ORD-012698,ORD-005551,ORD-004731",213.08,399.97,156.0,109.4,4,4,348.0 Wh,DRV-0618,4,348.0
RTE-00884,VEH-0111,Drone,2024-02-26,"ORD-000604,ORD-009550,ORD-007042,ORD-000526",380.37,441.78,158.3,113.7,4,4,4.83,,12,4.83
RTE-00885,VEH-0298,Bike,2025-05-21,"ORD-004670,ORD-009189,ORD-000639,ORD-007273,ORD-003382,ORD-012691,ORD-009302,ORD-013551",145.19,205.79,306.6,600.5,8,8,14.05 L,DRV-0395,14,14.05
RTE-00886,VEH-0268,Bike,2024-11-01,"ORD-004469,ORD-010536,ORD-007296",343.05,8.82,511.8,222.5,3,3,1991.0 Wh,DRV-0707,5,1991.0
RTE-00887,VEH-0414,Van,2024-02-06,"ORD-005558,ORD-004754,ORD-003003,ORD-014351,ORD-006500,ORD-007876,ORD-006986,ORD-010708,ORD-000175",201.02,29.82,240.2,418.8,9,9,1294.0 Wh,DRV-0797,9,1294.0
RTE-00888,VEH-0656,Truck,2024-03-09,"ORD-007200,ORD-014911",400.65,438.44,355.9,309.9,2,2,1450.0 Wh,DRV-0012,12,1450.0
RTE-00889,VEH-0617,Truck,2025-06-22,"ORD-012098,ORD-005468,ORD-000788,ORD-003863,ORD-001217",355.48,344.95,389.6,526.0,5,5,2121.0 Wh,DRV-0782,5,2121.0
RTE-00890,VEH-0274,Bike,2024-03-09,"ORD-011559,ORD-000112",344.71,433.29,554.3,471.0,2,2,5.5 L,DRV-0298,13,5.5
RTE-00891,VEH-0598,Truck,2024-12-13,"ORD-012496,ORD-011069,ORD-000417,ORD-012058,ORD-006483,ORD-006726,ORD-007536,ORD-007367,ORD-012134",332.83,210.61,372.6,496.6,9,9,1132.0 Wh,DRV-0158,5,1132.0
RTE-00892,VEH-0604,Truck,2025-05-12,ORD-011975,37.37,326.12,427.8,100.8,1,0,2141.0 Wh,DRV-0670,10,2141.0
RTE-00893,VEH-0204,Bike,2024-06-27,"ORD-005797,ORD-011810,ORD-011091,ORD-006645,ORD-004480,ORD-009322",339.56,390.45,379.1,624.8,6,6,56.53,DRV-0872,14,56.53
RTE-00894,VEH-0692,Truck,2024-11-08,"ORD-003363,ORD-014529,ORD-010491,ORD-008151,ORD-003420",367.93,80.28,73.3,188.7,5,4,26.61,DRV-0633,9,26.61
RTE-00895,VEH-0590,Truck,2024-01-28,"ORD-004100,ORD-005074,ORD-002481,ORD-011786",404.75,201.25,352.2,391.2,4,4,1495.0 Wh,DRV-0591,8,1495.0
RTE-00896,VEH-0573,Van,2024-07-20,"ORD-000188,ORD-005228,ORD-008943,ORD-004889,ORD-003896,ORD-005167,ORD-012800",253.47,159.74,371.4,80.5,7,7,22.46,DRV-0574,9,22.46
RTE-00897,VEH-0662,Truck,2025-05-13,"ORD-013059,ORD-010857,ORD-000997,ORD-006360,ORD-001719,ORD-008715,ORD-003776,ORD-000430",289.26,279.14,626.8,786.7,8,8,780.0 Wh,DRV-0511,8,780.0
RTE-00898,VEH-0232,Bike,2025-03-26,"ORD-013968,ORD-009457,ORD-009980",283.67,379.26,227.4,486.2,3,3,21.83 L,DRV-0378,14,21.83
RTE-00899,VEH-0450,Van,2024-01-28,"ORD-004386,ORD-005299,ORD-009594,ORD-001656,ORD-014533,ORD-008978,ORD-007472",67.78,18.14,68.1,329.7,7,7,35.99,DRV-0528,4,35.99
RTE-00900,VEH-0412,Van,2024-05-01,"ORD-000788,ORD-003426,ORD-001183",367.12,,345.8,595.3,3,3,1802.0 Wh,DRV-0024,12,1802.0
RTE-00901,VEH-0641,Truck,2024-02-01,"ORD-006216,ORD-001409,ORD-013420,ORD-004878,ORD-013823,ORD-003185",270.61,174.33,174.8,257.4,6,6,45.49,DRV-0835,4,45.49
RTE-00902,VEH-0515,Van,2024-09-13,"ORD-004876,ORD-003397",335.13,,625.0,463.5,2,2,53.22,DRV-0752,6,53.22
RTE-00903,VEH-0342,Bike,2024-02-03,"ORD-003808,ORD-000203,ORD-006923,ORD-009174",381.9,,132.8,340.5,4,3,393.0 Wh,DRV-0570,8,393.0
RTE-00904,VEH-0565,Van,2024-08-09,"ORD-006800,ORD-003845",111.76,438.92,586.6,204.9,2,2,57.28 L,DRV-0339,7,57.28
RTE-00905,VEH-0275,Bike,2024-05-30,"ORD-005576,ORD-006115,ORD-014953,ORD-011167,ORD-011201,ORD-004232,ORD-007662,ORD-008474,ORD-012716",50.96,187.42,302.6,768.9,9,9,1466.0 Wh,DRV-0529,11,1466.0
RTE-00906,VEH-0357,Bike,2025-02-05,"ORD-010941,ORD-009350,ORD-011901,ORD-003234,ORD-007113,ORD-014351,ORD-014654,ORD-004134,ORD-005013",402.8,16.38,116.3,500.8,9,8,28.68,DRV-0868,7,28.68
RTE-00907,VEH-0374,Bike,2025-02-12,"ORD-004632,ORD-003584,ORD-010756,ORD-004001,ORD-002680",184.08,268.51,274.3,748.3,5,5,25.09 L,DRV-0703,14,25.09
RTE-00908,VEH-0632,Truck,2024-05-19,ORD-013735,342.77,310.17,221.9,142.7,1,1,1607.0 Wh,DRV-0677,6,1607.0
RTE-00909,VEH-0382,Bike,2024-11-16,"ORD-007205,ORD-011830",111.3,159.67,520.2,683.9,2,2,26.84,DRV-0880,11,26.84
RTE-00910,VEH-0278,Bike,2024-06-14,"ORD-005229,ORD-014430,ORD-011863",299.43,9.31,352.0,79.9,3,3,1990.0 Wh,DRV-0127,13,1990.0
RTE-00911,VEH-0027,Drone,2024-08-08,"ORD-003837,ORD-004725,ORD-014801,ORD-004998,ORD-009718,ORD-011528,ORD-007570,ORD-010831,ORD-011033",195.85,260.3,488.8,652.7,9,9,57.13,,10,57.13
RTE-00912,VEH-0144,Bike,2025-03-01,"ORD-011649,ORD-001442,ORD-007381",357.13,229.35,35.7,691.6,3,3,23.84 L,DRV-0729,14,23.84
RTE-00913,VEH-0352,Bike,2024-06-08,"ORD-011293,ORD-001598,ORD-009706,ORD-010665,ORD-007914",302.58,,273.8,352.3,5,5,16.2 L,DRV-0286,4,16.2
RTE-00914,VEH-0232,Bike,2024-06-21,"ORD-013991,ORD-002151,ORD-001754,ORD-010502",367.7,9.68,368.4,612.8,4,3,10.4,DRV-0741,8,10.4
RTE-00915,VEH-0455,Van,2025-06-30,"ORD-003796,ORD-013646,ORD-011202,ORD-011263,ORD-014924,ORD-010690",234.67,80.95,482.1,24.3,6,4,33.37,DRV-0035,5,33.37
RTE-00916,VEH-0401,Van,2024-08-02,ORD-003649,202.28,70.88,201.1,743.7,1,1,30.74 L,DRV-0425,10,30.74
RTE-00917,VEH-0618,Truck,2024-01-04,ORD-011602,297.91,191.97,220.9,722.9,1,1,20.61,DRV-0106,14,20.61
RTE-00918,VEH-0437,Van,2024-09-20,"ORD-009093,ORD-003619,ORD-002810,ORD-003520,ORD-014733,ORD-006808,ORD-014504,ORD-004068",154.7,251.16,669.9,615.2,8,8,42.44 L,DRV-0164,13,42.44
RTE-00919,VEH-0325,Bike,2025-04-04,"ORD-014871,ORD-007976,ORD-010185,ORD-012065,ORD-001254,ORD-008727",206.08,47.4,239.3,345.6,6,4,833.0 Wh,DRV-0384,9,833.0
RTE-00920,VEH-0687,Truck,2024-01-25,"ORD-008148,ORD-012600,ORD-013447",286.2,25.74,433.2,244.6,3,3,201.0 Wh,DRV-0774,8,201.0
RTE-00921,VEH-0458,Van,2024-10-15,ORD-000268,178.27,259.26,279.2,779.0,1,1,42.29 L,DRV-0887,12,42.29
RTE-00922,VEH-0167,Bike,2024-11-24,"ORD-007399,ORD-011884,ORD-009581,ORD-013414,ORD-009449,ORD-010239,ORD-008927,ORD-008376,ORD-002635",208.66,371.65,694.6,52.7,9,9,546.0 Wh,DRV-0722,6,546.0
RTE-00923,VEH-0527,Van,2024-12-30,"ORD-004344,ORD-007912,ORD-008893,ORD-007225,ORD-000782,ORD-004622,ORD-008256,ORD-007617,ORD-012121",238.63,203.42,468.4,174.3,9,9,1102.0 Wh,DRV-0867,5,1102.0
RTE-00924,VEH-0019,Drone,2024-08-28,"ORD-006714,ORD-011005,ORD-000484",183.17,90.52,464.9,406.7,3,3,22.95 L,,11,22.95
RTE-00925,VEH-0171,Bike,2024-07-22,"ORD-006090,ORD-000382,ORD-003751,ORD-006238,ORD-007055,ORD-008684,ORD-006708,ORD-014402",219.53,166.37,164.4,244.8,8,7,15.61,DRV-0799,3,15.61
RTE-00926,VEH-0134,Drone,2024-04-20,"ORD-007184,ORD-001775,ORD-007299,ORD-000094",336.92,316.77,412.7,686.2,4,4,522.0 Wh,,13,522.0
RTE-00927,VEH-0315,Bike,2024-11-14,"ORD-000736,ORD-003427,ORD-004901,ORD-011828,ORD-002412",322.21,342.23,233.1,521.1,5,5,49.44 L,DRV-0453,12,49.44
RTE-00928,VEH-0510,Van,2025-01-08,"ORD-005427,ORD-001452,ORD-008350,ORD-012340,ORD-014522,ORD-014549,ORD-003101,ORD-010232,ORD-010497",268.36,209.15,298.2,684.6,9,9,502.0 Wh,DRV-0832,9,502.0
RTE-00929,VEH-0411,Van,2024-04-02,ORD-008595,24.42,278.51,394.2,767.1,1,1,50.16 L,DRV-0304,7,50.16
RTE-00930,VEH-0002,Drone,2025-02-21,"ORD-014649,ORD-006615,ORD-007169,ORD-009594,ORD-014305",351.32,439.58,472.3,22.4,5,5,22.03,,14,22.03
RTE-00931,VEH-0124,Drone,2024-01-19,"ORD-009814,ORD-000535,ORD-014773",245.46,385.49,531.2,189.3,3,3,694.0 Wh,,0,694.0
RTE-00932,VEH-0117,Drone,2024-12-21,ORD-012338,90.88,364.4,17.0,425.0,1,0,1413.0 Wh,,14,1413.0
RTE-00933,VEH-0124,Drone,2025-03-16,"ORD-007906,ORD-002069,ORD-002720,ORD-011529,ORD-002276,ORD-007906,ORD-008418,ORD-012035",17.25,87.5,476.5,505.0,8,8,24.44,,10,24.44
RTE-00934,VEH-0243,Bike,2024-02-26,"ORD-006179,ORD-011557,ORD-003911,ORD-010221,ORD-002762,ORD-004165,ORD-011519",89.78,415.68,295.2,379.9,7,7,807.0 Wh,DRV-0064,13,807.0
RTE-00935,VEH-0592,Truck,2024-03-15,"ORD-000633,ORD-005776,ORD-010114,ORD-012492,ORD-000819,ORD-010450",251.85,332.3,331.0,516.6,6,6,50.33 L,DRV-0272,9,50.33
RTE-00936,VEH-0674,Truck,2024-05-22,"ORD-004952,ORD-007140,ORD-013798",112.6,412.71,509.5,20.3,3,3,1672.0 Wh,DRV-0194,13,1672.0
RTE-00937,VEH-0316,Bike,2025-03-14,"ORD-011364,ORD-002493,ORD-005267,ORD-005636,ORD-005590,ORD-013414,ORD-008298,ORD-003932,ORD-006681",5.54,377.09,402.2,722.6,9,9,59.99,DRV-0570,10,59.99
RTE-00938,VEH-0406,Van,2024-02-14,"ORD-012858,ORD-009050,ORD-001196,ORD-007665,ORD-005005,ORD-004809",378.32,425.57,275.3,776.7,6,6,49.8,DRV-0837,12,49.8
RTE-00939,VEH-0349,Bike,2025-06-07,"ORD-003077,ORD-009271,ORD-011897,ORD-000479",338.93,244.1,473.4,220.6,4,4,1874.0 Wh,DRV-0045,10,1874.0
RTE-00940,VEH-0097,Drone,2025-05-13,"ORD-001528,ORD-014031",46.58,117.21,396.6,787.6,2,1,0.9 L,,6,0.9
RTE-00941,VEH-0115,Drone,2025-06-03,"ORD-000383,ORD-002434,ORD-005588,ORD-010356,ORD-009950,ORD-006686,ORD-006083",26.72,195.98,313.7,73.6,7,7,981.0 Wh,,5,981.0
RTE-00942,VEH-0401,Van,2024-04-23,"ORD-011118,ORD-008675,ORD-001302,ORD-002826",165.84,230.88,274.2,347.1,4,4,56.21 L,DRV-0465,6,56.21
RTE-00943,VEH-0401,Van,2024-03-26,"ORD-012300,ORD-010475,ORD-010479,ORD-009653,ORD-008847",112.26,86.66,209.1,466.5,5,5,648.0 Wh,DRV-0865,6,648.0
RTE-00944,VEH-0001,Drone,2024-03-29,"ORD-003817,ORD-007018,ORD-005518,ORD-008844",303.94,220.98,177.7,366.3,4,4,55.73 L,,10,55.73
RTE-00945,VEH-0108,Drone,2024-11-21,"ORD-013356,ORD-004997,ORD-012599,ORD-013497",14.05,376.05,145.4,396.3,4,4,17.52 L,,11,17.52
RTE-00946,VEH-0365,Bike,2025-01-17,"ORD-009996,ORD-001270,ORD-005084,ORD-003104,ORD-012600,ORD-013086",148.03,412.07,681.6,282.6,6,6,31.21 L,DRV-0119,9,31.21
RTE-00947,VEH-0198,Bike,2025-06-12,"ORD-012004,ORD-008058,ORD-001007,ORD-007885,ORD-007776,ORD-009559,ORD-005366,ORD-011082",380.52,431.41,660.3,332.8,8,8,33.42 L,DRV-0241,3,33.42
RTE-00948,VEH-0265,Bike,2024-07-28,"ORD-006947,ORD-013702,ORD-013838,ORD-011952,ORD-001294,ORD-014129,ORD-001296,ORD-013623",160.88,128.57,657.4,544.7,8,8,1080.0 Wh,DRV-0093,4,1080.0
RTE-00949,VEH-0310,Bike,2024-07-17,"ORD-010867,ORD-009153,ORD-012287,ORD-010937",272.38,339.37,58.2,413.1,4,3,1458.0 Wh,DRV-0498,8,1458.0
RTE-00950,VEH-0421,Van,2024-10-10,"ORD-000619,ORD-006017",10.15,408.53,63.0,147.5,2,2,2027.0 Wh,DRV-0894,11,2027.0
RTE-00951,VEH-0148,Bike,2025-06-14,"ORD-013138,ORD-000405,ORD-009997",320.67,453.95,634.3,296.2,3,2,540.0 Wh,DRV-0853,13,540.0
RTE-00952,VEH-0105,Drone,2025-01-31,"ORD-013852,ORD-009183,ORD-014505,ORD-011905",173.26,166.03,655.3,178.2,4,4,1821.0 Wh,,12,1821.0
RTE-00953,VEH-0066,Drone,2024-04-28,"ORD-008098,ORD-013677,ORD-010509,ORD-014086,ORD-008508,ORD-008604,ORD-011725",397.12,48.9,155.0,710.5,7,7,50.95 L,,3,50.95
RTE-00954,VEH-0112,Drone,2025-05-03,"ORD-011479,ORD-014309,ORD-005797",327.12,314.74,469.7,336.8,3,3,38.54 L,,11,38.54
RTE-00955,VEH-0070,Drone,2025-05-05,"ORD-012910,ORD-010503,ORD-005714,ORD-002350,ORD-013770,ORD-004664,ORD-014230,ORD-000288",259.29,163.5,466.0,578.7,8,7,5.33,,6,5.33
RTE-00956,VEH-0174,Bike,2025-06-26,"ORD-003321,ORD-004779,ORD-008032,ORD-006914,ORD-007622,ORD-004453,ORD-004970,ORD-003206",271.54,161.22,627.2,628.8,8,8,15.51 L,DRV-0113,13,15.51
RTE-00957,VEH-0613,Truck,2025-05-15,"ORD-006551,ORD-011756,ORD-013453,ORD-013239,ORD-002456,ORD-004040,ORD-012057,ORD-000772",154.04,331.74,298.7,234.7,8,8,215.0 Wh,DRV-0044,7,215.0
RTE-00958,VEH-0294,Bike,2025-04-07,"ORD-013149,ORD-013018,ORD-011389,ORD-010575",122.9,154.24,202.2,283.7,4,4,54.48 L,DRV-0027,5,54.48
RTE-00959,VEH-0625,Truck,2024-11-12,"ORD-002235,ORD-002827,ORD-006362",168.9,59.67,626.9,42.9,3,3,2107.0 Wh,DRV-0216,6,2107.0
RTE-00960,VEH-0224,Bike,2024-07-07,"ORD-001410,ORD-013267,ORD-012585,ORD-004150,ORD-005727,ORD-004433",45.51,411.97,27.9,476.1,6,6,1552.0 Wh,DRV-0419,6,1552.0
RTE-00961,VEH-0481,Van,2024-08-01,"ORD-013008,ORD-012822,ORD-011910,ORD-004152,ORD-012986,ORD-010130,ORD-004084,ORD-007526,ORD-012164",250.34,66.77,216.7,196.8,9,9,29.57,DRV-0261,7,29.57
RTE-00962,VEH-0630,Truck,2025-01-05,"ORD-011031,ORD-007294,ORD-008872,ORD-004980",210.85,450.22,246.3,413.0,4,4,33.2 L,DRV-0838,13,33.2
RTE-00963,VEH-0640,Truck,2024-07-05,"ORD-006925,ORD-009143,ORD-008785",8.27,32.06,296.9,93.1,3,3,44.24 L,DRV-0113,13,44.24
RTE-00964,VEH-0055,Drone,2025-06-30,"ORD-003142,ORD-012554,ORD-000292,ORD-004360,ORD-005875,ORD-004756,ORD-009158,ORD-006726,ORD-007803",318.91,100.45,277.4,415.9,9,8,8.0 L,,9,8.0
RTE-00965,VEH-0011,Drone,2024-04-10,ORD-004079,296.37,185.24,667.9,595.6,1,1,1849.0 Wh,,9,1849.0
RTE-00966,VEH-0048,Drone,2024-07-23,"ORD-005730,ORD-002870,ORD-013914",155.2,458.98,480.0,189.1,3,3,16.33,,4,16.33
RTE-00967,VEH-0046,Drone,2024-08-23,"ORD-006152,ORD-008401,ORD-006766,ORD-001267,ORD-010973",21.66,132.6,44.4,114.8,5,5,1033.0 Wh,,13,1033.0
RTE-00968,VEH-0413,Van,2025-01-26,"ORD-012690,ORD-000872,ORD-007138,ORD-013013,ORD-006658,ORD-013388,ORD-009179,ORD-001340",73.17,73.26,234.0,193.1,8,8,12.18,DRV-0096,13,12.18
RTE-00969,VEH-0159,Bike,2025-04-23,"ORD-000483,ORD-008048,ORD-014323",381.87,412.94,184.5,116.0,3,3,16.42 L,DRV-0896,11,16.42
RTE-00970,VEH-0107,Drone,2024-02-02,"ORD-003224,ORD-001819,ORD-002408,ORD-009927,ORD-003190",155.43,390.07,226.8,40.7,5,5,54.44 L,,5,54.44
RTE-00971,VEH-0045,Drone,2024-05-20,"ORD-013841,ORD-008347",306.22,123.95,16.8,624.7,2,2,25.16 L,,13,25.16
RTE-00972,VEH-0389,Bike,2025-01-28,"ORD-011986,ORD-004588,ORD-011155,ORD-009623,ORD-014052,ORD-009990,ORD-003047",149.97,214.66,519.6,128.4,7,7,41.16,DRV-0742,4,41.16
RTE-00973,VEH-0469,Van,2024-03-19,ORD-008444,197.26,215.95,592.6,652.3,1,0,1534.0 Wh,DRV-0575,3,1534.0
RTE-00974,VEH-0682,Truck,2024-11-07,"ORD-008589,ORD-014313,ORD-013435,ORD-001416,ORD-009439,ORD-006591",42.14,232.19,578.5,603.5,6,5,6.74 L,DRV-0548,11,6.74
RTE-00975,VEH-0038,Drone,2024-07-11,"ORD-005453,ORD-007445",265.44,431.55,231.0,618.5,2,2,7.11 L,,4,7.11
RTE-00976,VEH-0646,Truck,2025-03-20,"ORD-009256,ORD-008446,ORD-001543",411.17,51.58,34.0,719.1,3,3,1947.0 Wh,DRV-0017,4,1947.0
RTE-00977,VEH-0485,Van,2024-05-16,"ORD-005026,ORD-009175",243.72,309.81,159.5,495.7,2,1,3.8 L,DRV-0761,12,3.8
RTE-00978,VEH-0665,Truck,2025-01-15,"ORD-003062,ORD-005919,ORD-006223,ORD-002640",307.48,124.49,312.9,722.3,4,4,48.24,DRV-0002,11,48.24
RTE-00979,VEH-0018,Drone,2024-08-07,ORD-009826,178.71,458.12,209.2,613.2,1,1,481.0 Wh,,3,481.0
RTE-00980,VEH-0086,Drone,2025-05-17,"ORD-014407,ORD-012908,ORD-011007",106.55,35.04,351.6,655.8,3,3,620.0 Wh,,9,620.0
RTE-00981,VEH-0131,Drone,2024-09-09,"ORD-005547,ORD-012858,ORD-005373,ORD-007285,ORD-001682,ORD-013508",320.8,,81.4,79.4,6,6,20.39,,12,20.39
RTE-00982,VEH-0618,Truck,2025-04-11,"ORD-010618,ORD-002414,ORD-005946,ORD-002486,ORD-008641",29.69,293.48,574.1,392.4,5,5,46.47,DRV-0275,11,46.47
RTE-00983,VEH-0553,Van,2024-06-18,"ORD-006369,ORD-013020,ORD-003499,ORD-004679,ORD-008334",361.35,319.65,18.7,583.4,5,5,36.44,DRV-0840,3,36.44
RTE-00984,VEH-0438,Van,2024-05-01,"ORD-000802,ORD-011607,ORD-000209,ORD-002842,ORD-003363,ORD-012302",126.27,335.5,419.6,238.3,6,6,2099.0 Wh,DRV-0130,12,2099.0
RTE-00985,VEH-0177,Bike,2024-02-26,"ORD-001233,ORD-008697,ORD-006101,ORD-002530,ORD-001261,ORD-012412,ORD-008308,ORD-011665",10.37,212.93,381.8,432.4,8,8,21.64 L,DRV-0604,10,21.64
RTE-00986,VEH-0162,Bike,2025-02-09,"ORD-011506,ORD-014820,ORD-014019,ORD-006195,ORD-004223,ORD-005612,ORD-010952",4.07,240.98,448.6,367.0,7,7,56.84,DRV-0524,9,56.84
RTE-00987,VEH-0542,Van,2024-07-02,"ORD-003211,ORD-011607,ORD-000767,ORD-008570,ORD-009902,ORD-006860,ORD-014440",96.78,384.78,449.6,300.6,7,7,39.25 L,DRV-0196,7,39.25
RTE-00988,VEH-0418,Van,2025-02-05,"ORD-006279,ORD-002623,ORD-012602,ORD-003141,ORD-011656,ORD-003415,ORD-006466",363.73,9.41,364.5,45.2,7,6,37.53,DRV-0781,9,37.53
RTE-00989,VEH-0526,Van,2024-01-27,"ORD-006971,ORD-003680,ORD-014116,ORD-005653,ORD-002839,ORD-003372,ORD-004521,ORD-004241",410.73,353.81,371.1,49.0,8,8,19.14,DRV-0177,8,19.14
RTE-00990,VEH-0327,Bike,2024-05-09,"ORD-010745,ORD-009282,ORD-010110",16.19,385.94,542.3,616.3,3,2,59.04,DRV-0630,3,59.04
RTE-00991,VEH-0119,Drone,2024-07-23,"ORD-009914,ORD-001981,ORD-011669,ORD-011648",71.66,60.1,653.9,338.8,4,4,40.53,,3,40.53
RTE-00992,VEH-0269,Bike,2025-04-02,"ORD-003916,ORD-012840,ORD-010367",345.23,353.03,637.8,43.6,3,3,25.86,DRV-0765,3,25.86
RTE-00993,VEH-0263,Bike,2024-08-13,"ORD-013867,ORD-007168,ORD-002984,ORD-000910,ORD-002088,ORD-008652,ORD-002855,ORD-002749,ORD-004690",62.98,,273.7,377.1,9,9,915.0 Wh,DRV-0264,7,915.0
RTE-00994,VEH-0431,Van,2024-04-02,"ORD-007960,ORD-012762,ORD-010575,ORD-008030",343.59,385.07,115.1,305.5,4,4,23.99,DRV-0664,10,23.99
RTE-00995,VEH-0528,Van,2025-02-13,"ORD-005190,ORD-002186,ORD-008608,ORD-009305,ORD-011158,ORD-012072,ORD-002677,ORD-014601",328.72,241.73,670.5,24.2,8,8,10.36 L,DRV-0198,3,10.36
RTE-00996,VEH-0698,Truck,2024-03-04,"ORD-007305,ORD-008775,ORD-000699",325.12,417.4,184.5,158.7,3,3,10.24 L,DRV-0756,4,10.24
RTE-00997,VEH-0658,Truck,2024-08-21,"ORD-000696,ORD-005876,ORD-000723,ORD-006400,ORD-014422,ORD-008731",112.74,7.0,562.9,737.5,6,6,54.58 L,DRV-0030,11,54.58
RTE-00998,VEH-0105,Drone,2024-08-20,"ORD-004718,ORD-000346",380.04,3.01,440.1,777.9,2,2,897.0 Wh,,6,897.0
RTE-00999,VEH-0309,Bike,2024-10-23,"ORD-013164,ORD-013374",400.81,382.31,178.3,526.7,2,2,25.82 L,DRV-0729,0,25.82
RTE-01000,VEH-0462,Van,2024-06-18,ORD-001308,140.74,,653.7,417.4,1,1,1762.0 Wh,DRV-0519,3,1762.0
RTE-01001,VEH-0130,Drone,2024-11-23,"ORD-003961,ORD-006954,ORD-012057,ORD-012244,ORD-011008,ORD-014454,ORD-007918,ORD-003101",308.14,74.18,229.1,742.3,8,8,34.93 L,,6,34.93
RTE-01002,VEH-0512,Van,2025-06-25,"ORD-012268,ORD-011686,ORD-008704,ORD-012158,ORD-000972,ORD-012855,ORD-007206",182.64,166.23,621.0,407.3,7,7,7.97 L,DRV-0341,7,7.97
RTE-01003,VEH-0430,Van,2024-06-13,"ORD-001587,ORD-008506,ORD-003753,ORD-014808,ORD-001621",226.42,,41.6,18.9,5,4,27.12 L,DRV-0329,11,27.12
RTE-01004,VEH-0442,Van,2025-02-02,"ORD-006753,ORD-003856,ORD-013053",87.94,85.2,452.2,283.6,3,3,47.57,DRV-0788,4,47.57
RTE-01005,VEH-0173,Bike,2024-09-09,"ORD-006590,ORD-004024,ORD-008925,ORD-011439,ORD-003432,ORD-004250,ORD-007618,ORD-014513,ORD-008890",212.7,264.44,368.9,437.8,9,9,18.55 L,DRV-0691,7,18.55
RTE-01006,VEH-0549,Van,2025-03-03,"ORD-006375,ORD-013744,ORD-008260,ORD-008848,ORD-014295,ORD-007367,ORD-003688",398.95,442.22,322.6,646.0,7,6,27.19,DRV-0168,11,27.19
RTE-01007,VEH-0524,Van,2024-05-25,"ORD-012204,ORD-013320,ORD-008851,ORD-001333,ORD-004932",91.24,185.69,113.3,265.0,5,5,28.8,DRV-0358,7,28.8
RTE-01008,VEH-0442,Van,2024-09-15,"ORD-008817,ORD-006578,ORD-011350,ORD-000958,ORD-012799,ORD-000183,ORD-004867,ORD-007313",113.96,198.07,204.9,136.8,8,8,893.0 Wh,DRV-0658,11,893.0
RTE-01009,VEH-0649,Truck,2024-05-23,"ORD-012522,ORD-007099,ORD-006474",376.8,53.48,190.6,121.6,3,3,881.0 Wh,DRV-0484,3,881.0
RTE-01010,VEH-0664,Truck,2024-10-19,"ORD-003335,ORD-011512",5.19,449.94,280.4,756.8,2,2,42.78,DRV-0405,4,42.78
RTE-01011,VEH-0453,Van,2024-06-07,"ORD-008087,ORD-014481,ORD-007676,ORD-011857",295.61,119.24,227.4,726.5,4,4,1650.0 Wh,DRV-0588,8,1650.0
RTE-01012,VEH-0558,Van,2025-06-19,"ORD-011036,ORD-009203,ORD-014861,ORD-011233",405.38,,478.1,688.1,4,4,27.75 L,DRV-0697,3,27.75
RTE-01013,VEH-0696,Truck,2025-06-15,"ORD-008037,ORD-013018,ORD-005470,ORD-008407,ORD-002429,ORD-002785,ORD-006228,ORD-000329",407.88,117.68,238.9,716.0,8,8,5.58 L,DRV-0863,0,5.58
RTE-01014,VEH-0621,Truck,2024-09-12,ORD-013278,397.5,330.53,503.2,581.6,1,1,712.0 Wh,DRV-0157,14,712.0
RTE-01015,VEH-0665,Truck,2024-07-21,"ORD-013950,ORD-008703,ORD-013476,ORD-012484,ORD-008817",108.24,446.04,661.7,555.3,5,5,1469.0 Wh,DRV-0586,10,1469.0
RTE-01016,VEH-0673,Truck,2024-09-12,"ORD-000293,ORD-005799",144.81,,507.9,257.1,2,2,59.26 L,DRV-0444,0,59.26
RTE-01017,VEH-0690,Truck,2024-12-21,"ORD-003982,ORD-010189,ORD-014186,ORD-000195,ORD-007359,ORD-011168,ORD-006441,ORD-003348",91.93,335.16,340.3,37.7,8,8,1022.0 Wh,DRV-0017,7,1022.0
RTE-01018,VEH-0009,Drone,2024-12-05,"ORD-007046,ORD-001966",213.98,,339.1,175.2,2,2,1152.0 Wh,,0,1152.0
RTE-01019,VEH-0656,Truck,2024-09-25,"ORD-003597,ORD-009810,ORD-014743,ORD-003228,ORD-003290",325.96,206.49,155.6,111.1,5,5,440.0 Wh,DRV-0072,13,440.0
RTE-01020,VEH-0586,Truck,2025-04-18,"ORD-000730,ORD-013208,ORD-010116,ORD-002111,ORD-002028",294.38,366.8,239.5,32.0,5,5,45.17 L,DRV-0588,3,45.17
RTE-01021,VEH-0360,Bike,2024-08-09,"ORD-012357,ORD-010976",95.68,224.34,549.6,428.7,2,2,402.0 Wh,DRV-0260,13,402.0
RTE-01022,VEH-0061,Drone,2024-11-11,"ORD-010764,ORD-013495,ORD-010024",310.95,4.86,93.0,100.7,3,3,51.16 L,,0,51.16
RTE-01023,VEH-0094,Drone,2025-04-04,"ORD-002202,ORD-012886",24.3,302.17,367.0,341.0,2,0,20.12 L,,6,20.12
RTE-01024,VEH-0490,Van,2024-09-20,"ORD-009367,ORD-001197",285.78,4.89,92.9,149.6,2,2,27.66 L,DRV-0376,13,27.66
RTE-01025,VEH-0593,Truck,2025-02-01,"ORD-011993,ORD-003581,ORD-014759",351.2,275.06,358.1,402.7,3,3,45.77 L,DRV-0281,4,45.77
RTE-01026,VEH-0240,Bike,2024-11-11,"ORD-010075,ORD-008109,ORD-013419,ORD-012221,ORD-010599,ORD-008049,ORD-003017",251.85,205.66,121.0,259.1,7,7,38.09,DRV-0868,3,38.09
RTE-01027,VEH-0506,Van,2024-04-09,"ORD-006240,ORD-007938,ORD-013895,ORD-007841,ORD-000624,ORD-014645,ORD-000553,ORD-008593",322.27,286.2,556.1,679.8,8,8,53.06,DRV-0618,3,53.06
RTE-01028,VEH-0603,Truck,2024-10-02,ORD-006594,364.48,400.6,328.4,795.8,1,1,1898.0 Wh,DRV-0554,4,1898.0
RTE-01029,VEH-0118,Drone,2024-06-04,"ORD-009198,ORD-005422,ORD-012131,ORD-008138,ORD-012096,ORD-008347,ORD-008928,ORD-004551,ORD-008174",355.76,166.42,281.9,135.4,9,9,6.95,,14,6.95
RTE-01030,VEH-0598,Truck,2025-03-28,"ORD-001878,ORD-010103,ORD-009525",235.65,387.64,143.4,747.8,3,3,46.19 L,DRV-0703,8,46.19
RTE-01031,VEH-0514,Van,2024-05-17,"ORD-002398,ORD-004356,ORD-012102,ORD-000993,ORD-000944,ORD-013596,ORD-014830,ORD-004404",271.84,265.24,196.6,17.7,8,8,2.36 L,DRV-0882,12,2.36
RTE-01032,VEH-0507,Van,2024-09-30,"ORD-004220,ORD-001490,ORD-014290",41.56,,422.0,476.2,3,3,37.11,DRV-0014,3,37.11
RTE-01033,VEH-0044,Drone,2024-06-12,"ORD-007570,ORD-000031",340.97,185.31,117.6,124.9,2,2,1891.0 Wh,,5,1891.0
RTE-01034,VEH-0627,Truck,2025-01-26,"ORD-003079,ORD-008248,ORD-010949,ORD-005387,ORD-006154,ORD-006862,ORD-010376,ORD-007796,ORD-012816",327.34,352.47,581.8,244.3,9,9,774.0 Wh,DRV-0503,10,774.0
RTE-01035,VEH-0336,Bike,2024-02-26,"ORD-003662,ORD-010388,ORD-006402,ORD-011980,ORD-011585,ORD-008348,ORD-011843",329.69,296.52,157.5,417.2,7,7,1226.0 Wh,DRV-0503,8,1226.0
RTE-01036,VEH-0050,Drone,2025-03-08,"ORD-006363,ORD-002319,ORD-005086,ORD-003410,ORD-014875,ORD-006402",154.31,127.86,307.0,104.4,6,6,1969.0 Wh,,12,1969.0
RTE-01037,VEH-0570,Van,2024-05-10,"ORD-003854,ORD-007084,ORD-008552,ORD-004659,ORD-011715,ORD-013273,ORD-000562,ORD-010457",385.13,50.17,587.3,211.6,8,8,44.61 L,DRV-0013,12,44.61
RTE-01038,VEH-0506,Van,2024-09-06,"ORD-010030,ORD-004036,ORD-007375,ORD-006495,ORD-000082,ORD-010463,ORD-011781",164.23,400.41,266.1,509.9,7,7,243.0 Wh,DRV-0619,0,243.0
RTE-01039,VEH-0687,Truck,2024-03-21,"ORD-004563,ORD-004201",175.35,208.36,348.1,443.4,2,2,11.55 L,DRV-0688,6,11.55
RTE-01040,VEH-0493,Van,2024-03-08,"ORD-013516,ORD-012651,ORD-014189,ORD-013220,ORD-005474,ORD-013166,ORD-014300,ORD-009304",111.28,235.75,266.0,465.5,8,8,20.99,DRV-0237,12,20.99
RTE-01041,VEH-0048,Drone,2024-05-27,"ORD-010098,ORD-003902,ORD-002126,ORD-002611,ORD-010827,ORD-011233,ORD-001460,ORD-006364",141.88,,651.1,693.9,8,8,55.15 L,,10,55.15
RTE-01042,VEH-0041,Drone,2024-12-01,"ORD-005145,ORD-008365,ORD-006591,ORD-012192",392.9,298.1,147.1,512.5,4,3,1363.0 Wh,,7,1363.0
RTE-01043,VEH-0116,Drone,2024-08-25,"ORD-008087,ORD-012135",301.39,211.33,76.2,562.0,2,2,282.0 Wh,,12,282.0
RTE-01044,VEH-0188,Bike,2024-01-12,"ORD-001027,ORD-001381,ORD-007943,ORD-001649,ORD-001526,ORD-000744",385.58,341.56,72.0,499.5,6,6,43.39,DRV-0051,7,43.39
RTE-01045,VEH-0405,Van,2024-01-30,"ORD-008439,ORD-011753,ORD-002127",388.2,393.13,403.0,98.4,3,3,1740.0 Wh,DRV-0699,3,1740.0
RTE-01046,VEH-0007,Drone,2025-06-15,"ORD-012603,ORD-004341,ORD-005383,ORD-001251,ORD-007369,ORD-007854",137.03,192.47,581.6,471.6,6,6,26.27 L,,8,26.27
RTE-01047,VEH-0699,Truck,2024-07-15,"ORD-010406,ORD-008138,ORD-010488,ORD-001277,ORD-005154,ORD-014923,ORD-002066",318.24,39.61,520.6,476.8,7,7,650.0 Wh,DRV-0310,4,650.0
RTE-01048,VEH-0466,Van,2025-02-20,"ORD-007477,ORD-013931,ORD-008457,ORD-014933,ORD-005976,ORD-010281,ORD-012206,ORD-001147,ORD-010487",83.71,32.61,690.1,393.2,9,9,44.75,DRV-0048,13,44.75
RTE-01049,VEH-0604,Truck,2024-11-05,"ORD-011285,ORD-014368,ORD-011648",373.1,446.68,466.8,21.1,3,3,40.94 L,DRV-0705,10,40.94
RTE-01050,VEH-0625,Truck,2024-08-27,"ORD-010046,ORD-013581,ORD-008331,ORD-002400,ORD-005173",168.45,103.45,129.8,285.1,5,5,46.76 L,DRV-0264,5,46.76
RTE-01051,VEH-0197,Bike,2024-01-12,"ORD-005040,ORD-009829,ORD-013109,ORD-011769,ORD-003611,ORD-013625,ORD-002909,ORD-004704",127.33,398.72,102.3,394.6,8,8,7.09,DRV-0329,12,7.09
RTE-01052,VEH-0502,Van,2024-05-12,"ORD-009713,ORD-008490,ORD-002927,ORD-006839,ORD-007677,ORD-013913",307.36,24.66,471.4,265.3,6,6,19.22 L,DRV-0432,10,19.22
RTE-01053,VEH-0404,Van,2025-03-24,"ORD-003533,ORD-013442,ORD-006215,ORD-001192,ORD-008284,ORD-000603,ORD-014181",118.89,457.43,690.0,343.0,7,7,30.21 L,DRV-0212,5,30.21
RTE-01054,VEH-0592,Truck,2024-09-23,"ORD-006586,ORD-001022,ORD-003687,ORD-010207,ORD-010069,ORD-010853",95.59,178.08,683.6,657.8,6,6,38.94,DRV-0116,14,38.94
RTE-01055,VEH-0107,Drone,2024-03-04,"ORD-005340,ORD-003648,ORD-007048,ORD-009006",197.85,274.05,117.6,424.9,4,4,6.77 L,,11,6.77
RTE-01056,VEH-0287,Bike,2024-06-15,"ORD-009428,ORD-003620,ORD-002223,ORD-009270",171.2,,435.8,610.8,4,4,19.46 L,DRV-0227,11,19.46
RTE-01057,VEH-0677,Truck,2025-01-20,"ORD-008060,ORD-014700,ORD-013598,ORD-007952,ORD-003666,ORD-004001,ORD-009138",231.74,261.36,201.8,125.3,7,7,38.62,DRV-0392,5,38.62
RTE-01058,VEH-0407,Van,2024-11-11,"ORD-006254,ORD-008922",379.92,144.93,334.4,65.7,2,2,3.91,DRV-0534,9,3.91
RTE-01059,VEH-0581,Truck,2025-04-06,"ORD-004205,ORD-013088,ORD-005249,ORD-012541,ORD-009030,ORD-004650,ORD-004574,ORD-009938,ORD-006317",413.44,7.22,277.3,92.0,9,9,0.83 L,DRV-0438,14,0.83
RTE-01060,VEH-0274,Bike,2024-10-18,"ORD-014578,ORD-013865,ORD-011523,ORD-001413,ORD-014398,ORD-009418,ORD-007164",139.4,285.84,593.1,383.5,7,7,47.45,DRV-0200,13,47.45
RTE-01061,VEH-0504,Van,2024-05-16,"ORD-013360,ORD-010274,ORD-011890,ORD-009415",103.14,277.64,401.2,655.0,4,4,1209.0 Wh,DRV-0536,9,1209.0
RTE-01062,VEH-0174,Bike,2025-04-24,ORD-000027,36.08,242.49,468.7,87.7,1,1,14.73 L,DRV-0239,6,14.73
RTE-01063,VEH-0047,Drone,2025-05-28,"ORD-014086,ORD-004766,ORD-014148,ORD-001375,ORD-014144,ORD-010957",235.77,104.72,473.7,189.8,6,5,410.0 Wh,,0,410.0
RTE-01064,VEH-0515,Van,2024-08-01,ORD-005549,109.68,371.24,558.5,571.2,1,1,25.99 L,DRV-0113,6,25.99
RTE-01065,VEH-0460,Van,2024-09-14,"ORD-014739,ORD-014654",267.46,83.51,165.2,398.3,2,2,1046.0 Wh,DRV-0498,5,1046.0
RTE-01066,VEH-0563,Van,2024-02-17,"ORD-006880,ORD-004530,ORD-010362,ORD-005087,ORD-012475,ORD-003862,ORD-001555,ORD-010906",139.04,327.46,674.7,462.9,8,8,55.1,DRV-0422,4,55.1
RTE-01067,VEH-0663,Truck,2025-02-23,"ORD-009507,ORD-001738,ORD-012656",126.53,80.98,466.7,97.7,3,2,39.32 L,DRV-0792,8,39.32
RTE-01068,VEH-0026,Drone,2025-02-10,"ORD-004931,ORD-014177,ORD-003418,ORD-014782,ORD-006394,ORD-012619,ORD-006394,ORD-011940,ORD-012430",265.86,33.88,171.9,787.9,9,9,624.0 Wh,,14,624.0
RTE-01069,VEH-0649,Truck,2024-04-30,"ORD-011209,ORD-009457,ORD-000217,ORD-000300",243.2,398.1,590.8,288.9,4,4,29.66,DRV-0810,7,29.66
RTE-01070,VEH-0118,Drone,2024-11-12,"ORD-010858,ORD-013075,ORD-009121,ORD-008512,ORD-001803,ORD-007308",341.17,52.83,83.6,539.3,6,6,35.99 L,,5,35.99
RTE-01071,VEH-0024,Drone,2025-05-15,"ORD-008423,ORD-010682",34.86,305.81,471.9,166.4,2,2,538.0 Wh,,9,538.0
RTE-01072,VEH-0107,Drone,2024-09-17,"ORD-001401,ORD-008859",85.86,213.93,690.4,325.7,2,2,21.07,,14,21.07
RTE-01073,VEH-0196,Bike,2024-02-19,"ORD-010806,ORD-004611,ORD-011537,ORD-002522,ORD-000413,ORD-010883",204.38,24.8,583.2,263.1,6,6,343.0 Wh,DRV-0284,12,343.0
RTE-01074,VEH-0108,Drone,2025-04-12,"ORD-012837,ORD-010141,ORD-009192,ORD-013268,ORD-011551,ORD-012289,ORD-012480,ORD-004594",37.83,334.87,112.2,502.6,8,8,53.65 L,,8,53.65
RTE-01075,VEH-0149,Bike,2025-03-22,"ORD-002204,ORD-003543,ORD-006421,ORD-000253,ORD-012238,ORD-000963,ORD-009749,ORD-009174,ORD-006727",230.82,7.97,194.6,756.7,9,9,49.57,DRV-0044,13,49.57
RTE-01076,VEH-0600,Truck,2024-04-23,ORD-000336,167.43,412.8,251.9,49.1,1,1,30.48,DRV-0193,12,30.48
RTE-01077,VEH-0352,Bike,2024-06-17,"ORD-010170,ORD-002826",233.24,388.65,298.7,696.7,2,0,1231.0 Wh,DRV-0593,14,1231.0
RTE-01078,VEH-0248,Bike,2024-04-16,"ORD-001455,ORD-001300,ORD-001523,ORD-002737,ORD-013701",300.21,218.69,232.9,158.9,5,4,1341.0 Wh,DRV-0510,3,1341.0
RTE-01079,VEH-0378,Bike,2025-04-17,"ORD-013068,ORD-003838,ORD-013244,ORD-012884,ORD-009655,ORD-013209,ORD-009029,ORD-012855",272.8,105.71,596.8,793.8,8,8,2166.0 Wh,DRV-0487,6,2166.0
RTE-01080,VEH-0483,Van,2024-05-01,ORD-001891,282.32,427.43,97.8,295.4,1,1,1348.0 Wh,DRV-0313,6,1348.0
RTE-01081,VEH-0589,Truck,2024-05-19,"ORD-006906,ORD-002281",81.48,442.94,37.0,771.2,2,2,29.28,DRV-0055,9,29.28
RTE-01082,VEH-0552,Van,2025-02-15,"ORD-010167,ORD-007683,ORD-008028,ORD-012407,ORD-000201,ORD-012109,ORD-009757,ORD-003501",197.55,425.9,614.9,531.7,8,8,7.99 L,DRV-0128,14,7.99
RTE-01083,VEH-0082,Drone,2024-04-10,"ORD-008810,ORD-010227,ORD-014134,ORD-007207,ORD-011491,ORD-011503,ORD-010470",20.76,357.39,21.2,555.4,7,7,23.37,,12,23.37
RTE-01084,VEH-0072,Drone,2024-02-29,"ORD-004200,ORD-001913,ORD-000458,ORD-007771,ORD-007361,ORD-000918,ORD-013037",353.43,110.83,407.0,455.3,7,7,12.94 L,,9,12.94
RTE-01085,VEH-0003,Drone,2024-06-20,"ORD-010032,ORD-002670,ORD-014238,ORD-014185,ORD-011911,ORD-003146,ORD-001604",149.82,11.02,294.0,487.7,7,6,27.33 L,,14,27.33
RTE-01086,VEH-0671,Truck,2024-02-18,"ORD-009601,ORD-006486,ORD-012671,ORD-001716",409.63,106.06,345.9,662.3,4,4,28.78,DRV-0312,6,28.78
RTE-01087,VEH-0683,Truck,2025-06-12,"ORD-004938,ORD-006465,ORD-001086,ORD-003491,ORD-007084",231.0,,117.2,608.8,5,4,33.4,DRV-0415,3,33.4
RTE-01088,VEH-0680,Truck,2024-05-20,"ORD-002047,ORD-000686",259.62,132.17,213.4,577.9,2,2,10.1,DRV-0352,9,10.1
RTE-01089,VEH-0674,Truck,2024-02-10,ORD-009024,419.71,96.08,497.1,711.6,1,0,41.71 L,DRV-0276,5,41.71
RTE-01090,VEH-0151,Bike,2025-01-12,"ORD-014114,ORD-009076,ORD-000078,ORD-001222,ORD-009239",143.43,292.62,681.2,360.9,5,4,32.67,DRV-0731,7,32.67
RTE-01091,VEH-0023,Drone,2024-08-22,"ORD-009121,ORD-011160,ORD-000117",171.02,,271.1,629.9,3,3,1743.0 Wh,,3,1743.0
RTE-01092,VEH-0394,Bike,2024-10-23,"ORD-009695,ORD-003942,ORD-013167,ORD-004672,ORD-010318",301.49,132.23,222.8,661.1,5,5,1063.0 Wh,DRV-0638,7,1063.0
RTE-01093,VEH-0650,Truck,2024-01-27,"ORD-010405,ORD-003085,ORD-012782,ORD-005652,ORD-006114,ORD-004287",403.62,,528.1,127.4,6,4,48.04,DRV-0836,8,48.04
RTE-01094,VEH-0381,Bike,2025-03-16,"ORD-012373,ORD-003861,ORD-005479,ORD-007656,ORD-005330,ORD-000445",212.5,211.87,619.4,640.7,6,6,42.51,DRV-0143,7,42.51
RTE-01095,VEH-0314,Bike,2025-06-07,"ORD-002935,ORD-002121,ORD-001396,ORD-013558",84.67,319.94,39.2,21.5,4,3,342.0 Wh,DRV-0175,14,342.0
RTE-01096,VEH-0630,Truck,2024-01-19,"ORD-014051,ORD-001777,ORD-008643,ORD-000687,ORD-001819",68.79,15.84,306.6,125.8,5,3,51.47 L,DRV-0494,10,51.47
RTE-01097,VEH-0132,Drone,2024-01-10,"ORD-003529,ORD-014263,ORD-004948,ORD-013425,ORD-003028,ORD-011359,ORD-006173,ORD-012811",49.31,364.0,437.6,246.2,8,7,1024.0 Wh,,3,1024.0
RTE-01098,VEH-0065,Drone,2024-05-27,"ORD-010246,ORD-013480,ORD-009293,ORD-009944,ORD-002425,ORD-012892,ORD-007659,ORD-010215",72.19,,478.8,56.7,8,7,15.58 L,,8,15.58
RTE-01099,VEH-0601,Truck,2025-04-13,ORD-001036,218.74,29.18,107.6,407.7,1,1,1613.0 Wh,DRV-0424,13,1613.0
RTE-01100,VEH-0685,Truck,2024-07-14,"ORD-012657,ORD-002171,ORD-000819",308.27,87.88,395.8,495.7,3,2,1.17,DRV-0511,5,1.17
RTE-01101,VEH-0005,Drone,2024-06-12,"ORD-005241,ORD-012747,ORD-000088,ORD-007833,ORD-004541,ORD-009944,ORD-011815",216.57,158.94,676.7,782.4,7,7,39.18,,11,39.18
RTE-01102,VEH-0275,Bike,2024-08-17,"ORD-011769,ORD-005957",254.87,172.52,43.9,16.2,2,2,24.12 L,DRV-0047,11,24.12
RTE-01103,VEH-0140,Drone,2024-08-19,"ORD-010023,ORD-005288,ORD-008855,ORD-006710,ORD-012100,ORD-003061,ORD-014484,ORD-006960,ORD-005852",347.74,458.75,454.5,387.7,9,9,48.86 L,,4,48.86
RTE-01104,VEH-0101,Drone,2024-05-31,ORD-001326,93.98,160.05,405.2,516.8,1,1,280.0 Wh,,12,280.0
RTE-01105,VEH-0060,Drone,2025-06-24,"ORD-013840,ORD-001477,ORD-008146,ORD-014016",160.84,341.63,622.4,509.4,4,3,32.78 L,,12,32.78
RTE-01106,VEH-0456,Van,2024-10-31,"ORD-009873,ORD-000841",148.08,213.34,35.5,382.9,2,2,732.0 Wh,DRV-0440,8,732.0
RTE-01107,VEH-0079,Drone,2025-05-28,"ORD-005272,ORD-013918,ORD-002397",317.26,355.2,363.0,618.2,3,3,11.5,,10,11.5
RTE-01108,VEH-0104,Drone,2024-06-21,"ORD-004749,ORD-002946,ORD-011348,ORD-013821,ORD-012410,ORD-010687,ORD-009211",392.02,80.16,81.7,19.1,7,7,53.69 L,,5,53.69
RTE-01109,VEH-0542,Van,2024-05-06,ORD-004748,107.54,115.47,485.4,731.9,1,1,44.7,DRV-0263,8,44.7
RTE-01110,VEH-0015,Drone,2024-02-11,"ORD-006581,ORD-010925,ORD-009154,ORD-001792",48.84,75.12,501.9,623.6,4,4,17.71,,6,17.71
RTE-01111,VEH-0091,Drone,2024-11-23,"ORD-001401,ORD-008727,ORD-006177,ORD-004483,ORD-012458",145.54,128.44,266.9,626.9,5,5,24.65 L,,12,24.65
RTE-01112,VEH-0666,Truck,2025-06-12,"ORD-006392,ORD-013344,ORD-003808,ORD-005479,ORD-005607,ORD-000668,ORD-010032,ORD-000680",383.47,142.18,334.0,93.8,8,8,46.48 L,DRV-0220,14,46.48
RTE-01113,VEH-0682,Truck,2024-07-07,"ORD-009035,ORD-013295,ORD-000741,ORD-012135,ORD-009430",200.87,16.95,660.9,666.1,5,5,35.45,DRV-0472,11,35.45
RTE-01114,VEH-0611,Truck,2025-01-23,"ORD-002170,ORD-013998",22.14,230.4,25.4,112.1,2,2,16.69 L,DRV-0098,0,16.69
RTE-01115,VEH-0037,Drone,2024-01-27,"ORD-006678,ORD-008788,ORD-001206,ORD-013383,ORD-004015,ORD-005525,ORD-010752,ORD-004529",293.81,200.4,334.6,594.1,8,8,270.0 Wh,,3,270.0
RTE-01116,VEH-0636,Truck,2025-02-21,"ORD-012115,ORD-005587,ORD-008716,ORD-000079,ORD-013200,ORD-013033,ORD-005490,ORD-011404",3.74,96.05,589.7,530.1,8,8,1889.0 Wh,DRV-0787,4,1889.0
RTE-01117,VEH-0024,Drone,2025-01-06,"ORD-005096,ORD-012768,ORD-005102,ORD-006997",86.6,324.68,313.2,755.1,4,4,14.88 L,,6,14.88
RTE-01118,VEH-0033,Drone,2024-11-18,"ORD-013937,ORD-012045",365.35,278.86,229.8,370.1,2,2,31.87 L,,0,31.87
RTE-01119,VEH-0100,Drone,2024-05-05,"ORD-013577,ORD-002709",347.48,239.47,397.9,370.3,2,2,57.41 L,,0,57.41
RTE-01120,VEH-0281,Bike,2025-03-07,"ORD-000370,ORD-011626,ORD-003008",66.79,438.69,185.9,270.5,3,2,6.65,DRV-0068,12,6.65
RTE-01121,VEH-0100,Drone,2024-08-14,"ORD-004732,ORD-011901,ORD-002929",107.43,336.72,503.9,788.0,3,3,23.43,,6,23.43
RTE-01122,VEH-0128,Drone,2025-04-20,"ORD-008062,ORD-013690,ORD-000631,ORD-003608,ORD-013546,ORD-009226,ORD-002371,ORD-008524,ORD-003895",127.65,259.13,485.1,658.7,9,8,669.0 Wh,,13,669.0
RTE-01123,VEH-0399,Bike,2024-12-27,"ORD-012443,ORD-003188,ORD-010653,ORD-011110,ORD-008443,ORD-003480,ORD-008722",299.95,249.55,422.9,175.4,7,7,5.67 L,DRV-0826,9,5.67
RTE-01124,VEH-0283,Bike,2025-04-05,"ORD-000681,ORD-002218,ORD-010526,ORD-000797",155.91,204.07,403.6,504.7,4,4,1564.0 Wh,DRV-0008,6,1564.0
RTE-01125,VEH-0239,Bike,2024-11-12,"ORD-011920,ORD-005832,ORD-014881,ORD-014938,ORD-007997",287.14,104.23,171.2,756.3,5,5,57.95,DRV-0796,7,57.95
RTE-01126,VEH-0249,Bike,2025-01-11,"ORD-008085,ORD-002778,ORD-011836,ORD-003784,ORD-014532,ORD-013957,ORD-002643,ORD-014410,ORD-006391",416.2,304.48,83.6,123.6,9,7,492.0 Wh,DRV-0008,13,492.0
RTE-01127,VEH-0667,Truck,2024-05-21,"ORD-002017,ORD-004779,ORD-001070,ORD-003044,ORD-008702,ORD-010482,ORD-000621,ORD-002423,ORD-007173",18.34,234.18,126.1,620.9,9,9,35.89 L,DRV-0164,5,35.89
RTE-01128,VEH-0416,Van,2024-06-27,"ORD-012531,ORD-013281",345.37,95.75,546.6,593.0,2,2,0.54,DRV-0234,11,0.54
RTE-01129,VEH-0223,Bike,2024-12-14,"ORD-001078,ORD-005492",3.06,92.69,390.7,291.5,2,2,24.98 L,DRV-0474,5,24.98
RTE-01130,VEH-0301,Bike,2024-10-23,"ORD-006087,ORD-005745,ORD-014800",140.64,450.7,462.5,135.5,3,3,35.16,DRV-0655,5,35.16
RTE-01131,VEH-0699,Truck,2024-01-08,"ORD-005767,ORD-003536,ORD-011395,ORD-005742,ORD-009687,ORD-006185,ORD-002475",181.31,346.98,545.6,567.5,7,7,53.72,DRV-0759,5,53.72
RTE-01132,VEH-0020,Drone,2025-02-28,ORD-007372,86.92,420.75,298.4,106.1,1,1,25.88,,3,25.88
RTE-01133,VEH-0200,Bike,2025-03-24,"ORD-013494,ORD-008216,ORD-004134,ORD-001625,ORD-006442,ORD-013312,ORD-007749,ORD-013585",315.44,24.07,357.8,85.2,8,8,59.75 L,DRV-0863,7,59.75
RTE-01134,VEH-0104,Drone,2024-04-16,"ORD-008417,ORD-014229,ORD-001994,ORD-008786,ORD-002709",108.28,181.33,380.3,52.5,5,4,28.52,,7,28.52
RTE-01135,VEH-0649,Truck,2024-07-22,"ORD-000587,ORD-010562",416.71,411.78,655.5,641.8,2,2,1306.0 Wh,DRV-0451,6,1306.0
RTE-01136,VEH-0223,Bike,2024-04-01,ORD-009411,202.6,214.78,180.1,121.0,1,1,2.17 L,DRV-0410,13,2.17
RTE-01137,VEH-0256,Bike,2024-06-28,"ORD-006570,ORD-002123,ORD-012795,ORD-008220,ORD-001490,ORD-011468,ORD-008251,ORD-008362,ORD-005333",58.68,223.19,162.1,21.9,9,9,413.0 Wh,DRV-0598,6,413.0
RTE-01138,VEH-0442,Van,2025-06-18,"ORD-006293,ORD-002846,ORD-011948",17.13,268.99,32.8,138.1,3,3,45.21,DRV-0110,7,45.21
RTE-01139,VEH-0411,Van,2024-07-26,"ORD-008064,ORD-008799,ORD-009130,ORD-008370,ORD-007764",228.57,253.43,15.4,29.1,5,5,21.68 L,DRV-0560,7,21.68
RTE-01140,VEH-0634,Truck,2025-04-12,"ORD-003809,ORD-013064,ORD-001299,ORD-006872,ORD-014747,ORD-003301,ORD-008618,ORD-012457,ORD-014533",312.99,407.55,298.1,501.1,9,9,1702.0 Wh,DRV-0137,4,1702.0
RTE-01141,VEH-0308,Bike,2025-05-28,"ORD-011990,ORD-011448,ORD-007595,ORD-009890",115.2,9.11,692.3,33.9,4,3,47.98,DRV-0420,12,47.98
RTE-01142,VEH-0083,Drone,2025-05-05,"ORD-012887,ORD-007152,ORD-000961",406.3,269.4,648.4,152.3,3,3,610.0 Wh,,4,610.0
RTE-01143,VEH-0443,Van,2025-03-25,ORD-013953,114.9,146.48,291.8,52.1,1,1,11.78,DRV-0802,6,11.78
RTE-01144,VEH-0602,Truck,2025-05-13,"ORD-004442,ORD-005296,ORD-010086,ORD-002317,ORD-002039,ORD-008789,ORD-003702,ORD-001656,ORD-014392",185.31,195.17,362.4,458.1,9,9,29.84,DRV-0430,6,29.84
RTE-01145,VEH-0101,Drone,2024-05-15,"ORD-008959,ORD-003801",208.59,227.93,541.2,679.2,2,2,34.86,,11,34.86
RTE-01146,VEH-0141,Bike,2025-04-20,"ORD-007325,ORD-002675,ORD-006022,ORD-004815,ORD-002807,ORD-013645",52.94,381.35,210.3,407.8,6,4,9.73,DRV-0412,14,9.73
RTE-01147,VEH-0252,Bike,2025-01-02,"ORD-012417,ORD-000611,ORD-008588",404.05,,334.1,668.4,3,3,56.8,DRV-0554,4,56.8
RTE-01148,VEH-0050,Drone,2024-09-20,"ORD-006363,ORD-002121,ORD-008696,ORD-002449,ORD-001995,ORD-001124,ORD-001736,ORD-005593,ORD-002462",203.43,170.89,611.4,136.1,9,9,1627.0 Wh,,12,1627.0
RTE-01149,VEH-0238,Bike,2024-02-19,"ORD-003902,ORD-000103,ORD-012096,ORD-010632,ORD-006665,ORD-007299",57.15,274.14,40.7,768.8,6,6,965.0 Wh,DRV-0223,10,965.0
RTE-01150,VEH-0650,Truck,2024-02-18,"ORD-002498,ORD-002778,ORD-007165,ORD-003838",37.44,,62.1,315.9,4,3,50.01,DRV-0510,10,50.01
RTE-01151,VEH-0071,Drone,2024-04-15,ORD-007405,308.87,133.94,621.9,267.7,1,1,5.17 L,,13,5.17
RTE-01152,VEH-0629,Truck,2025-01-04,"ORD-000371,ORD-000396,ORD-012715,ORD-007005,ORD-007140,ORD-009104,ORD-002968,ORD-007754,ORD-005515",61.27,323.14,261.2,141.5,9,9,1824.0 Wh,DRV-0003,7,1824.0
RTE-01153,VEH-0411,Van,2025-04-16,ORD-013867,195.2,351.11,556.2,137.9,1,1,1090.0 Wh,DRV-0538,12,1090.0
RTE-01154,VEH-0262,Bike,2024-04-13,"ORD-007184,ORD-008292,ORD-010679,ORD-006366,ORD-002739,ORD-009800,ORD-012274",139.64,366.32,104.6,616.8,7,7,42.82,DRV-0211,14,42.82
RTE-01155,VEH-0364,Bike,2025-02-26,"ORD-013167,ORD-003319",99.96,61.61,233.1,38.2,2,2,1678.0 Wh,DRV-0829,3,1678.0
RTE-01156,VEH-0684,Truck,2025-05-15,"ORD-000873,ORD-010329,ORD-008077",354.45,16.64,688.8,114.6,3,3,12.85 L,DRV-0802,12,12.85
RTE-01157,VEH-0515,Van,2024-08-17,"ORD-006293,ORD-014268,ORD-004116,ORD-009385,ORD-004375,ORD-008267,ORD-012602",16.03,459.93,347.3,660.8,7,7,51.67,DRV-0393,9,51.67
RTE-01158,VEH-0046,Drone,2024-12-13,"ORD-010455,ORD-011356,ORD-007459,ORD-000291,ORD-008505,ORD-003906,ORD-005019,ORD-005863",287.38,336.58,448.1,42.5,8,8,1464.0 Wh,,0,1464.0
RTE-01159,VEH-0469,Van,2024-04-06,"ORD-000772,ORD-002246,ORD-009079",143.91,321.44,143.5,304.4,3,3,2131.0 Wh,DRV-0407,12,2131.0
RTE-01160,VEH-0684,Truck,2024-02-16,"ORD-004748,ORD-012478,ORD-008081,ORD-009625,ORD-007151,ORD-001964",357.9,194.85,667.3,17.6,6,6,13.71 L,DRV-0608,13,13.71
RTE-01161,VEH-0089,Drone,2024-09-12,"ORD-013775,ORD-000200,ORD-004604,ORD-010910,ORD-005004",212.99,130.68,132.3,232.0,5,5,51.14 L,,10,51.14
RTE-01162,VEH-0586,Truck,2024-06-11,"ORD-013893,ORD-012275,ORD-012049",230.27,87.39,672.8,416.3,3,3,2.91,DRV-0729,3,2.91
RTE-01163,VEH-0449,Van,2024-11-01,"ORD-007810,ORD-008957,ORD-010717,ORD-005322,ORD-010065,ORD-008358",310.21,283.47,204.0,564.1,6,6,54.87,DRV-0034,11,54.87
RTE-01164,VEH-0516,Van,2025-01-15,"ORD-007966,ORD-002984,ORD-007732,ORD-003160,ORD-005798,ORD-008476,ORD-001755",408.15,367.61,678.5,221.3,7,7,13.06 L,DRV-0512,12,13.06
RTE-01165,VEH-0093,Drone,2025-03-11,"ORD-012909,ORD-001627,ORD-000908,ORD-004845,ORD-011552,ORD-013525,ORD-014843",368.44,32.23,96.1,157.5,7,7,1164.0 Wh,,8,1164.0
RTE-01166,VEH-0072,Drone,2025-01-27,"ORD-010728,ORD-014593,ORD-006836,ORD-006847",71.04,329.73,231.9,53.3,4,4,27.7,,9,27.7
RTE-01167,VEH-0071,Drone,2024-05-19,"ORD-005535,ORD-001138,ORD-009950,ORD-002072,ORD-014165",219.74,,422.5,126.5,5,5,2080.0 Wh,,10,2080.0
RTE-01168,VEH-0585,Truck,2024-08-21,"ORD-008247,ORD-004448,ORD-012778",215.46,359.26,436.3,418.3,3,3,47.15,DRV-0770,14,47.15
RTE-01169,VEH-0605,Truck,2024-07-24,"ORD-009892,ORD-002474",6.96,251.86,231.3,309.0,2,2,925.0 Wh,DRV-0381,6,925.0
RTE-01170,VEH-0418,Van,2024-11-08,"ORD-007043,ORD-002659,ORD-012248",59.6,452.02,273.9,165.2,3,3,1640.0 Wh,DRV-0507,9,1640.0
RTE-01171,VEH-0660,Truck,2025-02-13,"ORD-014458,ORD-006967,ORD-007067,ORD-011708,ORD-011026,ORD-012030,ORD-009902,ORD-008764,ORD-013911",413.05,326.47,359.9,659.5,9,9,26.54,DRV-0307,12,26.54
RTE-01172,VEH-0418,Van,2025-02-02,ORD-003412,266.75,276.87,543.2,732.1,1,1,1420.0 Wh,DRV-0287,13,1420.0
RTE-01173,VEH-0652,Truck,2024-01-21,"ORD-011844,ORD-007902,ORD-010660,ORD-000624,ORD-012810,ORD-011754",68.11,325.9,698.1,583.3,6,6,2.63,DRV-0823,14,2.63
RTE-01174,VEH-0443,Van,2024-07-11,"ORD-009471,ORD-006914",54.57,43.11,521.2,750.8,2,2,2033.0 Wh,DRV-0170,12,2033.0
RTE-01175,VEH-0373,Bike,2024-10-04,"ORD-014793,ORD-004354,ORD-003050,ORD-009671,ORD-000662,ORD-004940,ORD-013950,ORD-006987,ORD-000708",134.6,270.82,260.8,621.5,9,8,54.48,DRV-0805,12,54.48
RTE-01176,VEH-0638,Truck,2024-06-27,"ORD-005464,ORD-004383,ORD-014411,ORD-011179",336.18,77.38,67.4,747.5,4,4,58.75 L,DRV-0207,6,58.75
RTE-01177,VEH-0694,Truck,2024-10-12,"ORD-012856,ORD-006515,ORD-010500,ORD-010644,ORD-003482,ORD-005812,ORD-006074,ORD-008759,ORD-009450",84.58,284.03,504.3,224.7,9,9,934.0 Wh,DRV-0415,9,934.0
RTE-01178,VEH-0057,Drone,2024-07-28,ORD-009383,217.07,134.54,72.3,757.1,1,1,55.09 L,,7,55.09
RTE-01179,VEH-0255,Bike,2024-03-23,"ORD-013436,ORD-014519,ORD-001565",268.29,335.01,522.6,119.2,3,3,1121.0 Wh,DRV-0408,13,1121.0
RTE-01180,VEH-0497,Van,2025-04-24,"ORD-011888,ORD-012469,ORD-008635,ORD-000193,ORD-006445,ORD-003598",396.96,249.2,621.9,121.0,6,6,49.66,DRV-0324,10,49.66
RTE-01181,VEH-0160,Bike,2025-04-17,"ORD-014161,ORD-000139,ORD-009617",170.52,105.48,403.6,351.2,3,2,47.98 L,DRV-0376,7,47.98
RTE-01182,VEH-0401,Van,2024-08-22,"ORD-014961,ORD-013663,ORD-000120,ORD-005438,ORD-003212,ORD-014092,ORD-007099,ORD-010156",127.78,302.64,616.1,397.8,8,8,50.28 L,DRV-0064,12,50.28
RTE-01183,VEH-0647,Truck,2024-02-12,"ORD-005006,ORD-013987",3.22,,581.3,308.0,2,2,42.91,DRV-0676,3,42.91
RTE-01184,VEH-0527,Van,2025-06-14,"ORD-008399,ORD-003575,ORD-011540,ORD-003863,ORD-001966,ORD-000555,ORD-002713,ORD-007858,ORD-014288",53.67,13.72,193.9,474.3,9,9,51.38 L,DRV-0855,12,51.38
RTE-01185,VEH-0379,Bike,2024-05-29,"ORD-004542,ORD-006010,ORD-014097,ORD-000177,ORD-006755,ORD-014479,ORD-011988,ORD-007756",308.34,428.79,628.1,193.6,8,8,5.51 L,DRV-0320,10,5.51
RTE-01186,VEH-0036,Drone,2024-01-14,"ORD-002745,ORD-006834,ORD-003146,ORD-005238",329.77,223.1,524.9,568.1,4,4,1366.0 Wh,,5,1366.0
RTE-01187,VEH-0187,Bike,2025-03-25,"ORD-004720,ORD-002833,ORD-009370,ORD-000035,ORD-014375,ORD-002869,ORD-003222",358.28,214.66,511.4,406.6,7,7,1021.0 Wh,DRV-0270,8,1021.0
RTE-01188,VEH-0018,Drone,2024-07-31,"ORD-011977,ORD-004588",297.31,203.16,516.7,131.9,2,0,1213.0 Wh,,7,1213.0
RTE-01189,VEH-0528,Van,2024-10-18,"ORD-006201,ORD-005668,ORD-004277",242.47,341.17,351.5,19.1,3,3,1.24,DRV-0422,9,1.24
RTE-01190,VEH-0182,Bike,2024-12-26,"ORD-000478,ORD-006641,ORD-014697,ORD-012263,ORD-007581,ORD-004488,ORD-010569,ORD-002214",96.7,,42.8,734.5,8,8,35.95 L,DRV-0543,13,35.95
RTE-01191,VEH-0628,Truck,2024-02-21,"ORD-000808,ORD-005446,ORD-000126,ORD-010351,ORD-014791,ORD-005878,ORD-009157,ORD-008213,ORD-006110",404.17,376.34,535.8,524.1,9,9,9.31 L,DRV-0870,8,9.31
RTE-01192,VEH-0151,Bike,2025-06-23,"ORD-008080,ORD-006670,ORD-009619,ORD-006414,ORD-014988,ORD-001055,ORD-005519,ORD-002026",362.42,185.41,481.1,432.5,8,8,49.27 L,DRV-0275,7,49.27
RTE-01193,VEH-0466,Van,2024-06-08,"ORD-000252,ORD-005971,ORD-008046,ORD-002745,ORD-003841",27.98,,440.3,798.4,5,5,24.23 L,DRV-0237,5,24.23
RTE-01194,VEH-0055,Drone,2025-01-15,"ORD-010382,ORD-006533,ORD-011854,ORD-010000,ORD-001570,ORD-013012,ORD-008832,ORD-006639",396.7,,636.8,324.6,8,8,52.99 L,,13,52.99
RTE-01195,VEH-0565,Van,2024-12-19,ORD-011704,37.82,71.6,431.5,579.4,1,1,1617.0 Wh,DRV-0250,3,1617.0
RTE-01196,VEH-0268,Bike,2024-10-26,"ORD-009522,ORD-014082,ORD-014091",190.79,43.85,141.8,156.2,3,3,23.11,DRV-0171,13,23.11
RTE-01197,VEH-0102,Drone,2025-02-14,"ORD-006575,ORD-003748,ORD-012638,ORD-010172,ORD-007072",212.12,179.17,229.4,175.8,5,5,214.0 Wh,,14,214.0
RTE-01198,VEH-0058,Drone,2025-03-03,"ORD-013261,ORD-012529,ORD-011814",275.27,320.84,115.0,722.2,3,3,59.42 L,,12,59.42
RTE-01199,VEH-0104,Drone,2024-08-13,"ORD-013852,ORD-008188,ORD-003490,ORD-004436,ORD-003837,ORD-013598",380.35,21.86,135.1,776.2,6,6,56.46 L,,13,56.46
RTE-01200,VEH-0581,Truck,2024-03-17,"ORD-005727,ORD-011854,ORD-006373,ORD-001616,ORD-005911,ORD-013048",175.57,81.02,408.3,663.3,6,6,341.0 Wh,DRV-0654,9,341.0
RTE-01201,VEH-0368,Bike,2024-01-17,"ORD-008771,ORD-001725,ORD-001705",21.57,222.77,73.3,772.5,3,3,20.63,DRV-0558,9,20.63
RTE-01202,VEH-0474,Van,2025-05-03,"ORD-004537,ORD-002548,ORD-007548",47.86,97.7,523.3,422.2,3,3,27.08 L,DRV-0859,6,27.08
RTE-01203,VEH-0457,Van,2024-02-07,"ORD-007721,ORD-010026,ORD-006423,ORD-014912,ORD-000780",288.84,430.18,120.3,35.4,5,5,409.0 Wh,DRV-0145,4,409.0
RTE-01204,VEH-0048,Drone,2024-05-19,"ORD-003833,ORD-006580,ORD-010151",219.4,12.51,67.5,461.9,3,3,16.28,,11,16.28
RTE-01205,VEH-0603,Truck,2024-12-02,"ORD-002006,ORD-003057,ORD-007094",394.2,388.31,114.2,756.2,3,3,4.82 L,DRV-0877,3,4.82
RTE-01206,VEH-0082,Drone,2024-12-22,"ORD-007768,ORD-011479,ORD-001419,ORD-011182,ORD-006808,ORD-007770,ORD-000439",18.86,,435.8,771.5,7,7,32.3 L,,8,32.3
RTE-01207,VEH-0523,Van,2024-04-13,"ORD-000681,ORD-008326,ORD-001708,ORD-004509,ORD-013243,ORD-002385,ORD-000455,ORD-003271,ORD-007242",3.09,448.66,219.9,469.0,9,9,13.22,DRV-0129,9,13.22
RTE-01208,VEH-0501,Van,2024-01-13,"ORD-006249,ORD-003665,ORD-011265,ORD-000185,ORD-006476,ORD-009987,ORD-006330,ORD-000903",25.95,51.51,694.7,400.4,8,8,26.6 L,DRV-0638,9,26.6
RTE-01209,VEH-0180,Bike,2024-05-10,"ORD-007745,ORD-009531",309.51,342.13,319.6,212.9,2,2,46.45,DRV-0518,4,46.45
RTE-01210,VEH-0578,Van,2025-03-19,"ORD-006575,ORD-009807,ORD-000566,ORD-014847",230.4,321.11,451.4,292.1,4,4,329.0 Wh,DRV-0168,14,329.0
RTE-01211,VEH-0096,Drone,2024-02-27,"ORD-012364,ORD-005842,ORD-002470,ORD-012204,ORD-010441",128.09,149.84,662.6,680.7,5,5,1324.0 Wh,,7,1324.0
RTE-01212,VEH-0142,Bike,2024-03-14,"ORD-007485,ORD-008059,ORD-010587,ORD-007515,ORD-012752,ORD-009005,ORD-000217,ORD-002370",371.92,38.69,381.2,510.3,8,8,9.3 L,DRV-0163,14,9.3
RTE-01213,VEH-0529,Van,2025-05-24,"ORD-008541,ORD-013225,ORD-009787,ORD-006637,ORD-010741,ORD-005114,ORD-013895,ORD-008289",207.02,396.95,543.5,211.6,8,8,647.0 Wh,DRV-0409,3,647.0
RTE-01214,VEH-0612,Truck,2025-05-30,"ORD-003286,ORD-001578,ORD-008839,ORD-002120,ORD-013059,ORD-011638,ORD-014670",25.35,81.29,420.3,102.3,7,7,14.45,DRV-0524,5,14.45
RTE-01215,VEH-0023,Drone,2024-08-25,ORD-009261,184.95,53.66,249.6,603.2,1,0,288.0 Wh,,8,288.0
RTE-01216,VEH-0674,Truck,2024-06-04,"ORD-002912,ORD-011346",178.16,104.18,577.8,533.6,2,0,1957.0 Wh,DRV-0214,3,1957.0
RTE-01217,VEH-0624,Truck,2024-04-18,"ORD-000149,ORD-008569,ORD-003482,ORD-009920,ORD-006202,ORD-003822,ORD-010963,ORD-014756",199.88,458.74,337.9,612.1,8,8,53.76,DRV-0293,5,53.76
RTE-01218,VEH-0254,Bike,2024-12-02,ORD-010648,273.79,406.0,29.0,449.8,1,1,39.75 L,DRV-0735,11,39.75
RTE-01219,VEH-0576,Van,2025-05-26,"ORD-009282,ORD-010030,ORD-007503,ORD-014080,ORD-013845",230.97,60.66,295.2,545.8,5,4,49.27 L,DRV-0492,14,49.27
RTE-01220,VEH-0261,Bike,2024-09-17,"ORD-009263,ORD-007615",308.48,91.41,413.8,708.6,2,2,59.37 L,DRV-0675,10,59.37
RTE-01221,VEH-0028,Drone,2024-06-25,ORD-010300,22.11,235.11,255.3,167.9,1,0,12.21 L,,13,12.21
RTE-01222,VEH-0039,Drone,2024-06-20,"ORD-000344,ORD-000763,ORD-008627,ORD-008744,ORD-004718,ORD-011397",193.4,40.77,302.5,202.8,6,6,446.0 Wh,,3,446.0
RTE-01223,VEH-0234,Bike,2024-12-07,"ORD-011080,ORD-009067,ORD-002129,ORD-000174,ORD-011611,ORD-003865",343.36,147.23,310.4,293.8,6,5,56.4 L,DRV-0064,11,56.4
RTE-01224,VEH-0680,Truck,2024-01-19,ORD-006020,275.29,358.47,554.7,190.0,1,1,25.14,DRV-0158,0,25.14
RTE-01225,VEH-0033,Drone,2025-06-11,"ORD-013964,ORD-014017,ORD-009659,ORD-014015,ORD-004494,ORD-010889,ORD-013421",112.52,156.47,539.4,53.3,7,7,1157.0 Wh,,13,1157.0
RTE-01226,VEH-0487,Van,2025-02-11,"ORD-013497,ORD-002623",100.88,164.33,138.5,277.0,2,2,49.88,DRV-0399,13,49.88
RTE-01227,VEH-0428,Van,2025-05-11,"ORD-007825,ORD-014688,ORD-001461,ORD-008809,ORD-005921,ORD-001608,ORD-011188",271.45,72.93,279.5,742.1,7,7,1864.0 Wh,DRV-0105,12,1864.0
RTE-01228,VEH-0493,Van,2025-04-27,"ORD-002002,ORD-002850,ORD-002984,ORD-003694",197.17,378.84,649.2,244.6,4,3,51.58 L,DRV-0843,9,51.58
RTE-01229,VEH-0200,Bike,2024-03-14,"ORD-001708,ORD-006115,ORD-013008,ORD-006436,ORD-003049,ORD-010529,ORD-001129,ORD-004994,ORD-009591",100.7,330.77,192.1,602.0,9,9,478.0 Wh,DRV-0014,8,478.0
RTE-01230,VEH-0628,Truck,2025-01-11,ORD-012043,32.52,262.05,520.1,162.1,1,1,2098.0 Wh,DRV-0288,10,2098.0
RTE-01231,VEH-0622,Truck,2025-06-09,ORD-001937,187.51,182.5,614.5,532.3,1,1,1641.0 Wh,DRV-0334,11,1641.0
RTE-01232,VEH-0234,Bike,2024-11-14,"ORD-005670,ORD-004833,ORD-013688,ORD-006458,ORD-014957,ORD-000032",326.48,148.97,124.0,261.8,6,5,2087.0 Wh,DRV-0611,0,2087.0
RTE-01233,VEH-0104,Drone,2024-02-08,"ORD-004062,ORD-004588,ORD-001691,ORD-003849",40.19,445.64,418.3,239.7,4,4,20.94,,3,20.94
RTE-01234,VEH-0183,Bike,2025-04-03,"ORD-005136,ORD-000364,ORD-012911,ORD-008483,ORD-013375",380.3,198.31,594.6,221.4,5,5,3.3 L,DRV-0115,4,3.3
RTE-01235,VEH-0495,Van,2024-09-09,"ORD-014013,ORD-007158,ORD-005789,ORD-002386,ORD-005452,ORD-010369",123.87,281.89,492.2,223.6,6,6,41.31,DRV-0127,8,41.31
RTE-01236,VEH-0144,Bike,2025-04-24,"ORD-009907,ORD-003383,ORD-004433,ORD-009242,ORD-013316,ORD-010763",32.03,37.24,635.5,589.8,6,6,1273.0 Wh,DRV-0749,4,1273.0
RTE-01237,VEH-0481,Van,2024-04-10,"ORD-013649,ORD-005441,ORD-010362",124.88,186.16,225.1,232.2,3,1,344.0 Wh,DRV-0336,12,344.0
RTE-01238,VEH-0673,Truck,2025-03-20,"ORD-011300,ORD-007992,ORD-007006,ORD-010802,ORD-013721",160.29,378.68,378.2,448.3,5,3,8.1,DRV-0388,3,8.1
RTE-01239,VEH-0124,Drone,2025-04-27,"ORD-014302,ORD-010176,ORD-007555,ORD-010979,ORD-009359",362.48,,134.4,72.7,5,5,48.56 L,,7,48.56
RTE-01240,VEH-0537,Van,2025-04-17,"ORD-006993,ORD-001732,ORD-012543,ORD-009116",374.57,359.35,418.2,148.7,4,4,37.32 L,DRV-0546,4,37.32
RTE-01241,VEH-0441,Van,2025-06-21,"ORD-014919,ORD-005111,ORD-009402,ORD-005722,ORD-011984,ORD-003042,ORD-008442,ORD-007772,ORD-013431",171.62,51.82,527.2,207.3,9,9,1713.0 Wh,DRV-0305,5,1713.0
RTE-01242,VEH-0652,Truck,2024-02-21,"ORD-001168,ORD-004716",287.3,281.36,108.3,303.8,2,2,33.85,DRV-0413,3,33.85
RTE-01243,VEH-0525,Van,2024-06-01,ORD-002034,143.87,120.66,265.1,629.1,1,1,32.11 L,DRV-0219,12,32.11
RTE-01244,VEH-0521,Van,2024-11-04,ORD-004815,119.45,321.73,156.9,147.9,1,0,11.61 L,DRV-0556,6,11.61
RTE-01245,VEH-0675,Truck,2025-01-02,"ORD-009627,ORD-004547,ORD-003021,ORD-006143,ORD-009106",387.54,198.67,271.5,198.2,5,5,46.62 L,DRV-0602,3,46.62
RTE-01246,VEH-0339,Bike,2024-10-16,"ORD-003798,ORD-004457,ORD-010972,ORD-013049,ORD-006868,ORD-001022,ORD-008900,ORD-009153",406.21,449.14,489.7,291.0,8,8,9.54,DRV-0726,8,9.54
RTE-01247,VEH-0042,Drone,2025-05-19,ORD-009173,172.54,183.58,88.6,107.2,1,1,55.11 L,,11,55.11
RTE-01248,VEH-0434,Van,2024-09-01,"ORD-004589,ORD-006153,ORD-002514,ORD-014019",232.67,64.73,183.7,497.7,4,4,1179.0 Wh,DRV-0735,3,1179.0
RTE-01249,VEH-0472,Van,2025-05-12,"ORD-006829,ORD-010508,ORD-014078,ORD-013338",285.32,224.46,224.1,776.2,4,4,54.94,DRV-0031,3,54.94
RTE-01250,VEH-0155,Bike,2024-11-01,"ORD-003515,ORD-006365,ORD-011930,ORD-005562,ORD-011418,ORD-011873",54.54,47.42,530.9,87.9,6,6,16.5,DRV-0308,14,16.5
RTE-01251,VEH-0598,Truck,2024-09-08,"ORD-002697,ORD-002625,ORD-007853,ORD-010148",33.82,18.09,51.5,391.5,4,4,1439.0 Wh,DRV-0673,11,1439.0
RTE-01252,VEH-0685,Truck,2024-12-22,"ORD-004447,ORD-005829,ORD-008852,ORD-005787,ORD-013956,ORD-008052",208.21,84.43,492.8,60.1,6,5,410.0 Wh,DRV-0137,12,410.0
RTE-01253,VEH-0132,Drone,2024-12-25,"ORD-008605,ORD-007673,ORD-014534",360.43,451.75,312.9,310.6,3,1,30.34,,14,30.34
RTE-01254,VEH-0108,Drone,2024-04-22,"ORD-009509,ORD-000246,ORD-004155,ORD-000222,ORD-002778,ORD-011404",215.1,191.83,318.2,546.1,6,6,2051.0 Wh,,11,2051.0
RTE-01255,VEH-0052,Drone,2024-02-17,"ORD-004369,ORD-010106,ORD-012365,ORD-005099,ORD-013133",105.59,354.95,280.8,116.4,5,5,21.03,,12,21.03
RTE-01256,VEH-0044,Drone,2024-04-10,"ORD-008696,ORD-000084",398.05,12.38,311.6,772.4,2,2,23.77 L,,12,23.77
RTE-01257,VEH-0327,Bike,2024-08-07,"ORD-006553,ORD-008374,ORD-014110",263.36,321.48,194.7,281.9,3,2,49.59,DRV-0105,12,49.59
RTE-01258,VEH-0434,Van,2025-01-31,ORD-009064,180.45,182.97,302.7,777.5,1,1,5.01,DRV-0808,13,5.01
RTE-01259,VEH-0328,Bike,2025-02-14,"ORD-002786,ORD-013249,ORD-012643",200.69,145.75,612.0,44.8,3,3,31.04 L,DRV-0420,4,31.04
RTE-01260,VEH-0241,Bike,2025-04-20,"ORD-013367,ORD-012369,ORD-003384,ORD-000311,ORD-002514,ORD-008615",122.48,330.39,564.9,675.9,6,6,17.81,DRV-0691,10,17.81
RTE-01261,VEH-0112,Drone,2024-12-02,"ORD-007947,ORD-013267,ORD-002680,ORD-003873,ORD-007179,ORD-002541",410.23,119.4,667.5,424.2,6,6,44.86,,14,44.86
RTE-01262,VEH-0001,Drone,2025-05-29,"ORD-010841,ORD-003553,ORD-001324,ORD-002114",380.63,102.06,614.7,461.4,4,4,38.31 L,,3,38.31
RTE-01263,VEH-0251,Bike,2024-06-03,ORD-010325,215.19,286.56,15.4,341.9,1,1,1511.0 Wh,DRV-0106,8,1511.0
RTE-01264,VEH-0212,Bike,2024-03-16,"ORD-013110,ORD-014521",400.24,,692.8,405.0,2,2,42.21 L,DRV-0215,14,42.21
RTE-01265,VEH-0362,Bike,2024-03-23,ORD-001436,188.1,91.53,374.3,97.1,1,1,1.57,DRV-0013,4,1.57
RTE-01266,VEH-0504,Van,2025-04-22,"ORD-001788,ORD-010273,ORD-009771,ORD-001905,ORD-014864,ORD-013380",185.29,32.06,349.9,522.6,6,6,908.0 Wh,DRV-0740,8,908.0
RTE-01267,VEH-0110,Drone,2025-05-31,"ORD-006163,ORD-008079,ORD-012029,ORD-013598",392.37,53.9,613.6,110.8,4,4,2104.0 Wh,,3,2104.0
RTE-01268,VEH-0614,Truck,2025-02-16,"ORD-007752,ORD-001178,ORD-009002,ORD-004712,ORD-011127",269.66,327.84,655.3,30.0,5,5,1347.0 Wh,DRV-0255,5,1347.0
RTE-01269,VEH-0167,Bike,2024-04-29,"ORD-008209,ORD-006381,ORD-005812,ORD-014289,ORD-014765",392.26,3.83,338.5,441.8,5,5,1974.0 Wh,DRV-0356,4,1974.0
RTE-01270,VEH-0346,Bike,2024-03-25,"ORD-013450,ORD-009522,ORD-009615,ORD-005596,ORD-007722,ORD-010942,ORD-013366,ORD-008389,ORD-009281",78.05,427.56,678.0,26.3,9,9,633.0 Wh,DRV-0401,3,633.0
RTE-01271,VEH-0297,Bike,2024-02-18,"ORD-014183,ORD-012560,ORD-006187,ORD-000038,ORD-011424,ORD-002383",317.59,405.67,623.6,602.6,6,6,1505.0 Wh,DRV-0706,10,1505.0
RTE-01272,VEH-0448,Van,2024-10-15,"ORD-002553,ORD-000517,ORD-000443",136.41,218.46,403.1,594.4,3,3,387.0 Wh,DRV-0819,11,387.0
RTE-01273,VEH-0173,Bike,2025-04-05,"ORD-007521,ORD-008074,ORD-011112,ORD-013037,ORD-003501,ORD-005917",211.65,,307.6,687.1,6,6,4.0,DRV-0886,5,4.0
RTE-01274,VEH-0329,Bike,2025-04-28,"ORD-005996,ORD-007493,ORD-003852,ORD-011185,ORD-003825,ORD-007878,ORD-002746,ORD-012569,ORD-005038",91.22,255.67,348.8,682.3,9,8,1447.0 Wh,DRV-0292,4,1447.0
RTE-01275,VEH-0205,Bike,2024-05-21,"ORD-005874,ORD-001305,ORD-003884,ORD-005980,ORD-001703,ORD-009023,ORD-014286,ORD-004043,ORD-008513",3.08,318.18,304.3,470.8,9,8,1007.0 Wh,DRV-0618,8,1007.0
RTE-01276,VEH-0043,Drone,2024-02-04,ORD-013033,223.27,314.21,675.2,224.2,1,1,6.16,,4,6.16
RTE-01277,VEH-0666,Truck,2025-06-28,"ORD-001003,ORD-003551,ORD-008325,ORD-007767",98.43,173.04,606.6,746.7,4,4,643.0 Wh,DRV-0767,7,643.0
RTE-01278,VEH-0255,Bike,2024-04-08,"ORD-007396,ORD-001510,ORD-010597",30.24,455.0,347.0,409.3,3,2,1012.0 Wh,DRV-0358,4,1012.0
RTE-01279,VEH-0097,Drone,2025-01-04,"ORD-008691,ORD-008844,ORD-008551,ORD-000720",331.28,198.42,409.4,678.8,4,4,1500.0 Wh,,13,1500.0
RTE-01280,VEH-0668,Truck,2024-12-22,"ORD-000563,ORD-001075,ORD-012107",362.54,245.39,364.5,225.9,3,3,273.0 Wh,DRV-0605,9,273.0
RTE-01281,VEH-0646,Truck,2024-03-26,"ORD-007514,ORD-008897,ORD-002541,ORD-006582",72.56,380.78,186.6,461.0,4,4,647.0 Wh,DRV-0074,13,647.0
RTE-01282,VEH-0098,Drone,2024-08-05,"ORD-013215,ORD-001059,ORD-006619,ORD-000552,ORD-007214,ORD-011184,ORD-012832",215.6,350.9,629.2,512.3,7,7,16.83 L,,5,16.83
RTE-01283,VEH-0439,Van,2024-06-24,"ORD-002690,ORD-001860,ORD-004083",131.31,,477.9,82.0,3,3,639.0 Wh,DRV-0505,3,639.0
RTE-01284,VEH-0400,Bike,2024-03-19,"ORD-004518,ORD-003589,ORD-006438,ORD-005921,ORD-011726,ORD-011301",152.38,79.04,300.0,488.8,6,6,249.0 Wh,DRV-0610,10,249.0
RTE-01285,VEH-0146,Bike,2025-02-25,"ORD-006514,ORD-010323,ORD-008558",145.88,242.34,541.0,685.9,3,3,38.96 L,DRV-0061,12,38.96
RTE-01286,VEH-0115,Drone,2025-01-05,"ORD-007023,ORD-008582,ORD-002239,ORD-010128",36.63,456.16,487.0,367.5,4,4,37.66,,13,37.66
RTE-01287,VEH-0444,Van,2025-01-24,"ORD-006151,ORD-014058,ORD-007871,ORD-003589,ORD-007678,ORD-007335,ORD-009751",383.87,428.87,258.0,702.9,7,6,8.8,DRV-0451,4,8.8
RTE-01288,VEH-0028,Drone,2024-11-26,"ORD-005135,ORD-013789,ORD-012182",412.31,239.14,469.6,687.8,3,3,17.92,,7,17.92
RTE-01289,VEH-0248,Bike,2024-02-16,ORD-001809,384.78,26.89,217.5,786.6,1,1,0.67,DRV-0586,4,0.67
RTE-01290,VEH-0663,Truck,2025-05-08,"ORD-002789,ORD-008874,ORD-011576,ORD-009403,ORD-003738,ORD-003824,ORD-004386,ORD-009981,ORD-007195",399.14,73.45,567.8,699.9,9,9,420.0 Wh,DRV-0463,6,420.0
RTE-01291,VEH-0643,Truck,2024-12-16,ORD-013342,103.79,270.23,442.6,497.7,1,0,42.48,DRV-0690,10,42.48
RTE-01292,VEH-0183,Bike,2024-02-27,"ORD-013948,ORD-004672,ORD-014658,ORD-009929,ORD-003767",104.77,69.23,642.1,337.7,5,5,1142.0 Wh,DRV-0452,10,1142.0
RTE-01293,VEH-0695,Truck,2025-04-25,"ORD-013300,ORD-001409,ORD-000369,ORD-007775,ORD-005978",137.02,413.37,24.0,58.3,5,5,1239.0 Wh,DRV-0268,10,1239.0
RTE-01294,VEH-0506,Van,2024-08-10,"ORD-013510,ORD-006620,ORD-000459,ORD-011821",417.13,22.37,94.0,25.5,4,4,1367.0 Wh,DRV-0234,14,1367.0
RTE-01295,VEH-0058,Drone,2025-04-29,"ORD-013321,ORD-013665,ORD-010093,ORD-003901,ORD-010526,ORD-008187,ORD-007789,ORD-011497",152.57,396.88,583.1,424.5,8,8,35.4 L,,12,35.4
RTE-01296,VEH-0648,Truck,2024-03-25,"ORD-007377,ORD-008490,ORD-004955",262.2,116.93,597.7,635.2,3,3,46.68 L,DRV-0383,9,46.68
RTE-01297,VEH-0513,Van,2025-03-08,"ORD-004680,ORD-000040,ORD-011234,ORD-003076,ORD-005616,ORD-000036,ORD-007198,ORD-006336,ORD-008665",366.05,118.35,148.7,642.0,9,9,33.69 L,DRV-0628,6,33.69
RTE-01298,VEH-0586,Truck,2025-05-09,"ORD-007931,ORD-000401,ORD-002756,ORD-010678",184.12,146.37,555.1,626.0,4,4,27.09,DRV-0602,11,27.09
RTE-01299,VEH-0255,Bike,2025-03-05,"ORD-001588,ORD-000722,ORD-009853,ORD-012672,ORD-007946,ORD-004942,ORD-012002",328.68,38.57,158.7,667.2,7,5,5.96,DRV-0376,10,5.96
RTE-01300,VEH-0352,Bike,2024-07-14,"ORD-004525,ORD-009583,ORD-000114,ORD-002095,ORD-013021,ORD-007887",352.12,356.11,250.4,683.8,6,6,13.22 L,DRV-0268,9,13.22
RTE-01301,VEH-0552,Van,2024-04-17,ORD-009201,319.34,430.15,246.5,380.1,1,0,48.91,DRV-0405,6,48.91
RTE-01302,VEH-0498,Van,2025-02-19,"ORD-003623,ORD-006947,ORD-008388,ORD-014712,ORD-003067,ORD-010561",148.35,264.55,668.8,786.0,6,6,2083.0 Wh,DRV-0225,3,2083.0
RTE-01303,VEH-0058,Drone,2025-01-30,"ORD-009596,ORD-000212,ORD-006095",171.27,260.65,353.4,348.5,3,3,33.19,,12,33.19
RTE-01304,VEH-0008,Drone,2024-01-12,"ORD-011175,ORD-010077,ORD-010278,ORD-000464,ORD-002406,ORD-008236,ORD-013726",108.99,,566.2,667.8,7,7,23.94,,8,23.94
RTE-01305,VEH-0039,Drone,2025-06-16,"ORD-006020,ORD-001200,ORD-000754,ORD-007089",334.36,334.31,339.7,33.8,4,4,30.2 L,,10,30.2
RTE-01306,VEH-0180,Bike,2024-12-31,"ORD-006436,ORD-006795",316.58,50.56,443.5,26.9,2,0,696.0 Wh,DRV-0470,14,696.0
RTE-01307,VEH-0050,Drone,2025-02-04,"ORD-003970,ORD-014165,ORD-001071,ORD-007072,ORD-001290,ORD-007992",288.55,290.44,281.3,111.5,6,4,1344.0 Wh,,10,1344.0
RTE-01308,VEH-0518,Van,2024-12-03,"ORD-010338,ORD-014888",368.07,138.67,309.8,576.8,2,2,870.0 Wh,DRV-0309,10,870.0
RTE-01309,VEH-0537,Van,2024-11-17,"ORD-011189,ORD-008794,ORD-011748,ORD-012304,ORD-012048",82.51,308.78,311.3,172.0,5,5,1148.0 Wh,DRV-0484,13,1148.0
RTE-01310,VEH-0699,Truck,2024-06-25,"ORD-004796,ORD-006157",157.26,106.76,652.2,342.9,2,1,459.0 Wh,DRV-0278,10,459.0
RTE-01311,VEH-0173,Bike,2024-02-15,"ORD-002126,ORD-010882",14.3,454.02,134.5,361.6,2,2,2.93 L,DRV-0403,7,2.93
RTE-01312,VEH-0116,Drone,2025-06-17,"ORD-012527,ORD-004085,ORD-006961,ORD-002709,ORD-003245,ORD-014140,ORD-014155,ORD-001600,ORD-002339",153.67,76.17,419.1,630.8,9,9,8.09 L,,10,8.09
RTE-01313,VEH-0695,Truck,2025-01-01,"ORD-001146,ORD-013684,ORD-007424,ORD-005398",39.0,136.02,223.1,504.4,4,3,855.0 Wh,DRV-0222,10,855.0
RTE-01314,VEH-0347,Bike,2024-02-05,"ORD-003940,ORD-002809,ORD-001334,ORD-014588,ORD-005979,ORD-002638,ORD-005956,ORD-010242,ORD-012060",282.86,318.83,625.9,358.6,9,9,16.77,DRV-0558,5,16.77
RTE-01315,VEH-0677,Truck,2024-09-23,"ORD-003705,ORD-006523,ORD-009241",321.51,416.2,600.0,516.9,3,3,22.83,DRV-0767,11,22.83
RTE-01316,VEH-0461,Van,2024-10-23,"ORD-013834,ORD-011591",370.35,459.84,690.1,221.1,2,2,53.98,DRV-0293,12,53.98
RTE-01317,VEH-0479,Van,2025-05-11,"ORD-014329,ORD-009087,ORD-006859",6.75,144.28,423.3,109.3,3,3,36.75,DRV-0563,4,36.75
RTE-01318,VEH-0439,Van,2024-01-08,"ORD-004388,ORD-012019,ORD-004896",406.33,283.28,348.6,515.7,3,2,1725.0 Wh,DRV-0408,9,1725.0
RTE-01319,VEH-0685,Truck,2025-01-22,"ORD-003165,ORD-012068,ORD-008208,ORD-005451,ORD-011085",388.31,380.29,461.9,366.2,5,5,662.0 Wh,DRV-0885,8,662.0
RTE-01320,VEH-0582,Truck,2025-01-14,"ORD-002293,ORD-009573",233.4,121.15,455.5,653.6,2,2,50.76 L,DRV-0746,11,50.76
RTE-01321,VEH-0069,Drone,2024-05-20,"ORD-001146,ORD-010652,ORD-000434",76.71,232.61,28.8,628.9,3,3,747.0 Wh,,5,747.0
RTE-01322,VEH-0010,Drone,2025-02-08,ORD-008690,402.76,400.02,559.7,457.6,1,0,1791.0 Wh,,7,1791.0
RTE-01323,VEH-0666,Truck,2024-04-13,"ORD-002634,ORD-012760,ORD-014526,ORD-013558,ORD-010947,ORD-012570,ORD-013795",234.08,,32.2,215.5,7,6,13.87 L,DRV-0025,9,13.87
RTE-01324,VEH-0222,Bike,2025-05-21,"ORD-006371,ORD-010574,ORD-006103,ORD-000261",385.94,459.57,38.7,58.2,4,4,29.96 L,DRV-0240,7,29.96
RTE-01325,VEH-0098,Drone,2025-01-10,"ORD-012572,ORD-006668,ORD-014264,ORD-000877",336.67,,200.6,524.2,4,4,57.96 L,,10,57.96
RTE-01326,VEH-0272,Bike,2024-08-21,ORD-007276,253.15,451.28,301.5,197.3,1,1,1344.0 Wh,DRV-0449,5,1344.0
RTE-01327,VEH-0594,Truck,2025-01-05,"ORD-007422,ORD-013761,ORD-009461,ORD-013856,ORD-013276,ORD-012141,ORD-011550",308.43,297.81,654.3,528.8,7,7,38.69,DRV-0540,10,38.69
RTE-01328,VEH-0279,Bike,2024-10-08,"ORD-011055,ORD-012266,ORD-009653,ORD-011591,ORD-003718,ORD-000664,ORD-001505,ORD-000269,ORD-005149",410.07,361.95,506.1,132.3,9,9,37.63 L,DRV-0618,13,37.63
RTE-01329,VEH-0269,Bike,2025-02-02,"ORD-003504,ORD-006019,ORD-001340,ORD-008691,ORD-010794,ORD-001453,ORD-014833,ORD-002644,ORD-012718",142.98,281.23,94.1,455.7,9,8,2061.0 Wh,DRV-0407,12,2061.0
RTE-01330,VEH-0529,Van,2024-04-21,"ORD-013782,ORD-012710,ORD-011400,ORD-011755,ORD-000844",70.41,10.91,393.5,189.9,5,5,911.0 Wh,DRV-0889,9,911.0
RTE-01331,VEH-0208,Bike,2025-03-02,"ORD-010256,ORD-009717,ORD-010673,ORD-009658,ORD-010938,ORD-000233",241.94,150.84,310.6,488.4,6,6,9.25,DRV-0100,7,9.25
RTE-01332,VEH-0060,Drone,2025-04-18,"ORD-000129,ORD-009794,ORD-004925,ORD-003539,ORD-009734,ORD-006466,ORD-003277,ORD-012923,ORD-000898",8.91,225.62,189.1,15.0,9,8,42.09,,7,42.09
RTE-01333,VEH-0353,Bike,2024-03-08,"ORD-014094,ORD-007715,ORD-004377,ORD-002086,ORD-002436",112.13,350.36,276.5,745.1,5,5,23.37,DRV-0679,3,23.37
RTE-01334,VEH-0661,Truck,2024-04-03,"ORD-011049,ORD-006191,ORD-007987,ORD-000352,ORD-013919,ORD-000458",69.97,430.65,442.2,453.3,6,6,4.39 L,DRV-0702,11,4.39
RTE-01335,VEH-0012,Drone,2025-03-06,"ORD-004341,ORD-004640,ORD-014140,ORD-001769,ORD-004632,ORD-011558,ORD-013081",291.96,165.73,666.4,126.2,7,7,634.0 Wh,,8,634.0
RTE-01336,VEH-0506,Van,2024-05-08,"ORD-007417,ORD-009938,ORD-014941,ORD-001755,ORD-007425",415.45,391.62,441.8,694.1,5,5,13.79 L,DRV-0401,13,13.79
RTE-01337,VEH-0446,Van,2024-03-09,"ORD-001995,ORD-010432,ORD-000723,ORD-006722,ORD-010064",402.92,,202.7,716.0,5,4,35.85 L,DRV-0827,7,35.85
RTE-01338,VEH-0460,Van,2024-07-20,"ORD-014746,ORD-010593",358.78,441.62,677.5,496.7,2,2,1203.0 Wh,DRV-0354,3,1203.0
RTE-01339,VEH-0460,Van,2025-03-27,"ORD-014694,ORD-012223,ORD-011226,ORD-014354,ORD-006093,ORD-007556,ORD-011521",309.51,454.16,195.9,262.8,7,7,1.51,DRV-0257,14,1.51
RTE-01340,VEH-0041,Drone,2025-05-23,"ORD-005269,ORD-002318,ORD-009117,ORD-014127,ORD-000285,ORD-003402,ORD-013655,ORD-005781",150.46,242.38,359.4,30.6,8,8,1129.0 Wh,,7,1129.0
RTE-01341,VEH-0481,Van,2025-03-21,"ORD-000667,ORD-010937,ORD-008032,ORD-012440,ORD-008677",180.34,397.46,340.3,542.3,5,5,29.94,DRV-0584,9,29.94
RTE-01342,VEH-0617,Truck,2025-01-04,"ORD-005128,ORD-014231,ORD-014630,ORD-002530,ORD-007856,ORD-000806,ORD-000905,ORD-012066,ORD-000659",398.91,437.02,317.6,584.7,9,8,42.91,DRV-0058,14,42.91
RTE-01343,VEH-0636,Truck,2024-05-26,"ORD-005831,ORD-010203,ORD-004475,ORD-011274,ORD-014577",13.64,27.65,388.0,758.5,5,5,5.32,DRV-0026,14,5.32
RTE-01344,VEH-0395,Bike,2025-01-25,"ORD-013642,ORD-000218,ORD-005753,ORD-012471,ORD-014046,ORD-003325,ORD-001429,ORD-006173,ORD-002678",86.63,302.49,309.6,699.9,9,9,7.35 L,DRV-0823,0,7.35
RTE-01345,VEH-0399,Bike,2025-06-29,"ORD-005808,ORD-006341,ORD-003217,ORD-009686,ORD-010750",37.89,115.64,598.4,137.0,5,5,35.87 L,DRV-0112,14,35.87
RTE-01346,VEH-0358,Bike,2025-06-12,"ORD-005022,ORD-010276,ORD-011313,ORD-005907,ORD-011625,ORD-013120,ORD-005466,ORD-012464,ORD-002410",229.95,344.82,666.1,29.0,9,9,45.63 L,DRV-0035,5,45.63
RTE-01347,VEH-0630,Truck,2025-02-28,"ORD-014028,ORD-004338,ORD-003447,ORD-009447",37.93,443.26,433.0,176.2,4,4,8.66 L,DRV-0202,7,8.66
RTE-01348,VEH-0370,Bike,2025-03-13,"ORD-003294,ORD-008708,ORD-012599,ORD-000113,ORD-012929,ORD-014062,ORD-006488,ORD-005726",405.15,354.39,159.9,744.6,8,7,20.86,DRV-0429,4,20.86
RTE-01349,VEH-0519,Van,2024-04-24,"ORD-011113,ORD-014193,ORD-011687,ORD-005335,ORD-002314,ORD-013077,ORD-010968",303.58,372.2,678.2,181.8,7,7,11.99 L,DRV-0534,14,11.99
RTE-01350,VEH-0460,Van,2024-03-09,ORD-002810,255.57,12.33,285.5,424.5,1,1,943.0 Wh,DRV-0065,13,943.0
RTE-01351,VEH-0260,Bike,2024-10-11,"ORD-002543,ORD-013925,ORD-003515",207.97,34.98,160.1,385.9,3,1,37.42,DRV-0392,12,37.42
RTE-01352,VEH-0125,Drone,2024-03-03,"ORD-001365,ORD-012749,ORD-014526,ORD-009120,ORD-004569,ORD-008602,ORD-000112",371.1,155.6,268.9,249.9,7,7,27.2 L,,9,27.2
RTE-01353,VEH-0512,Van,2025-01-09,"ORD-007317,ORD-013121,ORD-012314,ORD-007109,ORD-006792,ORD-000010",236.66,28.63,530.2,161.7,6,6,39.62 L,DRV-0690,10,39.62
RTE-01354,VEH-0529,Van,2025-03-07,"ORD-007639,ORD-014618,ORD-008710,ORD-008206,ORD-007810,ORD-007158",359.74,184.77,93.1,97.9,6,6,26.06 L,DRV-0345,11,26.06
RTE-01355,VEH-0030,Drone,2025-05-13,"ORD-006113,ORD-003778,ORD-010480,ORD-013587,ORD-008209,ORD-010301",349.59,177.02,339.9,213.1,6,4,13.48 L,,13,13.48
RTE-01356,VEH-0497,Van,2024-11-06,"ORD-009581,ORD-008004,ORD-008847,ORD-012326,ORD-004147,ORD-014380,ORD-001998",413.18,405.97,244.5,613.0,7,7,36.55,DRV-0679,3,36.55
RTE-01357,VEH-0682,Truck,2024-08-31,"ORD-008063,ORD-001699",95.23,,568.5,444.7,2,2,58.62,DRV-0129,14,58.62
RTE-01358,VEH-0574,Van,2025-03-14,"ORD-005878,ORD-001424,ORD-014652",244.87,379.79,60.7,39.1,3,2,1479.0 Wh,DRV-0847,3,1479.0
RTE-01359,VEH-0272,Bike,2025-06-23,"ORD-008540,ORD-007251,ORD-009128,ORD-004704,ORD-011880,ORD-009134,ORD-000053",125.76,202.21,676.8,26.8,7,7,2180.0 Wh,DRV-0558,0,2180.0
RTE-01360,VEH-0697,Truck,2024-07-16,"ORD-014637,ORD-009280,ORD-007473,ORD-007260,ORD-009765,ORD-004557",342.26,196.26,445.6,627.3,6,6,1011.0 Wh,DRV-0837,12,1011.0
RTE-01361,VEH-0186,Bike,2025-02-19,"ORD-008442,ORD-008039,ORD-005373,ORD-009695,ORD-001545,ORD-005370,ORD-004087",346.41,449.16,577.4,640.9,7,7,39.15 L,DRV-0245,5,39.15
RTE-01362,VEH-0422,Van,2024-02-05,ORD-005445,407.9,94.66,343.1,21.1,1,0,1728.0 Wh,DRV-0684,11,1728.0
RTE-01363,VEH-0596,Truck,2025-04-19,"ORD-004381,ORD-011113,ORD-008341,ORD-006448,ORD-005673,ORD-010242,ORD-011504,ORD-010463,ORD-003598",294.5,261.06,477.8,23.4,9,9,46.89 L,DRV-0852,10,46.89
RTE-01364,VEH-0556,Van,2024-11-24,"ORD-007567,ORD-000003,ORD-006577,ORD-014667,ORD-000940,ORD-011645,ORD-013129,ORD-008247,ORD-006501",278.3,456.6,405.8,435.2,9,9,1923.0 Wh,DRV-0851,8,1923.0
RTE-01365,VEH-0645,Truck,2024-06-29,"ORD-011488,ORD-000756,ORD-012200",3.82,81.45,384.3,214.0,3,3,468.0 Wh,DRV-0046,14,468.0
RTE-01366,VEH-0623,Truck,2024-06-17,"ORD-014677,ORD-013525,ORD-011342",68.22,446.55,329.1,735.1,3,3,21.73,DRV-0606,13,21.73
RTE-01367,VEH-0150,Bike,2025-06-29,"ORD-008671,ORD-002689,ORD-000533,ORD-004308,ORD-002708,ORD-014384,ORD-007331",361.94,322.82,177.5,762.9,7,7,10.58,DRV-0400,10,10.58
RTE-01368,VEH-0563,Van,2024-02-11,"ORD-011891,ORD-013315,ORD-012132,ORD-013696,ORD-010566,ORD-001551,ORD-014947,ORD-008136",162.55,409.77,633.0,64.3,8,8,22.76 L,DRV-0681,9,22.76
RTE-01369,VEH-0597,Truck,2024-06-28,ORD-000219,408.25,5.1,555.5,46.8,1,1,37.83 L,DRV-0013,10,37.83
RTE-01370,VEH-0612,Truck,2024-06-09,"ORD-014083,ORD-006400,ORD-008019,ORD-004796,ORD-009944,ORD-012207,ORD-006574,ORD-006664,ORD-010460",99.18,274.89,86.1,200.7,9,9,10.4,DRV-0308,4,10.4
RTE-01371,VEH-0023,Drone,2024-09-18,"ORD-007190,ORD-004377,ORD-011890",320.85,,539.8,618.2,3,3,52.31 L,,3,52.31
RTE-01372,VEH-0264,Bike,2024-02-05,ORD-001374,354.79,195.73,386.9,357.7,1,1,15.42,DRV-0485,14,15.42
RTE-01373,VEH-0354,Bike,2024-06-11,"ORD-007565,ORD-009432,ORD-011314",38.78,261.75,360.5,582.8,3,3,17.91,DRV-0434,9,17.91
RTE-01374,VEH-0162,Bike,2025-02-13,"ORD-010933,ORD-002922,ORD-009323,ORD-001159",202.42,94.19,176.6,289.0,4,4,32.96 L,DRV-0680,12,32.96
RTE-01375,VEH-0356,Bike,2024-05-19,"ORD-009922,ORD-008256,ORD-001993",366.72,72.18,622.2,528.3,3,2,1436.0 Wh,DRV-0618,3,1436.0
RTE-01376,VEH-0407,Van,2024-09-15,"ORD-000628,ORD-000503,ORD-008161,ORD-012926,ORD-003782",165.63,377.57,670.7,794.3,5,5,35.06 L,DRV-0400,13,35.06
RTE-01377,VEH-0109,Drone,2024-05-14,"ORD-006332,ORD-010019,ORD-003296,ORD-002017,ORD-014498,ORD-013357",172.21,233.71,687.0,279.7,6,6,21.74,,6,21.74
RTE-01378,VEH-0465,Van,2024-07-25,"ORD-004048,ORD-005115,ORD-004090,ORD-004535,ORD-001989,ORD-009014,ORD-006352",256.95,86.26,44.9,114.1,7,7,1336.0 Wh,DRV-0481,12,1336.0
RTE-01379,VEH-0556,Van,2024-03-02,"ORD-001721,ORD-003399,ORD-013213,ORD-005920,ORD-007169,ORD-008627,ORD-005880",36.92,220.3,188.2,691.8,7,7,1390.0 Wh,DRV-0337,8,1390.0
RTE-01380,VEH-0050,Drone,2024-05-05,"ORD-003150,ORD-012099,ORD-008850",159.96,276.57,686.8,370.3,3,3,864.0 Wh,,6,864.0
RTE-01381,VEH-0636,Truck,2024-06-30,"ORD-014713,ORD-013405,ORD-010344,ORD-012715,ORD-003769",246.55,229.73,579.7,311.2,5,3,3.96,DRV-0311,11,3.96
RTE-01382,VEH-0428,Van,2024-05-26,"ORD-004707,ORD-007931,ORD-000782",400.87,396.1,477.4,620.2,3,3,47.92,DRV-0038,14,47.92
RTE-01383,VEH-0166,Bike,2025-04-19,"ORD-013439,ORD-011275,ORD-002010,ORD-010612,ORD-005013,ORD-013290",48.22,241.52,411.0,312.4,6,6,14.11,DRV-0206,0,14.11
RTE-01384,VEH-0109,Drone,2025-05-08,"ORD-005565,ORD-010249,ORD-004176,ORD-002291,ORD-014708",164.67,225.39,226.1,195.5,5,5,57.3 L,,7,57.3
RTE-01385,VEH-0080,Drone,2024-11-12,"ORD-002434,ORD-002413,ORD-010378,ORD-002652,ORD-006188,ORD-009278,ORD-012502,ORD-013786",342.04,252.77,360.2,321.1,8,8,58.24,,8,58.24
RTE-01386,VEH-0369,Bike,2024-04-06,"ORD-014194,ORD-006337,ORD-000543",53.43,338.98,68.6,255.9,3,3,7.34 L,DRV-0468,11,7.34
RTE-01387,VEH-0241,Bike,2025-01-24,"ORD-014078,ORD-002844,ORD-010681,ORD-011605",193.74,413.2,255.9,643.5,4,4,578.0 Wh,DRV-0152,14,578.0
RTE-01388,VEH-0469,Van,2024-01-05,ORD-005967,40.76,336.27,684.0,392.2,1,1,604.0 Wh,DRV-0210,11,604.0
RTE-01389,VEH-0603,Truck,2024-12-06,"ORD-001675,ORD-014976,ORD-003257,ORD-000051,ORD-004796,ORD-005184,ORD-001230,ORD-005594",205.74,11.16,292.3,354.4,8,8,342.0 Wh,DRV-0194,9,342.0
RTE-01390,VEH-0200,Bike,2024-10-10,"ORD-000983,ORD-013505,ORD-007071,ORD-006301,ORD-004730",70.31,432.9,241.8,76.4,5,5,1113.0 Wh,DRV-0600,7,1113.0
RTE-01391,VEH-0050,Drone,2024-01-21,"ORD-005195,ORD-001392,ORD-005586,ORD-001152,ORD-013088",331.92,281.11,568.6,452.3,5,4,43.26 L,,7,43.26
RTE-01392,VEH-0585,Truck,2024-10-24,ORD-001691,14.03,454.3,389.0,672.8,1,1,22.06 L,DRV-0717,14,22.06
RTE-01393,VEH-0654,Truck,2024-03-03,"ORD-001600,ORD-003403,ORD-000870",3.62,199.8,464.5,179.5,3,1,10.39 L,DRV-0319,6,10.39
RTE-01394,VEH-0557,Van,2025-02-27,"ORD-012954,ORD-008899,ORD-000138,ORD-004644,ORD-012893",416.49,,493.9,245.6,5,4,41.97 L,DRV-0105,14,41.97
RTE-01395,VEH-0183,Bike,2024-04-06,"ORD-005573,ORD-010919",125.13,433.25,366.1,169.3,2,2,578.0 Wh,DRV-0858,0,578.0
RTE-01396,VEH-0093,Drone,2025-03-19,"ORD-002144,ORD-008277",358.53,157.52,681.7,104.4,2,2,53.71 L,,13,53.71
RTE-01397,VEH-0599,Truck,2024-06-12,"ORD-004467,ORD-000288,ORD-009622,ORD-005499,ORD-002128,ORD-006427,ORD-003709,ORD-004448,ORD-005324",86.51,91.42,467.3,424.5,9,9,57.28 L,DRV-0493,3,57.28
RTE-01398,VEH-0600,Truck,2024-04-14,"ORD-009278,ORD-009444,ORD-008025,ORD-008937,ORD-013786,ORD-012319",64.67,,657.9,168.9,6,6,44.27,DRV-0838,11,44.27
RTE-01399,VEH-0569,Van,2024-02-13,"ORD-012147,ORD-012879,ORD-010572,ORD-007421,ORD-010940,ORD-009176,ORD-010175",354.75,309.93,651.2,357.2,7,7,1929.0 Wh,DRV-0872,12,1929.0
RTE-01400,VEH-0179,Bike,2024-03-17,"ORD-012032,ORD-006469",292.8,61.28,307.9,195.3,2,2,44.3,DRV-0359,5,44.3
RTE-01401,VEH-0611,Truck,2024-01-08,"ORD-011781,ORD-013847,ORD-009842",126.99,173.97,494.8,773.2,3,3,13.72 L,DRV-0159,0,13.72
RTE-01402,VEH-0429,Van,2024-08-21,"ORD-008603,ORD-014327,ORD-013735,ORD-012281,ORD-007895,ORD-013683,ORD-006085",253.09,11.49,697.6,422.9,7,7,22.94 L,DRV-0093,12,22.94
RTE-01403,VEH-0050,Drone,2024-05-18,ORD-014928,16.26,131.09,551.4,770.7,1,1,2.04 L,,0,2.04
RTE-01404,VEH-0457,Van,2025-03-15,"ORD-008961,ORD-002513,ORD-014447,ORD-007999",272.86,90.65,143.1,625.5,4,4,42.87,DRV-0163,11,42.87
RTE-01405,VEH-0622,Truck,2024-09-17,ORD-011404,46.34,90.17,136.8,205.3,1,1,43.87,DRV-0816,5,43.87
RTE-01406,VEH-0339,Bike,2025-04-27,ORD-005077,173.47,38.78,392.3,611.1,1,1,0.55 L,DRV-0459,12,0.55
RTE-01407,VEH-0059,Drone,2024-07-24,"ORD-009487,ORD-009977,ORD-008996,ORD-003204,ORD-009633,ORD-003075,ORD-009281,ORD-003534",412.84,55.01,276.1,104.7,8,8,2078.0 Wh,,6,2078.0
RTE-01408,VEH-0319,Bike,2024-03-06,"ORD-006470,ORD-004286,ORD-000664",183.32,19.18,141.4,356.2,3,3,58.2 L,DRV-0137,8,58.2
RTE-01409,VEH-0414,Van,2024-01-26,"ORD-002637,ORD-011376,ORD-002332,ORD-011950",34.3,211.36,314.8,574.5,4,4,5.04 L,DRV-0016,7,5.04
RTE-01410,VEH-0330,Bike,2025-04-07,"ORD-014059,ORD-013533,ORD-001843,ORD-005946,ORD-005232,ORD-012873",26.31,330.73,330.7,669.6,6,6,32.17 L,DRV-0752,4,32.17
RTE-01411,VEH-0307,Bike,2025-06-16,"ORD-001511,ORD-009134,ORD-014633,ORD-006704,ORD-006136",193.41,200.6,105.1,397.0,5,4,49.84 L,DRV-0842,5,49.84
RTE-01412,VEH-0414,Van,2024-12-16,"ORD-014474,ORD-014551,ORD-013925,ORD-008165,ORD-005560,ORD-011786",110.88,338.08,475.3,678.4,6,5,51.15 L,DRV-0674,3,51.15
RTE-01413,VEH-0552,Van,2025-06-12,"ORD-001910,ORD-002261,ORD-011287,ORD-004200,ORD-014738,ORD-006155,ORD-000952",399.48,192.65,154.2,548.0,7,7,464.0 Wh,DRV-0613,14,464.0
RTE-01414,VEH-0286,Bike,2025-01-11,"ORD-003547,ORD-010110,ORD-007370,ORD-006551,ORD-011450",225.22,257.16,196.3,467.0,5,5,43.21,DRV-0046,8,43.21
RTE-01415,VEH-0634,Truck,2024-04-11,"ORD-009000,ORD-003667,ORD-003295,ORD-003002,ORD-012919,ORD-003519,ORD-014407,ORD-005316",273.33,432.94,45.8,101.6,8,8,820.0 Wh,DRV-0608,7,820.0
RTE-01416,VEH-0499,Van,2024-03-17,"ORD-003784,ORD-003748,ORD-005960,ORD-001912,ORD-004393,ORD-012381",305.84,169.02,614.9,115.1,6,4,29.45,DRV-0329,14,29.45
RTE-01417,VEH-0373,Bike,2025-06-30,"ORD-004632,ORD-003166",390.57,13.3,310.5,176.1,2,1,1061.0 Wh,DRV-0573,5,1061.0
RTE-01418,VEH-0617,Truck,2025-05-04,"ORD-013013,ORD-002850,ORD-010593,ORD-010427,ORD-007177,ORD-003305,ORD-012063",415.92,406.86,340.4,157.6,7,7,21.41 L,DRV-0296,9,21.41
RTE-01419,VEH-0410,Van,2024-10-13,"ORD-008546,ORD-000694,ORD-001315",331.39,311.04,378.6,138.4,3,3,12.33,DRV-0194,0,12.33
RTE-01420,VEH-0163,Bike,2024-06-24,"ORD-003539,ORD-000824",199.15,84.0,346.5,492.1,2,0,55.0 L,DRV-0026,9,55.0
RTE-01421,VEH-0034,Drone,2024-12-15,ORD-007964,218.57,184.68,371.3,638.5,1,1,55.76 L,,9,55.76
RTE-01422,VEH-0497,Van,2024-02-01,ORD-006324,281.89,145.3,615.9,490.7,1,1,48.95 L,DRV-0339,8,48.95
RTE-01423,VEH-0537,Van,2024-07-26,"ORD-007425,ORD-001079,ORD-006960,ORD-003951,ORD-001011,ORD-000078,ORD-014807",179.19,201.66,425.1,536.4,7,7,49.39 L,DRV-0034,3,49.39
RTE-01424,VEH-0073,Drone,2024-11-16,"ORD-000652,ORD-014562,ORD-007156,ORD-009768,ORD-006900,ORD-001235",386.32,227.72,577.1,222.6,6,6,25.71 L,,11,25.71
RTE-01425,VEH-0126,Drone,2025-02-24,"ORD-000087,ORD-000569,ORD-002111,ORD-004534,ORD-004782",166.87,355.25,697.2,545.1,5,5,380.0 Wh,,6,380.0
RTE-01426,VEH-0675,Truck,2024-05-05,"ORD-010967,ORD-013709,ORD-006965,ORD-002530",16.17,316.34,72.6,193.8,4,4,737.0 Wh,DRV-0432,14,737.0
RTE-01427,VEH-0089,Drone,2024-01-12,"ORD-005793,ORD-013389,ORD-003938,ORD-014328,ORD-001410,ORD-008771,ORD-000902,ORD-013039,ORD-012188",370.57,373.73,386.6,372.3,9,9,1296.0 Wh,,5,1296.0
RTE-01428,VEH-0004,Drone,2024-03-06,"ORD-014480,ORD-001077,ORD-009766,ORD-004976,ORD-009853,ORD-000095,ORD-010264,ORD-010771,ORD-007658",179.85,411.27,694.8,732.0,9,9,370.0 Wh,,13,370.0
RTE-01429,VEH-0618,Truck,2025-05-22,"ORD-001274,ORD-000127,ORD-011304,ORD-006879,ORD-005526",43.75,276.34,283.9,344.1,5,5,38.48,DRV-0249,6,38.48
RTE-01430,VEH-0057,Drone,2024-09-29,"ORD-010972,ORD-005596,ORD-011977",237.03,128.38,670.3,300.0,3,3,1110.0 Wh,,14,1110.0
RTE-01431,VEH-0105,Drone,2024-03-27,"ORD-003923,ORD-006802,ORD-006666,ORD-011302,ORD-004467",109.86,31.85,560.0,380.8,5,5,345.0 Wh,,9,345.0
RTE-01432,VEH-0069,Drone,2024-06-12,"ORD-007043,ORD-014840,ORD-012106",112.69,119.69,88.0,784.7,3,3,24.13 L,,12,24.13
RTE-01433,VEH-0184,Bike,2024-09-17,"ORD-011776,ORD-007036,ORD-012665,ORD-000374,ORD-014784,ORD-012261,ORD-010584,ORD-002817",12.52,,378.9,331.7,8,8,54.05,DRV-0431,10,54.05
RTE-01434,VEH-0654,Truck,2025-03-01,"ORD-002364,ORD-009130,ORD-011179,ORD-014022,ORD-001959",341.01,215.03,248.9,433.7,5,4,262.0 Wh,DRV-0275,10,262.0
RTE-01435,VEH-0413,Van,2025-06-04,"ORD-008775,ORD-004502",61.41,45.51,529.1,158.9,2,2,1536.0 Wh,DRV-0191,11,1536.0
RTE-01436,VEH-0620,Truck,2024-12-13,"ORD-010039,ORD-013164,ORD-006698,ORD-010795,ORD-004566",214.66,171.08,349.1,132.6,5,5,45.74,DRV-0123,9,45.74
RTE-01437,VEH-0124,Drone,2024-09-18,"ORD-006063,ORD-007593,ORD-001946,ORD-003715,ORD-009346,ORD-001786,ORD-002774",129.88,422.24,597.9,520.6,7,7,13.54 L,,12,13.54
RTE-01438,VEH-0015,Drone,2024-10-28,"ORD-006167,ORD-007098,ORD-004684,ORD-001225,ORD-001521,ORD-008208",39.17,214.46,276.0,664.6,6,6,12.83,,4,12.83
RTE-01439,VEH-0042,Drone,2024-10-07,"ORD-009032,ORD-014625,ORD-008786",301.53,173.97,17.4,27.9,3,3,3.47,,3,3.47
RTE-01440,VEH-0565,Van,2024-03-08,"ORD-001571,ORD-013147,ORD-001311,ORD-007023,ORD-011344",159.28,266.67,539.5,462.8,5,5,1673.0 Wh,DRV-0071,5,1673.0
RTE-01441,VEH-0166,Bike,2024-01-07,"ORD-002615,ORD-005280,ORD-004787,ORD-013824,ORD-004880,ORD-005495",148.45,59.5,365.0,733.2,6,6,37.53 L,DRV-0606,9,37.53
RTE-01442,VEH-0545,Van,2024-09-13,"ORD-005848,ORD-014354,ORD-010307,ORD-011198,ORD-005893,ORD-007035",69.1,445.02,163.7,90.7,6,5,39.23,DRV-0191,5,39.23
RTE-01443,VEH-0303,Bike,2025-03-19,"ORD-003596,ORD-006187",206.96,54.31,75.0,81.7,2,2,43.62,DRV-0541,4,43.62
RTE-01444,VEH-0574,Van,2025-01-05,"ORD-006867,ORD-005722,ORD-007379,ORD-007961",134.6,38.93,403.7,55.7,4,4,57.3,DRV-0895,13,57.3
RTE-01445,VEH-0619,Truck,2024-11-28,"ORD-008576,ORD-007282",29.98,145.94,520.7,783.7,2,2,32.44,DRV-0504,12,32.44
RTE-01446,VEH-0423,Van,2024-01-17,"ORD-001090,ORD-014768,ORD-010745,ORD-006861,ORD-013137,ORD-011158,ORD-005096",325.26,399.45,540.3,120.0,7,7,58.15 L,DRV-0080,11,58.15
RTE-01447,VEH-0054,Drone,2024-04-06,"ORD-012072,ORD-010397,ORD-006519,ORD-004204,ORD-010798,ORD-003167,ORD-007022",176.04,418.14,136.7,366.7,7,7,36.52 L,,3,36.52
RTE-01448,VEH-0380,Bike,2025-04-06,"ORD-010830,ORD-005576,ORD-008896,ORD-005273,ORD-004817,ORD-000024,ORD-009974",257.53,110.98,289.0,652.8,7,7,500.0 Wh,DRV-0221,12,500.0
RTE-01449,VEH-0061,Drone,2024-06-09,ORD-014480,73.25,135.94,88.1,674.5,1,1,252.0 Wh,,6,252.0
RTE-01450,VEH-0442,Van,2024-08-31,"ORD-001976,ORD-011088,ORD-009245,ORD-000501,ORD-006151,ORD-011457",78.17,44.54,623.6,99.5,6,6,58.55 L,DRV-0643,4,58.55
RTE-01451,VEH-0594,Truck,2024-12-30,ORD-008161,40.9,287.67,217.3,490.7,1,1,46.89 L,DRV-0256,7,46.89
RTE-01452,VEH-0298,Bike,2024-10-08,ORD-012268,313.59,125.12,102.3,200.8,1,1,1916.0 Wh,DRV-0718,4,1916.0
RTE-01453,VEH-0518,Van,2025-03-31,"ORD-008578,ORD-008531,ORD-013466,ORD-000739,ORD-004631",266.76,60.43,411.6,655.0,5,5,16.87 L,DRV-0028,11,16.87
RTE-01454,VEH-0568,Van,2024-08-13,"ORD-008445,ORD-013289",352.41,109.46,552.3,64.5,2,2,23.57,DRV-0597,5,23.57
RTE-01455,VEH-0041,Drone,2024-01-03,"ORD-006635,ORD-000031,ORD-007414,ORD-000769,ORD-014466",341.45,253.39,53.6,508.6,5,5,1750.0 Wh,,5,1750.0
RTE-01456,VEH-0203,Bike,2024-07-22,"ORD-001627,ORD-010435,ORD-002059",212.33,86.4,611.4,540.4,3,3,1511.0 Wh,DRV-0501,7,1511.0
RTE-01457,VEH-0478,Van,2024-06-01,"ORD-005049,ORD-001570,ORD-009813,ORD-000724,ORD-014554",152.97,178.98,219.1,129.2,5,5,403.0 Wh,DRV-0342,5,403.0
RTE-01458,VEH-0589,Truck,2024-05-03,"ORD-003643,ORD-001340,ORD-014090,ORD-012672,ORD-013341,ORD-010037,ORD-012384",196.36,341.93,22.0,546.4,7,7,20.35 L,DRV-0099,14,20.35
RTE-01459,VEH-0629,Truck,2025-05-09,"ORD-007463,ORD-001419,ORD-001751,ORD-007070,ORD-004653,ORD-003028,ORD-000416",97.42,124.01,645.5,379.4,7,7,55.21,DRV-0524,5,55.21
RTE-01460,VEH-0224,Bike,2024-02-08,"ORD-000587,ORD-013487,ORD-008757,ORD-014621,ORD-006648,ORD-007422,ORD-013442",343.97,366.11,367.4,216.9,7,7,2004.0 Wh,DRV-0740,6,2004.0
RTE-01461,VEH-0153,Bike,2025-03-03,"ORD-003137,ORD-005748",281.16,149.64,363.2,687.1,2,2,33.92 L,DRV-0060,13,33.92
RTE-01462,VEH-0483,Van,2024-09-10,"ORD-000849,ORD-006978,ORD-013075,ORD-007486,ORD-005570,ORD-003244",158.72,187.3,515.3,82.5,6,6,2108.0 Wh,DRV-0088,5,2108.0
RTE-01463,VEH-0634,Truck,2024-01-28,"ORD-006560,ORD-012793,ORD-009106",35.49,425.38,43.4,208.4,3,3,1795.0 Wh,DRV-0480,14,1795.0
RTE-01464,VEH-0069,Drone,2024-06-06,"ORD-011446,ORD-003462",215.79,382.85,614.9,106.5,2,1,782.0 Wh,,7,782.0
RTE-01465,VEH-0570,Van,2024-03-06,"ORD-000803,ORD-014533,ORD-001093,ORD-005148,ORD-001407,ORD-014760",407.37,52.03,693.8,628.2,6,6,710.0 Wh,DRV-0700,6,710.0
RTE-01466,VEH-0217,Bike,2024-07-16,"ORD-006080,ORD-010876,ORD-013225,ORD-001787,ORD-012623,ORD-013898,ORD-009968,ORD-000335,ORD-012719",407.67,344.31,692.2,501.6,9,9,37.95 L,DRV-0713,9,37.95
RTE-01467,VEH-0075,Drone,2024-12-13,"ORD-011720,ORD-000364,ORD-007094,ORD-013175,ORD-006998,ORD-013227,ORD-003443,ORD-003451",409.82,263.07,128.3,191.5,8,8,1018.0 Wh,,11,1018.0
RTE-01468,VEH-0590,Truck,2025-04-19,"ORD-006357,ORD-008177,ORD-004903,ORD-006766,ORD-014952,ORD-005873,ORD-009648,ORD-002253,ORD-011959",182.15,66.05,439.9,796.9,9,9,59.01 L,DRV-0524,4,59.01
RTE-01469,VEH-0005,Drone,2025-03-12,"ORD-012097,ORD-000417,ORD-014590,ORD-010212",302.13,75.59,368.0,278.5,4,4,22.53,,9,22.53
RTE-01470,VEH-0203,Bike,2025-06-27,"ORD-013252,ORD-011415,ORD-000293,ORD-001809,ORD-012537,ORD-002356",30.66,110.43,244.8,758.5,6,6,1224.0 Wh,DRV-0202,13,1224.0
RTE-01471,VEH-0667,Truck,2024-03-19,"ORD-001440,ORD-010557,ORD-009721,ORD-005710,ORD-007260,ORD-009748,ORD-014654,ORD-001503",209.87,281.21,392.3,289.5,8,8,845.0 Wh,DRV-0473,6,845.0
RTE-01472,VEH-0274,Bike,2024-02-29,"ORD-000380,ORD-000015,ORD-012718,ORD-009093,ORD-010450,ORD-003625,ORD-008330,ORD-014330,ORD-004861",395.58,252.14,334.3,750.2,9,9,31.02 L,DRV-0249,3,31.02
RTE-01473,VEH-0026,Drone,2025-01-17,"ORD-009049,ORD-004326,ORD-001705,ORD-001422,ORD-006058,ORD-013624,ORD-003591",290.16,85.66,57.7,414.9,7,7,1603.0 Wh,,4,1603.0
RTE-01474,VEH-0060,Drone,2025-04-05,"ORD-010283,ORD-004996,ORD-013714,ORD-006029",175.03,215.69,633.2,715.5,4,4,718.0 Wh,,14,718.0
RTE-01475,VEH-0616,Truck,2024-06-21,"ORD-002413,ORD-002502,ORD-010772,ORD-006268",241.35,373.4,210.4,208.7,4,4,7.92,DRV-0422,8,7.92
RTE-01476,VEH-0322,Bike,2025-06-18,ORD-007176,302.81,345.89,276.5,318.9,1,0,29.62,DRV-0120,6,29.62
RTE-01477,VEH-0598,Truck,2024-05-10,"ORD-004964,ORD-013598,ORD-000743,ORD-000434,ORD-007928",98.25,379.41,300.8,364.4,5,5,1.13,DRV-0021,7,1.13
RTE-01478,VEH-0471,Van,2024-06-10,"ORD-001860,ORD-011095",376.42,129.83,175.0,153.8,2,2,15.38 L,DRV-0860,8,15.38
RTE-01479,VEH-0650,Truck,2024-02-26,"ORD-001097,ORD-006217,ORD-000861,ORD-001788,ORD-003281,ORD-014156",299.89,395.78,655.9,617.6,6,6,46.41,DRV-0766,10,46.41
RTE-01480,VEH-0356,Bike,2025-01-11,"ORD-012386,ORD-003404,ORD-000957,ORD-011356,ORD-013629,ORD-010987",314.68,105.9,391.3,794.7,6,6,5.79,DRV-0114,7,5.79
RTE-01481,VEH-0511,Van,2025-01-22,"ORD-001310,ORD-010100,ORD-004938,ORD-014562,ORD-009190,ORD-007039,ORD-008419,ORD-008592",231.5,108.23,61.2,542.6,8,8,1300.0 Wh,DRV-0726,8,1300.0
RTE-01482,VEH-0075,Drone,2024-09-13,"ORD-005650,ORD-011643,ORD-007645,ORD-005138,ORD-010281,ORD-000506,ORD-000253,ORD-005268",356.17,236.11,169.6,93.7,8,8,308.0 Wh,,14,308.0
RTE-01483,VEH-0401,Van,2025-03-09,"ORD-001060,ORD-013281,ORD-008091,ORD-000939",52.42,135.66,192.4,777.6,4,3,1917.0 Wh,DRV-0433,11,1917.0
RTE-01484,VEH-0038,Drone,2024-01-22,"ORD-005452,ORD-014163",317.58,216.3,97.0,293.8,2,0,980.0 Wh,,10,980.0
RTE-01485,VEH-0104,Drone,2024-04-29,"ORD-009995,ORD-010918,ORD-003502,ORD-002098,ORD-005537,ORD-001110,ORD-000718,ORD-000273",317.99,309.91,692.7,763.9,8,8,2188.0 Wh,,13,2188.0
RTE-01486,VEH-0200,Bike,2024-11-08,"ORD-007415,ORD-005436,ORD-004734,ORD-006726,ORD-008992",235.81,384.22,642.1,59.0,5,5,2008.0 Wh,DRV-0112,4,2008.0
RTE-01487,VEH-0434,Van,2024-06-24,"ORD-002946,ORD-003151",40.42,326.74,321.3,405.1,2,2,54.26 L,DRV-0144,13,54.26
RTE-01488,VEH-0271,Bike,2024-06-10,"ORD-004638,ORD-005535,ORD-011274,ORD-002585,ORD-000195,ORD-000639,ORD-012105,ORD-011180,ORD-013369",184.33,294.96,511.5,88.0,9,9,268.0 Wh,DRV-0065,12,268.0
RTE-01489,VEH-0441,Van,2025-02-10,"ORD-007880,ORD-011410,ORD-003348,ORD-013783,ORD-012347,ORD-008603",143.06,335.87,213.8,193.2,6,6,1074.0 Wh,DRV-0703,5,1074.0
RTE-01490,VEH-0068,Drone,2024-02-26,"ORD-006054,ORD-005711,ORD-006620,ORD-002366,ORD-012702,ORD-010539,ORD-004866,ORD-012626",159.33,151.91,672.6,32.7,8,7,29.14,,0,29.14
RTE-01491,VEH-0637,Truck,2024-01-08,"ORD-014218,ORD-011539,ORD-002671,ORD-004315,ORD-009373,ORD-000246,ORD-005820",181.2,289.17,687.4,51.3,7,5,39.81,DRV-0620,6,39.81
RTE-01492,VEH-0642,Truck,2024-12-25,ORD-002091,191.83,296.88,23.3,663.9,1,1,10.3 L,DRV-0408,10,10.3
RTE-01493,VEH-0643,Truck,2024-05-17,"ORD-006303,ORD-007375",128.25,394.5,219.9,45.6,2,2,337.0 Wh,DRV-0563,9,337.0
RTE-01494,VEH-0091,Drone,2024-05-24,"ORD-002181,ORD-012901,ORD-009198,ORD-014344,ORD-002846",376.79,215.72,686.4,233.6,5,5,40.84,,4,40.84
RTE-01495,VEH-0594,Truck,2024-07-07,"ORD-003200,ORD-010177,ORD-004822,ORD-002515",281.02,84.01,608.5,339.6,4,2,488.0 Wh,DRV-0301,5,488.0
RTE-01496,VEH-0540,Van,2025-01-23,ORD-000576,338.93,411.45,238.4,42.9,1,1,14.67 L,DRV-0770,12,14.67
RTE-01497,VEH-0454,Van,2025-04-21,"ORD-004470,ORD-007449,ORD-009176,ORD-011847,ORD-006219,ORD-007148,ORD-001884,ORD-009914,ORD-007534",300.02,302.16,577.4,57.5,9,9,50.12 L,DRV-0478,3,50.12
RTE-01498,VEH-0640,Truck,2024-08-31,"ORD-005586,ORD-005075,ORD-003164",380.1,327.99,332.8,39.2,3,3,1829.0 Wh,DRV-0606,10,1829.0
RTE-01499,VEH-0162,Bike,2024-03-25,"ORD-008881,ORD-014370,ORD-003174,ORD-014234,ORD-014877,ORD-010537,ORD-001438",336.59,266.97,461.4,91.2,7,7,32.55 L,DRV-0815,0,32.55
RTE-01500,VEH-0117,Drone,2025-05-21,"ORD-013201,ORD-006959,ORD-011108,ORD-001037",246.21,64.97,24.8,582.8,4,4,35.33,,7,35.33
RTE-01501,VEH-0511,Van,2025-04-11,"ORD-005941,ORD-000876",133.92,211.16,568.2,54.1,2,2,53.73 L,DRV-0061,13,53.73
RTE-01502,VEH-0250,Bike,2024-02-13,"ORD-000480,ORD-012804,ORD-003211",372.18,106.84,238.3,391.5,3,2,1386.0 Wh,DRV-0207,7,1386.0
RTE-01503,VEH-0677,Truck,2024-07-29,"ORD-006930,ORD-005912,ORD-007274,ORD-002037,ORD-001031,ORD-010042,ORD-000562",376.23,240.88,675.0,548.8,7,7,54.93 L,DRV-0598,13,54.93
RTE-01504,VEH-0468,Van,2024-07-25,"ORD-011209,ORD-010523,ORD-001649,ORD-006422,ORD-012390,ORD-002852",105.36,3.85,619.8,136.1,6,6,1783.0 Wh,DRV-0777,7,1783.0
RTE-01505,VEH-0028,Drone,2024-08-26,"ORD-009027,ORD-006983,ORD-001358,ORD-013318",133.09,247.15,264.7,301.2,4,4,53.1,,14,53.1
RTE-01506,VEH-0279,Bike,2024-02-07,"ORD-010364,ORD-010377",4.22,222.11,553.7,556.1,2,2,19.09 L,DRV-0066,5,19.09
RTE-01507,VEH-0521,Van,2024-09-03,"ORD-000576,ORD-013421,ORD-013811,ORD-001482,ORD-000670,ORD-001924",315.11,253.09,387.5,529.5,6,6,1017.0 Wh,DRV-0893,10,1017.0
RTE-01508,VEH-0151,Bike,2025-04-30,"ORD-013723,ORD-014094,ORD-000546,ORD-010461,ORD-008728,ORD-001854,ORD-008320,ORD-008754,ORD-010445",96.99,220.16,613.4,422.1,9,9,37.41,DRV-0748,0,37.41
RTE-01509,VEH-0163,Bike,2025-04-22,"ORD-000723,ORD-005312,ORD-014252",288.27,409.77,27.1,409.8,3,3,6.44,DRV-0159,14,6.44
RTE-01510,VEH-0691,Truck,2024-01-05,"ORD-012791,ORD-003479,ORD-004195,ORD-005230,ORD-013814,ORD-002779,ORD-001487,ORD-003707,ORD-007389",101.67,334.56,368.5,485.6,9,9,1283.0 Wh,DRV-0763,14,1283.0
RTE-01511,VEH-0180,Bike,2024-03-27,"ORD-003330,ORD-007304,ORD-012623,ORD-012863,ORD-006221,ORD-007020,ORD-014204,ORD-012995",9.88,5.15,274.9,570.7,8,8,55.19,DRV-0404,4,55.19
RTE-01512,VEH-0459,Van,2024-10-08,"ORD-000719,ORD-013867,ORD-013616,ORD-009419,ORD-011890,ORD-003641,ORD-003014,ORD-004871,ORD-006112",127.1,87.99,639.7,375.0,9,9,29.21 L,DRV-0560,9,29.21
RTE-01513,VEH-0208,Bike,2024-05-22,"ORD-014096,ORD-007424,ORD-013759",116.98,274.49,82.6,87.4,3,3,58.01,DRV-0489,9,58.01
RTE-01514,VEH-0129,Drone,2024-01-10,"ORD-008040,ORD-007407,ORD-004514,ORD-000924,ORD-001062,ORD-007631,ORD-011351",282.19,447.66,478.8,180.1,7,6,49.54,,8,49.54
RTE-01515,VEH-0334,Bike,2025-02-02,"ORD-011084,ORD-001530,ORD-006089,ORD-013387,ORD-004230,ORD-014220,ORD-013980",192.26,32.84,361.0,510.5,7,7,24.22,DRV-0771,12,24.22
RTE-01516,VEH-0150,Bike,2024-03-19,ORD-008543,414.86,121.2,33.2,623.8,1,1,1776.0 Wh,DRV-0518,0,1776.0
RTE-01517,VEH-0251,Bike,2024-11-20,"ORD-002890,ORD-005203,ORD-006108,ORD-012057,ORD-009125,ORD-010605,ORD-011608,ORD-007908",384.09,279.44,385.2,681.2,8,8,1195.0 Wh,DRV-0724,4,1195.0
RTE-01518,VEH-0215,Bike,2024-06-06,"ORD-010778,ORD-002136,ORD-014789,ORD-007581,ORD-009653,ORD-007935,ORD-012029,ORD-011136",85.15,443.67,443.7,248.7,8,8,5.73,DRV-0517,12,5.73
RTE-01519,VEH-0379,Bike,2024-08-14,"ORD-007188,ORD-012795",400.8,331.45,546.2,426.4,2,2,24.61,DRV-0840,8,24.61
RTE-01520,VEH-0089,Drone,2024-06-11,"ORD-009989,ORD-003931,ORD-014634,ORD-006159,ORD-002091,ORD-009726",373.61,441.44,47.3,673.6,6,6,45.04 L,,8,45.04
RTE-01521,VEH-0640,Truck,2024-01-28,"ORD-004210,ORD-009653,ORD-002062",416.02,53.45,364.8,428.7,3,3,35.26,DRV-0312,14,35.26
RTE-01522,VEH-0516,Van,2025-02-22,"ORD-001695,ORD-014811,ORD-010745",305.27,144.32,159.9,128.6,3,2,45.59 L,DRV-0035,9,45.59
RTE-01523,VEH-0111,Drone,2024-03-24,"ORD-011530,ORD-014493,ORD-003860",159.07,148.64,688.2,382.2,3,3,43.69 L,,12,43.69
RTE-01524,VEH-0032,Drone,2024-10-02,ORD-009147,196.08,385.89,275.7,701.1,1,1,54.53 L,,10,54.53
RTE-01525,VEH-0265,Bike,2025-03-03,ORD-001844,196.02,456.04,208.3,142.5,1,1,3.52,DRV-0729,8,3.52
RTE-01526,VEH-0187,Bike,2024-11-22,"ORD-009232,ORD-012209",17.95,388.06,63.3,585.1,2,2,304.0 Wh,DRV-0676,7,304.0
RTE-01527,VEH-0285,Bike,2024-01-20,"ORD-004174,ORD-010882,ORD-003007,ORD-001297,ORD-011885",71.59,128.52,634.9,419.4,5,4,55.61 L,DRV-0044,14,55.61
RTE-01528,VEH-0331,Bike,2024-01-30,"ORD-002491,ORD-010592,ORD-003067,ORD-000328,ORD-009633,ORD-008592,ORD-007781",395.15,350.38,96.2,391.0,7,7,2111.0 Wh,DRV-0302,11,2111.0
RTE-01529,VEH-0058,Drone,2024-09-10,ORD-010177,146.88,239.18,387.2,409.0,1,1,3.77 L,,0,3.77
RTE-01530,VEH-0081,Drone,2024-10-29,"ORD-002124,ORD-007384,ORD-006282,ORD-004283,ORD-013889,ORD-006864,ORD-010481",13.28,433.4,43.1,122.9,7,7,37.64,,14,37.64
RTE-01531,VEH-0614,Truck,2024-06-06,ORD-011239,248.45,282.44,507.6,716.7,1,1,52.63 L,DRV-0495,8,52.63
RTE-01532,VEH-0345,Bike,2024-02-12,"ORD-009785,ORD-012203,ORD-008948,ORD-012124,ORD-002424,ORD-003192,ORD-000187,ORD-002810",175.92,399.26,695.4,213.0,8,8,1076.0 Wh,DRV-0132,5,1076.0
RTE-01533,VEH-0582,Truck,2025-02-20,"ORD-005205,ORD-006592,ORD-005852",404.34,312.0,131.1,54.3,3,3,5.9,DRV-0469,14,5.9
RTE-01534,VEH-0576,Van,2024-03-27,"ORD-006889,ORD-013491,ORD-005900,ORD-013249,ORD-002146,ORD-009410,ORD-004401,ORD-001063,ORD-014740",300.91,69.29,304.5,672.6,9,9,19.0,DRV-0650,10,19.0
RTE-01535,VEH-0366,Bike,2025-05-07,"ORD-008401,ORD-003587,ORD-012521,ORD-002310,ORD-010777,ORD-014040,ORD-000226,ORD-010014,ORD-012474",15.32,329.07,622.9,66.5,9,9,7.52 L,DRV-0820,3,7.52
RTE-01536,VEH-0184,Bike,2024-02-24,"ORD-002569,ORD-012579,ORD-003440,ORD-002084,ORD-012907",387.11,,85.9,151.6,5,5,47.59,DRV-0280,8,47.59
RTE-01537,VEH-0615,Truck,2024-08-05,"ORD-007703,ORD-004897",158.88,310.99,527.0,469.6,2,2,10.86 L,DRV-0095,4,10.86
RTE-01538,VEH-0493,Van,2024-11-02,"ORD-014174,ORD-002346,ORD-010567,ORD-011812,ORD-007681,ORD-001373",339.81,458.65,538.1,83.6,6,6,41.28,DRV-0027,14,41.28
RTE-01539,VEH-0089,Drone,2025-02-12,"ORD-011924,ORD-012966,ORD-013715,ORD-010641,ORD-005765,ORD-011393",219.42,397.39,55.0,556.7,6,6,1264.0 Wh,,5,1264.0
RTE-01540,VEH-0278,Bike,2025-06-15,ORD-011257,197.87,8.18,632.2,212.1,1,1,57.6,DRV-0053,6,57.6
RTE-01541,VEH-0336,Bike,2024-03-30,"ORD-007027,ORD-004209,ORD-008851",380.72,67.43,170.5,392.6,3,3,3.43,DRV-0007,13,3.43
RTE-01542,VEH-0008,Drone,2025-04-28,"ORD-010576,ORD-014514,ORD-012256,ORD-007486,ORD-012039,ORD-006266,ORD-000443,ORD-003166,ORD-009075",326.19,70.72,357.8,171.7,9,9,1826.0 Wh,,12,1826.0
RTE-01543,VEH-0034,Drone,2024-03-14,"ORD-004667,ORD-006436,ORD-000942,ORD-005868",51.24,218.06,261.8,129.7,4,4,1321.0 Wh,,8,1321.0
RTE-01544,VEH-0654,Truck,2025-01-09,"ORD-005258,ORD-000507,ORD-003166,ORD-009257,ORD-011494",339.62,192.25,584.0,213.0,5,5,43.42 L,DRV-0075,12,43.42
RTE-01545,VEH-0620,Truck,2024-06-24,"ORD-013950,ORD-011670",18.58,270.19,84.1,244.1,2,2,22.62,DRV-0333,14,22.62
RTE-01546,VEH-0146,Bike,2025-04-19,"ORD-004544,ORD-005177,ORD-010028,ORD-008517",299.96,10.22,432.2,634.5,4,4,2097.0 Wh,DRV-0633,0,2097.0
RTE-01547,VEH-0653,Truck,2025-01-12,"ORD-010611,ORD-002551,ORD-002448,ORD-014890,ORD-002204,ORD-005163,ORD-007343,ORD-005830",28.77,13.31,247.1,351.5,8,8,53.6,DRV-0281,11,53.6
RTE-01548,VEH-0676,Truck,2024-06-16,ORD-011103,167.39,457.18,620.9,460.4,1,1,703.0 Wh,DRV-0253,10,703.0
RTE-01549,VEH-0018,Drone,2024-04-19,"ORD-010005,ORD-006067,ORD-005893,ORD-013084,ORD-014088,ORD-003917",98.8,118.53,664.8,608.8,6,5,43.29,,9,43.29
RTE-01550,VEH-0447,Van,2025-06-11,"ORD-004199,ORD-006117,ORD-012851,ORD-002924,ORD-003480",286.0,158.21,104.8,81.1,5,5,48.73 L,DRV-0240,7,48.73
RTE-01551,VEH-0058,Drone,2024-05-04,"ORD-002663,ORD-012382,ORD-002858,ORD-013905,ORD-014299,ORD-007950,ORD-010871,ORD-013831",284.32,293.36,75.8,749.0,8,8,1697.0 Wh,,4,1697.0
RTE-01552,VEH-0248,Bike,2025-01-19,"ORD-009608,ORD-004102,ORD-014268",370.71,242.63,256.8,585.2,3,3,6.94,DRV-0719,3,6.94
RTE-01553,VEH-0585,Truck,2025-01-02,"ORD-003026,ORD-006064,ORD-003186,ORD-000236",66.69,311.37,118.0,173.5,4,4,1690.0 Wh,DRV-0114,14,1690.0
RTE-01554,VEH-0567,Van,2024-04-04,"ORD-005791,ORD-008230,ORD-002743,ORD-007571",285.32,203.72,367.8,87.2,4,4,57.6,DRV-0866,3,57.6
RTE-01555,VEH-0607,Truck,2024-05-23,"ORD-009192,ORD-006029,ORD-000657,ORD-002270,ORD-007819,ORD-009726,ORD-006525,ORD-001333,ORD-013225",246.61,356.85,525.8,127.7,9,9,48.9,DRV-0877,9,48.9
RTE-01556,VEH-0060,Drone,2024-11-03,"ORD-005451,ORD-006147,ORD-014912,ORD-007306,ORD-002925,ORD-008879",335.5,,693.5,332.4,6,6,56.54,,10,56.54
RTE-01557,VEH-0376,Bike,2025-06-24,"ORD-002676,ORD-002231,ORD-003511,ORD-009249,ORD-000567,ORD-005008",165.47,229.12,538.2,656.5,6,6,56.17 L,DRV-0259,10,56.17
RTE-01558,VEH-0288,Bike,2024-10-06,"ORD-009420,ORD-011562,ORD-011184,ORD-000410,ORD-000467,ORD-003978,ORD-001119,ORD-014623,ORD-002647",45.75,361.41,206.2,231.1,9,9,52.03,DRV-0468,6,52.03
RTE-01559,VEH-0045,Drone,2024-10-13,"ORD-011543,ORD-012718,ORD-009806,ORD-009436,ORD-012835",371.87,,249.9,260.8,5,5,307.0 Wh,,12,307.0
RTE-01560,VEH-0334,Bike,2025-01-22,"ORD-001378,ORD-007997,ORD-012786,ORD-000606,ORD-006895,ORD-013245,ORD-004589,ORD-003308,ORD-013595",385.25,62.76,41.9,55.5,9,9,38.88,DRV-0518,12,38.88
RTE-01561,VEH-0373,Bike,2025-02-23,"ORD-013078,ORD-012831,ORD-012852,ORD-010400,ORD-007046",129.04,153.59,671.4,477.6,5,5,38.05 L,DRV-0739,9,38.05
RTE-01562,VEH-0151,Bike,2025-01-15,ORD-003546,44.72,449.36,202.8,592.2,1,1,58.78,DRV-0309,4,58.78
RTE-01563,VEH-0613,Truck,2024-04-15,"ORD-013996,ORD-002735",400.99,142.71,379.8,241.0,2,2,38.24 L,DRV-0481,14,38.24
RTE-01564,VEH-0457,Van,2024-01-15,"ORD-003421,ORD-003592,ORD-001338,ORD-013853,ORD-006617,ORD-012031,ORD-009961",176.57,424.53,167.7,786.8,7,7,7.93,DRV-0706,4,7.93
RTE-01565,VEH-0667,Truck,2024-06-02,"ORD-013537,ORD-012087,ORD-010287,ORD-002902",18.6,274.02,130.4,74.4,4,4,9.99 L,DRV-0580,6,9.99
RTE-01566,VEH-0001,Drone,2024-06-02,"ORD-000222,ORD-013320,ORD-008256,ORD-013841,ORD-011921,ORD-007004,ORD-014138",179.34,230.85,682.4,716.4,7,7,1456.0 Wh,,13,1456.0
RTE-01567,VEH-0371,Bike,2024-08-12,"ORD-002761,ORD-005578,ORD-007267,ORD-009450,ORD-007360,ORD-014004,ORD-013938",156.63,346.34,458.1,773.9,7,7,4.59 L,DRV-0659,13,4.59
RTE-01568,VEH-0412,Van,2024-11-27,"ORD-013308,ORD-014683,ORD-007176,ORD-000445",355.41,,291.0,624.6,4,3,1.85,DRV-0723,7,1.85
RTE-01569,VEH-0035,Drone,2024-08-06,"ORD-014224,ORD-003718,ORD-005195,ORD-012225,ORD-001374",364.24,73.76,393.7,319.7,5,4,31.12 L,,11,31.12
RTE-01570,VEH-0025,Drone,2025-01-26,"ORD-010895,ORD-005885,ORD-008597,ORD-008322,ORD-007423,ORD-012978,ORD-002198",47.27,161.63,155.2,798.4,7,7,15.92,,5,15.92
RTE-01571,VEH-0603,Truck,2025-03-03,"ORD-008670,ORD-002265,ORD-005249,ORD-011299,ORD-008805,ORD-010182,ORD-006951,ORD-003278,ORD-011389",231.02,274.65,205.9,139.4,9,9,1.18,DRV-0020,9,1.18
RTE-01572,VEH-0337,Bike,2025-03-06,"ORD-007377,ORD-006457,ORD-010609,ORD-014480",39.19,272.97,611.8,385.6,4,3,37.7 L,DRV-0891,7,37.7
RTE-01573,VEH-0638,Truck,2024-06-17,"ORD-000311,ORD-006943,ORD-003290,ORD-014893,ORD-012310,ORD-003867,ORD-000585,ORD-005907,ORD-003854",148.75,200.4,204.3,184.3,9,9,1048.0 Wh,DRV-0723,0,1048.0
RTE-01574,VEH-0521,Van,2024-01-14,"ORD-003710,ORD-014990,ORD-010882,ORD-013070",223.12,289.64,502.3,293.7,4,4,48.7,DRV-0311,10,48.7
RTE-01575,VEH-0607,Truck,2025-03-23,"ORD-008298,ORD-011000,ORD-007043,ORD-002966,ORD-009215",284.55,204.91,301.2,296.4,5,4,891.0 Wh,DRV-0756,14,891.0
RTE-01576,VEH-0470,Van,2025-04-28,"ORD-005215,ORD-000929,ORD-007312,ORD-010841,ORD-011933,ORD-012767",393.28,252.02,567.8,722.3,6,5,8.52 L,DRV-0396,8,8.52
RTE-01577,VEH-0424,Van,2025-01-10,"ORD-002475,ORD-010797,ORD-012400,ORD-009149,ORD-002728,ORD-004244,ORD-009673,ORD-004606,ORD-006179",130.81,443.92,296.7,786.5,9,8,40.22,DRV-0104,9,40.22
RTE-01578,VEH-0441,Van,2025-06-26,"ORD-005197,ORD-011542,ORD-011960,ORD-008973,ORD-003229",390.21,251.7,26.5,327.5,5,5,3.24 L,DRV-0394,4,3.24
RTE-01579,VEH-0156,Bike,2024-05-28,ORD-013316,382.24,417.15,626.0,530.7,1,1,55.04,DRV-0667,7,55.04
RTE-01580,VEH-0262,Bike,2024-10-18,"ORD-007433,ORD-004365,ORD-000700,ORD-004950",22.86,428.13,445.4,436.4,4,4,53.0 L,DRV-0479,8,53.0
RTE-01581,VEH-0581,Truck,2025-04-16,ORD-011569,349.05,,98.7,549.1,1,1,566.0 Wh,DRV-0029,10,566.0
RTE-01582,VEH-0389,Bike,2025-05-24,"ORD-004685,ORD-004660",247.92,232.33,641.9,385.4,2,2,1.33 L,DRV-0695,5,1.33
RTE-01583,VEH-0393,Bike,2025-06-22,"ORD-012486,ORD-007230,ORD-007695,ORD-010001",215.35,115.35,443.1,180.7,4,4,16.15,DRV-0777,4,16.15
RTE-01584,VEH-0654,Truck,2024-05-26,"ORD-013820,ORD-005320,ORD-000999,ORD-011315,ORD-012552,ORD-006339,ORD-000342,ORD-003331,ORD-007027",398.64,350.76,663.4,518.6,9,9,17.59 L,DRV-0018,12,17.59
RTE-01585,VEH-0014,Drone,2025-04-02,"ORD-002227,ORD-000278",232.55,286.35,345.8,136.5,2,2,33.17 L,,10,33.17
RTE-01586,VEH-0022,Drone,2024-04-16,"ORD-002401,ORD-007720,ORD-013465,ORD-006873",297.49,206.65,162.0,581.5,4,4,35.14,,3,35.14
RTE-01587,VEH-0660,Truck,2024-04-06,ORD-001251,319.43,,368.5,420.4,1,1,37.24 L,DRV-0220,10,37.24
RTE-01588,VEH-0670,Truck,2024-10-07,"ORD-005928,ORD-009036,ORD-004951,ORD-010218",49.16,315.76,20.9,673.4,4,4,912.0 Wh,DRV-0198,8,912.0
RTE-01589,VEH-0601,Truck,2025-01-09,"ORD-010937,ORD-008777",71.86,116.4,202.4,722.6,2,1,37.61,DRV-0477,6,37.61
RTE-01590,VEH-0574,Van,2024-05-04,"ORD-013969,ORD-007168,ORD-008795,ORD-001992,ORD-013908,ORD-007213",222.11,225.59,602.0,476.9,6,6,31.63,DRV-0047,10,31.63
RTE-01591,VEH-0012,Drone,2025-02-04,"ORD-014603,ORD-014527,ORD-007734",365.33,56.82,569.5,656.0,3,3,52.23,,7,52.23
RTE-01592,VEH-0658,Truck,2024-06-06,"ORD-008669,ORD-006417,ORD-003753,ORD-009574,ORD-000381,ORD-005411,ORD-004128,ORD-009627",330.7,,50.9,176.8,8,7,47.98,DRV-0886,4,47.98
RTE-01593,VEH-0333,Bike,2024-09-03,"ORD-003609,ORD-006907,ORD-008493,ORD-010637,ORD-009980,ORD-006947,ORD-013254,ORD-002553",259.68,27.26,500.3,647.4,8,8,1744.0 Wh,DRV-0231,7,1744.0
RTE-01594,VEH-0617,Truck,2025-04-22,"ORD-004160,ORD-009471,ORD-008535",104.35,179.09,657.9,548.5,3,3,1560.0 Wh,DRV-0004,8,1560.0
RTE-01595,VEH-0414,Van,2025-02-28,"ORD-006711,ORD-001021,ORD-011956",244.53,151.53,451.7,494.1,3,3,10.7,DRV-0840,13,10.7
RTE-01596,VEH-0633,Truck,2024-03-13,ORD-002685,300.06,23.06,567.5,664.1,1,1,17.39,DRV-0656,8,17.39
RTE-01597,VEH-0228,Bike,2024-04-27,ORD-011977,82.34,357.3,130.1,652.6,1,0,52.33,DRV-0050,11,52.33
RTE-01598,VEH-0135,Drone,2025-03-01,"ORD-001792,ORD-014531,ORD-009671,ORD-000720,ORD-007232,ORD-010984,ORD-008258,ORD-007424,ORD-012866",284.67,317.41,324.6,394.8,9,8,1394.0 Wh,,12,1394.0
RTE-01599,VEH-0055,Drone,2024-04-02,"ORD-010093,ORD-009394,ORD-001213,ORD-010222,ORD-002975,ORD-009670,ORD-008319,ORD-001429",65.19,6.54,25.0,794.9,8,8,18.26,,6,18.26
RTE-01600,VEH-0246,Bike,2025-02-26,"ORD-000216,ORD-010188,ORD-001920,ORD-003586,ORD-013957,ORD-014491,ORD-006936",252.2,282.01,645.8,96.2,7,7,2040.0 Wh,DRV-0849,6,2040.0
RTE-01601,VEH-0159,Bike,2024-11-02,"ORD-009118,ORD-001083,ORD-007908",75.9,13.88,208.6,517.2,3,3,14.3,DRV-0520,14,14.3
RTE-01602,VEH-0505,Van,2025-05-10,ORD-003966,134.42,453.17,603.8,378.4,1,1,55.14 L,DRV-0696,9,55.14
RTE-01603,VEH-0298,Bike,2024-10-26,"ORD-014797,ORD-013512",122.54,,422.3,468.7,2,2,314.0 Wh,DRV-0559,8,314.0
RTE-01604,VEH-0526,Van,2024-08-12,"ORD-011192,ORD-002853",141.17,116.94,39.5,485.7,2,2,42.51,DRV-0567,6,42.51
RTE-01605,VEH-0615,Truck,2025-02-04,"ORD-000074,ORD-014887,ORD-005941",388.7,430.64,385.4,164.5,3,3,1.14 L,DRV-0345,14,1.14
RTE-01606,VEH-0423,Van,2024-06-05,"ORD-013907,ORD-006904,ORD-014491,ORD-007672,ORD-013759,ORD-007697",377.68,187.53,203.8,756.3,6,5,16.65 L,DRV-0502,6,16.65
RTE-01607,VEH-0322,Bike,2024-08-03,ORD-006002,64.73,95.57,219.8,447.1,1,1,2030.0 Wh,DRV-0744,6,2030.0
RTE-01608,VEH-0436,Van,2025-02-06,"ORD-000212,ORD-006840,ORD-010785,ORD-009172,ORD-012982,ORD-014019,ORD-000555",14.44,228.68,406.1,752.3,7,6,465.0 Wh,DRV-0476,10,465.0
RTE-01609,VEH-0257,Bike,2024-01-15,"ORD-003584,ORD-006195,ORD-010403,ORD-008775,ORD-003070,ORD-007222,ORD-007455,ORD-002283,ORD-005036",72.07,104.32,517.0,696.3,9,9,26.51,DRV-0576,3,26.51
RTE-01610,VEH-0020,Drone,2024-07-08,"ORD-013692,ORD-014905,ORD-008442,ORD-006805,ORD-000590",209.02,13.54,414.5,48.5,5,5,832.0 Wh,,5,832.0
RTE-01611,VEH-0695,Truck,2024-03-14,"ORD-004226,ORD-007584,ORD-010327",297.79,38.12,339.9,679.9,3,3,25.87 L,DRV-0031,0,25.87
RTE-01612,VEH-0309,Bike,2025-05-15,"ORD-002960,ORD-000389,ORD-013128,ORD-006652,ORD-014941,ORD-006111,ORD-005364",101.62,41.97,162.6,607.3,7,7,53.68,DRV-0405,10,53.68
RTE-01613,VEH-0617,Truck,2024-04-04,"ORD-014678,ORD-007815,ORD-009896,ORD-009915,ORD-000484,ORD-013060,ORD-000424,ORD-004151,ORD-013884",289.87,384.26,373.2,298.3,9,9,31.91 L,DRV-0672,4,31.91
RTE-01614,VEH-0342,Bike,2025-02-02,"ORD-001650,ORD-012835,ORD-007059",322.23,312.79,645.9,560.3,3,3,2054.0 Wh,DRV-0814,0,2054.0
RTE-01615,VEH-0440,Van,2024-05-22,ORD-010920,363.7,273.3,240.0,268.1,1,0,725.0 Wh,DRV-0853,5,725.0
RTE-01616,VEH-0048,Drone,2024-11-22,"ORD-007173,ORD-006343,ORD-004267,ORD-013430,ORD-005783,ORD-012518,ORD-008125,ORD-002022,ORD-009340",159.14,54.09,669.5,636.9,9,9,1367.0 Wh,,7,1367.0
RTE-01617,VEH-0112,Drone,2024-07-16,"ORD-003489,ORD-012250,ORD-010095,ORD-012154,ORD-013455,ORD-005200,ORD-012136,ORD-006450",177.39,182.22,539.7,70.9,8,6,6.22,,14,6.22
RTE-01618,VEH-0401,Van,2025-06-13,"ORD-000790,ORD-004249,ORD-010896,ORD-004358,ORD-002541",48.42,266.28,573.7,749.5,5,5,1.21,DRV-0619,12,1.21
RTE-01619,VEH-0082,Drone,2024-06-02,"ORD-010396,ORD-011296",345.4,357.27,193.3,738.2,2,2,23.55,,7,23.55
RTE-01620,VEH-0023,Drone,2025-02-09,ORD-008505,363.14,234.63,142.4,427.3,1,1,55.38,,7,55.38
RTE-01621,VEH-0017,Drone,2025-05-14,"ORD-005239,ORD-007240",363.02,145.5,477.3,618.9,2,2,1.79,,10,1.79
RTE-01622,VEH-0421,Van,2024-12-04,"ORD-000415,ORD-011954,ORD-006671,ORD-004542,ORD-006314,ORD-010806,ORD-004157,ORD-010994",328.83,416.8,94.4,554.8,8,8,59.6,DRV-0161,6,59.6
RTE-01623,VEH-0683,Truck,2025-04-01,"ORD-013007,ORD-000680,ORD-007226,ORD-005508,ORD-005673,ORD-012726,ORD-000743,ORD-011750,ORD-001710",138.14,340.93,535.4,655.8,9,9,37.69,DRV-0801,13,37.69
RTE-01624,VEH-0312,Bike,2024-12-01,"ORD-009579,ORD-007720,ORD-001093,ORD-009398,ORD-011466,ORD-006530,ORD-001864,ORD-001537,ORD-008013",176.7,128.78,233.3,18.8,9,8,17.83,DRV-0594,10,17.83
RTE-01625,VEH-0457,Van,2025-04-23,"ORD-011989,ORD-006582,ORD-007039,ORD-011092,ORD-000128,ORD-013618,ORD-002987,ORD-001811,ORD-003984",62.28,399.59,27.7,529.0,9,9,23.98,DRV-0082,10,23.98
RTE-01626,VEH-0696,Truck,2025-03-03,"ORD-005990,ORD-011202,ORD-008649,ORD-003779,ORD-008006,ORD-014813,ORD-011791,ORD-002776",85.61,,221.5,276.6,8,8,2100.0 Wh,DRV-0314,10,2100.0
RTE-01627,VEH-0045,Drone,2024-08-22,"ORD-000269,ORD-010458,ORD-002537,ORD-006459,ORD-013501,ORD-006187",414.77,39.17,303.1,228.0,6,6,56.81 L,,8,56.81
RTE-01628,VEH-0543,Van,2025-05-09,"ORD-012376,ORD-005256",217.21,393.74,435.3,245.5,2,2,1892.0 Wh,DRV-0082,4,1892.0
RTE-01629,VEH-0330,Bike,2024-07-24,"ORD-008016,ORD-006559,ORD-003447",46.59,128.31,408.1,614.8,3,3,52.9,DRV-0336,9,52.9
RTE-01630,VEH-0425,Van,2025-03-16,"ORD-014212,ORD-013598",186.72,298.54,663.3,723.2,2,2,11.66,DRV-0578,14,11.66
RTE-01631,VEH-0040,Drone,2025-02-07,"ORD-000411,ORD-008863,ORD-011512,ORD-007223,ORD-006945,ORD-002251,ORD-013471,ORD-007621,ORD-011049",125.08,100.74,366.6,458.0,9,8,1833.0 Wh,,13,1833.0
RTE-01632,VEH-0623,Truck,2024-06-02,ORD-013301,267.21,374.69,325.9,172.9,1,1,950.0 Wh,DRV-0165,10,950.0
RTE-01633,VEH-0047,Drone,2024-01-16,"ORD-013701,ORD-004339,ORD-009026,ORD-005318",99.52,281.02,628.5,393.4,4,4,45.38,,4,45.38
RTE-01634,VEH-0150,Bike,2025-03-09,"ORD-012783,ORD-011303,ORD-012285,ORD-012344,ORD-005228,ORD-002991,ORD-006155",191.24,364.94,611.5,390.4,7,7,25.23,DRV-0200,7,25.23
RTE-01635,VEH-0066,Drone,2024-04-06,"ORD-005871,ORD-012122,ORD-013164,ORD-013566,ORD-006969,ORD-014464,ORD-005829",106.81,330.48,399.4,282.3,7,7,791.0 Wh,,7,791.0
RTE-01636,VEH-0315,Bike,2025-04-17,"ORD-009355,ORD-001088,ORD-004043,ORD-014402,ORD-010057,ORD-006496",222.11,400.29,533.2,408.1,6,6,2089.0 Wh,DRV-0415,6,2089.0
RTE-01637,VEH-0189,Bike,2024-01-01,"ORD-012727,ORD-008009,ORD-008302",381.82,70.36,661.4,229.6,3,3,25.05,DRV-0012,5,25.05
RTE-01638,VEH-0604,Truck,2024-12-01,"ORD-012025,ORD-010408,ORD-003015,ORD-010031,ORD-014895",208.11,,466.7,516.4,5,5,52.21,DRV-0236,9,52.21
RTE-01639,VEH-0048,Drone,2024-12-05,"ORD-000922,ORD-001182,ORD-012353,ORD-004986",125.96,327.59,588.1,676.3,4,4,51.48,,6,51.48
RTE-01640,VEH-0411,Van,2025-05-11,"ORD-007170,ORD-007751,ORD-003391,ORD-001078,ORD-013860,ORD-000809,ORD-014519,ORD-005287,ORD-007062",82.17,404.18,609.7,743.2,9,9,33.09 L,DRV-0199,12,33.09
RTE-01641,VEH-0623,Truck,2024-11-19,"ORD-012821,ORD-002312",365.79,112.47,132.5,221.5,2,1,58.82,DRV-0846,13,58.82
RTE-01642,VEH-0150,Bike,2024-04-12,ORD-005203,320.34,163.66,69.3,586.7,1,1,1493.0 Wh,DRV-0879,12,1493.0
RTE-01643,VEH-0672,Truck,2025-03-18,ORD-005321,159.8,107.33,177.4,483.7,1,1,2167.0 Wh,DRV-0458,7,2167.0
RTE-01644,VEH-0661,Truck,2025-05-22,"ORD-000498,ORD-007427,ORD-005964,ORD-000238",349.14,264.82,452.6,626.9,4,4,59.86 L,DRV-0583,11,59.86
RTE-01645,VEH-0377,Bike,2025-06-12,"ORD-007356,ORD-014391,ORD-006732",42.69,256.41,238.8,126.3,3,3,10.41 L,DRV-0672,6,10.41
RTE-01646,VEH-0655,Truck,2025-03-24,"ORD-010154,ORD-000020",242.54,228.77,567.6,601.0,2,1,36.13,DRV-0321,5,36.13
RTE-01647,VEH-0315,Bike,2024-11-25,"ORD-007147,ORD-013549,ORD-001391,ORD-004837,ORD-014640,ORD-013129",331.01,63.02,187.3,360.6,6,6,55.34 L,DRV-0490,0,55.34
RTE-01648,VEH-0032,Drone,2025-05-30,"ORD-004943,ORD-001574",385.96,220.51,77.0,36.3,2,2,48.13 L,,5,48.13
RTE-01649,VEH-0606,Truck,2025-03-27,"ORD-012524,ORD-013368,ORD-009643,ORD-012413,ORD-004925",187.01,224.63,92.2,455.9,5,5,29.57 L,DRV-0190,10,29.57
RTE-01650,VEH-0392,Bike,2024-12-15,"ORD-008352,ORD-003861,ORD-007988,ORD-011686,ORD-006121,ORD-004887",203.9,130.21,359.2,552.6,6,6,4.66 L,DRV-0497,9,4.66
RTE-01651,VEH-0604,Truck,2024-05-12,ORD-005112,156.64,87.93,250.8,342.7,1,1,48.43,DRV-0674,5,48.43
RTE-01652,VEH-0421,Van,2025-06-22,"ORD-007742,ORD-008554,ORD-008655,ORD-002309,ORD-002316,ORD-007573,ORD-000623,ORD-011444,ORD-012350",158.39,400.47,563.9,228.1,9,9,2.84,DRV-0575,7,2.84
RTE-01653,VEH-0674,Truck,2025-04-11,"ORD-001996,ORD-008517,ORD-001606,ORD-008472,ORD-010026,ORD-012985,ORD-008806,ORD-000089,ORD-004277",105.5,65.3,178.0,400.0,9,9,7.58 L,DRV-0296,8,7.58
RTE-01654,VEH-0247,Bike,2025-06-13,"ORD-005963,ORD-005598,ORD-011933,ORD-002447,ORD-006575,ORD-007519",335.65,428.62,471.9,38.4,6,6,314.0 Wh,DRV-0123,14,314.0
RTE-01655,VEH-0110,Drone,2024-05-29,"ORD-013760,ORD-011707,ORD-009073,ORD-006695",194.13,92.39,216.8,131.2,4,4,22.3 L,,12,22.3
RTE-01656,VEH-0105,Drone,2024-01-25,"ORD-001886,ORD-013603,ORD-007025,ORD-010227,ORD-010235,ORD-012446,ORD-002982",183.08,132.54,699.4,178.6,7,7,2.35 L,,13,2.35
RTE-01657,VEH-0514,Van,2024-05-12,"ORD-003087,ORD-013157,ORD-002161,ORD-008309,ORD-001519,ORD-013515,ORD-005731,ORD-004066,ORD-014383",247.74,430.24,605.7,730.5,9,9,1837.0 Wh,DRV-0826,8,1837.0
RTE-01658,VEH-0047,Drone,2024-10-23,"ORD-001147,ORD-007603,ORD-014444,ORD-000004,ORD-003467",74.46,158.33,82.3,516.4,5,5,32.69 L,,10,32.69
RTE-01659,VEH-0012,Drone,2025-01-01,"ORD-005233,ORD-004528,ORD-002549,ORD-009907,ORD-014903,ORD-008483",180.61,231.15,544.7,235.6,6,6,10.98 L,,3,10.98
RTE-01660,VEH-0676,Truck,2024-07-26,"ORD-009022,ORD-000769,ORD-009889,ORD-011490,ORD-009548",225.33,377.3,533.7,718.8,5,5,1786.0 Wh,DRV-0056,6,1786.0
RTE-01661,VEH-0138,Drone,2024-12-16,"ORD-014029,ORD-013291,ORD-002364,ORD-012958,ORD-000032,ORD-013244,ORD-001005,ORD-012135,ORD-010363",82.07,340.01,106.1,451.5,9,9,995.0 Wh,,8,995.0
RTE-01662,VEH-0541,Van,2024-09-29,"ORD-009482,ORD-008019,ORD-007088,ORD-005038,ORD-000908,ORD-002395,ORD-013018",117.78,64.61,405.1,443.1,7,7,1048.0 Wh,DRV-0800,8,1048.0
RTE-01663,VEH-0486,Van,2025-03-10,"ORD-002537,ORD-003837",329.42,,181.3,457.7,2,2,8.04,DRV-0158,3,8.04
RTE-01664,VEH-0648,Truck,2024-06-11,"ORD-010844,ORD-002336,ORD-010852,ORD-011280,ORD-002032,ORD-008099,ORD-001659",291.68,153.88,197.1,58.7,7,7,47.64 L,DRV-0126,13,47.64
RTE-01665,VEH-0281,Bike,2025-05-25,"ORD-012073,ORD-009448,ORD-001404,ORD-009816,ORD-000972",278.4,150.89,258.2,616.8,5,5,1943.0 Wh,DRV-0563,12,1943.0
RTE-01666,VEH-0639,Truck,2024-01-19,"ORD-001517,ORD-001995,ORD-011057,ORD-008817,ORD-003776,ORD-012267,ORD-005764,ORD-001095,ORD-007760",220.6,56.72,400.4,755.3,9,9,47.03 L,DRV-0092,14,47.03
RTE-01667,VEH-0066,Drone,2024-02-09,ORD-012356,283.56,441.71,642.6,620.8,1,1,38.84,,12,38.84
RTE-01668,VEH-0135,Drone,2024-09-06,"ORD-006404,ORD-002130,ORD-011050",3.03,147.58,350.8,67.4,3,2,801.0 Wh,,9,801.0
RTE-01669,VEH-0036,Drone,2024-03-04,"ORD-012945,ORD-008375,ORD-011756,ORD-007591,ORD-015000,ORD-011960",221.23,404.95,582.4,548.6,6,6,557.0 Wh,,7,557.0
RTE-01670,VEH-0090,Drone,2024-11-12,"ORD-007561,ORD-011379,ORD-007251",297.22,154.69,680.8,173.3,3,3,1540.0 Wh,,8,1540.0
RTE-01671,VEH-0271,Bike,2024-07-17,"ORD-002894,ORD-007850,ORD-004871,ORD-009864,ORD-012816,ORD-008726,ORD-008310,ORD-004210,ORD-009917",375.73,,336.8,502.9,9,9,39.02,DRV-0812,9,39.02
RTE-01672,VEH-0077,Drone,2024-11-23,"ORD-007050,ORD-013852",193.37,438.14,469.5,188.9,2,2,222.0 Wh,,8,222.0
RTE-01673,VEH-0187,Bike,2024-01-24,"ORD-001156,ORD-008588",200.25,40.07,141.2,433.8,2,2,29.66,DRV-0435,3,29.66
RTE-01674,VEH-0170,Bike,2024-04-29,"ORD-008436,ORD-005758,ORD-008072,ORD-000379,ORD-001904",82.15,169.33,29.5,459.5,5,4,399.0 Wh,DRV-0159,14,399.0
RTE-01675,VEH-0407,Van,2024-05-29,"ORD-014781,ORD-002389,ORD-005266,ORD-013094,ORD-010032,ORD-011155,ORD-003216,ORD-000642",303.54,451.41,389.7,469.9,8,8,36.79,DRV-0749,4,36.79
RTE-01676,VEH-0330,Bike,2025-01-10,"ORD-000009,ORD-005673,ORD-007348,ORD-008730,ORD-013162",273.73,347.78,173.6,370.9,5,5,1512.0 Wh,DRV-0712,7,1512.0
RTE-01677,VEH-0597,Truck,2024-03-29,"ORD-004884,ORD-012652,ORD-002549,ORD-003705,ORD-009158,ORD-002465,ORD-000315",138.25,187.42,335.2,520.6,7,7,33.49 L,DRV-0323,5,33.49
RTE-01678,VEH-0279,Bike,2024-07-18,ORD-005956,60.0,357.4,232.6,746.9,1,0,58.64 L,DRV-0175,9,58.64
RTE-01679,VEH-0672,Truck,2025-05-15,"ORD-008291,ORD-011909,ORD-014196,ORD-006512,ORD-002427,ORD-011300,ORD-003507",316.75,390.33,422.6,232.0,7,7,34.8 L,DRV-0503,9,34.8
RTE-01680,VEH-0628,Truck,2025-06-10,"ORD-002215,ORD-013303,ORD-001370,ORD-007071,ORD-014793,ORD-013454,ORD-008534,ORD-000337",106.45,,305.9,74.1,8,8,533.0 Wh,DRV-0252,12,533.0
RTE-01681,VEH-0503,Van,2024-12-27,"ORD-005188,ORD-012736,ORD-012102,ORD-004347",139.41,374.22,587.6,184.1,4,4,12.1 L,DRV-0258,4,12.1
RTE-01682,VEH-0102,Drone,2024-01-12,"ORD-010127,ORD-005099,ORD-002273,ORD-014445,ORD-013428,ORD-001928",301.23,129.02,266.9,482.4,6,6,50.62,,4,50.62
RTE-01683,VEH-0072,Drone,2024-04-26,"ORD-008272,ORD-005718,ORD-008812",255.41,263.83,502.2,482.8,3,3,5.86 L,,4,5.86
RTE-01684,VEH-0506,Van,2024-03-31,"ORD-009879,ORD-000413,ORD-011701,ORD-013305,ORD-004332,ORD-003254,ORD-003994",257.71,186.3,429.4,28.1,7,7,44.39 L,DRV-0747,14,44.39
RTE-01685,VEH-0360,Bike,2024-03-17,"ORD-014516,ORD-001680,ORD-009461,ORD-003982,ORD-002985,ORD-007436",261.84,349.54,132.9,98.8,6,6,1945.0 Wh,DRV-0249,4,1945.0
RTE-01686,VEH-0581,Truck,2024-11-21,"ORD-002729,ORD-009794,ORD-009205,ORD-007136,ORD-011675,ORD-000840,ORD-005424,ORD-003716",58.23,344.52,359.3,512.3,8,7,37.99 L,DRV-0382,8,37.99
RTE-01687,VEH-0166,Bike,2024-03-11,"ORD-006488,ORD-012690,ORD-010262,ORD-007105,ORD-001591,ORD-011660,ORD-005018,ORD-010466,ORD-007655",227.24,254.61,567.0,723.6,9,9,493.0 Wh,DRV-0077,7,493.0
RTE-01688,VEH-0036,Drone,2024-11-16,"ORD-000702,ORD-001788,ORD-002112,ORD-005067,ORD-004868,ORD-011962,ORD-000612,ORD-004148,ORD-002286",22.09,284.23,170.3,705.5,9,9,1933.0 Wh,,10,1933.0
RTE-01689,VEH-0138,Drone,2025-02-22,"ORD-002792,ORD-007350,ORD-013293,ORD-009683,ORD-010787,ORD-013879,ORD-010163,ORD-000489",326.15,99.78,172.6,387.8,8,8,1137.0 Wh,,4,1137.0
RTE-01690,VEH-0596,Truck,2025-04-24,"ORD-004834,ORD-006765,ORD-003689,ORD-005526,ORD-014305,ORD-013867,ORD-014982,ORD-008433,ORD-001858",120.98,286.81,54.8,324.3,9,9,628.0 Wh,DRV-0719,11,628.0
RTE-01691,VEH-0634,Truck,2024-05-27,"ORD-002803,ORD-003940,ORD-014244",340.67,278.98,269.9,665.5,3,2,8.51,DRV-0514,4,8.51
RTE-01692,VEH-0167,Bike,2025-03-22,"ORD-001541,ORD-008560,ORD-000308,ORD-011514,ORD-008682",20.37,454.64,261.4,282.0,5,5,416.0 Wh,DRV-0431,12,416.0
RTE-01693,VEH-0454,Van,2024-01-20,"ORD-013884,ORD-009819,ORD-001750,ORD-008495,ORD-001150,ORD-008898,ORD-006058,ORD-012488,ORD-010303",260.75,,696.8,167.0,9,9,5.42,DRV-0734,9,5.42
RTE-01694,VEH-0184,Bike,2024-02-10,ORD-008049,117.25,139.8,376.5,132.6,1,1,36.49 L,DRV-0357,7,36.49
RTE-01695,VEH-0382,Bike,2025-02-08,"ORD-003893,ORD-001774,ORD-002501,ORD-007764,ORD-010715,ORD-006610,ORD-011947,ORD-002535",357.68,157.35,135.9,774.1,8,8,43.11,DRV-0605,3,43.11
RTE-01696,VEH-0347,Bike,2024-11-06,"ORD-006128,ORD-012194,ORD-012007",394.44,229.97,416.0,143.4,3,3,23.34,DRV-0569,6,23.34
RTE-01697,VEH-0024,Drone,2024-02-15,"ORD-012042,ORD-011629,ORD-008845,ORD-006060",189.48,398.7,200.2,776.9,4,4,49.76 L,,11,49.76
RTE-01698,VEH-0020,Drone,2024-02-01,"ORD-012696,ORD-010026,ORD-010657,ORD-012521,ORD-003974,ORD-005283",261.06,5.83,336.5,193.0,6,6,1.43,,0,1.43
RTE-01699,VEH-0159,Bike,2025-03-25,ORD-001984,360.58,381.64,496.7,449.2,1,1,431.0 Wh,DRV-0363,14,431.0
RTE-01700,VEH-0348,Bike,2025-01-13,"ORD-007389,ORD-009288,ORD-008549,ORD-001052,ORD-012883,ORD-002498,ORD-011226,ORD-006800,ORD-002117",116.59,269.44,441.6,456.6,9,9,1709.0 Wh,DRV-0279,9,1709.0
RTE-01701,VEH-0647,Truck,2025-05-17,"ORD-009442,ORD-004768",324.06,349.31,475.0,666.7,2,2,41.85,DRV-0510,6,41.85
RTE-01702,VEH-0028,Drone,2025-03-20,"ORD-011916,ORD-000613,ORD-009619",239.1,30.05,242.4,661.8,3,3,20.84,,8,20.84
RTE-01703,VEH-0664,Truck,2024-08-28,"ORD-003378,ORD-000021,ORD-002765,ORD-000690,ORD-010524,ORD-012330,ORD-010114,ORD-010576,ORD-013309",96.63,448.81,51.5,245.9,9,9,29.47 L,DRV-0177,6,29.47
RTE-01704,VEH-0507,Van,2024-03-17,"ORD-000820,ORD-004423,ORD-013188,ORD-000197,ORD-010147,ORD-011452,ORD-001706,ORD-007920,ORD-002858",196.85,294.79,412.8,40.2,9,9,31.75 L,DRV-0625,11,31.75
RTE-01705,VEH-0345,Bike,2025-05-07,"ORD-009984,ORD-006784,ORD-005262,ORD-007299,ORD-014278,ORD-003202,ORD-000166",176.33,262.82,690.0,715.0,7,7,46.87 L,DRV-0404,5,46.87
RTE-01706,VEH-0024,Drone,2024-03-09,"ORD-011923,ORD-012312,ORD-000053,ORD-011765,ORD-008460,ORD-013022,ORD-012199,ORD-009928",293.11,73.99,462.4,488.1,8,8,12.08 L,,4,12.08
RTE-01707,VEH-0437,Van,2024-07-21,"ORD-009445,ORD-014407,ORD-013875,ORD-010513",359.12,312.01,211.8,526.6,4,4,39.99 L,DRV-0308,14,39.99
RTE-01708,VEH-0253,Bike,2024-01-20,"ORD-001239,ORD-006234,ORD-000605,ORD-013124,ORD-013214,ORD-012708,ORD-011744,ORD-007768,ORD-012595",89.61,442.8,471.2,51.4,9,9,700.0 Wh,DRV-0226,4,700.0
RTE-01709,VEH-0677,Truck,2025-02-04,"ORD-002497,ORD-010304,ORD-011487,ORD-012690,ORD-002742,ORD-011376,ORD-013622",133.8,230.98,212.8,37.9,7,7,18.78,DRV-0406,9,18.78
RTE-01710,VEH-0203,Bike,2024-07-04,"ORD-014633,ORD-000688",116.62,254.86,309.6,292.8,2,1,30.61,DRV-0131,9,30.61
RTE-01711,VEH-0004,Drone,2024-11-24,"ORD-009811,ORD-001094,ORD-008740",285.81,133.02,476.3,101.7,3,3,552.0 Wh,,8,552.0
RTE-01712,VEH-0622,Truck,2024-11-05,"ORD-009459,ORD-013551,ORD-014302,ORD-004638,ORD-002208,ORD-007556,ORD-008420,ORD-008869,ORD-009420",407.0,285.5,548.8,80.4,9,9,1293.0 Wh,DRV-0486,11,1293.0
RTE-01713,VEH-0397,Bike,2024-06-26,ORD-013859,217.89,305.34,595.6,339.7,1,1,18.52,DRV-0813,6,18.52
RTE-01714,VEH-0472,Van,2024-07-23,"ORD-008567,ORD-002877,ORD-005258,ORD-001825,ORD-009271,ORD-001421,ORD-007443,ORD-003615,ORD-010159",106.34,,228.6,194.6,9,9,1665.0 Wh,DRV-0213,12,1665.0
RTE-01715,VEH-0060,Drone,2024-03-23,"ORD-009117,ORD-006784,ORD-003316,ORD-003600,ORD-014393,ORD-006099,ORD-013056,ORD-012051",300.67,412.63,226.9,177.0,8,8,1879.0 Wh,,9,1879.0
RTE-01716,VEH-0044,Drone,2025-01-18,"ORD-013011,ORD-000828,ORD-012029,ORD-005961,ORD-008028,ORD-014731,ORD-005997,ORD-003859,ORD-007200",314.61,104.85,589.1,363.8,9,9,994.0 Wh,,14,994.0
RTE-01717,VEH-0166,Bike,2024-09-21,"ORD-005656,ORD-014552,ORD-006896,ORD-012110,ORD-012611,ORD-013178,ORD-008562,ORD-007008",115.46,158.32,15.2,582.7,8,8,2033.0 Wh,DRV-0723,5,2033.0
RTE-01718,VEH-0511,Van,2024-01-14,"ORD-011747,ORD-013114,ORD-006203,ORD-002667,ORD-012363,ORD-014039,ORD-001837,ORD-010107,ORD-009931",325.49,346.8,670.9,352.0,9,8,1854.0 Wh,DRV-0865,6,1854.0
RTE-01719,VEH-0390,Bike,2024-12-10,ORD-001777,254.76,29.25,264.6,360.1,1,1,7.2,DRV-0469,12,7.2
RTE-01720,VEH-0193,Bike,2024-08-12,"ORD-011413,ORD-007208,ORD-003841,ORD-006345,ORD-005892,ORD-005841",118.26,16.54,136.8,289.4,6,6,252.0 Wh,DRV-0429,9,252.0
RTE-01721,VEH-0444,Van,2024-11-12,"ORD-012383,ORD-004783,ORD-001448,ORD-003404",43.09,125.45,665.4,144.6,4,4,1526.0 Wh,DRV-0898,6,1526.0
RTE-01722,VEH-0613,Truck,2025-05-14,"ORD-004203,ORD-002942,ORD-013071,ORD-013503,ORD-012358",337.43,353.67,529.1,57.3,5,5,1951.0 Wh,DRV-0743,13,1951.0
RTE-01723,VEH-0025,Drone,2024-10-14,"ORD-009861,ORD-007260,ORD-005384,ORD-004910,ORD-009582,ORD-012359",390.71,151.03,409.9,647.6,6,5,2088.0 Wh,,8,2088.0
RTE-01724,VEH-0527,Van,2024-07-07,"ORD-002441,ORD-003676,ORD-002474,ORD-007446,ORD-012966,ORD-005799",414.6,258.3,226.7,30.8,6,6,15.18 L,DRV-0350,11,15.18
RTE-01725,VEH-0035,Drone,2024-01-30,"ORD-011893,ORD-006897,ORD-000823,ORD-004991,ORD-008731,ORD-000842,ORD-006723",181.08,233.85,612.5,430.6,7,7,514.0 Wh,,13,514.0
RTE-01726,VEH-0412,Van,2025-01-27,"ORD-003773,ORD-001509,ORD-006089,ORD-003756,ORD-004062,ORD-012801",215.66,3.76,221.0,103.1,6,6,615.0 Wh,DRV-0869,13,615.0
RTE-01727,VEH-0332,Bike,2024-02-24,"ORD-009020,ORD-007151,ORD-014649",117.65,109.31,366.4,397.3,3,3,50.47,DRV-0054,11,50.47
RTE-01728,VEH-0565,Van,2024-05-05,"ORD-005902,ORD-008368,ORD-008633,ORD-002850,ORD-013471,ORD-014709,ORD-011558",219.37,146.51,79.1,268.9,7,7,10.3 L,DRV-0779,12,10.3
RTE-01729,VEH-0619,Truck,2024-01-02,"ORD-005834,ORD-013184,ORD-008725,ORD-007793,ORD-006151,ORD-004959,ORD-005911,ORD-000601,ORD-002273",322.49,305.03,257.6,27.4,9,9,50.75 L,DRV-0589,5,50.75
RTE-01730,VEH-0696,Truck,2024-10-22,ORD-006838,254.18,187.13,240.3,599.5,1,1,12.92,DRV-0771,5,12.92
RTE-01731,VEH-0687,Truck,2024-07-26,"ORD-000443,ORD-012463,ORD-001773",367.96,325.58,614.3,525.1,3,3,48.93 L,DRV-0688,10,48.93
RTE-01732,VEH-0278,Bike,2024-02-21,"ORD-014915,ORD-001009,ORD-006486,ORD-007308,ORD-013428,ORD-008333,ORD-011161,ORD-012483",128.14,404.11,306.3,445.0,8,8,51.36 L,DRV-0878,12,51.36
RTE-01733,VEH-0685,Truck,2025-05-25,"ORD-008346,ORD-008844,ORD-010738,ORD-001562,ORD-007615,ORD-011093",246.24,7.59,108.1,360.5,6,6,751.0 Wh,DRV-0306,7,751.0
RTE-01734,VEH-0695,Truck,2024-09-05,"ORD-005352,ORD-003203",253.05,160.3,632.8,180.5,2,2,47.1,DRV-0663,14,47.1
RTE-01735,VEH-0215,Bike,2024-01-15,ORD-012018,269.46,108.25,144.0,222.8,1,1,402.0 Wh,DRV-0737,3,402.0
RTE-01736,VEH-0651,Truck,2025-01-31,"ORD-004284,ORD-001628,ORD-007247,ORD-006197,ORD-010391,ORD-005994",270.48,394.38,330.9,652.7,6,6,23.96,DRV-0383,5,23.96
RTE-01737,VEH-0543,Van,2024-10-25,"ORD-002790,ORD-007397,ORD-004371,ORD-004027",63.49,107.9,597.9,709.1,4,4,1323.0 Wh,DRV-0212,5,1323.0
RTE-01738,VEH-0218,Bike,2024-09-29,"ORD-002344,ORD-008608,ORD-000099,ORD-001574",287.73,195.01,417.6,476.9,4,4,2123.0 Wh,DRV-0130,7,2123.0
RTE-01739,VEH-0020,Drone,2024-12-02,"ORD-014726,ORD-003279,ORD-008095,ORD-013639,ORD-008306,ORD-003223",136.69,95.37,693.6,700.3,6,6,58.92 L,,14,58.92
RTE-01740,VEH-0326,Bike,2024-02-18,"ORD-009054,ORD-004205,ORD-013453,ORD-005868,ORD-011853,ORD-004862,ORD-014627",62.87,441.27,49.9,668.0,7,7,6.8 L,DRV-0532,9,6.8
RTE-01741,VEH-0690,Truck,2024-05-25,"ORD-007452,ORD-011621,ORD-012967,ORD-013902,ORD-011892",34.44,421.53,497.1,541.2,5,5,13.67,DRV-0690,13,13.67
RTE-01742,VEH-0106,Drone,2024-09-23,"ORD-001441,ORD-007180,ORD-003297,ORD-002720,ORD-001941,ORD-006858,ORD-012705,ORD-013299",284.15,166.79,208.0,618.4,8,7,2.02,,12,2.02
RTE-01743,VEH-0244,Bike,2025-05-22,"ORD-008749,ORD-005970",245.68,192.45,388.2,644.9,2,2,40.63 L,DRV-0258,14,40.63
RTE-01744,VEH-0698,Truck,2024-06-26,ORD-001958,50.28,185.76,316.1,698.7,1,1,22.35 L,DRV-0043,13,22.35
RTE-01745,VEH-0675,Truck,2025-04-14,"ORD-014336,ORD-013851,ORD-010179,ORD-011831,ORD-002888",303.59,198.37,593.7,696.1,5,5,37.44,DRV-0706,3,37.44
RTE-01746,VEH-0203,Bike,2024-11-23,"ORD-000303,ORD-007181,ORD-008308",287.31,216.62,407.6,591.5,3,2,796.0 Wh,DRV-0504,5,796.0
RTE-01747,VEH-0663,Truck,2025-06-24,"ORD-009348,ORD-010741,ORD-000765,ORD-010682,ORD-001990,ORD-004412,ORD-009219",342.81,340.5,263.7,325.2,7,7,16.13,DRV-0657,12,16.13
RTE-01748,VEH-0626,Truck,2024-05-14,"ORD-003238,ORD-014157,ORD-007665,ORD-007008",107.61,355.74,349.4,343.5,4,4,20.92,DRV-0605,3,20.92
RTE-01749,VEH-0499,Van,2024-03-01,"ORD-010599,ORD-008167,ORD-012970,ORD-011932,ORD-009456",290.4,262.8,130.9,730.0,5,5,1408.0 Wh,DRV-0564,4,1408.0
RTE-01750,VEH-0006,Drone,2024-05-27,"ORD-013607,ORD-013295,ORD-003800,ORD-010116,ORD-012707",73.06,399.56,73.8,430.3,5,5,1299.0 Wh,,6,1299.0
RTE-01751,VEH-0656,Truck,2024-09-13,"ORD-005773,ORD-003112,ORD-000263,ORD-000720,ORD-006683",166.73,98.36,476.8,753.1,5,5,1947.0 Wh,DRV-0373,7,1947.0
RTE-01752,VEH-0428,Van,2024-02-13,"ORD-011745,ORD-006921,ORD-010665,ORD-001947,ORD-001862,ORD-009535,ORD-014475,ORD-006737",237.39,415.96,355.6,32.6,8,7,1114.0 Wh,DRV-0513,11,1114.0
RTE-01753,VEH-0185,Bike,2024-06-14,"ORD-009388,ORD-010464,ORD-007361,ORD-011620,ORD-013921",169.23,216.7,447.1,753.6,5,5,563.0 Wh,DRV-0261,9,563.0
RTE-01754,VEH-0549,Van,2025-03-06,"ORD-001416,ORD-001400,ORD-003809,ORD-014898,ORD-013079,ORD-003742,ORD-007002",191.12,380.9,500.9,69.1,7,7,48.23,DRV-0038,7,48.23
RTE-01755,VEH-0290,Bike,2024-06-27,"ORD-012719,ORD-012061",24.19,207.24,595.0,392.1,2,0,6.4 L,DRV-0740,10,6.4
RTE-01756,VEH-0654,Truck,2024-07-22,"ORD-007160,ORD-012996,ORD-011675,ORD-011820,ORD-002168",80.56,,221.6,466.5,5,5,50.98,DRV-0871,10,50.98
RTE-01757,VEH-0350,Bike,2024-12-29,ORD-011150,240.41,158.2,131.3,622.4,1,1,16.44 L,DRV-0534,9,16.44
RTE-01758,VEH-0010,Drone,2025-02-14,ORD-005510,109.67,304.88,174.8,624.3,1,1,28.74,,10,28.74
RTE-01759,VEH-0627,Truck,2024-03-10,"ORD-011072,ORD-001626,ORD-013540,ORD-013574,ORD-014094,ORD-013385,ORD-006966",328.85,112.51,594.9,147.4,7,7,38.21 L,DRV-0764,12,38.21
RTE-01760,VEH-0377,Bike,2025-06-16,"ORD-000297,ORD-004270,ORD-011772,ORD-006259,ORD-013688,ORD-009786,ORD-006494,ORD-014793",133.88,100.74,368.2,738.8,8,8,25.44 L,DRV-0865,6,25.44
RTE-01761,VEH-0687,Truck,2025-05-19,"ORD-013483,ORD-000015",241.71,200.93,641.8,50.4,2,1,872.0 Wh,DRV-0332,4,872.0
RTE-01762,VEH-0533,Van,2025-06-08,"ORD-011267,ORD-011030,ORD-003836,ORD-004929,ORD-006845",271.73,309.47,237.2,142.1,5,5,219.0 Wh,DRV-0665,4,219.0
RTE-01763,VEH-0133,Drone,2025-03-15,ORD-001262,51.55,163.34,636.4,472.7,1,1,716.0 Wh,,0,716.0
RTE-01764,VEH-0669,Truck,2024-01-25,ORD-014368,228.22,343.01,24.7,315.4,1,1,1.35 L,DRV-0644,7,1.35
RTE-01765,VEH-0096,Drone,2024-08-28,"ORD-007616,ORD-003200,ORD-010881",7.55,207.71,643.3,461.2,3,3,52.43 L,,8,52.43
RTE-01766,VEH-0464,Van,2025-01-09,"ORD-001773,ORD-004499,ORD-003455,ORD-010532,ORD-013233,ORD-000841",204.15,159.43,158.2,198.1,6,6,1433.0 Wh,DRV-0681,13,1433.0
RTE-01767,VEH-0261,Bike,2024-02-16,"ORD-001181,ORD-013790,ORD-008411,ORD-011398,ORD-001941,ORD-012654,ORD-014907,ORD-011966,ORD-011335",78.45,228.02,133.5,294.0,9,9,37.69,DRV-0079,5,37.69
RTE-01768,VEH-0258,Bike,2025-03-29,ORD-011636,349.96,274.78,175.1,313.8,1,1,53.53,DRV-0577,14,53.53
RTE-01769,VEH-0298,Bike,2024-10-29,"ORD-010765,ORD-012363",377.85,,563.4,649.6,2,2,38.87,DRV-0549,7,38.87
RTE-01770,VEH-0315,Bike,2024-04-05,"ORD-008428,ORD-005193,ORD-012085,ORD-006520,ORD-009421,ORD-007552",59.64,325.39,309.6,205.8,6,6,1342.0 Wh,DRV-0748,9,1342.0
RTE-01771,VEH-0606,Truck,2025-05-12,"ORD-014693,ORD-009144,ORD-014251,ORD-013877,ORD-013061,ORD-012717,ORD-001257",407.67,402.81,179.7,656.5,7,7,58.41 L,DRV-0120,11,58.41
RTE-01772,VEH-0096,Drone,2024-06-11,"ORD-002973,ORD-002875,ORD-000253,ORD-007982,ORD-004794,ORD-011254,ORD-002788",411.83,200.3,557.3,349.0,7,7,34.04,,11,34.04
RTE-01773,VEH-0624,Truck,2024-08-13,"ORD-008998,ORD-005668,ORD-008968,ORD-013367,ORD-006649,ORD-006947,ORD-007562,ORD-004931",81.55,324.63,180.4,549.3,8,8,285.0 Wh,DRV-0253,9,285.0
RTE-01774,VEH-0060,Drone,2024-01-27,"ORD-005119,ORD-014695,ORD-010106,ORD-013268,ORD-002935,ORD-013966,ORD-013322,ORD-008917,ORD-014440",111.15,424.71,421.9,292.6,9,9,1607.0 Wh,,6,1607.0
RTE-01775,VEH-0506,Van,2024-05-23,"ORD-011580,ORD-000328",84.61,108.63,50.8,134.4,2,2,1257.0 Wh,DRV-0303,11,1257.0
RTE-01776,VEH-0579,Van,2024-02-18,"ORD-007478,ORD-001188,ORD-009101,ORD-013434,ORD-012165,ORD-005052,ORD-003107",289.18,285.52,291.3,524.2,7,7,25.09,DRV-0122,5,25.09
RTE-01777,VEH-0339,Bike,2025-04-26,"ORD-005416,ORD-002705,ORD-007080,ORD-002656,ORD-007477,ORD-013259,ORD-003735",364.53,367.55,410.5,487.0,7,6,1549.0 Wh,DRV-0736,8,1549.0
RTE-01778,VEH-0556,Van,2024-01-04,"ORD-008162,ORD-014396,ORD-004351,ORD-006006,ORD-004339,ORD-014457,ORD-009218,ORD-007715,ORD-007965",18.76,10.04,131.0,270.3,9,9,514.0 Wh,DRV-0572,8,514.0
RTE-01779,VEH-0419,Van,2024-01-17,"ORD-009593,ORD-006723,ORD-010523,ORD-000944",71.0,57.63,689.1,320.4,4,4,1112.0 Wh,DRV-0873,13,1112.0
RTE-01780,VEH-0419,Van,2025-01-17,"ORD-007930,ORD-005682,ORD-007602,ORD-012329,ORD-003479,ORD-002737,ORD-006792,ORD-000058,ORD-003096",410.8,109.73,348.9,754.8,9,9,397.0 Wh,DRV-0475,6,397.0
RTE-01781,VEH-0429,Van,2024-10-27,"ORD-004168,ORD-010439,ORD-001127",185.63,209.33,413.0,359.7,3,3,1949.0 Wh,DRV-0198,5,1949.0
RTE-01782,VEH-0477,Van,2024-09-29,"ORD-002743,ORD-006322",162.9,381.37,25.9,733.2,2,2,23.37 L,DRV-0064,12,23.37
RTE-01783,VEH-0454,Van,2024-02-28,"ORD-006842,ORD-004350,ORD-010321,ORD-005869,ORD-004460,ORD-002278",396.76,8.63,186.7,372.1,6,6,1614.0 Wh,DRV-0370,4,1614.0
RTE-01784,VEH-0683,Truck,2024-06-19,"ORD-010661,ORD-012411,ORD-012027,ORD-008815,ORD-008931,ORD-008853,ORD-000994",316.11,156.19,307.3,478.7,7,7,1472.0 Wh,DRV-0161,4,1472.0
RTE-01785,VEH-0319,Bike,2025-01-22,"ORD-013930,ORD-004404,ORD-005225",259.95,149.43,638.2,368.5,3,2,1542.0 Wh,DRV-0532,4,1542.0
RTE-01786,VEH-0043,Drone,2024-05-19,"ORD-001545,ORD-001450,ORD-000256,ORD-002510,ORD-006633,ORD-000388,ORD-002581",18.61,251.01,543.4,189.6,7,7,38.46 L,,14,38.46
RTE-01787,VEH-0551,Van,2024-05-31,"ORD-003498,ORD-006219,ORD-008753,ORD-002064,ORD-002986,ORD-000446,ORD-006375,ORD-001520,ORD-005551",299.06,367.52,263.0,389.5,9,8,53.32 L,DRV-0142,0,53.32
RTE-01788,VEH-0226,Bike,2025-03-19,"ORD-009116,ORD-005072,ORD-001078,ORD-005249,ORD-005026,ORD-014124,ORD-012708",168.76,306.85,681.7,638.2,7,6,1821.0 Wh,DRV-0108,7,1821.0
RTE-01789,VEH-0209,Bike,2025-01-18,"ORD-012686,ORD-007508",121.73,280.12,451.3,318.7,2,2,44.71,DRV-0086,9,44.71
RTE-01790,VEH-0129,Drone,2024-07-16,"ORD-005803,ORD-009380,ORD-014440",243.95,433.87,286.3,179.9,3,3,43.54,,5,43.54
RTE-01791,VEH-0411,Van,2024-05-16,"ORD-005347,ORD-001671,ORD-013647,ORD-010376,ORD-004518,ORD-000248,ORD-004466",92.14,46.45,558.4,390.9,7,7,18.2,DRV-0425,6,18.2
RTE-01792,VEH-0496,Van,2024-02-28,ORD-002770,15.37,442.57,177.8,422.7,1,1,705.0 Wh,DRV-0166,5,705.0
RTE-01793,VEH-0429,Van,2025-05-09,"ORD-013585,ORD-008095",389.47,183.46,463.9,696.4,2,2,25.48,DRV-0267,10,25.48
RTE-01794,VEH-0450,Van,2024-02-08,"ORD-010199,ORD-004276,ORD-000753,ORD-013408,ORD-003486,ORD-010684",164.24,,529.5,408.6,6,6,16.5 L,DRV-0174,5,16.5
RTE-01795,VEH-0419,Van,2025-06-11,"ORD-006594,ORD-014233,ORD-009087,ORD-013032,ORD-002552,ORD-004580,ORD-013351",37.3,445.43,595.7,312.0,7,7,1337.0 Wh,DRV-0064,11,1337.0
RTE-01796,VEH-0281,Bike,2024-03-14,"ORD-008837,ORD-001848,ORD-005693,ORD-006812",307.18,363.52,438.7,313.2,4,4,571.0 Wh,DRV-0330,7,571.0
RTE-01797,VEH-0270,Bike,2025-01-27,ORD-004243,117.27,436.57,661.8,285.8,1,1,52.78 L,DRV-0862,4,52.78
RTE-01798,VEH-0302,Bike,2025-01-28,"ORD-005517,ORD-009357,ORD-006666,ORD-005836,ORD-003494",150.4,97.83,668.8,737.7,5,5,1876.0 Wh,DRV-0068,13,1876.0
RTE-01799,VEH-0581,Truck,2024-02-22,"ORD-010538,ORD-014504",92.16,210.64,425.0,520.7,2,2,1460.0 Wh,DRV-0408,8,1460.0
RTE-01800,VEH-0565,Van,2024-09-02,"ORD-004389,ORD-004753,ORD-010665,ORD-013136,ORD-005460,ORD-013119,ORD-006695,ORD-009468,ORD-014954",275.36,335.76,412.9,601.7,9,9,58.15,DRV-0208,4,58.15
RTE-01801,VEH-0177,Bike,2025-02-07,"ORD-001829,ORD-001184",177.59,362.21,78.8,303.0,2,2,2022.0 Wh,DRV-0430,11,2022.0
RTE-01802,VEH-0583,Truck,2025-03-14,"ORD-009912,ORD-001075,ORD-007369,ORD-009670,ORD-000036",169.35,397.68,116.4,277.5,5,5,1213.0 Wh,DRV-0768,10,1213.0
RTE-01803,VEH-0640,Truck,2025-03-02,"ORD-011041,ORD-002219,ORD-013770,ORD-003201,ORD-006505,ORD-001094,ORD-001885,ORD-008491",70.03,300.59,488.3,453.9,8,8,1.4 L,DRV-0560,7,1.4
RTE-01804,VEH-0425,Van,2024-03-31,"ORD-004698,ORD-004408,ORD-004391,ORD-004488,ORD-005111,ORD-007901,ORD-009563,ORD-009558",178.73,102.76,288.2,404.4,8,8,24.86,DRV-0183,8,24.86
RTE-01805,VEH-0640,Truck,2025-06-28,"ORD-011697,ORD-005457,ORD-005614,ORD-004195,ORD-006700,ORD-006551,ORD-003432",87.85,141.26,155.8,433.8,7,7,6.52,DRV-0679,3,6.52
RTE-01806,VEH-0096,Drone,2024-10-26,"ORD-014401,ORD-003838,ORD-005931,ORD-000300,ORD-012973,ORD-013759,ORD-005159,ORD-005688,ORD-010469",259.73,114.94,40.1,272.8,9,9,39.77 L,,7,39.77
RTE-01807,VEH-0029,Drone,2024-08-25,"ORD-011190,ORD-002075,ORD-002649,ORD-008782,ORD-003220,ORD-003411,ORD-000698",213.97,296.06,523.2,140.0,7,7,38.28,,14,38.28
RTE-01808,VEH-0124,Drone,2025-06-01,"ORD-008064,ORD-009651,ORD-006037,ORD-013317",344.84,142.47,385.9,60.3,4,4,52.49,,12,52.49
RTE-01809,VEH-0302,Bike,2025-05-07,"ORD-005261,ORD-010858,ORD-001582,ORD-003113,ORD-013535",188.82,,404.7,752.5,5,5,2169.0 Wh,DRV-0735,3,2169.0
RTE-01810,VEH-0069,Drone,2025-03-30,"ORD-005112,ORD-008945,ORD-012688,ORD-005842,ORD-001409,ORD-008826,ORD-011351",400.0,144.13,125.3,89.9,7,6,57.33 L,,5,57.33
RTE-01811,VEH-0648,Truck,2025-03-07,"ORD-013793,ORD-013254,ORD-001092",81.18,127.44,481.8,542.3,3,3,1521.0 Wh,DRV-0849,14,1521.0
RTE-01812,VEH-0592,Truck,2025-01-17,"ORD-010357,ORD-011817,ORD-006130",82.86,7.41,216.2,344.5,3,2,10.97 L,DRV-0794,9,10.97
RTE-01813,VEH-0327,Bike,2025-03-22,"ORD-000099,ORD-010603",415.74,,408.8,233.2,2,2,0.51,DRV-0443,8,0.51
RTE-01814,VEH-0657,Truck,2024-02-20,"ORD-000099,ORD-002986,ORD-003395,ORD-012984,ORD-014579,ORD-007480,ORD-008199,ORD-003633,ORD-002271",233.49,,26.1,791.0,9,8,3.19,DRV-0526,10,3.19
RTE-01815,VEH-0514,Van,2024-06-19,"ORD-014574,ORD-002781,ORD-003875,ORD-007451,ORD-004372,ORD-005216",134.75,396.47,481.0,527.6,6,5,311.0 Wh,DRV-0860,10,311.0
RTE-01816,VEH-0470,Van,2025-05-05,"ORD-004849,ORD-011432,ORD-004594",175.94,194.44,394.1,108.6,3,3,46.48 L,DRV-0406,11,46.48
RTE-01817,VEH-0233,Bike,2024-02-24,"ORD-011683,ORD-000824,ORD-008472,ORD-005749,ORD-013001,ORD-007905,ORD-010007",164.95,363.75,300.6,99.0,7,5,31.76,DRV-0312,5,31.76
RTE-01818,VEH-0643,Truck,2024-07-12,ORD-009570,222.21,71.64,491.6,261.1,1,1,34.44 L,DRV-0680,7,34.44
RTE-01819,VEH-0062,Drone,2024-10-18,"ORD-013445,ORD-001947",327.45,392.47,16.9,660.4,2,1,20.77 L,,13,20.77
RTE-01820,VEH-0026,Drone,2025-05-02,"ORD-005362,ORD-001274,ORD-008024,ORD-004790,ORD-012829,ORD-009944,ORD-003021",267.15,142.02,34.2,534.9,7,7,49.67,,13,49.67
RTE-01821,VEH-0136,Drone,2024-10-24,"ORD-010291,ORD-007652",162.36,254.47,354.7,774.7,2,2,49.4,,12,49.4
RTE-01822,VEH-0042,Drone,2024-03-22,"ORD-004306,ORD-010795,ORD-012595",419.2,97.09,163.7,583.6,3,3,2118.0 Wh,,13,2118.0
RTE-01823,VEH-0326,Bike,2024-02-04,"ORD-006122,ORD-001940,ORD-009366,ORD-012936,ORD-008589",107.43,349.32,206.6,230.0,5,5,26.47,DRV-0653,10,26.47
RTE-01824,VEH-0335,Bike,2024-01-01,"ORD-005929,ORD-011737,ORD-005020,ORD-010154,ORD-010210,ORD-001453,ORD-004515",54.19,198.19,646.6,435.4,7,7,54.01,DRV-0541,4,54.01
RTE-01825,VEH-0017,Drone,2024-02-21,"ORD-009108,ORD-001778,ORD-013794",177.31,240.15,377.7,770.2,3,3,4.63,,12,4.63
RTE-01826,VEH-0238,Bike,2025-07-01,"ORD-013683,ORD-010167,ORD-007300,ORD-009043,ORD-004965,ORD-014411,ORD-008550,ORD-014296,ORD-000322",333.68,280.12,181.8,528.4,9,9,462.0 Wh,DRV-0540,9,462.0
RTE-01827,VEH-0446,Van,2024-06-17,"ORD-000597,ORD-012675,ORD-002399,ORD-005214,ORD-009648,ORD-000885",64.22,399.72,587.8,722.6,6,6,2.25 L,DRV-0293,7,2.25
RTE-01828,VEH-0612,Truck,2025-06-12,"ORD-008829,ORD-000832,ORD-005729,ORD-013813,ORD-008235,ORD-012069,ORD-014942,ORD-013094,ORD-009778",376.95,171.88,506.3,92.7,9,9,616.0 Wh,DRV-0800,10,616.0
RTE-01829,VEH-0501,Van,2025-04-15,"ORD-002591,ORD-014886,ORD-003963",296.95,284.02,414.4,101.9,3,3,57.4 L,DRV-0273,12,57.4
RTE-01830,VEH-0306,Bike,2025-04-15,"ORD-008494,ORD-007168,ORD-005367",346.96,433.6,243.5,539.4,3,3,42.69 L,DRV-0428,9,42.69
RTE-01831,VEH-0165,Bike,2024-12-04,"ORD-014080,ORD-004292,ORD-004169,ORD-005870,ORD-009133,ORD-002016,ORD-014956,ORD-012894,ORD-014088",167.51,406.67,207.4,116.9,9,9,39.03 L,DRV-0117,12,39.03
RTE-01832,VEH-0110,Drone,2024-11-10,ORD-013892,37.79,75.74,182.5,683.2,1,1,6.9 L,,13,6.9
RTE-01833,VEH-0422,Van,2024-10-06,"ORD-010717,ORD-010208,ORD-006684,ORD-009320,ORD-004931,ORD-006535",263.31,330.85,406.5,278.0,6,6,7.07 L,DRV-0445,0,7.07
RTE-01834,VEH-0660,Truck,2025-03-23,ORD-006202,247.94,383.28,255.3,133.6,1,1,34.47 L,DRV-0562,12,34.47
RTE-01835,VEH-0513,Van,2025-02-13,"ORD-008125,ORD-011726,ORD-012161,ORD-008945",171.54,314.3,190.4,86.8,4,4,38.74,DRV-0282,4,38.74
RTE-01836,VEH-0685,Truck,2025-02-11,"ORD-014953,ORD-001995,ORD-003634,ORD-003960,ORD-003343,ORD-006519,ORD-002204,ORD-011288",46.43,173.18,226.1,304.4,8,8,3.36,DRV-0891,13,3.36
RTE-01837,VEH-0666,Truck,2024-09-14,"ORD-014195,ORD-004397,ORD-002997,ORD-012931,ORD-014561,ORD-010123,ORD-003994",403.6,368.79,483.7,285.3,7,7,24.58,DRV-0057,5,24.58
RTE-01838,VEH-0547,Van,2024-05-11,"ORD-002458,ORD-001144,ORD-013590,ORD-002842,ORD-013127,ORD-004188,ORD-007747,ORD-006353,ORD-014575",305.37,46.58,614.5,156.2,9,9,43.51 L,DRV-0726,10,43.51
RTE-01839,VEH-0307,Bike,2024-11-18,ORD-006750,417.57,392.44,491.2,151.5,1,1,1150.0 Wh,DRV-0429,12,1150.0
RTE-01840,VEH-0662,Truck,2024-03-14,ORD-002398,116.43,63.95,240.5,353.5,1,1,32.71,DRV-0608,6,32.71
RTE-01841,VEH-0035,Drone,2025-03-01,"ORD-012089,ORD-010175,ORD-001698,ORD-006298,ORD-012759,ORD-006944,ORD-002305,ORD-000581,ORD-012880",288.32,159.96,637.9,332.8,9,9,684.0 Wh,,3,684.0
RTE-01842,VEH-0058,Drone,2025-06-04,"ORD-005171,ORD-001198,ORD-014122,ORD-006532,ORD-003166,ORD-001674,ORD-013829,ORD-001402",22.74,134.69,536.7,553.5,8,8,32.23,,3,32.23
RTE-01843,VEH-0094,Drone,2024-01-02,"ORD-002398,ORD-010061,ORD-004727,ORD-014645,ORD-002212",11.84,157.0,469.4,786.4,5,5,13.08,,7,13.08
RTE-01844,VEH-0502,Van,2025-06-12,"ORD-013075,ORD-014599,ORD-009799,ORD-009955,ORD-003626,ORD-008852,ORD-005076,ORD-000179,ORD-008199",348.19,298.43,46.0,521.4,9,9,850.0 Wh,DRV-0832,13,850.0
RTE-01845,VEH-0670,Truck,2024-01-07,"ORD-006117,ORD-007387,ORD-013690,ORD-006334,ORD-007145",31.67,222.94,577.3,259.2,5,5,39.33 L,DRV-0621,8,39.33
RTE-01846,VEH-0193,Bike,2024-07-22,"ORD-011721,ORD-003059,ORD-010959,ORD-004324,ORD-012921",50.06,168.8,669.4,44.4,5,5,8.36 L,DRV-0725,8,8.36
RTE-01847,VEH-0638,Truck,2024-03-30,"ORD-007566,ORD-009297",374.82,274.33,329.5,293.0,2,2,36.31 L,DRV-0495,9,36.31
RTE-01848,VEH-0154,Bike,2025-02-21,"ORD-007422,ORD-001650,ORD-001268",48.56,134.11,684.0,40.2,3,3,1372.0 Wh,DRV-0827,12,1372.0
RTE-01849,VEH-0415,Van,2025-01-17,"ORD-010818,ORD-009075,ORD-002646",293.91,173.29,146.6,34.2,3,3,44.02,DRV-0252,13,44.02
RTE-01850,VEH-0640,Truck,2025-05-21,"ORD-000758,ORD-000139,ORD-003154,ORD-013755,ORD-011068,ORD-014645,ORD-010633,ORD-001421",402.87,259.56,17.3,479.0,8,8,58.5 L,DRV-0004,9,58.5
RTE-01851,VEH-0688,Truck,2024-04-15,"ORD-013491,ORD-012153,ORD-005430,ORD-006790,ORD-006704,ORD-009325,ORD-014810,ORD-008237",73.81,384.42,76.3,468.9,8,6,5.1 L,DRV-0727,0,5.1
RTE-01852,VEH-0664,Truck,2024-06-04,"ORD-014951,ORD-008933,ORD-011126,ORD-013005,ORD-011961",378.05,48.52,510.3,316.2,5,5,1222.0 Wh,DRV-0426,6,1222.0
RTE-01853,VEH-0490,Van,2025-04-15,"ORD-000110,ORD-003492,ORD-006736,ORD-012191,ORD-000733,ORD-001740,ORD-012187",201.34,355.33,201.4,296.5,7,7,1116.0 Wh,DRV-0826,14,1116.0
RTE-01854,VEH-0428,Van,2025-04-05,"ORD-013470,ORD-009384,ORD-006717,ORD-000762",211.75,34.98,211.4,617.1,4,4,1.82 L,DRV-0244,11,1.82
RTE-01855,VEH-0504,Van,2024-02-03,"ORD-014157,ORD-013289,ORD-011723,ORD-013616,ORD-009143,ORD-005637,ORD-002856,ORD-000591,ORD-013265",328.75,,688.3,463.6,9,9,31.94,DRV-0171,6,31.94
RTE-01856,VEH-0605,Truck,2024-10-14,"ORD-004895,ORD-001176,ORD-004343,ORD-009750",415.43,156.07,51.4,408.8,4,4,12.06,DRV-0881,5,12.06
RTE-01857,VEH-0424,Van,2025-02-04,"ORD-013195,ORD-013670,ORD-013251",139.13,305.93,270.8,309.4,3,2,13.3 L,DRV-0839,7,13.3
RTE-01858,VEH-0508,Van,2025-03-14,"ORD-012047,ORD-013457,ORD-000146,ORD-010247,ORD-013233,ORD-014812,ORD-008301,ORD-013713",4.14,162.61,115.6,261.4,8,8,1715.0 Wh,DRV-0591,4,1715.0
RTE-01859,VEH-0384,Bike,2025-01-19,"ORD-007305,ORD-005506,ORD-010139,ORD-008024,ORD-003316,ORD-012717,ORD-013048,ORD-007986",162.93,134.83,75.1,604.8,8,8,973.0 Wh,DRV-0222,3,973.0
RTE-01860,VEH-0451,Van,2024-09-19,"ORD-014512,ORD-007736,ORD-000962,ORD-006844,ORD-006903,ORD-002154,ORD-012344,ORD-001125,ORD-012664",112.77,40.31,545.7,36.8,9,8,1633.0 Wh,DRV-0371,14,1633.0
RTE-01861,VEH-0567,Van,2024-04-13,"ORD-002825,ORD-005671,ORD-014103,ORD-013539,ORD-000503,ORD-000385,ORD-010653",136.5,292.67,426.3,341.0,7,7,40.69,DRV-0593,4,40.69
RTE-01862,VEH-0527,Van,2024-06-20,"ORD-000302,ORD-008467,ORD-006585,ORD-004895,ORD-009260,ORD-007246,ORD-005495",118.39,372.41,671.3,665.2,7,7,27.45 L,DRV-0284,5,27.45
RTE-01863,VEH-0470,Van,2024-03-12,"ORD-002517,ORD-003102,ORD-001768,ORD-000824,ORD-012834,ORD-004363,ORD-000625",28.99,133.98,479.4,746.2,7,7,1436.0 Wh,DRV-0319,3,1436.0
RTE-01864,VEH-0139,Drone,2025-04-02,"ORD-007113,ORD-012478,ORD-002821,ORD-008904",269.24,182.09,183.2,564.7,4,4,1862.0 Wh,,10,1862.0
RTE-01865,VEH-0598,Truck,2024-09-19,ORD-000965,304.92,425.12,265.6,560.0,1,1,448.0 Wh,DRV-0248,14,448.0
RTE-01866,VEH-0009,Drone,2025-06-16,"ORD-013530,ORD-011421,ORD-008495,ORD-014223,ORD-006978,ORD-011669,ORD-006598,ORD-003076,ORD-013090",170.16,333.26,68.9,627.9,9,9,39.78,,14,39.78
RTE-01867,VEH-0591,Truck,2025-06-18,"ORD-005028,ORD-003435,ORD-000630,ORD-007721,ORD-002320,ORD-014131,ORD-011317,ORD-000759",368.81,354.99,366.0,796.7,8,8,56.85,DRV-0196,7,56.85
RTE-01868,VEH-0429,Van,2024-05-25,"ORD-000143,ORD-009487,ORD-003905,ORD-006179",414.89,69.69,454.0,395.3,4,4,10.27 L,DRV-0145,12,10.27
RTE-01869,VEH-0262,Bike,2025-02-01,"ORD-009546,ORD-009726,ORD-014265,ORD-002836,ORD-004567,ORD-000245,ORD-004793,ORD-009873,ORD-010667",119.73,310.88,243.6,249.9,9,9,39.4,DRV-0415,6,39.4
RTE-01870,VEH-0437,Van,2024-06-02,"ORD-010324,ORD-006857,ORD-002298,ORD-012683,ORD-010325,ORD-009818,ORD-007397",166.32,245.86,105.1,671.0,7,7,1424.0 Wh,DRV-0560,13,1424.0
RTE-01871,VEH-0482,Van,2025-03-22,"ORD-003104,ORD-002741,ORD-005360,ORD-008736,ORD-009457,ORD-014223,ORD-010083,ORD-014389,ORD-004733",274.67,313.4,226.5,403.1,9,9,11.28,DRV-0054,12,11.28
RTE-01872,VEH-0086,Drone,2025-03-07,"ORD-006129,ORD-009319,ORD-012867,ORD-005315,ORD-003559",391.25,453.07,91.2,342.0,5,5,799.0 Wh,,14,799.0
RTE-01873,VEH-0346,Bike,2025-01-10,"ORD-000183,ORD-007491,ORD-009263,ORD-008780,ORD-001885,ORD-002205",125.17,242.21,499.6,309.1,6,6,12.34 L,DRV-0508,12,12.34
RTE-01874,VEH-0598,Truck,2024-06-05,"ORD-005410,ORD-006481,ORD-010266,ORD-011720",259.55,217.36,185.9,376.6,4,4,34.89,DRV-0583,12,34.89
RTE-01875,VEH-0675,Truck,2025-05-27,"ORD-006095,ORD-005937,ORD-003189,ORD-004286,ORD-003363",153.52,10.75,447.2,402.7,5,4,382.0 Wh,DRV-0875,14,382.0
RTE-01876,VEH-0549,Van,2025-01-12,"ORD-008995,ORD-003381,ORD-004174,ORD-009716,ORD-011938",108.97,387.19,660.5,636.9,5,5,1496.0 Wh,DRV-0287,7,1496.0
RTE-01877,VEH-0598,Truck,2024-01-01,"ORD-006744,ORD-011066,ORD-012234,ORD-000993,ORD-007925",170.06,76.04,484.9,609.2,5,5,54.11,DRV-0206,14,54.11
RTE-01878,VEH-0342,Bike,2025-06-20,"ORD-008876,ORD-005539,ORD-004282",20.62,215.39,103.8,460.8,3,1,20.68,DRV-0120,9,20.68
RTE-01879,VEH-0625,Truck,2024-03-15,"ORD-008725,ORD-014239",386.12,425.22,210.8,502.5,2,2,51.89,DRV-0312,5,51.89
RTE-01880,VEH-0539,Van,2025-03-29,"ORD-005655,ORD-013778,ORD-004908,ORD-009773,ORD-003133,ORD-009696,ORD-010066,ORD-010433,ORD-013240",381.92,356.42,661.5,618.4,9,9,8.46 L,DRV-0500,5,8.46
RTE-01881,VEH-0291,Bike,2024-05-31,"ORD-007734,ORD-008030",4.24,238.98,594.3,447.8,2,2,4.27 L,DRV-0773,14,4.27
RTE-01882,VEH-0153,Bike,2024-11-02,"ORD-008107,ORD-005036,ORD-000596,ORD-003671,ORD-010636,ORD-009276,ORD-009147,ORD-014143",223.78,377.92,510.7,425.7,8,8,55.53,DRV-0664,10,55.53
RTE-01883,VEH-0678,Truck,2024-07-25,"ORD-001614,ORD-011582,ORD-012351,ORD-014518,ORD-001358",303.73,,657.1,111.4,5,5,1351.0 Wh,DRV-0316,4,1351.0
RTE-01884,VEH-0149,Bike,2024-02-10,"ORD-009087,ORD-011289,ORD-007215,ORD-013875,ORD-014377,ORD-003306,ORD-013870",281.09,288.19,104.1,223.5,7,7,17.14 L,DRV-0511,3,17.14
RTE-01885,VEH-0452,Van,2024-03-28,"ORD-006794,ORD-006696,ORD-008159,ORD-013890,ORD-004387,ORD-004983,ORD-009111,ORD-012387",133.16,158.7,583.5,327.6,8,8,11.09 L,DRV-0141,6,11.09
RTE-01886,VEH-0387,Bike,2025-02-14,"ORD-005443,ORD-003036,ORD-010850,ORD-007821,ORD-004607,ORD-005047",277.99,58.01,690.6,741.9,6,6,1290.0 Wh,DRV-0413,4,1290.0
RTE-01887,VEH-0605,Truck,2025-06-29,"ORD-007868,ORD-013264,ORD-011112,ORD-005283",8.91,59.18,443.7,740.8,4,4,49.14 L,DRV-0457,5,49.14
RTE-01888,VEH-0163,Bike,2025-05-12,"ORD-013747,ORD-006478,ORD-000959,ORD-005184,ORD-010781,ORD-000497,ORD-002730",370.76,,152.0,263.8,7,5,1156.0 Wh,DRV-0573,12,1156.0
RTE-01889,VEH-0077,Drone,2024-02-29,ORD-009341,100.46,283.16,279.8,597.7,1,1,42.22,,12,42.22
RTE-01890,VEH-0642,Truck,2024-07-25,"ORD-000211,ORD-014123,ORD-009848,ORD-000133,ORD-012724,ORD-013162,ORD-000695,ORD-000342,ORD-012292",143.96,376.18,132.1,294.5,9,8,2.28,DRV-0572,3,2.28
RTE-01891,VEH-0279,Bike,2024-11-19,"ORD-008985,ORD-006746,ORD-003145,ORD-009124,ORD-006916,ORD-007906,ORD-011604,ORD-008513,ORD-004367",344.52,18.55,156.7,438.7,9,9,53.11 L,DRV-0816,12,53.11
RTE-01892,VEH-0592,Truck,2024-09-10,ORD-004030,138.68,435.13,680.7,155.3,1,1,7.71,DRV-0465,3,7.71
RTE-01893,VEH-0451,Van,2025-04-16,"ORD-007437,ORD-008470,ORD-005654,ORD-003097,ORD-007778,ORD-003441",166.63,277.1,658.8,45.7,6,6,58.64,DRV-0405,12,58.64
RTE-01894,VEH-0677,Truck,2024-11-10,"ORD-002355,ORD-004918",267.78,386.36,430.6,328.6,2,2,58.66,DRV-0015,8,58.66
RTE-01895,VEH-0313,Bike,2024-02-07,ORD-000827,51.93,395.76,206.1,261.5,1,1,45.75,DRV-0093,12,45.75
RTE-01896,VEH-0090,Drone,2024-06-08,"ORD-002261,ORD-012686,ORD-002757,ORD-010029,ORD-007298,ORD-011254,ORD-014771",76.53,46.75,693.2,498.0,7,7,28.16,,7,28.16
RTE-01897,VEH-0440,Van,2024-09-26,"ORD-004915,ORD-003440",367.34,192.18,25.6,594.5,2,2,3.94 L,DRV-0338,11,3.94
RTE-01898,VEH-0656,Truck,2024-03-09,"ORD-004172,ORD-007938",351.27,,469.1,734.6,2,2,364.0 Wh,DRV-0823,13,364.0
RTE-01899,VEH-0160,Bike,2025-02-20,"ORD-007216,ORD-010675,ORD-002366,ORD-014892,ORD-013716,ORD-009634,ORD-014485",350.91,294.93,69.2,134.5,7,7,584.0 Wh,DRV-0253,6,584.0
RTE-01900,VEH-0610,Truck,2024-09-28,"ORD-005643,ORD-007929",5.5,,211.0,705.4,2,1,33.78,DRV-0008,12,33.78
RTE-01901,VEH-0404,Van,2024-01-13,"ORD-008890,ORD-012259,ORD-007368,ORD-013931,ORD-011467,ORD-011923,ORD-008770",251.95,143.0,158.5,505.6,7,7,48.57 L,DRV-0811,6,48.57
RTE-01902,VEH-0104,Drone,2024-12-06,"ORD-012475,ORD-013024,ORD-001528,ORD-011807,ORD-002678,ORD-006816,ORD-013566,ORD-004543,ORD-006272",304.22,171.26,579.1,164.9,9,9,1822.0 Wh,,4,1822.0
RTE-01903,VEH-0427,Van,2025-03-24,"ORD-007697,ORD-014491,ORD-004381,ORD-014666,ORD-004869",23.13,302.41,191.8,388.9,5,4,258.0 Wh,DRV-0838,9,258.0
RTE-01904,VEH-0589,Truck,2024-12-14,"ORD-007970,ORD-006963,ORD-013853,ORD-000269",185.38,379.18,115.4,239.9,4,3,54.06 L,DRV-0479,3,54.06
RTE-01905,VEH-0620,Truck,2024-01-21,"ORD-011676,ORD-000957,ORD-013065",208.59,147.71,344.9,207.2,3,2,29.34,DRV-0375,5,29.34
RTE-01906,VEH-0495,Van,2024-10-04,ORD-006735,58.07,375.19,664.4,20.3,1,1,32.16,DRV-0793,14,32.16
RTE-01907,VEH-0057,Drone,2024-12-26,"ORD-005807,ORD-004978,ORD-008659,ORD-010231,ORD-002361,ORD-008645",296.39,306.61,53.7,376.9,6,6,53.44,,7,53.44
RTE-01908,VEH-0036,Drone,2024-03-08,"ORD-005599,ORD-003320,ORD-004112,ORD-010953,ORD-008617,ORD-009544,ORD-010899,ORD-008037,ORD-001809",389.33,408.66,612.5,492.6,9,9,36.37 L,,7,36.37
RTE-01909,VEH-0656,Truck,2025-03-14,"ORD-002915,ORD-004983,ORD-003767,ORD-014898,ORD-013703",270.02,324.21,215.2,96.6,5,5,0.78,DRV-0228,8,0.78
RTE-01910,VEH-0628,Truck,2024-05-28,"ORD-012471,ORD-013189,ORD-008628,ORD-006492,ORD-013464,ORD-008831,ORD-004171,ORD-011399,ORD-006040",30.39,226.33,593.2,764.6,9,9,1.07,DRV-0139,11,1.07
RTE-01911,VEH-0088,Drone,2024-02-13,"ORD-000283,ORD-006536,ORD-005095,ORD-012421,ORD-010356",82.76,294.23,590.8,409.8,5,4,1723.0 Wh,,4,1723.0
RTE-01912,VEH-0211,Bike,2025-02-16,"ORD-008628,ORD-013900,ORD-010547,ORD-013195,ORD-001310,ORD-013704,ORD-003981,ORD-014260,ORD-000539",361.29,69.68,23.8,135.0,9,9,1.68,DRV-0286,12,1.68
RTE-01913,VEH-0662,Truck,2024-04-08,"ORD-010719,ORD-006829,ORD-007577",357.73,9.24,139.7,708.3,3,3,1438.0 Wh,DRV-0404,10,1438.0
RTE-01914,VEH-0410,Van,2024-02-16,"ORD-005282,ORD-013254,ORD-001855",381.75,376.88,313.4,766.0,3,3,1969.0 Wh,DRV-0321,13,1969.0
RTE-01915,VEH-0110,Drone,2024-06-19,"ORD-000709,ORD-002984,ORD-008176,ORD-000956,ORD-009963,ORD-002344,ORD-004351,ORD-009069",268.62,126.07,259.0,152.7,8,8,29.26,,3,29.26
RTE-01916,VEH-0259,Bike,2024-09-08,"ORD-003084,ORD-004142,ORD-002218,ORD-004932,ORD-004247,ORD-010080,ORD-000284,ORD-012824,ORD-003850",392.38,301.08,410.9,156.3,9,9,55.59 L,DRV-0215,11,55.59
RTE-01917,VEH-0176,Bike,2024-08-25,"ORD-003681,ORD-002624,ORD-009362,ORD-013083",130.44,4.0,651.8,349.7,4,4,1510.0 Wh,DRV-0432,9,1510.0
RTE-01918,VEH-0079,Drone,2024-07-20,"ORD-011796,ORD-003596,ORD-003574,ORD-008222",114.07,151.26,406.5,490.5,4,4,30.0,,3,30.0
RTE-01919,VEH-0420,Van,2024-07-16,"ORD-001347,ORD-004653,ORD-000304,ORD-000494,ORD-005617,ORD-002889",349.13,97.35,573.8,70.0,6,6,12.42 L,DRV-0002,6,12.42
RTE-01920,VEH-0240,Bike,2024-06-28,"ORD-006738,ORD-005040",257.89,390.56,692.6,519.5,2,2,55.2 L,DRV-0676,11,55.2
RTE-01921,VEH-0262,Bike,2025-05-01,"ORD-012045,ORD-011563,ORD-006168,ORD-001616,ORD-013754",30.73,124.01,318.6,415.1,5,5,1950.0 Wh,DRV-0520,0,1950.0
RTE-01922,VEH-0597,Truck,2025-04-04,"ORD-005196,ORD-007050",291.58,322.49,444.4,715.2,2,2,1909.0 Wh,DRV-0053,14,1909.0
RTE-01923,VEH-0146,Bike,2025-03-25,"ORD-014258,ORD-014611,ORD-013813,ORD-006447,ORD-002497",76.57,,694.0,599.3,5,5,6.17 L,DRV-0733,4,6.17
RTE-01924,VEH-0007,Drone,2024-07-09,"ORD-012455,ORD-005051,ORD-006372,ORD-002044",170.06,39.94,372.9,504.4,4,4,0.51 L,,8,0.51
RTE-01925,VEH-0010,Drone,2024-07-18,"ORD-006068,ORD-006327,ORD-008251,ORD-004772,ORD-005147",332.13,190.03,524.5,758.6,5,5,788.0 Wh,,9,788.0
RTE-01926,VEH-0104,Drone,2024-08-25,"ORD-013355,ORD-014767,ORD-002934,ORD-004744,ORD-013833,ORD-010041",50.84,69.78,698.6,600.3,6,6,14.52 L,,9,14.52
RTE-01927,VEH-0689,Truck,2025-04-07,"ORD-011498,ORD-013987,ORD-004448,ORD-000165",149.43,,342.0,236.7,4,4,58.18 L,DRV-0700,7,58.18
RTE-01928,VEH-0039,Drone,2024-03-20,"ORD-013274,ORD-014423",135.85,317.53,129.9,627.8,2,1,13.21,,14,13.21
RTE-01929,VEH-0039,Drone,2024-04-06,"ORD-009963,ORD-002143,ORD-001780,ORD-004280,ORD-004754",353.39,104.19,195.0,303.3,5,5,3.09,,5,3.09
RTE-01930,VEH-0335,Bike,2025-03-10,"ORD-010510,ORD-005679,ORD-007755,ORD-002487,ORD-005622,ORD-014134,ORD-011287,ORD-010103",163.04,45.47,617.4,671.3,8,7,33.1,DRV-0290,3,33.1
RTE-01931,VEH-0476,Van,2024-09-23,"ORD-003662,ORD-014848,ORD-002668,ORD-011354,ORD-001031,ORD-002174,ORD-009177,ORD-002601",166.08,432.75,435.1,687.1,8,8,32.04,DRV-0771,13,32.04
RTE-01932,VEH-0075,Drone,2024-07-11,"ORD-007202,ORD-007933,ORD-003523,ORD-007460,ORD-007678,ORD-012999,ORD-009329",25.98,36.79,556.6,615.7,7,7,31.11,,10,31.11
RTE-01933,VEH-0246,Bike,2024-03-01,"ORD-008892,ORD-001368",392.77,311.67,685.8,161.1,2,2,10.41,DRV-0635,4,10.41
RTE-01934,VEH-0549,Van,2024-03-20,"ORD-004157,ORD-003325,ORD-009859,ORD-012978,ORD-009223,ORD-000916,ORD-013555,ORD-010564,ORD-000194",132.38,403.25,43.8,191.5,9,9,711.0 Wh,DRV-0054,8,711.0
RTE-01935,VEH-0237,Bike,2025-01-13,"ORD-006081,ORD-006166,ORD-005006,ORD-007328",342.28,274.45,401.0,410.1,4,4,1393.0 Wh,DRV-0137,4,1393.0
RTE-01936,VEH-0642,Truck,2024-09-14,"ORD-010318,ORD-013181,ORD-002744,ORD-010224,ORD-010584,ORD-002867,ORD-011714",73.86,421.7,303.6,736.9,7,7,50.23 L,DRV-0242,9,50.23
RTE-01937,VEH-0688,Truck,2025-05-14,"ORD-004941,ORD-014526,ORD-003277,ORD-012828,ORD-000800,ORD-013287,ORD-014125,ORD-007445,ORD-002870",416.46,336.97,261.5,375.8,9,9,59.09,DRV-0342,0,59.09
RTE-01938,VEH-0647,Truck,2024-02-14,"ORD-008336,ORD-010356,ORD-011247,ORD-005659,ORD-006757,ORD-009251,ORD-009023,ORD-012699",287.71,71.71,547.6,334.8,8,8,1294.0 Wh,DRV-0384,14,1294.0
RTE-01939,VEH-0551,Van,2024-02-12,"ORD-000674,ORD-014783,ORD-005463,ORD-010361,ORD-004418,ORD-003609,ORD-007794",262.35,155.94,495.3,415.4,7,7,38.35,DRV-0570,13,38.35
RTE-01940,VEH-0636,Truck,2025-04-12,"ORD-009094,ORD-002981,ORD-009265,ORD-004802",229.33,,674.2,305.4,4,4,2080.0 Wh,DRV-0727,6,2080.0
RTE-01941,VEH-0016,Drone,2024-04-11,"ORD-008556,ORD-011265,ORD-011508",401.06,234.2,131.9,214.2,3,3,17.78,,6,17.78
RTE-01942,VEH-0688,Truck,2024-03-08,"ORD-014272,ORD-008733,ORD-001722,ORD-014551,ORD-005345,ORD-005874,ORD-012518,ORD-000093,ORD-004070",3.88,385.08,599.5,416.9,9,9,39.58,DRV-0447,8,39.58
RTE-01943,VEH-0277,Bike,2024-12-20,"ORD-002053,ORD-004773,ORD-002331,ORD-007499",388.47,152.57,172.3,551.3,4,4,46.63,DRV-0045,10,46.63
RTE-01944,VEH-0603,Truck,2024-01-21,"ORD-001110,ORD-000598,ORD-002488,ORD-001499",59.1,367.38,433.9,286.1,4,4,1173.0 Wh,DRV-0239,7,1173.0
RTE-01945,VEH-0694,Truck,2024-10-12,"ORD-014667,ORD-005093,ORD-005307,ORD-009210",146.88,326.87,695.2,34.4,4,4,44.43,DRV-0022,9,44.43
RTE-01946,VEH-0656,Truck,2025-03-28,ORD-013316,417.96,170.22,418.4,223.3,1,1,33.53,DRV-0279,4,33.53
RTE-01947,VEH-0633,Truck,2024-01-27,"ORD-007082,ORD-000564,ORD-006637,ORD-001461",334.4,191.58,612.4,768.7,4,4,14.24,DRV-0078,10,14.24
RTE-01948,VEH-0646,Truck,2024-10-28,"ORD-002498,ORD-005962,ORD-012285,ORD-009095,ORD-003170",328.97,359.66,513.0,494.2,5,5,1166.0 Wh,DRV-0380,12,1166.0
RTE-01949,VEH-0427,Van,2024-01-13,"ORD-001302,ORD-006561,ORD-006356,ORD-008702,ORD-004840,ORD-002981,ORD-007606,ORD-010655",342.28,10.54,390.4,245.7,8,8,20.86 L,DRV-0362,5,20.86
RTE-01950,VEH-0099,Drone,2025-04-02,"ORD-000197,ORD-014571,ORD-002461,ORD-014777,ORD-004272,ORD-004082,ORD-013683,ORD-012531",368.05,449.4,426.1,295.8,8,8,437.0 Wh,,3,437.0
RTE-01951,VEH-0312,Bike,2024-10-26,"ORD-014109,ORD-007096,ORD-011137",204.4,70.47,288.8,470.5,3,3,677.0 Wh,DRV-0338,9,677.0
RTE-01952,VEH-0448,Van,2025-01-15,"ORD-008558,ORD-010824,ORD-009969,ORD-003622",291.35,220.21,550.8,184.7,4,4,2.79 L,DRV-0209,5,2.79
RTE-01953,VEH-0393,Bike,2024-05-14,"ORD-010647,ORD-002497,ORD-004608,ORD-008108,ORD-003861,ORD-004046",88.01,18.18,211.3,212.7,6,6,551.0 Wh,DRV-0269,4,551.0
RTE-01954,VEH-0171,Bike,2024-09-13,"ORD-013247,ORD-005120,ORD-013887",133.84,98.19,567.9,190.7,3,3,1992.0 Wh,DRV-0848,10,1992.0
RTE-01955,VEH-0509,Van,2024-06-23,"ORD-005340,ORD-005638,ORD-005374,ORD-010680,ORD-001911,ORD-010219,ORD-001124,ORD-004185,ORD-009009",373.27,189.0,53.8,250.1,9,9,1549.0 Wh,DRV-0247,5,1549.0
RTE-01956,VEH-0351,Bike,2024-12-15,"ORD-013901,ORD-006524,ORD-006354,ORD-011010,ORD-004154,ORD-010016,ORD-012482,ORD-001907,ORD-004549",71.67,443.08,326.4,389.5,9,9,1942.0 Wh,DRV-0407,8,1942.0
RTE-01957,VEH-0510,Van,2024-07-24,"ORD-002514,ORD-009475,ORD-012281",319.47,132.06,170.4,767.0,3,3,23.95,DRV-0423,4,23.95
RTE-01958,VEH-0464,Van,2024-08-31,"ORD-000152,ORD-001031",162.92,288.08,21.1,758.0,2,2,1445.0 Wh,DRV-0824,5,1445.0
RTE-01959,VEH-0045,Drone,2024-10-26,"ORD-005769,ORD-004619,ORD-014972,ORD-001543,ORD-010847",37.12,438.58,676.8,287.3,5,5,15.37 L,,11,15.37
RTE-01960,VEH-0671,Truck,2024-02-21,"ORD-002621,ORD-014761,ORD-004163,ORD-007314,ORD-013904,ORD-012423",83.73,439.55,128.8,581.0,6,6,43.57 L,DRV-0354,11,43.57
RTE-01961,VEH-0660,Truck,2024-05-05,"ORD-007171,ORD-001092,ORD-008493",32.68,82.78,344.3,632.5,3,2,25.84,DRV-0232,3,25.84
RTE-01962,VEH-0191,Bike,2024-04-26,"ORD-014046,ORD-009524,ORD-012309,ORD-006932,ORD-010141,ORD-012946,ORD-002538,ORD-003876",140.66,176.48,455.7,723.1,8,8,15.5 L,DRV-0683,9,15.5
RTE-01963,VEH-0589,Truck,2025-02-25,"ORD-011416,ORD-005034,ORD-007593,ORD-010904,ORD-000426,ORD-001201,ORD-010789",17.9,268.27,34.9,254.9,7,6,58.75,DRV-0176,8,58.75
RTE-01964,VEH-0583,Truck,2024-03-10,"ORD-002680,ORD-008771,ORD-007839,ORD-002472,ORD-014670,ORD-011368",73.78,277.16,102.0,279.3,6,6,2.73 L,DRV-0811,8,2.73
RTE-01965,VEH-0069,Drone,2024-08-18,"ORD-004537,ORD-002779,ORD-002968,ORD-012927,ORD-010432,ORD-010396,ORD-004569,ORD-002974,ORD-001573",27.99,232.7,249.3,480.5,9,9,1681.0 Wh,,6,1681.0
RTE-01966,VEH-0457,Van,2025-04-21,"ORD-008485,ORD-011528,ORD-013883,ORD-004506,ORD-003180,ORD-009862,ORD-009640",80.39,,144.9,34.7,7,7,33.28 L,DRV-0204,3,33.28
RTE-01967,VEH-0171,Bike,2024-10-19,"ORD-004593,ORD-000737",70.02,445.67,199.0,216.7,2,2,13.96 L,DRV-0828,13,13.96
RTE-01968,VEH-0654,Truck,2025-05-11,"ORD-000856,ORD-008346,ORD-011773,ORD-005731,ORD-005115",127.09,378.68,695.7,706.0,5,5,57.98,DRV-0213,14,57.98
RTE-01969,VEH-0552,Van,2024-02-16,"ORD-003140,ORD-008053,ORD-006769,ORD-006172,ORD-009106,ORD-001488,ORD-005726",52.38,9.44,587.1,142.4,7,7,55.45,DRV-0125,12,55.45
RTE-01970,VEH-0524,Van,2024-02-20,"ORD-008817,ORD-008974,ORD-006259,ORD-005870,ORD-004923,ORD-008875,ORD-009662,ORD-003612,ORD-012152",325.31,20.59,158.4,501.5,9,9,816.0 Wh,DRV-0407,8,816.0
RTE-01971,VEH-0042,Drone,2024-03-29,"ORD-011629,ORD-010974,ORD-009747,ORD-010927,ORD-001895,ORD-013083,ORD-014764,ORD-006435,ORD-010292",50.66,238.01,486.5,235.0,9,9,58.38 L,,3,58.38
RTE-01972,VEH-0492,Van,2024-03-27,"ORD-011411,ORD-011720,ORD-008263,ORD-013020",53.43,366.39,182.4,202.6,4,4,22.5,DRV-0341,12,22.5
RTE-01973,VEH-0486,Van,2024-04-25,ORD-011641,64.28,362.84,274.8,144.4,1,1,1437.0 Wh,DRV-0606,12,1437.0
RTE-01974,VEH-0257,Bike,2025-06-23,"ORD-011567,ORD-013088,ORD-013401,ORD-003000,ORD-006692",349.48,299.49,511.3,170.8,5,5,15.1,DRV-0135,10,15.1
RTE-01975,VEH-0472,Van,2025-02-15,"ORD-005526,ORD-010297,ORD-001854",378.4,388.01,389.8,196.8,3,3,388.0 Wh,DRV-0219,6,388.0
RTE-01976,VEH-0095,Drone,2024-12-11,"ORD-004339,ORD-004967,ORD-008265,ORD-002008,ORD-002658,ORD-011106",146.21,165.14,582.3,31.0,6,6,748.0 Wh,,11,748.0
RTE-01977,VEH-0553,Van,2025-05-06,"ORD-003831,ORD-007106,ORD-002050,ORD-005299",363.91,417.08,688.0,647.8,4,3,2177.0 Wh,DRV-0819,14,2177.0
RTE-01978,VEH-0083,Drone,2024-12-13,"ORD-010887,ORD-006689,ORD-014045",285.65,220.16,178.0,123.8,3,3,558.0 Wh,,14,558.0
RTE-01979,VEH-0054,Drone,2025-02-26,"ORD-005346,ORD-002248",219.74,441.33,666.4,591.0,2,2,6.13,,14,6.13
RTE-01980,VEH-0111,Drone,2025-03-13,"ORD-012896,ORD-012983,ORD-009132,ORD-000556,ORD-011941,ORD-013063",146.21,31.86,534.2,297.5,6,4,41.35 L,,4,41.35
RTE-01981,VEH-0199,Bike,2024-07-16,"ORD-004493,ORD-012064,ORD-014885,ORD-012797",70.68,174.58,117.8,416.1,4,4,43.6 L,DRV-0693,3,43.6
RTE-01982,VEH-0017,Drone,2024-10-28,"ORD-013743,ORD-014353,ORD-001865,ORD-005975,ORD-006650,ORD-003258,ORD-007170,ORD-005114",306.51,133.28,554.5,572.8,8,8,39.3 L,,8,39.3
RTE-01983,VEH-0060,Drone,2024-10-25,"ORD-004011,ORD-007866,ORD-003756,ORD-006425,ORD-013193,ORD-007870",52.33,299.77,144.8,697.7,6,6,15.88 L,,11,15.88
RTE-01984,VEH-0233,Bike,2025-02-19,"ORD-007107,ORD-006400",212.95,80.24,509.6,130.3,2,2,1841.0 Wh,DRV-0272,11,1841.0
RTE-01985,VEH-0478,Van,2024-10-25,"ORD-010145,ORD-008688,ORD-004750,ORD-010681,ORD-008289,ORD-013297",302.74,202.74,499.1,278.8,6,6,1866.0 Wh,DRV-0800,14,1866.0
RTE-01986,VEH-0019,Drone,2024-11-09,"ORD-013054,ORD-003838,ORD-003970,ORD-010561,ORD-006415,ORD-002206,ORD-012707,ORD-014610",345.69,428.87,374.8,107.2,8,8,14.99,,5,14.99
RTE-01987,VEH-0004,Drone,2024-04-05,ORD-005905,246.86,341.88,511.0,732.8,1,0,282.0 Wh,,9,282.0
RTE-01988,VEH-0084,Drone,2025-03-14,"ORD-002538,ORD-005544,ORD-002771,ORD-001593,ORD-013066,ORD-013851,ORD-011135,ORD-000794,ORD-007641",71.75,275.61,243.1,531.7,9,8,0.73 L,,7,0.73
RTE-01989,VEH-0345,Bike,2024-07-23,"ORD-009834,ORD-005553,ORD-013091,ORD-002198,ORD-009336,ORD-005862,ORD-009128",184.61,16.55,53.3,247.7,7,7,43.56 L,DRV-0633,6,43.56
RTE-01990,VEH-0602,Truck,2025-05-03,"ORD-003396,ORD-005804,ORD-006265,ORD-012917",147.07,151.11,18.8,76.7,4,4,21.91,DRV-0796,3,21.91
RTE-01991,VEH-0594,Truck,2024-06-25,"ORD-006378,ORD-009576,ORD-011181,ORD-014458,ORD-006161,ORD-005952,ORD-006357,ORD-006877",196.8,365.01,634.2,161.7,8,8,10.7,DRV-0786,7,10.7
RTE-01992,VEH-0002,Drone,2025-04-18,"ORD-000305,ORD-003509,ORD-007470",343.51,166.41,103.5,613.4,3,3,35.18 L,,14,35.18
RTE-01993,VEH-0084,Drone,2024-11-18,ORD-007533,95.25,150.32,259.7,687.4,1,1,9.51,,4,9.51
RTE-01994,VEH-0091,Drone,2024-01-21,"ORD-006561,ORD-000593,ORD-003086,ORD-002093,ORD-001059",329.5,295.5,584.6,667.2,5,5,320.0 Wh,,11,320.0
RTE-01995,VEH-0227,Bike,2024-08-21,"ORD-010125,ORD-010924,ORD-000023,ORD-008671,ORD-006347,ORD-010056,ORD-004731,ORD-013448",99.89,396.46,452.1,552.8,8,8,2199.0 Wh,DRV-0420,7,2199.0
RTE-01996,VEH-0403,Van,2025-06-26,"ORD-009383,ORD-012464,ORD-000525",316.12,65.62,70.6,562.3,3,3,16.25 L,DRV-0603,5,16.25
RTE-01997,VEH-0022,Drone,2025-03-10,"ORD-007706,ORD-013737,ORD-003972,ORD-009362,ORD-009059,ORD-004481,ORD-011079",10.88,257.1,379.2,653.4,7,7,19.65 L,,12,19.65
RTE-01998,VEH-0087,Drone,2025-05-23,"ORD-011057,ORD-014135,ORD-011863,ORD-007944,ORD-009386,ORD-014665,ORD-002345,ORD-003675,ORD-000170",219.39,443.74,446.9,702.5,9,9,1301.0 Wh,,6,1301.0
RTE-01999,VEH-0355,Bike,2024-12-22,"ORD-011031,ORD-006021",235.6,331.42,89.8,22.0,2,2,2.79 L,DRV-0638,0,2.79
RTE-02000,VEH-0530,Van,2024-03-13,"ORD-000692,ORD-007980",63.73,288.97,241.1,550.2,2,2,14.2 L,DRV-0804,9,14.2
RTE-02001,VEH-0259,Bike,2024-06-02,"ORD-000378,ORD-005115",272.76,348.26,634.3,507.0,2,2,57.9 L,DRV-0058,14,57.9
RTE-02002,VEH-0658,Truck,2024-01-23,"ORD-009720,ORD-005223,ORD-003494,ORD-010915,ORD-012559,ORD-010659,ORD-009344,ORD-004969,ORD-008435",53.06,126.82,122.7,297.0,9,9,8.79,DRV-0163,4,8.79
RTE-02003,VEH-0033,Drone,2024-12-07,"ORD-000956,ORD-014446,ORD-012152,ORD-011119,ORD-001873",264.93,164.03,199.0,188.6,5,5,1632.0 Wh,,12,1632.0
RTE-02004,VEH-0364,Bike,2024-10-23,"ORD-012854,ORD-008456,ORD-005285,ORD-011118,ORD-011730,ORD-002210,ORD-010466,ORD-011297",341.43,82.17,68.8,676.5,8,8,6.41,DRV-0741,6,6.41
RTE-02005,VEH-0194,Bike,2024-07-13,"ORD-012515,ORD-008007",168.36,33.86,46.7,226.1,2,2,8.82 L,DRV-0237,11,8.82
RTE-02006,VEH-0433,Van,2024-07-04,"ORD-005023,ORD-007345,ORD-012930",413.94,194.25,101.4,779.6,3,3,385.0 Wh,DRV-0054,5,385.0
RTE-02007,VEH-0499,Van,2024-12-17,"ORD-001994,ORD-009594,ORD-010734,ORD-003799,ORD-001434,ORD-000926,ORD-003940,ORD-010176",74.86,31.71,590.6,377.9,8,8,21.51 L,DRV-0440,4,21.51
RTE-02008,VEH-0548,Van,2024-11-13,ORD-004323,331.74,60.48,212.6,717.6,1,1,36.64,DRV-0738,3,36.64
RTE-02009,VEH-0597,Truck,2024-10-08,"ORD-011139,ORD-013835,ORD-011918,ORD-012215",15.31,5.15,471.1,145.7,4,4,20.14,DRV-0719,3,20.14
RTE-02010,VEH-0662,Truck,2025-06-02,"ORD-012889,ORD-004933",361.87,232.78,152.5,396.8,2,2,1.7 L,DRV-0540,4,1.7
RTE-02011,VEH-0493,Van,2024-11-28,"ORD-014060,ORD-007018,ORD-008683",304.55,450.53,605.3,734.6,3,3,43.22,DRV-0890,13,43.22
RTE-02012,VEH-0268,Bike,2024-10-18,"ORD-002946,ORD-010813,ORD-001030,ORD-007580,ORD-011703,ORD-003238",208.36,265.79,684.1,540.2,6,5,33.5 L,DRV-0339,14,33.5
RTE-02013,VEH-0024,Drone,2025-03-04,"ORD-003697,ORD-005582,ORD-013791,ORD-013184,ORD-001214,ORD-003078,ORD-012805",118.98,179.13,147.0,221.6,7,7,58.6 L,,7,58.6
RTE-02014,VEH-0175,Bike,2025-05-03,ORD-011682,83.34,89.14,422.2,622.7,1,1,35.29 L,DRV-0598,12,35.29
RTE-02015,VEH-0455,Van,2024-01-21,"ORD-005746,ORD-008562,ORD-005275,ORD-004275,ORD-006286,ORD-010430,ORD-012442,ORD-004076",122.28,171.83,152.8,797.4,8,8,32.65 L,DRV-0618,5,32.65
RTE-02016,VEH-0127,Drone,2024-06-18,"ORD-002611,ORD-013669,ORD-000783,ORD-000120,ORD-004662",170.22,52.21,699.5,315.7,5,4,44.49,,0,44.49
RTE-02017,VEH-0261,Bike,2025-02-12,"ORD-003554,ORD-006770,ORD-014233",55.44,257.81,411.1,677.1,3,3,39.83 L,DRV-0257,7,39.83
RTE-02018,VEH-0002,Drone,2024-01-03,"ORD-002008,ORD-003339,ORD-008997",136.7,29.24,239.3,618.7,3,3,1363.0 Wh,,5,1363.0
RTE-02019,VEH-0105,Drone,2024-07-07,"ORD-000463,ORD-001908,ORD-011645,ORD-014435,ORD-014973,ORD-013005",332.02,457.34,298.5,128.7,6,6,31.08 L,,4,31.08
RTE-02020,VEH-0614,Truck,2025-05-10,"ORD-001081,ORD-006223,ORD-002122,ORD-001080,ORD-000779,ORD-013410,ORD-008900",360.57,341.93,596.0,356.1,7,7,869.0 Wh,DRV-0724,11,869.0
RTE-02021,VEH-0374,Bike,2024-01-04,"ORD-013270,ORD-003552,ORD-009046,ORD-002256,ORD-001156,ORD-003450,ORD-003453",266.96,270.66,377.5,503.2,7,7,13.51,DRV-0452,14,13.51
RTE-02022,VEH-0128,Drone,2024-12-13,"ORD-003006,ORD-000901",107.4,192.64,596.8,196.5,2,2,3.61,,10,3.61
RTE-02023,VEH-0020,Drone,2024-01-12,"ORD-003130,ORD-010902,ORD-009538,ORD-014126",187.38,216.01,678.9,352.1,4,4,12.72,,8,12.72
RTE-02024,VEH-0171,Bike,2025-02-11,"ORD-003511,ORD-003171,ORD-011690,ORD-013531,ORD-000862,ORD-012820,ORD-007827,ORD-001135,ORD-013516",45.58,423.51,180.0,224.3,9,8,39.78,DRV-0654,4,39.78
RTE-02025,VEH-0648,Truck,2024-11-09,"ORD-006632,ORD-000557,ORD-010097,ORD-014362,ORD-005245,ORD-004100",327.27,,562.0,396.3,6,6,983.0 Wh,DRV-0705,10,983.0
RTE-02026,VEH-0112,Drone,2025-06-09,"ORD-013514,ORD-009710,ORD-003342,ORD-002962",411.21,219.69,589.3,391.3,4,4,1895.0 Wh,,12,1895.0
RTE-02027,VEH-0018,Drone,2024-12-07,"ORD-007344,ORD-011556,ORD-009952,ORD-004624,ORD-012958,ORD-010739",248.66,231.3,290.0,573.1,6,6,12.84,,8,12.84
RTE-02028,VEH-0090,Drone,2024-05-10,"ORD-006923,ORD-003616,ORD-005907,ORD-001558",87.59,87.62,162.5,229.0,4,4,1701.0 Wh,,5,1701.0
RTE-02029,VEH-0041,Drone,2025-04-21,"ORD-010162,ORD-009144,ORD-007507,ORD-008559,ORD-013665,ORD-011697,ORD-007914",81.33,50.9,301.4,622.9,7,7,46.56,,7,46.56
RTE-02030,VEH-0593,Truck,2025-05-31,"ORD-011384,ORD-008940,ORD-012690,ORD-009294",261.62,115.45,286.7,35.8,4,4,48.07,DRV-0820,8,48.07
RTE-02031,VEH-0555,Van,2024-01-30,"ORD-014519,ORD-008516",382.63,361.7,387.0,447.9,2,2,2148.0 Wh,DRV-0335,6,2148.0
RTE-02032,VEH-0682,Truck,2025-01-22,"ORD-002523,ORD-002266",130.97,291.89,163.4,527.4,2,2,807.0 Wh,DRV-0477,14,807.0
RTE-02033,VEH-0017,Drone,2024-03-11,"ORD-011564,ORD-002777,ORD-013894,ORD-006740,ORD-006663,ORD-013763,ORD-001983,ORD-011004",324.3,275.42,323.2,715.8,8,8,1265.0 Wh,,5,1265.0
RTE-02034,VEH-0093,Drone,2024-03-17,ORD-000055,24.72,315.49,38.8,596.6,1,1,44.44,,10,44.44
RTE-02035,VEH-0442,Van,2025-04-08,"ORD-009864,ORD-014317",402.13,328.61,496.5,137.9,2,2,516.0 Wh,DRV-0175,4,516.0
RTE-02036,VEH-0520,Van,2024-05-07,"ORD-007209,ORD-006349,ORD-010756,ORD-007938",362.87,379.02,683.8,373.2,4,4,18.04 L,DRV-0492,6,18.04
RTE-02037,VEH-0257,Bike,2024-12-02,"ORD-009857,ORD-006225",379.35,3.84,224.8,69.5,2,2,35.27 L,DRV-0240,6,35.27
RTE-02038,VEH-0105,Drone,2024-02-21,"ORD-014270,ORD-006776,ORD-009456,ORD-001067,ORD-008194,ORD-011011,ORD-010693,ORD-011188,ORD-014687",193.55,15.92,460.6,652.6,9,9,2053.0 Wh,,3,2053.0
RTE-02039,VEH-0264,Bike,2024-01-18,"ORD-013011,ORD-009300,ORD-001810,ORD-008211,ORD-014840,ORD-013090,ORD-012397,ORD-007304",188.19,255.37,52.8,196.6,8,8,1774.0 Wh,DRV-0085,7,1774.0
RTE-02040,VEH-0540,Van,2024-01-30,"ORD-007618,ORD-008110,ORD-001384,ORD-003557,ORD-001817",393.74,396.31,553.4,616.7,5,5,28.3 L,DRV-0514,7,28.3
RTE-02041,VEH-0093,Drone,2024-06-10,"ORD-012238,ORD-009013,ORD-011866,ORD-007732,ORD-010657,ORD-012744,ORD-011717,ORD-012063,ORD-007795",274.46,131.41,598.1,413.7,9,9,543.0 Wh,,7,543.0
RTE-02042,VEH-0595,Truck,2024-03-30,"ORD-009541,ORD-001573,ORD-004773,ORD-013705,ORD-013230,ORD-013727,ORD-005381,ORD-013730",320.12,173.93,343.1,86.7,8,8,50.94,DRV-0677,5,50.94
RTE-02043,VEH-0211,Bike,2024-01-23,"ORD-012410,ORD-010145,ORD-012786,ORD-009445",35.77,130.98,678.0,778.0,4,4,313.0 Wh,DRV-0740,10,313.0
RTE-02044,VEH-0619,Truck,2024-09-11,"ORD-004796,ORD-014462,ORD-012642,ORD-006023,ORD-002687,ORD-009683,ORD-000814",306.95,,29.7,301.4,7,7,1357.0 Wh,DRV-0210,5,1357.0
RTE-02045,VEH-0445,Van,2024-10-06,"ORD-009048,ORD-005207,ORD-011915,ORD-014434,ORD-004111,ORD-012389,ORD-007943,ORD-007551,ORD-003179",175.67,21.75,519.9,599.0,9,9,1480.0 Wh,DRV-0042,11,1480.0
RTE-02046,VEH-0141,Bike,2024-09-20,"ORD-010062,ORD-004480,ORD-010831,ORD-006073,ORD-008337",68.81,54.69,287.7,731.3,5,5,1609.0 Wh,DRV-0479,8,1609.0
RTE-02047,VEH-0102,Drone,2025-01-24,"ORD-006384,ORD-004958,ORD-006464,ORD-005190,ORD-009348,ORD-007188,ORD-001735,ORD-014714",269.78,405.1,180.7,98.2,8,8,47.78,,5,47.78
RTE-02048,VEH-0368,Bike,2024-02-23,ORD-003117,321.67,74.69,680.7,607.4,1,0,362.0 Wh,DRV-0090,14,362.0
RTE-02049,VEH-0589,Truck,2024-10-22,"ORD-011406,ORD-005031,ORD-009608,ORD-013709,ORD-007258,ORD-010877",322.9,176.71,272.1,366.7,6,6,201.0 Wh,DRV-0336,3,201.0
RTE-02050,VEH-0650,Truck,2024-08-24,"ORD-009941,ORD-014861",342.54,396.84,456.9,444.9,2,2,923.0 Wh,DRV-0147,14,923.0
RTE-02051,VEH-0434,Van,2024-04-27,"ORD-010283,ORD-013419,ORD-012151",400.82,301.08,407.2,511.0,3,3,668.0 Wh,DRV-0587,8,668.0
RTE-02052,VEH-0023,Drone,2024-02-13,ORD-011020,68.96,267.27,614.7,80.2,1,1,34.37,,3,34.37
RTE-02053,VEH-0359,Bike,2024-05-19,"ORD-004220,ORD-012369,ORD-013436,ORD-004634,ORD-011399,ORD-004334,ORD-011187",384.22,29.58,252.8,478.4,7,7,30.63 L,DRV-0215,3,30.63
RTE-02054,VEH-0057,Drone,2025-03-24,"ORD-007284,ORD-011685,ORD-014647,ORD-009292,ORD-007377,ORD-012334,ORD-012165,ORD-002089,ORD-012746",149.35,51.75,254.5,720.5,9,9,42.16 L,,0,42.16
RTE-02055,VEH-0510,Van,2024-07-24,"ORD-000786,ORD-003788,ORD-006439,ORD-006064,ORD-009994",167.3,,401.9,166.2,5,5,2120.0 Wh,DRV-0277,13,2120.0
RTE-02056,VEH-0140,Drone,2024-04-12,ORD-013032,71.32,234.74,380.9,53.4,1,1,742.0 Wh,,4,742.0
RTE-02057,VEH-0643,Truck,2025-01-23,"ORD-007637,ORD-013521,ORD-003673,ORD-009307",140.34,184.95,240.3,289.6,4,4,47.17,DRV-0646,14,47.17
RTE-02058,VEH-0479,Van,2024-01-07,"ORD-013452,ORD-002796,ORD-012433,ORD-010292,ORD-002239",249.43,134.37,57.2,631.1,5,5,3.22 L,DRV-0835,10,3.22
RTE-02059,VEH-0518,Van,2025-01-25,"ORD-014574,ORD-014642",58.2,242.18,611.0,748.3,2,2,4.39 L,DRV-0366,3,4.39
RTE-02060,VEH-0470,Van,2024-01-02,"ORD-012577,ORD-011189,ORD-008178",104.83,60.58,242.7,241.3,3,2,16.13 L,DRV-0667,9,16.13
RTE-02061,VEH-0210,Bike,2024-06-22,"ORD-005823,ORD-005504,ORD-010214,ORD-013261",250.42,196.59,223.8,581.1,4,4,1128.0 Wh,DRV-0303,13,1128.0
RTE-02062,VEH-0423,Van,2025-02-12,ORD-000026,387.86,319.92,453.0,659.9,1,1,1259.0 Wh,DRV-0202,0,1259.0
RTE-02063,VEH-0556,Van,2024-07-08,"ORD-006270,ORD-005758,ORD-012148,ORD-002260,ORD-007660,ORD-009953,ORD-012895,ORD-006126,ORD-009921",324.42,324.01,167.7,554.0,9,9,17.18,DRV-0251,13,17.18
RTE-02064,VEH-0074,Drone,2025-02-19,"ORD-011270,ORD-012826,ORD-011302",90.03,249.83,617.4,552.3,3,3,6.24 L,,7,6.24
RTE-02065,VEH-0209,Bike,2024-08-16,"ORD-002707,ORD-014078,ORD-006196,ORD-013242,ORD-014011,ORD-013773,ORD-014393,ORD-012417,ORD-012049",47.7,171.81,287.8,747.6,9,9,33.66 L,DRV-0012,9,33.66
RTE-02066,VEH-0193,Bike,2024-06-08,"ORD-008065,ORD-003935",260.16,392.85,615.6,189.7,2,2,1481.0 Wh,DRV-0148,0,1481.0
RTE-02067,VEH-0470,Van,2024-04-15,"ORD-003922,ORD-008787,ORD-014180,ORD-009405,ORD-001884,ORD-004323,ORD-004057,ORD-002318,ORD-010455",260.95,50.79,388.3,401.2,9,9,52.04,DRV-0583,5,52.04
RTE-02068,VEH-0658,Truck,2024-06-01,"ORD-004585,ORD-000981,ORD-005439,ORD-012105,ORD-009626,ORD-001678,ORD-009736,ORD-011739",3.44,404.78,103.4,464.2,8,8,7.39 L,DRV-0900,13,7.39
RTE-02069,VEH-0116,Drone,2024-06-18,"ORD-003098,ORD-001008,ORD-003550,ORD-006690,ORD-014515,ORD-009014,ORD-004167",248.64,383.26,491.8,395.8,7,7,3.75 L,,10,3.75
RTE-02070,VEH-0155,Bike,2025-04-12,"ORD-009724,ORD-014238,ORD-006866,ORD-000106,ORD-008223,ORD-005089,ORD-000982,ORD-014064,ORD-000835",38.85,413.42,415.4,133.1,9,9,1188.0 Wh,DRV-0418,6,1188.0
RTE-02071,VEH-0125,Drone,2024-01-22,ORD-005113,216.28,338.06,653.8,608.4,1,1,874.0 Wh,,10,874.0
RTE-02072,VEH-0618,Truck,2024-12-17,"ORD-011782,ORD-009848,ORD-007672,ORD-005418,ORD-010180,ORD-010045,ORD-014446,ORD-000225",154.02,102.06,593.4,108.3,8,8,32.62 L,DRV-0687,8,32.62
RTE-02073,VEH-0173,Bike,2024-03-24,"ORD-013502,ORD-001374,ORD-006114,ORD-009086,ORD-012450,ORD-002639",19.98,28.73,501.7,190.6,6,6,2033.0 Wh,DRV-0369,10,2033.0
RTE-02074,VEH-0489,Van,2025-05-26,"ORD-013079,ORD-007871,ORD-013439,ORD-000635",318.15,145.65,32.8,320.8,4,4,51.39 L,DRV-0472,4,51.39
RTE-02075,VEH-0126,Drone,2024-09-09,"ORD-012420,ORD-004985",103.71,421.51,700.0,80.2,2,2,57.9,,14,57.9
RTE-02076,VEH-0185,Bike,2024-12-04,"ORD-002405,ORD-001773,ORD-003671,ORD-011287,ORD-002010,ORD-003760,ORD-000185",185.96,,559.3,224.8,7,7,2043.0 Wh,DRV-0288,7,2043.0
RTE-02077,VEH-0653,Truck,2025-01-14,"ORD-014525,ORD-006651,ORD-009592,ORD-004161,ORD-007499,ORD-014645,ORD-001385,ORD-013871,ORD-000744",178.05,211.57,696.7,468.0,9,9,3.02 L,DRV-0449,8,3.02
RTE-02078,VEH-0588,Truck,2024-04-20,"ORD-014491,ORD-000110,ORD-000914,ORD-000677,ORD-011704",385.49,233.78,691.4,642.5,5,5,17.59 L,DRV-0351,10,17.59
RTE-02079,VEH-0397,Bike,2024-03-01,ORD-007352,267.67,360.19,427.2,758.6,1,1,41.17,DRV-0456,8,41.17
RTE-02080,VEH-0301,Bike,2024-12-14,"ORD-014327,ORD-011449,ORD-004353,ORD-011721,ORD-009439,ORD-004227",391.5,182.1,611.9,717.4,6,6,49.24,DRV-0010,8,49.24
RTE-02081,VEH-0348,Bike,2024-01-09,"ORD-004765,ORD-013430,ORD-005676,ORD-008653,ORD-003609,ORD-011834,ORD-012049,ORD-005116",376.42,191.73,133.4,267.2,8,8,39.15,DRV-0585,13,39.15
RTE-02082,VEH-0614,Truck,2024-05-25,"ORD-000318,ORD-003141,ORD-005414,ORD-003704,ORD-007090,ORD-003861,ORD-006137,ORD-009632",110.9,,387.3,743.7,8,8,50.95 L,DRV-0788,13,50.95
RTE-02083,VEH-0438,Van,2024-09-11,"ORD-010145,ORD-013341,ORD-008402,ORD-011685",396.73,227.92,145.2,730.4,4,4,432.0 Wh,DRV-0335,8,432.0
RTE-02084,VEH-0302,Bike,2025-06-21,"ORD-009818,ORD-003744",102.8,241.72,323.2,598.1,2,2,1871.0 Wh,DRV-0145,5,1871.0
RTE-02085,VEH-0516,Van,2025-05-10,"ORD-000803,ORD-014900,ORD-005073,ORD-011964,ORD-007040,ORD-014077,ORD-001867,ORD-011421,ORD-000291",77.72,344.61,590.7,658.3,9,9,42.43,DRV-0473,9,42.43
RTE-02086,VEH-0454,Van,2025-01-03,"ORD-007650,ORD-000839,ORD-011705,ORD-012196,ORD-006708",334.09,184.49,676.0,101.1,5,5,1667.0 Wh,DRV-0725,14,1667.0
RTE-02087,VEH-0522,Van,2025-04-10,"ORD-009664,ORD-001359,ORD-003008,ORD-001570",76.43,267.19,400.9,308.8,4,4,2187.0 Wh,DRV-0770,0,2187.0
RTE-02088,VEH-0417,Van,2024-10-03,"ORD-009617,ORD-008995,ORD-007548,ORD-011229,ORD-005330",137.54,115.99,119.4,789.6,5,5,567.0 Wh,DRV-0660,12,567.0
RTE-02089,VEH-0492,Van,2024-01-12,"ORD-004142,ORD-008681,ORD-012760,ORD-007531,ORD-006077",301.92,70.36,42.4,647.7,5,5,37.33,DRV-0091,4,37.33
RTE-02090,VEH-0507,Van,2024-03-31,"ORD-008598,ORD-011255,ORD-008752,ORD-007099,ORD-000708,ORD-005144,ORD-012196,ORD-000580,ORD-006459",368.26,320.94,58.3,371.5,9,9,32.26 L,DRV-0680,7,32.26
RTE-02091,VEH-0129,Drone,2025-01-16,ORD-006377,85.75,65.37,440.8,193.8,1,1,1493.0 Wh,,14,1493.0
RTE-02092,VEH-0578,Van,2024-07-05,"ORD-008785,ORD-014250,ORD-008619,ORD-013212,ORD-011554,ORD-006578",415.85,46.36,505.5,354.6,6,5,1495.0 Wh,DRV-0397,14,1495.0
RTE-02093,VEH-0586,Truck,2024-11-03,"ORD-004866,ORD-007169",348.92,313.85,500.9,372.6,2,2,5.03 L,DRV-0549,10,5.03
RTE-02094,VEH-0058,Drone,2025-05-08,"ORD-001150,ORD-005794,ORD-004802",142.43,136.06,473.9,671.1,3,3,1965.0 Wh,,5,1965.0
RTE-02095,VEH-0601,Truck,2025-02-05,"ORD-014130,ORD-006212,ORD-010090,ORD-007383,ORD-004957,ORD-012623,ORD-013840",317.85,362.68,245.3,432.3,7,7,13.62,DRV-0245,11,13.62
RTE-02096,VEH-0396,Bike,2024-04-17,"ORD-009015,ORD-010440,ORD-013934",409.07,385.24,284.8,729.2,3,3,53.83 L,DRV-0617,8,53.83
RTE-02097,VEH-0698,Truck,2024-05-18,"ORD-012950,ORD-001269,ORD-014859",158.12,134.8,679.7,621.4,3,3,1849.0 Wh,DRV-0474,9,1849.0
RTE-02098,VEH-0563,Van,2024-02-19,ORD-006195,285.04,317.04,96.9,398.2,1,1,761.0 Wh,DRV-0347,3,761.0
RTE-02099,VEH-0292,Bike,2024-05-12,"ORD-002940,ORD-000633,ORD-008709,ORD-008197,ORD-013674,ORD-014995,ORD-008959",251.39,412.13,82.1,300.8,7,7,11.63,DRV-0362,4,11.63
RTE-02100,VEH-0584,Truck,2024-07-28,"ORD-007053,ORD-009095,ORD-009781,ORD-006478,ORD-014270",248.11,159.08,193.3,526.9,5,5,0.7,DRV-0413,6,0.7
RTE-02101,VEH-0029,Drone,2024-06-04,"ORD-006458,ORD-002743,ORD-006555,ORD-012693,ORD-004636",80.2,4.03,182.1,175.6,5,5,7.78 L,,9,7.78
RTE-02102,VEH-0522,Van,2024-08-27,"ORD-002898,ORD-011856,ORD-000825,ORD-001020,ORD-012780,ORD-014078,ORD-013385",129.78,262.86,221.8,217.4,7,7,1909.0 Wh,DRV-0200,10,1909.0
RTE-02103,VEH-0499,Van,2025-06-17,"ORD-014547,ORD-005729,ORD-006989,ORD-005870,ORD-008445,ORD-008833,ORD-014153,ORD-010683",202.28,191.11,67.5,360.4,8,8,53.93,DRV-0448,7,53.93
RTE-02104,VEH-0042,Drone,2024-04-03,"ORD-004369,ORD-006559,ORD-014364,ORD-009253,ORD-014780,ORD-007124",14.06,206.1,66.1,502.1,6,6,39.02,,10,39.02
RTE-02105,VEH-0064,Drone,2024-02-10,"ORD-004724,ORD-007954,ORD-004858",173.83,405.8,65.3,34.1,3,2,1589.0 Wh,,3,1589.0
RTE-02106,VEH-0117,Drone,2024-07-14,"ORD-005870,ORD-002923,ORD-009148,ORD-000038,ORD-014704",63.41,348.14,157.4,330.0,5,5,6.01,,5,6.01
RTE-02107,VEH-0045,Drone,2024-07-21,"ORD-008985,ORD-009905,ORD-007490",246.7,409.19,325.1,77.3,3,3,42.75 L,,7,42.75
RTE-02108,VEH-0138,Drone,2025-01-19,"ORD-010041,ORD-006319,ORD-006655,ORD-003249,ORD-014555,ORD-008335,ORD-003623",206.31,408.61,501.2,659.7,7,6,484.0 Wh,,11,484.0
RTE-02109,VEH-0312,Bike,2025-03-26,"ORD-011887,ORD-014810,ORD-000700",354.36,216.11,63.7,576.6,3,3,21.58 L,DRV-0845,7,21.58
RTE-02110,VEH-0144,Bike,2024-12-20,"ORD-005382,ORD-009107,ORD-013320,ORD-002549,ORD-008183",121.17,373.65,353.2,199.4,5,5,3.84 L,DRV-0492,8,3.84
RTE-02111,VEH-0108,Drone,2025-05-22,ORD-002616,83.52,61.55,505.9,22.8,1,1,5.76,,6,5.76
RTE-02112,VEH-0627,Truck,2024-12-12,"ORD-014621,ORD-010283,ORD-003280,ORD-006836",59.51,283.88,179.6,122.6,4,4,1840.0 Wh,DRV-0736,7,1840.0
RTE-02113,VEH-0077,Drone,2025-02-14,"ORD-005720,ORD-014780,ORD-009952,ORD-013656,ORD-011988",151.82,290.76,155.0,343.8,5,4,9.71 L,,8,9.71
RTE-02114,VEH-0619,Truck,2025-05-23,"ORD-001067,ORD-002976,ORD-010655,ORD-005498,ORD-011633,ORD-000450,ORD-012518,ORD-006708,ORD-007059",142.77,333.27,494.9,760.8,9,9,52.44,DRV-0471,7,52.44
RTE-02115,VEH-0047,Drone,2025-03-12,"ORD-010482,ORD-013324,ORD-009394,ORD-001129,ORD-012627,ORD-008102,ORD-007613",396.34,150.45,116.8,17.4,7,7,53.23 L,,11,53.23
RTE-02116,VEH-0394,Bike,2025-03-05,"ORD-014318,ORD-002218,ORD-014870,ORD-012905",18.0,268.57,297.9,520.4,4,3,52.28,DRV-0432,12,52.28
RTE-02117,VEH-0509,Van,2024-07-26,"ORD-003382,ORD-009643,ORD-007416,ORD-004251,ORD-002298",138.02,348.03,659.7,207.7,5,5,44.89,DRV-0671,4,44.89
RTE-02118,VEH-0406,Van,2024-11-15,"ORD-001774,ORD-010397,ORD-013473,ORD-010546",19.06,206.38,77.7,502.1,4,4,1796.0 Wh,DRV-0345,13,1796.0
RTE-02119,VEH-0644,Truck,2024-11-07,"ORD-010935,ORD-011029,ORD-014887,ORD-005114",310.1,50.69,465.0,304.0,4,4,5.6,DRV-0528,9,5.6
RTE-02120,VEH-0608,Truck,2024-05-09,"ORD-006802,ORD-012632,ORD-010404,ORD-003499,ORD-001269,ORD-002332",147.19,161.33,357.7,252.5,6,6,31.32,DRV-0116,8,31.32
RTE-02121,VEH-0465,Van,2024-09-01,"ORD-002641,ORD-000101,ORD-013814",92.11,197.7,47.0,429.6,3,3,24.33,DRV-0419,10,24.33
RTE-02122,VEH-0036,Drone,2024-12-19,"ORD-011691,ORD-011734,ORD-005663,ORD-001362,ORD-014885",320.93,321.63,654.2,357.9,5,5,24.58,,13,24.58
RTE-02123,VEH-0276,Bike,2025-03-17,ORD-010742,382.0,288.32,186.3,617.6,1,1,53.03 L,DRV-0311,9,53.03
RTE-02124,VEH-0481,Van,2025-05-28,"ORD-010925,ORD-010699,ORD-009368",323.33,280.06,29.2,472.6,3,3,57.18 L,DRV-0861,6,57.18
RTE-02125,VEH-0099,Drone,2024-11-12,"ORD-005138,ORD-013585,ORD-000761,ORD-006977,ORD-000326,ORD-000455,ORD-001398,ORD-006549",98.75,172.19,518.6,629.8,8,8,56.9,,6,56.9
RTE-02126,VEH-0512,Van,2024-02-16,"ORD-001910,ORD-005878,ORD-010721,ORD-003344,ORD-008899",192.87,331.07,327.7,62.9,5,3,1330.0 Wh,DRV-0805,7,1330.0
RTE-02127,VEH-0365,Bike,2024-11-29,"ORD-005132,ORD-006779,ORD-002018,ORD-009740",250.71,144.2,282.1,743.3,4,4,10.92 L,DRV-0020,9,10.92
RTE-02128,VEH-0441,Van,2025-02-23,"ORD-009196,ORD-002265,ORD-005017,ORD-001598,ORD-012610",26.21,32.44,645.3,351.7,5,5,2110.0 Wh,DRV-0078,12,2110.0
RTE-02129,VEH-0630,Truck,2024-04-19,"ORD-001564,ORD-006268,ORD-010096,ORD-010946",58.56,329.82,124.6,680.2,4,4,1178.0 Wh,DRV-0485,12,1178.0
RTE-02130,VEH-0550,Van,2024-06-10,ORD-009815,93.45,175.64,156.8,467.7,1,1,51.64,DRV-0125,9,51.64
RTE-02131,VEH-0543,Van,2024-02-23,"ORD-011773,ORD-006041,ORD-013891,ORD-012095,ORD-000194,ORD-005108,ORD-003273,ORD-012380,ORD-001856",14.44,23.91,475.7,433.3,9,9,1242.0 Wh,DRV-0069,7,1242.0
RTE-02132,VEH-0142,Bike,2025-02-03,"ORD-007269,ORD-001983,ORD-002966",170.53,222.53,456.9,737.8,3,3,58.58,DRV-0149,12,58.58
RTE-02133,VEH-0528,Van,2025-05-31,ORD-011550,46.1,332.02,685.7,641.6,1,1,26.31 L,DRV-0435,5,26.31
RTE-02134,VEH-0617,Truck,2024-09-23,"ORD-013399,ORD-009984,ORD-012408,ORD-012779,ORD-008964,ORD-013878,ORD-004675,ORD-007668",377.04,3.69,392.6,331.1,8,8,13.86 L,DRV-0252,12,13.86
RTE-02135,VEH-0014,Drone,2025-03-08,"ORD-009818,ORD-012472,ORD-004562",300.96,305.14,646.1,62.6,3,3,59.78,,11,59.78
RTE-02136,VEH-0591,Truck,2024-01-19,"ORD-001887,ORD-004548,ORD-005280,ORD-014968,ORD-014973,ORD-008524,ORD-008232,ORD-013665,ORD-008256",71.2,347.17,372.2,274.9,9,9,2.97 L,DRV-0317,5,2.97
RTE-02137,VEH-0479,Van,2025-06-13,ORD-009368,275.84,310.22,142.2,311.1,1,1,1313.0 Wh,DRV-0053,12,1313.0
RTE-02138,VEH-0232,Bike,2025-06-30,"ORD-003020,ORD-008241,ORD-004315",13.54,234.58,146.4,241.2,3,3,57.06 L,DRV-0437,3,57.06
RTE-02139,VEH-0557,Van,2024-01-14,"ORD-005377,ORD-009644,ORD-003983,ORD-004431,ORD-004139,ORD-002144,ORD-008322",10.41,233.24,563.4,419.5,7,7,4.75 L,DRV-0069,6,4.75
RTE-02140,VEH-0692,Truck,2024-03-22,"ORD-012320,ORD-004640,ORD-002356,ORD-009298",340.99,384.02,646.2,417.5,4,3,386.0 Wh,DRV-0381,12,386.0
RTE-02141,VEH-0445,Van,2024-12-30,"ORD-013767,ORD-013153,ORD-009680",222.74,128.53,370.0,305.0,3,3,619.0 Wh,DRV-0141,6,619.0
RTE-02142,VEH-0208,Bike,2025-01-06,"ORD-003880,ORD-013195,ORD-009686,ORD-014448,ORD-001568,ORD-003445,ORD-005903,ORD-013356",409.7,372.59,631.5,524.6,8,8,29.6 L,DRV-0233,3,29.6
RTE-02143,VEH-0585,Truck,2024-10-08,"ORD-003190,ORD-001046,ORD-002438,ORD-011626,ORD-001585,ORD-010398,ORD-008320",112.34,172.68,617.3,454.4,7,7,4.2 L,DRV-0262,3,4.2
RTE-02144,VEH-0525,Van,2024-09-20,"ORD-005831,ORD-006912,ORD-010143,ORD-007576,ORD-009707,ORD-002221,ORD-006206,ORD-014558,ORD-005431",370.33,386.15,16.7,181.2,9,9,27.29 L,DRV-0563,4,27.29
RTE-02145,VEH-0054,Drone,2025-04-01,"ORD-006240,ORD-001138,ORD-007300,ORD-009755,ORD-000012,ORD-000111,ORD-005853,ORD-000692,ORD-006216",287.04,304.27,364.6,709.5,9,9,39.18 L,,8,39.18
RTE-02146,VEH-0384,Bike,2024-07-12,"ORD-009342,ORD-001573,ORD-002532",330.37,133.25,370.1,87.1,3,3,2024.0 Wh,DRV-0264,11,2024.0
RTE-02147,VEH-0628,Truck,2024-02-22,"ORD-012111,ORD-011393,ORD-007244",61.31,41.94,155.3,764.8,3,3,11.6 L,DRV-0479,4,11.6
RTE-02148,VEH-0493,Van,2025-03-20,"ORD-010936,ORD-014076,ORD-014484,ORD-009024,ORD-013505,ORD-014365,ORD-005216",352.4,416.34,643.0,140.0,7,7,1427.0 Wh,DRV-0620,7,1427.0
RTE-02149,VEH-0330,Bike,2024-02-06,"ORD-003915,ORD-007787,ORD-011883,ORD-013630,ORD-001211,ORD-006732,ORD-005358",38.5,75.42,590.4,752.4,7,7,11.72,DRV-0536,9,11.72
RTE-02150,VEH-0420,Van,2024-08-13,"ORD-001395,ORD-000448,ORD-002742,ORD-002549",152.69,95.43,184.5,469.1,4,4,37.53,DRV-0600,9,37.53
RTE-02151,VEH-0295,Bike,2025-04-09,"ORD-012755,ORD-003713,ORD-011982",207.81,447.69,270.1,57.4,3,3,33.18,DRV-0421,13,33.18
RTE-02152,VEH-0624,Truck,2025-05-07,"ORD-012293,ORD-001503",214.99,395.98,140.2,377.4,2,2,4.16,DRV-0200,6,4.16
RTE-02153,VEH-0331,Bike,2024-02-02,"ORD-014608,ORD-008618,ORD-009319,ORD-004250,ORD-011075,ORD-013702,ORD-000952,ORD-007953",124.25,411.94,219.7,656.8,8,8,1586.0 Wh,DRV-0515,6,1586.0
RTE-02154,VEH-0360,Bike,2024-11-08,"ORD-003293,ORD-011183",150.89,287.69,652.7,380.6,2,2,31.07 L,DRV-0055,3,31.07
RTE-02155,VEH-0211,Bike,2025-07-01,"ORD-008573,ORD-014114,ORD-001767,ORD-003400,ORD-006732,ORD-013171,ORD-002611,ORD-014413",286.87,424.33,699.6,661.7,8,8,2.41 L,DRV-0487,13,2.41
RTE-02156,VEH-0566,Van,2025-05-09,"ORD-014940,ORD-006993,ORD-005981,ORD-008769",242.98,164.14,690.1,28.3,4,4,43.99,DRV-0014,12,43.99
RTE-02157,VEH-0192,Bike,2025-03-26,"ORD-001655,ORD-006875,ORD-002988,ORD-007287",212.66,253.87,648.7,501.4,4,4,49.78,DRV-0374,6,49.78
RTE-02158,VEH-0610,Truck,2024-08-28,"ORD-000214,ORD-000938,ORD-012842",264.46,408.32,117.4,193.8,3,3,10.6 L,DRV-0712,6,10.6
RTE-02159,VEH-0286,Bike,2024-02-20,"ORD-012293,ORD-008465,ORD-002997,ORD-001823,ORD-000300,ORD-003381,ORD-009518,ORD-009618,ORD-002659",243.59,231.4,175.8,371.1,9,9,16.94,DRV-0815,9,16.94
RTE-02160,VEH-0079,Drone,2024-04-12,"ORD-013723,ORD-014105,ORD-003914,ORD-001979",159.25,104.93,566.0,572.3,4,3,57.96 L,,14,57.96
RTE-02161,VEH-0369,Bike,2025-02-23,"ORD-010029,ORD-008733,ORD-006172",259.61,231.09,369.3,531.0,3,3,8.73 L,DRV-0095,8,8.73
RTE-02162,VEH-0204,Bike,2024-03-27,"ORD-002317,ORD-004052,ORD-003713",315.45,291.7,249.7,741.3,3,3,6.72 L,DRV-0185,4,6.72
RTE-02163,VEH-0679,Truck,2024-09-11,"ORD-004928,ORD-001543,ORD-012491,ORD-014332,ORD-010539,ORD-001276",399.89,288.54,470.5,30.4,6,6,23.1 L,DRV-0470,13,23.1
RTE-02164,VEH-0106,Drone,2024-05-06,"ORD-003318,ORD-000678,ORD-008137",85.71,123.87,542.8,36.6,3,3,10.91 L,,10,10.91
RTE-02165,VEH-0602,Truck,2024-08-16,"ORD-009519,ORD-000006,ORD-007918,ORD-007224,ORD-004174,ORD-007141,ORD-005234",251.53,257.2,497.1,657.6,7,5,37.07 L,DRV-0659,4,37.07
RTE-02166,VEH-0470,Van,2024-12-24,"ORD-012460,ORD-000435,ORD-004937,ORD-005255,ORD-014714,ORD-003997",349.05,,235.9,208.8,6,6,2197.0 Wh,DRV-0393,14,2197.0
RTE-02167,VEH-0037,Drone,2024-02-26,"ORD-003455,ORD-003285,ORD-012820,ORD-012412,ORD-000266,ORD-013737,ORD-009257",36.09,250.22,693.9,156.7,7,7,21.04,,6,21.04
RTE-02168,VEH-0356,Bike,2024-03-11,"ORD-006127,ORD-001795,ORD-012495",301.61,,663.6,685.8,3,3,58.77,DRV-0036,0,58.77
RTE-02169,VEH-0695,Truck,2024-03-05,"ORD-002598,ORD-009936,ORD-006096",130.13,186.71,543.8,276.8,3,3,1756.0 Wh,DRV-0888,14,1756.0
RTE-02170,VEH-0068,Drone,2024-04-15,"ORD-007061,ORD-013423",298.96,77.01,436.0,511.8,2,2,6.37 L,,6,6.37
RTE-02171,VEH-0503,Van,2024-01-24,"ORD-013625,ORD-014076,ORD-012400,ORD-010636,ORD-000923",287.21,72.57,325.0,592.7,5,5,12.73,DRV-0138,8,12.73
RTE-02172,VEH-0271,Bike,2024-11-16,"ORD-002469,ORD-003669,ORD-009633,ORD-009048,ORD-007536",222.54,345.36,360.2,46.4,5,5,24.77,DRV-0889,6,24.77
RTE-02173,VEH-0010,Drone,2024-05-30,"ORD-004791,ORD-011848,ORD-004463,ORD-012311",281.58,439.64,79.0,447.6,4,2,51.43 L,,14,51.43
RTE-02174,VEH-0042,Drone,2024-10-05,"ORD-011203,ORD-001274,ORD-005802,ORD-009871,ORD-002064,ORD-009386,ORD-009087",13.37,69.89,355.6,123.6,7,6,730.0 Wh,,7,730.0
RTE-02175,VEH-0684,Truck,2024-04-21,"ORD-000179,ORD-006431,ORD-007308,ORD-008872,ORD-008003,ORD-000889",49.58,212.37,51.1,730.3,6,5,44.21 L,DRV-0495,8,44.21
RTE-02176,VEH-0683,Truck,2025-06-10,"ORD-014042,ORD-008866,ORD-009601,ORD-003890,ORD-003014,ORD-001397",336.49,77.94,243.4,127.0,6,6,51.16 L,DRV-0242,7,51.16
RTE-02177,VEH-0161,Bike,2025-03-14,"ORD-014709,ORD-012336,ORD-008062,ORD-002047",67.74,147.39,468.7,17.5,4,3,39.91 L,DRV-0024,3,39.91
RTE-02178,VEH-0241,Bike,2024-06-21,"ORD-004566,ORD-008784,ORD-014113,ORD-003888,ORD-004822,ORD-011221,ORD-012304",332.85,121.56,254.4,715.2,7,6,18.88 L,DRV-0468,11,18.88
RTE-02179,VEH-0104,Drone,2025-01-11,"ORD-001501,ORD-013103",41.8,38.99,197.1,275.7,2,2,776.0 Wh,,5,776.0
RTE-02180,VEH-0560,Van,2024-03-08,"ORD-011951,ORD-014606,ORD-009727,ORD-009948,ORD-011763,ORD-007550,ORD-003763,ORD-012833",342.11,32.94,653.7,688.4,8,8,1972.0 Wh,DRV-0795,4,1972.0
RTE-02181,VEH-0325,Bike,2024-04-13,"ORD-006475,ORD-000801,ORD-014614,ORD-010785,ORD-001117,ORD-000804",418.57,147.08,255.2,525.1,6,6,19.48,DRV-0844,12,19.48
RTE-02182,VEH-0691,Truck,2024-06-30,ORD-005521,68.33,56.6,125.7,439.9,1,1,933.0 Wh,DRV-0453,4,933.0
RTE-02183,VEH-0324,Bike,2024-12-29,"ORD-012990,ORD-010840",220.49,78.46,498.1,34.5,2,2,331.0 Wh,DRV-0768,8,331.0
RTE-02184,VEH-0104,Drone,2025-03-28,"ORD-013786,ORD-012838,ORD-010980,ORD-006451,ORD-012621,ORD-013162",403.34,,490.6,50.2,6,6,1276.0 Wh,,12,1276.0
RTE-02185,VEH-0672,Truck,2024-12-05,"ORD-001060,ORD-008324,ORD-009086,ORD-004564,ORD-003060,ORD-005678,ORD-001752,ORD-001066",380.12,206.82,615.2,38.7,8,8,5.47 L,DRV-0430,11,5.47
RTE-02186,VEH-0597,Truck,2024-08-04,"ORD-001405,ORD-010283",351.96,387.57,252.1,226.1,2,2,654.0 Wh,DRV-0373,5,654.0
RTE-02187,VEH-0609,Truck,2024-01-10,"ORD-006034,ORD-014122,ORD-009370,ORD-014030,ORD-003484,ORD-007190",278.04,107.41,565.6,747.5,6,6,17.87 L,DRV-0560,5,17.87
RTE-02188,VEH-0066,Drone,2024-07-22,"ORD-003482,ORD-007277",391.35,197.54,512.9,141.7,2,2,1045.0 Wh,,9,1045.0
RTE-02189,VEH-0048,Drone,2025-01-15,"ORD-008237,ORD-001240,ORD-009540,ORD-008561,ORD-006431,ORD-004748,ORD-007717",19.01,182.61,339.4,327.2,7,6,41.15 L,,14,41.15
RTE-02190,VEH-0459,Van,2025-01-31,"ORD-012153,ORD-003348,ORD-006146,ORD-013245,ORD-007928,ORD-012626,ORD-004564",23.52,108.85,567.4,239.2,7,7,1373.0 Wh,DRV-0406,10,1373.0
RTE-02191,VEH-0686,Truck,2025-05-09,"ORD-008802,ORD-001387,ORD-000289,ORD-005383",67.59,122.87,241.9,334.5,4,4,1202.0 Wh,DRV-0271,9,1202.0
RTE-02192,VEH-0638,Truck,2024-06-09,"ORD-012568,ORD-012959,ORD-009016,ORD-012765,ORD-000493",3.43,280.04,146.1,504.1,5,5,13.18,DRV-0494,14,13.18
RTE-02193,VEH-0366,Bike,2024-03-10,"ORD-003011,ORD-009768,ORD-012759,ORD-010152,ORD-001417,ORD-007047",129.73,89.01,159.2,724.7,6,6,18.71 L,DRV-0036,7,18.71
RTE-02194,VEH-0210,Bike,2024-12-19,"ORD-012584,ORD-010022,ORD-013448",310.98,298.82,573.6,787.4,3,3,2077.0 Wh,DRV-0323,7,2077.0
RTE-02195,VEH-0117,Drone,2024-09-23,"ORD-012870,ORD-003034,ORD-014964,ORD-003707,ORD-004456,ORD-002960,ORD-013090,ORD-004827,ORD-010681",206.67,405.16,303.2,56.6,9,9,385.0 Wh,,7,385.0
RTE-02196,VEH-0219,Bike,2024-10-20,"ORD-007165,ORD-005889,ORD-004406,ORD-013869,ORD-014971,ORD-014847",15.21,146.64,672.7,742.5,6,5,25.49 L,DRV-0431,4,25.49
RTE-02197,VEH-0065,Drone,2024-09-16,"ORD-001588,ORD-001218,ORD-010655,ORD-006810,ORD-006672,ORD-010916,ORD-004303",13.83,23.75,470.4,20.9,7,7,59.89,,13,59.89
RTE-02198,VEH-0080,Drone,2024-09-20,"ORD-005106,ORD-014967,ORD-005640",395.41,421.63,484.8,318.0,3,3,808.0 Wh,,10,808.0
RTE-02199,VEH-0218,Bike,2025-01-29,"ORD-000211,ORD-004320,ORD-003985,ORD-012756,ORD-007847,ORD-007069,ORD-003899",73.96,165.02,235.4,633.8,7,7,59.76,DRV-0413,13,59.76
RTE-02200,VEH-0615,Truck,2024-08-28,"ORD-004347,ORD-004716,ORD-005606,ORD-011457,ORD-008677,ORD-004795,ORD-008520",377.52,85.43,613.3,635.8,7,7,1115.0 Wh,DRV-0671,7,1115.0
RTE-02201,VEH-0487,Van,2024-05-24,"ORD-005749,ORD-013302,ORD-011181,ORD-011174,ORD-013982,ORD-008199",407.58,328.16,693.9,373.2,6,6,405.0 Wh,DRV-0434,9,405.0
RTE-02202,VEH-0485,Van,2025-01-25,"ORD-006359,ORD-006128,ORD-003054",221.97,130.02,24.2,473.8,3,3,5.94 L,DRV-0684,6,5.94
RTE-02203,VEH-0525,Van,2024-03-24,ORD-011733,277.8,243.11,397.0,187.3,1,0,47.77 L,DRV-0751,9,47.77
RTE-02204,VEH-0332,Bike,2025-06-03,"ORD-008124,ORD-009396,ORD-001533,ORD-011825,ORD-006095,ORD-011619,ORD-012768,ORD-013732",121.53,50.19,315.7,612.0,8,8,1439.0 Wh,DRV-0497,13,1439.0
RTE-02205,VEH-0691,Truck,2024-10-27,"ORD-009282,ORD-010226,ORD-013554,ORD-003574,ORD-003498,ORD-007623,ORD-004105",219.29,208.11,271.6,97.3,7,7,16.57,DRV-0343,3,16.57
RTE-02206,VEH-0325,Bike,2024-12-12,"ORD-002639,ORD-014937,ORD-001891,ORD-002952,ORD-006728,ORD-001544,ORD-014595",249.75,35.77,65.1,311.2,7,6,1426.0 Wh,DRV-0214,12,1426.0
RTE-02207,VEH-0674,Truck,2025-03-16,"ORD-001970,ORD-002611,ORD-004738,ORD-001934,ORD-012847,ORD-004412,ORD-003546",417.3,294.33,418.3,488.1,7,6,26.71,DRV-0770,11,26.71
RTE-02208,VEH-0084,Drone,2025-02-10,"ORD-008141,ORD-002592,ORD-011153,ORD-009399,ORD-012604,ORD-012124,ORD-010651,ORD-000221,ORD-002712",83.61,227.22,93.7,524.8,9,9,1530.0 Wh,,12,1530.0
RTE-02209,VEH-0116,Drone,2024-10-13,ORD-006488,124.75,113.88,387.7,23.8,1,1,910.0 Wh,,12,910.0
RTE-02210,VEH-0482,Van,2025-01-05,"ORD-012103,ORD-014577,ORD-008869,ORD-005473,ORD-009416,ORD-006349",387.19,425.63,235.4,609.4,6,6,1673.0 Wh,DRV-0855,11,1673.0
RTE-02211,VEH-0592,Truck,2025-06-09,"ORD-003064,ORD-002359,ORD-013552,ORD-001196,ORD-012356,ORD-007838",130.07,274.73,469.8,482.6,6,6,699.0 Wh,DRV-0078,9,699.0
RTE-02212,VEH-0608,Truck,2024-09-14,"ORD-014036,ORD-002261,ORD-000580,ORD-005515,ORD-003244,ORD-007266",112.42,145.93,449.9,485.9,6,5,38.76 L,DRV-0839,13,38.76
RTE-02213,VEH-0694,Truck,2025-02-13,"ORD-013211,ORD-010556",223.42,342.84,666.2,30.6,2,2,948.0 Wh,DRV-0339,13,948.0
RTE-02214,VEH-0527,Van,2025-01-05,"ORD-003957,ORD-000356",125.55,136.51,54.2,791.9,2,2,25.45,DRV-0577,11,25.45
RTE-02215,VEH-0615,Truck,2025-01-04,ORD-002048,201.03,,50.8,181.5,1,1,29.99,DRV-0456,3,29.99
RTE-02216,VEH-0345,Bike,2024-02-03,"ORD-011562,ORD-006156,ORD-013684,ORD-009035,ORD-011146",120.53,394.93,467.7,615.5,5,5,691.0 Wh,DRV-0544,3,691.0
RTE-02217,VEH-0430,Van,2024-09-30,"ORD-008752,ORD-002287,ORD-012522",416.05,331.24,640.8,634.3,3,3,5.36,DRV-0530,3,5.36
RTE-02218,VEH-0325,Bike,2025-02-16,ORD-003424,288.65,116.31,481.7,388.0,1,1,893.0 Wh,DRV-0837,6,893.0
RTE-02219,VEH-0393,Bike,2025-03-02,"ORD-004566,ORD-003017,ORD-001494",399.93,144.27,187.0,33.8,3,3,29.33 L,DRV-0679,11,29.33
RTE-02220,VEH-0008,Drone,2025-05-04,"ORD-001770,ORD-002224,ORD-009348,ORD-004855,ORD-008509,ORD-001836,ORD-009220,ORD-011997",109.46,,432.2,665.0,8,8,46.85 L,,5,46.85
RTE-02221,VEH-0226,Bike,2024-04-21,"ORD-005480,ORD-007430,ORD-006010,ORD-007468,ORD-008674",110.83,411.41,613.5,228.0,5,5,20.43 L,DRV-0157,13,20.43
RTE-02222,VEH-0691,Truck,2025-04-27,"ORD-006581,ORD-009246,ORD-002833,ORD-014752,ORD-011332,ORD-013671,ORD-003469,ORD-007880",389.02,346.96,355.6,375.9,8,8,11.96,DRV-0333,10,11.96
RTE-02223,VEH-0683,Truck,2024-09-17,"ORD-014850,ORD-009400,ORD-001654,ORD-010213,ORD-011055",171.94,120.42,167.0,759.5,5,5,58.82,DRV-0794,11,58.82
RTE-02224,VEH-0611,Truck,2025-05-14,"ORD-000967,ORD-011929,ORD-002371,ORD-000098,ORD-013424,ORD-003020",21.17,317.2,186.9,335.7,6,6,6.59,DRV-0265,4,6.59
RTE-02225,VEH-0022,Drone,2024-03-12,ORD-012620,338.7,315.14,427.9,482.5,1,0,1312.0 Wh,,9,1312.0
RTE-02226,VEH-0578,Van,2025-01-12,"ORD-004683,ORD-000999,ORD-007724",314.66,363.07,442.8,470.9,3,3,44.87 L,DRV-0114,4,44.87
RTE-02227,VEH-0218,Bike,2025-05-04,"ORD-004356,ORD-009561,ORD-004985,ORD-003269",181.7,390.04,291.4,126.9,4,4,32.51,DRV-0261,12,32.51
RTE-02228,VEH-0586,Truck,2024-04-27,"ORD-008547,ORD-006187,ORD-010256,ORD-011966,ORD-011307",139.84,49.11,670.9,92.0,5,5,41.43,DRV-0779,10,41.43
RTE-02229,VEH-0158,Bike,2024-09-24,"ORD-002716,ORD-004665,ORD-011378",171.54,78.71,631.7,799.6,3,3,7.3,DRV-0441,12,7.3
RTE-02230,VEH-0095,Drone,2024-03-08,"ORD-011289,ORD-004335,ORD-013214,ORD-002025,ORD-014362,ORD-003158,ORD-002252",93.46,419.47,412.6,555.1,7,7,43.79,,10,43.79
RTE-02231,VEH-0229,Bike,2025-02-08,"ORD-010008,ORD-011505,ORD-011736,ORD-007556,ORD-012530,ORD-008484,ORD-005943",63.58,222.97,288.1,185.3,7,6,1536.0 Wh,DRV-0099,8,1536.0
RTE-02232,VEH-0477,Van,2025-01-16,"ORD-009378,ORD-010230,ORD-002323,ORD-004474",97.79,105.06,417.4,495.7,4,4,15.33 L,DRV-0023,3,15.33
RTE-02233,VEH-0388,Bike,2024-07-08,"ORD-004601,ORD-005196,ORD-005023,ORD-011414,ORD-007059,ORD-001850,ORD-013944",233.89,429.55,508.5,619.2,7,7,1.68 L,DRV-0412,13,1.68
RTE-02234,VEH-0619,Truck,2025-01-10,"ORD-001945,ORD-002168,ORD-007474,ORD-001837,ORD-001947,ORD-005207,ORD-007452",107.65,293.6,652.8,288.6,7,7,16.15 L,DRV-0821,14,16.15
RTE-02235,VEH-0551,Van,2024-11-17,"ORD-010981,ORD-001673,ORD-012692,ORD-012869,ORD-001724,ORD-009783",384.82,396.32,636.5,402.3,6,5,1191.0 Wh,DRV-0884,12,1191.0
RTE-02236,VEH-0369,Bike,2024-07-05,"ORD-009273,ORD-007622,ORD-014737,ORD-000408,ORD-012027,ORD-013865,ORD-005661,ORD-005600",108.96,185.11,445.0,704.0,8,7,39.87,DRV-0133,12,39.87
RTE-02237,VEH-0240,Bike,2024-07-11,"ORD-006058,ORD-008293,ORD-010828,ORD-002900,ORD-011629,ORD-004933,ORD-003064,ORD-013374,ORD-008582",311.22,114.12,629.1,358.1,9,9,1344.0 Wh,DRV-0049,8,1344.0
RTE-02238,VEH-0686,Truck,2024-03-30,ORD-012101,411.88,18.11,149.5,32.4,1,1,4.72,DRV-0083,9,4.72
RTE-02239,VEH-0331,Bike,2024-03-09,"ORD-007448,ORD-005459,ORD-007084,ORD-010840",123.12,109.85,493.6,690.8,4,4,49.69,DRV-0566,0,49.69
RTE-02240,VEH-0043,Drone,2024-08-22,"ORD-008609,ORD-010879,ORD-010357,ORD-000390,ORD-007973,ORD-013519,ORD-000045",51.57,99.09,507.9,38.0,7,7,51.67 L,,7,51.67
RTE-02241,VEH-0479,Van,2025-06-16,"ORD-002336,ORD-013531,ORD-005972,ORD-011041,ORD-000277,ORD-006462,ORD-008250",232.96,137.74,678.0,46.4,7,6,13.93 L,DRV-0244,14,13.93
RTE-02242,VEH-0523,Van,2025-01-16,"ORD-013135,ORD-006011,ORD-001539,ORD-005827,ORD-002774,ORD-005072,ORD-005674",26.19,182.71,395.0,748.0,7,7,2148.0 Wh,DRV-0525,10,2148.0
RTE-02243,VEH-0123,Drone,2025-05-07,"ORD-009475,ORD-005385",261.78,,138.1,678.4,2,2,2134.0 Wh,,11,2134.0
RTE-02244,VEH-0557,Van,2024-03-17,"ORD-010573,ORD-009061,ORD-001852,ORD-006611,ORD-001273,ORD-004180,ORD-005494,ORD-002151,ORD-012647",136.7,423.01,69.4,323.0,9,9,20.86,DRV-0246,12,20.86
RTE-02245,VEH-0298,Bike,2024-11-25,"ORD-004764,ORD-007561,ORD-013656,ORD-000627,ORD-006330,ORD-014095",255.77,148.13,441.2,590.4,6,6,49.91,DRV-0668,4,49.91
RTE-02246,VEH-0567,Van,2025-02-15,"ORD-003800,ORD-012944",98.43,35.56,561.4,407.7,2,2,1586.0 Wh,DRV-0180,3,1586.0
RTE-02247,VEH-0436,Van,2024-01-12,ORD-012027,265.3,235.15,262.1,311.8,1,1,23.44 L,DRV-0502,3,23.44
RTE-02248,VEH-0081,Drone,2024-03-30,"ORD-007412,ORD-013659,ORD-001949,ORD-001193,ORD-006356,ORD-008352,ORD-008128",208.47,371.61,353.0,534.0,7,7,23.05,,14,23.05
RTE-02249,VEH-0594,Truck,2024-07-15,"ORD-006467,ORD-009646,ORD-012937",11.22,72.61,163.5,475.3,3,3,54.87 L,DRV-0737,12,54.87
RTE-02250,VEH-0584,Truck,2025-03-03,"ORD-014074,ORD-002755,ORD-005622,ORD-011172",165.15,299.27,87.8,233.9,4,4,16.97 L,DRV-0223,13,16.97
RTE-02251,VEH-0636,Truck,2024-12-14,"ORD-000884,ORD-002073,ORD-013493,ORD-008341,ORD-002830",417.88,,189.8,606.8,5,4,53.95 L,DRV-0551,5,53.95
RTE-02252,VEH-0490,Van,2024-08-03,ORD-010762,25.99,329.04,588.6,644.1,1,1,11.26,DRV-0764,13,11.26
RTE-02253,VEH-0405,Van,2024-03-08,"ORD-012588,ORD-006607,ORD-007817,ORD-010255",280.82,293.19,32.1,728.1,4,3,40.69,DRV-0128,5,40.69
RTE-02254,VEH-0221,Bike,2025-01-26,"ORD-005091,ORD-010005,ORD-013842,ORD-008474,ORD-000136,ORD-004191",59.72,343.71,365.6,761.3,6,5,35.77,DRV-0097,13,35.77
RTE-02255,VEH-0676,Truck,2024-06-30,"ORD-011274,ORD-011261,ORD-002962",222.41,136.31,235.2,614.2,3,3,1854.0 Wh,DRV-0438,11,1854.0
RTE-02256,VEH-0669,Truck,2024-11-14,"ORD-008945,ORD-008030,ORD-004563,ORD-012336,ORD-011306,ORD-013166,ORD-003710,ORD-013368",47.09,86.32,338.6,426.2,8,8,28.42 L,DRV-0207,3,28.42
RTE-02257,VEH-0523,Van,2025-02-12,"ORD-008827,ORD-014967,ORD-002250,ORD-012581,ORD-001847,ORD-009597",401.01,161.5,161.1,748.7,6,6,10.58 L,DRV-0551,5,10.58
RTE-02258,VEH-0422,Van,2024-12-09,"ORD-009890,ORD-008757,ORD-001781,ORD-009988,ORD-012304,ORD-009543,ORD-005556,ORD-006097,ORD-011872",47.9,413.1,315.9,560.6,9,9,432.0 Wh,DRV-0195,4,432.0
RTE-02259,VEH-0434,Van,2024-08-26,"ORD-009116,ORD-003440,ORD-000394,ORD-005848,ORD-012950,ORD-000379,ORD-010683,ORD-003635",192.84,220.45,294.4,55.0,8,8,54.3,DRV-0534,5,54.3
RTE-02260,VEH-0238,Bike,2024-11-27,"ORD-004621,ORD-002434,ORD-003310,ORD-013567,ORD-005854,ORD-009238",365.54,456.44,347.9,724.6,6,6,28.83 L,DRV-0351,7,28.83
RTE-02261,VEH-0690,Truck,2024-02-22,ORD-012679,69.66,120.33,398.0,534.7,1,1,1585.0 Wh,DRV-0314,12,1585.0
RTE-02262,VEH-0452,Van,2024-10-11,ORD-012485,161.68,256.52,332.3,334.4,1,1,28.27,DRV-0520,9,28.27
RTE-02263,VEH-0022,Drone,2024-05-03,"ORD-003258,ORD-002223,ORD-005054,ORD-001815,ORD-013349,ORD-010237,ORD-012372,ORD-000040,ORD-001825",275.18,296.32,321.1,227.9,9,9,730.0 Wh,,4,730.0
RTE-02264,VEH-0643,Truck,2025-06-16,"ORD-005222,ORD-014084,ORD-003269,ORD-008545,ORD-010995,ORD-003937,ORD-008956,ORD-001188,ORD-007155",90.88,130.25,434.1,377.1,9,9,1700.0 Wh,DRV-0561,10,1700.0
RTE-02265,VEH-0579,Van,2025-05-07,"ORD-008976,ORD-012134,ORD-013167,ORD-003533,ORD-004464,ORD-007760,ORD-004997,ORD-013834",340.79,243.72,491.6,703.2,8,8,300.0 Wh,DRV-0555,9,300.0
RTE-02266,VEH-0610,Truck,2025-05-30,"ORD-013286,ORD-010018,ORD-009920",293.68,161.45,451.8,439.2,3,3,29.99 L,DRV-0283,4,29.99
RTE-02267,VEH-0299,Bike,2024-07-21,"ORD-003528,ORD-005381,ORD-011950,ORD-005730,ORD-010760,ORD-010568,ORD-002892,ORD-009869,ORD-014216",42.63,313.27,205.0,797.2,9,9,14.81 L,DRV-0353,9,14.81
RTE-02268,VEH-0107,Drone,2024-04-29,"ORD-007742,ORD-002811,ORD-005391,ORD-011928,ORD-003163,ORD-011310,ORD-009324,ORD-002190,ORD-013856",105.36,292.1,651.3,293.6,9,7,714.0 Wh,,5,714.0
RTE-02269,VEH-0365,Bike,2025-02-22,"ORD-002776,ORD-006905,ORD-012473,ORD-010436,ORD-005748,ORD-001744",169.43,47.63,98.0,110.3,6,5,22.71 L,DRV-0589,9,22.71
RTE-02270,VEH-0106,Drone,2024-12-14,"ORD-000664,ORD-004408,ORD-008674,ORD-014046,ORD-011188,ORD-013126,ORD-013826,ORD-008192,ORD-005512",120.57,18.37,385.1,798.6,9,9,59.78 L,,8,59.78
RTE-02271,VEH-0463,Van,2024-01-10,"ORD-006017,ORD-011299,ORD-006481,ORD-003583,ORD-009456,ORD-003381,ORD-011461,ORD-006457,ORD-002590",143.2,,378.1,15.3,9,9,17.82 L,DRV-0807,4,17.82
RTE-02272,VEH-0288,Bike,2024-05-05,"ORD-011211,ORD-000560,ORD-014794,ORD-008302,ORD-001254,ORD-005302,ORD-014159",370.88,8.52,391.4,159.6,7,7,32.83 L,DRV-0559,9,32.83
RTE-02273,VEH-0115,Drone,2024-12-22,"ORD-005169,ORD-009771,ORD-006895,ORD-013114,ORD-005550,ORD-012259,ORD-007581",234.3,245.21,91.3,227.9,7,7,5.39 L,,5,5.39
RTE-02274,VEH-0162,Bike,2024-12-27,"ORD-014749,ORD-001011,ORD-001629,ORD-008951,ORD-003531,ORD-010161,ORD-002203,ORD-003706",294.76,105.76,384.9,126.0,8,8,56.41 L,DRV-0319,4,56.41
RTE-02275,VEH-0190,Bike,2024-09-17,"ORD-008366,ORD-001377,ORD-006446,ORD-010512",394.43,88.48,196.9,99.9,4,4,34.72 L,DRV-0780,0,34.72
RTE-02276,VEH-0610,Truck,2025-01-19,"ORD-004627,ORD-010679,ORD-001266,ORD-000346,ORD-001246,ORD-014580,ORD-003375,ORD-003987",379.07,79.85,40.0,519.2,8,8,12.83 L,DRV-0145,3,12.83
RTE-02277,VEH-0393,Bike,2024-11-28,"ORD-012966,ORD-001372",285.89,218.77,322.2,742.5,2,2,32.75 L,DRV-0694,3,32.75
RTE-02278,VEH-0528,Van,2025-01-17,"ORD-008881,ORD-000790,ORD-008344,ORD-004232",106.24,185.92,494.1,319.4,4,4,30.62 L,DRV-0258,13,30.62
RTE-02279,VEH-0086,Drone,2025-05-01,"ORD-004087,ORD-002212,ORD-007072,ORD-014401,ORD-004748,ORD-003180,ORD-006203,ORD-014525,ORD-010098",205.55,402.6,644.7,623.4,9,9,54.75,,9,54.75
RTE-02280,VEH-0333,Bike,2024-07-17,"ORD-001994,ORD-001193,ORD-009448,ORD-008909,ORD-012758",134.4,,85.4,448.8,5,5,59.01,DRV-0520,9,59.01
RTE-02281,VEH-0242,Bike,2025-01-09,"ORD-008068,ORD-009375,ORD-012620,ORD-010569,ORD-002079,ORD-004032,ORD-014278,ORD-000967",148.51,92.7,284.9,426.6,8,8,9.26,DRV-0364,9,9.26
RTE-02282,VEH-0047,Drone,2024-12-23,"ORD-005590,ORD-013774,ORD-002832,ORD-014917,ORD-004516",402.89,41.96,307.9,369.2,5,5,4.33 L,,8,4.33
RTE-02283,VEH-0624,Truck,2024-10-23,"ORD-000126,ORD-002057",190.29,410.29,462.3,133.3,2,2,6.43,DRV-0717,14,6.43
RTE-02284,VEH-0531,Van,2024-01-17,"ORD-000086,ORD-002692,ORD-012311,ORD-009112,ORD-010877",369.33,362.11,435.6,302.2,5,5,16.51,DRV-0289,4,16.51
RTE-02285,VEH-0046,Drone,2024-05-20,"ORD-007615,ORD-000263,ORD-009934,ORD-002386,ORD-007900,ORD-014949",399.81,,298.1,167.2,6,6,47.68,,11,47.68
RTE-02286,VEH-0681,Truck,2024-02-19,"ORD-011512,ORD-000026",358.85,336.09,632.2,619.3,2,0,1103.0 Wh,DRV-0337,8,1103.0
RTE-02287,VEH-0420,Van,2024-02-12,"ORD-011008,ORD-007872,ORD-007172,ORD-012954,ORD-008499,ORD-010724",293.28,442.96,120.1,761.6,6,6,57.35,DRV-0167,10,57.35
RTE-02288,VEH-0465,Van,2025-05-24,"ORD-013875,ORD-012694,ORD-012982",122.81,67.38,38.4,732.6,3,3,1659.0 Wh,DRV-0635,6,1659.0
RTE-02289,VEH-0021,Drone,2024-06-02,"ORD-007728,ORD-013189,ORD-002578",217.11,,669.3,389.5,3,3,10.17 L,,0,10.17
RTE-02290,VEH-0094,Drone,2024-05-19,"ORD-011589,ORD-013109,ORD-001315,ORD-007489,ORD-002268",171.99,247.6,531.4,351.8,5,5,647.0 Wh,,10,647.0
RTE-02291,VEH-0249,Bike,2024-05-16,"ORD-011645,ORD-007380,ORD-012662,ORD-002787,ORD-012512,ORD-010148,ORD-006379",112.15,191.01,255.6,671.0,7,6,630.0 Wh,DRV-0728,9,630.0
RTE-02292,VEH-0480,Van,2025-05-02,"ORD-001662,ORD-002154,ORD-013810,ORD-004599,ORD-003158,ORD-008028,ORD-006896,ORD-001454",412.85,51.62,168.2,358.5,8,6,2071.0 Wh,DRV-0030,11,2071.0
RTE-02293,VEH-0244,Bike,2024-06-26,ORD-000696,206.62,385.56,15.1,440.1,1,1,1745.0 Wh,DRV-0641,9,1745.0
RTE-02294,VEH-0408,Van,2025-04-27,"ORD-001488,ORD-008652,ORD-006672,ORD-009658,ORD-008719,ORD-004390",222.95,414.54,509.4,710.9,6,5,984.0 Wh,DRV-0269,6,984.0
RTE-02295,VEH-0582,Truck,2025-05-23,"ORD-000406,ORD-013201,ORD-000025",189.78,391.23,176.8,499.1,3,3,38.09,DRV-0400,9,38.09
RTE-02296,VEH-0695,Truck,2024-03-14,"ORD-014317,ORD-012698,ORD-000522,ORD-003331",14.5,75.7,314.6,23.7,4,4,21.37 L,DRV-0419,11,21.37
RTE-02297,VEH-0409,Van,2024-03-23,"ORD-004369,ORD-009603,ORD-002881,ORD-004360,ORD-006220,ORD-013819,ORD-006184",93.85,159.8,662.4,422.1,7,7,1930.0 Wh,DRV-0352,14,1930.0
RTE-02298,VEH-0610,Truck,2024-03-26,"ORD-012030,ORD-001086",353.49,342.06,304.0,463.4,2,2,1151.0 Wh,DRV-0229,10,1151.0
RTE-02299,VEH-0070,Drone,2025-01-14,"ORD-004585,ORD-010256,ORD-008417,ORD-011244,ORD-007802",232.51,293.63,398.8,745.0,5,5,18.69 L,,13,18.69
RTE-02300,VEH-0629,Truck,2025-01-10,"ORD-002276,ORD-007136,ORD-002044,ORD-000970,ORD-011674,ORD-011235,ORD-014624,ORD-009389",42.12,297.11,259.7,199.0,8,8,30.94 L,DRV-0853,7,30.94
RTE-02301,VEH-0577,Van,2024-10-03,"ORD-003772,ORD-007595,ORD-006069,ORD-003653,ORD-002151,ORD-010632,ORD-012214,ORD-001543,ORD-005364",404.03,220.2,635.0,77.4,9,9,45.3,DRV-0306,6,45.3
RTE-02302,VEH-0261,Bike,2024-08-11,"ORD-012646,ORD-000254,ORD-012643,ORD-013223,ORD-006976,ORD-003859,ORD-013162,ORD-013164",257.85,153.98,681.3,365.1,8,8,24.45,DRV-0558,10,24.45
RTE-02303,VEH-0463,Van,2024-04-27,"ORD-005495,ORD-013008,ORD-014219,ORD-003817,ORD-013811,ORD-001106",350.7,348.15,60.4,85.5,6,6,11.12 L,DRV-0533,14,11.12
RTE-02304,VEH-0029,Drone,2024-07-28,"ORD-010906,ORD-011927,ORD-010109",152.42,167.59,536.1,425.3,3,3,35.03,,5,35.03
RTE-02305,VEH-0578,Van,2024-09-19,"ORD-012385,ORD-006144,ORD-001926,ORD-013438,ORD-005016",21.98,252.91,28.0,27.8,5,4,776.0 Wh,DRV-0803,13,776.0
RTE-02306,VEH-0139,Drone,2025-06-08,"ORD-009733,ORD-011139,ORD-001230",112.69,377.3,72.6,131.9,3,2,492.0 Wh,,3,492.0
RTE-02307,VEH-0424,Van,2025-01-11,"ORD-014776,ORD-001604,ORD-009485,ORD-005361,ORD-014870,ORD-001795,ORD-011698,ORD-005313",399.43,78.92,83.4,387.9,8,8,25.5 L,DRV-0640,8,25.5
RTE-02308,VEH-0049,Drone,2025-06-27,"ORD-005832,ORD-003881,ORD-004179,ORD-011987,ORD-009062",127.65,420.77,686.2,577.3,5,5,33.52,,11,33.52
RTE-02309,VEH-0437,Van,2024-06-10,"ORD-001178,ORD-006384,ORD-007346,ORD-012367,ORD-013491,ORD-010807,ORD-011556",283.94,389.89,364.5,557.9,7,7,12.09 L,DRV-0618,4,12.09
RTE-02310,VEH-0195,Bike,2024-01-24,ORD-014661,68.82,372.33,82.2,198.6,1,0,6.78,DRV-0565,8,6.78
RTE-02311,VEH-0453,Van,2024-08-06,"ORD-000200,ORD-001854",213.45,418.98,183.5,406.3,2,1,5.12,DRV-0589,10,5.12
RTE-02312,VEH-0522,Van,2024-07-09,"ORD-003244,ORD-008539,ORD-013016,ORD-001152,ORD-003267",26.58,267.56,396.8,583.9,5,5,15.94 L,DRV-0617,10,15.94
RTE-02313,VEH-0684,Truck,2025-05-19,"ORD-006769,ORD-007792,ORD-010704,ORD-002727,ORD-011601,ORD-000050,ORD-001035,ORD-006232,ORD-003133",298.02,310.51,80.2,136.4,9,9,37.85,DRV-0197,11,37.85
RTE-02314,VEH-0197,Bike,2025-02-08,"ORD-008055,ORD-009712,ORD-000498,ORD-004932,ORD-009920",307.15,250.33,136.0,313.9,5,5,10.84,DRV-0874,6,10.84
RTE-02315,VEH-0692,Truck,2024-11-13,"ORD-005512,ORD-002406,ORD-013605,ORD-001333,ORD-000540,ORD-012836,ORD-001760,ORD-014503",158.19,328.26,288.1,298.6,8,8,805.0 Wh,DRV-0225,14,805.0
RTE-02316,VEH-0211,Bike,2024-08-05,"ORD-004956,ORD-008211,ORD-009476,ORD-012621,ORD-010867,ORD-012959,ORD-006375",164.01,15.73,647.1,482.3,7,7,1889.0 Wh,DRV-0115,5,1889.0
RTE-02317,VEH-0371,Bike,2024-08-06,"ORD-005940,ORD-003679,ORD-013673,ORD-010747",31.44,439.23,15.8,789.1,4,4,711.0 Wh,DRV-0208,10,711.0
RTE-02318,VEH-0631,Truck,2024-01-17,"ORD-008581,ORD-011379,ORD-003683,ORD-011911",6.22,388.86,30.4,142.5,4,4,25.75 L,DRV-0328,12,25.75
RTE-02319,VEH-0609,Truck,2025-02-19,ORD-013737,185.49,,188.9,399.3,1,1,56.22,DRV-0215,6,56.22
RTE-02320,VEH-0455,Van,2024-08-23,ORD-014893,110.54,304.14,448.9,63.2,1,1,29.97,DRV-0138,7,29.97
RTE-02321,VEH-0509,Van,2024-04-26,ORD-003846,403.48,37.63,325.1,276.2,1,0,1007.0 Wh,DRV-0438,4,1007.0
RTE-02322,VEH-0470,Van,2025-03-11,"ORD-004882,ORD-002149,ORD-002104,ORD-002194,ORD-002760,ORD-005280,ORD-009284,ORD-005291",204.22,78.25,299.4,448.0,8,8,40.64,DRV-0343,11,40.64
RTE-02323,VEH-0127,Drone,2024-09-24,"ORD-002593,ORD-010891,ORD-009592,ORD-011667,ORD-006751,ORD-000410,ORD-012956,ORD-010229",35.46,385.48,383.7,461.5,8,8,8.97,,7,8.97
RTE-02324,VEH-0483,Van,2025-04-25,"ORD-011548,ORD-003625,ORD-002805,ORD-001213",313.9,64.87,619.0,97.7,4,4,57.58,DRV-0271,4,57.58
RTE-02325,VEH-0409,Van,2025-04-04,"ORD-007267,ORD-008599",292.06,252.61,347.0,459.8,2,1,46.68,DRV-0072,14,46.68
RTE-02326,VEH-0667,Truck,2025-04-16,"ORD-000246,ORD-014763",210.39,429.54,633.1,574.7,2,2,8.23,DRV-0429,4,8.23
RTE-02327,VEH-0240,Bike,2024-08-22,"ORD-012665,ORD-009653",104.75,438.31,686.5,15.6,2,2,45.29,DRV-0095,6,45.29
RTE-02328,VEH-0273,Bike,2024-12-02,"ORD-012756,ORD-005705,ORD-009789,ORD-010064,ORD-011881,ORD-009492",326.65,453.45,323.3,748.9,6,6,598.0 Wh,DRV-0040,3,598.0
RTE-02329,VEH-0681,Truck,2024-03-22,"ORD-003436,ORD-010473",363.52,202.52,448.3,610.6,2,2,1953.0 Wh,DRV-0459,9,1953.0
RTE-02330,VEH-0427,Van,2024-02-01,"ORD-010981,ORD-011155,ORD-001140,ORD-005999,ORD-004454,ORD-007857,ORD-006196,ORD-001788,ORD-000249",129.18,252.37,417.3,506.7,9,9,22.11 L,DRV-0773,11,22.11
RTE-02331,VEH-0666,Truck,2024-01-21,ORD-006407,215.03,303.59,250.8,775.6,1,1,22.65,DRV-0669,13,22.65
RTE-02332,VEH-0549,Van,2024-05-22,"ORD-000813,ORD-012924,ORD-013481,ORD-012601,ORD-011174,ORD-013510,ORD-005951,ORD-004057",324.38,422.51,644.6,658.9,8,6,59.63,DRV-0281,5,59.63
RTE-02333,VEH-0486,Van,2024-01-07,"ORD-006104,ORD-009474,ORD-004790,ORD-009551",283.83,87.87,207.5,531.5,4,4,9.2 L,DRV-0232,3,9.2
RTE-02334,VEH-0088,Drone,2025-02-28,"ORD-008903,ORD-002119,ORD-005473,ORD-009727,ORD-012311,ORD-009662,ORD-011878,ORD-004115,ORD-014802",261.84,317.13,487.9,733.9,9,9,8.38 L,,11,8.38
RTE-02335,VEH-0071,Drone,2024-11-03,"ORD-013984,ORD-009936,ORD-006108",188.13,438.5,272.1,401.1,3,2,16.83,,6,16.83
RTE-02336,VEH-0369,Bike,2025-05-19,"ORD-008872,ORD-004225,ORD-006578,ORD-005017,ORD-014374,ORD-011747,ORD-002742,ORD-005866,ORD-014124",336.23,457.19,420.9,536.9,9,9,46.78,DRV-0875,8,46.78
RTE-02337,VEH-0257,Bike,2024-10-04,"ORD-000012,ORD-011016,ORD-014969,ORD-002023,ORD-012575,ORD-007461,ORD-008525,ORD-006153",176.8,183.97,617.9,413.7,8,8,49.86 L,DRV-0539,13,49.86
RTE-02338,VEH-0085,Drone,2024-09-25,ORD-008688,211.14,361.39,192.6,667.4,1,1,14.32,,3,14.32
RTE-02339,VEH-0331,Bike,2025-05-01,"ORD-000865,ORD-012931,ORD-001562,ORD-003641,ORD-005063,ORD-004274",383.75,373.79,42.3,59.8,6,6,38.24 L,DRV-0328,3,38.24
RTE-02340,VEH-0487,Van,2025-03-19,"ORD-005716,ORD-004947,ORD-007952,ORD-014800,ORD-006955,ORD-012358",405.97,29.32,94.0,448.0,6,6,461.0 Wh,DRV-0386,13,461.0
RTE-02341,VEH-0044,Drone,2025-06-24,"ORD-009983,ORD-002068,ORD-009807",244.6,262.23,76.9,395.2,3,3,20.51 L,,6,20.51
RTE-02342,VEH-0202,Bike,2024-11-07,"ORD-002721,ORD-004425,ORD-001886",270.3,418.52,168.7,234.6,3,2,55.84 L,DRV-0495,4,55.84
RTE-02343,VEH-0681,Truck,2025-02-28,"ORD-008573,ORD-008413,ORD-000949,ORD-010538,ORD-013443,ORD-001766",210.42,230.59,436.7,15.4,6,6,1423.0 Wh,DRV-0526,14,1423.0
RTE-02344,VEH-0627,Truck,2024-12-09,"ORD-014258,ORD-003813,ORD-011915,ORD-014452",92.22,20.19,612.9,328.6,4,4,21.15 L,DRV-0881,13,21.15
RTE-02345,VEH-0304,Bike,2024-04-21,ORD-011194,121.57,374.57,370.9,407.4,1,1,204.0 Wh,DRV-0223,6,204.0
RTE-02346,VEH-0095,Drone,2024-01-07,"ORD-000625,ORD-006215,ORD-005766,ORD-003633",284.54,31.22,620.9,442.6,4,4,288.0 Wh,,11,288.0
RTE-02347,VEH-0656,Truck,2025-06-29,"ORD-000549,ORD-003820,ORD-013883",108.06,42.29,356.0,716.1,3,3,21.8 L,DRV-0698,3,21.8
RTE-02348,VEH-0029,Drone,2025-05-10,"ORD-012874,ORD-000216,ORD-004096,ORD-003995,ORD-007379,ORD-012872,ORD-009519",312.72,307.35,156.4,417.3,7,7,30.65,,7,30.65
RTE-02349,VEH-0648,Truck,2025-03-12,"ORD-013544,ORD-012365,ORD-011103,ORD-003758",198.12,169.86,561.9,247.8,4,4,29.57 L,DRV-0655,11,29.57
RTE-02350,VEH-0459,Van,2024-02-21,"ORD-008363,ORD-014263,ORD-010240,ORD-003635,ORD-005629,ORD-010959,ORD-004476,ORD-011768,ORD-002104",10.44,320.89,169.5,522.1,9,9,53.56,DRV-0174,13,53.56
RTE-02351,VEH-0216,Bike,2024-03-21,"ORD-014037,ORD-010231,ORD-008303,ORD-006731,ORD-013513,ORD-000661,ORD-004276,ORD-013924",88.31,382.24,381.8,271.3,8,8,12.04,DRV-0119,13,12.04
RTE-02352,VEH-0142,Bike,2024-09-26,ORD-013081,51.59,129.5,629.3,576.1,1,0,25.33 L,DRV-0762,11,25.33
RTE-02353,VEH-0025,Drone,2024-04-28,"ORD-004476,ORD-004284,ORD-007020,ORD-004107,ORD-014809,ORD-009062,ORD-007510",154.47,251.6,137.4,687.0,7,7,1791.0 Wh,,8,1791.0
RTE-02354,VEH-0463,Van,2025-01-14,"ORD-014040,ORD-004627,ORD-005815,ORD-002766",274.57,110.57,667.5,682.5,4,3,49.08,DRV-0399,4,49.08
RTE-02355,VEH-0243,Bike,2024-02-12,"ORD-000406,ORD-008938,ORD-012466,ORD-004727,ORD-003119",178.18,243.48,518.0,281.9,5,5,30.76,DRV-0623,4,30.76
RTE-02356,VEH-0572,Van,2024-12-02,"ORD-012887,ORD-000659",255.92,,477.4,447.7,2,2,658.0 Wh,DRV-0776,6,658.0
RTE-02357,VEH-0638,Truck,2024-10-09,"ORD-009735,ORD-010354,ORD-011815,ORD-007201,ORD-007854",6.31,330.97,600.2,672.0,5,5,37.06,DRV-0227,9,37.06
RTE-02358,VEH-0245,Bike,2024-08-22,ORD-010293,366.63,162.11,439.8,707.8,1,0,30.74,DRV-0445,9,30.74
RTE-02359,VEH-0684,Truck,2024-02-15,"ORD-009160,ORD-013475,ORD-002252,ORD-001561,ORD-010461,ORD-009079,ORD-010696,ORD-014711",386.46,430.51,669.7,539.8,8,8,19.85 L,DRV-0621,13,19.85
RTE-02360,VEH-0260,Bike,2024-07-03,"ORD-013638,ORD-000280,ORD-000557,ORD-004057,ORD-011183,ORD-003712,ORD-009260,ORD-007859",314.51,189.24,424.6,187.7,8,7,1916.0 Wh,DRV-0813,7,1916.0
RTE-02361,VEH-0463,Van,2024-10-31,"ORD-007000,ORD-006380",208.55,120.97,641.6,220.7,2,2,28.32 L,DRV-0517,3,28.32
RTE-02362,VEH-0179,Bike,2024-07-06,ORD-003072,185.64,451.76,377.7,676.3,1,1,1242.0 Wh,DRV-0343,6,1242.0
RTE-02363,VEH-0427,Van,2025-03-30,"ORD-008390,ORD-013921,ORD-001227,ORD-003013,ORD-002887,ORD-002730,ORD-009778",160.76,147.31,61.3,672.0,7,7,33.59,DRV-0268,12,33.59
RTE-02364,VEH-0272,Bike,2024-12-06,"ORD-011557,ORD-009350,ORD-009725",358.12,188.55,513.4,102.6,3,3,2.37 L,DRV-0453,13,2.37
RTE-02365,VEH-0567,Van,2024-11-02,ORD-008904,145.43,,48.3,412.9,1,1,33.8 L,DRV-0028,12,33.8
RTE-02366,VEH-0017,Drone,2024-01-26,"ORD-003475,ORD-010979",227.58,311.47,268.2,437.4,2,0,27.58 L,,12,27.58
RTE-02367,VEH-0669,Truck,2024-05-26,"ORD-012950,ORD-005627,ORD-013936,ORD-000430,ORD-009397,ORD-011034",302.17,437.22,591.1,342.1,6,6,1987.0 Wh,DRV-0447,13,1987.0
RTE-02368,VEH-0406,Van,2024-08-11,ORD-002810,80.17,412.37,463.7,278.4,1,0,37.84 L,DRV-0720,3,37.84
RTE-02369,VEH-0676,Truck,2024-06-12,"ORD-010575,ORD-001731,ORD-005342,ORD-003924,ORD-001232,ORD-005852,ORD-011806,ORD-014701",380.3,,28.4,606.5,8,8,2.34,DRV-0283,9,2.34
RTE-02370,VEH-0595,Truck,2024-12-03,"ORD-001286,ORD-006820,ORD-008228,ORD-008978,ORD-011797,ORD-008162,ORD-003514,ORD-008662,ORD-013929",229.14,348.56,162.8,404.1,9,9,764.0 Wh,DRV-0894,12,764.0
RTE-02371,VEH-0634,Truck,2024-07-20,"ORD-011564,ORD-008425,ORD-005488,ORD-004038,ORD-008430,ORD-008873,ORD-012393",136.3,192.86,622.7,349.7,7,7,35.78 L,DRV-0281,8,35.78
RTE-02372,VEH-0507,Van,2024-11-24,"ORD-007731,ORD-009863,ORD-008333,ORD-004154,ORD-012794,ORD-004320,ORD-004196,ORD-002474",236.89,168.18,481.3,346.7,8,8,1920.0 Wh,DRV-0491,4,1920.0
RTE-02373,VEH-0695,Truck,2024-06-04,"ORD-007294,ORD-002681,ORD-008642,ORD-007268,ORD-014607",60.76,228.44,564.5,32.4,5,4,9.25 L,DRV-0718,3,9.25
RTE-02374,VEH-0170,Bike,2025-04-19,"ORD-004192,ORD-007645,ORD-010165,ORD-012421,ORD-004548,ORD-001566,ORD-006268,ORD-001865",150.84,150.89,355.3,703.9,8,7,38.13,DRV-0325,8,38.13
RTE-02375,VEH-0342,Bike,2025-04-27,"ORD-001258,ORD-010295,ORD-002988,ORD-012222",363.59,143.21,412.9,566.2,4,4,28.35,DRV-0738,3,28.35
RTE-02376,VEH-0157,Bike,2024-01-10,"ORD-002077,ORD-001281,ORD-003465,ORD-001194,ORD-005101,ORD-007956,ORD-006367,ORD-002311",46.88,105.34,379.6,726.7,8,8,744.0 Wh,DRV-0735,12,744.0
RTE-02377,VEH-0023,Drone,2025-04-10,ORD-012943,293.85,72.64,690.3,331.2,1,1,22.09 L,,3,22.09
RTE-02378,VEH-0433,Van,2025-03-27,ORD-013698,147.79,282.34,468.3,108.1,1,0,50.03,DRV-0840,0,50.03
RTE-02379,VEH-0355,Bike,2024-09-08,ORD-009805,161.66,371.22,19.1,336.4,1,0,4.08 L,DRV-0688,5,4.08
RTE-02380,VEH-0405,Van,2024-08-19,"ORD-009595,ORD-006378,ORD-014904,ORD-010060,ORD-012142",331.86,,541.9,383.5,5,5,1870.0 Wh,DRV-0372,5,1870.0
RTE-02381,VEH-0587,Truck,2025-03-21,"ORD-004611,ORD-003033",324.1,132.26,459.9,576.4,2,1,13.25,DRV-0319,4,13.25
RTE-02382,VEH-0640,Truck,2024-12-17,ORD-002439,34.66,297.15,552.4,363.2,1,1,24.86,DRV-0517,13,24.86
RTE-02383,VEH-0337,Bike,2024-04-01,ORD-008254,288.88,389.93,184.1,606.5,1,1,51.11 L,DRV-0174,3,51.11
RTE-02384,VEH-0670,Truck,2025-03-29,"ORD-003658,ORD-010166,ORD-010730,ORD-010330,ORD-001879,ORD-011011",166.24,,465.8,123.4,6,6,41.64 L,DRV-0400,3,41.64
RTE-02385,VEH-0580,Van,2024-05-18,"ORD-003401,ORD-001694",196.38,36.56,676.3,676.6,2,2,15.27 L,DRV-0735,12,15.27
RTE-02386,VEH-0436,Van,2024-04-18,"ORD-007074,ORD-013328,ORD-011763",322.2,179.88,150.4,483.2,3,3,37.53,DRV-0658,8,37.53
RTE-02387,VEH-0361,Bike,2024-03-24,"ORD-002818,ORD-003636,ORD-011944,ORD-002508,ORD-009662,ORD-011570",193.98,252.25,640.4,78.3,6,6,7.25,DRV-0157,6,7.25
RTE-02388,VEH-0630,Truck,2024-03-02,"ORD-000470,ORD-000117,ORD-000518,ORD-001913,ORD-013443,ORD-014686,ORD-008184,ORD-014081",240.05,70.14,451.0,179.2,8,8,867.0 Wh,DRV-0457,14,867.0
RTE-02389,VEH-0066,Drone,2024-03-22,"ORD-007012,ORD-012271",253.2,260.52,488.2,310.2,2,2,293.0 Wh,,6,293.0
RTE-02390,VEH-0348,Bike,2024-05-31,ORD-005758,60.23,53.45,144.8,226.6,1,1,13.52,DRV-0304,6,13.52
RTE-02391,VEH-0503,Van,2025-01-17,"ORD-012449,ORD-007927,ORD-003334,ORD-006927",188.45,295.67,94.3,325.6,4,4,542.0 Wh,DRV-0071,14,542.0
RTE-02392,VEH-0602,Truck,2025-06-21,"ORD-013382,ORD-005564",199.47,143.21,326.4,584.2,2,2,40.75,DRV-0340,9,40.75
RTE-02393,VEH-0617,Truck,2025-02-20,"ORD-012001,ORD-002772",309.95,411.08,427.7,170.3,2,2,1213.0 Wh,DRV-0347,4,1213.0
RTE-02394,VEH-0614,Truck,2024-11-11,"ORD-003117,ORD-013538,ORD-002390,ORD-013043,ORD-011089,ORD-004575,ORD-010221,ORD-014153",241.43,91.94,189.2,436.0,8,8,53.16,DRV-0714,3,53.16
RTE-02395,VEH-0558,Van,2025-02-10,"ORD-007647,ORD-014756,ORD-013874,ORD-000487",237.61,385.85,522.4,364.3,4,4,54.98 L,DRV-0163,12,54.98
RTE-02396,VEH-0257,Bike,2024-03-18,"ORD-001958,ORD-013816",352.56,,419.3,590.8,2,2,1032.0 Wh,DRV-0754,3,1032.0
RTE-02397,VEH-0674,Truck,2024-11-17,"ORD-013001,ORD-014343,ORD-004368,ORD-012189,ORD-007215,ORD-011985,ORD-009610,ORD-014465",211.04,79.18,541.0,51.5,8,8,11.24,DRV-0879,6,11.24
RTE-02398,VEH-0044,Drone,2025-04-02,"ORD-010614,ORD-005924,ORD-010457,ORD-007939,ORD-009562,ORD-011152,ORD-000586",133.71,35.63,178.6,436.9,7,7,38.84 L,,10,38.84
RTE-02399,VEH-0006,Drone,2024-04-06,ORD-009365,51.29,48.57,115.2,607.7,1,1,13.54,,13,13.54
RTE-02400,VEH-0578,Van,2024-08-16,"ORD-005788,ORD-003721,ORD-013970,ORD-010854,ORD-012429,ORD-008910,ORD-011924,ORD-011609",70.57,422.51,425.6,402.3,8,8,432.0 Wh,DRV-0866,11,432.0
RTE-02401,VEH-0475,Van,2024-12-22,ORD-010609,328.88,208.17,579.6,256.9,1,1,16.74,DRV-0610,9,16.74
RTE-02402,VEH-0024,Drone,2024-04-04,"ORD-008670,ORD-000183",210.5,283.62,107.4,54.7,2,2,54.16,,11,54.16
RTE-02403,VEH-0133,Drone,2024-06-09,"ORD-010018,ORD-008377",296.03,100.36,481.0,75.8,2,2,6.51,,4,6.51
RTE-02404,VEH-0016,Drone,2024-06-16,"ORD-012162,ORD-012576,ORD-002223,ORD-005566,ORD-012030,ORD-004910,ORD-010734",12.36,190.45,57.6,193.9,7,7,51.63 L,,10,51.63
RTE-02405,VEH-0686,Truck,2024-11-07,"ORD-008793,ORD-013250,ORD-006595,ORD-000901,ORD-007664,ORD-005577,ORD-003568",361.56,,502.1,554.3,7,6,50.42,DRV-0006,12,50.42
RTE-02406,VEH-0371,Bike,2024-08-01,ORD-014826,249.13,107.56,244.4,492.5,1,1,23.06 L,DRV-0762,6,23.06
RTE-02407,VEH-0325,Bike,2025-06-17,"ORD-008808,ORD-014069,ORD-004524",263.0,10.84,592.2,395.6,3,3,4.52,DRV-0245,14,4.52
RTE-02408,VEH-0543,Van,2025-06-13,"ORD-012511,ORD-010700,ORD-008334,ORD-005643,ORD-005370,ORD-006905,ORD-012707,ORD-007927,ORD-012404",142.65,290.88,86.3,60.6,9,9,7.84 L,DRV-0749,5,7.84
RTE-02409,VEH-0095,Drone,2024-09-06,ORD-000692,261.09,416.24,689.3,109.2,1,1,49.91,,11,49.91
RTE-02410,VEH-0291,Bike,2024-02-29,"ORD-004956,ORD-001675,ORD-006467,ORD-012604,ORD-009077,ORD-010282",227.54,431.21,60.4,258.2,6,5,35.55 L,DRV-0231,7,35.55
RTE-02411,VEH-0115,Drone,2025-01-19,"ORD-010079,ORD-014068",236.15,168.53,209.3,743.3,2,2,21.79 L,,8,21.79
RTE-02412,VEH-0051,Drone,2024-05-20,"ORD-012773,ORD-003378,ORD-003562,ORD-005161,ORD-004117,ORD-007170",369.97,434.03,113.7,386.8,6,6,2018.0 Wh,,6,2018.0
RTE-02413,VEH-0245,Bike,2024-06-01,"ORD-014237,ORD-010603,ORD-006071",300.65,172.29,563.3,60.0,3,3,40.11,DRV-0810,13,40.11
RTE-02414,VEH-0246,Bike,2025-04-26,"ORD-009169,ORD-000348",123.88,289.57,561.2,256.8,2,2,30.25,DRV-0141,10,30.25
RTE-02415,VEH-0531,Van,2025-03-28,"ORD-000924,ORD-000442,ORD-008799,ORD-012692,ORD-000357,ORD-009887,ORD-009477,ORD-004362,ORD-014034",158.0,71.06,378.2,151.6,9,9,54.25,DRV-0390,7,54.25
RTE-02416,VEH-0049,Drone,2024-08-24,"ORD-008701,ORD-002167,ORD-012796,ORD-014144,ORD-011024",38.1,229.36,35.9,381.0,5,5,21.63 L,,13,21.63
RTE-02417,VEH-0485,Van,2025-06-28,"ORD-010152,ORD-009467,ORD-014621,ORD-004374,ORD-004778,ORD-013652,ORD-001196",310.32,410.49,432.3,417.6,7,7,5.34,DRV-0362,3,5.34
RTE-02418,VEH-0034,Drone,2024-12-08,"ORD-004988,ORD-012075,ORD-002250,ORD-009711,ORD-012397,ORD-007114,ORD-008209,ORD-002036",106.34,53.8,293.0,783.7,8,8,257.0 Wh,,8,257.0
RTE-02419,VEH-0160,Bike,2025-06-28,"ORD-004540,ORD-013649,ORD-006830,ORD-013851",126.99,,73.4,333.3,4,3,30.68 L,DRV-0407,14,30.68
RTE-02420,VEH-0455,Van,2025-04-26,"ORD-011888,ORD-009179,ORD-011850,ORD-009389,ORD-013984,ORD-005588,ORD-001018",203.45,182.93,337.7,257.2,7,7,623.0 Wh,DRV-0801,11,623.0
RTE-02421,VEH-0038,Drone,2024-08-31,"ORD-002483,ORD-014356,ORD-001281,ORD-004729,ORD-004133,ORD-013829,ORD-000501,ORD-011771",379.83,286.35,28.8,781.6,8,8,912.0 Wh,,0,912.0
RTE-02422,VEH-0638,Truck,2024-09-08,"ORD-011862,ORD-002150,ORD-004132,ORD-008222,ORD-011222",72.1,426.04,636.1,377.0,5,5,31.68,DRV-0165,7,31.68
RTE-02423,VEH-0061,Drone,2024-12-27,"ORD-013936,ORD-010057,ORD-008763,ORD-000464,ORD-007536,ORD-009820,ORD-006101",13.65,297.64,646.6,258.4,7,7,27.37,,10,27.37
RTE-02424,VEH-0619,Truck,2024-10-02,ORD-013190,17.89,36.88,226.6,145.2,1,1,907.0 Wh,DRV-0868,3,907.0
RTE-02425,VEH-0681,Truck,2025-06-14,"ORD-009310,ORD-000056,ORD-005554,ORD-005454,ORD-004599,ORD-004793,ORD-009235",62.91,383.75,234.5,722.0,7,7,52.39 L,DRV-0198,11,52.39
RTE-02426,VEH-0685,Truck,2024-04-10,"ORD-001105,ORD-005585",394.42,181.22,146.8,93.1,2,2,655.0 Wh,DRV-0590,11,655.0
RTE-02427,VEH-0064,Drone,2024-06-23,"ORD-014178,ORD-012144",370.36,268.75,201.4,27.9,2,2,2045.0 Wh,,3,2045.0
RTE-02428,VEH-0359,Bike,2024-01-18,"ORD-010846,ORD-009223,ORD-003588",225.21,113.25,268.2,97.0,3,2,30.63 L,DRV-0502,9,30.63
RTE-02429,VEH-0672,Truck,2024-04-05,ORD-007875,310.26,75.35,215.2,595.5,1,1,29.69,DRV-0359,3,29.69
RTE-02430,VEH-0179,Bike,2025-02-04,ORD-000362,283.49,246.15,39.1,292.2,1,1,25.48,DRV-0364,6,25.48
RTE-02431,VEH-0660,Truck,2024-08-14,"ORD-009130,ORD-003812,ORD-003757,ORD-013227,ORD-010506,ORD-001832,ORD-004345,ORD-001332",369.58,,544.5,699.3,8,8,23.97,DRV-0540,11,23.97
RTE-02432,VEH-0002,Drone,2025-01-18,"ORD-014806,ORD-013026,ORD-006013,ORD-004405,ORD-008813,ORD-012722,ORD-003626",28.42,169.34,86.7,592.6,7,7,0.77,,8,0.77
RTE-02433,VEH-0251,Bike,2025-01-28,"ORD-005045,ORD-014070,ORD-014738",196.33,450.38,462.4,774.5,3,3,16.01 L,DRV-0316,13,16.01
RTE-02434,VEH-0458,Van,2024-10-09,"ORD-004941,ORD-002463,ORD-002700,ORD-008494",154.3,,398.2,73.5,4,4,42.83 L,DRV-0516,7,42.83
RTE-02435,VEH-0530,Van,2024-06-15,"ORD-013935,ORD-012717,ORD-013926,ORD-007971,ORD-007268,ORD-008506",175.84,359.61,564.7,342.2,6,6,685.0 Wh,DRV-0787,9,685.0
RTE-02436,VEH-0685,Truck,2025-03-08,"ORD-008027,ORD-011108,ORD-002217,ORD-014234,ORD-007802",396.6,365.06,350.1,596.8,5,5,23.73 L,DRV-0296,6,23.73
RTE-02437,VEH-0405,Van,2025-05-27,ORD-002570,247.12,352.25,316.0,730.0,1,1,59.73 L,DRV-0383,6,59.73
RTE-02438,VEH-0662,Truck,2024-01-27,"ORD-001787,ORD-012216,ORD-011124,ORD-004943,ORD-005695",38.59,417.01,473.1,302.9,5,5,1674.0 Wh,DRV-0079,4,1674.0
RTE-02439,VEH-0391,Bike,2024-02-11,"ORD-013055,ORD-010503,ORD-010314,ORD-011116",148.62,194.11,515.3,719.0,4,4,28.44 L,DRV-0639,13,28.44
RTE-02440,VEH-0310,Bike,2025-04-01,"ORD-006034,ORD-000598,ORD-013355,ORD-004110,ORD-010040",234.88,107.8,124.2,420.7,5,5,2000.0 Wh,DRV-0820,7,2000.0
RTE-02441,VEH-0201,Bike,2024-05-26,ORD-000106,305.54,214.48,654.2,463.7,1,1,28.33 L,DRV-0310,10,28.33
RTE-02442,VEH-0678,Truck,2024-05-29,"ORD-007784,ORD-001740",99.8,294.96,400.6,98.1,2,2,44.84 L,DRV-0720,12,44.84
RTE-02443,VEH-0081,Drone,2025-02-21,ORD-001703,115.51,20.35,681.6,352.8,1,1,1526.0 Wh,,5,1526.0
RTE-02444,VEH-0679,Truck,2024-12-02,"ORD-007830,ORD-014704,ORD-001262,ORD-005850,ORD-010389,ORD-003508,ORD-000267,ORD-010756",182.93,372.0,578.4,324.1,8,8,14.2 L,DRV-0233,8,14.2
RTE-02445,VEH-0076,Drone,2025-05-07,"ORD-014274,ORD-003676",197.22,168.96,107.2,609.1,2,2,12.26 L,,3,12.26
RTE-02446,VEH-0191,Bike,2025-02-07,"ORD-011261,ORD-013894,ORD-009085,ORD-007349,ORD-013585,ORD-004064,ORD-012729",167.97,432.69,145.0,343.2,7,7,37.94,DRV-0710,4,37.94
RTE-02447,VEH-0517,Van,2024-07-10,"ORD-005014,ORD-011867",185.66,359.35,435.7,69.2,2,2,1643.0 Wh,DRV-0248,8,1643.0
RTE-02448,VEH-0058,Drone,2024-07-21,"ORD-009069,ORD-012575,ORD-002991",360.68,260.26,492.7,17.3,3,3,1190.0 Wh,,4,1190.0
RTE-02449,VEH-0059,Drone,2025-03-07,"ORD-002977,ORD-009669,ORD-009722,ORD-008177,ORD-010613,ORD-012313,ORD-002099,ORD-009582,ORD-005827",191.93,454.65,269.2,499.4,9,9,855.0 Wh,,7,855.0
RTE-02450,VEH-0054,Drone,2024-05-29,"ORD-001004,ORD-002420,ORD-014087,ORD-005378,ORD-005914,ORD-013316,ORD-005699,ORD-006472",19.35,128.9,233.9,360.1,8,8,44.04,,11,44.04
RTE-02451,VEH-0488,Van,2024-10-17,"ORD-004530,ORD-010037,ORD-014909,ORD-000507,ORD-012317,ORD-010901",145.18,413.02,65.8,173.9,6,6,7.89 L,DRV-0265,4,7.89
RTE-02452,VEH-0686,Truck,2025-01-15,"ORD-009078,ORD-014013,ORD-007439,ORD-014662",78.1,308.97,300.7,224.5,4,4,6.54,DRV-0199,12,6.54
RTE-02453,VEH-0559,Van,2024-09-18,"ORD-004347,ORD-013915,ORD-006114,ORD-007409",386.97,343.2,413.5,66.1,4,4,28.72,DRV-0002,3,28.72
RTE-02454,VEH-0059,Drone,2025-03-06,"ORD-000152,ORD-013711",417.25,166.7,111.0,214.9,2,2,28.21,,10,28.21
RTE-02455,VEH-0280,Bike,2025-02-18,"ORD-002604,ORD-005396,ORD-003433",283.55,242.4,259.5,468.2,3,3,7.57,DRV-0272,5,7.57
RTE-02456,VEH-0085,Drone,2025-01-14,"ORD-005709,ORD-004200,ORD-005617,ORD-013249,ORD-006577",335.02,232.63,600.8,88.6,5,5,43.27 L,,6,43.27
RTE-02457,VEH-0662,Truck,2024-08-23,"ORD-002481,ORD-002037,ORD-010438,ORD-008752,ORD-007411",127.98,384.31,151.0,58.7,5,5,38.81 L,DRV-0697,14,38.81
RTE-02458,VEH-0303,Bike,2024-12-22,"ORD-002540,ORD-010406",3.36,48.3,321.8,168.7,2,1,34.69,DRV-0520,6,34.69
RTE-02459,VEH-0118,Drone,2024-10-01,"ORD-007378,ORD-009553,ORD-007931,ORD-005659,ORD-003651",152.8,,629.6,374.7,5,5,12.35 L,,11,12.35
RTE-02460,VEH-0535,Van,2024-07-17,"ORD-000304,ORD-000657,ORD-001548,ORD-001866,ORD-011207,ORD-007228",332.25,,338.6,225.7,6,5,1944.0 Wh,DRV-0167,8,1944.0
RTE-02461,VEH-0042,Drone,2025-06-08,ORD-007015,184.28,90.01,188.8,678.5,1,0,52.33 L,,4,52.33
RTE-02462,VEH-0475,Van,2025-05-21,"ORD-006039,ORD-005904,ORD-014905,ORD-000517,ORD-009233",389.9,58.22,104.7,261.4,5,5,2127.0 Wh,DRV-0575,10,2127.0
RTE-02463,VEH-0397,Bike,2024-01-03,"ORD-008604,ORD-015000,ORD-008202,ORD-014888,ORD-014127,ORD-006139,ORD-004484",405.69,,212.2,553.5,7,7,12.68,DRV-0661,10,12.68
RTE-02464,VEH-0422,Van,2025-01-01,"ORD-014000,ORD-013612,ORD-000339,ORD-012920,ORD-004898,ORD-009363",280.73,,357.6,362.9,6,6,1474.0 Wh,DRV-0583,4,1474.0
RTE-02465,VEH-0089,Drone,2024-05-29,"ORD-012701,ORD-012248",387.01,5.46,106.5,335.3,2,1,21.71,,4,21.71
RTE-02466,VEH-0076,Drone,2024-06-10,"ORD-010008,ORD-012695,ORD-001726,ORD-013480,ORD-006950,ORD-006285",369.43,84.01,181.0,301.1,6,6,49.56,,8,49.56
RTE-02467,VEH-0683,Truck,2025-05-20,"ORD-006306,ORD-013615,ORD-006428,ORD-014377,ORD-012981,ORD-005641",96.79,198.36,456.1,43.3,6,6,48.74,DRV-0472,9,48.74
RTE-02468,VEH-0103,Drone,2025-06-02,"ORD-012368,ORD-011810,ORD-004684,ORD-000847,ORD-006222,ORD-003119,ORD-006622",346.55,17.54,457.9,772.3,7,7,55.47 L,,11,55.47
RTE-02469,VEH-0239,Bike,2024-01-04,"ORD-004203,ORD-008060,ORD-008999,ORD-005914,ORD-008808,ORD-002928,ORD-007976",36.1,446.31,22.2,184.5,7,7,18.68,DRV-0887,5,18.68
RTE-02470,VEH-0346,Bike,2024-06-03,"ORD-010698,ORD-002792,ORD-007792,ORD-005484,ORD-004177,ORD-012426,ORD-005942,ORD-002804",298.26,189.4,658.0,62.3,8,8,55.3,DRV-0442,3,55.3
RTE-02471,VEH-0096,Drone,2024-07-10,"ORD-014197,ORD-007616,ORD-013123,ORD-002604",194.45,66.85,680.8,469.4,4,4,7.65 L,,0,7.65
RTE-02472,VEH-0133,Drone,2024-03-29,"ORD-000975,ORD-004166,ORD-003890",358.72,383.43,523.9,158.5,3,3,1662.0 Wh,,9,1662.0
RTE-02473,VEH-0388,Bike,2025-05-28,"ORD-004927,ORD-004111,ORD-002759,ORD-009053,ORD-004033,ORD-002169,ORD-012198,ORD-002349,ORD-008537",178.23,,254.3,135.6,9,9,46.36,DRV-0458,11,46.36
RTE-02474,VEH-0685,Truck,2024-03-12,"ORD-005655,ORD-011521,ORD-010398,ORD-006556,ORD-014313,ORD-000267,ORD-011864",384.15,348.41,133.0,167.8,7,7,1114.0 Wh,DRV-0203,11,1114.0
RTE-02475,VEH-0597,Truck,2024-05-24,"ORD-014888,ORD-003118,ORD-010501,ORD-005422,ORD-001604,ORD-001024,ORD-011149,ORD-006384",136.9,321.83,131.9,793.2,8,8,1336.0 Wh,DRV-0003,4,1336.0
RTE-02476,VEH-0114,Drone,2025-02-27,"ORD-012111,ORD-013327",366.72,189.61,102.9,356.1,2,2,677.0 Wh,,7,677.0
RTE-02477,VEH-0668,Truck,2025-01-22,"ORD-007146,ORD-012442,ORD-007621,ORD-011982,ORD-003673",395.64,306.14,696.5,400.4,5,5,6.97,DRV-0439,9,6.97
RTE-02478,VEH-0214,Bike,2024-08-03,"ORD-012207,ORD-014172,ORD-013610",293.1,16.75,611.7,481.5,3,3,49.37,DRV-0079,13,49.37
RTE-02479,VEH-0522,Van,2025-04-03,"ORD-007585,ORD-010663,ORD-003507,ORD-000097,ORD-006956",24.36,357.46,178.8,438.3,5,5,17.15 L,DRV-0290,4,17.15
RTE-02480,VEH-0017,Drone,2024-09-07,"ORD-002641,ORD-002948,ORD-006613,ORD-013758,ORD-012572,ORD-003933,ORD-008966,ORD-011290,ORD-013322",146.78,71.15,157.3,110.3,9,9,25.95,,11,25.95
RTE-02481,VEH-0227,Bike,2024-02-07,"ORD-007393,ORD-003909,ORD-008220,ORD-004195,ORD-008694,ORD-003749,ORD-004068,ORD-013034,ORD-000515",300.06,323.97,263.6,289.1,9,9,57.48 L,DRV-0100,3,57.48
RTE-02482,VEH-0464,Van,2025-02-15,"ORD-008258,ORD-009258,ORD-005409,ORD-014775,ORD-003053,ORD-004161,ORD-013018",215.95,70.91,654.3,767.8,7,7,4.54,DRV-0808,3,4.54
RTE-02483,VEH-0016,Drone,2024-04-22,"ORD-009980,ORD-011785",255.26,234.8,116.1,355.5,2,2,10.87,,14,10.87
RTE-02484,VEH-0672,Truck,2024-04-05,"ORD-000074,ORD-003957,ORD-011179,ORD-005232,ORD-007793,ORD-005248,ORD-000815",166.72,237.96,244.1,657.9,7,7,12.64,DRV-0733,13,12.64
RTE-02485,VEH-0252,Bike,2024-01-01,"ORD-011252,ORD-011425,ORD-007277,ORD-008331,ORD-000590,ORD-006462,ORD-001047",127.49,455.91,19.2,81.3,7,7,384.0 Wh,DRV-0078,11,384.0
RTE-02486,VEH-0645,Truck,2024-03-04,"ORD-009381,ORD-007783,ORD-007274,ORD-013316,ORD-013379,ORD-011402,ORD-011662,ORD-011685",83.9,421.47,118.3,114.0,8,8,47.22 L,DRV-0729,3,47.22
RTE-02487,VEH-0230,Bike,2025-01-17,"ORD-000517,ORD-000242,ORD-013390,ORD-009645,ORD-004899,ORD-014689",43.57,44.35,366.3,355.8,6,5,8.21 L,DRV-0114,9,8.21
RTE-02488,VEH-0595,Truck,2024-08-10,"ORD-014840,ORD-006837",66.65,,688.7,616.2,2,1,1556.0 Wh,DRV-0293,13,1556.0
RTE-02489,VEH-0351,Bike,2024-05-09,"ORD-001528,ORD-007674,ORD-014454,ORD-000284,ORD-005878,ORD-012995,ORD-001797,ORD-001078,ORD-006003",410.16,214.57,576.7,705.5,9,9,432.0 Wh,DRV-0846,5,432.0
RTE-02490,VEH-0304,Bike,2024-11-25,"ORD-011300,ORD-014652,ORD-005526,ORD-007990,ORD-005731,ORD-014857,ORD-011113,ORD-004691,ORD-000724",221.91,440.53,269.2,257.1,9,9,24.78,DRV-0448,8,24.78
RTE-02491,VEH-0388,Bike,2025-02-12,ORD-012710,252.64,169.41,613.7,360.9,1,1,296.0 Wh,DRV-0771,7,296.0
RTE-02492,VEH-0610,Truck,2025-02-20,"ORD-001185,ORD-002618,ORD-014323,ORD-011662,ORD-004180,ORD-002873,ORD-004713,ORD-002341",324.49,34.75,469.9,302.2,8,8,2175.0 Wh,DRV-0863,10,2175.0
RTE-02493,VEH-0541,Van,2024-08-04,"ORD-006649,ORD-010659,ORD-001087,ORD-004727,ORD-004445,ORD-014346,ORD-010744",267.07,6.14,554.8,171.8,7,7,55.89,DRV-0377,7,55.89
RTE-02494,VEH-0590,Truck,2024-02-18,"ORD-010990,ORD-011054,ORD-004024,ORD-007845,ORD-008472,ORD-011031,ORD-011346,ORD-010895,ORD-009521",221.49,312.3,692.0,553.3,9,9,40.47,DRV-0002,11,40.47
RTE-02495,VEH-0005,Drone,2024-05-24,"ORD-000098,ORD-009779",27.84,341.5,193.3,72.8,2,2,20.5 L,,8,20.5
RTE-02496,VEH-0699,Truck,2025-03-02,"ORD-003372,ORD-010888,ORD-001172,ORD-008400,ORD-006821,ORD-010391",256.78,9.18,635.1,79.3,6,6,1868.0 Wh,DRV-0125,14,1868.0
RTE-02497,VEH-0352,Bike,2024-02-18,"ORD-004839,ORD-007149,ORD-009006,ORD-010666,ORD-000781,ORD-012141,ORD-011074,ORD-011445",114.96,176.98,470.1,313.2,8,7,24.07,DRV-0574,10,24.07
RTE-02498,VEH-0052,Drone,2024-09-01,"ORD-001040,ORD-001638,ORD-002051,ORD-004646,ORD-002998,ORD-011941",208.45,290.42,571.7,312.1,6,6,12.35,,11,12.35
RTE-02499,VEH-0563,Van,2025-02-19,"ORD-002123,ORD-014619,ORD-002669,ORD-005617,ORD-010398,ORD-008800,ORD-001954,ORD-002653,ORD-004475",19.85,203.45,570.0,205.8,9,9,54.39,DRV-0869,6,54.39
RTE-02500,VEH-0409,Van,2024-10-04,ORD-003929,283.13,291.95,296.9,701.7,1,1,2002.0 Wh,DRV-0896,8,2002.0
RTE-02501,VEH-0002,Drone,2025-05-03,"ORD-010902,ORD-000127,ORD-012060",292.51,157.31,65.0,646.1,3,3,1482.0 Wh,,11,1482.0
RTE-02502,VEH-0565,Van,2024-09-10,"ORD-011521,ORD-010464,ORD-000322,ORD-004609,ORD-012248",235.18,150.69,590.6,158.3,5,5,30.7 L,DRV-0061,6,30.7
RTE-02503,VEH-0076,Drone,2024-12-08,"ORD-014276,ORD-003619,ORD-008891,ORD-003222,ORD-003727,ORD-014529",159.56,82.25,697.2,185.0,6,5,10.21,,8,10.21
RTE-02504,VEH-0634,Truck,2024-02-03,"ORD-005866,ORD-013607,ORD-001587,ORD-009933,ORD-012623,ORD-014106,ORD-006633",105.88,379.79,188.4,361.4,7,7,11.61 L,DRV-0341,3,11.61
RTE-02505,VEH-0081,Drone,2024-02-29,ORD-012531,234.19,87.59,476.5,769.5,1,1,15.26 L,,9,15.26
RTE-02506,VEH-0306,Bike,2025-01-25,"ORD-008299,ORD-006500,ORD-011621",283.58,256.47,75.8,591.8,3,3,653.0 Wh,DRV-0415,6,653.0
RTE-02507,VEH-0633,Truck,2024-06-14,ORD-014072,329.83,374.31,478.7,80.9,1,1,917.0 Wh,DRV-0720,11,917.0
RTE-02508,VEH-0071,Drone,2024-10-06,"ORD-010836,ORD-012534,ORD-003558,ORD-009341",165.33,428.74,280.7,794.4,4,4,1617.0 Wh,,10,1617.0
RTE-02509,VEH-0565,Van,2025-05-09,ORD-004921,100.95,53.89,204.6,259.8,1,1,40.67 L,DRV-0039,14,40.67
RTE-02510,VEH-0678,Truck,2025-02-06,"ORD-010594,ORD-009535,ORD-002118,ORD-012239,ORD-004977,ORD-011870,ORD-005186",166.23,57.01,553.2,622.5,7,7,48.0 L,DRV-0722,8,48.0
RTE-02511,VEH-0612,Truck,2024-04-19,"ORD-003500,ORD-008711,ORD-011595",300.6,313.2,598.8,61.6,3,3,58.7 L,DRV-0363,11,58.7
RTE-02512,VEH-0399,Bike,2024-04-26,"ORD-011745,ORD-006138,ORD-004772",419.98,323.21,436.7,594.0,3,3,0.86 L,DRV-0202,5,0.86
RTE-02513,VEH-0004,Drone,2025-02-15,"ORD-001845,ORD-004776,ORD-010530,ORD-014472,ORD-009570,ORD-012247",342.56,242.85,422.0,125.1,6,6,965.0 Wh,,13,965.0
RTE-02514,VEH-0003,Drone,2024-05-03,"ORD-003461,ORD-012993,ORD-006743",56.06,395.74,190.5,324.8,3,3,20.89 L,,11,20.89
RTE-02515,VEH-0605,Truck,2025-01-10,"ORD-006905,ORD-009578",248.89,190.3,312.5,113.5,2,2,43.95 L,DRV-0210,12,43.95
RTE-02516,VEH-0595,Truck,2024-05-02,"ORD-013196,ORD-006941,ORD-004848,ORD-004458,ORD-006053",75.47,146.33,322.9,496.7,5,5,19.21 L,DRV-0373,8,19.21
RTE-02517,VEH-0652,Truck,2025-04-25,"ORD-000683,ORD-013280,ORD-009733,ORD-000389",283.57,,198.3,495.5,4,4,2165.0 Wh,DRV-0033,7,2165.0
RTE-02518,VEH-0572,Van,2024-01-21,"ORD-012332,ORD-002357,ORD-005075,ORD-008672,ORD-005486,ORD-003916",238.57,29.81,563.0,172.1,6,6,17.05 L,DRV-0120,9,17.05
RTE-02519,VEH-0032,Drone,2025-01-16,"ORD-003463,ORD-000585,ORD-002803,ORD-001734,ORD-004634,ORD-011273",321.63,374.24,687.1,303.7,6,6,36.14,,5,36.14
RTE-02520,VEH-0051,Drone,2024-10-13,"ORD-008929,ORD-005070,ORD-008590,ORD-008886,ORD-009747,ORD-000716",96.67,396.89,270.6,757.1,6,4,33.59,,5,33.59
RTE-02521,VEH-0480,Van,2025-01-18,"ORD-002136,ORD-004531,ORD-005421,ORD-008805,ORD-005600,ORD-000675",182.68,,566.1,179.5,6,6,46.56 L,DRV-0680,12,46.56
RTE-02522,VEH-0681,Truck,2024-03-01,"ORD-000433,ORD-007311,ORD-005976,ORD-005538,ORD-009777,ORD-008813,ORD-010038,ORD-011848",6.5,444.12,674.7,492.9,8,8,59.2 L,DRV-0633,3,59.2
RTE-02523,VEH-0084,Drone,2024-08-27,"ORD-004509,ORD-004969,ORD-004639,ORD-000359",331.92,293.26,468.9,668.7,4,4,1489.0 Wh,,5,1489.0
RTE-02524,VEH-0579,Van,2024-08-05,ORD-004622,47.42,419.29,418.1,305.6,1,1,17.56,DRV-0491,4,17.56
RTE-02525,VEH-0488,Van,2024-09-14,"ORD-009218,ORD-001244",322.42,95.81,553.2,525.5,2,2,0.51 L,DRV-0627,11,0.51
RTE-02526,VEH-0556,Van,2025-06-15,"ORD-002955,ORD-001309,ORD-008397,ORD-000093,ORD-014929,ORD-009287,ORD-014083,ORD-012986",295.37,3.3,406.2,365.6,8,8,671.0 Wh,DRV-0199,14,671.0
RTE-02527,VEH-0224,Bike,2024-08-02,"ORD-009286,ORD-013723,ORD-011247,ORD-006803",194.22,,688.8,589.4,4,4,24.11,DRV-0555,10,24.11
RTE-02528,VEH-0416,Van,2024-02-21,"ORD-008049,ORD-007757,ORD-001526,ORD-011901,ORD-000662",287.49,26.19,263.4,64.2,5,5,42.76,DRV-0705,14,42.76
RTE-02529,VEH-0372,Bike,2024-01-25,"ORD-000584,ORD-000569,ORD-007372,ORD-013470,ORD-005159",247.96,206.03,437.1,352.1,5,5,52.52 L,DRV-0340,10,52.52
RTE-02530,VEH-0489,Van,2024-05-17,"ORD-012261,ORD-007306",336.24,254.01,29.6,541.9,2,1,53.15,DRV-0052,14,53.15
RTE-02531,VEH-0039,Drone,2025-03-14,"ORD-009906,ORD-000851,ORD-010416,ORD-013995,ORD-001687,ORD-003262",311.47,453.61,196.5,392.8,6,6,1568.0 Wh,,12,1568.0
RTE-02532,VEH-0484,Van,2025-06-25,"ORD-002689,ORD-010405,ORD-002414,ORD-004987,ORD-014122,ORD-005267,ORD-014948,ORD-013289,ORD-007870",11.69,36.33,252.5,669.7,9,9,58.76 L,DRV-0701,7,58.76
RTE-02533,VEH-0191,Bike,2025-06-09,"ORD-000761,ORD-012066,ORD-005902",180.78,392.11,518.4,362.7,3,3,39.07 L,DRV-0077,0,39.07
RTE-02534,VEH-0114,Drone,2025-03-26,"ORD-003268,ORD-000841,ORD-004250",48.66,166.35,91.2,731.6,3,3,20.08 L,,10,20.08
RTE-02535,VEH-0058,Drone,2024-04-07,"ORD-011439,ORD-003108,ORD-004917,ORD-002735,ORD-015000",244.37,433.19,110.5,279.3,5,5,48.8 L,,14,48.8
RTE-02536,VEH-0118,Drone,2024-12-12,"ORD-013781,ORD-006398,ORD-002509,ORD-013883,ORD-010825,ORD-002161,ORD-000132,ORD-008938,ORD-000846",389.56,222.05,250.1,723.6,9,8,50.24,,14,50.24
RTE-02537,VEH-0163,Bike,2025-04-06,"ORD-014504,ORD-014472,ORD-001390,ORD-004139,ORD-010404,ORD-009628",206.44,21.46,303.4,469.8,6,6,13.99 L,DRV-0008,12,13.99
RTE-02538,VEH-0367,Bike,2024-09-15,ORD-002943,125.61,371.15,387.3,685.8,1,0,52.3,DRV-0331,8,52.3
RTE-02539,VEH-0063,Drone,2024-08-14,"ORD-013118,ORD-000238,ORD-007366,ORD-013461,ORD-007056,ORD-008037,ORD-014570,ORD-002957,ORD-006201",290.95,70.67,607.4,700.8,9,9,5.46,,7,5.46
RTE-02540,VEH-0138,Drone,2024-09-19,"ORD-011686,ORD-005622",15.36,316.51,259.0,33.9,2,2,626.0 Wh,,14,626.0
RTE-02541,VEH-0692,Truck,2024-12-03,"ORD-014023,ORD-000258,ORD-002806,ORD-014528,ORD-006975,ORD-001098,ORD-004625",251.91,140.07,429.7,528.0,7,7,26.89 L,DRV-0206,12,26.89
RTE-02542,VEH-0361,Bike,2024-11-15,"ORD-001339,ORD-008545,ORD-013267,ORD-010462,ORD-014619,ORD-010005",177.89,179.93,195.7,208.2,6,6,57.94,DRV-0009,3,57.94
RTE-02543,VEH-0673,Truck,2024-02-14,ORD-003356,251.49,204.27,289.5,741.7,1,1,1691.0 Wh,DRV-0390,7,1691.0
RTE-02544,VEH-0443,Van,2024-06-18,"ORD-012664,ORD-014126,ORD-008248,ORD-011833,ORD-000055,ORD-006032,ORD-000499,ORD-008257,ORD-007257",222.98,57.35,647.2,680.2,9,8,45.26,DRV-0347,13,45.26
RTE-02545,VEH-0116,Drone,2025-01-11,"ORD-002352,ORD-000700,ORD-013730,ORD-010224,ORD-010493,ORD-014115,ORD-010028",30.05,58.52,414.7,789.8,7,7,989.0 Wh,,13,989.0
RTE-02546,VEH-0260,Bike,2024-12-18,"ORD-008010,ORD-007659,ORD-007656",269.68,436.03,40.3,148.3,3,3,4.37,DRV-0052,14,4.37
RTE-02547,VEH-0518,Van,2025-01-22,"ORD-000006,ORD-011780,ORD-005566,ORD-009438,ORD-012113,ORD-008988,ORD-002326,ORD-013762,ORD-008078",74.49,38.23,20.3,544.2,9,9,6.51 L,DRV-0116,4,6.51
RTE-02548,VEH-0259,Bike,2025-03-19,ORD-006458,377.91,195.47,678.1,768.7,1,1,12.23,DRV-0038,8,12.23
RTE-02549,VEH-0162,Bike,2024-01-05,"ORD-009070,ORD-011280,ORD-000600,ORD-013310,ORD-007743,ORD-008945,ORD-007329,ORD-007436,ORD-013370",221.91,204.48,307.0,93.0,9,9,848.0 Wh,DRV-0509,4,848.0
RTE-02550,VEH-0163,Bike,2025-05-15,"ORD-013455,ORD-014360,ORD-007963,ORD-014002,ORD-001545,ORD-004806,ORD-012401,ORD-000372,ORD-008657",63.6,426.55,219.3,736.0,9,9,40.53,DRV-0049,9,40.53
RTE-02551,VEH-0255,Bike,2024-11-10,"ORD-005216,ORD-013627,ORD-002014,ORD-003963,ORD-002195,ORD-009051",313.84,326.35,638.5,55.9,6,4,17.89 L,DRV-0402,5,17.89
RTE-02552,VEH-0662,Truck,2024-06-01,"ORD-010877,ORD-013933,ORD-011695,ORD-004847,ORD-009707,ORD-014243,ORD-012022",319.15,16.22,249.3,664.7,7,7,42.15 L,DRV-0229,3,42.15
RTE-02553,VEH-0526,Van,2024-01-04,"ORD-003738,ORD-011872,ORD-009439,ORD-011385,ORD-008078,ORD-006749",26.73,153.48,470.2,363.1,6,6,1232.0 Wh,DRV-0591,14,1232.0
RTE-02554,VEH-0147,Bike,2024-07-21,"ORD-012410,ORD-013653,ORD-012941,ORD-002860,ORD-001351,ORD-008421,ORD-013750",79.99,453.59,557.3,211.2,7,7,3.9,DRV-0894,9,3.9
RTE-02555,VEH-0577,Van,2025-03-11,"ORD-005179,ORD-000787,ORD-009145,ORD-011794,ORD-010486,ORD-012248,ORD-005017,ORD-004931",73.51,168.92,38.8,354.6,8,8,34.67,DRV-0200,13,34.67
RTE-02556,VEH-0674,Truck,2024-06-12,"ORD-003796,ORD-006821,ORD-009566,ORD-000811",384.31,218.27,336.8,754.2,4,3,342.0 Wh,DRV-0620,9,342.0
RTE-02557,VEH-0699,Truck,2025-01-08,ORD-003670,181.42,9.2,599.0,136.7,1,1,23.25 L,DRV-0724,13,23.25
RTE-02558,VEH-0049,Drone,2024-06-27,"ORD-004081,ORD-005041,ORD-014592,ORD-013310,ORD-004631,ORD-001505",378.77,339.46,92.1,270.5,6,5,1459.0 Wh,,7,1459.0
RTE-02559,VEH-0099,Drone,2025-02-04,"ORD-008977,ORD-011147,ORD-008843",243.18,157.18,540.5,43.2,3,3,0.52,,3,0.52
RTE-02560,VEH-0119,Drone,2024-08-28,"ORD-005446,ORD-006308,ORD-009317,ORD-007360",348.53,361.56,613.6,90.8,4,4,28.26,,13,28.26
RTE-02561,VEH-0442,Van,2024-09-25,"ORD-014750,ORD-012670",290.88,263.83,589.1,48.3,2,2,6.83,DRV-0333,13,6.83
RTE-02562,VEH-0602,Truck,2025-04-19,"ORD-013750,ORD-007842,ORD-013331,ORD-011229",365.39,226.84,661.0,694.3,4,4,1443.0 Wh,DRV-0836,5,1443.0
RTE-02563,VEH-0591,Truck,2024-07-11,"ORD-010424,ORD-005732,ORD-002527,ORD-003808",150.89,425.9,417.2,190.0,4,4,656.0 Wh,DRV-0688,4,656.0
RTE-02564,VEH-0583,Truck,2024-09-01,"ORD-000388,ORD-014478,ORD-000241,ORD-013948,ORD-008162,ORD-012029",241.5,229.99,176.6,571.1,6,6,48.26,DRV-0467,6,48.26
RTE-02565,VEH-0695,Truck,2024-10-17,"ORD-006496,ORD-013686",247.33,,368.0,624.0,2,2,654.0 Wh,DRV-0707,7,654.0
RTE-02566,VEH-0593,Truck,2025-03-21,"ORD-009273,ORD-002657,ORD-000588,ORD-005583",205.72,370.82,223.2,36.1,4,4,1574.0 Wh,DRV-0119,8,1574.0
RTE-02567,VEH-0389,Bike,2025-04-19,"ORD-007398,ORD-008992,ORD-002666,ORD-008886",37.29,387.72,55.1,224.6,4,4,27.86 L,DRV-0619,14,27.86
RTE-02568,VEH-0655,Truck,2024-01-23,"ORD-008198,ORD-012886,ORD-000605,ORD-007498",17.08,118.7,562.9,74.6,4,4,1555.0 Wh,DRV-0331,12,1555.0
RTE-02569,VEH-0680,Truck,2024-07-27,"ORD-012198,ORD-014906,ORD-010864,ORD-013103,ORD-010731,ORD-011905,ORD-005121,ORD-001310",320.65,231.23,688.0,423.3,8,8,1197.0 Wh,DRV-0079,11,1197.0
RTE-02570,VEH-0640,Truck,2025-02-17,"ORD-011456,ORD-011622,ORD-009650,ORD-014900,ORD-014092,ORD-006800,ORD-003372,ORD-001550,ORD-013329",83.84,183.92,514.0,767.2,9,9,41.68,DRV-0576,9,41.68
RTE-02571,VEH-0107,Drone,2025-05-13,"ORD-006681,ORD-014485,ORD-010988,ORD-010363,ORD-009867,ORD-004848,ORD-003536",337.59,281.98,423.9,200.3,7,7,1725.0 Wh,,9,1725.0
RTE-02572,VEH-0600,Truck,2024-07-31,"ORD-009982,ORD-006291,ORD-006634",371.85,414.55,249.3,497.9,3,3,4.91,DRV-0804,8,4.91
RTE-02573,VEH-0431,Van,2024-12-07,"ORD-012333,ORD-008747,ORD-002996,ORD-000893,ORD-013884,ORD-008300",21.71,116.88,440.9,76.9,6,5,3.85,DRV-0423,6,3.85
RTE-02574,VEH-0611,Truck,2024-06-05,"ORD-014202,ORD-005320",218.33,13.13,646.2,355.9,2,2,1972.0 Wh,DRV-0811,7,1972.0
RTE-02575,VEH-0576,Van,2025-06-04,"ORD-006553,ORD-001956,ORD-014821,ORD-012903,ORD-014751,ORD-007832",137.19,,433.4,743.6,6,4,19.42 L,DRV-0037,6,19.42
RTE-02576,VEH-0052,Drone,2025-02-24,"ORD-001182,ORD-007796,ORD-010825,ORD-009213,ORD-005958",151.39,249.78,365.3,771.7,5,5,41.61,,13,41.61
RTE-02577,VEH-0631,Truck,2024-02-24,"ORD-002695,ORD-006272,ORD-011842,ORD-011186,ORD-005117,ORD-005862",262.64,78.08,222.3,628.5,6,6,1464.0 Wh,DRV-0356,12,1464.0
RTE-02578,VEH-0689,Truck,2024-09-08,"ORD-011766,ORD-006875,ORD-013336,ORD-005010,ORD-011080,ORD-002571,ORD-008277,ORD-012686,ORD-002436",316.22,,97.0,278.3,9,9,36.15 L,DRV-0007,13,36.15
RTE-02579,VEH-0221,Bike,2025-04-20,"ORD-012524,ORD-001500,ORD-005277,ORD-000910,ORD-014425",287.54,268.37,355.8,248.3,5,5,59.86,DRV-0786,8,59.86
RTE-02580,VEH-0282,Bike,2025-04-08,"ORD-012615,ORD-014084,ORD-014353,ORD-014075",33.23,409.82,410.8,210.0,4,4,2141.0 Wh,DRV-0008,6,2141.0
RTE-02581,VEH-0342,Bike,2024-08-19,ORD-003906,194.15,229.22,33.5,787.1,1,1,19.65,DRV-0802,9,19.65
RTE-02582,VEH-0660,Truck,2025-05-10,ORD-001455,374.81,239.24,368.9,525.5,1,1,8.79 L,DRV-0255,13,8.79
RTE-02583,VEH-0219,Bike,2025-04-11,"ORD-001128,ORD-006779,ORD-006814,ORD-005416,ORD-005369",215.32,433.63,635.7,558.4,5,5,4.85 L,DRV-0163,10,4.85
RTE-02584,VEH-0149,Bike,2025-05-22,"ORD-005445,ORD-002603,ORD-009704,ORD-010615,ORD-009181,ORD-012802,ORD-009413,ORD-001090",330.56,402.06,81.0,533.5,8,8,55.21,DRV-0698,9,55.21
RTE-02585,VEH-0020,Drone,2024-11-29,"ORD-013549,ORD-008837,ORD-010155,ORD-003790,ORD-014765,ORD-001929",289.75,152.82,479.7,603.5,6,6,41.49,,6,41.49
RTE-02586,VEH-0597,Truck,2024-04-10,"ORD-005371,ORD-000666,ORD-009239,ORD-010423,ORD-007430,ORD-000082,ORD-004795",230.6,274.58,400.9,735.5,7,7,51.2 L,DRV-0132,14,51.2
RTE-02587,VEH-0620,Truck,2025-05-30,"ORD-006549,ORD-008987,ORD-005524",155.59,437.62,448.6,71.3,3,3,28.07 L,DRV-0760,13,28.07
RTE-02588,VEH-0629,Truck,2024-12-10,"ORD-002593,ORD-005421,ORD-005439",395.7,149.58,257.7,557.1,3,3,38.53,DRV-0107,5,38.53
RTE-02589,VEH-0601,Truck,2025-04-18,"ORD-009888,ORD-014377,ORD-000503",303.89,46.24,697.2,340.8,3,3,37.89 L,DRV-0361,11,37.89
RTE-02590,VEH-0049,Drone,2024-12-08,"ORD-011087,ORD-014344,ORD-014423,ORD-004883,ORD-011579,ORD-007570",325.67,454.63,176.4,96.1,6,6,38.13 L,,12,38.13
RTE-02591,VEH-0016,Drone,2024-07-06,"ORD-007472,ORD-007058,ORD-006978",212.9,239.65,479.2,546.8,3,3,12.33,,3,12.33
RTE-02592,VEH-0506,Van,2024-08-24,"ORD-007586,ORD-000696",386.07,276.83,269.0,657.7,2,2,11.31 L,DRV-0351,12,11.31
RTE-02593,VEH-0353,Bike,2024-10-25,"ORD-004724,ORD-014320,ORD-003035,ORD-012663",205.2,260.95,565.3,469.0,4,4,43.18,DRV-0215,11,43.18
RTE-02594,VEH-0591,Truck,2025-05-13,"ORD-011663,ORD-014606,ORD-002721,ORD-011706,ORD-012847,ORD-000109,ORD-010966,ORD-001872,ORD-003553",370.22,115.21,452.9,515.3,9,7,39.93,DRV-0897,14,39.93
RTE-02595,VEH-0089,Drone,2024-07-23,"ORD-009551,ORD-003755,ORD-005564,ORD-006466,ORD-004862,ORD-010835",227.6,,438.2,211.1,6,6,24.01 L,,9,24.01
RTE-02596,VEH-0531,Van,2024-01-27,"ORD-010673,ORD-001864,ORD-008196",31.19,322.83,286.4,619.0,3,3,1966.0 Wh,DRV-0380,10,1966.0
RTE-02597,VEH-0567,Van,2025-03-17,"ORD-013474,ORD-007974,ORD-008006,ORD-012953,ORD-012164,ORD-009487,ORD-008689,ORD-003084,ORD-014626",268.45,,251.8,533.8,9,9,612.0 Wh,DRV-0785,13,612.0
RTE-02598,VEH-0468,Van,2024-02-11,"ORD-006712,ORD-007972,ORD-000772,ORD-008963,ORD-014355",140.76,140.37,535.8,762.8,5,5,52.1,DRV-0422,4,52.1
RTE-02599,VEH-0536,Van,2025-04-27,ORD-014546,117.66,106.54,106.6,529.1,1,1,46.28 L,DRV-0195,10,46.28
RTE-02600,VEH-0623,Truck,2024-10-07,"ORD-007017,ORD-000651,ORD-008124,ORD-012653,ORD-002360,ORD-005822",162.91,202.6,420.0,690.3,6,6,57.11 L,DRV-0763,14,57.11
RTE-02601,VEH-0585,Truck,2024-02-07,"ORD-014566,ORD-001266,ORD-004377,ORD-002181,ORD-004824,ORD-014117",358.37,196.36,295.1,490.9,6,6,35.34 L,DRV-0244,9,35.34
RTE-02602,VEH-0675,Truck,2024-01-09,"ORD-004233,ORD-005472,ORD-001597,ORD-011011,ORD-009933,ORD-014806,ORD-001692,ORD-000484,ORD-003243",153.0,134.13,442.0,321.0,9,9,1498.0 Wh,DRV-0835,3,1498.0
RTE-02603,VEH-0510,Van,2024-11-15,"ORD-005972,ORD-008233,ORD-012040,ORD-009494,ORD-009450,ORD-009092,ORD-007817",372.6,174.06,414.9,720.5,7,7,2138.0 Wh,DRV-0744,3,2138.0
RTE-02604,VEH-0361,Bike,2024-05-10,"ORD-000916,ORD-005402,ORD-010602,ORD-005224,ORD-014552,ORD-007584",158.88,410.41,306.2,258.0,6,6,19.04 L,DRV-0705,3,19.04
RTE-02605,VEH-0083,Drone,2024-07-12,"ORD-004978,ORD-000922,ORD-008200,ORD-006280,ORD-014255,ORD-002907,ORD-007281,ORD-006218",166.33,38.62,586.0,414.3,8,8,802.0 Wh,,12,802.0
RTE-02606,VEH-0010,Drone,2025-03-10,"ORD-012352,ORD-009811,ORD-010265",75.09,383.27,518.9,413.3,3,2,38.52,,5,38.52
RTE-02607,VEH-0674,Truck,2025-03-31,"ORD-003373,ORD-007063,ORD-000542,ORD-005754,ORD-013977,ORD-012866,ORD-010819",16.56,302.36,519.3,141.0,7,7,28.38 L,DRV-0001,10,28.38
RTE-02608,VEH-0478,Van,2024-01-18,"ORD-005712,ORD-006740,ORD-002393,ORD-008384",190.57,10.03,139.2,347.7,4,4,8.19 L,DRV-0257,7,8.19
RTE-02609,VEH-0014,Drone,2025-01-11,"ORD-006622,ORD-007333,ORD-005230,ORD-000411,ORD-014292",313.05,98.54,272.5,595.4,5,4,33.95,,14,33.95
RTE-02610,VEH-0021,Drone,2024-03-29,"ORD-001702,ORD-007180",261.13,18.6,466.7,635.1,2,2,1409.0 Wh,,6,1409.0
RTE-02611,VEH-0304,Bike,2025-05-23,"ORD-007855,ORD-013885,ORD-014090,ORD-012291,ORD-004013,ORD-007397,ORD-006147,ORD-001313",313.13,118.78,546.2,730.0,8,8,989.0 Wh,DRV-0669,8,989.0
RTE-02612,VEH-0147,Bike,2025-01-01,"ORD-014790,ORD-000774,ORD-008845,ORD-014281,ORD-000265,ORD-011243,ORD-006777,ORD-000275",399.32,411.55,35.4,752.1,8,8,22.74,DRV-0528,9,22.74
RTE-02613,VEH-0031,Drone,2024-03-17,ORD-010785,236.41,172.06,291.4,474.1,1,1,11.18,,14,11.18
RTE-02614,VEH-0676,Truck,2024-06-13,"ORD-013108,ORD-013867,ORD-001003,ORD-012320,ORD-006863,ORD-004782",219.99,206.94,111.5,465.4,6,6,539.0 Wh,DRV-0431,13,539.0
RTE-02615,VEH-0578,Van,2024-06-29,"ORD-010720,ORD-002073,ORD-005644,ORD-008402,ORD-013766",123.76,99.61,647.7,792.4,5,5,38.74,DRV-0126,7,38.74
RTE-02616,VEH-0045,Drone,2025-05-03,"ORD-011405,ORD-012376,ORD-000205,ORD-003639",343.66,432.46,306.5,214.1,4,4,53.68 L,,3,53.68
RTE-02617,VEH-0682,Truck,2024-09-04,"ORD-000077,ORD-004994,ORD-002108,ORD-007967,ORD-012006",25.81,,474.3,203.0,5,5,53.16,DRV-0034,11,53.16
RTE-02618,VEH-0146,Bike,2024-04-10,"ORD-010478,ORD-008387,ORD-003640,ORD-005141,ORD-006664,ORD-014003",270.57,373.42,666.2,61.1,6,5,39.68,DRV-0483,13,39.68
RTE-02619,VEH-0012,Drone,2024-08-13,"ORD-003398,ORD-002844,ORD-001660,ORD-008646,ORD-000013,ORD-001290,ORD-011762,ORD-004022",204.92,265.67,207.6,399.0,8,8,1295.0 Wh,,4,1295.0
RTE-02620,VEH-0005,Drone,2024-01-10,"ORD-013847,ORD-011432,ORD-004891,ORD-003514,ORD-001849,ORD-013294,ORD-010445",393.26,312.71,234.2,377.8,7,7,36.02,,13,36.02
RTE-02621,VEH-0034,Drone,2024-11-19,"ORD-003732,ORD-002376,ORD-002398",283.28,425.92,511.0,278.0,3,1,32.97,,8,32.97
RTE-02622,VEH-0079,Drone,2024-08-15,"ORD-014963,ORD-014269",237.6,330.92,536.1,32.1,2,2,5.59,,7,5.59
RTE-02623,VEH-0262,Bike,2024-12-01,"ORD-007872,ORD-014669,ORD-000855,ORD-002306,ORD-004596",99.14,361.51,438.1,576.4,5,5,1556.0 Wh,DRV-0112,6,1556.0
RTE-02624,VEH-0264,Bike,2024-12-11,"ORD-003228,ORD-011653,ORD-008712,ORD-005467",238.04,372.44,667.1,347.9,4,4,1205.0 Wh,DRV-0482,5,1205.0
RTE-02625,VEH-0494,Van,2024-10-25,"ORD-007469,ORD-010073,ORD-006922,ORD-012071,ORD-003775,ORD-014036,ORD-008127,ORD-009973",115.58,370.34,503.1,393.3,8,8,46.82,DRV-0102,4,46.82
RTE-02626,VEH-0506,Van,2024-03-10,ORD-014985,211.32,167.44,683.4,290.6,1,0,10.5 L,DRV-0433,4,10.5
RTE-02627,VEH-0371,Bike,2024-08-13,"ORD-010855,ORD-007711",336.61,139.55,575.4,413.6,2,1,1842.0 Wh,DRV-0192,8,1842.0
RTE-02628,VEH-0699,Truck,2024-08-22,"ORD-003423,ORD-012697,ORD-001071,ORD-011586,ORD-001623",201.78,70.02,21.9,404.8,5,5,47.47,DRV-0554,7,47.47
RTE-02629,VEH-0422,Van,2024-01-06,"ORD-010115,ORD-005408,ORD-001060,ORD-013835,ORD-000016,ORD-007700",334.7,428.44,58.9,620.8,6,6,12.63,DRV-0354,4,12.63
RTE-02630,VEH-0526,Van,2024-07-21,"ORD-009836,ORD-010073,ORD-007815,ORD-011098,ORD-001560,ORD-010992,ORD-001065,ORD-012612,ORD-010974",148.12,160.77,646.3,193.1,9,9,13.6,DRV-0675,12,13.6
RTE-02631,VEH-0065,Drone,2024-01-19,"ORD-010297,ORD-011061,ORD-007283,ORD-007033,ORD-003947,ORD-006017,ORD-007471,ORD-004170,ORD-007426",316.89,89.77,431.3,562.1,9,9,32.34,,13,32.34
RTE-02632,VEH-0045,Drone,2025-04-04,"ORD-002528,ORD-002662,ORD-003392,ORD-001248,ORD-004469,ORD-002820,ORD-014375,ORD-004689,ORD-002965",317.7,427.76,553.6,395.5,9,9,37.67,,12,37.67
RTE-02633,VEH-0484,Van,2025-04-27,"ORD-008307,ORD-003458",408.7,446.8,316.9,498.3,2,2,2007.0 Wh,DRV-0361,9,2007.0
RTE-02634,VEH-0323,Bike,2025-02-03,"ORD-005446,ORD-011886,ORD-000021,ORD-001798,ORD-014427,ORD-004009,ORD-012864,ORD-001752,ORD-007163",27.85,368.98,423.3,506.0,9,9,1671.0 Wh,DRV-0124,12,1671.0
RTE-02635,VEH-0246,Bike,2024-03-10,"ORD-012233,ORD-004326,ORD-000275",311.9,249.31,438.6,718.7,3,3,27.79 L,DRV-0170,11,27.79
RTE-02636,VEH-0076,Drone,2024-08-20,"ORD-003943,ORD-003077,ORD-014248,ORD-011629",33.23,177.55,418.1,660.5,4,4,26.11 L,,9,26.11
RTE-02637,VEH-0637,Truck,2025-03-30,"ORD-009018,ORD-008362,ORD-011700,ORD-007782",38.91,121.73,621.7,549.3,4,4,891.0 Wh,DRV-0009,7,891.0
RTE-02638,VEH-0013,Drone,2025-05-13,"ORD-012023,ORD-010275,ORD-003330",122.07,349.47,475.2,598.0,3,3,26.94,,7,26.94
RTE-02639,VEH-0583,Truck,2024-08-05,"ORD-008621,ORD-000223,ORD-012772,ORD-014504,ORD-001081",21.58,251.1,276.5,438.4,5,5,1389.0 Wh,DRV-0220,12,1389.0
RTE-02640,VEH-0070,Drone,2024-05-03,"ORD-009086,ORD-010979,ORD-005038,ORD-004749,ORD-004280,ORD-010111,ORD-003966",417.23,214.36,383.6,665.8,7,7,702.0 Wh,,4,702.0
RTE-02641,VEH-0381,Bike,2024-03-07,"ORD-014888,ORD-003577,ORD-011579,ORD-004704,ORD-013326,ORD-007035",368.3,375.65,236.0,222.3,6,6,34.25 L,DRV-0740,3,34.25
RTE-02642,VEH-0081,Drone,2024-02-29,"ORD-005213,ORD-014233,ORD-011458,ORD-006657,ORD-010260",78.18,293.41,121.8,144.2,5,3,31.33 L,,11,31.33
RTE-02643,VEH-0557,Van,2024-08-11,"ORD-007566,ORD-002488,ORD-013689",226.4,355.18,217.5,593.4,3,3,2073.0 Wh,DRV-0232,10,2073.0
RTE-02644,VEH-0605,Truck,2024-05-02,"ORD-010722,ORD-007845",383.54,252.62,662.1,535.5,2,2,21.24 L,DRV-0872,10,21.24
RTE-02645,VEH-0424,Van,2024-06-25,"ORD-011941,ORD-010028,ORD-009820,ORD-002598,ORD-014361,ORD-004394,ORD-008381,ORD-007564,ORD-011940",316.08,113.23,417.3,163.7,9,9,54.07 L,DRV-0861,14,54.07
RTE-02646,VEH-0123,Drone,2024-11-23,"ORD-006495,ORD-012735,ORD-012396",338.83,366.41,523.4,213.8,3,3,16.13 L,,12,16.13
RTE-02647,VEH-0212,Bike,2025-04-01,"ORD-006123,ORD-011728,ORD-002844",166.49,78.05,462.9,683.3,3,3,707.0 Wh,DRV-0615,10,707.0
RTE-02648,VEH-0251,Bike,2024-01-05,"ORD-001122,ORD-003488,ORD-010503,ORD-011286,ORD-012914,ORD-002591,ORD-009227,ORD-010090,ORD-004745",59.03,218.58,393.0,89.0,9,9,56.51,DRV-0043,6,56.51
RTE-02649,VEH-0452,Van,2025-01-16,"ORD-004541,ORD-001588,ORD-009230",74.58,341.13,283.0,789.0,3,3,1517.0 Wh,DRV-0752,3,1517.0
RTE-02650,VEH-0070,Drone,2025-01-21,"ORD-008825,ORD-007724,ORD-005198",50.19,119.08,695.0,30.9,3,3,21.18 L,,9,21.18
RTE-02651,VEH-0531,Van,2025-06-11,"ORD-011451,ORD-010455,ORD-010480,ORD-005842,ORD-009137,ORD-013373",93.81,284.05,177.8,155.3,6,6,42.91,DRV-0380,13,42.91
RTE-02652,VEH-0140,Drone,2024-12-15,ORD-005207,143.54,119.86,695.1,268.1,1,1,946.0 Wh,,12,946.0
RTE-02653,VEH-0221,Bike,2025-02-04,"ORD-012246,ORD-014973,ORD-002277,ORD-012262,ORD-000792,ORD-011587,ORD-009277",181.45,220.48,288.9,478.3,7,7,469.0 Wh,DRV-0010,13,469.0
RTE-02654,VEH-0527,Van,2024-08-12,"ORD-014297,ORD-009445,ORD-004097,ORD-012114,ORD-003962,ORD-003865,ORD-001105,ORD-011969",346.35,94.17,173.3,687.4,8,8,26.87 L,DRV-0448,10,26.87
RTE-02655,VEH-0178,Bike,2024-06-13,ORD-012725,247.7,240.37,276.8,75.6,1,0,8.05 L,DRV-0701,10,8.05
RTE-02656,VEH-0424,Van,2024-03-03,"ORD-008086,ORD-012495",371.52,130.62,432.9,163.4,2,2,3.58 L,DRV-0105,6,3.58
RTE-02657,VEH-0356,Bike,2025-04-23,"ORD-012513,ORD-009479,ORD-009019",340.33,243.57,39.2,31.5,3,3,796.0 Wh,DRV-0109,13,796.0
RTE-02658,VEH-0190,Bike,2024-03-05,"ORD-006586,ORD-007275,ORD-009780,ORD-013868,ORD-003390,ORD-004118,ORD-010135,ORD-009619,ORD-003748",372.53,443.07,477.5,742.5,9,9,1923.0 Wh,DRV-0554,12,1923.0
RTE-02659,VEH-0630,Truck,2024-12-15,"ORD-000184,ORD-005714,ORD-010577",12.0,103.85,273.1,342.9,3,3,35.24 L,DRV-0564,13,35.24
RTE-02660,VEH-0234,Bike,2024-10-18,"ORD-006224,ORD-002604,ORD-014281",186.1,8.8,485.8,784.9,3,3,36.6 L,DRV-0220,14,36.6
RTE-02661,VEH-0087,Drone,2025-01-20,ORD-000932,392.95,104.32,677.8,518.9,1,1,31.89,,3,31.89
RTE-02662,VEH-0617,Truck,2024-05-19,"ORD-000640,ORD-014873,ORD-009555,ORD-014697,ORD-006560",311.87,207.31,182.4,539.0,5,5,16.83 L,DRV-0634,13,16.83
RTE-02663,VEH-0581,Truck,2024-02-18,ORD-008025,25.34,109.24,419.3,496.6,1,1,1164.0 Wh,DRV-0217,7,1164.0
RTE-02664,VEH-0356,Bike,2024-05-16,ORD-002859,14.93,192.66,649.3,440.6,1,1,26.75,DRV-0273,6,26.75
RTE-02665,VEH-0583,Truck,2024-10-08,"ORD-010402,ORD-002324,ORD-006771,ORD-000556,ORD-001821,ORD-010647,ORD-012154,ORD-002452,ORD-003822",158.65,,94.6,572.6,9,9,9.61,DRV-0224,9,9.61
RTE-02666,VEH-0083,Drone,2024-07-23,"ORD-013694,ORD-004811",220.1,246.55,166.8,249.3,2,2,9.29 L,,6,9.29
RTE-02667,VEH-0613,Truck,2024-03-23,"ORD-004356,ORD-007472,ORD-005937,ORD-012007,ORD-006602,ORD-003684",4.09,328.51,252.7,368.4,6,6,1617.0 Wh,DRV-0564,5,1617.0
RTE-02668,VEH-0516,Van,2024-12-10,"ORD-011598,ORD-010671,ORD-005755,ORD-003696,ORD-005942,ORD-003325,ORD-005249,ORD-000628,ORD-013139",201.82,85.36,647.0,561.2,9,9,41.54 L,DRV-0572,5,41.54
RTE-02669,VEH-0561,Van,2025-04-18,"ORD-005910,ORD-012332,ORD-009870,ORD-013582,ORD-001502,ORD-009870,ORD-013710",334.2,382.52,261.7,23.8,7,7,26.83 L,DRV-0114,10,26.83
RTE-02670,VEH-0446,Van,2024-09-12,"ORD-001605,ORD-010612,ORD-001227,ORD-000438,ORD-002163",251.85,237.64,160.1,150.6,5,4,22.46,DRV-0286,5,22.46
RTE-02671,VEH-0162,Bike,2024-05-16,"ORD-009669,ORD-009705,ORD-003175,ORD-000455",305.46,281.91,635.6,290.4,4,4,3.8,DRV-0642,8,3.8
RTE-02672,VEH-0110,Drone,2024-11-17,ORD-003717,245.85,165.54,486.5,433.8,1,1,32.15,,10,32.15
RTE-02673,VEH-0354,Bike,2024-02-03,"ORD-001148,ORD-003755,ORD-002304,ORD-012493,ORD-012016,ORD-014383,ORD-010673,ORD-005976,ORD-004377",21.5,245.43,603.7,701.4,9,9,29.5 L,DRV-0145,10,29.5
RTE-02674,VEH-0410,Van,2024-12-27,"ORD-011766,ORD-011863,ORD-012849,ORD-005055,ORD-011322",352.13,29.96,628.0,227.9,5,5,37.98 L,DRV-0726,12,37.98
RTE-02675,VEH-0189,Bike,2024-08-25,"ORD-012279,ORD-003416,ORD-005007,ORD-005962,ORD-002330",212.38,242.56,653.9,138.0,5,5,1169.0 Wh,DRV-0468,13,1169.0
RTE-02676,VEH-0670,Truck,2024-03-29,ORD-009501,59.15,103.25,510.1,295.9,1,1,20.25,DRV-0518,8,20.25
RTE-02677,VEH-0344,Bike,2024-11-03,"ORD-011764,ORD-014452",213.55,335.21,318.1,776.9,2,1,36.34 L,DRV-0056,3,36.34
RTE-02678,VEH-0533,Van,2024-01-04,"ORD-003176,ORD-012833,ORD-008821",323.09,434.36,393.9,260.8,3,3,603.0 Wh,DRV-0104,9,603.0
RTE-02679,VEH-0017,Drone,2025-01-25,ORD-009434,44.08,297.09,622.3,350.3,1,1,23.45 L,,7,23.45
RTE-02680,VEH-0402,Van,2024-09-15,"ORD-010442,ORD-014666,ORD-004956,ORD-008584,ORD-003239",73.38,254.55,197.7,525.6,5,5,44.09 L,DRV-0116,4,44.09
RTE-02681,VEH-0266,Bike,2024-09-24,"ORD-008129,ORD-008689,ORD-003048",309.72,61.76,15.8,399.1,3,3,1470.0 Wh,DRV-0675,13,1470.0
RTE-02682,VEH-0097,Drone,2024-04-20,"ORD-001907,ORD-009675,ORD-014277,ORD-013718,ORD-010216,ORD-005532,ORD-005811,ORD-010899,ORD-005107",164.39,215.07,113.0,656.3,9,9,49.34 L,,0,49.34
RTE-02683,VEH-0086,Drone,2025-03-27,ORD-001413,78.7,449.18,573.5,74.3,1,1,51.92 L,,4,51.92
RTE-02684,VEH-0055,Drone,2024-05-06,"ORD-003973,ORD-011484,ORD-003960,ORD-007278,ORD-004334",244.23,313.24,337.9,471.8,5,5,36.17,,8,36.17
RTE-02685,VEH-0573,Van,2024-05-03,"ORD-010424,ORD-013787,ORD-009013,ORD-008718",291.74,287.3,40.1,761.6,4,4,4.61,DRV-0296,12,4.61
RTE-02686,VEH-0672,Truck,2024-10-18,"ORD-009960,ORD-009665,ORD-001930,ORD-001834,ORD-004672",6.72,102.68,401.1,588.4,5,5,59.96,DRV-0431,6,59.96
RTE-02687,VEH-0579,Van,2024-06-14,"ORD-014670,ORD-007467,ORD-014558,ORD-004183,ORD-012837,ORD-011404,ORD-002825,ORD-002239,ORD-009493",354.31,321.15,611.1,485.8,9,8,34.08 L,DRV-0485,12,34.08
RTE-02688,VEH-0477,Van,2024-08-31,"ORD-009975,ORD-013891,ORD-006012,ORD-003174,ORD-007525,ORD-005161,ORD-001074,ORD-011315,ORD-007275",188.03,136.68,62.7,641.7,9,9,1468.0 Wh,DRV-0464,7,1468.0
RTE-02689,VEH-0184,Bike,2025-05-20,"ORD-011878,ORD-011761,ORD-000110,ORD-000172,ORD-012014,ORD-004338,ORD-010849,ORD-003503",332.42,17.62,34.6,148.2,8,8,19.73,DRV-0402,14,19.73
RTE-02690,VEH-0619,Truck,2025-06-03,"ORD-001084,ORD-000374,ORD-000970,ORD-013037,ORD-014154",129.71,75.69,671.7,771.7,5,4,37.7 L,DRV-0280,5,37.7
RTE-02691,VEH-0244,Bike,2025-01-26,"ORD-003018,ORD-006998",283.83,203.68,207.4,464.0,2,1,1516.0 Wh,DRV-0465,3,1516.0
RTE-02692,VEH-0641,Truck,2024-03-31,"ORD-010019,ORD-008892,ORD-005450,ORD-005805,ORD-007147",328.74,267.68,344.0,714.8,5,5,44.41,DRV-0894,0,44.41
RTE-02693,VEH-0663,Truck,2024-09-29,"ORD-001819,ORD-001758,ORD-001288,ORD-006048,ORD-013808,ORD-013499,ORD-006554",132.49,419.32,520.8,782.8,7,7,2024.0 Wh,DRV-0632,10,2024.0
RTE-02694,VEH-0258,Bike,2024-12-28,"ORD-012002,ORD-013152,ORD-011253,ORD-004209,ORD-003200,ORD-002124",197.29,99.73,191.9,181.0,6,6,944.0 Wh,DRV-0358,14,944.0
RTE-02695,VEH-0346,Bike,2024-11-03,ORD-000218,404.97,86.88,363.8,529.6,1,1,23.71 L,DRV-0247,6,23.71
RTE-02696,VEH-0501,Van,2025-06-10,"ORD-003125,ORD-005470,ORD-012459",336.56,10.7,378.8,319.7,3,1,41.91 L,DRV-0391,9,41.91
RTE-02697,VEH-0656,Truck,2025-05-18,"ORD-009633,ORD-002912",351.6,425.57,248.7,721.8,2,2,1520.0 Wh,DRV-0728,8,1520.0
RTE-02698,VEH-0536,Van,2024-08-24,"ORD-010766,ORD-002731,ORD-004641,ORD-013941,ORD-003487,ORD-008914,ORD-011792",287.32,155.81,572.5,416.3,7,7,23.25,DRV-0205,11,23.25
RTE-02699,VEH-0643,Truck,2024-06-22,"ORD-007295,ORD-009799,ORD-006245,ORD-007711,ORD-013886,ORD-011910,ORD-011872",3.11,443.95,241.9,73.3,7,7,43.26,DRV-0608,3,43.26
RTE-02700,VEH-0482,Van,2024-12-17,ORD-001889,307.31,363.65,147.7,443.4,1,1,18.15 L,DRV-0365,3,18.15
RTE-02701,VEH-0018,Drone,2024-12-23,"ORD-013279,ORD-003236,ORD-005812,ORD-000295,ORD-010198,ORD-011427",367.79,383.38,305.8,122.5,6,6,53.25 L,,5,53.25
RTE-02702,VEH-0248,Bike,2024-12-30,"ORD-014714,ORD-005020,ORD-008750,ORD-000163,ORD-003259,ORD-006709,ORD-001729,ORD-013025,ORD-013447",182.98,48.99,144.2,440.4,9,9,1008.0 Wh,DRV-0266,7,1008.0
RTE-02703,VEH-0053,Drone,2025-02-28,"ORD-007938,ORD-001610,ORD-009373,ORD-001111",236.93,,55.8,146.1,4,4,21.62 L,,9,21.62
RTE-02704,VEH-0401,Van,2024-02-10,"ORD-013391,ORD-014980,ORD-003309,ORD-012864,ORD-004053,ORD-013235,ORD-014879",33.42,248.0,576.5,656.9,7,7,11.41 L,DRV-0310,11,11.41
RTE-02705,VEH-0127,Drone,2024-01-23,ORD-006254,324.24,113.68,331.5,435.2,1,1,55.04 L,,7,55.04
RTE-02706,VEH-0248,Bike,2024-10-12,"ORD-000038,ORD-002129,ORD-000921,ORD-000975,ORD-011797,ORD-002346,ORD-004620,ORD-010689,ORD-011722",120.81,373.9,549.5,253.4,9,9,12.04 L,DRV-0753,12,12.04
RTE-02707,VEH-0604,Truck,2024-09-16,"ORD-008406,ORD-002546,ORD-014569,ORD-013837,ORD-006430,ORD-006575,ORD-007728,ORD-010644",6.01,225.23,665.2,340.9,8,8,948.0 Wh,DRV-0843,0,948.0
RTE-02708,VEH-0281,Bike,2025-02-26,"ORD-002927,ORD-002774,ORD-013637,ORD-001134",251.42,135.92,137.0,185.2,4,2,58.87,DRV-0284,13,58.87
RTE-02709,VEH-0007,Drone,2025-06-14,"ORD-014636,ORD-007781,ORD-006398,ORD-003517,ORD-001723,ORD-011252",398.11,449.39,393.8,598.6,6,6,58.84 L,,11,58.84
RTE-02710,VEH-0457,Van,2025-02-23,"ORD-001162,ORD-002110,ORD-000584,ORD-000101,ORD-006088",297.79,26.44,537.3,21.7,5,5,30.26,DRV-0878,11,30.26
RTE-02711,VEH-0093,Drone,2025-06-09,"ORD-002443,ORD-001423,ORD-007472,ORD-013573,ORD-011215",231.27,13.85,258.4,131.7,5,5,49.42 L,,13,49.42
RTE-02712,VEH-0008,Drone,2024-03-12,"ORD-007801,ORD-004868",91.31,78.28,252.4,496.5,2,2,20.17 L,,9,20.17
RTE-02713,VEH-0556,Van,2024-02-10,"ORD-002985,ORD-014862,ORD-000986",191.92,438.33,313.4,165.8,3,3,410.0 Wh,DRV-0573,7,410.0
RTE-02714,VEH-0611,Truck,2024-05-11,"ORD-013512,ORD-001958,ORD-009405,ORD-003382",275.74,66.1,88.4,743.3,4,4,28.57 L,DRV-0165,9,28.57
RTE-02715,VEH-0691,Truck,2024-07-12,"ORD-001946,ORD-006983,ORD-002310,ORD-001813,ORD-007164,ORD-001882,ORD-012082,ORD-014706",85.62,417.26,321.4,351.6,8,8,40.68 L,DRV-0892,11,40.68
RTE-02716,VEH-0253,Bike,2024-02-23,"ORD-008650,ORD-004239,ORD-011131,ORD-014553,ORD-007188",104.86,178.1,250.0,401.5,5,5,34.8 L,DRV-0770,13,34.8
RTE-02717,VEH-0430,Van,2024-04-16,"ORD-000251,ORD-009335",50.36,295.66,451.1,308.8,2,2,21.37 L,DRV-0141,8,21.37
RTE-02718,VEH-0466,Van,2024-06-23,"ORD-003541,ORD-008719,ORD-010209,ORD-012794",119.18,412.52,391.4,794.3,4,4,1.18,DRV-0074,11,1.18
RTE-02719,VEH-0652,Truck,2024-06-27,"ORD-007869,ORD-001175,ORD-004018,ORD-007142,ORD-002795",117.98,237.84,494.4,676.2,5,5,59.28 L,DRV-0864,8,59.28
RTE-02720,VEH-0189,Bike,2024-10-12,"ORD-007651,ORD-009339",115.14,165.34,637.4,658.1,2,2,531.0 Wh,DRV-0780,8,531.0
RTE-02721,VEH-0452,Van,2024-10-05,"ORD-013993,ORD-009351",147.75,14.34,358.4,552.2,2,2,2.84,DRV-0448,6,2.84
RTE-02722,VEH-0503,Van,2025-05-29,"ORD-012353,ORD-002315,ORD-008775,ORD-004876,ORD-001288,ORD-000062,ORD-007732,ORD-000508",339.21,280.59,670.5,706.3,8,7,339.0 Wh,DRV-0318,11,339.0
RTE-02723,VEH-0435,Van,2024-08-19,"ORD-005513,ORD-013938,ORD-011452,ORD-006274,ORD-005675,ORD-007689,ORD-010188,ORD-002995",334.88,326.51,312.8,128.3,8,8,14.11 L,DRV-0294,9,14.11
RTE-02724,VEH-0659,Truck,2024-09-24,"ORD-006778,ORD-000053,ORD-007927,ORD-007033,ORD-003797",243.78,71.07,681.5,718.4,5,5,41.0,DRV-0196,3,41.0
RTE-02725,VEH-0063,Drone,2024-09-23,"ORD-006670,ORD-002194,ORD-001420",88.45,274.65,396.6,794.1,3,2,56.13,,4,56.13
RTE-02726,VEH-0470,Van,2024-04-23,"ORD-012806,ORD-005305,ORD-012920,ORD-013288,ORD-001770,ORD-002699,ORD-006965",293.46,138.09,53.5,562.3,7,6,44.76 L,DRV-0046,12,44.76
RTE-02727,VEH-0615,Truck,2024-08-05,"ORD-007927,ORD-008398",187.25,247.74,272.1,443.3,2,2,34.4,DRV-0709,9,34.4
RTE-02728,VEH-0261,Bike,2025-04-27,"ORD-009505,ORD-007517,ORD-010986,ORD-013993,ORD-005702,ORD-011114,ORD-000793",110.05,63.43,564.5,408.6,7,7,56.31 L,DRV-0798,6,56.31
RTE-02729,VEH-0369,Bike,2024-06-29,"ORD-004645,ORD-005346",9.1,93.35,695.2,57.0,2,2,41.89,DRV-0461,5,41.89
RTE-02730,VEH-0651,Truck,2024-01-27,"ORD-009988,ORD-014838,ORD-004391,ORD-004217,ORD-002647,ORD-011961,ORD-005106,ORD-002764",304.04,14.22,282.9,682.6,8,6,2057.0 Wh,DRV-0023,10,2057.0
RTE-02731,VEH-0217,Bike,2024-01-03,"ORD-002786,ORD-005721",43.29,280.61,277.5,318.3,2,0,6.33 L,DRV-0214,10,6.33
RTE-02732,VEH-0172,Bike,2024-10-02,"ORD-014201,ORD-011922,ORD-005833,ORD-012330,ORD-012309,ORD-002670",407.76,185.29,599.0,527.4,6,6,25.15,DRV-0345,14,25.15
RTE-02733,VEH-0069,Drone,2024-12-23,ORD-009232,242.37,137.99,331.6,132.6,1,1,40.39,,11,40.39
RTE-02734,VEH-0206,Bike,2025-03-20,"ORD-005891,ORD-007323,ORD-014369,ORD-005130,ORD-012805,ORD-013801,ORD-010212,ORD-013683,ORD-012682",98.34,444.2,70.8,148.8,9,9,48.96 L,DRV-0332,6,48.96
RTE-02735,VEH-0412,Van,2024-08-14,"ORD-014299,ORD-001616,ORD-014849,ORD-000447",236.27,50.99,526.2,574.4,4,3,49.45 L,DRV-0840,12,49.45
RTE-02736,VEH-0626,Truck,2025-01-21,"ORD-001650,ORD-006069,ORD-013088,ORD-008117,ORD-010024,ORD-006438,ORD-010024,ORD-012390",192.53,354.98,630.4,437.5,8,8,501.0 Wh,DRV-0495,12,501.0
RTE-02737,VEH-0217,Bike,2025-06-11,"ORD-013172,ORD-009385,ORD-008949",198.06,133.36,54.2,526.7,3,2,29.27 L,DRV-0161,5,29.27
RTE-02738,VEH-0562,Van,2025-01-30,"ORD-001746,ORD-006664,ORD-008825,ORD-011977,ORD-007259,ORD-004376,ORD-007580,ORD-008909",373.29,459.93,170.6,173.7,8,8,42.65 L,DRV-0098,13,42.65
RTE-02739,VEH-0050,Drone,2024-03-15,"ORD-012331,ORD-012250,ORD-001849,ORD-008292,ORD-006947,ORD-001761,ORD-003931,ORD-005552",73.68,47.21,420.5,159.2,8,8,27.3 L,,7,27.3
RTE-02740,VEH-0319,Bike,2024-05-22,ORD-002999,198.48,248.13,46.7,154.4,1,1,1806.0 Wh,DRV-0587,9,1806.0
RTE-02741,VEH-0130,Drone,2024-07-02,"ORD-007433,ORD-013993,ORD-009817,ORD-011170,ORD-003204,ORD-006359,ORD-006052,ORD-005764",395.74,371.12,416.9,716.6,8,8,21.22,,12,21.22
RTE-02742,VEH-0193,Bike,2024-10-12,"ORD-014365,ORD-005277,ORD-007798,ORD-010777,ORD-008860,ORD-011286,ORD-006413,ORD-012442,ORD-011572",327.97,298.06,287.2,476.6,9,9,26.16 L,DRV-0715,4,26.16
RTE-02743,VEH-0469,Van,2025-03-14,ORD-014382,366.36,350.88,46.7,82.0,1,1,48.11 L,DRV-0273,4,48.11
RTE-02744,VEH-0211,Bike,2024-04-10,"ORD-005248,ORD-013549,ORD-014461,ORD-002289,ORD-002872,ORD-009126",247.59,408.69,543.0,762.1,6,5,58.26,DRV-0607,9,58.26
RTE-02745,VEH-0347,Bike,2025-02-03,"ORD-006395,ORD-011414",118.85,,320.9,266.4,2,2,12.59,DRV-0532,6,12.59
RTE-02746,VEH-0518,Van,2024-10-17,ORD-014215,85.44,408.75,137.3,788.1,1,1,47.35,DRV-0493,0,47.35
RTE-02747,VEH-0345,Bike,2024-01-12,"ORD-008808,ORD-007547,ORD-007042",118.48,322.44,363.5,501.7,3,3,42.34,DRV-0573,9,42.34
RTE-02748,VEH-0579,Van,2024-04-07,"ORD-000423,ORD-007081,ORD-007081,ORD-004899,ORD-000610,ORD-013490",370.48,144.44,50.1,48.7,6,6,1165.0 Wh,DRV-0569,3,1165.0
RTE-02749,VEH-0653,Truck,2024-02-07,"ORD-008030,ORD-001311,ORD-007381,ORD-011059,ORD-006423,ORD-000282",291.9,72.29,223.5,736.5,6,5,35.57 L,DRV-0378,5,35.57
RTE-02750,VEH-0151,Bike,2025-06-04,"ORD-005459,ORD-011856,ORD-006883,ORD-014209,ORD-005175",409.01,142.01,645.5,22.8,5,4,788.0 Wh,DRV-0799,12,788.0
RTE-02751,VEH-0566,Van,2024-10-17,"ORD-009853,ORD-005808,ORD-008179,ORD-005738",360.85,304.5,638.3,63.3,4,4,1620.0 Wh,DRV-0045,9,1620.0
RTE-02752,VEH-0214,Bike,2024-09-07,"ORD-003318,ORD-012076,ORD-014801,ORD-004605,ORD-003047,ORD-012924",360.65,458.23,111.5,604.6,6,6,6.34,DRV-0327,12,6.34
RTE-02753,VEH-0671,Truck,2024-07-16,"ORD-011955,ORD-008726,ORD-008631",62.8,12.07,344.5,557.9,3,2,52.42,DRV-0746,5,52.42
RTE-02754,VEH-0456,Van,2025-03-27,ORD-006129,272.62,376.36,531.9,640.8,1,1,3.41 L,DRV-0636,5,3.41
RTE-02755,VEH-0532,Van,2024-01-19,"ORD-011959,ORD-005625,ORD-003861,ORD-009211,ORD-009746,ORD-006044",295.01,151.82,586.8,784.1,6,6,1534.0 Wh,DRV-0318,10,1534.0
RTE-02756,VEH-0689,Truck,2024-07-19,ORD-011521,271.9,,290.9,296.3,1,1,13.24,DRV-0309,3,13.24
RTE-02757,VEH-0292,Bike,2025-06-27,"ORD-008053,ORD-004231,ORD-007992,ORD-012605,ORD-005066",308.6,452.17,177.3,596.8,5,5,17.31,DRV-0403,10,17.31
RTE-02758,VEH-0008,Drone,2024-12-07,"ORD-014087,ORD-012493,ORD-002968,ORD-012861,ORD-012205,ORD-009947,ORD-011224,ORD-002886,ORD-014669",386.96,23.86,59.7,495.9,9,9,11.81,,8,11.81
RTE-02759,VEH-0564,Van,2024-09-30,"ORD-011906,ORD-007887,ORD-013412,ORD-004499,ORD-006367,ORD-000344,ORD-012961,ORD-014386",125.87,112.18,170.1,326.7,8,8,28.62,DRV-0087,10,28.62
RTE-02760,VEH-0497,Van,2024-07-04,"ORD-013918,ORD-013504,ORD-009190,ORD-010521",360.99,172.09,126.6,628.6,4,4,7.1 L,DRV-0841,5,7.1
RTE-02761,VEH-0129,Drone,2024-01-30,"ORD-008791,ORD-007842,ORD-001867,ORD-002741,ORD-003763",249.77,311.7,281.0,85.0,5,5,11.93 L,,10,11.93
RTE-02762,VEH-0505,Van,2024-05-31,"ORD-000805,ORD-003417,ORD-000375,ORD-003491,ORD-010624,ORD-014943",309.4,169.47,500.3,663.7,6,6,2165.0 Wh,DRV-0194,8,2165.0
RTE-02763,VEH-0615,Truck,2025-01-03,"ORD-000010,ORD-001423,ORD-014745,ORD-006887,ORD-005360,ORD-011386,ORD-010290,ORD-001456,ORD-010115",379.01,190.41,373.8,382.6,9,8,30.44 L,DRV-0844,0,30.44
RTE-02764,VEH-0661,Truck,2024-05-07,"ORD-010557,ORD-005779,ORD-003412,ORD-007624,ORD-004787,ORD-011420,ORD-001185",107.44,70.38,341.1,58.3,7,7,4.32,DRV-0061,5,4.32
RTE-02765,VEH-0487,Van,2024-11-26,"ORD-000665,ORD-010448,ORD-014313",265.82,444.05,446.2,262.4,3,3,1900.0 Wh,DRV-0397,12,1900.0
RTE-02766,VEH-0277,Bike,2024-03-18,"ORD-001122,ORD-007456,ORD-001501,ORD-000118,ORD-003482,ORD-005959,ORD-007383",364.03,197.79,242.4,337.6,7,5,28.81,DRV-0793,7,28.81
RTE-02767,VEH-0192,Bike,2024-04-14,"ORD-010070,ORD-006998,ORD-012185,ORD-009411,ORD-006531",232.53,155.5,342.5,610.8,5,5,1142.0 Wh,DRV-0409,6,1142.0
RTE-02768,VEH-0263,Bike,2024-01-24,"ORD-005580,ORD-012506,ORD-014584,ORD-002065",259.9,226.37,516.7,350.3,4,4,35.67,DRV-0104,14,35.67
RTE-02769,VEH-0011,Drone,2025-05-26,"ORD-014663,ORD-014596,ORD-000094",164.32,221.03,406.2,598.6,3,3,35.63,,12,35.63
RTE-02770,VEH-0069,Drone,2025-04-11,"ORD-005077,ORD-000779,ORD-010302",174.0,277.85,215.2,536.5,3,3,17.57 L,,14,17.57
RTE-02771,VEH-0580,Van,2024-06-25,"ORD-001518,ORD-011034,ORD-004507,ORD-008047,ORD-014890,ORD-014906,ORD-006557,ORD-007283",47.13,437.49,314.6,774.7,8,6,10.5 L,DRV-0323,11,10.5
RTE-02772,VEH-0569,Van,2025-02-22,"ORD-003204,ORD-000384,ORD-003925,ORD-004285,ORD-007312,ORD-011284,ORD-009494",189.01,105.21,82.2,791.8,7,7,45.66 L,DRV-0156,12,45.66
RTE-02773,VEH-0035,Drone,2024-07-31,"ORD-010302,ORD-002187,ORD-007573,ORD-009599,ORD-010773,ORD-009123,ORD-013328,ORD-011721",39.12,356.35,249.0,506.1,8,7,28.31 L,,8,28.31
RTE-02774,VEH-0555,Van,2024-10-13,"ORD-011791,ORD-004639,ORD-004893",367.96,23.14,98.3,572.1,3,3,945.0 Wh,DRV-0763,6,945.0
RTE-02775,VEH-0091,Drone,2024-03-20,"ORD-009706,ORD-001942,ORD-001949,ORD-014370,ORD-003105",384.17,109.68,442.8,278.2,5,5,23.34,,9,23.34
RTE-02776,VEH-0083,Drone,2025-03-10,"ORD-008954,ORD-011968,ORD-001612,ORD-014113,ORD-014513",239.11,113.28,511.2,370.6,5,5,2199.0 Wh,,4,2199.0
RTE-02777,VEH-0531,Van,2024-12-26,"ORD-007397,ORD-013347,ORD-010478,ORD-002980,ORD-010473,ORD-009834",61.98,37.88,462.9,535.7,6,6,0.67,DRV-0749,13,0.67
RTE-02778,VEH-0310,Bike,2024-08-09,"ORD-011305,ORD-008697,ORD-004815,ORD-004968,ORD-010948,ORD-003753,ORD-000546",97.27,,256.4,584.9,7,7,926.0 Wh,DRV-0238,14,926.0
RTE-02779,VEH-0244,Bike,2024-09-15,"ORD-011940,ORD-000686",47.59,199.16,323.5,476.9,2,2,280.0 Wh,DRV-0864,13,280.0
RTE-02780,VEH-0338,Bike,2025-03-31,"ORD-003405,ORD-004300,ORD-008382,ORD-004068,ORD-002735",127.82,419.02,523.7,87.4,5,5,36.2 L,DRV-0294,7,36.2
RTE-02781,VEH-0661,Truck,2024-09-21,"ORD-000117,ORD-008240,ORD-000537,ORD-006475,ORD-009397,ORD-011444,ORD-000599,ORD-010298",195.92,248.66,652.3,212.7,8,8,20.63 L,DRV-0237,8,20.63
RTE-02782,VEH-0651,Truck,2024-03-14,"ORD-013819,ORD-004990,ORD-005075,ORD-013755,ORD-006579,ORD-005765",377.36,412.12,196.4,423.8,6,6,26.88,DRV-0017,11,26.88
RTE-02783,VEH-0610,Truck,2024-04-18,"ORD-014315,ORD-012018,ORD-001079,ORD-002266,ORD-009434,ORD-010011,ORD-009219",90.97,75.44,227.4,430.7,7,7,39.61 L,DRV-0008,11,39.61
RTE-02784,VEH-0588,Truck,2024-04-10,"ORD-001690,ORD-008619,ORD-013364,ORD-000351,ORD-004363,ORD-014766,ORD-001081",28.83,,370.4,444.5,7,7,18.03,DRV-0643,11,18.03
RTE-02785,VEH-0013,Drone,2024-05-20,"ORD-008900,ORD-000453,ORD-008032",395.45,419.12,476.3,611.7,3,3,31.78,,11,31.78
RTE-02786,VEH-0137,Drone,2025-01-11,"ORD-001935,ORD-006242,ORD-009103,ORD-003618,ORD-013485,ORD-006053,ORD-003129,ORD-014895",153.09,373.36,397.5,157.3,8,8,13.78 L,,4,13.78
RTE-02787,VEH-0066,Drone,2024-03-18,"ORD-004967,ORD-014185,ORD-003331,ORD-008876,ORD-013070",198.7,309.97,544.8,798.4,5,5,33.02,,14,33.02
RTE-02788,VEH-0619,Truck,2024-02-20,"ORD-013638,ORD-001633,ORD-008685",226.07,261.39,153.1,160.0,3,3,21.25,DRV-0423,9,21.25
RTE-02789,VEH-0019,Drone,2025-03-04,"ORD-009252,ORD-014765,ORD-003350",130.85,65.77,329.1,308.4,3,3,2.98,,13,2.98
RTE-02790,VEH-0631,Truck,2025-05-18,"ORD-002674,ORD-004345,ORD-002788,ORD-013494,ORD-004869",402.82,268.5,235.3,697.7,5,5,51.16 L,DRV-0250,6,51.16
RTE-02791,VEH-0573,Van,2025-01-15,"ORD-011603,ORD-007637,ORD-014106,ORD-011639,ORD-000482,ORD-002784,ORD-014288",324.99,27.5,251.6,748.0,7,6,1483.0 Wh,DRV-0523,13,1483.0
RTE-02792,VEH-0062,Drone,2024-02-16,"ORD-007495,ORD-012909,ORD-006602,ORD-005969,ORD-006466,ORD-009752",43.65,341.0,547.9,517.7,6,6,54.41,,13,54.41
RTE-02793,VEH-0026,Drone,2024-03-19,"ORD-011725,ORD-009981,ORD-004001",276.78,,514.2,314.6,3,3,43.84,,9,43.84
RTE-02794,VEH-0342,Bike,2024-12-24,"ORD-004704,ORD-004300",369.66,157.09,431.7,659.3,2,2,1973.0 Wh,DRV-0068,13,1973.0
RTE-02795,VEH-0007,Drone,2024-03-11,"ORD-012142,ORD-011902",110.4,210.52,172.1,334.1,2,2,41.69,,12,41.69
RTE-02796,VEH-0595,Truck,2024-03-18,"ORD-010738,ORD-008750,ORD-010536,ORD-003057,ORD-001823,ORD-006337",221.25,167.82,46.7,325.2,6,6,717.0 Wh,DRV-0225,8,717.0
RTE-02797,VEH-0676,Truck,2025-04-08,"ORD-005263,ORD-008691,ORD-006705,ORD-003907,ORD-001537,ORD-003222,ORD-014084",296.42,105.76,195.0,25.0,7,5,32.79,DRV-0646,5,32.79
RTE-02798,VEH-0279,Bike,2025-03-28,"ORD-007573,ORD-005721,ORD-002170,ORD-012424,ORD-009368,ORD-011783,ORD-014438",217.91,41.43,390.9,159.1,7,5,29.59,DRV-0322,9,29.59
RTE-02799,VEH-0241,Bike,2025-03-08,"ORD-014509,ORD-008209,ORD-010740,ORD-009114,ORD-014838,ORD-004900,ORD-005540,ORD-003655,ORD-013422",236.13,321.29,128.4,522.9,9,9,26.03,DRV-0437,14,26.03
RTE-02800,VEH-0125,Drone,2024-06-18,"ORD-008240,ORD-008980,ORD-010197,ORD-000111",370.42,441.73,229.3,155.9,4,4,57.67,,11,57.67
RTE-02801,VEH-0426,Van,2024-11-20,"ORD-008298,ORD-001970,ORD-010300,ORD-005497,ORD-014408,ORD-011080,ORD-011865",116.96,459.24,602.2,246.9,7,6,1685.0 Wh,DRV-0008,3,1685.0
RTE-02802,VEH-0389,Bike,2025-03-14,"ORD-002029,ORD-013838,ORD-003477,ORD-014472,ORD-002123,ORD-000264,ORD-001255,ORD-003214",292.83,201.17,411.4,315.0,8,8,55.31 L,DRV-0367,6,55.31
RTE-02803,VEH-0568,Van,2024-02-25,"ORD-006898,ORD-004381",51.4,353.12,316.5,124.4,2,2,52.19,DRV-0634,7,52.19
RTE-02804,VEH-0167,Bike,2025-01-07,"ORD-003778,ORD-000781,ORD-014432,ORD-002742,ORD-009195,ORD-012129,ORD-012434,ORD-014809,ORD-006772",101.93,438.07,467.1,84.4,9,9,56.75 L,DRV-0313,13,56.75
RTE-02805,VEH-0307,Bike,2025-02-14,"ORD-002272,ORD-003761,ORD-003291,ORD-004268,ORD-008714,ORD-011626,ORD-010576,ORD-001604",113.46,,39.2,80.6,8,8,56.72 L,DRV-0846,9,56.72
RTE-02806,VEH-0653,Truck,2025-07-01,"ORD-012358,ORD-012954,ORD-009103,ORD-011937,ORD-006006",346.77,322.41,84.5,617.4,5,4,1842.0 Wh,DRV-0644,7,1842.0
RTE-02807,VEH-0448,Van,2024-06-12,"ORD-001808,ORD-001490,ORD-002612,ORD-009940,ORD-014178,ORD-011979,ORD-005079",39.8,374.64,67.5,582.5,7,7,10.45,DRV-0335,9,10.45
RTE-02808,VEH-0135,Drone,2025-04-02,"ORD-010800,ORD-001356,ORD-002187,ORD-006338,ORD-001521,ORD-013658,ORD-003919,ORD-011666,ORD-001119",34.3,167.02,35.7,327.2,9,9,1.8 L,,4,1.8
RTE-02809,VEH-0554,Van,2025-04-01,"ORD-011962,ORD-000971,ORD-006257,ORD-010032,ORD-013300,ORD-014049",131.2,174.96,150.3,719.7,6,6,240.0 Wh,DRV-0479,5,240.0
RTE-02810,VEH-0538,Van,2024-07-19,ORD-004739,399.34,91.62,362.5,226.9,1,1,45.44,DRV-0777,12,45.44
RTE-02811,VEH-0025,Drone,2024-02-23,"ORD-002086,ORD-014691,ORD-001873,ORD-006557,ORD-008470,ORD-007589,ORD-012041,ORD-006260",116.75,370.1,249.1,637.5,8,8,968.0 Wh,,12,968.0
RTE-02812,VEH-0550,Van,2024-08-25,"ORD-010455,ORD-006159,ORD-002105,ORD-007623,ORD-009695,ORD-011491,ORD-000847",240.36,155.06,352.0,694.8,7,7,1019.0 Wh,DRV-0371,13,1019.0
RTE-02813,VEH-0593,Truck,2025-04-29,"ORD-011063,ORD-014858,ORD-004908,ORD-004990,ORD-001893,ORD-009480,ORD-008739",209.81,101.19,481.3,186.5,7,7,2163.0 Wh,DRV-0627,11,2163.0
RTE-02814,VEH-0305,Bike,2024-09-09,"ORD-007105,ORD-003287,ORD-007904,ORD-001864,ORD-000313,ORD-001609,ORD-005951,ORD-010737,ORD-003364",364.51,337.56,172.5,782.5,9,9,12.21,DRV-0773,8,12.21
RTE-02815,VEH-0420,Van,2025-02-23,"ORD-010291,ORD-007769,ORD-002703,ORD-005737,ORD-002583,ORD-009416",258.25,8.28,411.0,499.5,6,6,18.6 L,DRV-0132,4,18.6
RTE-02816,VEH-0102,Drone,2024-02-29,"ORD-000118,ORD-006728,ORD-002043,ORD-004387,ORD-007487,ORD-002512,ORD-004759",414.99,316.67,459.8,297.7,7,7,56.99 L,,11,56.99
RTE-02817,VEH-0679,Truck,2024-08-20,"ORD-014591,ORD-006943,ORD-010424",316.27,308.41,390.7,404.5,3,1,9.44 L,DRV-0316,8,9.44
RTE-02818,VEH-0340,Bike,2024-11-06,"ORD-004139,ORD-002276,ORD-000542,ORD-013966",352.1,15.17,501.7,64.5,4,4,1927.0 Wh,DRV-0814,9,1927.0
RTE-02819,VEH-0654,Truck,2025-01-28,"ORD-000729,ORD-001740,ORD-009494,ORD-012931,ORD-001784,ORD-005096",169.61,299.22,153.9,537.9,6,5,1909.0 Wh,DRV-0078,11,1909.0
RTE-02820,VEH-0093,Drone,2024-11-16,"ORD-007547,ORD-014290,ORD-004816,ORD-014626,ORD-001247,ORD-000196,ORD-008903,ORD-014453,ORD-011837",217.0,150.89,331.7,416.7,9,9,2.93,,8,2.93
RTE-02821,VEH-0040,Drone,2025-06-22,ORD-010636,299.92,,235.4,487.4,1,0,1839.0 Wh,,4,1839.0
RTE-02822,VEH-0584,Truck,2024-09-25,"ORD-014227,ORD-006283,ORD-000111,ORD-001421,ORD-000327,ORD-003910,ORD-010710",171.7,288.09,193.1,607.5,7,7,1461.0 Wh,DRV-0664,5,1461.0
RTE-02823,VEH-0551,Van,2025-05-11,"ORD-007775,ORD-011242,ORD-001407",129.03,71.6,281.8,77.5,3,2,35.59 L,DRV-0561,8,35.59
RTE-02824,VEH-0041,Drone,2025-02-01,"ORD-013390,ORD-007158",349.11,358.37,357.2,122.0,2,2,19.72,,6,19.72
RTE-02825,VEH-0637,Truck,2024-11-11,"ORD-003557,ORD-001159,ORD-013960,ORD-014330",325.19,285.02,679.3,525.9,4,4,41.96,DRV-0216,11,41.96
RTE-02826,VEH-0486,Van,2025-04-24,"ORD-011017,ORD-002250,ORD-011805,ORD-014604,ORD-009616,ORD-001653,ORD-001431,ORD-013368,ORD-001393",310.9,171.91,380.7,80.7,9,9,42.46,DRV-0457,9,42.46
RTE-02827,VEH-0308,Bike,2024-12-26,"ORD-008461,ORD-000169,ORD-007863,ORD-011320,ORD-000001,ORD-012886,ORD-005787,ORD-001800,ORD-012171",294.91,179.47,414.9,293.2,9,9,1285.0 Wh,DRV-0706,3,1285.0
RTE-02828,VEH-0384,Bike,2024-11-12,"ORD-001321,ORD-000427,ORD-003300,ORD-013872,ORD-005504,ORD-008536",354.38,113.59,483.9,391.9,6,6,567.0 Wh,DRV-0779,9,567.0
RTE-02829,VEH-0198,Bike,2024-04-22,"ORD-007100,ORD-007296,ORD-009812,ORD-001808,ORD-001933,ORD-004319,ORD-014673,ORD-012579",220.84,168.32,492.3,557.8,8,8,41.04,DRV-0821,14,41.04
RTE-02830,VEH-0591,Truck,2025-02-15,"ORD-010268,ORD-009969,ORD-011513,ORD-003270,ORD-012359",381.13,245.41,440.3,300.4,5,5,50.75,DRV-0900,12,50.75
RTE-02831,VEH-0684,Truck,2024-11-15,"ORD-014282,ORD-012317,ORD-007632,ORD-007364,ORD-011939,ORD-001526",64.22,446.84,386.8,87.4,6,6,50.03 L,DRV-0051,8,50.03
RTE-02832,VEH-0259,Bike,2025-05-07,"ORD-009186,ORD-008275,ORD-004028,ORD-002151,ORD-003210,ORD-005934",139.94,50.05,264.1,717.1,6,6,14.26,DRV-0828,7,14.26
RTE-02833,VEH-0085,Drone,2025-02-24,ORD-014221,61.83,418.1,585.3,648.2,1,1,1035.0 Wh,,4,1035.0
RTE-02834,VEH-0593,Truck,2024-09-24,ORD-013186,382.15,366.1,332.7,65.7,1,0,421.0 Wh,DRV-0096,9,421.0
RTE-02835,VEH-0466,Van,2025-04-10,"ORD-003699,ORD-000238,ORD-009421",246.91,254.16,587.4,45.1,3,3,261.0 Wh,DRV-0164,4,261.0
RTE-02836,VEH-0054,Drone,2025-05-18,ORD-008819,379.88,425.23,315.8,456.1,1,1,728.0 Wh,,3,728.0
RTE-02837,VEH-0663,Truck,2024-04-23,"ORD-009715,ORD-002597,ORD-013111,ORD-009786,ORD-000721",121.45,391.29,174.1,414.8,5,5,9.42 L,DRV-0587,14,9.42
RTE-02838,VEH-0571,Van,2024-08-30,"ORD-012294,ORD-000021",92.53,,612.1,438.9,2,2,2068.0 Wh,DRV-0736,5,2068.0
RTE-02839,VEH-0648,Truck,2024-01-23,"ORD-000714,ORD-010285,ORD-010541,ORD-011870,ORD-014473,ORD-008269,ORD-002600",339.95,440.93,412.0,684.4,7,7,30.81,DRV-0660,6,30.81
RTE-02840,VEH-0130,Drone,2024-05-26,"ORD-011362,ORD-013438,ORD-001563,ORD-004971,ORD-008559,ORD-005734,ORD-014739,ORD-007351,ORD-001756",409.41,183.95,490.3,424.6,9,9,1948.0 Wh,,6,1948.0
RTE-02841,VEH-0395,Bike,2025-01-23,"ORD-006638,ORD-004586,ORD-002831,ORD-005034",42.79,297.46,687.9,97.0,4,4,51.51,DRV-0620,13,51.51
RTE-02842,VEH-0147,Bike,2024-12-12,"ORD-002407,ORD-007838,ORD-006511,ORD-014574",216.05,454.41,603.2,62.0,4,2,41.14,DRV-0195,11,41.14
RTE-02843,VEH-0491,Van,2025-06-09,"ORD-012787,ORD-009186",118.05,207.55,472.6,116.8,2,2,11.25 L,DRV-0151,13,11.25
RTE-02844,VEH-0105,Drone,2024-03-28,"ORD-003651,ORD-010132,ORD-010294,ORD-013223,ORD-002538,ORD-005271,ORD-004519",75.91,434.01,290.5,128.2,7,6,52.67,,9,52.67
RTE-02845,VEH-0421,Van,2024-10-18,"ORD-001597,ORD-014720,ORD-014593",402.13,204.45,311.2,688.7,3,3,974.0 Wh,DRV-0233,6,974.0
RTE-02846,VEH-0494,Van,2024-09-04,"ORD-010681,ORD-013325,ORD-013649,ORD-011854,ORD-009332",352.91,413.3,247.3,284.3,5,5,45.63 L,DRV-0698,9,45.63
RTE-02847,VEH-0611,Truck,2024-06-10,"ORD-005591,ORD-009028,ORD-010438,ORD-013770",93.49,171.48,541.4,326.3,4,4,44.85,DRV-0819,6,44.85
RTE-02848,VEH-0066,Drone,2024-02-04,"ORD-010211,ORD-002055,ORD-003927,ORD-014281,ORD-013748,ORD-004272",148.61,174.74,196.0,257.7,6,5,994.0 Wh,,13,994.0
RTE-02849,VEH-0191,Bike,2024-04-11,ORD-000416,360.63,28.7,531.8,212.4,1,1,1341.0 Wh,DRV-0669,14,1341.0
RTE-02850,VEH-0666,Truck,2024-10-10,"ORD-001782,ORD-002298,ORD-000428,ORD-004228,ORD-009893,ORD-012893,ORD-006281,ORD-010830",145.44,10.38,624.2,185.2,8,8,2065.0 Wh,DRV-0476,8,2065.0
RTE-02851,VEH-0136,Drone,2024-07-28,"ORD-006249,ORD-014661,ORD-005693,ORD-011692,ORD-010789,ORD-008719,ORD-003479,ORD-010358",80.75,12.8,646.9,275.4,8,8,1862.0 Wh,,4,1862.0
RTE-02852,VEH-0531,Van,2024-02-27,"ORD-004669,ORD-013107,ORD-002723,ORD-003835,ORD-009949,ORD-012375,ORD-008305,ORD-009050,ORD-002349",229.08,358.36,270.4,477.9,9,8,48.02,DRV-0499,9,48.02
RTE-02853,VEH-0130,Drone,2024-10-17,"ORD-012759,ORD-006134,ORD-005194,ORD-008534,ORD-012794,ORD-007717",94.19,10.41,699.8,373.0,6,6,22.71 L,,9,22.71
RTE-02854,VEH-0412,Van,2025-02-09,"ORD-001694,ORD-004238,ORD-003009,ORD-009482,ORD-000989",20.4,,152.5,234.6,5,5,5.63 L,DRV-0037,13,5.63
RTE-02855,VEH-0692,Truck,2024-05-07,"ORD-013922,ORD-014768,ORD-002834,ORD-014919,ORD-000437",378.07,339.81,248.1,123.0,5,5,13.84 L,DRV-0801,13,13.84
RTE-02856,VEH-0175,Bike,2024-05-22,"ORD-002024,ORD-011418,ORD-010961,ORD-005115,ORD-003295",41.69,77.79,136.7,472.0,5,5,1802.0 Wh,DRV-0141,4,1802.0
RTE-02857,VEH-0043,Drone,2024-08-15,"ORD-008492,ORD-009040,ORD-010241",378.14,129.16,376.8,305.1,3,3,231.0 Wh,,13,231.0
RTE-02858,VEH-0032,Drone,2024-05-27,"ORD-000059,ORD-005180,ORD-012184,ORD-004601,ORD-008822,ORD-014437,ORD-014463,ORD-001310,ORD-011559",137.52,152.15,446.4,642.4,9,9,224.0 Wh,,7,224.0
RTE-02859,VEH-0360,Bike,2025-03-10,"ORD-014387,ORD-005435",360.71,85.79,206.0,465.8,2,2,716.0 Wh,DRV-0177,7,716.0
RTE-02860,VEH-0465,Van,2024-03-18,"ORD-005720,ORD-004549,ORD-009791,ORD-005999,ORD-007879,ORD-010390",262.48,58.96,490.3,252.2,6,5,3.32 L,DRV-0340,0,3.32
RTE-02861,VEH-0683,Truck,2024-04-05,"ORD-009639,ORD-010686,ORD-007372,ORD-004811,ORD-011839,ORD-007767",73.49,117.36,22.4,695.4,6,6,1594.0 Wh,DRV-0551,14,1594.0
RTE-02862,VEH-0464,Van,2025-06-06,"ORD-006512,ORD-013856,ORD-012107,ORD-007890,ORD-010661",316.85,243.53,340.6,470.4,5,5,585.0 Wh,DRV-0195,5,585.0
RTE-02863,VEH-0223,Bike,2025-06-03,"ORD-009580,ORD-008877",308.7,34.93,504.8,247.6,2,2,873.0 Wh,DRV-0677,9,873.0
RTE-02864,VEH-0437,Van,2024-08-29,"ORD-005489,ORD-003925,ORD-011968,ORD-007098,ORD-003996,ORD-012107,ORD-000398,ORD-012333",61.05,5.56,648.4,466.0,8,8,1896.0 Wh,DRV-0006,6,1896.0
RTE-02865,VEH-0217,Bike,2025-03-29,ORD-013774,53.75,400.5,42.3,727.0,1,1,5.01,DRV-0139,3,5.01
RTE-02866,VEH-0507,Van,2025-04-07,"ORD-000382,ORD-007995,ORD-005841,ORD-000728",229.81,,28.1,203.4,4,4,20.74,DRV-0557,10,20.74
RTE-02867,VEH-0320,Bike,2025-05-03,"ORD-000077,ORD-009481,ORD-011063,ORD-003957,ORD-007464,ORD-009361",335.1,157.86,125.9,124.6,6,5,34.79 L,DRV-0806,6,34.79
RTE-02868,VEH-0175,Bike,2024-01-30,"ORD-008726,ORD-003159",345.98,122.06,421.4,787.2,2,2,11.89 L,DRV-0268,9,11.89
RTE-02869,VEH-0394,Bike,2024-11-14,"ORD-000805,ORD-000562",254.8,128.34,582.9,159.0,2,2,15.19 L,DRV-0828,10,15.19
RTE-02870,VEH-0398,Bike,2024-06-05,"ORD-012217,ORD-002051,ORD-012861,ORD-012878,ORD-001613,ORD-006506",86.67,219.16,123.0,492.4,6,6,35.0,DRV-0207,14,35.0
RTE-02871,VEH-0604,Truck,2024-10-28,"ORD-008491,ORD-005759,ORD-010038,ORD-007315,ORD-009330,ORD-001169",303.55,368.66,363.9,372.3,6,6,1041.0 Wh,DRV-0738,9,1041.0
RTE-02872,VEH-0544,Van,2024-04-16,"ORD-012312,ORD-013666,ORD-010948,ORD-008974,ORD-011700,ORD-004056",318.18,54.2,582.9,745.8,6,6,17.12 L,DRV-0399,10,17.12
RTE-02873,VEH-0031,Drone,2025-04-25,"ORD-003739,ORD-006559,ORD-002135,ORD-010788",53.76,137.99,396.8,168.2,4,4,1651.0 Wh,,3,1651.0
RTE-02874,VEH-0108,Drone,2024-12-17,"ORD-014240,ORD-009862,ORD-005834,ORD-012002,ORD-011897,ORD-002975,ORD-011437,ORD-008408,ORD-000118",292.25,160.82,687.4,490.8,9,9,32.93,,4,32.93
RTE-02875,VEH-0582,Truck,2025-01-24,"ORD-002089,ORD-004960,ORD-007428,ORD-003348,ORD-005688,ORD-007746,ORD-006447,ORD-004354",99.28,73.22,97.9,162.9,8,8,29.1,DRV-0568,8,29.1
RTE-02876,VEH-0468,Van,2025-02-09,"ORD-013933,ORD-004669,ORD-013054,ORD-009549,ORD-001875,ORD-006349,ORD-000543,ORD-011960,ORD-008887",187.89,411.97,92.6,320.5,9,8,1049.0 Wh,DRV-0885,3,1049.0
RTE-02877,VEH-0075,Drone,2024-11-02,"ORD-001782,ORD-012128,ORD-008861,ORD-011484",398.51,313.07,121.6,644.1,4,4,10.11 L,,14,10.11
RTE-02878,VEH-0375,Bike,2024-07-19,"ORD-013065,ORD-010276,ORD-013879,ORD-013896",214.36,220.7,141.1,500.5,4,4,33.8,DRV-0083,10,33.8
RTE-02879,VEH-0022,Drone,2024-10-28,ORD-007328,309.92,290.93,652.9,617.3,1,0,19.53,,4,19.53
RTE-02880,VEH-0135,Drone,2025-04-03,"ORD-011332,ORD-007188,ORD-002793,ORD-003654",269.39,354.54,554.9,329.3,4,3,59.39,,12,59.39
RTE-02881,VEH-0205,Bike,2024-11-08,"ORD-000781,ORD-006151,ORD-013057,ORD-001118,ORD-004572,ORD-010023",3.99,295.15,638.8,209.0,6,6,46.58 L,DRV-0379,6,46.58
RTE-02882,VEH-0485,Van,2025-03-15,"ORD-014835,ORD-007177,ORD-000103,ORD-002140,ORD-014143,ORD-000472",66.46,350.7,39.1,409.2,6,6,44.38 L,DRV-0202,12,44.38
RTE-02883,VEH-0067,Drone,2025-01-01,"ORD-007783,ORD-011794,ORD-000556,ORD-002779",246.6,,291.0,693.2,4,4,55.18,,8,55.18
RTE-02884,VEH-0679,Truck,2025-06-08,"ORD-008914,ORD-003921,ORD-004738,ORD-001378",360.12,313.7,424.1,316.6,4,4,31.16,DRV-0244,14,31.16
RTE-02885,VEH-0483,Van,2025-05-11,"ORD-007732,ORD-005746,ORD-009055,ORD-008198",70.55,,254.9,376.8,4,4,25.86,DRV-0610,9,25.86
RTE-02886,VEH-0043,Drone,2024-10-27,"ORD-001291,ORD-000066,ORD-006561,ORD-000674,ORD-003563,ORD-013164,ORD-001687,ORD-000137",361.28,262.04,127.3,739.5,8,8,433.0 Wh,,7,433.0
RTE-02887,VEH-0446,Van,2024-03-23,"ORD-010947,ORD-011963,ORD-010951,ORD-009771,ORD-007533,ORD-000723",292.05,48.65,348.7,458.5,6,6,51.1 L,DRV-0613,5,51.1
RTE-02888,VEH-0616,Truck,2025-06-16,"ORD-002940,ORD-005738,ORD-014041,ORD-003410,ORD-000155,ORD-014786",419.66,217.33,572.6,407.1,6,6,15.64,DRV-0228,0,15.64
RTE-02889,VEH-0359,Bike,2024-08-11,"ORD-007633,ORD-002705,ORD-014822,ORD-009322,ORD-013295,ORD-004829",279.02,320.99,302.7,293.4,6,5,27.53,DRV-0269,4,27.53
RTE-02890,VEH-0609,Truck,2025-03-09,"ORD-010187,ORD-001822,ORD-011802,ORD-012001,ORD-003983",63.05,364.03,589.5,283.7,5,5,1558.0 Wh,DRV-0265,8,1558.0
RTE-02891,VEH-0420,Van,2024-05-15,"ORD-010040,ORD-014684",352.8,150.03,253.2,318.7,2,1,43.5 L,DRV-0309,12,43.5
RTE-02892,VEH-0076,Drone,2024-04-08,"ORD-000389,ORD-002893",82.02,97.47,521.2,62.6,2,1,36.1 L,,9,36.1
RTE-02893,VEH-0512,Van,2024-07-09,"ORD-005425,ORD-010134,ORD-013213,ORD-000625",251.26,421.84,238.3,461.9,4,4,31.44,DRV-0214,3,31.44
RTE-02894,VEH-0213,Bike,2024-01-30,"ORD-000570,ORD-008755,ORD-000897,ORD-007722",12.34,336.94,663.5,717.8,4,4,0.81 L,DRV-0050,6,0.81
RTE-02895,VEH-0247,Bike,2024-11-21,"ORD-001860,ORD-014044,ORD-001000,ORD-008757,ORD-014421,ORD-004527,ORD-000523,ORD-006487,ORD-012215",33.31,92.61,519.9,269.8,9,9,24.49,DRV-0790,14,24.49
RTE-02896,VEH-0621,Truck,2025-01-14,"ORD-011590,ORD-000294,ORD-002150,ORD-002444,ORD-012422,ORD-011460,ORD-007264,ORD-001962",265.15,235.67,438.9,543.4,8,8,14.92 L,DRV-0708,14,14.92
RTE-02897,VEH-0273,Bike,2025-02-17,"ORD-009707,ORD-007348,ORD-008072,ORD-003833,ORD-009940,ORD-013882,ORD-007751",402.02,276.32,23.7,77.8,7,6,42.59,DRV-0178,5,42.59
RTE-02898,VEH-0133,Drone,2024-02-05,"ORD-009171,ORD-010844,ORD-005862,ORD-014518,ORD-002191",246.3,35.86,254.1,278.0,5,5,13.44 L,,13,13.44
RTE-02899,VEH-0531,Van,2024-02-10,ORD-009308,115.31,,249.8,402.2,1,1,33.86 L,DRV-0416,8,33.86
RTE-02900,VEH-0164,Bike,2025-06-10,"ORD-006635,ORD-009261,ORD-012555,ORD-010210,ORD-005953,ORD-003768,ORD-008510,ORD-008544",17.65,275.44,407.2,516.4,8,8,2035.0 Wh,DRV-0677,12,2035.0
RTE-02901,VEH-0066,Drone,2024-04-28,"ORD-013406,ORD-007010,ORD-003779,ORD-000595,ORD-010359",277.42,78.33,424.1,526.9,5,4,544.0 Wh,,5,544.0
RTE-02902,VEH-0619,Truck,2024-04-13,"ORD-005538,ORD-000160,ORD-014026,ORD-002786",396.28,327.27,483.9,206.8,4,4,25.87 L,DRV-0421,4,25.87
RTE-02903,VEH-0487,Van,2024-09-29,ORD-003395,275.87,394.66,495.0,108.6,1,1,36.35,DRV-0611,0,36.35
RTE-02904,VEH-0087,Drone,2025-02-19,"ORD-010651,ORD-001765,ORD-010284,ORD-012888,ORD-005882,ORD-008954",113.03,339.28,54.0,381.8,6,6,49.24 L,,13,49.24
RTE-02905,VEH-0500,Van,2025-04-25,"ORD-006790,ORD-005860,ORD-011307,ORD-000490",322.8,15.49,406.7,225.2,4,4,58.29,DRV-0116,7,58.29
RTE-02906,VEH-0622,Truck,2025-04-24,"ORD-006544,ORD-000102,ORD-011209",297.42,,339.4,284.3,3,3,43.25 L,DRV-0157,3,43.25
RTE-02907,VEH-0049,Drone,2024-05-03,"ORD-006484,ORD-013690,ORD-014141,ORD-002551,ORD-003836,ORD-004847,ORD-011225",20.34,254.12,511.4,501.5,7,7,56.82,,9,56.82
RTE-02908,VEH-0601,Truck,2025-04-27,"ORD-012267,ORD-004037,ORD-002472,ORD-000038,ORD-014815,ORD-013383,ORD-003946,ORD-001359",129.64,159.03,94.8,371.5,8,7,2189.0 Wh,DRV-0055,6,2189.0
RTE-02909,VEH-0393,Bike,2025-06-06,"ORD-003794,ORD-001413,ORD-002367,ORD-004511,ORD-005256,ORD-001530,ORD-001070,ORD-012430,ORD-002709",105.99,85.29,425.9,782.9,9,9,13.81 L,DRV-0009,0,13.81
RTE-02910,VEH-0370,Bike,2024-12-20,"ORD-011922,ORD-007643,ORD-006697,ORD-004868,ORD-003351,ORD-014642,ORD-012346",216.35,432.43,562.0,603.9,7,7,10.71 L,DRV-0016,14,10.71
RTE-02911,VEH-0254,Bike,2024-11-24,"ORD-007776,ORD-011656,ORD-007809,ORD-004585,ORD-000614,ORD-004172,ORD-014828",348.59,308.58,130.9,518.6,7,7,1907.0 Wh,DRV-0890,8,1907.0
RTE-02912,VEH-0014,Drone,2025-04-29,"ORD-006160,ORD-012133,ORD-000416,ORD-013461",22.79,176.32,215.6,330.2,4,4,17.45 L,,7,17.45
RTE-02913,VEH-0606,Truck,2025-02-10,"ORD-001672,ORD-010188,ORD-002536,ORD-002769,ORD-013810,ORD-013057,ORD-000839,ORD-008175,ORD-000579",209.01,,227.1,180.6,9,9,43.5,DRV-0647,12,43.5
RTE-02914,VEH-0307,Bike,2024-08-09,"ORD-005634,ORD-006201,ORD-004640,ORD-002249,ORD-010470,ORD-009733,ORD-012309,ORD-000004,ORD-002703",32.55,207.91,482.2,560.0,9,8,2169.0 Wh,DRV-0724,0,2169.0
RTE-02915,VEH-0029,Drone,2025-04-04,"ORD-014140,ORD-006343,ORD-006570,ORD-000787,ORD-006798,ORD-003200,ORD-005849,ORD-004026,ORD-003248",7.8,292.19,373.9,533.3,9,9,2196.0 Wh,,10,2196.0
RTE-02916,VEH-0061,Drone,2025-04-22,"ORD-014156,ORD-008788,ORD-012790,ORD-013450,ORD-013592,ORD-006201,ORD-004338,ORD-014488",10.3,236.6,416.1,63.3,8,8,2135.0 Wh,,13,2135.0
RTE-02917,VEH-0095,Drone,2025-06-03,"ORD-004113,ORD-002205",344.12,269.72,571.2,415.9,2,2,34.33,,7,34.33
RTE-02918,VEH-0661,Truck,2024-09-20,"ORD-003147,ORD-008401,ORD-012849",365.53,410.08,192.0,66.1,3,2,47.28,DRV-0696,13,47.28
RTE-02919,VEH-0411,Van,2025-05-14,"ORD-010252,ORD-008973,ORD-013046",295.87,248.79,590.1,658.4,3,1,1436.0 Wh,DRV-0267,14,1436.0
RTE-02920,VEH-0153,Bike,2024-07-05,"ORD-000752,ORD-009876,ORD-010964,ORD-012866,ORD-012477,ORD-008179,ORD-009911,ORD-004864",131.65,281.35,405.7,570.2,8,8,791.0 Wh,DRV-0877,9,791.0
RTE-02921,VEH-0305,Bike,2024-12-25,"ORD-013164,ORD-007436",344.62,195.61,440.5,35.8,2,2,596.0 Wh,DRV-0134,10,596.0
RTE-02922,VEH-0154,Bike,2024-05-18,"ORD-002754,ORD-001685,ORD-009108,ORD-008918,ORD-009493,ORD-014355,ORD-014924,ORD-011722",39.31,169.4,132.1,436.6,8,8,28.41 L,DRV-0096,12,28.41
RTE-02923,VEH-0057,Drone,2024-05-31,ORD-006326,24.65,152.33,243.5,206.9,1,0,764.0 Wh,,9,764.0
RTE-02924,VEH-0025,Drone,2025-06-19,"ORD-001860,ORD-009897",62.92,93.8,285.3,165.5,2,2,45.7,,5,45.7
RTE-02925,VEH-0434,Van,2025-05-29,ORD-008777,411.87,129.07,487.6,218.0,1,1,43.13,DRV-0514,4,43.13
RTE-02926,VEH-0404,Van,2025-06-18,"ORD-000530,ORD-008503,ORD-009630,ORD-000959,ORD-008588,ORD-002991,ORD-009915,ORD-009160",277.17,150.8,633.0,145.2,8,8,704.0 Wh,DRV-0753,13,704.0
RTE-02927,VEH-0602,Truck,2024-02-08,"ORD-005104,ORD-014213,ORD-003864,ORD-011970",235.0,396.3,219.1,564.2,4,4,9.83 L,DRV-0457,12,9.83
RTE-02928,VEH-0012,Drone,2025-04-11,"ORD-010674,ORD-002125,ORD-000460,ORD-008941,ORD-008032,ORD-000452",339.49,162.85,320.5,795.5,6,6,1335.0 Wh,,9,1335.0
RTE-02929,VEH-0416,Van,2024-07-28,"ORD-010538,ORD-007573",285.26,,91.3,579.2,2,2,41.42,DRV-0309,13,41.42
RTE-02930,VEH-0523,Van,2025-05-21,ORD-011707,329.94,,333.0,257.7,1,0,1239.0 Wh,DRV-0656,14,1239.0
RTE-02931,VEH-0602,Truck,2025-04-03,"ORD-009443,ORD-003813,ORD-012635,ORD-011215",288.57,148.25,678.6,741.7,4,4,58.81,DRV-0642,4,58.81
RTE-02932,VEH-0415,Van,2024-08-30,"ORD-007028,ORD-004612,ORD-008725,ORD-006047",246.53,89.67,263.7,700.9,4,4,9.95,DRV-0650,13,9.95
RTE-02933,VEH-0638,Truck,2024-06-09,"ORD-001632,ORD-006137,ORD-014992",243.48,291.18,571.0,799.7,3,3,1172.0 Wh,DRV-0247,9,1172.0
RTE-02934,VEH-0076,Drone,2024-12-29,"ORD-011826,ORD-012986,ORD-003411",238.48,302.94,285.0,72.8,3,3,1115.0 Wh,,14,1115.0
RTE-02935,VEH-0403,Van,2024-05-12,ORD-004797,147.68,94.36,630.5,542.5,1,1,4.49,DRV-0013,13,4.49
RTE-02936,VEH-0422,Van,2024-02-04,"ORD-013629,ORD-006675,ORD-000912,ORD-009006,ORD-003708",372.34,388.55,97.2,592.1,5,5,12.86 L,DRV-0815,8,12.86
RTE-02937,VEH-0039,Drone,2024-01-22,"ORD-012560,ORD-000152",188.78,386.42,178.9,210.8,2,2,19.33,,11,19.33
RTE-02938,VEH-0079,Drone,2024-08-10,"ORD-000079,ORD-007360,ORD-006725,ORD-002925,ORD-008604,ORD-004030,ORD-005880",198.32,32.52,94.7,583.0,7,7,1898.0 Wh,,14,1898.0
RTE-02939,VEH-0489,Van,2024-12-25,"ORD-014692,ORD-005900,ORD-003519,ORD-008044,ORD-010097,ORD-005199,ORD-002901,ORD-009434",249.34,405.93,122.7,428.8,8,8,17.14 L,DRV-0313,0,17.14
RTE-02940,VEH-0146,Bike,2024-10-10,ORD-010400,372.19,,347.9,513.0,1,1,59.55 L,DRV-0430,7,59.55
RTE-02941,VEH-0643,Truck,2025-04-06,"ORD-006030,ORD-003678,ORD-008544,ORD-007216,ORD-008267,ORD-006197",83.37,454.02,89.4,766.4,6,6,12.18,DRV-0676,4,12.18
RTE-02942,VEH-0498,Van,2024-08-06,"ORD-006612,ORD-001592,ORD-002149,ORD-004316,ORD-005900,ORD-000883,ORD-004059,ORD-011063,ORD-010539",404.74,152.8,694.3,185.7,9,9,2.58,DRV-0693,13,2.58
RTE-02943,VEH-0598,Truck,2024-03-12,"ORD-001640,ORD-006681,ORD-011553,ORD-008820",319.24,139.27,312.5,175.1,4,4,45.85 L,DRV-0873,5,45.85
RTE-02944,VEH-0008,Drone,2024-01-08,"ORD-003852,ORD-011741,ORD-002168",411.34,321.04,58.0,747.0,3,3,51.75,,8,51.75
RTE-02945,VEH-0287,Bike,2024-12-08,"ORD-002239,ORD-002986,ORD-010955",155.29,342.97,38.3,31.6,3,3,671.0 Wh,DRV-0895,13,671.0
RTE-02946,VEH-0098,Drone,2024-10-07,"ORD-010833,ORD-003377,ORD-014482,ORD-001017",60.26,108.26,652.0,553.0,4,3,50.39,,9,50.39
RTE-02947,VEH-0055,Drone,2025-06-04,"ORD-004164,ORD-004107,ORD-002134,ORD-002961",379.49,406.44,152.6,327.4,4,4,1844.0 Wh,,5,1844.0
RTE-02948,VEH-0260,Bike,2024-09-02,"ORD-013836,ORD-005584,ORD-009176,ORD-001777,ORD-007000,ORD-008568",158.39,278.88,670.7,38.0,6,6,14.97,DRV-0140,8,14.97
RTE-02949,VEH-0572,Van,2024-09-30,"ORD-014007,ORD-003786,ORD-003993,ORD-008817,ORD-004875,ORD-007876,ORD-001794",139.57,305.42,127.0,71.4,7,7,2102.0 Wh,DRV-0265,3,2102.0
RTE-02950,VEH-0038,Drone,2025-07-01,"ORD-000002,ORD-008385,ORD-010450",417.42,,693.7,388.8,3,2,21.21 L,,10,21.21
RTE-02951,VEH-0542,Van,2025-06-27,"ORD-001901,ORD-003984,ORD-011086,ORD-008847,ORD-008761",54.62,129.67,448.2,620.8,5,5,1069.0 Wh,DRV-0880,11,1069.0
RTE-02952,VEH-0384,Bike,2024-07-23,"ORD-000452,ORD-009540,ORD-012128,ORD-000178,ORD-009691,ORD-009614,ORD-008298",270.44,351.72,586.0,633.9,7,7,1.2 L,DRV-0205,3,1.2
RTE-02953,VEH-0279,Bike,2025-02-02,"ORD-003319,ORD-006431,ORD-012420",158.62,95.27,435.2,41.7,3,3,31.03 L,DRV-0302,5,31.03
RTE-02954,VEH-0451,Van,2024-04-05,"ORD-005512,ORD-001404,ORD-014358,ORD-006109,ORD-000899,ORD-004164,ORD-001133",391.29,380.77,45.7,300.6,7,7,1863.0 Wh,DRV-0099,8,1863.0
RTE-02955,VEH-0588,Truck,2024-01-16,"ORD-014340,ORD-002735,ORD-012549,ORD-002699,ORD-014543",195.54,415.02,203.4,246.1,5,5,52.42,DRV-0748,5,52.42
RTE-02956,VEH-0415,Van,2025-04-20,"ORD-010382,ORD-008001,ORD-013688,ORD-011835,ORD-007066,ORD-007899,ORD-000730,ORD-000570",289.74,185.94,699.6,690.4,8,8,35.87 L,DRV-0036,12,35.87
RTE-02957,VEH-0277,Bike,2025-06-09,ORD-001057,163.42,166.9,224.7,338.8,1,1,12.27 L,DRV-0435,8,12.27
RTE-02958,VEH-0602,Truck,2025-06-25,"ORD-008267,ORD-014678,ORD-006571",106.22,246.41,470.1,85.1,3,3,1234.0 Wh,DRV-0026,3,1234.0
RTE-02959,VEH-0296,Bike,2025-06-05,"ORD-000299,ORD-013990,ORD-000267,ORD-012946,ORD-009889",261.26,223.82,635.5,400.6,5,5,54.89 L,DRV-0552,12,54.89
RTE-02960,VEH-0176,Bike,2024-09-26,"ORD-006884,ORD-011350,ORD-001619,ORD-011997",245.16,400.48,640.7,593.9,4,4,873.0 Wh,DRV-0016,0,873.0
RTE-02961,VEH-0135,Drone,2025-01-20,"ORD-007733,ORD-006351,ORD-012548,ORD-003668,ORD-002177,ORD-013693,ORD-014878",375.05,98.99,543.0,57.7,7,7,15.73 L,,9,15.73
RTE-02962,VEH-0127,Drone,2024-01-11,"ORD-012914,ORD-007813,ORD-005071,ORD-004487,ORD-009599,ORD-001276,ORD-004015,ORD-006600,ORD-010953",153.69,407.15,610.1,401.4,9,9,54.41,,6,54.41
RTE-02963,VEH-0695,Truck,2025-04-07,"ORD-002287,ORD-004693,ORD-002725,ORD-014095,ORD-004645",90.62,250.46,39.4,518.0,5,5,17.69 L,DRV-0650,4,17.69
RTE-02964,VEH-0487,Van,2024-05-25,"ORD-013706,ORD-006820,ORD-000734,ORD-006101,ORD-000296,ORD-012012,ORD-001865,ORD-012244,ORD-005662",78.43,355.91,16.2,84.2,9,9,38.28,DRV-0411,8,38.28
RTE-02965,VEH-0611,Truck,2024-01-30,"ORD-012014,ORD-006460,ORD-002087,ORD-005133,ORD-014681,ORD-005755",210.13,341.12,49.8,584.8,6,5,28.58,DRV-0615,7,28.58
RTE-02966,VEH-0273,Bike,2024-09-12,"ORD-004733,ORD-003580,ORD-005994,ORD-005429,ORD-006140,ORD-014733",57.51,96.93,115.6,343.2,6,6,34.04,DRV-0485,11,34.04
RTE-02967,VEH-0105,Drone,2025-05-01,"ORD-000304,ORD-003095,ORD-012059",381.54,47.16,165.0,106.5,3,3,18.04,,8,18.04
RTE-02968,VEH-0091,Drone,2024-10-28,ORD-003890,249.89,189.16,63.0,467.1,1,1,1679.0 Wh,,7,1679.0
RTE-02969,VEH-0196,Bike,2024-05-26,"ORD-007871,ORD-013586,ORD-001194,ORD-009619",409.21,420.63,379.1,655.1,4,4,1515.0 Wh,DRV-0262,9,1515.0
RTE-02970,VEH-0583,Truck,2024-12-22,"ORD-002587,ORD-006414,ORD-002480,ORD-005029,ORD-000110,ORD-008074",320.51,34.6,53.6,164.2,6,6,458.0 Wh,DRV-0889,7,458.0
RTE-02971,VEH-0261,Bike,2024-01-22,"ORD-010823,ORD-010961,ORD-012388,ORD-010233,ORD-013518,ORD-000722",392.71,263.37,517.2,790.4,6,6,12.06,DRV-0530,4,12.06
RTE-02972,VEH-0632,Truck,2024-03-11,"ORD-011939,ORD-003933,ORD-005546",250.75,38.05,173.9,561.3,3,1,728.0 Wh,DRV-0170,9,728.0
RTE-02973,VEH-0160,Bike,2025-04-19,"ORD-008728,ORD-011038,ORD-008712,ORD-011949,ORD-002897,ORD-013332",370.95,46.1,41.9,507.7,6,6,2168.0 Wh,DRV-0506,7,2168.0
RTE-02974,VEH-0635,Truck,2024-02-06,"ORD-005476,ORD-010857,ORD-005918,ORD-006902,ORD-014893,ORD-005478,ORD-009087,ORD-002072",162.49,4.61,201.3,153.2,8,8,18.05 L,DRV-0735,10,18.05
RTE-02975,VEH-0074,Drone,2025-05-17,"ORD-004062,ORD-005765,ORD-000880,ORD-010518",415.73,409.49,595.0,184.0,4,2,52.46,,9,52.46
RTE-02976,VEH-0503,Van,2025-02-12,"ORD-003715,ORD-014858,ORD-010483,ORD-008662",346.89,147.92,84.9,590.0,4,4,23.63 L,DRV-0602,0,23.63
RTE-02977,VEH-0538,Van,2024-08-04,"ORD-013308,ORD-010014,ORD-008754,ORD-002001",333.17,270.43,335.9,507.8,4,4,16.99,DRV-0736,7,16.99
RTE-02978,VEH-0040,Drone,2024-02-23,ORD-005597,117.86,171.39,546.5,631.8,1,0,20.47,,6,20.47
RTE-02979,VEH-0262,Bike,2024-07-31,"ORD-005219,ORD-008539,ORD-000684,ORD-000129,ORD-009632,ORD-006457,ORD-007146",389.23,269.1,341.6,296.0,7,7,22.62 L,DRV-0243,13,22.62
RTE-02980,VEH-0481,Van,2025-06-07,"ORD-003183,ORD-000402,ORD-000402",412.63,,200.3,235.9,3,1,22.38,DRV-0142,10,22.38
RTE-02981,VEH-0052,Drone,2024-09-05,"ORD-002861,ORD-012700,ORD-004391,ORD-008357,ORD-002478,ORD-012062,ORD-009889,ORD-014786",264.31,312.13,62.4,288.7,8,8,697.0 Wh,,7,697.0
RTE-02982,VEH-0117,Drone,2024-02-20,"ORD-010724,ORD-009079,ORD-010825,ORD-003508,ORD-014885,ORD-005586,ORD-012856",117.56,394.37,604.9,766.6,7,6,54.33 L,,13,54.33
RTE-02983,VEH-0093,Drone,2025-05-11,"ORD-008659,ORD-000087,ORD-014038",206.7,233.98,514.2,656.0,3,3,10.94,,13,10.94
RTE-02984,VEH-0254,Bike,2025-01-27,"ORD-003665,ORD-003887,ORD-006069,ORD-000281,ORD-005813",181.63,327.45,475.5,102.5,5,5,869.0 Wh,DRV-0867,8,869.0
RTE-02985,VEH-0109,Drone,2024-09-21,ORD-002013,292.87,375.17,675.6,429.3,1,0,387.0 Wh,,8,387.0
RTE-02986,VEH-0299,Bike,2024-06-29,ORD-000283,81.26,159.58,404.3,314.3,1,1,53.18,DRV-0486,4,53.18
RTE-02987,VEH-0596,Truck,2024-12-09,"ORD-002961,ORD-007066,ORD-009499,ORD-009302,ORD-001095,ORD-002946",105.71,169.44,623.9,386.5,6,6,1584.0 Wh,DRV-0615,0,1584.0
RTE-02988,VEH-0038,Drone,2024-02-25,ORD-011290,147.92,119.42,59.8,257.6,1,1,9.58,,12,9.58
RTE-02989,VEH-0022,Drone,2024-04-26,"ORD-010645,ORD-003502,ORD-014802,ORD-005366,ORD-007921",207.22,101.01,440.5,691.5,5,5,54.93,,0,54.93
RTE-02990,VEH-0585,Truck,2024-07-20,"ORD-004360,ORD-010918,ORD-014448,ORD-012580,ORD-012723,ORD-008814,ORD-011348,ORD-002458",116.46,453.2,445.7,542.7,8,8,43.57 L,DRV-0219,10,43.57
RTE-02991,VEH-0696,Truck,2024-10-25,"ORD-010260,ORD-014690,ORD-002569,ORD-014567,ORD-014388,ORD-001188,ORD-005485,ORD-011065",226.69,284.3,625.2,270.5,8,8,255.0 Wh,DRV-0711,4,255.0
RTE-02992,VEH-0152,Bike,2025-01-04,"ORD-002776,ORD-000060",155.76,167.05,354.6,612.6,2,2,31.83,DRV-0716,14,31.83
RTE-02993,VEH-0654,Truck,2025-03-09,"ORD-013087,ORD-014210,ORD-010156,ORD-010847,ORD-012849,ORD-012526,ORD-006089,ORD-000343,ORD-000914",312.41,341.66,278.9,95.7,9,8,5.07,DRV-0201,11,5.07
RTE-02994,VEH-0690,Truck,2024-12-30,"ORD-014578,ORD-013277,ORD-014217,ORD-013891,ORD-001066",334.58,306.47,484.4,183.2,5,4,32.62 L,DRV-0343,14,32.62
RTE-02995,VEH-0391,Bike,2024-02-21,ORD-007880,51.82,352.45,267.9,319.5,1,1,30.81,DRV-0593,5,30.81
RTE-02996,VEH-0594,Truck,2024-12-09,"ORD-002456,ORD-007182,ORD-009568,ORD-003607,ORD-006793",357.08,9.58,104.2,635.4,5,4,36.95 L,DRV-0820,9,36.95
RTE-02997,VEH-0623,Truck,2025-04-06,"ORD-004367,ORD-014199,ORD-001737,ORD-011596,ORD-000194,ORD-006684,ORD-012893,ORD-014017,ORD-008964",120.8,108.94,660.1,787.8,9,9,51.31,DRV-0049,3,51.31
RTE-02998,VEH-0634,Truck,2024-05-12,"ORD-007017,ORD-013825,ORD-001459,ORD-002984,ORD-006535",322.8,284.24,468.5,80.1,5,4,750.0 Wh,DRV-0351,10,750.0
RTE-02999,VEH-0030,Drone,2024-02-03,"ORD-005020,ORD-011860,ORD-005519,ORD-006985,ORD-012870,ORD-010321,ORD-009223,ORD-001671",111.8,423.48,406.7,154.8,8,6,5.66 L,,10,5.66
RTE-03000,VEH-0586,Truck,2024-04-25,"ORD-001373,ORD-011931,ORD-009955,ORD-013410,ORD-003659,ORD-009297,ORD-008707",6.59,228.99,655.7,395.3,7,7,26.63,DRV-0029,13,26.63
RTE-03001,VEH-0658,Truck,2025-02-21,"ORD-008281,ORD-013701,ORD-008665,ORD-011253,ORD-001465,ORD-013968,ORD-012823,ORD-003753,ORD-004274",301.59,455.67,350.3,794.5,9,9,39.76 L,DRV-0276,13,39.76
RTE-03002,VEH-0450,Van,2025-04-13,"ORD-006873,ORD-010274,ORD-005171,ORD-014559,ORD-008564,ORD-000669,ORD-013767,ORD-012802,ORD-013695",377.31,,150.4,143.9,9,9,623.0 Wh,DRV-0339,14,623.0
RTE-03003,VEH-0665,Truck,2024-07-29,"ORD-007218,ORD-001080,ORD-000773,ORD-001945,ORD-001334",276.05,107.78,186.4,398.1,5,5,35.5,DRV-0872,9,35.5
RTE-03004,VEH-0033,Drone,2024-05-20,"ORD-012322,ORD-003750,ORD-001988,ORD-005535",272.75,,252.0,243.3,4,4,33.71 L,,14,33.71
RTE-03005,VEH-0239,Bike,2024-05-04,"ORD-008171,ORD-014247,ORD-007605,ORD-004851,ORD-012402,ORD-011760,ORD-001079,ORD-009653",176.45,19.26,371.6,746.9,8,8,1089.0 Wh,DRV-0876,11,1089.0
RTE-03006,VEH-0338,Bike,2024-10-01,"ORD-004995,ORD-014771,ORD-003734",235.79,38.4,443.4,647.1,3,3,1956.0 Wh,DRV-0444,7,1956.0
RTE-03007,VEH-0028,Drone,2024-11-05,"ORD-009568,ORD-011502,ORD-014450,ORD-012565,ORD-004079,ORD-005353,ORD-010907,ORD-012094",11.21,134.25,516.3,533.3,8,8,2026.0 Wh,,10,2026.0
RTE-03008,VEH-0160,Bike,2024-02-12,"ORD-000478,ORD-001190,ORD-013762,ORD-003118,ORD-009112",297.1,296.32,652.8,276.3,5,5,10.6 L,DRV-0473,11,10.6
RTE-03009,VEH-0449,Van,2024-01-07,ORD-009902,235.27,341.79,46.3,310.3,1,1,58.82 L,DRV-0219,13,58.82
RTE-03010,VEH-0565,Van,2025-02-01,"ORD-001648,ORD-014371,ORD-006333,ORD-009114",362.47,13.53,126.6,250.2,4,4,909.0 Wh,DRV-0753,14,909.0
RTE-03011,VEH-0356,Bike,2024-08-28,"ORD-008555,ORD-009027,ORD-013138,ORD-012112",31.65,,520.1,392.3,4,3,19.41,DRV-0355,10,19.41
RTE-03012,VEH-0513,Van,2024-10-12,"ORD-012724,ORD-014517,ORD-000781,ORD-009966",239.18,223.94,313.5,44.3,4,4,19.77,DRV-0022,12,19.77
RTE-03013,VEH-0024,Drone,2025-01-02,"ORD-001521,ORD-004935,ORD-013554,ORD-009437,ORD-002962,ORD-014429,ORD-000388,ORD-013647,ORD-000012",336.75,179.24,146.3,230.2,9,9,17.58,,3,17.58
RTE-03014,VEH-0042,Drone,2024-02-06,"ORD-000966,ORD-006712,ORD-000814,ORD-003351,ORD-009242",159.6,207.33,645.3,762.0,5,5,22.92,,13,22.92
RTE-03015,VEH-0563,Van,2025-02-12,"ORD-000185,ORD-005498,ORD-012808,ORD-007968,ORD-000334,ORD-000838",203.14,12.17,76.9,89.2,6,6,2.15,DRV-0433,6,2.15
RTE-03016,VEH-0515,Van,2024-07-03,"ORD-006688,ORD-007403,ORD-003944,ORD-007618,ORD-004526,ORD-001090,ORD-011931",334.66,19.91,447.8,190.3,7,7,30.64 L,DRV-0897,12,30.64
RTE-03017,VEH-0093,Drone,2024-07-31,"ORD-000271,ORD-005091",237.31,205.02,15.8,57.7,2,2,46.51,,12,46.51
RTE-03018,VEH-0698,Truck,2024-12-03,ORD-010637,373.13,64.06,645.6,60.4,1,1,14.28,DRV-0768,5,14.28
RTE-03019,VEH-0436,Van,2025-02-22,"ORD-011672,ORD-002829,ORD-007483",183.87,94.73,410.9,241.6,3,3,692.0 Wh,DRV-0164,6,692.0
RTE-03020,VEH-0356,Bike,2024-03-23,"ORD-010603,ORD-000141,ORD-005754,ORD-007040",32.95,331.24,460.4,597.3,4,3,9.16,DRV-0595,0,9.16
RTE-03021,VEH-0356,Bike,2024-12-20,ORD-004018,220.95,38.75,235.9,314.2,1,1,56.66,DRV-0746,14,56.66
RTE-03022,VEH-0664,Truck,2024-04-13,"ORD-007223,ORD-007344",313.32,455.8,233.1,321.5,2,2,53.8 L,DRV-0784,13,53.8
RTE-03023,VEH-0138,Drone,2025-03-18,"ORD-013692,ORD-000344,ORD-004255,ORD-005529",97.71,217.7,628.1,569.8,4,4,52.38 L,,14,52.38
RTE-03024,VEH-0665,Truck,2024-03-02,"ORD-011677,ORD-003406,ORD-014144,ORD-005366,ORD-010092,ORD-010710,ORD-014881,ORD-011628",75.95,29.09,380.9,189.9,8,8,49.86,DRV-0606,10,49.86
RTE-03025,VEH-0551,Van,2024-02-13,"ORD-000420,ORD-003403,ORD-008201,ORD-003057,ORD-014254,ORD-012210,ORD-002627,ORD-009197,ORD-000279",319.19,295.45,670.8,789.7,9,9,49.18 L,DRV-0810,5,49.18
RTE-03026,VEH-0099,Drone,2024-06-02,ORD-004924,177.02,82.76,171.4,222.2,1,1,15.35,,5,15.35
RTE-03027,VEH-0598,Truck,2024-02-15,"ORD-014321,ORD-013351,ORD-008846,ORD-006458,ORD-002984,ORD-001763,ORD-009126,ORD-001577,ORD-007239",247.06,225.06,583.9,751.3,9,9,11.69,DRV-0461,8,11.69
RTE-03028,VEH-0603,Truck,2024-08-11,ORD-007483,242.59,215.82,35.3,571.8,1,1,770.0 Wh,DRV-0267,0,770.0
RTE-03029,VEH-0316,Bike,2024-05-13,"ORD-008439,ORD-000983,ORD-008024,ORD-004387,ORD-003046,ORD-005681,ORD-002762,ORD-003679,ORD-006884",27.34,277.29,470.4,392.6,9,9,13.29,DRV-0468,5,13.29
RTE-03030,VEH-0386,Bike,2024-12-02,"ORD-011893,ORD-006153",416.13,295.97,607.7,329.3,2,2,43.9,DRV-0563,10,43.9
RTE-03031,VEH-0114,Drone,2024-12-22,"ORD-009190,ORD-009406,ORD-013311,ORD-007145,ORD-005294,ORD-002948,ORD-014047",68.31,427.42,561.0,161.6,7,7,1465.0 Wh,,8,1465.0
RTE-03032,VEH-0120,Drone,2024-03-27,"ORD-000277,ORD-014267,ORD-012890,ORD-006035,ORD-007542",93.01,442.5,464.2,204.1,5,5,2.84 L,,14,2.84
RTE-03033,VEH-0605,Truck,2024-06-26,"ORD-011334,ORD-007904,ORD-008982,ORD-003229,ORD-007416,ORD-004937",412.27,314.15,115.4,475.0,6,6,39.89 L,DRV-0578,4,39.89
RTE-03034,VEH-0452,Van,2025-01-21,"ORD-005659,ORD-001761",13.49,201.13,408.5,135.8,2,2,33.61,DRV-0457,5,33.61
RTE-03035,VEH-0072,Drone,2024-01-30,"ORD-004178,ORD-004143,ORD-010672,ORD-013430,ORD-007075",131.68,249.55,103.5,60.7,5,5,257.0 Wh,,12,257.0
RTE-03036,VEH-0092,Drone,2025-04-18,"ORD-003087,ORD-006405,ORD-012797,ORD-000586,ORD-010636,ORD-006096,ORD-009303",303.18,304.55,386.2,713.9,7,7,58.47,,11,58.47
RTE-03037,VEH-0136,Drone,2024-08-29,"ORD-009066,ORD-006800",4.45,55.36,253.7,36.6,2,2,16.78,,4,16.78
RTE-03038,VEH-0620,Truck,2024-03-23,ORD-009266,313.74,292.98,336.6,780.1,1,1,52.85,DRV-0758,3,52.85
RTE-03039,VEH-0430,Van,2025-03-23,"ORD-010874,ORD-007586,ORD-006452,ORD-011296,ORD-003663,ORD-007963",241.3,43.72,698.9,305.7,6,6,487.0 Wh,DRV-0829,13,487.0
RTE-03040,VEH-0393,Bike,2025-05-07,"ORD-006854,ORD-004661,ORD-013257,ORD-008700,ORD-012450,ORD-002225,ORD-002998",398.58,131.9,648.8,35.1,7,7,49.91,DRV-0412,6,49.91
RTE-03041,VEH-0442,Van,2024-05-12,"ORD-012259,ORD-005345,ORD-010205,ORD-004665,ORD-012553,ORD-008306,ORD-006104,ORD-006005,ORD-009318",199.8,40.04,365.1,613.3,9,9,34.91 L,DRV-0375,13,34.91
RTE-03042,VEH-0581,Truck,2024-04-04,ORD-002388,139.76,395.36,23.5,766.6,1,1,47.53 L,DRV-0244,11,47.53
RTE-03043,VEH-0640,Truck,2024-04-25,ORD-003099,302.2,40.57,148.4,262.1,1,1,21.64 L,DRV-0137,0,21.64
RTE-03044,VEH-0024,Drone,2024-05-10,"ORD-012498,ORD-007177,ORD-009438",101.37,157.69,411.9,768.9,3,3,19.19 L,,6,19.19
RTE-03045,VEH-0120,Drone,2024-06-24,"ORD-002069,ORD-000430,ORD-005911",184.81,403.03,363.7,557.0,3,2,16.1,,8,16.1
RTE-03046,VEH-0441,Van,2024-01-03,"ORD-006323,ORD-002072,ORD-006135,ORD-010627,ORD-011510,ORD-014754,ORD-011242,ORD-005888,ORD-003458",89.0,159.58,551.5,124.4,9,8,1669.0 Wh,DRV-0029,0,1669.0
RTE-03047,VEH-0525,Van,2025-06-10,"ORD-011350,ORD-010158,ORD-001424,ORD-008923,ORD-002058,ORD-007569,ORD-002815,ORD-004002,ORD-013606",247.11,267.67,583.6,748.2,9,9,403.0 Wh,DRV-0301,11,403.0
RTE-03048,VEH-0056,Drone,2025-04-16,"ORD-006565,ORD-001862",268.17,141.39,56.3,470.7,2,2,28.42,,9,28.42
RTE-03049,VEH-0591,Truck,2024-03-20,ORD-011829,354.67,301.8,298.3,182.9,1,1,3.41,DRV-0563,6,3.41
RTE-03050,VEH-0010,Drone,2025-02-20,"ORD-008111,ORD-011785,ORD-002795,ORD-002555",296.72,454.55,608.8,244.4,4,4,38.16 L,,10,38.16
RTE-03051,VEH-0530,Van,2024-02-14,"ORD-011064,ORD-010423,ORD-005578,ORD-006384,ORD-002749,ORD-003710",11.68,203.72,334.9,519.4,6,6,569.0 Wh,DRV-0420,14,569.0
RTE-03052,VEH-0138,Drone,2024-02-13,"ORD-002700,ORD-008235,ORD-001047,ORD-000420,ORD-006688",311.78,82.19,117.7,680.1,5,5,415.0 Wh,,13,415.0
RTE-03053,VEH-0121,Drone,2024-10-09,"ORD-007402,ORD-012816,ORD-011772,ORD-013413",258.49,,680.2,498.0,4,4,17.04 L,,11,17.04
RTE-03054,VEH-0598,Truck,2025-01-19,"ORD-004158,ORD-012122,ORD-001780,ORD-013092,ORD-011954,ORD-008926,ORD-013324,ORD-006654",405.73,,517.0,281.0,8,8,6.62,DRV-0250,8,6.62
RTE-03055,VEH-0434,Van,2025-05-15,"ORD-008361,ORD-005369,ORD-014742,ORD-008756,ORD-011985,ORD-005143,ORD-008539,ORD-014247,ORD-012463",252.19,145.41,356.9,238.6,9,9,36.68 L,DRV-0496,4,36.68
RTE-03056,VEH-0042,Drone,2024-02-28,"ORD-000716,ORD-012983,ORD-012639",204.56,195.71,76.2,205.4,3,3,46.37,,12,46.37
RTE-03057,VEH-0615,Truck,2025-06-07,"ORD-012350,ORD-013055,ORD-011526,ORD-000592,ORD-007645,ORD-008618",55.23,364.8,331.9,392.1,6,4,37.36,DRV-0694,5,37.36
RTE-03058,VEH-0403,Van,2024-07-09,"ORD-007775,ORD-013046,ORD-013479,ORD-014186,ORD-005812,ORD-011162",166.23,389.09,485.5,107.6,6,6,1453.0 Wh,DRV-0836,11,1453.0
RTE-03059,VEH-0231,Bike,2024-03-21,"ORD-000981,ORD-005961,ORD-006941",248.35,271.45,310.2,599.9,3,3,59.09 L,DRV-0673,4,59.09
RTE-03060,VEH-0100,Drone,2024-10-26,"ORD-007738,ORD-007891",192.45,312.91,62.7,773.6,2,2,39.54 L,,11,39.54
RTE-03061,VEH-0511,Van,2024-04-24,"ORD-005274,ORD-007148,ORD-014717,ORD-000833,ORD-008812,ORD-002663,ORD-005711",16.73,221.26,258.3,788.1,7,7,23.74,DRV-0312,14,23.74
RTE-03062,VEH-0223,Bike,2025-06-19,"ORD-008083,ORD-012301,ORD-014201,ORD-010846,ORD-011562,ORD-004756",349.12,210.44,695.4,365.6,6,4,1515.0 Wh,DRV-0330,3,1515.0
RTE-03063,VEH-0046,Drone,2025-01-15,"ORD-009234,ORD-004304,ORD-004999,ORD-011061,ORD-004547,ORD-014321,ORD-010546",357.84,,322.7,705.3,7,7,5.77 L,,11,5.77
RTE-03064,VEH-0564,Van,2025-05-03,"ORD-003695,ORD-007994,ORD-003878,ORD-010285,ORD-007277,ORD-005780,ORD-011027",233.38,22.38,294.9,248.3,7,7,33.92 L,DRV-0009,8,33.92
RTE-03065,VEH-0330,Bike,2025-06-09,"ORD-014883,ORD-005158,ORD-014554",372.51,238.82,223.6,778.8,3,3,1120.0 Wh,DRV-0570,4,1120.0
RTE-03066,VEH-0111,Drone,2025-02-25,"ORD-013718,ORD-003647,ORD-013758,ORD-007526",345.31,286.04,273.0,57.9,4,4,2148.0 Wh,,5,2148.0
RTE-03067,VEH-0134,Drone,2024-08-07,"ORD-004777,ORD-006363",242.36,143.37,25.4,166.7,2,2,58.3,,7,58.3
RTE-03068,VEH-0419,Van,2025-01-19,"ORD-003093,ORD-010148,ORD-001108,ORD-008906,ORD-000144,ORD-003247",141.08,380.08,575.5,96.1,6,6,38.92 L,DRV-0445,4,38.92
RTE-03069,VEH-0624,Truck,2024-01-07,"ORD-002508,ORD-002713,ORD-014047,ORD-011049,ORD-009584,ORD-009126,ORD-004581,ORD-000318,ORD-014528",118.78,,642.9,81.0,9,9,814.0 Wh,DRV-0525,4,814.0
RTE-03070,VEH-0436,Van,2024-11-04,"ORD-000509,ORD-001829,ORD-012464,ORD-014091,ORD-009769,ORD-006379,ORD-003554,ORD-003455,ORD-000466",153.23,341.51,312.4,756.5,9,9,2101.0 Wh,DRV-0278,10,2101.0
RTE-03071,VEH-0599,Truck,2024-09-26,"ORD-013185,ORD-000427,ORD-013594,ORD-007191,ORD-002769,ORD-002023,ORD-014145",245.11,439.58,318.3,315.6,7,7,765.0 Wh,DRV-0335,6,765.0
RTE-03072,VEH-0192,Bike,2024-10-08,"ORD-009565,ORD-005452,ORD-014637",154.52,27.31,359.9,224.9,3,1,34.21,DRV-0054,12,34.21
RTE-03073,VEH-0195,Bike,2024-07-05,ORD-014221,215.8,250.83,697.2,150.7,1,1,42.15 L,DRV-0026,6,42.15
RTE-03074,VEH-0577,Van,2024-10-18,"ORD-009718,ORD-003083,ORD-010976,ORD-010625,ORD-002154,ORD-012764,ORD-000170",55.01,248.76,474.1,752.2,7,7,31.29 L,DRV-0468,9,31.29
RTE-03075,VEH-0040,Drone,2025-02-28,"ORD-003328,ORD-000437,ORD-000467,ORD-001779,ORD-005763,ORD-005984,ORD-004348,ORD-002382,ORD-000202",343.38,135.52,431.6,96.1,9,9,778.0 Wh,,4,778.0
RTE-03076,VEH-0072,Drone,2025-02-25,"ORD-002243,ORD-013569,ORD-003649,ORD-014675,ORD-004675,ORD-007149",389.46,106.41,521.8,758.7,6,6,997.0 Wh,,4,997.0
RTE-03077,VEH-0578,Van,2024-01-28,"ORD-008804,ORD-010103,ORD-010564,ORD-004394,ORD-008605,ORD-013291,ORD-002719,ORD-000196,ORD-001871",149.49,325.03,185.9,679.8,9,9,23.26 L,DRV-0039,8,23.26
RTE-03078,VEH-0038,Drone,2025-04-28,"ORD-005099,ORD-003693,ORD-012589,ORD-005401,ORD-008364,ORD-007781,ORD-012759,ORD-009547,ORD-014860",398.53,257.46,185.5,403.4,9,9,2096.0 Wh,,8,2096.0
RTE-03079,VEH-0460,Van,2025-06-13,ORD-010094,243.42,260.05,363.7,95.0,1,1,17.86 L,DRV-0202,4,17.86
RTE-03080,VEH-0524,Van,2025-05-25,"ORD-013397,ORD-006275,ORD-007864,ORD-006264",214.46,3.06,128.5,445.7,4,4,57.76 L,DRV-0132,12,57.76
RTE-03081,VEH-0656,Truck,2024-02-09,"ORD-005690,ORD-001599,ORD-011226,ORD-000904",378.11,320.89,322.5,464.2,4,4,50.25,DRV-0466,11,50.25
RTE-03082,VEH-0328,Bike,2024-05-15,"ORD-012996,ORD-009994,ORD-010236,ORD-006735,ORD-005347,ORD-006663,ORD-002381",289.26,167.82,423.6,608.3,7,7,59.54,DRV-0082,14,59.54
RTE-03083,VEH-0018,Drone,2024-11-03,"ORD-010642,ORD-013524",172.73,159.1,172.4,435.3,2,2,58.94 L,,8,58.94
RTE-03084,VEH-0636,Truck,2025-05-09,ORD-006294,299.37,317.64,492.0,423.4,1,1,1434.0 Wh,DRV-0790,5,1434.0
RTE-03085,VEH-0180,Bike,2024-04-08,"ORD-013512,ORD-003856,ORD-014709,ORD-003593,ORD-013838,ORD-007694,ORD-005588",267.62,84.0,377.9,110.4,7,7,36.13,DRV-0722,11,36.13
RTE-03086,VEH-0466,Van,2024-10-13,ORD-005530,90.33,278.53,262.3,326.4,1,1,4.59,DRV-0640,14,4.59
RTE-03087,VEH-0220,Bike,2024-02-23,"ORD-002065,ORD-002008,ORD-006311,ORD-003303,ORD-012526,ORD-009722,ORD-011685,ORD-001117",156.0,218.59,333.9,536.7,8,8,24.06,DRV-0812,6,24.06
RTE-03088,VEH-0017,Drone,2024-05-18,"ORD-008977,ORD-005661",226.39,199.7,512.2,94.4,2,1,47.86 L,,14,47.86
RTE-03089,VEH-0408,Van,2025-06-15,"ORD-014306,ORD-002545,ORD-009469,ORD-012357,ORD-002951,ORD-007933",206.48,289.18,557.6,582.1,6,6,39.4,DRV-0471,4,39.4
RTE-03090,VEH-0452,Van,2024-09-01,"ORD-004120,ORD-014221,ORD-006760,ORD-010134",188.27,185.37,698.2,316.5,4,4,21.58 L,DRV-0572,4,21.58
RTE-03091,VEH-0024,Drone,2024-11-10,"ORD-012027,ORD-002332,ORD-010715,ORD-001242,ORD-012211,ORD-009195,ORD-010248,ORD-001655,ORD-011906",228.09,286.13,552.8,474.5,9,9,4.84,,12,4.84
RTE-03092,VEH-0031,Drone,2024-01-10,"ORD-012632,ORD-000886,ORD-014565,ORD-006897,ORD-003706,ORD-001036",259.85,294.46,565.1,779.2,6,6,48.16,,13,48.16
RTE-03093,VEH-0174,Bike,2025-06-27,ORD-002489,245.19,80.3,450.2,519.2,1,1,12.56,DRV-0298,0,12.56
RTE-03094,VEH-0503,Van,2024-02-16,"ORD-014915,ORD-004487,ORD-012700,ORD-011016,ORD-007626,ORD-002539",228.48,238.46,542.2,229.8,6,5,1497.0 Wh,DRV-0340,8,1497.0
RTE-03095,VEH-0611,Truck,2024-11-01,"ORD-005065,ORD-013776",271.14,268.81,231.5,90.6,2,2,23.95 L,DRV-0306,13,23.95
RTE-03096,VEH-0428,Van,2024-05-02,"ORD-011057,ORD-003599,ORD-011609,ORD-006644,ORD-009727,ORD-003032,ORD-011155,ORD-005071",290.99,33.09,489.1,372.4,8,8,754.0 Wh,DRV-0406,9,754.0
RTE-03097,VEH-0555,Van,2024-07-28,"ORD-002795,ORD-013621,ORD-001829",110.7,254.34,27.0,669.2,3,3,21.31,DRV-0820,7,21.31
RTE-03098,VEH-0002,Drone,2024-11-04,"ORD-001078,ORD-014550,ORD-004084,ORD-008111,ORD-001638,ORD-014811,ORD-010871,ORD-013477",82.77,151.89,97.4,441.9,8,8,1097.0 Wh,,10,1097.0
RTE-03099,VEH-0099,Drone,2024-06-10,"ORD-006350,ORD-014883,ORD-004365,ORD-011073,ORD-000816,ORD-014072,ORD-001552,ORD-002818,ORD-010130",11.76,351.22,472.6,368.3,9,9,41.22,,3,41.22
RTE-03100,VEH-0063,Drone,2025-02-04,ORD-002641,360.95,16.73,574.5,535.1,1,1,1558.0 Wh,,14,1558.0
RTE-03101,VEH-0530,Van,2024-12-29,"ORD-008758,ORD-014953,ORD-002856,ORD-009927,ORD-000994,ORD-004299,ORD-006653,ORD-009439,ORD-006535",220.34,,556.0,680.4,9,9,2069.0 Wh,DRV-0205,3,2069.0
RTE-03102,VEH-0281,Bike,2025-03-09,"ORD-005570,ORD-013823,ORD-009772,ORD-008032,ORD-001823,ORD-002602",331.88,88.23,309.9,219.6,6,6,8.52 L,DRV-0072,11,8.52
RTE-03103,VEH-0191,Bike,2024-02-26,"ORD-006757,ORD-001274,ORD-010084,ORD-011424,ORD-002709,ORD-014043",374.37,405.54,388.0,351.7,6,6,17.18,DRV-0781,6,17.18
RTE-03104,VEH-0659,Truck,2024-08-24,"ORD-009952,ORD-003438,ORD-013027,ORD-009963",16.95,171.2,220.0,647.0,4,4,1188.0 Wh,DRV-0570,10,1188.0
RTE-03105,VEH-0605,Truck,2024-04-19,"ORD-009750,ORD-014685,ORD-010298,ORD-006310,ORD-012090,ORD-004229",376.87,214.69,160.1,382.0,6,6,30.76,DRV-0174,4,30.76
RTE-03106,VEH-0481,Van,2025-02-22,ORD-003308,141.7,30.47,414.4,123.1,1,1,1.49,DRV-0361,3,1.49
RTE-03107,VEH-0349,Bike,2024-07-23,"ORD-001864,ORD-001984,ORD-004783,ORD-013267,ORD-009010,ORD-005891,ORD-008813,ORD-004657",155.66,,529.1,225.0,8,8,8.83,DRV-0460,4,8.83
RTE-03108,VEH-0117,Drone,2025-05-02,"ORD-004569,ORD-009408,ORD-014398,ORD-004942,ORD-006100,ORD-007901,ORD-012527,ORD-012742",91.2,,512.1,75.6,8,8,0.81,,12,0.81
RTE-03109,VEH-0455,Van,2024-10-02,"ORD-001320,ORD-002069,ORD-013010",20.34,115.61,87.4,66.1,3,3,12.88,DRV-0713,14,12.88
RTE-03110,VEH-0013,Drone,2024-09-22,"ORD-006893,ORD-001310,ORD-011522,ORD-013702,ORD-005632,ORD-014707,ORD-008818,ORD-009823,ORD-013076",396.56,,58.3,299.4,9,9,46.58 L,,8,46.58
RTE-03111,VEH-0121,Drone,2024-07-14,"ORD-013620,ORD-009899,ORD-008772,ORD-012534",15.47,288.65,533.6,647.2,4,4,4.65,,14,4.65
RTE-03112,VEH-0104,Drone,2024-03-19,"ORD-003351,ORD-008135,ORD-012193,ORD-012449,ORD-000564,ORD-012034,ORD-013968",265.17,315.73,564.2,519.3,7,7,48.19 L,,14,48.19
RTE-03113,VEH-0294,Bike,2024-08-13,"ORD-010472,ORD-012197,ORD-007210,ORD-007668,ORD-003101",384.75,446.98,610.3,666.3,5,5,59.24,DRV-0893,10,59.24
RTE-03114,VEH-0455,Van,2024-06-05,"ORD-011483,ORD-000246,ORD-013484,ORD-000582,ORD-001194,ORD-004621,ORD-000946,ORD-001199,ORD-007589",70.37,,617.9,343.8,9,9,56.4 L,DRV-0328,8,56.4
RTE-03115,VEH-0035,Drone,2024-06-05,"ORD-007779,ORD-003177,ORD-010798,ORD-005242",33.02,343.92,572.5,738.9,4,4,899.0 Wh,,10,899.0
RTE-03116,VEH-0592,Truck,2024-09-03,"ORD-005183,ORD-007275,ORD-013298",388.7,148.09,356.6,610.7,3,3,1327.0 Wh,DRV-0132,14,1327.0
RTE-03117,VEH-0509,Van,2025-04-04,"ORD-005204,ORD-014237,ORD-009389",102.79,398.46,241.6,553.0,3,3,35.43 L,DRV-0755,3,35.43
RTE-03118,VEH-0227,Bike,2024-02-06,"ORD-009390,ORD-009572,ORD-004286,ORD-010162,ORD-008961,ORD-001057,ORD-005744,ORD-005606",197.59,349.46,93.0,768.5,8,8,1.81,DRV-0267,4,1.81
RTE-03119,VEH-0038,Drone,2025-05-08,"ORD-007557,ORD-012275,ORD-005687,ORD-001935,ORD-001889,ORD-003810,ORD-011054,ORD-006378",102.58,,622.5,176.4,8,8,49.73 L,,11,49.73
RTE-03120,VEH-0479,Van,2024-03-16,ORD-002835,141.08,404.83,524.5,179.4,1,1,12.46 L,DRV-0027,13,12.46
RTE-03121,VEH-0299,Bike,2024-05-13,"ORD-012580,ORD-009984,ORD-008176,ORD-001364",67.67,259.27,480.0,19.9,4,4,52.44 L,DRV-0447,7,52.44
RTE-03122,VEH-0328,Bike,2024-12-31,ORD-001650,163.17,272.09,401.9,636.2,1,0,1.72 L,DRV-0592,10,1.72
RTE-03123,VEH-0095,Drone,2025-05-01,"ORD-013719,ORD-013536,ORD-002328,ORD-009647,ORD-005190,ORD-004726",253.4,396.6,465.2,232.1,6,6,2038.0 Wh,,4,2038.0
RTE-03124,VEH-0617,Truck,2024-04-18,"ORD-006591,ORD-001687,ORD-012638,ORD-001028,ORD-005113",243.08,197.09,314.2,625.1,5,5,8.67,DRV-0886,5,8.67
RTE-03125,VEH-0030,Drone,2024-08-30,"ORD-008248,ORD-006409,ORD-012241,ORD-002899,ORD-009375,ORD-009897,ORD-012063,ORD-005637,ORD-001321",155.96,381.3,67.4,39.1,9,8,42.89,,9,42.89
RTE-03126,VEH-0620,Truck,2025-01-21,ORD-009951,17.71,5.37,96.0,717.6,1,1,55.78 L,DRV-0597,7,55.78
RTE-03127,VEH-0646,Truck,2025-06-10,"ORD-007615,ORD-008657,ORD-013799,ORD-003467,ORD-012709,ORD-010604,ORD-014158,ORD-012383",104.24,,42.1,333.8,8,8,733.0 Wh,DRV-0059,9,733.0
RTE-03128,VEH-0414,Van,2024-04-16,"ORD-014545,ORD-008642,ORD-014269,ORD-012473",363.92,204.98,314.8,195.0,4,4,17.48 L,DRV-0187,11,17.48
RTE-03129,VEH-0138,Drone,2024-03-21,"ORD-002962,ORD-000350,ORD-002908,ORD-000874,ORD-008612,ORD-000638,ORD-000605,ORD-011577",12.22,167.38,187.1,31.9,8,8,53.71 L,,8,53.71
RTE-03130,VEH-0096,Drone,2024-03-19,ORD-014884,377.61,269.67,619.3,90.5,1,1,45.22 L,,6,45.22
RTE-03131,VEH-0017,Drone,2024-02-03,"ORD-004011,ORD-001097,ORD-006318",336.54,222.44,352.0,428.5,3,2,2142.0 Wh,,3,2142.0
RTE-03132,VEH-0540,Van,2025-04-17,"ORD-013533,ORD-005445",220.47,435.17,334.1,795.5,2,2,5.82 L,DRV-0804,9,5.82
RTE-03133,VEH-0597,Truck,2024-04-13,"ORD-002215,ORD-012831,ORD-003816,ORD-011126,ORD-014012,ORD-008285,ORD-006600,ORD-002997,ORD-005118",170.77,304.73,426.0,121.4,9,9,12.76 L,DRV-0082,5,12.76
RTE-03134,VEH-0033,Drone,2024-08-30,"ORD-005238,ORD-011845,ORD-004111,ORD-011036,ORD-008343,ORD-001146,ORD-000833,ORD-009922",385.71,24.68,445.7,343.8,8,8,23.95,,5,23.95
RTE-03135,VEH-0259,Bike,2024-12-23,"ORD-006469,ORD-004710,ORD-000749",374.48,359.33,133.9,19.8,3,2,24.7 L,DRV-0804,4,24.7
RTE-03136,VEH-0374,Bike,2025-06-09,"ORD-010405,ORD-007463,ORD-011572",342.13,46.49,427.3,53.5,3,3,47.21 L,DRV-0496,12,47.21
RTE-03137,VEH-0221,Bike,2024-02-04,"ORD-010911,ORD-013305",50.51,19.81,51.1,146.1,2,1,29.63 L,DRV-0248,5,29.63
RTE-03138,VEH-0384,Bike,2024-01-08,"ORD-000079,ORD-010019,ORD-006706,ORD-007372,ORD-001095,ORD-014696,ORD-009362",140.74,222.73,117.2,179.3,7,7,19.5,DRV-0109,3,19.5
RTE-03139,VEH-0448,Van,2025-01-09,"ORD-006525,ORD-011552,ORD-012507,ORD-010520,ORD-012963,ORD-014626,ORD-005356,ORD-012417,ORD-007533",362.62,9.92,694.1,666.2,9,8,7.02 L,DRV-0208,10,7.02
RTE-03140,VEH-0351,Bike,2024-03-06,"ORD-008474,ORD-008401,ORD-012035,ORD-013396,ORD-010399,ORD-003810,ORD-001778,ORD-012665,ORD-006326",357.21,445.46,332.3,334.0,9,9,1.49 L,DRV-0119,9,1.49
RTE-03141,VEH-0033,Drone,2025-02-26,"ORD-006821,ORD-007059,ORD-006767,ORD-008332,ORD-001030,ORD-008618,ORD-012582",80.33,153.0,553.7,645.2,7,7,53.09,,13,53.09
RTE-03142,VEH-0308,Bike,2024-03-24,"ORD-013867,ORD-002936",258.81,455.19,340.6,56.7,2,1,1960.0 Wh,DRV-0410,9,1960.0
RTE-03143,VEH-0552,Van,2025-05-30,"ORD-003098,ORD-000281,ORD-007709",223.46,,112.8,241.1,3,3,418.0 Wh,DRV-0354,0,418.0
RTE-03144,VEH-0422,Van,2024-08-05,"ORD-013263,ORD-001389,ORD-000598,ORD-002157,ORD-010832,ORD-004883,ORD-007918,ORD-006580,ORD-007470",123.94,121.58,337.2,764.7,9,9,1900.0 Wh,DRV-0291,6,1900.0
RTE-03145,VEH-0061,Drone,2024-05-22,"ORD-014518,ORD-007025,ORD-011277,ORD-013091,ORD-013938,ORD-006368,ORD-008502,ORD-008830,ORD-011291",344.13,220.81,369.3,766.0,9,9,1191.0 Wh,,3,1191.0
RTE-03146,VEH-0434,Van,2025-05-06,ORD-003798,188.33,252.32,645.1,276.5,1,1,1742.0 Wh,DRV-0453,12,1742.0
RTE-03147,VEH-0595,Truck,2024-12-23,ORD-004919,144.08,187.2,519.3,167.8,1,1,11.29,DRV-0202,13,11.29
RTE-03148,VEH-0479,Van,2024-02-19,"ORD-007549,ORD-013709",129.79,384.1,478.7,139.6,2,2,421.0 Wh,DRV-0415,11,421.0
RTE-03149,VEH-0005,Drone,2025-04-02,"ORD-001717,ORD-010054,ORD-012978,ORD-011025,ORD-003205",366.56,401.22,659.3,637.6,5,5,57.15 L,,6,57.15
RTE-03150,VEH-0134,Drone,2024-06-05,"ORD-014518,ORD-004705,ORD-006772,ORD-006175,ORD-008844",39.17,347.44,236.7,134.8,5,4,14.18,,11,14.18
RTE-03151,VEH-0226,Bike,2024-12-31,"ORD-000491,ORD-007209",369.27,180.03,424.0,279.0,2,2,34.13 L,DRV-0044,10,34.13
RTE-03152,VEH-0006,Drone,2024-02-05,"ORD-014508,ORD-013780,ORD-012800,ORD-012006,ORD-000872,ORD-004255",370.07,121.31,649.1,743.7,6,6,55.39 L,,6,55.39
RTE-03153,VEH-0171,Bike,2024-01-28,"ORD-003684,ORD-001831,ORD-008971,ORD-014785,ORD-011725,ORD-009066",238.0,111.48,41.1,199.1,6,6,33.08,DRV-0293,3,33.08
RTE-03154,VEH-0602,Truck,2025-04-04,ORD-010013,19.76,,475.4,641.1,1,1,1102.0 Wh,DRV-0729,13,1102.0
RTE-03155,VEH-0417,Van,2024-12-22,"ORD-001900,ORD-004327",143.4,447.96,56.0,304.6,2,2,48.01,DRV-0218,6,48.01
RTE-03156,VEH-0490,Van,2024-08-17,"ORD-004323,ORD-003176,ORD-008432,ORD-013522,ORD-001406,ORD-000502",402.43,352.49,450.2,69.5,6,6,448.0 Wh,DRV-0819,10,448.0
RTE-03157,VEH-0105,Drone,2024-02-11,"ORD-003773,ORD-011824",133.04,295.18,161.3,397.1,2,2,660.0 Wh,,13,660.0
RTE-03158,VEH-0112,Drone,2024-09-01,ORD-005324,127.23,448.67,526.0,248.9,1,1,2114.0 Wh,,11,2114.0
RTE-03159,VEH-0354,Bike,2024-10-27,"ORD-007049,ORD-007731,ORD-004801,ORD-003415",354.59,17.3,572.0,106.7,4,4,16.98 L,DRV-0389,3,16.98
RTE-03160,VEH-0609,Truck,2025-02-05,"ORD-005545,ORD-012890",166.62,256.8,167.5,723.2,2,2,1909.0 Wh,DRV-0237,8,1909.0
RTE-03161,VEH-0516,Van,2024-05-16,"ORD-004763,ORD-005236,ORD-001948,ORD-008578,ORD-014694,ORD-014635,ORD-000200,ORD-013785,ORD-012074",281.23,299.89,215.7,672.7,9,9,4.79,DRV-0820,6,4.79
RTE-03162,VEH-0632,Truck,2025-03-20,"ORD-003965,ORD-002759,ORD-011272,ORD-012741,ORD-006862,ORD-009684",224.51,30.41,124.0,412.6,6,6,51.81 L,DRV-0860,14,51.81
RTE-03163,VEH-0664,Truck,2025-03-31,"ORD-012923,ORD-010569,ORD-011394,ORD-003123,ORD-014080,ORD-004848,ORD-002803,ORD-004574",307.87,385.87,273.7,110.8,8,8,25.53,DRV-0188,6,25.53
RTE-03164,VEH-0032,Drone,2024-09-21,"ORD-009929,ORD-011400",216.67,431.64,405.0,627.7,2,2,25.92 L,,4,25.92
RTE-03165,VEH-0334,Bike,2025-01-24,"ORD-014192,ORD-006958,ORD-003684,ORD-012599,ORD-006991,ORD-003914,ORD-007551",63.89,69.44,376.5,644.1,7,7,16.95,DRV-0823,9,16.95
RTE-03166,VEH-0514,Van,2024-02-02,"ORD-006053,ORD-007867",410.51,316.54,507.1,549.8,2,2,1139.0 Wh,DRV-0087,13,1139.0
RTE-03167,VEH-0654,Truck,2025-06-25,"ORD-002158,ORD-014504,ORD-001455,ORD-000078,ORD-013221,ORD-003140",192.3,130.15,419.6,591.8,6,6,3.05 L,DRV-0092,6,3.05
RTE-03168,VEH-0530,Van,2025-03-15,"ORD-010809,ORD-005493,ORD-009024,ORD-009964,ORD-000643,ORD-006144",353.06,195.16,29.5,500.1,6,6,1166.0 Wh,DRV-0296,3,1166.0
RTE-03169,VEH-0205,Bike,2025-06-29,"ORD-011811,ORD-009535,ORD-001555,ORD-003917",169.54,150.81,258.9,672.3,4,4,49.92 L,DRV-0758,5,49.92
RTE-03170,VEH-0348,Bike,2024-06-02,"ORD-003639,ORD-012044,ORD-010843,ORD-002506,ORD-002393,ORD-013455,ORD-008769,ORD-011971,ORD-008542",180.21,4.66,462.0,378.6,9,9,18.79,DRV-0286,5,18.79
RTE-03171,VEH-0239,Bike,2024-04-23,"ORD-011401,ORD-012444,ORD-006244,ORD-009643,ORD-013640,ORD-005119",47.06,,564.3,233.0,6,6,19.44,DRV-0218,3,19.44
RTE-03172,VEH-0465,Van,2024-11-17,"ORD-008034,ORD-003357",191.09,33.44,645.1,452.7,2,1,57.36 L,DRV-0201,5,57.36
RTE-03173,VEH-0182,Bike,2025-01-25,"ORD-010974,ORD-004639,ORD-002198,ORD-007124,ORD-012449,ORD-011759",314.18,50.3,289.9,371.4,6,6,328.0 Wh,DRV-0882,6,328.0
RTE-03174,VEH-0490,Van,2024-01-22,"ORD-004213,ORD-002017,ORD-003071,ORD-012934,ORD-005790,ORD-005236",140.37,266.29,309.3,144.7,6,6,42.23 L,DRV-0403,10,42.23
RTE-03175,VEH-0401,Van,2025-06-05,"ORD-004090,ORD-014078,ORD-002512,ORD-001955,ORD-000192,ORD-011276",367.02,68.56,129.0,142.5,6,6,1773.0 Wh,DRV-0440,13,1773.0
RTE-03176,VEH-0226,Bike,2024-03-25,"ORD-001438,ORD-012164,ORD-011678,ORD-001761",51.63,31.23,68.4,721.6,4,4,3.53,DRV-0709,6,3.53
RTE-03177,VEH-0088,Drone,2025-05-23,"ORD-008270,ORD-013727,ORD-008307,ORD-008956,ORD-000148,ORD-004680,ORD-011222,ORD-000784,ORD-013926",178.53,157.09,321.1,67.9,9,9,17.5,,7,17.5
RTE-03178,VEH-0484,Van,2024-05-19,"ORD-014975,ORD-003842,ORD-007447,ORD-007461,ORD-006760,ORD-014299,ORD-011081,ORD-007024",290.9,22.3,26.6,751.5,8,8,21.41 L,DRV-0459,13,21.41
RTE-03179,VEH-0439,Van,2024-07-07,ORD-012718,181.21,38.16,107.7,281.1,1,0,697.0 Wh,DRV-0630,4,697.0
RTE-03180,VEH-0225,Bike,2025-05-01,"ORD-008767,ORD-007802,ORD-003346,ORD-001895,ORD-007030",309.2,79.21,204.4,695.5,5,5,14.85 L,DRV-0166,8,14.85
RTE-03181,VEH-0608,Truck,2024-02-12,"ORD-004865,ORD-014188",23.15,402.97,513.9,636.8,2,2,2.27,DRV-0745,6,2.27
RTE-03182,VEH-0081,Drone,2024-11-11,"ORD-012954,ORD-008543,ORD-003855,ORD-007453,ORD-007866,ORD-004487,ORD-000934",292.23,34.26,154.5,397.2,7,7,35.54,,7,35.54
RTE-03183,VEH-0224,Bike,2024-05-09,"ORD-013258,ORD-011882,ORD-003765",47.4,31.92,568.7,649.7,3,2,1301.0 Wh,DRV-0153,7,1301.0
RTE-03184,VEH-0110,Drone,2024-11-02,"ORD-000173,ORD-010123,ORD-003199,ORD-003253,ORD-000456,ORD-008797,ORD-002445,ORD-012787",131.5,26.22,576.2,109.7,8,8,232.0 Wh,,10,232.0
RTE-03185,VEH-0160,Bike,2024-08-05,ORD-005480,298.15,28.79,419.4,226.1,1,1,1833.0 Wh,DRV-0803,5,1833.0
RTE-03186,VEH-0465,Van,2024-03-13,"ORD-002671,ORD-007900,ORD-010767,ORD-008826,ORD-014463,ORD-008931",401.43,69.09,657.3,190.1,6,6,2.41 L,DRV-0138,10,2.41
RTE-03187,VEH-0092,Drone,2024-07-15,"ORD-014322,ORD-010622,ORD-009842,ORD-002681,ORD-011743,ORD-013047,ORD-007846",332.23,305.39,662.4,283.4,7,7,15.11 L,,5,15.11
RTE-03188,VEH-0605,Truck,2024-01-26,"ORD-002590,ORD-001456,ORD-010604,ORD-012958",274.48,213.4,148.3,359.0,4,4,1994.0 Wh,DRV-0690,3,1994.0
RTE-03189,VEH-0668,Truck,2025-01-12,"ORD-001001,ORD-012272,ORD-011191,ORD-006073,ORD-010526,ORD-014876",327.79,89.32,29.5,397.9,6,6,908.0 Wh,DRV-0197,0,908.0
RTE-03190,VEH-0203,Bike,2025-03-07,"ORD-005030,ORD-002910,ORD-000540,ORD-011140,ORD-007269",106.33,253.33,68.5,252.9,5,5,1062.0 Wh,DRV-0781,10,1062.0
RTE-03191,VEH-0278,Bike,2024-12-16,"ORD-000262,ORD-014015,ORD-000788,ORD-001630,ORD-013164,ORD-010449,ORD-001140,ORD-011576",334.56,220.09,509.2,263.4,8,6,30.23 L,DRV-0525,9,30.23
RTE-03192,VEH-0133,Drone,2024-09-27,"ORD-006443,ORD-003405,ORD-002201,ORD-006358,ORD-002875,ORD-000650,ORD-006367,ORD-010304",113.64,422.68,372.5,198.1,8,6,995.0 Wh,,7,995.0
RTE-03193,VEH-0135,Drone,2024-02-24,"ORD-010438,ORD-014070,ORD-001432,ORD-003213,ORD-008428,ORD-009658,ORD-012030",95.72,294.49,233.2,709.6,7,7,45.54 L,,4,45.54
RTE-03194,VEH-0111,Drone,2024-01-16,"ORD-001429,ORD-009190,ORD-013371",284.25,,301.3,138.0,3,3,27.96,,5,27.96
RTE-03195,VEH-0173,Bike,2024-08-12,"ORD-002840,ORD-011852,ORD-008544,ORD-004816,ORD-007935,ORD-008010,ORD-008040,ORD-011891",9.99,137.69,335.2,20.7,8,8,40.01 L,DRV-0871,8,40.01
RTE-03196,VEH-0636,Truck,2024-12-18,"ORD-010441,ORD-003855,ORD-003115,ORD-005714,ORD-004966",389.64,351.62,423.7,80.1,5,5,1672.0 Wh,DRV-0786,3,1672.0
RTE-03197,VEH-0596,Truck,2024-02-06,"ORD-012656,ORD-003549,ORD-004621,ORD-013707",157.57,4.45,449.0,645.0,4,4,725.0 Wh,DRV-0749,5,725.0
RTE-03198,VEH-0048,Drone,2025-02-12,"ORD-008224,ORD-003214,ORD-007156,ORD-003173",274.42,,221.1,483.6,4,4,2104.0 Wh,,6,2104.0
RTE-03199,VEH-0106,Drone,2024-06-06,"ORD-010246,ORD-014914,ORD-002868",287.54,352.87,221.3,314.0,3,3,29.18 L,,6,29.18
RTE-03200,VEH-0691,Truck,2024-03-05,"ORD-006504,ORD-000828,ORD-004280,ORD-009951,ORD-009825,ORD-008859,ORD-005469",385.88,43.86,67.5,670.2,7,7,6.51 L,DRV-0086,7,6.51
RTE-03201,VEH-0152,Bike,2024-12-21,"ORD-006120,ORD-009487,ORD-000431",81.48,199.86,675.9,704.2,3,1,46.26 L,DRV-0160,8,46.26
RTE-03202,VEH-0473,Van,2025-02-24,"ORD-013602,ORD-004635,ORD-011517,ORD-005160,ORD-009911,ORD-005186,ORD-012469,ORD-003660",71.28,293.19,689.9,634.6,8,8,1307.0 Wh,DRV-0544,11,1307.0
RTE-03203,VEH-0013,Drone,2024-02-20,"ORD-006076,ORD-010870,ORD-011895,ORD-013071,ORD-006615",227.24,439.96,229.7,754.3,5,5,215.0 Wh,,10,215.0
RTE-03204,VEH-0478,Van,2025-04-10,"ORD-013008,ORD-011914,ORD-001289,ORD-014546,ORD-007884,ORD-011196",147.11,403.65,283.6,630.7,6,5,57.11,DRV-0821,11,57.11
RTE-03205,VEH-0604,Truck,2024-01-22,"ORD-007241,ORD-003772,ORD-000256",170.94,414.46,74.9,457.9,3,3,42.75 L,DRV-0206,7,42.75
RTE-03206,VEH-0624,Truck,2024-04-28,ORD-012362,403.07,197.08,341.4,310.3,1,1,25.92 L,DRV-0084,10,25.92
RTE-03207,VEH-0686,Truck,2024-03-12,"ORD-004765,ORD-007939,ORD-001371,ORD-004609,ORD-004597,ORD-006990",275.26,299.0,457.6,681.4,6,6,237.0 Wh,DRV-0312,7,237.0
RTE-03208,VEH-0153,Bike,2024-07-10,"ORD-002272,ORD-010878,ORD-001324,ORD-013381,ORD-003002,ORD-005778,ORD-014528,ORD-006911,ORD-004596",324.47,74.91,689.4,391.9,9,9,37.83,DRV-0817,6,37.83
RTE-03209,VEH-0592,Truck,2024-04-02,"ORD-004907,ORD-002538,ORD-012415",360.46,193.31,378.7,496.6,3,2,581.0 Wh,DRV-0306,10,581.0
RTE-03210,VEH-0694,Truck,2025-03-07,"ORD-006946,ORD-007683,ORD-005069,ORD-002175,ORD-011416,ORD-000545",17.55,316.79,388.2,692.1,6,6,56.92 L,DRV-0256,11,56.92
RTE-03211,VEH-0402,Van,2024-07-19,"ORD-011876,ORD-008387,ORD-006789,ORD-003175",179.26,107.23,282.5,771.5,4,4,41.46,DRV-0443,0,41.46
RTE-03212,VEH-0086,Drone,2024-06-30,"ORD-013580,ORD-006548,ORD-009739",229.66,329.9,644.7,182.5,3,3,1579.0 Wh,,10,1579.0
RTE-03213,VEH-0411,Van,2024-09-01,"ORD-011290,ORD-001022,ORD-003438,ORD-003206,ORD-005176,ORD-009746,ORD-003657,ORD-014172",203.77,64.15,294.2,480.0,8,8,2195.0 Wh,DRV-0348,4,2195.0
RTE-03214,VEH-0503,Van,2025-01-05,"ORD-000535,ORD-013255,ORD-001651,ORD-004418,ORD-007333,ORD-001383,ORD-002987,ORD-007089,ORD-014558",392.76,9.61,159.1,713.9,9,9,1308.0 Wh,DRV-0465,11,1308.0
RTE-03215,VEH-0698,Truck,2025-06-16,"ORD-009803,ORD-006246,ORD-004410,ORD-008690,ORD-005916,ORD-003827,ORD-013160,ORD-014823,ORD-011939",367.78,78.44,663.9,582.2,9,9,42.52 L,DRV-0052,14,42.52
RTE-03216,VEH-0175,Bike,2025-04-28,"ORD-002430,ORD-010998,ORD-011107,ORD-005680,ORD-013054,ORD-008257",320.99,110.44,334.2,91.7,6,6,23.31 L,DRV-0765,7,23.31
RTE-03217,VEH-0505,Van,2025-05-06,"ORD-014978,ORD-009892,ORD-006999,ORD-007984,ORD-001637,ORD-006069,ORD-010623,ORD-003974",341.98,,97.2,665.3,8,8,39.89,DRV-0700,0,39.89
RTE-03218,VEH-0542,Van,2025-02-28,"ORD-007342,ORD-010406,ORD-010882,ORD-007967,ORD-001583,ORD-005338",400.75,286.58,39.8,589.0,6,5,6.05,DRV-0293,3,6.05
RTE-03219,VEH-0657,Truck,2024-08-30,"ORD-009190,ORD-003304,ORD-005307",363.91,45.37,550.0,94.5,3,3,1438.0 Wh,DRV-0338,8,1438.0
RTE-03220,VEH-0014,Drone,2025-05-28,"ORD-012665,ORD-007348,ORD-010866,ORD-004751,ORD-006029,ORD-008461",332.3,114.04,239.0,711.5,6,4,41.51,,3,41.51
RTE-03221,VEH-0603,Truck,2024-08-30,"ORD-001792,ORD-007223,ORD-002546,ORD-013092",126.72,,473.8,416.5,4,4,56.06 L,DRV-0868,14,56.06
RTE-03222,VEH-0260,Bike,2024-03-22,"ORD-010012,ORD-000131",95.99,391.6,622.4,151.9,2,1,226.0 Wh,DRV-0511,8,226.0
RTE-03223,VEH-0537,Van,2025-01-14,"ORD-009329,ORD-002114,ORD-002668,ORD-004253,ORD-014683,ORD-000884,ORD-014513",311.06,275.13,575.5,732.6,7,7,22.74 L,DRV-0411,8,22.74
RTE-03224,VEH-0095,Drone,2025-02-11,"ORD-002002,ORD-007114,ORD-007661,ORD-008503,ORD-002999",45.28,189.84,481.1,460.8,5,5,1506.0 Wh,,4,1506.0
RTE-03225,VEH-0348,Bike,2024-11-20,"ORD-004714,ORD-011031,ORD-007860,ORD-006253,ORD-002704",25.39,96.56,369.4,443.2,5,5,57.37 L,DRV-0204,13,57.37
RTE-03226,VEH-0403,Van,2024-11-03,"ORD-000033,ORD-010038,ORD-014596,ORD-008213,ORD-003975,ORD-009643,ORD-004604,ORD-014423",87.21,220.51,23.4,430.7,8,8,577.0 Wh,DRV-0383,13,577.0
RTE-03227,VEH-0462,Van,2024-06-22,"ORD-005232,ORD-011204,ORD-013733,ORD-005124",261.71,262.56,257.0,658.2,4,4,1427.0 Wh,DRV-0781,0,1427.0
RTE-03228,VEH-0662,Truck,2025-06-13,"ORD-012071,ORD-003280",250.4,311.07,540.7,246.5,2,2,1864.0 Wh,DRV-0569,6,1864.0
RTE-03229,VEH-0520,Van,2024-12-05,"ORD-005343,ORD-001004,ORD-007285",407.19,361.62,550.9,596.9,3,3,444.0 Wh,DRV-0887,9,444.0
RTE-03230,VEH-0216,Bike,2025-05-06,"ORD-002106,ORD-000952,ORD-013211,ORD-000837,ORD-003906",48.47,177.6,590.8,297.6,5,5,3.92 L,DRV-0761,11,3.92
RTE-03231,VEH-0687,Truck,2024-11-25,"ORD-012061,ORD-014383,ORD-009339,ORD-004776,ORD-005069,ORD-005352",211.14,405.44,86.5,62.2,6,6,18.21 L,DRV-0156,11,18.21
RTE-03232,VEH-0586,Truck,2025-02-16,"ORD-008832,ORD-005759",182.49,282.94,616.0,458.8,2,2,321.0 Wh,DRV-0618,7,321.0
RTE-03233,VEH-0265,Bike,2024-09-28,"ORD-003983,ORD-008153",353.39,,640.7,514.9,2,2,1679.0 Wh,DRV-0086,6,1679.0
RTE-03234,VEH-0020,Drone,2024-04-02,"ORD-014108,ORD-004360,ORD-002482,ORD-006891,ORD-009277,ORD-003194,ORD-014075",325.1,343.27,434.6,246.2,7,7,15.62 L,,8,15.62
RTE-03235,VEH-0627,Truck,2025-02-12,"ORD-014088,ORD-013868,ORD-013649,ORD-005937,ORD-013470",96.01,121.82,132.3,105.2,5,5,20.91,DRV-0639,6,20.91
RTE-03236,VEH-0504,Van,2025-04-16,ORD-014234,38.89,265.21,458.9,130.5,1,1,43.32 L,DRV-0647,11,43.32
RTE-03237,VEH-0472,Van,2024-11-29,"ORD-008596,ORD-010253",163.2,26.71,388.8,17.5,2,2,27.61,DRV-0694,5,27.61
RTE-03238,VEH-0675,Truck,2025-05-16,"ORD-014984,ORD-005025,ORD-007195",82.7,5.14,304.4,544.8,3,3,1538.0 Wh,DRV-0791,14,1538.0
RTE-03239,VEH-0160,Bike,2024-10-10,"ORD-013485,ORD-000963",350.43,257.91,124.5,502.9,2,2,19.37,DRV-0129,4,19.37
RTE-03240,VEH-0618,Truck,2024-10-11,"ORD-010206,ORD-007069,ORD-014941,ORD-001261,ORD-000010,ORD-014928",363.46,179.28,676.7,255.9,6,6,361.0 Wh,DRV-0878,11,361.0
RTE-03241,VEH-0044,Drone,2025-03-06,ORD-001965,101.03,349.69,511.8,272.5,1,1,39.27,,12,39.27
RTE-03242,VEH-0530,Van,2024-04-10,"ORD-000386,ORD-005003,ORD-004110,ORD-003071",239.09,279.02,454.4,387.3,4,4,5.65 L,DRV-0047,8,5.65
RTE-03243,VEH-0415,Van,2024-07-10,"ORD-007600,ORD-001493,ORD-000144,ORD-004866,ORD-014460,ORD-011782,ORD-003914",20.26,136.79,226.2,688.2,7,7,426.0 Wh,DRV-0007,8,426.0
RTE-03244,VEH-0057,Drone,2024-09-16,"ORD-006381,ORD-009535,ORD-007492,ORD-009760",305.76,436.22,246.0,443.8,4,4,52.11,,9,52.11
RTE-03245,VEH-0442,Van,2024-11-09,"ORD-008879,ORD-009462,ORD-013123,ORD-004464,ORD-011819,ORD-002636,ORD-002874,ORD-014316,ORD-003215",415.46,409.89,283.3,243.8,9,9,1542.0 Wh,DRV-0340,9,1542.0
RTE-03246,VEH-0390,Bike,2024-08-07,"ORD-004070,ORD-007286,ORD-011439,ORD-002717,ORD-010319,ORD-010974,ORD-008563,ORD-002777",91.47,136.73,203.6,772.7,8,6,1604.0 Wh,DRV-0408,3,1604.0
RTE-03247,VEH-0040,Drone,2025-04-07,"ORD-000952,ORD-007255,ORD-011133,ORD-011578,ORD-007242,ORD-006640,ORD-000085",413.1,227.35,381.0,614.1,7,7,806.0 Wh,,7,806.0
RTE-03248,VEH-0606,Truck,2025-04-29,"ORD-010880,ORD-011481,ORD-005250,ORD-012752",346.0,278.71,247.7,529.9,4,4,52.56 L,DRV-0438,5,52.56
RTE-03249,VEH-0203,Bike,2024-04-06,"ORD-003972,ORD-000542,ORD-007885,ORD-011633,ORD-014274,ORD-014843,ORD-010762,ORD-001122",416.36,274.5,311.5,532.3,8,8,1809.0 Wh,DRV-0311,5,1809.0
RTE-03250,VEH-0051,Drone,2024-06-16,"ORD-013300,ORD-007939",184.73,74.94,125.6,404.1,2,1,7.35,,5,7.35
RTE-03251,VEH-0028,Drone,2024-10-12,"ORD-012185,ORD-001358",237.45,319.34,625.7,362.9,2,2,57.8 L,,8,57.8
RTE-03252,VEH-0362,Bike,2024-09-28,"ORD-005446,ORD-000807,ORD-003881,ORD-003086,ORD-009177",92.82,32.56,313.3,459.2,5,5,1478.0 Wh,DRV-0015,5,1478.0
RTE-03253,VEH-0294,Bike,2024-10-27,"ORD-014645,ORD-006435,ORD-011617,ORD-005476,ORD-002933,ORD-008189,ORD-011213",325.62,268.38,364.5,271.4,7,7,56.73 L,DRV-0101,9,56.73
RTE-03254,VEH-0648,Truck,2024-06-18,"ORD-012985,ORD-014231,ORD-008144",347.21,399.86,493.8,484.3,3,3,1729.0 Wh,DRV-0308,5,1729.0
RTE-03255,VEH-0532,Van,2025-03-29,"ORD-013705,ORD-007578,ORD-002055",216.64,32.98,136.8,386.0,3,2,12.07 L,DRV-0403,10,12.07
RTE-03256,VEH-0414,Van,2024-12-04,"ORD-013213,ORD-005010,ORD-009828,ORD-008454,ORD-007511",419.28,160.52,165.6,660.2,5,5,1329.0 Wh,DRV-0792,8,1329.0
RTE-03257,VEH-0656,Truck,2025-05-19,"ORD-013160,ORD-005505,ORD-011050,ORD-008920,ORD-001313,ORD-012406,ORD-003569,ORD-000403,ORD-010585",405.41,227.53,431.7,241.6,9,9,1308.0 Wh,DRV-0612,14,1308.0
RTE-03258,VEH-0056,Drone,2025-02-04,"ORD-012292,ORD-008373,ORD-014385,ORD-005845,ORD-012041,ORD-008980,ORD-003905,ORD-013827",243.08,327.68,126.8,639.9,8,8,2041.0 Wh,,14,2041.0
RTE-03259,VEH-0142,Bike,2024-09-23,ORD-006438,168.88,256.02,526.3,452.9,1,1,1502.0 Wh,DRV-0502,9,1502.0
RTE-03260,VEH-0069,Drone,2025-05-14,"ORD-003738,ORD-012852,ORD-012794,ORD-012156",319.76,140.49,100.1,132.2,4,4,1333.0 Wh,,5,1333.0
RTE-03261,VEH-0528,Van,2024-04-28,"ORD-010912,ORD-010525,ORD-003447,ORD-006558,ORD-014263,ORD-011661,ORD-014569,ORD-011687",164.15,408.63,36.5,691.9,8,8,34.39,DRV-0555,9,34.39
RTE-03262,VEH-0096,Drone,2024-07-05,"ORD-012901,ORD-008670,ORD-001683",73.13,328.84,405.9,96.0,3,3,1428.0 Wh,,5,1428.0
RTE-03263,VEH-0204,Bike,2024-10-19,"ORD-000049,ORD-009449,ORD-003543,ORD-008176,ORD-007425,ORD-014029",282.91,104.91,212.1,423.7,6,6,16.11 L,DRV-0747,8,16.11
RTE-03264,VEH-0578,Van,2025-02-11,"ORD-011307,ORD-006569,ORD-013345,ORD-003892,ORD-014331,ORD-010873,ORD-003402",14.51,259.29,458.1,456.9,7,7,39.95 L,DRV-0674,9,39.95
RTE-03265,VEH-0551,Van,2024-04-04,ORD-004550,152.52,98.65,242.6,185.9,1,1,236.0 Wh,DRV-0404,4,236.0
RTE-03266,VEH-0018,Drone,2024-07-28,"ORD-014424,ORD-002791,ORD-002770,ORD-011225,ORD-012260,ORD-013475,ORD-011601,ORD-008314,ORD-014943",413.65,451.36,247.7,535.6,9,9,2177.0 Wh,,10,2177.0
RTE-03267,VEH-0599,Truck,2024-01-22,"ORD-001205,ORD-003434,ORD-010807,ORD-013493,ORD-011560,ORD-011185,ORD-012349",375.5,363.47,561.6,584.7,7,7,1290.0 Wh,DRV-0421,4,1290.0
RTE-03268,VEH-0038,Drone,2024-07-26,"ORD-012385,ORD-011825,ORD-008625,ORD-007546",314.8,,179.2,579.3,4,4,307.0 Wh,,12,307.0
RTE-03269,VEH-0340,Bike,2025-05-09,"ORD-009339,ORD-006523,ORD-000972,ORD-008042",31.25,346.77,571.9,769.5,4,4,201.0 Wh,DRV-0800,3,201.0
RTE-03270,VEH-0668,Truck,2025-06-08,"ORD-012097,ORD-013089,ORD-010991,ORD-001682,ORD-011590,ORD-011013,ORD-004268,ORD-011832,ORD-003476",388.7,,326.3,31.7,9,8,19.93,DRV-0306,4,19.93
RTE-03271,VEH-0198,Bike,2024-02-20,"ORD-009700,ORD-004232,ORD-002036,ORD-008775,ORD-008467,ORD-007217,ORD-007875,ORD-001302",308.58,197.47,527.0,553.0,8,8,27.47,DRV-0723,7,27.47
RTE-03272,VEH-0682,Truck,2025-06-06,"ORD-012085,ORD-001323,ORD-004415,ORD-008577",262.41,412.83,146.1,387.0,4,4,26.46 L,DRV-0195,11,26.46
RTE-03273,VEH-0622,Truck,2024-09-21,"ORD-006178,ORD-011858,ORD-010640",252.31,180.66,544.4,679.5,3,3,33.79,DRV-0032,9,33.79
RTE-03274,VEH-0269,Bike,2024-10-21,"ORD-006092,ORD-008667,ORD-006595,ORD-006071",324.37,62.39,526.0,524.0,4,2,10.88 L,DRV-0507,5,10.88
RTE-03275,VEH-0209,Bike,2024-09-19,"ORD-004214,ORD-004652,ORD-001460,ORD-013967,ORD-006788,ORD-004347",217.92,26.58,399.2,188.8,6,6,44.57,DRV-0006,8,44.57
RTE-03276,VEH-0462,Van,2024-12-13,"ORD-011900,ORD-011918,ORD-011174,ORD-012893,ORD-013749,ORD-004236,ORD-012173",292.94,268.04,77.0,636.5,7,7,7.32 L,DRV-0113,14,7.32
RTE-03277,VEH-0129,Drone,2024-01-18,"ORD-002849,ORD-002592,ORD-013043",267.06,241.0,374.5,68.0,3,3,41.48 L,,11,41.48
RTE-03278,VEH-0673,Truck,2025-01-16,"ORD-006654,ORD-002062,ORD-009908,ORD-000926,ORD-012719,ORD-000328,ORD-007381,ORD-003544",342.47,24.02,345.7,650.3,8,8,40.11,DRV-0306,14,40.11
RTE-03279,VEH-0675,Truck,2024-08-25,"ORD-002452,ORD-002443,ORD-005947,ORD-009067,ORD-014223,ORD-011235,ORD-009558",31.07,458.57,493.2,262.4,7,7,19.8,DRV-0028,3,19.8
RTE-03280,VEH-0487,Van,2024-11-07,"ORD-011873,ORD-014440",169.12,163.31,36.5,299.5,2,2,44.09 L,DRV-0304,4,44.09
RTE-03281,VEH-0613,Truck,2025-06-10,"ORD-009592,ORD-012942,ORD-000254,ORD-005380,ORD-010861,ORD-006140",257.0,379.12,626.1,522.7,6,5,28.92 L,DRV-0840,6,28.92
RTE-03282,VEH-0100,Drone,2024-04-17,"ORD-007250,ORD-009651,ORD-005038,ORD-009733,ORD-007134,ORD-008154,ORD-009798,ORD-000576",337.01,282.45,254.0,63.4,8,8,712.0 Wh,,12,712.0
RTE-03283,VEH-0350,Bike,2024-03-16,"ORD-007468,ORD-005100,ORD-001816,ORD-012901,ORD-013977,ORD-001263,ORD-008009,ORD-008326,ORD-007853",285.11,367.06,698.5,216.0,9,9,9.93,DRV-0660,0,9.93
RTE-03284,VEH-0102,Drone,2025-05-30,"ORD-012737,ORD-012476,ORD-007761,ORD-002113,ORD-004143,ORD-011856,ORD-003097,ORD-009368,ORD-014702",140.23,225.08,483.0,787.4,9,9,41.47 L,,14,41.47
RTE-03285,VEH-0083,Drone,2024-02-17,"ORD-001608,ORD-006348,ORD-013584,ORD-012138",89.04,5.93,476.4,430.2,4,4,2200.0 Wh,,5,2200.0
RTE-03286,VEH-0696,Truck,2024-01-26,"ORD-013167,ORD-003687",304.92,143.19,668.0,395.7,2,2,437.0 Wh,DRV-0092,5,437.0
RTE-03287,VEH-0504,Van,2024-09-22,"ORD-011343,ORD-012166,ORD-008019,ORD-013105,ORD-014059,ORD-001793,ORD-007793,ORD-000220",118.01,191.41,606.1,277.5,8,8,20.62,DRV-0251,4,20.62
RTE-03288,VEH-0647,Truck,2025-05-29,"ORD-000118,ORD-002694",57.09,134.38,586.2,64.1,2,2,44.9 L,DRV-0776,4,44.9
RTE-03289,VEH-0212,Bike,2025-02-01,"ORD-001694,ORD-001283,ORD-011841,ORD-000625",397.91,3.24,447.5,547.0,4,3,1692.0 Wh,DRV-0322,5,1692.0
RTE-03290,VEH-0478,Van,2024-03-14,"ORD-002676,ORD-010945,ORD-005856,ORD-009890,ORD-003589,ORD-001195,ORD-001642",374.25,191.39,448.8,246.4,7,7,0.83,DRV-0569,6,0.83
RTE-03291,VEH-0649,Truck,2025-05-16,"ORD-011767,ORD-004211,ORD-010302",322.46,280.97,157.0,434.4,3,3,58.37,DRV-0712,13,58.37
RTE-03292,VEH-0450,Van,2025-02-14,"ORD-008731,ORD-005335,ORD-011008,ORD-005217,ORD-002648,ORD-008094,ORD-014875,ORD-001981,ORD-001967",10.71,40.1,100.1,237.9,9,9,59.76,DRV-0035,11,59.76
RTE-03293,VEH-0564,Van,2025-02-06,"ORD-002086,ORD-014578,ORD-009898,ORD-007132",381.11,246.35,497.0,481.6,4,4,1323.0 Wh,DRV-0775,14,1323.0
RTE-03294,VEH-0383,Bike,2024-05-11,"ORD-000134,ORD-005872,ORD-006527,ORD-012853,ORD-002784",367.41,143.4,123.1,364.5,5,5,44.69,DRV-0586,5,44.69
RTE-03295,VEH-0342,Bike,2025-05-31,"ORD-005873,ORD-000885,ORD-005160,ORD-012495,ORD-010551,ORD-003281,ORD-011310",362.13,310.36,50.8,135.2,7,7,41.4,DRV-0336,8,41.4
RTE-03296,VEH-0590,Truck,2025-03-09,"ORD-009089,ORD-002708,ORD-005344,ORD-011742",185.76,131.01,83.8,732.4,4,4,36.9 L,DRV-0452,9,36.9
RTE-03297,VEH-0657,Truck,2024-02-12,"ORD-009949,ORD-011141,ORD-005138,ORD-013911,ORD-002664,ORD-008130,ORD-012053,ORD-014802,ORD-011024",260.23,436.81,106.8,599.9,9,8,49.49,DRV-0797,3,49.49
RTE-03298,VEH-0091,Drone,2025-05-30,"ORD-002723,ORD-012727,ORD-013895,ORD-005949,ORD-006986,ORD-010982,ORD-007655,ORD-013786,ORD-003561",106.05,66.6,426.7,191.3,9,9,48.86,,3,48.86
RTE-03299,VEH-0403,Van,2024-06-06,"ORD-011006,ORD-000845,ORD-003216",56.32,241.9,643.2,662.3,3,3,33.21,DRV-0689,12,33.21
RTE-03300,VEH-0501,Van,2024-02-07,"ORD-003888,ORD-012118,ORD-003149,ORD-001258",169.58,311.45,548.2,763.6,4,4,28.62,DRV-0509,14,28.62
RTE-03301,VEH-0629,Truck,2025-04-07,"ORD-001661,ORD-014718,ORD-000528,ORD-006632",386.04,410.38,326.1,202.2,4,4,26.37 L,DRV-0010,5,26.37
RTE-03302,VEH-0689,Truck,2025-02-05,"ORD-005685,ORD-004444",142.36,21.54,536.7,567.4,2,2,537.0 Wh,DRV-0544,8,537.0
RTE-03303,VEH-0224,Bike,2024-03-08,"ORD-010498,ORD-010022,ORD-014030,ORD-002988,ORD-003195,ORD-009315,ORD-001379",158.51,120.5,407.8,428.3,7,6,46.45 L,DRV-0417,13,46.45
RTE-03304,VEH-0287,Bike,2024-06-26,"ORD-001404,ORD-010861,ORD-009672,ORD-004154,ORD-008526,ORD-009162,ORD-012033",13.32,143.73,103.8,543.3,7,7,50.64,DRV-0833,14,50.64
RTE-03305,VEH-0407,Van,2025-06-27,ORD-012954,166.8,339.14,642.0,328.5,1,1,690.0 Wh,DRV-0091,13,690.0
RTE-03306,VEH-0573,Van,2024-05-14,"ORD-004559,ORD-007305,ORD-010671,ORD-013844",384.22,192.23,685.8,530.9,4,3,4.09 L,DRV-0186,14,4.09
RTE-03307,VEH-0271,Bike,2025-01-15,"ORD-013886,ORD-003350,ORD-011124,ORD-008179",52.21,137.64,667.6,279.7,4,4,41.76 L,DRV-0057,8,41.76
RTE-03308,VEH-0656,Truck,2024-02-02,"ORD-002203,ORD-011301,ORD-014139,ORD-013399,ORD-011472,ORD-007592",355.76,446.04,321.6,416.8,6,6,49.74,DRV-0441,8,49.74
RTE-03309,VEH-0467,Van,2024-08-20,"ORD-014663,ORD-000125,ORD-013079,ORD-012255,ORD-011394",135.77,18.03,345.5,18.3,5,4,47.11,DRV-0296,12,47.11
RTE-03310,VEH-0323,Bike,2024-05-16,"ORD-006723,ORD-008180,ORD-004493,ORD-013838,ORD-000630",310.06,319.11,647.1,775.8,5,5,1541.0 Wh,DRV-0077,13,1541.0
RTE-03311,VEH-0448,Van,2024-07-06,"ORD-009312,ORD-013999",414.42,409.61,611.7,20.7,2,2,1437.0 Wh,DRV-0059,14,1437.0
RTE-03312,VEH-0360,Bike,2025-04-19,"ORD-011912,ORD-008021,ORD-010220,ORD-000534,ORD-010459",291.3,280.02,438.1,557.2,5,5,1577.0 Wh,DRV-0311,11,1577.0
RTE-03313,VEH-0673,Truck,2024-08-16,"ORD-001752,ORD-014754",100.44,439.02,489.5,665.3,2,2,21.26,DRV-0307,3,21.26
RTE-03314,VEH-0260,Bike,2024-05-21,"ORD-002867,ORD-005660",198.54,228.04,62.7,572.2,2,1,4.92 L,DRV-0741,5,4.92
RTE-03315,VEH-0387,Bike,2025-06-14,"ORD-006709,ORD-008785,ORD-014364,ORD-009807,ORD-009575,ORD-006188,ORD-011166,ORD-014374",62.45,202.33,232.7,522.3,8,8,51.05 L,DRV-0441,13,51.05
RTE-03316,VEH-0134,Drone,2024-05-28,"ORD-002150,ORD-009192,ORD-011725,ORD-014373",374.34,397.49,508.3,551.3,4,2,15.47 L,,11,15.47
RTE-03317,VEH-0494,Van,2024-05-15,"ORD-005354,ORD-005543,ORD-010720,ORD-003324,ORD-006038,ORD-006401,ORD-011490,ORD-001041",62.5,82.53,617.4,307.4,8,8,630.0 Wh,DRV-0899,8,630.0
RTE-03318,VEH-0420,Van,2024-03-01,"ORD-010100,ORD-008898",299.37,163.52,494.8,233.8,2,2,18.0 L,DRV-0838,4,18.0
RTE-03319,VEH-0693,Truck,2024-06-23,"ORD-012692,ORD-013635,ORD-008143,ORD-007375,ORD-005065",299.82,368.07,385.9,159.6,5,5,2155.0 Wh,DRV-0056,9,2155.0
RTE-03320,VEH-0365,Bike,2025-03-08,"ORD-012420,ORD-002370,ORD-010334,ORD-002191,ORD-006494",294.57,281.89,357.6,234.7,5,5,1329.0 Wh,DRV-0312,12,1329.0
RTE-03321,VEH-0517,Van,2024-01-14,"ORD-002623,ORD-007260,ORD-008451,ORD-006918",202.09,118.81,508.7,143.4,4,4,54.91,DRV-0646,9,54.91
RTE-03322,VEH-0176,Bike,2024-03-01,"ORD-001045,ORD-012264,ORD-011487,ORD-001045,ORD-010681,ORD-013093,ORD-007417,ORD-010691,ORD-004822",118.95,274.72,365.4,84.8,9,9,9.53 L,DRV-0123,3,9.53
RTE-03323,VEH-0700,Truck,2025-04-04,"ORD-004633,ORD-006658,ORD-014894",79.37,436.04,284.4,524.1,3,2,33.72,DRV-0820,12,33.72
RTE-03324,VEH-0115,Drone,2024-05-15,"ORD-003835,ORD-007190,ORD-002540,ORD-005742,ORD-011534,ORD-005864",237.91,266.54,447.5,694.1,6,5,1023.0 Wh,,3,1023.0
RTE-03325,VEH-0696,Truck,2024-01-16,"ORD-013003,ORD-008842,ORD-008329",53.77,174.37,580.6,235.6,3,3,1102.0 Wh,DRV-0874,8,1102.0
RTE-03326,VEH-0258,Bike,2024-09-11,ORD-011877,326.91,,97.8,551.8,1,1,19.69,DRV-0508,0,19.69
RTE-03327,VEH-0281,Bike,2024-10-04,"ORD-002115,ORD-002217,ORD-003661",361.58,122.1,215.7,655.5,3,3,1900.0 Wh,DRV-0273,7,1900.0
RTE-03328,VEH-0567,Van,2024-09-13,"ORD-005935,ORD-010519",263.95,288.32,409.5,694.4,2,2,1043.0 Wh,DRV-0821,8,1043.0
RTE-03329,VEH-0143,Bike,2024-11-25,"ORD-011640,ORD-004201,ORD-006905,ORD-011964,ORD-005718,ORD-013875",288.35,110.28,517.3,17.6,6,6,48.96,DRV-0443,13,48.96
RTE-03330,VEH-0651,Truck,2024-11-26,ORD-012670,212.6,321.41,118.7,603.9,1,0,55.84,DRV-0846,5,55.84
RTE-03331,VEH-0298,Bike,2024-12-27,"ORD-011251,ORD-001161,ORD-009873,ORD-007296",272.01,301.36,213.8,208.4,4,4,46.92 L,DRV-0483,6,46.92
RTE-03332,VEH-0416,Van,2025-05-15,ORD-008470,45.03,384.38,528.5,431.0,1,0,585.0 Wh,DRV-0446,4,585.0
RTE-03333,VEH-0454,Van,2025-05-15,"ORD-010976,ORD-001934,ORD-007376,ORD-007766,ORD-000472,ORD-000762,ORD-003834,ORD-013851",8.83,308.94,602.2,629.0,8,8,58.22 L,DRV-0761,14,58.22
RTE-03334,VEH-0627,Truck,2024-08-24,"ORD-010436,ORD-013895,ORD-003281,ORD-006052,ORD-009172,ORD-014736",214.12,337.46,418.3,754.8,6,6,40.54 L,DRV-0564,4,40.54
RTE-03335,VEH-0031,Drone,2024-01-02,"ORD-007545,ORD-012887,ORD-014859,ORD-002835,ORD-005577,ORD-012938",311.81,73.72,369.6,619.3,6,6,20.04,,6,20.04
RTE-03336,VEH-0333,Bike,2024-08-26,"ORD-003406,ORD-002107",36.85,283.41,502.3,438.8,2,2,1.06 L,DRV-0759,3,1.06
RTE-03337,VEH-0575,Van,2025-03-11,"ORD-012893,ORD-012105,ORD-009279,ORD-002486,ORD-005436,ORD-009929,ORD-009502",47.58,271.17,632.3,72.9,7,7,52.35 L,DRV-0374,10,52.35
RTE-03338,VEH-0547,Van,2024-03-14,"ORD-009206,ORD-011732",74.6,365.08,384.6,33.9,2,2,34.43 L,DRV-0613,5,34.43
RTE-03339,VEH-0289,Bike,2025-05-28,"ORD-013751,ORD-001284,ORD-010188,ORD-011268,ORD-012659",396.92,212.15,480.4,285.1,5,5,56.83,DRV-0063,3,56.83
RTE-03340,VEH-0616,Truck,2024-03-20,"ORD-010960,ORD-000973,ORD-009301,ORD-012422,ORD-011917,ORD-011041,ORD-012657",297.77,412.34,182.0,471.2,7,7,291.0 Wh,DRV-0514,10,291.0
RTE-03341,VEH-0612,Truck,2024-12-18,"ORD-011706,ORD-009202,ORD-008345,ORD-001067,ORD-009012,ORD-009493",15.59,42.62,192.6,240.5,6,6,305.0 Wh,DRV-0286,14,305.0
RTE-03342,VEH-0331,Bike,2024-02-24,"ORD-014738,ORD-004693,ORD-001542,ORD-012804,ORD-014089,ORD-006070",94.28,112.75,382.3,260.7,6,6,707.0 Wh,DRV-0446,8,707.0
RTE-03343,VEH-0589,Truck,2024-08-29,ORD-004564,47.07,107.68,36.5,624.7,1,1,42.52,DRV-0853,14,42.52
RTE-03344,VEH-0660,Truck,2024-05-21,"ORD-007312,ORD-007128,ORD-014608,ORD-014645",170.49,82.5,288.4,385.7,4,4,979.0 Wh,DRV-0748,9,979.0
RTE-03345,VEH-0691,Truck,2025-03-29,"ORD-011535,ORD-004785,ORD-005818,ORD-001882,ORD-000762,ORD-004761,ORD-009394,ORD-009542,ORD-005594",175.68,147.6,152.6,30.2,9,9,1060.0 Wh,DRV-0096,7,1060.0
RTE-03346,VEH-0261,Bike,2024-07-10,"ORD-014877,ORD-006533,ORD-003726,ORD-001734,ORD-009195,ORD-004525,ORD-003997,ORD-000743,ORD-002979",377.83,411.9,530.5,775.4,9,9,16.9 L,DRV-0200,10,16.9
RTE-03347,VEH-0103,Drone,2025-04-12,"ORD-008094,ORD-004582",142.39,196.3,456.5,456.2,2,2,1239.0 Wh,,14,1239.0
RTE-03348,VEH-0325,Bike,2024-05-31,"ORD-011732,ORD-003527,ORD-014920,ORD-008023,ORD-000122,ORD-006891,ORD-010297,ORD-000092,ORD-011976",73.53,367.38,495.4,759.2,9,9,16.13,DRV-0132,4,16.13
RTE-03349,VEH-0268,Bike,2025-02-11,"ORD-009230,ORD-014961,ORD-006674,ORD-009002",238.02,311.74,27.3,335.5,4,4,36.15 L,DRV-0277,11,36.15
RTE-03350,VEH-0686,Truck,2024-03-22,"ORD-010982,ORD-012909,ORD-013521,ORD-005439,ORD-006048,ORD-012084",311.03,293.67,313.8,255.2,6,5,24.55,DRV-0192,14,24.55
RTE-03351,VEH-0642,Truck,2025-05-19,ORD-013456,276.55,326.59,542.8,642.4,1,1,44.2 L,DRV-0489,7,44.2
RTE-03352,VEH-0003,Drone,2024-01-14,"ORD-008534,ORD-011456,ORD-014928,ORD-010820,ORD-003711,ORD-002951,ORD-009935",32.29,312.64,514.4,474.3,7,7,1546.0 Wh,,12,1546.0
RTE-03353,VEH-0009,Drone,2024-11-02,ORD-005047,286.33,124.63,399.2,690.6,1,1,27.06,,7,27.06
RTE-03354,VEH-0609,Truck,2024-12-14,ORD-012469,181.7,253.59,323.0,79.7,1,1,1291.0 Wh,DRV-0850,3,1291.0
RTE-03355,VEH-0140,Drone,2025-03-06,"ORD-010635,ORD-000222,ORD-012022,ORD-004493",358.51,154.78,166.5,556.7,4,4,21.54,,13,21.54
RTE-03356,VEH-0093,Drone,2024-11-12,"ORD-002809,ORD-006140,ORD-000040,ORD-001875",332.96,434.61,644.4,105.4,4,4,1016.0 Wh,,4,1016.0
RTE-03357,VEH-0101,Drone,2024-06-26,"ORD-001963,ORD-003192",25.04,317.19,346.7,187.4,2,2,1618.0 Wh,,4,1618.0
RTE-03358,VEH-0582,Truck,2024-05-24,"ORD-011252,ORD-001966,ORD-002565,ORD-007516,ORD-000815,ORD-006351",191.49,448.23,586.9,580.1,6,6,43.74,DRV-0594,12,43.74
RTE-03359,VEH-0246,Bike,2024-11-07,"ORD-013604,ORD-013366,ORD-012672,ORD-013202,ORD-001347,ORD-005884,ORD-004638,ORD-003916",321.27,247.52,421.8,606.3,8,8,284.0 Wh,DRV-0246,14,284.0
RTE-03360,VEH-0642,Truck,2025-05-14,"ORD-007427,ORD-003341,ORD-010401,ORD-012954,ORD-009651,ORD-001063,ORD-006966,ORD-001004,ORD-001655",29.09,302.06,130.8,165.8,9,9,1477.0 Wh,DRV-0418,11,1477.0
RTE-03361,VEH-0478,Van,2024-03-01,"ORD-007870,ORD-014059,ORD-004230,ORD-010023",317.42,459.83,361.2,335.2,4,3,53.39 L,DRV-0138,13,53.39
RTE-03362,VEH-0653,Truck,2024-02-28,"ORD-001912,ORD-014494,ORD-006398,ORD-011458,ORD-006519,ORD-005240,ORD-014340",362.89,58.95,63.6,357.1,7,7,28.83,DRV-0348,6,28.83
RTE-03363,VEH-0457,Van,2024-11-09,"ORD-000217,ORD-009812,ORD-004284,ORD-012264,ORD-009203",364.02,67.24,283.8,146.0,5,5,4.14 L,DRV-0564,14,4.14
RTE-03364,VEH-0069,Drone,2025-02-06,"ORD-005049,ORD-005720,ORD-014778",12.34,266.86,398.9,341.1,3,3,28.11 L,,3,28.11
RTE-03365,VEH-0489,Van,2024-03-19,"ORD-003641,ORD-004737,ORD-004051,ORD-014497,ORD-004867",169.69,135.46,457.1,132.1,5,4,39.85,DRV-0640,7,39.85
RTE-03366,VEH-0525,Van,2024-11-07,"ORD-005719,ORD-007982,ORD-011970",147.37,215.68,232.3,529.3,3,3,1869.0 Wh,DRV-0378,3,1869.0
RTE-03367,VEH-0298,Bike,2024-10-04,"ORD-004881,ORD-005784,ORD-003459,ORD-010339,ORD-002443,ORD-010897,ORD-007661,ORD-014845",322.37,,621.5,551.4,8,8,1.23 L,DRV-0315,4,1.23
RTE-03368,VEH-0651,Truck,2024-07-11,"ORD-006377,ORD-003316,ORD-003529,ORD-006031",218.09,98.62,355.4,763.6,4,4,18.98 L,DRV-0699,14,18.98
RTE-03369,VEH-0342,Bike,2024-11-03,ORD-005504,293.26,233.64,117.9,553.0,1,1,1.46 L,DRV-0621,8,1.46
RTE-03370,VEH-0504,Van,2025-04-15,"ORD-009114,ORD-000272,ORD-012858,ORD-011661,ORD-010836,ORD-014299,ORD-011313,ORD-012523",360.65,288.62,163.3,446.4,8,8,44.46 L,DRV-0551,9,44.46
RTE-03371,VEH-0148,Bike,2024-04-03,"ORD-000564,ORD-007748,ORD-012054,ORD-004346,ORD-011999,ORD-009638,ORD-011336,ORD-010657",310.03,211.22,147.8,133.7,8,8,58.24,DRV-0305,4,58.24
RTE-03372,VEH-0007,Drone,2024-07-12,"ORD-001501,ORD-001185,ORD-004273,ORD-002515,ORD-001014,ORD-007028,ORD-003295,ORD-014031,ORD-014123",92.06,,691.5,425.4,9,9,1688.0 Wh,,7,1688.0
RTE-03373,VEH-0566,Van,2024-10-01,"ORD-006315,ORD-000679,ORD-009680,ORD-012008,ORD-011703,ORD-011323,ORD-002196,ORD-001580",310.57,125.4,666.7,157.2,8,8,1403.0 Wh,DRV-0844,13,1403.0
RTE-03374,VEH-0213,Bike,2025-01-02,"ORD-000936,ORD-009865,ORD-012979,ORD-013407,ORD-014125,ORD-014664,ORD-007282,ORD-011869,ORD-000590",336.1,290.24,206.5,108.6,9,9,54.98 L,DRV-0245,4,54.98
RTE-03375,VEH-0012,Drone,2025-05-06,"ORD-012405,ORD-006856",122.39,407.25,184.5,319.6,2,2,14.88,,5,14.88
RTE-03376,VEH-0350,Bike,2024-10-12,"ORD-005079,ORD-007114,ORD-008298,ORD-000194,ORD-009136,ORD-004807,ORD-004773",395.54,,696.6,474.9,7,5,38.43,DRV-0272,5,38.43
RTE-03377,VEH-0168,Bike,2025-02-14,"ORD-002414,ORD-011603",169.01,435.65,262.3,604.1,2,2,5.12 L,DRV-0357,14,5.12
RTE-03378,VEH-0476,Van,2025-03-01,"ORD-004684,ORD-001618,ORD-011226",221.26,16.56,381.8,223.1,3,3,33.55 L,DRV-0653,13,33.55
RTE-03379,VEH-0693,Truck,2024-12-28,"ORD-005103,ORD-000781,ORD-012227,ORD-011010",395.55,429.42,313.9,232.4,4,4,837.0 Wh,DRV-0609,7,837.0
RTE-03380,VEH-0489,Van,2024-11-09,"ORD-013120,ORD-000147,ORD-008992,ORD-008327,ORD-009422",166.73,197.34,375.8,31.9,5,5,1527.0 Wh,DRV-0183,7,1527.0
RTE-03381,VEH-0585,Truck,2024-12-26,"ORD-004889,ORD-010754",391.02,72.07,580.6,625.7,2,2,2.6,DRV-0573,11,2.6
RTE-03382,VEH-0653,Truck,2024-07-12,"ORD-003954,ORD-011974,ORD-013823,ORD-013666,ORD-009396,ORD-003454,ORD-009877,ORD-008957,ORD-011780",222.71,104.01,338.0,618.9,9,9,19.18,DRV-0038,8,19.18
RTE-03383,VEH-0077,Drone,2025-04-01,"ORD-014941,ORD-000375,ORD-013670,ORD-002926,ORD-007867,ORD-001563,ORD-001063,ORD-002454,ORD-011032",357.75,,604.7,192.4,9,8,50.61,,9,50.61
RTE-03384,VEH-0599,Truck,2024-04-03,"ORD-002635,ORD-000532,ORD-012314,ORD-014753,ORD-011537,ORD-003410,ORD-003719",343.67,319.61,358.1,607.1,7,7,23.32 L,DRV-0132,7,23.32
RTE-03385,VEH-0027,Drone,2024-10-24,"ORD-005640,ORD-001542,ORD-002948,ORD-012667,ORD-003060",317.99,63.04,576.4,173.9,5,5,1979.0 Wh,,5,1979.0
RTE-03386,VEH-0390,Bike,2025-02-27,"ORD-014655,ORD-000877,ORD-012950,ORD-006685,ORD-014225,ORD-005757,ORD-003993,ORD-012607",388.41,112.45,518.3,42.8,8,7,15.18,DRV-0467,3,15.18
RTE-03387,VEH-0424,Van,2025-01-28,"ORD-003004,ORD-002502,ORD-009643,ORD-011004,ORD-013508,ORD-006127,ORD-009105,ORD-002386",195.41,49.5,220.5,673.0,8,7,33.23,DRV-0117,7,33.23
RTE-03388,VEH-0237,Bike,2024-10-17,"ORD-006063,ORD-011955",327.76,10.46,558.6,584.0,2,2,57.67 L,DRV-0676,11,57.67
RTE-03389,VEH-0481,Van,2024-11-13,ORD-012972,291.32,,449.8,221.5,1,1,1135.0 Wh,DRV-0633,14,1135.0
RTE-03390,VEH-0505,Van,2024-03-06,"ORD-013450,ORD-005609,ORD-010330,ORD-005748,ORD-003662,ORD-014439,ORD-005902",413.93,139.23,587.3,463.3,7,7,1707.0 Wh,DRV-0409,10,1707.0
RTE-03391,VEH-0020,Drone,2024-09-26,"ORD-012341,ORD-006469,ORD-008231,ORD-012604,ORD-009430,ORD-011778,ORD-011489,ORD-001230",234.69,444.25,44.0,368.4,8,8,55.49 L,,8,55.49
RTE-03392,VEH-0568,Van,2025-02-11,"ORD-000309,ORD-014645",252.07,103.96,430.5,423.1,2,1,1359.0 Wh,DRV-0607,10,1359.0
RTE-03393,VEH-0680,Truck,2024-04-12,"ORD-005970,ORD-003353,ORD-004849,ORD-004223,ORD-006064,ORD-002597",67.38,116.44,452.5,798.7,6,6,42.01 L,DRV-0655,3,42.01
RTE-03394,VEH-0129,Drone,2024-08-17,"ORD-001825,ORD-008179,ORD-011080,ORD-000743,ORD-005269,ORD-008611,ORD-006776",222.68,,523.9,756.1,7,7,4.04 L,,9,4.04
RTE-03395,VEH-0554,Van,2024-06-08,"ORD-005899,ORD-002747,ORD-007711,ORD-012877,ORD-000452,ORD-000154",277.38,55.61,501.8,104.2,6,6,41.06 L,DRV-0222,13,41.06
RTE-03396,VEH-0666,Truck,2025-03-30,"ORD-010867,ORD-000074,ORD-006770,ORD-008572",357.14,169.76,359.0,357.6,4,4,2.28,DRV-0154,6,2.28
RTE-03397,VEH-0139,Drone,2024-05-02,"ORD-011029,ORD-011043,ORD-012882,ORD-001397,ORD-006586",207.06,413.89,625.7,87.4,5,4,54.89,,9,54.89
RTE-03398,VEH-0403,Van,2024-09-08,"ORD-010691,ORD-008807",42.39,20.25,190.4,724.2,2,1,690.0 Wh,DRV-0048,9,690.0
RTE-03399,VEH-0693,Truck,2025-05-02,"ORD-001742,ORD-005548,ORD-005320,ORD-013224,ORD-004896,ORD-008634,ORD-010428,ORD-011867",230.22,216.36,583.7,526.7,8,8,1808.0 Wh,DRV-0419,13,1808.0
RTE-03400,VEH-0380,Bike,2024-11-01,"ORD-005761,ORD-013443,ORD-013383",119.97,181.13,258.7,275.3,3,2,887.0 Wh,DRV-0096,7,887.0
RTE-03401,VEH-0499,Van,2024-03-14,"ORD-002841,ORD-007503,ORD-010351,ORD-006444,ORD-001591",152.97,197.22,612.4,488.7,5,5,32.97,DRV-0634,13,32.97
RTE-03402,VEH-0413,Van,2024-05-06,"ORD-004328,ORD-001671,ORD-000246,ORD-002551,ORD-002454",162.32,264.63,185.8,396.3,5,5,47.24 L,DRV-0508,10,47.24
RTE-03403,VEH-0218,Bike,2024-01-06,"ORD-010452,ORD-005697",85.06,,510.4,620.3,2,2,44.07,DRV-0644,10,44.07
RTE-03404,VEH-0069,Drone,2025-02-16,"ORD-007557,ORD-014260,ORD-007239",381.74,,17.1,274.6,3,3,14.29,,12,14.29
RTE-03405,VEH-0680,Truck,2024-08-16,"ORD-000790,ORD-008089,ORD-004346,ORD-013805",194.63,139.14,131.9,122.6,4,4,51.14 L,DRV-0117,12,51.14
RTE-03406,VEH-0672,Truck,2024-08-05,"ORD-007444,ORD-005530,ORD-011968,ORD-013003,ORD-008372,ORD-005376,ORD-009248",185.14,144.12,636.4,694.7,7,7,52.76,DRV-0373,14,52.76
RTE-03407,VEH-0072,Drone,2024-04-04,"ORD-002431,ORD-004913,ORD-011610,ORD-001954,ORD-008864,ORD-011306,ORD-002871,ORD-011711,ORD-000966",352.13,364.22,157.2,513.4,9,9,2101.0 Wh,,6,2101.0
RTE-03408,VEH-0412,Van,2024-10-01,"ORD-007851,ORD-013183,ORD-002319,ORD-014227",373.42,,462.6,15.7,4,4,3.5,DRV-0856,6,3.5
RTE-03409,VEH-0689,Truck,2024-01-21,"ORD-002995,ORD-001989,ORD-010198,ORD-011220,ORD-012384,ORD-009115",167.29,386.07,141.7,552.7,6,6,39.42 L,DRV-0030,13,39.42
RTE-03410,VEH-0124,Drone,2025-06-04,"ORD-000435,ORD-014995,ORD-007018,ORD-006412",135.79,83.21,682.9,771.9,4,2,1988.0 Wh,,5,1988.0
RTE-03411,VEH-0143,Bike,2025-05-25,ORD-003486,336.18,126.47,228.8,570.2,1,1,14.1,DRV-0789,4,14.1
RTE-03412,VEH-0655,Truck,2025-04-12,"ORD-009918,ORD-001784,ORD-006895,ORD-014281,ORD-001700,ORD-013138,ORD-007361,ORD-012109,ORD-000991",35.53,89.09,639.5,595.7,9,9,10.7 L,DRV-0499,4,10.7
RTE-03413,VEH-0700,Truck,2025-03-24,"ORD-001172,ORD-004064,ORD-013359,ORD-012645,ORD-004633,ORD-001235,ORD-007387,ORD-003603",247.17,189.17,385.5,362.4,8,8,7.94 L,DRV-0521,13,7.94
RTE-03414,VEH-0031,Drone,2025-05-26,ORD-011264,326.98,,293.8,157.5,1,1,56.65,,6,56.65
RTE-03415,VEH-0412,Van,2024-04-12,"ORD-012717,ORD-013485,ORD-005574,ORD-012027,ORD-010012,ORD-009940,ORD-007840,ORD-003674",310.82,417.92,570.0,481.0,8,8,3.31,DRV-0057,3,3.31
RTE-03416,VEH-0181,Bike,2025-03-12,"ORD-002370,ORD-009671,ORD-008402",56.81,195.41,225.6,773.1,3,3,20.88 L,DRV-0383,9,20.88
RTE-03417,VEH-0006,Drone,2024-07-10,"ORD-000622,ORD-011190,ORD-003921,ORD-010938,ORD-004852,ORD-009893,ORD-003052",406.06,156.96,205.3,492.4,7,7,859.0 Wh,,11,859.0
RTE-03418,VEH-0128,Drone,2024-08-26,ORD-006676,94.12,78.69,680.8,260.5,1,1,1942.0 Wh,,5,1942.0
RTE-03419,VEH-0078,Drone,2024-04-15,ORD-014303,35.14,147.42,450.7,296.7,1,1,935.0 Wh,,10,935.0
RTE-03420,VEH-0175,Bike,2024-12-31,"ORD-004760,ORD-004875,ORD-000071,ORD-007573,ORD-010509,ORD-003660,ORD-000118,ORD-008236,ORD-000987",152.93,300.43,223.3,288.7,9,9,1379.0 Wh,DRV-0095,3,1379.0
RTE-03421,VEH-0685,Truck,2024-10-20,"ORD-001339,ORD-007059,ORD-014241,ORD-011858,ORD-008167",338.9,246.79,627.5,491.7,5,5,56.41 L,DRV-0459,7,56.41
RTE-03422,VEH-0532,Van,2025-03-19,ORD-004052,31.45,177.68,83.5,471.2,1,1,41.73,DRV-0228,14,41.73
RTE-03423,VEH-0654,Truck,2025-04-25,"ORD-014545,ORD-005828,ORD-011535,ORD-010271,ORD-005117,ORD-014647,ORD-008312,ORD-006481",243.28,,19.1,373.2,8,8,16.59 L,DRV-0117,13,16.59
RTE-03424,VEH-0267,Bike,2025-03-26,"ORD-004494,ORD-013719",190.88,,421.8,200.9,2,2,17.89 L,DRV-0862,5,17.89
RTE-03425,VEH-0302,Bike,2024-01-23,"ORD-012904,ORD-002516,ORD-008582,ORD-006812",104.58,,447.7,620.3,4,4,26.19 L,DRV-0322,13,26.19
RTE-03426,VEH-0441,Van,2024-02-01,"ORD-001602,ORD-008578,ORD-005652",181.76,,333.3,787.6,3,3,35.94,DRV-0487,14,35.94
RTE-03427,VEH-0567,Van,2024-01-23,"ORD-014569,ORD-006406",254.03,218.51,542.5,776.7,2,2,1625.0 Wh,DRV-0691,12,1625.0
RTE-03428,VEH-0133,Drone,2024-12-19,"ORD-014686,ORD-014048,ORD-003208,ORD-010435,ORD-001871",36.43,157.02,687.8,209.3,5,5,1310.0 Wh,,8,1310.0
RTE-03429,VEH-0570,Van,2024-04-19,"ORD-005911,ORD-001303,ORD-004420,ORD-003714,ORD-009159,ORD-004785",157.65,159.03,153.3,620.7,6,6,25.06,DRV-0776,14,25.06
RTE-03430,VEH-0569,Van,2024-01-15,"ORD-010949,ORD-010555,ORD-011262",414.06,345.86,279.6,359.9,3,3,0.88,DRV-0281,6,0.88
RTE-03431,VEH-0612,Truck,2025-04-11,"ORD-007463,ORD-013775,ORD-003810,ORD-011979",386.72,158.95,138.7,198.5,4,4,43.55,DRV-0681,10,43.55
RTE-03432,VEH-0667,Truck,2024-11-17,ORD-002511,187.6,417.53,568.1,530.4,1,0,2019.0 Wh,DRV-0406,8,2019.0
RTE-03433,VEH-0525,Van,2025-03-24,"ORD-014633,ORD-008102,ORD-004447,ORD-007679,ORD-004953,ORD-013427,ORD-006750,ORD-010129",222.26,316.4,234.6,228.1,8,6,920.0 Wh,DRV-0682,6,920.0
RTE-03434,VEH-0524,Van,2024-02-29,"ORD-013636,ORD-002977,ORD-012483,ORD-004346,ORD-002237",406.52,149.8,402.8,417.1,5,5,20.92 L,DRV-0490,14,20.92
RTE-03435,VEH-0323,Bike,2024-10-30,"ORD-012380,ORD-007297",292.29,26.0,259.6,108.5,2,2,49.31 L,DRV-0648,6,49.31
RTE-03436,VEH-0637,Truck,2025-05-03,"ORD-009853,ORD-000366,ORD-011234",260.54,91.32,105.2,259.5,3,3,48.88 L,DRV-0219,9,48.88
RTE-03437,VEH-0012,Drone,2024-03-11,"ORD-005214,ORD-003797,ORD-013712,ORD-004146,ORD-010883,ORD-002159,ORD-013703,ORD-005095,ORD-014447",406.49,101.21,484.6,558.2,9,9,52.55 L,,4,52.55
RTE-03438,VEH-0285,Bike,2025-05-09,ORD-000574,85.16,,468.3,444.5,1,1,49.6,DRV-0319,8,49.6
RTE-03439,VEH-0402,Van,2024-11-19,"ORD-002028,ORD-002799,ORD-002234,ORD-010694,ORD-012121,ORD-004124,ORD-011375,ORD-000329,ORD-003526",272.28,107.06,214.0,138.3,9,9,757.0 Wh,DRV-0406,11,757.0
RTE-03440,VEH-0102,Drone,2024-03-21,"ORD-008780,ORD-006173",48.39,161.43,185.9,787.2,2,2,37.11 L,,13,37.11
RTE-03441,VEH-0043,Drone,2024-01-28,"ORD-006089,ORD-011404,ORD-014566,ORD-014976,ORD-007093,ORD-006292,ORD-008020",374.15,15.23,394.0,505.8,7,7,42.1,,10,42.1
RTE-03442,VEH-0025,Drone,2024-02-19,"ORD-009612,ORD-002181,ORD-007406",373.66,181.56,619.2,786.2,3,3,6.94,,3,6.94
RTE-03443,VEH-0587,Truck,2025-01-11,"ORD-013471,ORD-007653,ORD-008959,ORD-001994,ORD-014899,ORD-014340,ORD-002923",6.17,254.09,241.3,432.4,7,7,43.83,DRV-0574,9,43.83
RTE-03444,VEH-0070,Drone,2024-03-07,"ORD-001872,ORD-013853,ORD-009467,ORD-009224,ORD-012388",209.06,,348.9,60.9,5,5,12.72 L,,10,12.72
RTE-03445,VEH-0157,Bike,2024-12-29,"ORD-014470,ORD-002953,ORD-008154",4.65,450.45,339.3,768.6,3,3,7.56,DRV-0601,12,7.56
RTE-03446,VEH-0671,Truck,2024-09-22,"ORD-005656,ORD-000442,ORD-005783,ORD-000500,ORD-002993,ORD-013927,ORD-014968",56.29,215.92,90.2,130.7,7,6,264.0 Wh,DRV-0761,13,264.0
RTE-03447,VEH-0304,Bike,2024-12-30,"ORD-001787,ORD-013585,ORD-009092,ORD-006612,ORD-006964,ORD-002791",18.12,457.57,521.8,349.2,6,4,28.19,DRV-0111,14,28.19
RTE-03448,VEH-0546,Van,2024-05-24,"ORD-003551,ORD-011600,ORD-013624",361.94,443.61,479.1,621.7,3,1,38.74,DRV-0311,10,38.74
RTE-03449,VEH-0591,Truck,2024-02-01,ORD-010121,237.35,,644.0,723.0,1,1,59.42,DRV-0273,7,59.42
RTE-03450,VEH-0511,Van,2025-03-09,"ORD-012814,ORD-009435,ORD-011715,ORD-005908,ORD-014237,ORD-011884,ORD-011285",323.26,215.35,693.2,532.1,7,7,1249.0 Wh,DRV-0142,6,1249.0
RTE-03451,VEH-0329,Bike,2025-01-21,ORD-008448,340.68,450.34,106.4,318.2,1,0,871.0 Wh,DRV-0765,10,871.0
RTE-03452,VEH-0458,Van,2025-05-14,"ORD-007685,ORD-001568,ORD-010040,ORD-000982,ORD-002452,ORD-003387",354.19,428.34,557.8,27.5,6,6,918.0 Wh,DRV-0501,0,918.0
RTE-03453,VEH-0347,Bike,2024-12-04,ORD-000758,20.56,211.49,356.6,516.2,1,1,9.62 L,DRV-0592,10,9.62
RTE-03454,VEH-0428,Van,2025-02-05,ORD-001948,416.6,,108.0,667.3,1,1,32.98 L,DRV-0814,4,32.98
RTE-03455,VEH-0683,Truck,2024-05-29,ORD-005696,113.95,409.49,161.2,308.0,1,1,252.0 Wh,DRV-0115,9,252.0
RTE-03456,VEH-0627,Truck,2024-12-27,"ORD-004283,ORD-002066,ORD-013599,ORD-001065,ORD-003369",338.18,,555.5,228.1,5,5,398.0 Wh,DRV-0074,10,398.0
RTE-03457,VEH-0178,Bike,2025-05-07,ORD-013191,185.51,264.11,355.9,116.2,1,0,1.17,DRV-0037,5,1.17
RTE-03458,VEH-0437,Van,2025-04-29,"ORD-012894,ORD-011037",115.49,306.32,388.0,647.8,2,2,14.39,DRV-0238,14,14.39
RTE-03459,VEH-0317,Bike,2025-04-18,"ORD-009453,ORD-007260,ORD-012535",101.31,374.64,542.4,779.5,3,2,7.99 L,DRV-0653,6,7.99
RTE-03460,VEH-0048,Drone,2024-02-24,"ORD-010811,ORD-002634,ORD-009005,ORD-010345,ORD-011140,ORD-011647,ORD-013131,ORD-004880,ORD-005787",304.36,283.0,467.0,714.2,9,8,38.32,,12,38.32
RTE-03461,VEH-0070,Drone,2024-01-17,ORD-002177,50.78,155.93,339.6,567.1,1,1,57.34 L,,6,57.34
RTE-03462,VEH-0525,Van,2025-05-25,"ORD-013069,ORD-013064,ORD-012100,ORD-003097,ORD-014484",195.03,132.4,694.8,372.3,5,4,249.0 Wh,DRV-0455,9,249.0
RTE-03463,VEH-0345,Bike,2025-02-11,"ORD-001294,ORD-012975,ORD-003507,ORD-011412,ORD-010515,ORD-008084,ORD-013410",187.94,179.4,482.1,188.9,7,7,922.0 Wh,DRV-0373,13,922.0
RTE-03464,VEH-0528,Van,2024-09-13,"ORD-005573,ORD-007020,ORD-014765",45.29,436.12,492.0,131.7,3,3,6.73 L,DRV-0195,8,6.73
RTE-03465,VEH-0623,Truck,2024-09-13,"ORD-004674,ORD-013386,ORD-005109,ORD-013379,ORD-006924",347.45,242.98,516.8,722.8,5,5,1386.0 Wh,DRV-0756,0,1386.0
RTE-03466,VEH-0533,Van,2024-11-02,"ORD-013711,ORD-002591",410.03,171.1,72.1,226.1,2,2,604.0 Wh,DRV-0516,11,604.0
RTE-03467,VEH-0430,Van,2024-07-06,"ORD-007854,ORD-009764,ORD-009616,ORD-013523",53.07,96.81,172.1,29.6,4,3,2161.0 Wh,DRV-0114,4,2161.0
RTE-03468,VEH-0627,Truck,2024-10-08,"ORD-014635,ORD-011982,ORD-001471,ORD-014853,ORD-012783",168.93,313.51,471.4,624.8,5,5,52.56,DRV-0641,5,52.56
RTE-03469,VEH-0333,Bike,2025-04-06,"ORD-006278,ORD-004422,ORD-009657,ORD-014628,ORD-005813,ORD-004201,ORD-008225,ORD-005654,ORD-011462",297.99,103.67,638.2,785.8,9,9,8.55,DRV-0363,5,8.55
RTE-03470,VEH-0663,Truck,2024-12-29,"ORD-014745,ORD-006148,ORD-007133,ORD-012693,ORD-000757,ORD-007975,ORD-002111,ORD-008306",412.24,258.03,414.4,435.9,8,8,14.67,DRV-0641,0,14.67
RTE-03471,VEH-0066,Drone,2024-10-30,"ORD-014222,ORD-003831,ORD-004603,ORD-014176",13.47,236.65,169.6,205.9,4,4,55.07 L,,8,55.07
RTE-03472,VEH-0322,Bike,2025-06-22,"ORD-008604,ORD-009936,ORD-009831,ORD-012818,ORD-008695",93.38,250.08,495.9,518.1,5,5,15.66 L,DRV-0885,9,15.66
RTE-03473,VEH-0101,Drone,2024-12-17,"ORD-005433,ORD-001455,ORD-009283,ORD-002159,ORD-000149,ORD-012508,ORD-006729,ORD-010848",78.43,11.39,601.2,252.8,8,8,1575.0 Wh,,10,1575.0
RTE-03474,VEH-0168,Bike,2024-05-05,"ORD-011637,ORD-013813,ORD-012864,ORD-003612,ORD-007310,ORD-008004,ORD-002712,ORD-004016,ORD-014640",288.18,111.79,42.6,280.7,9,9,58.65 L,DRV-0191,10,58.65
RTE-03475,VEH-0431,Van,2025-02-23,"ORD-014409,ORD-001558,ORD-011785,ORD-001512,ORD-014811,ORD-014059,ORD-010343,ORD-000496",281.46,138.64,330.4,311.0,8,7,41.22 L,DRV-0386,4,41.22
RTE-03476,VEH-0007,Drone,2024-09-25,"ORD-012518,ORD-002491,ORD-006630,ORD-003572,ORD-007209",75.84,298.66,504.2,240.3,5,5,28.05 L,,11,28.05
RTE-03477,VEH-0685,Truck,2024-06-05,"ORD-002228,ORD-000530,ORD-000885,ORD-005034,ORD-009506,ORD-002184,ORD-003062,ORD-013425",139.6,260.48,574.1,134.6,8,8,2040.0 Wh,DRV-0127,3,2040.0
RTE-03478,VEH-0466,Van,2024-11-26,"ORD-006656,ORD-005337,ORD-005250,ORD-006460,ORD-002496,ORD-008609,ORD-006259,ORD-011797",136.29,79.92,472.4,138.1,8,8,27.64 L,DRV-0652,9,27.64
RTE-03479,VEH-0633,Truck,2024-07-18,"ORD-012717,ORD-011061,ORD-005615,ORD-009212,ORD-008761,ORD-007391,ORD-010350,ORD-014785",333.25,45.76,122.3,342.7,8,8,11.1,DRV-0759,3,11.1
RTE-03480,VEH-0246,Bike,2024-08-10,"ORD-014847,ORD-006990,ORD-009883,ORD-005923,ORD-012589",118.22,21.87,276.7,587.1,5,5,5.12 L,DRV-0854,12,5.12
RTE-03481,VEH-0457,Van,2025-01-01,"ORD-011821,ORD-004076,ORD-000962,ORD-010789,ORD-003082,ORD-010717",229.32,157.46,70.3,374.4,6,6,11.59,DRV-0654,9,11.59
RTE-03482,VEH-0384,Bike,2024-09-06,"ORD-014565,ORD-008631,ORD-000461,ORD-004637,ORD-005826,ORD-005854,ORD-014384",97.36,355.75,694.8,639.5,7,5,8.64,DRV-0609,13,8.64
RTE-03483,VEH-0009,Drone,2024-03-18,"ORD-008565,ORD-010594",157.48,340.54,614.1,500.3,2,2,1800.0 Wh,,14,1800.0
RTE-03484,VEH-0114,Drone,2025-05-12,"ORD-010589,ORD-013776,ORD-000033,ORD-008122,ORD-012835,ORD-000757",334.75,350.35,126.5,723.1,6,6,32.37,,12,32.37
RTE-03485,VEH-0536,Van,2024-07-22,"ORD-011306,ORD-004354,ORD-011971,ORD-002196,ORD-001952,ORD-013382,ORD-013674",251.28,309.53,596.2,146.3,7,7,2119.0 Wh,DRV-0516,7,2119.0
RTE-03486,VEH-0690,Truck,2024-03-22,"ORD-013420,ORD-004963,ORD-003442,ORD-010494",407.88,22.11,419.4,489.6,4,4,59.89,DRV-0133,4,59.89
RTE-03487,VEH-0603,Truck,2025-05-29,"ORD-002962,ORD-010314,ORD-003999,ORD-005003,ORD-002742,ORD-007193,ORD-007260,ORD-003049,ORD-007154",275.09,110.88,556.3,185.6,9,9,31.56 L,DRV-0405,3,31.56
RTE-03488,VEH-0138,Drone,2024-08-12,"ORD-014306,ORD-000558,ORD-002333,ORD-011010,ORD-012105,ORD-012112,ORD-011315,ORD-006757",145.44,235.74,684.2,207.6,8,8,1632.0 Wh,,5,1632.0
RTE-03489,VEH-0375,Bike,2024-01-07,"ORD-000580,ORD-007026,ORD-010792",32.69,71.76,181.3,261.8,3,3,1456.0 Wh,DRV-0108,4,1456.0
RTE-03490,VEH-0674,Truck,2024-03-30,"ORD-011198,ORD-007650,ORD-001987,ORD-008476,ORD-014470,ORD-007770,ORD-008090,ORD-013719",344.21,374.23,588.8,456.8,8,8,57.4 L,DRV-0802,14,57.4
RTE-03491,VEH-0692,Truck,2024-04-15,"ORD-007377,ORD-013330,ORD-008441,ORD-010561,ORD-013185,ORD-004733,ORD-005808,ORD-013508,ORD-004983",84.27,445.72,179.4,118.2,9,9,56.36,DRV-0042,3,56.36
RTE-03492,VEH-0462,Van,2025-02-18,"ORD-001746,ORD-001103,ORD-006401,ORD-009136,ORD-014445,ORD-001439,ORD-014505,ORD-014987",328.68,374.8,394.1,350.3,8,8,1225.0 Wh,DRV-0546,7,1225.0
RTE-03493,VEH-0493,Van,2025-02-07,"ORD-008369,ORD-002043,ORD-010369,ORD-010158",389.18,347.3,241.0,32.0,4,4,651.0 Wh,DRV-0024,14,651.0
RTE-03494,VEH-0240,Bike,2024-09-11,"ORD-000541,ORD-001599,ORD-010837,ORD-001846",243.34,146.12,17.5,790.5,4,4,961.0 Wh,DRV-0858,13,961.0
RTE-03495,VEH-0043,Drone,2025-02-10,"ORD-010248,ORD-006735,ORD-012526",66.77,99.99,475.4,320.1,3,3,2173.0 Wh,,8,2173.0
RTE-03496,VEH-0619,Truck,2024-01-01,"ORD-013248,ORD-005318,ORD-009125,ORD-009784,ORD-014570,ORD-001228,ORD-011503",60.25,83.97,136.0,55.5,7,7,34.87 L,DRV-0801,10,34.87
RTE-03497,VEH-0486,Van,2025-02-18,"ORD-008696,ORD-010945,ORD-005465,ORD-004801,ORD-003932,ORD-012389,ORD-004324,ORD-011179",230.53,114.78,139.8,32.6,8,8,857.0 Wh,DRV-0029,8,857.0
RTE-03498,VEH-0648,Truck,2025-05-08,"ORD-005294,ORD-009385",346.94,67.06,183.4,308.0,2,2,24.76,DRV-0666,11,24.76
RTE-03499,VEH-0581,Truck,2025-06-14,"ORD-008044,ORD-014737,ORD-000785,ORD-011867,ORD-014825,ORD-002661,ORD-013841,ORD-010335",157.56,270.29,516.5,510.1,8,8,880.0 Wh,DRV-0121,12,880.0
RTE-03500,VEH-0558,Van,2025-02-28,ORD-013243,266.19,413.25,144.2,635.0,1,1,8.29,DRV-0824,6,8.29
RTE-03501,VEH-0601,Truck,2024-12-09,"ORD-005792,ORD-014432,ORD-013725,ORD-009051",288.87,411.63,401.1,31.1,4,4,43.16,DRV-0613,13,43.16
RTE-03502,VEH-0088,Drone,2024-02-11,"ORD-010743,ORD-001548",107.35,403.07,596.4,459.9,2,2,41.12,,5,41.12
RTE-03503,VEH-0070,Drone,2024-02-12,"ORD-001733,ORD-003538,ORD-006952,ORD-000488,ORD-001022,ORD-003358,ORD-010253,ORD-007679",221.86,151.85,640.3,404.2,8,8,32.42 L,,9,32.42
RTE-03504,VEH-0046,Drone,2025-04-25,"ORD-011807,ORD-014172,ORD-011583",307.65,132.23,638.1,596.5,3,3,37.19 L,,14,37.19
RTE-03505,VEH-0560,Van,2025-03-24,"ORD-003957,ORD-000498,ORD-010993,ORD-010917",290.91,418.24,468.6,361.4,4,4,2.18 L,DRV-0753,6,2.18
RTE-03506,VEH-0469,Van,2025-02-24,"ORD-006470,ORD-006918,ORD-006638,ORD-013671",275.51,104.18,235.9,501.4,4,4,35.58,DRV-0424,9,35.58
RTE-03507,VEH-0650,Truck,2024-12-02,"ORD-003817,ORD-000129,ORD-010946,ORD-012248,ORD-009722",176.62,54.05,67.5,761.3,5,3,12.43,DRV-0299,14,12.43
RTE-03508,VEH-0608,Truck,2025-05-03,"ORD-000570,ORD-009548,ORD-009444,ORD-002067,ORD-008838,ORD-011288",3.3,190.05,438.4,254.6,6,6,769.0 Wh,DRV-0660,7,769.0
RTE-03509,VEH-0657,Truck,2025-06-24,"ORD-007073,ORD-014599,ORD-001904,ORD-000066,ORD-014219",168.88,403.75,283.3,176.3,5,5,1543.0 Wh,DRV-0542,5,1543.0
RTE-03510,VEH-0018,Drone,2024-09-13,"ORD-003706,ORD-014885,ORD-012065,ORD-007444,ORD-013128,ORD-006400",183.96,401.32,100.7,201.1,6,6,761.0 Wh,,9,761.0
RTE-03511,VEH-0208,Bike,2025-05-28,"ORD-005503,ORD-012862,ORD-000552,ORD-005632,ORD-007235,ORD-001013,ORD-011413,ORD-003814",279.44,52.89,591.3,505.1,8,8,23.41,DRV-0060,9,23.41
RTE-03512,VEH-0124,Drone,2024-10-16,"ORD-001975,ORD-014136,ORD-014231,ORD-008598",341.37,23.5,606.0,670.1,4,4,6.28,,12,6.28
RTE-03513,VEH-0610,Truck,2024-06-28,"ORD-010888,ORD-009370",196.32,269.66,120.1,218.8,2,2,34.74 L,DRV-0578,13,34.74
RTE-03514,VEH-0509,Van,2025-02-12,"ORD-007546,ORD-013388",379.61,383.82,187.8,730.9,2,1,37.93,DRV-0378,6,37.93
RTE-03515,VEH-0097,Drone,2025-02-21,"ORD-013183,ORD-001721,ORD-002439,ORD-012768,ORD-004901,ORD-012297,ORD-009870,ORD-013492",245.49,47.36,238.6,149.4,8,8,980.0 Wh,,13,980.0
RTE-03516,VEH-0671,Truck,2025-06-01,"ORD-002147,ORD-012157,ORD-004940,ORD-010225,ORD-006734,ORD-011930,ORD-014175,ORD-014621",313.51,400.94,585.2,220.2,8,6,31.89,DRV-0189,8,31.89
RTE-03517,VEH-0526,Van,2024-07-27,"ORD-012467,ORD-003179,ORD-004422,ORD-001611",378.66,374.21,441.0,167.9,4,4,2007.0 Wh,DRV-0087,13,2007.0
RTE-03518,VEH-0297,Bike,2024-08-11,"ORD-010978,ORD-004979,ORD-009989,ORD-010508",288.48,132.88,80.7,775.9,4,4,1522.0 Wh,DRV-0852,13,1522.0
RTE-03519,VEH-0669,Truck,2024-06-20,"ORD-013739,ORD-009758,ORD-004486,ORD-005667,ORD-009114,ORD-008767,ORD-006920,ORD-012403",131.6,262.82,694.1,544.9,8,7,1166.0 Wh,DRV-0067,5,1166.0
RTE-03520,VEH-0604,Truck,2024-09-12,"ORD-007974,ORD-002552,ORD-000983,ORD-008563,ORD-001253,ORD-008389,ORD-014705,ORD-003416",250.59,11.29,267.0,582.6,8,8,13.7 L,DRV-0818,6,13.7
RTE-03521,VEH-0046,Drone,2025-02-24,"ORD-002727,ORD-000325,ORD-003625,ORD-011378,ORD-011880,ORD-009958,ORD-014554,ORD-001126",102.31,161.89,444.2,677.8,8,6,20.87,,10,20.87
RTE-03522,VEH-0265,Bike,2025-02-19,"ORD-007522,ORD-006632,ORD-005188,ORD-010491,ORD-003815,ORD-009448,ORD-002625,ORD-009097",139.68,99.83,615.7,206.6,8,8,34.66,DRV-0608,12,34.66
RTE-03523,VEH-0194,Bike,2024-02-27,ORD-010716,376.73,28.07,642.2,581.3,1,1,55.07 L,DRV-0566,4,55.07
RTE-03524,VEH-0700,Truck,2024-10-16,"ORD-006216,ORD-010958,ORD-004535,ORD-012192,ORD-003594,ORD-009198,ORD-000336,ORD-001218,ORD-009304",166.45,111.88,244.8,41.8,9,9,1145.0 Wh,DRV-0129,10,1145.0
RTE-03525,VEH-0501,Van,2024-03-05,ORD-013419,83.32,158.44,641.0,390.5,1,1,1866.0 Wh,DRV-0565,14,1866.0
RTE-03526,VEH-0601,Truck,2024-01-15,"ORD-011571,ORD-003352,ORD-002828,ORD-005119,ORD-003057,ORD-011926",308.43,,76.0,503.9,6,6,33.28 L,DRV-0596,7,33.28
RTE-03527,VEH-0646,Truck,2024-07-21,"ORD-008190,ORD-008967,ORD-011297,ORD-008540,ORD-003342,ORD-004405,ORD-010607,ORD-013730",16.33,268.45,278.0,359.5,8,8,37.85,DRV-0479,6,37.85
RTE-03528,VEH-0039,Drone,2024-02-07,"ORD-011009,ORD-001278,ORD-014735,ORD-009726,ORD-008081,ORD-011998,ORD-003200,ORD-008846,ORD-007029",372.35,181.88,535.3,384.9,9,9,3.02,,9,3.02
RTE-03529,VEH-0451,Van,2025-02-06,"ORD-000122,ORD-000724,ORD-006709,ORD-008528,ORD-012534",231.67,435.81,534.7,629.3,5,5,30.35 L,DRV-0138,14,30.35
RTE-03530,VEH-0512,Van,2024-11-21,"ORD-013709,ORD-014353,ORD-011728,ORD-003755,ORD-013328,ORD-014911,ORD-011952,ORD-005504,ORD-009438",227.43,255.74,176.0,610.7,9,9,29.37,DRV-0567,12,29.37
RTE-03531,VEH-0433,Van,2024-06-22,"ORD-010946,ORD-014097,ORD-004564,ORD-000335,ORD-013183,ORD-011823,ORD-000520",304.12,,481.1,724.9,7,7,40.92 L,DRV-0715,12,40.92
RTE-03532,VEH-0275,Bike,2025-06-13,"ORD-013086,ORD-009050,ORD-012762,ORD-011034",174.32,38.72,508.0,743.3,4,4,1678.0 Wh,DRV-0498,14,1678.0
RTE-03533,VEH-0613,Truck,2025-02-04,"ORD-008846,ORD-004924",201.06,209.74,413.6,687.1,2,2,39.34,DRV-0210,8,39.34
RTE-03534,VEH-0096,Drone,2024-11-26,"ORD-002413,ORD-001778,ORD-012173,ORD-000192,ORD-002851,ORD-006039",374.86,277.73,633.0,759.3,6,4,26.1,,3,26.1
RTE-03535,VEH-0598,Truck,2024-09-15,"ORD-000509,ORD-002761,ORD-003603,ORD-006570,ORD-012151",155.82,344.87,580.7,35.1,5,5,1.79 L,DRV-0304,6,1.79
RTE-03536,VEH-0002,Drone,2024-08-03,"ORD-014880,ORD-010649,ORD-009296",399.83,290.37,468.3,381.2,3,3,213.0 Wh,,12,213.0
RTE-03537,VEH-0535,Van,2025-03-25,"ORD-006392,ORD-013428,ORD-000327,ORD-013669,ORD-006676",20.69,15.46,473.4,233.8,5,5,2.43,DRV-0472,4,2.43
RTE-03538,VEH-0138,Drone,2024-06-05,"ORD-007094,ORD-004605,ORD-003119,ORD-004913,ORD-009784",286.81,102.06,319.2,760.8,5,5,10.47,,4,10.47
RTE-03539,VEH-0221,Bike,2024-12-16,"ORD-007969,ORD-013890",360.8,213.65,679.7,468.3,2,2,57.78 L,DRV-0616,0,57.78
RTE-03540,VEH-0539,Van,2024-03-14,"ORD-011115,ORD-006356,ORD-010899,ORD-009288",140.53,448.95,236.5,94.4,4,4,39.1,DRV-0833,8,39.1
RTE-03541,VEH-0671,Truck,2024-12-23,"ORD-009252,ORD-004786,ORD-009318,ORD-012957,ORD-007552,ORD-003466",159.8,106.06,646.9,635.9,6,6,1493.0 Wh,DRV-0387,13,1493.0
RTE-03542,VEH-0656,Truck,2024-08-22,"ORD-002669,ORD-000520,ORD-012994,ORD-012375,ORD-011390,ORD-002204,ORD-009427,ORD-002660,ORD-011217",139.54,392.15,234.7,223.7,9,8,27.72,DRV-0052,5,27.72
RTE-03543,VEH-0210,Bike,2025-03-03,"ORD-004303,ORD-014401,ORD-006848,ORD-005639,ORD-001864,ORD-011382,ORD-012836,ORD-003208,ORD-006793",196.03,344.39,633.0,440.0,9,9,44.45,DRV-0773,5,44.45
RTE-03544,VEH-0502,Van,2024-04-27,"ORD-003377,ORD-001143,ORD-013959",87.15,242.52,499.1,118.9,3,3,48.06 L,DRV-0127,6,48.06
RTE-03545,VEH-0601,Truck,2025-03-12,"ORD-011416,ORD-006870,ORD-000300,ORD-005382,ORD-003534,ORD-013998,ORD-012919,ORD-007182,ORD-013735",122.35,408.9,489.0,291.1,9,8,1164.0 Wh,DRV-0554,8,1164.0
RTE-03546,VEH-0451,Van,2024-12-25,"ORD-014068,ORD-000388,ORD-007008,ORD-002622,ORD-001988,ORD-009357,ORD-005611,ORD-000603",83.51,4.01,33.0,250.5,8,8,12.59 L,DRV-0118,13,12.59
RTE-03547,VEH-0386,Bike,2025-06-30,"ORD-006843,ORD-011513,ORD-010213,ORD-011018,ORD-001587,ORD-000680,ORD-001341",400.83,199.8,137.2,158.8,7,7,43.07 L,DRV-0583,6,43.07
RTE-03548,VEH-0080,Drone,2024-08-10,"ORD-008777,ORD-000577",322.13,127.42,308.4,631.2,2,2,50.83 L,,13,50.83
RTE-03549,VEH-0195,Bike,2024-01-14,"ORD-001739,ORD-002519,ORD-007220,ORD-011394,ORD-010068",145.86,124.16,344.4,326.1,5,5,972.0 Wh,DRV-0816,7,972.0
RTE-03550,VEH-0519,Van,2025-06-15,"ORD-012914,ORD-007996,ORD-006897,ORD-009283,ORD-002675,ORD-000768",413.69,108.08,584.8,502.9,6,6,7.06 L,DRV-0893,9,7.06
RTE-03551,VEH-0496,Van,2025-02-05,"ORD-010693,ORD-009750,ORD-008945,ORD-013517,ORD-012556,ORD-013818",337.44,78.13,521.4,582.2,6,4,56.59,DRV-0023,11,56.59
RTE-03552,VEH-0169,Bike,2024-02-07,"ORD-005943,ORD-011629,ORD-009674,ORD-001628",92.18,299.05,197.5,217.3,4,4,52.21 L,DRV-0362,11,52.21
RTE-03553,VEH-0039,Drone,2024-09-13,"ORD-006475,ORD-004847,ORD-009317,ORD-000221,ORD-011747,ORD-003677",70.17,204.34,99.7,506.2,6,6,2085.0 Wh,,8,2085.0
RTE-03554,VEH-0339,Bike,2024-02-26,"ORD-004374,ORD-001744",165.5,279.59,467.3,75.9,2,2,35.82,DRV-0708,5,35.82
RTE-03555,VEH-0142,Bike,2024-02-04,ORD-000673,303.54,385.72,367.1,383.4,1,1,4.56 L,DRV-0740,4,4.56
RTE-03556,VEH-0421,Van,2024-02-14,"ORD-004497,ORD-006623,ORD-007311,ORD-009859,ORD-011764,ORD-011508",413.04,220.09,616.6,84.9,6,5,1842.0 Wh,DRV-0080,9,1842.0
RTE-03557,VEH-0259,Bike,2024-11-08,ORD-009123,368.61,164.48,487.8,571.7,1,1,54.79 L,DRV-0200,6,54.79
RTE-03558,VEH-0415,Van,2025-01-29,"ORD-014173,ORD-010524,ORD-004012,ORD-009784,ORD-003864,ORD-000169,ORD-002380,ORD-014382",63.51,59.79,319.9,568.3,8,8,368.0 Wh,DRV-0505,3,368.0
RTE-03559,VEH-0347,Bike,2024-03-25,"ORD-013741,ORD-001745,ORD-007572,ORD-014729,ORD-004121,ORD-001409",133.25,181.22,404.2,347.9,6,6,855.0 Wh,DRV-0492,11,855.0
RTE-03560,VEH-0672,Truck,2024-06-15,"ORD-010630,ORD-002573,ORD-011766,ORD-009126,ORD-008791,ORD-009288,ORD-011206,ORD-005082,ORD-009189",112.59,261.29,589.9,219.4,9,9,1390.0 Wh,DRV-0473,11,1390.0
RTE-03561,VEH-0411,Van,2024-06-03,"ORD-006542,ORD-000296",206.14,445.81,234.5,659.9,2,2,36.88 L,DRV-0626,8,36.88
RTE-03562,VEH-0110,Drone,2024-11-03,"ORD-007526,ORD-005084,ORD-012205,ORD-006459,ORD-008087,ORD-010068",98.74,204.59,406.2,180.0,6,6,1582.0 Wh,,6,1582.0
RTE-03563,VEH-0160,Bike,2024-12-19,"ORD-009090,ORD-014924,ORD-008638,ORD-012392,ORD-009885,ORD-005469,ORD-013604,ORD-014773,ORD-003826",138.1,367.43,683.4,20.1,9,9,51.06,DRV-0342,12,51.06
RTE-03564,VEH-0288,Bike,2025-03-03,ORD-011338,376.13,65.23,650.7,22.5,1,1,51.63 L,DRV-0815,10,51.63
RTE-03565,VEH-0659,Truck,2024-03-10,"ORD-003683,ORD-004211,ORD-004999,ORD-012389,ORD-001860,ORD-003599,ORD-006895",372.4,361.67,452.9,427.3,7,7,44.32 L,DRV-0694,10,44.32
RTE-03566,VEH-0309,Bike,2024-02-29,"ORD-007513,ORD-013847,ORD-011172,ORD-001012,ORD-006570,ORD-006617,ORD-005435,ORD-014245,ORD-004144",317.06,410.46,392.7,667.6,9,9,12.15 L,DRV-0834,12,12.15
RTE-03567,VEH-0414,Van,2025-03-25,"ORD-012795,ORD-005071,ORD-006572,ORD-002563",25.46,171.34,56.0,341.2,4,4,31.78 L,DRV-0376,8,31.78
RTE-03568,VEH-0375,Bike,2025-02-28,"ORD-004698,ORD-003812,ORD-007805,ORD-002799,ORD-007968,ORD-001398,ORD-001275,ORD-010725,ORD-006623",45.85,132.15,482.5,585.2,9,9,1744.0 Wh,DRV-0543,12,1744.0
RTE-03569,VEH-0121,Drone,2024-11-30,"ORD-002319,ORD-002169",104.83,287.91,534.1,314.8,2,2,13.61,,14,13.61
RTE-03570,VEH-0618,Truck,2024-03-07,"ORD-011291,ORD-009319,ORD-005406,ORD-004407,ORD-004966,ORD-005329,ORD-000823,ORD-014729,ORD-003947",400.92,,531.0,253.4,9,9,55.14 L,DRV-0595,8,55.14
RTE-03571,VEH-0642,Truck,2025-06-29,"ORD-003254,ORD-003335",231.31,328.4,335.1,499.0,2,2,44.81,DRV-0436,10,44.81
RTE-03572,VEH-0011,Drone,2025-05-03,"ORD-006010,ORD-003630,ORD-009059,ORD-012553,ORD-009952,ORD-012612,ORD-000924,ORD-011641",248.08,11.98,180.8,520.3,8,8,25.17 L,,5,25.17
RTE-03573,VEH-0551,Van,2024-02-05,ORD-000367,86.49,369.02,444.1,685.0,1,1,6.11 L,DRV-0053,10,6.11
RTE-03574,VEH-0269,Bike,2024-09-19,ORD-001262,344.45,324.49,259.6,255.6,1,1,1842.0 Wh,DRV-0005,9,1842.0
RTE-03575,VEH-0394,Bike,2025-03-05,"ORD-008381,ORD-004332,ORD-000945,ORD-014681,ORD-011121,ORD-002298",269.62,249.16,184.9,634.5,6,6,1100.0 Wh,DRV-0316,11,1100.0
RTE-03576,VEH-0353,Bike,2024-02-29,"ORD-010937,ORD-000204,ORD-001123,ORD-014874",368.39,217.47,137.2,185.2,4,4,35.01,DRV-0351,9,35.01
RTE-03577,VEH-0669,Truck,2024-10-31,"ORD-000653,ORD-012545,ORD-000365,ORD-002079,ORD-001428,ORD-010199,ORD-014113,ORD-001333,ORD-006075",251.38,69.4,200.0,398.8,9,9,59.99,DRV-0816,6,59.99
RTE-03578,VEH-0086,Drone,2025-02-19,"ORD-004041,ORD-010288,ORD-002983,ORD-012674,ORD-011084,ORD-000251,ORD-009342,ORD-005187,ORD-002706",155.82,245.97,338.4,86.7,9,9,47.18 L,,8,47.18
RTE-03579,VEH-0557,Van,2024-07-19,"ORD-013382,ORD-006657,ORD-006487,ORD-004742,ORD-003406,ORD-010694",58.57,409.14,204.8,669.0,6,6,12.99 L,DRV-0724,14,12.99
RTE-03580,VEH-0199,Bike,2024-07-15,ORD-000470,7.01,270.26,40.3,334.0,1,0,53.21,DRV-0888,8,53.21
RTE-03581,VEH-0610,Truck,2025-02-16,"ORD-014823,ORD-011185,ORD-006144,ORD-014198,ORD-009004,ORD-001698,ORD-001333,ORD-005475,ORD-008604",24.67,137.44,118.4,650.9,9,9,801.0 Wh,DRV-0206,3,801.0
RTE-03582,VEH-0640,Truck,2024-04-13,"ORD-001284,ORD-007034,ORD-008224,ORD-011328,ORD-014609,ORD-003408,ORD-008517",354.61,,388.6,617.7,7,7,751.0 Wh,DRV-0489,4,751.0
RTE-03583,VEH-0487,Van,2025-02-25,"ORD-011412,ORD-011350,ORD-000070,ORD-008880,ORD-012193,ORD-006061,ORD-000760,ORD-008055,ORD-006001",35.68,265.21,528.3,729.9,9,9,46.52,DRV-0097,4,46.52
RTE-03584,VEH-0670,Truck,2025-04-12,"ORD-010535,ORD-001595,ORD-009123,ORD-009557,ORD-002424,ORD-010363,ORD-010964",56.97,378.31,108.8,438.1,7,7,29.82 L,DRV-0051,3,29.82
RTE-03585,VEH-0517,Van,2025-05-18,"ORD-005241,ORD-008060",19.13,44.27,519.8,781.9,2,2,1818.0 Wh,DRV-0468,13,1818.0
RTE-03586,VEH-0477,Van,2025-03-03,"ORD-007055,ORD-013492,ORD-000389,ORD-002917,ORD-002996,ORD-007171",205.47,170.07,221.6,39.3,6,6,4.6,DRV-0896,0,4.6
RTE-03587,VEH-0016,Drone,2024-09-24,"ORD-012812,ORD-010398,ORD-008394,ORD-007915,ORD-011821,ORD-009157,ORD-001435,ORD-006219,ORD-013918",11.12,99.48,610.5,230.0,9,9,37.07,,13,37.07
RTE-03588,VEH-0448,Van,2024-02-13,"ORD-003573,ORD-012670,ORD-007138,ORD-014110,ORD-008806,ORD-003138,ORD-000046,ORD-001406",388.19,448.49,140.7,601.3,8,8,855.0 Wh,DRV-0161,14,855.0
RTE-03589,VEH-0076,Drone,2024-08-22,"ORD-008883,ORD-006818,ORD-003558",248.99,140.36,90.2,45.3,3,3,400.0 Wh,,12,400.0
RTE-03590,VEH-0481,Van,2024-09-02,"ORD-006374,ORD-000464,ORD-009222,ORD-006370,ORD-013831",107.21,227.47,656.6,625.0,5,5,242.0 Wh,DRV-0162,13,242.0
RTE-03591,VEH-0407,Van,2024-01-16,"ORD-010374,ORD-014692,ORD-000260,ORD-004681,ORD-009926,ORD-009295,ORD-006899,ORD-000557",301.87,42.33,495.4,36.3,8,8,29.39 L,DRV-0683,6,29.39
RTE-03592,VEH-0434,Van,2024-04-23,"ORD-002065,ORD-000302,ORD-011236,ORD-007501,ORD-008270,ORD-010491,ORD-014542,ORD-009637,ORD-010320",101.31,28.84,527.1,180.1,9,9,1340.0 Wh,DRV-0153,10,1340.0
RTE-03593,VEH-0475,Van,2025-02-26,"ORD-013355,ORD-011137,ORD-005937",48.5,,177.4,625.1,3,3,41.02,DRV-0781,9,41.02
RTE-03594,VEH-0259,Bike,2024-08-14,"ORD-006013,ORD-004905,ORD-001185,ORD-000772",60.87,351.55,510.4,461.2,4,4,18.1 L,DRV-0044,12,18.1
RTE-03595,VEH-0352,Bike,2024-05-24,"ORD-006208,ORD-000808,ORD-006019,ORD-007086,ORD-003952,ORD-014125,ORD-003221,ORD-014475",294.59,,299.2,718.1,8,6,1.81 L,DRV-0331,10,1.81
RTE-03596,VEH-0576,Van,2024-03-19,"ORD-003211,ORD-011849,ORD-009372,ORD-009142,ORD-004938,ORD-013827,ORD-002901,ORD-000538,ORD-009194",52.39,83.52,549.4,427.5,9,9,13.78,DRV-0293,7,13.78
RTE-03597,VEH-0017,Drone,2024-10-17,"ORD-010203,ORD-008417,ORD-001083,ORD-005876,ORD-009866",363.26,177.1,593.5,312.8,5,5,959.0 Wh,,12,959.0
RTE-03598,VEH-0022,Drone,2025-01-21,"ORD-009803,ORD-009952,ORD-005624,ORD-002313,ORD-006911",149.54,167.77,583.0,327.2,5,3,356.0 Wh,,8,356.0
RTE-03599,VEH-0512,Van,2024-08-23,"ORD-007017,ORD-014624",364.27,315.62,216.0,151.2,2,2,59.3 L,DRV-0450,10,59.3
RTE-03600,VEH-0629,Truck,2025-03-05,"ORD-007094,ORD-007232,ORD-001203,ORD-011003",88.42,196.36,83.0,670.5,4,3,40.05 L,DRV-0615,14,40.05
RTE-03601,VEH-0621,Truck,2025-06-23,"ORD-009579,ORD-005855",175.97,301.73,440.4,171.7,2,2,48.7 L,DRV-0384,5,48.7
RTE-03602,VEH-0081,Drone,2024-01-26,"ORD-002245,ORD-000885,ORD-014148,ORD-006225,ORD-013110,ORD-012753,ORD-012146,ORD-014637",104.85,183.4,596.8,598.8,8,8,554.0 Wh,,3,554.0
RTE-03603,VEH-0158,Bike,2024-02-20,"ORD-004613,ORD-001276,ORD-005285,ORD-006264,ORD-014562,ORD-011784,ORD-001414,ORD-011452,ORD-004692",400.11,243.75,519.2,590.7,9,9,1811.0 Wh,DRV-0847,6,1811.0
RTE-03604,VEH-0012,Drone,2024-09-23,"ORD-003425,ORD-000682,ORD-008501,ORD-001348",311.09,232.99,25.7,374.9,4,4,3.14 L,,14,3.14
RTE-03605,VEH-0439,Van,2024-10-19,"ORD-007448,ORD-002778,ORD-006371,ORD-009451,ORD-000577,ORD-008646,ORD-012961,ORD-000653,ORD-007769",341.98,21.33,309.8,559.9,9,9,1679.0 Wh,DRV-0684,11,1679.0
RTE-03606,VEH-0617,Truck,2024-09-21,"ORD-014152,ORD-001516,ORD-006336,ORD-014471,ORD-011164,ORD-014389,ORD-002523,ORD-010803,ORD-013901",88.2,228.93,189.9,41.8,9,9,2044.0 Wh,DRV-0585,13,2044.0
RTE-03607,VEH-0630,Truck,2025-04-18,"ORD-000877,ORD-008514,ORD-010552,ORD-003617",272.21,435.96,501.9,637.2,4,4,1915.0 Wh,DRV-0372,11,1915.0
RTE-03608,VEH-0599,Truck,2025-03-11,"ORD-010824,ORD-006927,ORD-010959",399.21,200.14,351.8,509.2,3,3,21.41,DRV-0449,8,21.41
RTE-03609,VEH-0110,Drone,2024-08-20,"ORD-008411,ORD-008673,ORD-007930",63.2,354.89,98.6,355.6,3,3,57.98 L,,3,57.98
RTE-03610,VEH-0668,Truck,2024-01-04,"ORD-006978,ORD-010524,ORD-008299,ORD-012576,ORD-002781,ORD-009413",278.26,223.26,319.1,95.5,6,6,2100.0 Wh,DRV-0816,11,2100.0
RTE-03611,VEH-0658,Truck,2024-05-15,"ORD-005213,ORD-008033,ORD-005794,ORD-002447,ORD-013465,ORD-010818,ORD-009318,ORD-006455",206.33,129.59,82.8,388.3,8,8,18.79 L,DRV-0768,3,18.79
RTE-03612,VEH-0205,Bike,2025-03-17,"ORD-006715,ORD-014474,ORD-014330,ORD-003715,ORD-010736,ORD-008585,ORD-002892,ORD-001597",274.79,204.03,175.2,632.0,8,8,10.16 L,DRV-0595,8,10.16
RTE-03613,VEH-0137,Drone,2025-06-14,"ORD-000452,ORD-013211,ORD-002795,ORD-010102,ORD-002289,ORD-011118,ORD-004020,ORD-012664,ORD-006425",102.9,436.6,271.6,235.8,9,9,54.33 L,,8,54.33
RTE-03614,VEH-0666,Truck,2024-05-17,"ORD-003726,ORD-006137,ORD-005222",183.54,329.43,620.5,458.6,3,3,44.47 L,DRV-0053,0,44.47
RTE-03615,VEH-0467,Van,2025-04-25,"ORD-013705,ORD-013533",73.68,454.43,647.4,422.8,2,2,1767.0 Wh,DRV-0289,3,1767.0
RTE-03616,VEH-0678,Truck,2025-02-21,"ORD-002123,ORD-004894,ORD-014533,ORD-002491,ORD-006300,ORD-003789,ORD-006180,ORD-010347",54.67,399.67,564.8,171.5,8,8,50.03,DRV-0610,7,50.03
RTE-03617,VEH-0627,Truck,2024-09-24,"ORD-003158,ORD-004814,ORD-002100,ORD-008682,ORD-002782,ORD-013038,ORD-009993,ORD-009410",213.55,138.04,567.5,89.7,8,7,2011.0 Wh,DRV-0498,8,2011.0
RTE-03618,VEH-0125,Drone,2024-06-08,ORD-003662,221.02,13.65,27.9,673.2,1,1,19.81,,12,19.81
RTE-03619,VEH-0552,Van,2025-04-23,"ORD-007198,ORD-005440,ORD-013813,ORD-009170,ORD-003373",338.8,209.33,474.0,231.1,5,5,43.73,DRV-0354,12,43.73
RTE-03620,VEH-0135,Drone,2024-10-01,"ORD-005907,ORD-005507,ORD-004225,ORD-014480,ORD-000469,ORD-001771,ORD-005824,ORD-013603",238.35,452.66,562.2,131.5,8,8,6.62,,9,6.62
RTE-03621,VEH-0280,Bike,2024-10-25,"ORD-008058,ORD-006695,ORD-013435",375.82,332.31,259.7,560.1,3,3,2.39,DRV-0136,9,2.39
RTE-03622,VEH-0066,Drone,2024-03-16,"ORD-009987,ORD-009873,ORD-008167,ORD-014363,ORD-009796,ORD-011124,ORD-007172,ORD-001149,ORD-007835",116.65,222.55,235.3,158.6,9,9,19.21 L,,3,19.21
RTE-03623,VEH-0048,Drone,2024-12-11,"ORD-014828,ORD-000357",47.44,153.6,442.9,110.0,2,2,44.76,,12,44.76
RTE-03624,VEH-0332,Bike,2024-06-01,"ORD-013929,ORD-007138,ORD-008894,ORD-014109,ORD-006090,ORD-002351,ORD-008853",219.92,410.89,345.8,545.6,7,7,27.82,DRV-0788,4,27.82
RTE-03625,VEH-0111,Drone,2024-09-07,"ORD-013103,ORD-003387,ORD-012435,ORD-003151",118.22,15.91,588.5,461.6,4,4,58.92,,14,58.92
RTE-03626,VEH-0630,Truck,2024-05-06,"ORD-014528,ORD-008764,ORD-000384,ORD-002672",92.06,209.28,383.2,200.3,4,4,1671.0 Wh,DRV-0362,11,1671.0
RTE-03627,VEH-0384,Bike,2025-01-28,"ORD-000541,ORD-006119,ORD-003523,ORD-013882,ORD-006391,ORD-007138,ORD-005717",401.59,53.36,376.4,554.0,7,6,38.15 L,DRV-0861,6,38.15
RTE-03628,VEH-0254,Bike,2024-10-02,"ORD-007026,ORD-000679,ORD-010538",398.12,23.2,325.2,238.4,3,3,49.48 L,DRV-0668,5,49.48
RTE-03629,VEH-0515,Van,2025-06-03,"ORD-008569,ORD-011177,ORD-009535,ORD-007176,ORD-003138,ORD-008271,ORD-005860",198.98,400.31,540.7,697.9,7,7,58.6 L,DRV-0187,3,58.6
RTE-03630,VEH-0174,Bike,2024-05-16,"ORD-012083,ORD-009320,ORD-000934,ORD-012527,ORD-004461,ORD-007247,ORD-004779,ORD-014478",187.62,409.39,17.9,466.2,8,8,1457.0 Wh,DRV-0592,13,1457.0
RTE-03631,VEH-0673,Truck,2024-07-30,"ORD-001957,ORD-004937,ORD-002080,ORD-011027,ORD-002345,ORD-007190,ORD-009724,ORD-013214,ORD-000984",147.11,285.04,334.4,683.1,9,9,1708.0 Wh,DRV-0284,9,1708.0
RTE-03632,VEH-0557,Van,2024-06-12,"ORD-004099,ORD-005337,ORD-000292,ORD-001739,ORD-007704,ORD-004371,ORD-003845",417.36,19.4,628.9,694.4,7,7,2035.0 Wh,DRV-0517,12,2035.0
RTE-03633,VEH-0364,Bike,2024-03-24,"ORD-000972,ORD-001427,ORD-011228",18.84,69.46,264.5,409.7,3,3,5.59,DRV-0461,3,5.59
RTE-03634,VEH-0330,Bike,2024-12-20,"ORD-012464,ORD-003207,ORD-004797,ORD-010633",146.67,105.66,502.5,293.8,4,4,1822.0 Wh,DRV-0624,8,1822.0
RTE-03635,VEH-0028,Drone,2024-05-28,"ORD-013614,ORD-010053,ORD-004008,ORD-002947,ORD-002580,ORD-005950,ORD-007451,ORD-002801",9.29,168.22,563.9,509.5,8,8,958.0 Wh,,0,958.0
RTE-03636,VEH-0407,Van,2024-11-12,"ORD-010006,ORD-009073,ORD-000372,ORD-014367",160.02,44.96,214.6,171.5,4,3,1975.0 Wh,DRV-0613,14,1975.0
RTE-03637,VEH-0122,Drone,2024-11-28,ORD-009189,110.28,,25.1,248.2,1,1,1525.0 Wh,,8,1525.0
RTE-03638,VEH-0401,Van,2025-03-09,"ORD-013088,ORD-005295",5.73,291.03,559.5,311.7,2,2,23.07,DRV-0755,3,23.07
RTE-03639,VEH-0588,Truck,2024-01-01,"ORD-011468,ORD-007964,ORD-003581,ORD-003559,ORD-008261,ORD-001683,ORD-005823,ORD-007463,ORD-009661",222.73,276.1,299.6,379.7,9,9,8.21 L,DRV-0619,9,8.21
RTE-03640,VEH-0005,Drone,2024-09-20,"ORD-001575,ORD-002253,ORD-008664",15.42,449.0,111.4,163.0,3,3,21.09,,5,21.09
RTE-03641,VEH-0493,Van,2025-06-14,"ORD-003296,ORD-001421,ORD-005862,ORD-012383,ORD-005352,ORD-013384",20.57,165.73,375.5,636.4,6,6,19.69,DRV-0594,3,19.69
RTE-03642,VEH-0623,Truck,2025-06-22,"ORD-000825,ORD-004902",404.88,237.65,234.2,76.3,2,2,53.12 L,DRV-0811,9,53.12
RTE-03643,VEH-0129,Drone,2024-04-16,"ORD-007544,ORD-014986,ORD-011244,ORD-010793,ORD-004926,ORD-004591,ORD-009424,ORD-003682,ORD-010616",132.85,295.25,469.4,26.9,9,9,16.43 L,,11,16.43
RTE-03644,VEH-0252,Bike,2024-12-18,"ORD-002373,ORD-002254,ORD-000229,ORD-012376,ORD-011711,ORD-010780,ORD-010661,ORD-011207,ORD-002171",110.53,144.18,682.9,284.5,9,9,50.5,DRV-0395,14,50.5
RTE-03645,VEH-0310,Bike,2024-05-29,"ORD-002819,ORD-009644,ORD-014254,ORD-010029",412.77,,56.3,66.9,4,4,47.54 L,DRV-0312,4,47.54
RTE-03646,VEH-0274,Bike,2024-04-15,"ORD-007024,ORD-002139",180.62,386.18,594.5,493.7,2,2,23.17,DRV-0584,7,23.17
RTE-03647,VEH-0642,Truck,2025-04-16,"ORD-000213,ORD-008462,ORD-006399",310.4,54.3,492.8,295.5,3,3,1953.0 Wh,DRV-0151,3,1953.0
RTE-03648,VEH-0504,Van,2025-02-20,"ORD-014444,ORD-003061,ORD-005116,ORD-006442",344.32,37.72,527.3,782.1,4,3,32.28,DRV-0795,4,32.28
RTE-03649,VEH-0284,Bike,2024-11-27,ORD-011146,339.26,19.02,669.5,573.1,1,1,2.96,DRV-0123,9,2.96
RTE-03650,VEH-0486,Van,2024-07-29,"ORD-006145,ORD-010767,ORD-003616,ORD-000315,ORD-014474,ORD-007496,ORD-011551,ORD-011518,ORD-008226",264.28,215.16,284.7,584.5,9,9,37.2 L,DRV-0349,5,37.2
RTE-03651,VEH-0521,Van,2024-02-17,"ORD-003886,ORD-008989,ORD-002559,ORD-009270,ORD-013964",369.17,145.65,442.5,710.9,5,5,53.25,DRV-0640,11,53.25
RTE-03652,VEH-0435,Van,2024-04-21,"ORD-001854,ORD-009054,ORD-013655,ORD-003933",409.57,266.54,321.6,26.0,4,3,223.0 Wh,DRV-0079,13,223.0
RTE-03653,VEH-0657,Truck,2025-05-29,"ORD-003157,ORD-002390,ORD-001501,ORD-013621,ORD-005133,ORD-011351,ORD-012084",158.67,227.56,562.2,230.5,7,7,24.14,DRV-0431,3,24.14
RTE-03654,VEH-0136,Drone,2024-06-18,"ORD-000860,ORD-001509,ORD-004198",192.51,31.92,441.6,323.1,3,3,55.76 L,,10,55.76
RTE-03655,VEH-0440,Van,2024-08-24,"ORD-010199,ORD-011102",271.73,31.54,169.5,734.9,2,2,230.0 Wh,DRV-0520,5,230.0
RTE-03656,VEH-0211,Bike,2024-04-08,"ORD-007549,ORD-001221,ORD-001252,ORD-001262,ORD-004306,ORD-009203",296.49,27.06,276.3,212.9,6,6,1681.0 Wh,DRV-0522,11,1681.0
RTE-03657,VEH-0449,Van,2024-10-24,"ORD-004411,ORD-002655,ORD-005372",194.64,224.19,496.1,602.4,3,3,25.34 L,DRV-0674,8,25.34
RTE-03658,VEH-0015,Drone,2025-07-01,ORD-000920,355.38,14.3,161.1,266.6,1,1,53.04,,4,53.04
RTE-03659,VEH-0152,Bike,2025-02-04,"ORD-010125,ORD-000933,ORD-011450,ORD-002285,ORD-010848,ORD-008920,ORD-001829,ORD-001007,ORD-007345",163.06,224.16,518.7,744.3,9,9,1779.0 Wh,DRV-0320,4,1779.0
RTE-03660,VEH-0655,Truck,2024-02-15,"ORD-005595,ORD-003857,ORD-009306,ORD-000788,ORD-007053,ORD-007311",97.85,60.9,571.5,351.2,6,6,437.0 Wh,DRV-0812,8,437.0
RTE-03661,VEH-0442,Van,2024-07-30,"ORD-004381,ORD-001146,ORD-012281,ORD-002393,ORD-005923,ORD-011801",412.56,145.78,165.2,693.2,6,6,38.14 L,DRV-0556,8,38.14
RTE-03662,VEH-0063,Drone,2024-06-21,"ORD-006099,ORD-004795,ORD-006283,ORD-014605,ORD-002307",316.71,373.3,34.5,429.5,5,5,1580.0 Wh,,9,1580.0
RTE-03663,VEH-0212,Bike,2025-03-30,ORD-012000,73.0,298.59,295.1,254.4,1,1,52.96,DRV-0348,14,52.96
RTE-03664,VEH-0101,Drone,2024-09-14,"ORD-012372,ORD-013247,ORD-007607,ORD-000155,ORD-012947",8.67,224.42,511.2,283.0,5,5,34.6 L,,8,34.6
RTE-03665,VEH-0579,Van,2024-04-15,"ORD-012572,ORD-004142,ORD-000734,ORD-007465",18.12,330.58,246.2,126.6,4,4,30.65,DRV-0330,0,30.65
RTE-03666,VEH-0458,Van,2025-02-22,"ORD-004246,ORD-014115,ORD-004622,ORD-000185,ORD-004840,ORD-006744,ORD-011885,ORD-000826,ORD-008364",255.57,128.5,614.2,747.2,9,9,15.93 L,DRV-0699,7,15.93
RTE-03667,VEH-0265,Bike,2024-02-14,"ORD-002302,ORD-014694,ORD-006651,ORD-009599,ORD-000559,ORD-011199,ORD-004750",243.0,290.95,147.3,439.8,7,7,1418.0 Wh,DRV-0765,5,1418.0
RTE-03668,VEH-0605,Truck,2024-05-15,"ORD-002530,ORD-013884,ORD-001082",138.25,144.2,527.6,368.3,3,3,53.25 L,DRV-0329,13,53.25
RTE-03669,VEH-0313,Bike,2024-03-23,"ORD-004362,ORD-011398,ORD-010530",7.76,132.57,439.1,353.1,3,3,56.89 L,DRV-0344,8,56.89
RTE-03670,VEH-0116,Drone,2025-01-09,"ORD-006327,ORD-008388,ORD-008678,ORD-005341,ORD-014649,ORD-014705",172.36,39.13,537.7,773.7,6,6,1803.0 Wh,,8,1803.0
RTE-03671,VEH-0217,Bike,2025-04-08,"ORD-006904,ORD-003550",165.42,145.72,406.9,731.6,2,2,2.45,DRV-0469,14,2.45
RTE-03672,VEH-0587,Truck,2024-10-25,"ORD-006275,ORD-001201,ORD-001075,ORD-012691,ORD-000874",245.41,392.24,469.9,614.5,5,4,53.7,DRV-0596,6,53.7
RTE-03673,VEH-0150,Bike,2024-12-01,"ORD-000913,ORD-012785,ORD-007249,ORD-009456,ORD-005457,ORD-007067,ORD-005417,ORD-013493,ORD-008857",257.8,,382.8,47.1,9,9,48.93,DRV-0759,5,48.93
RTE-03674,VEH-0639,Truck,2025-05-12,ORD-012822,222.67,218.43,80.7,783.9,1,1,27.73 L,DRV-0787,6,27.73
RTE-03675,VEH-0353,Bike,2024-01-28,"ORD-004254,ORD-006863,ORD-014268,ORD-013928,ORD-007948",115.25,310.92,449.0,288.4,5,5,20.47,DRV-0736,10,20.47
RTE-03676,VEH-0124,Drone,2024-08-06,"ORD-007716,ORD-009951,ORD-000197,ORD-011732,ORD-007656",242.83,280.8,265.0,282.1,5,5,26.08 L,,9,26.08
RTE-03677,VEH-0536,Van,2024-07-22,"ORD-009928,ORD-003118",274.43,134.67,105.2,495.5,2,2,7.88,DRV-0712,7,7.88
RTE-03678,VEH-0464,Van,2024-06-08,"ORD-004577,ORD-011459,ORD-014789,ORD-000384,ORD-014516,ORD-007183,ORD-000494,ORD-007275",333.08,45.69,580.4,374.2,8,8,1982.0 Wh,DRV-0897,9,1982.0
RTE-03679,VEH-0619,Truck,2024-06-17,"ORD-006748,ORD-014937,ORD-014180,ORD-003274,ORD-008683,ORD-012282",410.12,327.48,596.3,195.4,6,6,39.43,DRV-0457,10,39.43
RTE-03680,VEH-0074,Drone,2025-01-29,"ORD-014914,ORD-011613,ORD-004396,ORD-010693,ORD-005677",265.66,285.05,333.8,657.3,5,5,673.0 Wh,,3,673.0
RTE-03681,VEH-0081,Drone,2024-10-11,ORD-006377,320.18,123.09,541.5,648.8,1,1,405.0 Wh,,5,405.0
RTE-03682,VEH-0064,Drone,2024-04-17,"ORD-001969,ORD-002145,ORD-003957",416.37,201.57,244.0,624.2,3,3,12.03,,13,12.03
RTE-03683,VEH-0349,Bike,2024-10-08,"ORD-008768,ORD-007812,ORD-004945,ORD-014855,ORD-002645",333.98,385.53,64.5,476.8,5,5,1160.0 Wh,DRV-0631,10,1160.0
RTE-03684,VEH-0426,Van,2025-01-22,"ORD-006105,ORD-006120",348.67,121.6,618.4,716.1,2,2,57.38 L,DRV-0502,14,57.38
RTE-03685,VEH-0106,Drone,2024-02-04,"ORD-007642,ORD-007506,ORD-007003,ORD-008070",10.4,98.34,684.1,644.0,4,4,58.0 L,,4,58.0
RTE-03686,VEH-0026,Drone,2025-01-24,"ORD-000546,ORD-006451,ORD-009124,ORD-006131,ORD-004193,ORD-013513,ORD-001417",370.77,100.26,447.2,442.4,7,7,51.02,,3,51.02
RTE-03687,VEH-0059,Drone,2024-05-27,"ORD-012328,ORD-011608,ORD-005594,ORD-009459,ORD-010967",324.04,350.78,249.8,714.2,5,5,28.06,,5,28.06
RTE-03688,VEH-0029,Drone,2024-10-28,"ORD-003886,ORD-009736,ORD-005036,ORD-007210,ORD-001761,ORD-008233",83.27,387.16,325.0,259.2,6,6,2156.0 Wh,,8,2156.0
RTE-03689,VEH-0437,Van,2024-03-01,"ORD-002034,ORD-001482,ORD-002182,ORD-014829,ORD-010771,ORD-012813,ORD-002797,ORD-007243,ORD-004190",391.28,83.55,479.4,630.5,9,8,21.93,DRV-0106,9,21.93
RTE-03690,VEH-0251,Bike,2025-03-30,ORD-004000,346.63,331.83,261.6,531.8,1,0,1562.0 Wh,DRV-0727,13,1562.0
RTE-03691,VEH-0599,Truck,2025-03-25,ORD-014261,25.93,201.89,243.9,17.0,1,1,35.63,DRV-0295,12,35.63
RTE-03692,VEH-0542,Van,2024-02-09,"ORD-009704,ORD-009673,ORD-014171,ORD-005853,ORD-011671,ORD-000883,ORD-002850",293.15,96.16,301.0,209.2,7,7,239.0 Wh,DRV-0405,3,239.0
RTE-03693,VEH-0174,Bike,2024-11-06,"ORD-009499,ORD-003672",371.55,423.27,426.7,774.1,2,2,45.19 L,DRV-0627,10,45.19
RTE-03694,VEH-0168,Bike,2025-03-17,"ORD-006995,ORD-003784,ORD-012374",54.04,,81.2,642.0,3,2,15.06,DRV-0499,9,15.06
RTE-03695,VEH-0395,Bike,2025-01-26,"ORD-012892,ORD-000725,ORD-008503,ORD-009653,ORD-009641,ORD-012425,ORD-008592,ORD-002260,ORD-014324",310.64,139.25,624.7,98.8,9,8,46.28 L,DRV-0890,11,46.28
RTE-03696,VEH-0693,Truck,2024-05-03,"ORD-003375,ORD-003617,ORD-010188,ORD-005769",118.79,231.18,261.4,794.4,4,4,356.0 Wh,DRV-0077,11,356.0
RTE-03697,VEH-0648,Truck,2025-01-12,"ORD-011057,ORD-001591,ORD-014411,ORD-000990,ORD-014055,ORD-006183,ORD-014953",100.71,277.89,249.3,68.5,7,7,1126.0 Wh,DRV-0016,4,1126.0
RTE-03698,VEH-0397,Bike,2024-01-16,ORD-012797,81.4,439.3,383.0,750.2,1,1,28.76 L,DRV-0846,12,28.76
RTE-03699,VEH-0003,Drone,2025-03-15,"ORD-010994,ORD-003440,ORD-011229,ORD-002215",72.09,272.31,157.7,265.5,4,4,40.66 L,,3,40.66
RTE-03700,VEH-0008,Drone,2024-01-19,"ORD-010600,ORD-005577,ORD-014285,ORD-000496,ORD-004833,ORD-006585,ORD-002906,ORD-002312,ORD-010744",97.8,113.08,344.7,763.1,9,9,1187.0 Wh,,5,1187.0
RTE-03701,VEH-0206,Bike,2024-11-09,"ORD-010432,ORD-009696,ORD-010446,ORD-002361,ORD-009695",302.07,403.02,486.1,193.2,5,5,1822.0 Wh,DRV-0337,4,1822.0
RTE-03702,VEH-0581,Truck,2024-09-03,ORD-003951,167.41,100.55,132.8,16.5,1,1,30.05 L,DRV-0832,13,30.05
RTE-03703,VEH-0254,Bike,2025-02-09,"ORD-006602,ORD-003751,ORD-009921,ORD-001914,ORD-003175",342.74,338.15,667.0,182.8,5,5,576.0 Wh,DRV-0028,8,576.0
RTE-03704,VEH-0329,Bike,2024-06-19,"ORD-011726,ORD-001697,ORD-003523,ORD-012915",391.67,421.17,129.1,130.8,4,4,14.56,DRV-0400,12,14.56
RTE-03705,VEH-0085,Drone,2025-04-11,"ORD-008064,ORD-009088,ORD-000847,ORD-013667,ORD-004966",87.9,388.81,379.6,761.4,5,5,25.05,,6,25.05
RTE-03706,VEH-0411,Van,2024-11-13,"ORD-007577,ORD-011194,ORD-000209",169.72,442.79,276.3,307.7,3,3,220.0 Wh,DRV-0198,11,220.0
RTE-03707,VEH-0316,Bike,2024-03-15,"ORD-007413,ORD-013072,ORD-003629,ORD-004455,ORD-012665,ORD-005042,ORD-014490,ORD-000686",84.88,63.17,224.4,49.1,8,8,1972.0 Wh,DRV-0010,6,1972.0
RTE-03708,VEH-0469,Van,2024-05-01,"ORD-006034,ORD-008481,ORD-004322,ORD-009540,ORD-008956,ORD-012572,ORD-009519,ORD-009061,ORD-004597",67.27,229.83,653.8,375.6,9,9,31.93 L,DRV-0009,9,31.93
RTE-03709,VEH-0198,Bike,2025-04-23,"ORD-014855,ORD-009088",294.98,58.77,472.7,435.9,2,2,1873.0 Wh,DRV-0858,12,1873.0
RTE-03710,VEH-0656,Truck,2025-04-11,"ORD-001141,ORD-014000,ORD-003940,ORD-009419",15.22,295.22,224.6,495.6,4,3,1718.0 Wh,DRV-0049,14,1718.0
RTE-03711,VEH-0621,Truck,2024-09-23,"ORD-000264,ORD-006849,ORD-011187,ORD-008116,ORD-010962,ORD-004526,ORD-011804,ORD-007368,ORD-004689",243.17,233.48,150.8,205.7,9,9,1887.0 Wh,DRV-0385,6,1887.0
RTE-03712,VEH-0134,Drone,2024-04-28,"ORD-007790,ORD-004976",316.11,102.92,390.1,371.2,2,2,44.96 L,,12,44.96
RTE-03713,VEH-0147,Bike,2024-04-09,"ORD-004209,ORD-005871,ORD-001474,ORD-002370,ORD-014848,ORD-011193,ORD-012817,ORD-010950,ORD-007006",298.83,383.35,553.4,223.1,9,8,27.15 L,DRV-0201,6,27.15
RTE-03714,VEH-0596,Truck,2024-02-10,"ORD-004442,ORD-002817,ORD-005988,ORD-004916",412.58,379.44,526.0,120.9,4,4,1891.0 Wh,DRV-0504,4,1891.0
RTE-03715,VEH-0415,Van,2024-01-07,"ORD-010350,ORD-013707,ORD-002237,ORD-014099,ORD-013369",303.94,148.14,171.7,308.7,5,5,47.27 L,DRV-0331,12,47.27
RTE-03716,VEH-0125,Drone,2025-01-28,"ORD-001969,ORD-009090,ORD-004721",203.93,,596.6,676.5,3,3,13.83,,4,13.83
RTE-03717,VEH-0620,Truck,2024-10-03,"ORD-008717,ORD-006933,ORD-003877",278.58,190.07,382.8,724.4,3,3,20.44 L,DRV-0735,14,20.44
RTE-03718,VEH-0600,Truck,2025-01-18,"ORD-008038,ORD-000983,ORD-011939,ORD-001910,ORD-004245,ORD-014273,ORD-009505",84.62,398.9,575.9,249.1,7,7,1141.0 Wh,DRV-0579,4,1141.0
RTE-03719,VEH-0329,Bike,2024-09-29,"ORD-004188,ORD-009564,ORD-000055,ORD-013984,ORD-001915,ORD-004903,ORD-007807",31.74,175.7,26.7,257.9,7,7,1775.0 Wh,DRV-0637,12,1775.0
RTE-03720,VEH-0571,Van,2025-04-09,ORD-004547,346.75,116.01,233.9,557.1,1,1,11.64,DRV-0207,14,11.64
RTE-03721,VEH-0039,Drone,2024-03-23,"ORD-010340,ORD-001997,ORD-005854,ORD-009915",223.43,98.43,661.2,735.8,4,4,25.53,,5,25.53
RTE-03722,VEH-0664,Truck,2025-05-13,"ORD-008370,ORD-004986,ORD-000912,ORD-002297,ORD-002808,ORD-014462,ORD-012159,ORD-014912,ORD-005909",17.63,294.63,418.8,358.2,9,9,343.0 Wh,DRV-0365,14,343.0
RTE-03723,VEH-0444,Van,2024-03-25,"ORD-012099,ORD-011142,ORD-014692,ORD-005039,ORD-002935,ORD-003861,ORD-005117,ORD-007358,ORD-003156",146.44,355.67,444.1,722.3,9,9,59.29,DRV-0636,3,59.29
RTE-03724,VEH-0085,Drone,2025-03-24,ORD-003976,188.56,290.7,308.0,386.4,1,1,50.08,,0,50.08
RTE-03725,VEH-0563,Van,2025-03-01,"ORD-003515,ORD-012947",41.35,379.56,432.0,519.2,2,2,2166.0 Wh,DRV-0374,11,2166.0
RTE-03726,VEH-0250,Bike,2025-04-26,"ORD-008797,ORD-014565,ORD-010678,ORD-012646,ORD-001976,ORD-012666,ORD-011356,ORD-006297,ORD-007697",211.71,198.19,600.0,546.4,9,9,44.32,DRV-0469,13,44.32
RTE-03727,VEH-0551,Van,2024-02-18,ORD-003525,31.75,453.25,258.1,605.2,1,1,15.78 L,DRV-0091,13,15.78
RTE-03728,VEH-0484,Van,2024-03-12,ORD-009005,267.94,138.47,229.7,76.4,1,1,58.51,DRV-0515,6,58.51
RTE-03729,VEH-0223,Bike,2024-02-26,"ORD-003335,ORD-000091,ORD-014478,ORD-010273,ORD-013165,ORD-010028,ORD-006560,ORD-000181",254.32,320.53,486.6,42.9,8,8,1256.0 Wh,DRV-0321,4,1256.0
RTE-03730,VEH-0238,Bike,2024-04-25,"ORD-000177,ORD-008088,ORD-010176,ORD-010249,ORD-008284,ORD-010154,ORD-013079,ORD-014942,ORD-012489",60.74,377.22,396.9,353.7,9,9,1581.0 Wh,DRV-0441,0,1581.0
RTE-03731,VEH-0064,Drone,2025-04-16,"ORD-002041,ORD-001766,ORD-008246",238.86,,295.2,409.6,3,3,32.79,,12,32.79
RTE-03732,VEH-0104,Drone,2024-07-23,"ORD-006640,ORD-010870",119.62,231.37,490.3,456.7,2,2,21.91,,5,21.91
RTE-03733,VEH-0097,Drone,2024-03-20,"ORD-001083,ORD-009904,ORD-011607,ORD-011038",123.32,197.42,551.0,507.1,4,4,9.23 L,,4,9.23
RTE-03734,VEH-0594,Truck,2024-01-07,"ORD-002076,ORD-008740,ORD-006323,ORD-011775",390.82,,268.6,169.1,4,3,45.06 L,DRV-0295,0,45.06
RTE-03735,VEH-0650,Truck,2024-04-27,"ORD-009495,ORD-007976,ORD-014669,ORD-000127,ORD-000127",162.35,299.6,167.0,426.3,5,5,1889.0 Wh,DRV-0358,4,1889.0
RTE-03736,VEH-0498,Van,2025-01-27,"ORD-003867,ORD-008798,ORD-012320,ORD-007789,ORD-000697,ORD-012728,ORD-012500",413.74,324.63,555.2,784.4,7,7,57.88 L,DRV-0288,0,57.88
RTE-03737,VEH-0227,Bike,2024-06-29,ORD-007402,101.39,319.56,456.0,506.5,1,0,1668.0 Wh,DRV-0691,14,1668.0
RTE-03738,VEH-0086,Drone,2024-06-26,"ORD-010756,ORD-012940,ORD-012473",186.92,249.6,515.6,203.6,3,2,32.11,,5,32.11
RTE-03739,VEH-0014,Drone,2025-05-29,"ORD-014060,ORD-009106,ORD-006282,ORD-002154,ORD-012175,ORD-010056,ORD-000615,ORD-014033,ORD-005666",329.14,443.91,596.7,338.1,9,9,37.86,,13,37.86
RTE-03740,VEH-0403,Van,2024-10-28,"ORD-014173,ORD-002503",284.34,203.54,154.5,43.2,2,2,449.0 Wh,DRV-0439,7,449.0
RTE-03741,VEH-0696,Truck,2024-03-01,"ORD-013518,ORD-000555,ORD-005083,ORD-005427,ORD-008526,ORD-005405,ORD-001158,ORD-010715,ORD-010671",77.22,302.95,511.6,338.7,9,8,2151.0 Wh,DRV-0085,8,2151.0
RTE-03742,VEH-0053,Drone,2024-05-05,"ORD-001790,ORD-009327,ORD-008136,ORD-000532,ORD-008090",77.68,39.72,555.4,770.9,5,5,21.77,,10,21.77
RTE-03743,VEH-0138,Drone,2024-09-13,"ORD-013927,ORD-002771,ORD-013630,ORD-004189,ORD-013968,ORD-014878,ORD-011581,ORD-002469",207.15,214.15,550.3,306.8,8,8,1524.0 Wh,,12,1524.0
RTE-03744,VEH-0068,Drone,2024-06-27,"ORD-005112,ORD-014279",385.0,223.33,134.7,436.3,2,1,1958.0 Wh,,10,1958.0
RTE-03745,VEH-0468,Van,2025-02-01,"ORD-007696,ORD-007744,ORD-008512,ORD-001820",3.01,124.71,337.2,438.9,4,4,1212.0 Wh,DRV-0564,10,1212.0
RTE-03746,VEH-0587,Truck,2024-03-04,"ORD-006864,ORD-007747,ORD-011664,ORD-007979,ORD-004700,ORD-007547,ORD-000821,ORD-002943,ORD-008107",211.85,406.88,647.7,708.5,9,9,1503.0 Wh,DRV-0636,4,1503.0
RTE-03747,VEH-0083,Drone,2024-10-27,"ORD-011442,ORD-003050,ORD-006316,ORD-002807,ORD-008894,ORD-007854,ORD-012820",116.07,400.95,605.3,624.7,7,7,51.98 L,,11,51.98
RTE-03748,VEH-0041,Drone,2024-01-30,"ORD-000185,ORD-012244,ORD-001629,ORD-010073,ORD-003482,ORD-006308,ORD-008803,ORD-011230",404.9,322.64,21.5,224.4,8,8,43.43 L,,3,43.43
RTE-03749,VEH-0510,Van,2024-03-02,ORD-014883,178.7,183.97,429.6,414.1,1,0,8.11 L,DRV-0415,13,8.11
RTE-03750,VEH-0512,Van,2024-07-20,"ORD-009738,ORD-004672,ORD-002009,ORD-004358,ORD-000629",314.96,206.58,300.3,427.5,5,5,50.94 L,DRV-0595,11,50.94
RTE-03751,VEH-0440,Van,2024-07-28,ORD-014514,219.21,143.14,668.1,221.4,1,1,2063.0 Wh,DRV-0503,11,2063.0
RTE-03752,VEH-0272,Bike,2024-02-12,"ORD-012963,ORD-010644,ORD-003404,ORD-013557,ORD-002392,ORD-012354,ORD-002137,ORD-009440,ORD-001827",271.46,459.07,35.8,417.8,9,9,1626.0 Wh,DRV-0569,5,1626.0
RTE-03753,VEH-0629,Truck,2025-03-05,"ORD-013019,ORD-010399",344.31,134.47,624.9,27.6,2,2,33.62,DRV-0865,8,33.62
RTE-03754,VEH-0228,Bike,2024-08-12,"ORD-012208,ORD-006289,ORD-002370,ORD-004361,ORD-006502,ORD-000933",31.79,50.51,235.7,51.2,6,6,59.0 L,DRV-0599,8,59.0
RTE-03755,VEH-0085,Drone,2025-06-20,ORD-005804,340.15,214.04,416.1,695.3,1,1,22.61 L,,8,22.61
RTE-03756,VEH-0599,Truck,2024-03-18,"ORD-003140,ORD-003805,ORD-006932,ORD-005267",405.08,219.34,93.5,481.7,4,4,19.39,DRV-0269,0,19.39
RTE-03757,VEH-0189,Bike,2024-06-29,"ORD-008030,ORD-013548,ORD-007989,ORD-005606",3.96,101.44,157.7,629.1,4,4,45.73,DRV-0083,10,45.73
RTE-03758,VEH-0660,Truck,2025-05-24,"ORD-014793,ORD-009271,ORD-004298,ORD-007311,ORD-012106,ORD-006379,ORD-007891,ORD-001624",410.67,119.19,16.6,547.9,8,8,34.78 L,DRV-0300,5,34.78
RTE-03759,VEH-0049,Drone,2024-12-14,"ORD-000343,ORD-001834,ORD-013776,ORD-014507,ORD-001489",203.19,356.44,256.4,107.4,5,5,576.0 Wh,,11,576.0
RTE-03760,VEH-0141,Bike,2024-08-21,ORD-010593,263.67,80.24,674.4,569.4,1,1,59.92,DRV-0115,8,59.92
RTE-03761,VEH-0517,Van,2024-03-04,"ORD-014954,ORD-013416,ORD-004193,ORD-006859,ORD-003763,ORD-007374,ORD-008089",122.21,70.84,25.0,132.6,7,7,26.42 L,DRV-0147,0,26.42
RTE-03762,VEH-0427,Van,2024-09-05,"ORD-005262,ORD-007031,ORD-010690",359.83,39.84,73.8,147.5,3,3,6.98 L,DRV-0110,10,6.98
RTE-03763,VEH-0454,Van,2024-07-04,"ORD-007509,ORD-014256,ORD-013635,ORD-001946,ORD-007588,ORD-005898,ORD-009108",403.59,26.33,270.0,678.4,7,6,2004.0 Wh,DRV-0514,6,2004.0
RTE-03764,VEH-0043,Drone,2024-04-19,"ORD-006942,ORD-004699,ORD-008109,ORD-013068",155.57,204.89,567.1,186.0,4,4,59.11 L,,10,59.11
RTE-03765,VEH-0587,Truck,2024-05-20,"ORD-002239,ORD-012833,ORD-005173,ORD-012866,ORD-006792,ORD-011089,ORD-012342,ORD-004405",150.11,174.77,540.5,700.1,8,8,1585.0 Wh,DRV-0508,10,1585.0
RTE-03766,VEH-0005,Drone,2024-09-13,"ORD-005309,ORD-014208,ORD-003747",65.82,209.3,457.0,737.0,3,3,28.14,,8,28.14
RTE-03767,VEH-0270,Bike,2024-10-28,"ORD-012149,ORD-000655,ORD-010370",108.01,223.78,151.5,324.5,3,3,938.0 Wh,DRV-0742,13,938.0
RTE-03768,VEH-0257,Bike,2024-08-05,"ORD-009612,ORD-013183,ORD-000817,ORD-006198,ORD-001141,ORD-002796",205.25,432.34,411.1,646.8,6,6,37.53 L,DRV-0473,10,37.53
RTE-03769,VEH-0063,Drone,2024-07-10,"ORD-005579,ORD-003733,ORD-007682,ORD-014946,ORD-001820,ORD-008925,ORD-002348",356.18,248.54,273.8,624.7,7,6,35.43 L,,13,35.43
RTE-03770,VEH-0570,Van,2025-01-21,"ORD-005688,ORD-009631",132.07,152.54,547.2,238.4,2,2,54.78 L,DRV-0202,10,54.78
RTE-03771,VEH-0683,Truck,2025-04-24,"ORD-005449,ORD-004654",391.76,52.91,333.5,338.4,2,2,58.5 L,DRV-0259,6,58.5
RTE-03772,VEH-0056,Drone,2025-05-02,"ORD-005967,ORD-003687,ORD-006229,ORD-010532",303.33,194.15,644.7,443.5,4,4,40.04 L,,5,40.04
RTE-03773,VEH-0608,Truck,2024-06-11,ORD-007913,247.71,455.28,676.4,474.2,1,1,2.85 L,DRV-0180,6,2.85
RTE-03774,VEH-0572,Van,2024-12-07,"ORD-003794,ORD-001584,ORD-013990,ORD-007905,ORD-002132,ORD-011796,ORD-008691,ORD-005916,ORD-014174",269.43,340.52,656.6,340.4,9,9,3.95 L,DRV-0418,5,3.95
RTE-03775,VEH-0585,Truck,2024-12-16,"ORD-009759,ORD-007815,ORD-012080,ORD-002413,ORD-000165,ORD-006909,ORD-000872,ORD-003835",376.04,370.65,469.8,779.2,8,8,45.55 L,DRV-0279,7,45.55
RTE-03776,VEH-0616,Truck,2025-01-03,ORD-010033,106.78,89.49,695.7,504.1,1,1,4.79,DRV-0465,4,4.79
RTE-03777,VEH-0499,Van,2024-08-29,"ORD-014648,ORD-010810,ORD-005361,ORD-009481,ORD-003360,ORD-003470,ORD-010021,ORD-006412,ORD-001908",319.09,,599.2,256.0,9,9,23.19 L,DRV-0171,12,23.19
RTE-03778,VEH-0125,Drone,2024-05-14,"ORD-007403,ORD-014703,ORD-002935,ORD-000335",409.69,452.73,200.4,294.2,4,4,32.22 L,,5,32.22
RTE-03779,VEH-0248,Bike,2024-01-07,"ORD-007094,ORD-005452,ORD-001644,ORD-011885,ORD-002402,ORD-011658,ORD-004648,ORD-013544",308.48,75.27,493.0,652.2,8,8,1641.0 Wh,DRV-0531,10,1641.0
RTE-03780,VEH-0404,Van,2025-03-07,"ORD-001047,ORD-011382,ORD-007996,ORD-004176,ORD-001647,ORD-008676",319.5,19.68,401.2,315.0,6,6,790.0 Wh,DRV-0481,12,790.0
RTE-03781,VEH-0120,Drone,2024-11-05,ORD-011928,272.99,17.58,427.0,766.2,1,1,1801.0 Wh,,5,1801.0
RTE-03782,VEH-0123,Drone,2025-01-25,"ORD-012566,ORD-007019,ORD-005142,ORD-004392,ORD-009912,ORD-010462,ORD-004723",12.4,376.99,389.7,639.4,7,7,1926.0 Wh,,8,1926.0
RTE-03783,VEH-0648,Truck,2024-06-06,ORD-005664,97.62,150.97,551.3,255.1,1,1,43.66,DRV-0364,13,43.66
RTE-03784,VEH-0651,Truck,2025-05-23,"ORD-007074,ORD-003029",115.37,230.56,493.6,566.3,2,2,746.0 Wh,DRV-0206,9,746.0
RTE-03785,VEH-0432,Van,2024-09-01,"ORD-014474,ORD-000887",226.46,434.3,203.8,787.1,2,2,56.29 L,DRV-0074,6,56.29
RTE-03786,VEH-0206,Bike,2024-11-14,ORD-000778,242.06,188.06,639.1,431.7,1,1,1574.0 Wh,DRV-0656,4,1574.0
RTE-03787,VEH-0405,Van,2024-06-10,"ORD-002731,ORD-001140,ORD-003847,ORD-014090,ORD-007005",89.87,183.44,372.1,671.5,5,5,27.99,DRV-0542,3,27.99
RTE-03788,VEH-0012,Drone,2025-02-19,"ORD-006394,ORD-002426,ORD-004743,ORD-004386,ORD-014551",260.2,133.21,545.0,694.0,5,3,2133.0 Wh,,9,2133.0
RTE-03789,VEH-0573,Van,2025-06-15,"ORD-004172,ORD-011366,ORD-004392,ORD-009868,ORD-011772,ORD-001826,ORD-003587,ORD-007018",81.56,116.59,257.2,468.7,8,8,498.0 Wh,DRV-0318,5,498.0
RTE-03790,VEH-0670,Truck,2024-11-19,"ORD-009899,ORD-000991,ORD-005251,ORD-008555,ORD-009529,ORD-000518,ORD-003248,ORD-003204",153.1,107.0,162.3,285.3,8,8,2061.0 Wh,DRV-0454,4,2061.0
RTE-03791,VEH-0370,Bike,2024-10-10,"ORD-014739,ORD-014654,ORD-002103,ORD-005992,ORD-006627",191.35,136.8,450.1,207.7,5,5,2.66 L,DRV-0192,4,2.66
RTE-03792,VEH-0205,Bike,2024-10-01,"ORD-008102,ORD-007949,ORD-003270,ORD-001751,ORD-012405,ORD-006946",47.2,406.31,206.8,597.1,6,6,37.61 L,DRV-0612,10,37.61
RTE-03793,VEH-0071,Drone,2025-02-01,"ORD-014587,ORD-000762",384.61,369.19,238.1,73.0,2,0,11.9 L,,9,11.9
RTE-03794,VEH-0533,Van,2025-01-26,"ORD-003815,ORD-005914,ORD-004227,ORD-007170",213.32,320.6,673.6,558.0,4,4,41.75,DRV-0472,13,41.75
RTE-03795,VEH-0687,Truck,2025-06-02,"ORD-005050,ORD-010927,ORD-009698,ORD-007874",363.34,243.38,425.2,167.8,4,4,2.7,DRV-0179,9,2.7
RTE-03796,VEH-0009,Drone,2024-03-07,"ORD-001842,ORD-004179,ORD-006185",384.63,107.52,127.1,672.7,3,3,16.57,,4,16.57
RTE-03797,VEH-0012,Drone,2024-04-12,"ORD-005630,ORD-013025,ORD-005160,ORD-003731,ORD-007150,ORD-014660,ORD-009888,ORD-005851",146.4,,166.7,175.4,8,8,37.82 L,,13,37.82
RTE-03798,VEH-0051,Drone,2025-02-25,"ORD-011846,ORD-010908,ORD-000918,ORD-013243",346.01,236.76,442.7,595.1,4,2,1272.0 Wh,,5,1272.0
RTE-03799,VEH-0608,Truck,2024-05-13,"ORD-000421,ORD-001742,ORD-008197,ORD-010649",40.09,97.75,309.0,283.9,4,4,1538.0 Wh,DRV-0357,13,1538.0
RTE-03800,VEH-0646,Truck,2024-05-26,ORD-014794,310.34,142.83,410.0,722.5,1,0,38.3 L,DRV-0457,14,38.3
RTE-03801,VEH-0173,Bike,2024-02-13,"ORD-006767,ORD-009377,ORD-003360,ORD-009630,ORD-005176,ORD-005446,ORD-013274,ORD-006229,ORD-003067",321.24,165.49,579.1,666.7,9,9,35.63,DRV-0673,4,35.63
RTE-03802,VEH-0175,Bike,2025-05-29,"ORD-004720,ORD-005023,ORD-002613,ORD-012780,ORD-004991,ORD-011068",340.64,50.97,231.0,743.7,6,6,53.31,DRV-0874,11,53.31
RTE-03803,VEH-0118,Drone,2025-01-12,"ORD-000313,ORD-005943,ORD-006950",155.23,114.52,385.0,704.3,3,3,1057.0 Wh,,10,1057.0
RTE-03804,VEH-0158,Bike,2024-09-05,"ORD-012936,ORD-013759,ORD-014932",178.21,403.57,362.5,511.1,3,3,941.0 Wh,DRV-0304,4,941.0
RTE-03805,VEH-0464,Van,2025-04-11,"ORD-013831,ORD-008998,ORD-000606,ORD-009170,ORD-010104",404.96,150.63,199.8,264.4,5,5,1048.0 Wh,DRV-0181,12,1048.0
RTE-03806,VEH-0518,Van,2024-11-19,"ORD-010356,ORD-008727,ORD-007119,ORD-012786,ORD-003384,ORD-014558,ORD-002329,ORD-000630",192.81,334.98,387.5,140.2,8,8,397.0 Wh,DRV-0285,14,397.0
RTE-03807,VEH-0450,Van,2024-04-11,"ORD-011932,ORD-010841,ORD-001717,ORD-008904,ORD-010311",404.86,236.45,602.3,445.3,5,5,59.1,DRV-0364,13,59.1
RTE-03808,VEH-0005,Drone,2025-06-24,ORD-011142,320.55,392.47,68.2,753.0,1,0,28.7 L,,4,28.7
RTE-03809,VEH-0126,Drone,2024-11-13,"ORD-004032,ORD-007306,ORD-007577,ORD-003797",77.44,194.02,252.0,634.3,4,4,1657.0 Wh,,13,1657.0
RTE-03810,VEH-0387,Bike,2024-10-04,"ORD-011684,ORD-009383,ORD-012430,ORD-014193,ORD-006767,ORD-007222,ORD-008263",140.19,25.14,476.8,411.9,7,7,3.78 L,DRV-0650,5,3.78
RTE-03811,VEH-0606,Truck,2025-04-06,"ORD-014316,ORD-014739,ORD-002350,ORD-010630,ORD-001396,ORD-003267",348.42,109.62,475.5,72.9,6,6,484.0 Wh,DRV-0303,6,484.0
RTE-03812,VEH-0479,Van,2025-02-07,"ORD-008798,ORD-011236,ORD-001695,ORD-013562",97.79,411.9,271.5,239.0,4,4,33.6 L,DRV-0364,3,33.6
RTE-03813,VEH-0445,Van,2025-05-26,"ORD-002240,ORD-000485,ORD-008343,ORD-014126,ORD-013382,ORD-013413,ORD-004826",336.45,402.41,687.4,607.9,7,7,15.88,DRV-0816,9,15.88
RTE-03814,VEH-0665,Truck,2024-03-17,"ORD-008939,ORD-009304,ORD-014404,ORD-010783,ORD-012298,ORD-006864",323.48,102.67,357.2,328.1,6,6,16.45,DRV-0428,8,16.45
RTE-03815,VEH-0584,Truck,2025-04-24,"ORD-003093,ORD-009842,ORD-007114,ORD-001564,ORD-014512",349.61,104.58,671.5,634.9,5,5,58.98,DRV-0455,14,58.98
RTE-03816,VEH-0380,Bike,2024-01-05,"ORD-003225,ORD-009754,ORD-008595,ORD-010872,ORD-000440,ORD-003692",280.24,248.04,104.4,730.9,6,6,10.15,DRV-0045,11,10.15
RTE-03817,VEH-0103,Drone,2024-09-07,ORD-006612,387.89,,462.8,27.4,1,1,26.53,,11,26.53
RTE-03818,VEH-0052,Drone,2025-06-08,"ORD-013481,ORD-013453,ORD-006735",42.43,398.21,312.8,431.8,3,3,1141.0 Wh,,8,1141.0
RTE-03819,VEH-0536,Van,2024-10-08,"ORD-013012,ORD-012692,ORD-005348,ORD-008324,ORD-014198,ORD-014523",351.45,259.3,95.8,452.3,6,6,1715.0 Wh,DRV-0176,10,1715.0
RTE-03820,VEH-0050,Drone,2024-04-30,"ORD-004051,ORD-002940,ORD-005786,ORD-003280,ORD-011239,ORD-000874,ORD-008325,ORD-001326",381.24,337.7,597.6,762.8,8,8,42.61 L,,13,42.61
RTE-03821,VEH-0045,Drone,2024-09-13,"ORD-001879,ORD-004035,ORD-003893,ORD-011267",36.66,80.07,694.9,626.3,4,4,17.93,,11,17.93
RTE-03822,VEH-0628,Truck,2024-09-11,"ORD-000880,ORD-013315,ORD-004323,ORD-013476,ORD-005808,ORD-010459,ORD-003096",291.83,152.52,385.4,519.9,7,7,2.03 L,DRV-0812,3,2.03
RTE-03823,VEH-0491,Van,2024-10-12,"ORD-011218,ORD-012654,ORD-009803,ORD-000808,ORD-011420,ORD-004023,ORD-013182,ORD-001665",146.89,,34.1,243.6,8,8,9.54,DRV-0216,3,9.54
RTE-03824,VEH-0400,Bike,2024-07-18,ORD-007117,106.62,173.41,459.2,396.2,1,0,14.55 L,DRV-0843,10,14.55
RTE-03825,VEH-0264,Bike,2024-07-07,"ORD-005942,ORD-004430,ORD-014533,ORD-009788,ORD-011810,ORD-000202,ORD-014550,ORD-012445",204.31,259.41,679.2,65.4,8,8,34.08 L,DRV-0868,6,34.08
RTE-03826,VEH-0101,Drone,2025-04-01,ORD-013760,419.18,95.64,252.3,779.7,1,1,49.9 L,,6,49.9
RTE-03827,VEH-0048,Drone,2024-03-26,"ORD-010197,ORD-014324,ORD-006238,ORD-000602,ORD-008949,ORD-012351",225.13,334.71,663.9,769.0,6,6,703.0 Wh,,12,703.0
RTE-03828,VEH-0566,Van,2025-04-08,"ORD-012782,ORD-009402,ORD-003341,ORD-012057,ORD-014636,ORD-008569,ORD-011119",131.9,153.33,185.8,732.2,7,7,27.24 L,DRV-0173,10,27.24
RTE-03829,VEH-0659,Truck,2024-05-05,ORD-001076,145.77,263.06,637.6,681.3,1,1,756.0 Wh,DRV-0238,12,756.0
RTE-03830,VEH-0504,Van,2024-03-17,"ORD-010995,ORD-014589,ORD-007397,ORD-000150",315.34,8.76,532.8,619.5,4,4,3.61 L,DRV-0504,7,3.61
RTE-03831,VEH-0615,Truck,2024-06-15,ORD-000487,148.11,141.21,184.8,725.9,1,1,54.56 L,DRV-0437,7,54.56
RTE-03832,VEH-0482,Van,2024-03-30,"ORD-008622,ORD-013639,ORD-007222,ORD-006956,ORD-004008,ORD-000954,ORD-000112",104.46,246.71,27.9,798.2,7,7,4.08 L,DRV-0200,3,4.08
RTE-03833,VEH-0070,Drone,2024-11-08,"ORD-006609,ORD-011854,ORD-002108",300.58,28.47,295.4,391.4,3,3,1687.0 Wh,,9,1687.0
RTE-03834,VEH-0364,Bike,2024-01-30,"ORD-005614,ORD-006581,ORD-011515,ORD-001506,ORD-010799,ORD-006861,ORD-012639",260.25,125.27,542.9,63.2,7,7,1858.0 Wh,DRV-0440,5,1858.0
RTE-03835,VEH-0434,Van,2024-11-14,"ORD-010830,ORD-009842,ORD-003097,ORD-007692",175.45,162.42,374.9,160.1,4,4,666.0 Wh,DRV-0807,14,666.0
RTE-03836,VEH-0105,Drone,2024-10-15,"ORD-013050,ORD-004950,ORD-002029,ORD-014893,ORD-012975,ORD-013754,ORD-014379",10.37,453.07,574.6,724.1,7,7,17.31,,4,17.31
RTE-03837,VEH-0625,Truck,2025-06-22,"ORD-008358,ORD-012505,ORD-002096,ORD-012225,ORD-004437,ORD-011914,ORD-013862",98.13,365.96,398.4,36.8,7,5,23.74 L,DRV-0003,3,23.74
RTE-03838,VEH-0589,Truck,2025-03-08,"ORD-014125,ORD-002471,ORD-011278,ORD-009801,ORD-013775",256.03,235.77,572.5,276.9,5,5,41.76,DRV-0369,10,41.76
RTE-03839,VEH-0062,Drone,2024-04-28,"ORD-013556,ORD-001882",319.53,280.83,156.0,727.4,2,2,12.38,,6,12.38
RTE-03840,VEH-0012,Drone,2025-06-13,"ORD-002445,ORD-009066",157.15,195.56,55.2,317.4,2,2,841.0 Wh,,11,841.0
RTE-03841,VEH-0133,Drone,2025-04-15,ORD-011259,327.27,133.96,329.1,627.5,1,1,1949.0 Wh,,3,1949.0
RTE-03842,VEH-0465,Van,2024-03-01,"ORD-000502,ORD-000731,ORD-003069,ORD-004336,ORD-013726,ORD-012533,ORD-013127,ORD-013852",11.66,96.85,586.1,719.9,8,8,32.83 L,DRV-0016,8,32.83
RTE-03843,VEH-0698,Truck,2025-05-17,"ORD-000168,ORD-000621,ORD-004001,ORD-009624,ORD-011886",324.67,221.69,228.5,581.0,5,5,1007.0 Wh,DRV-0852,12,1007.0
RTE-03844,VEH-0287,Bike,2025-03-06,ORD-005078,385.42,59.93,180.6,57.5,1,1,387.0 Wh,DRV-0040,13,387.0
RTE-03845,VEH-0123,Drone,2025-06-19,"ORD-003365,ORD-011077,ORD-011737,ORD-006177,ORD-006359,ORD-007117",373.46,336.5,101.5,632.2,6,5,33.48,,11,33.48
RTE-03846,VEH-0409,Van,2025-04-06,"ORD-013005,ORD-014210",144.12,386.54,282.0,102.3,2,2,1814.0 Wh,DRV-0237,8,1814.0
RTE-03847,VEH-0272,Bike,2024-03-29,"ORD-005696,ORD-013122",132.97,412.78,245.2,608.3,2,2,48.12,DRV-0102,5,48.12
RTE-03848,VEH-0077,Drone,2024-01-10,"ORD-000967,ORD-002002,ORD-002855,ORD-014927,ORD-010417",233.29,182.03,663.2,460.0,5,4,4.49 L,,4,4.49
RTE-03849,VEH-0045,Drone,2024-09-13,"ORD-001934,ORD-005488,ORD-011864,ORD-010865",18.5,117.99,336.1,384.4,4,3,14.14,,8,14.14
RTE-03850,VEH-0674,Truck,2025-03-06,"ORD-006445,ORD-005388,ORD-001850,ORD-011315",32.58,381.75,246.7,99.3,4,3,30.7 L,DRV-0686,14,30.7
RTE-03851,VEH-0596,Truck,2024-01-21,"ORD-012009,ORD-008595,ORD-005290,ORD-001174,ORD-013784,ORD-001083,ORD-001260",259.5,433.72,206.8,527.9,7,6,30.41 L,DRV-0815,4,30.41
RTE-03852,VEH-0240,Bike,2024-01-18,"ORD-002853,ORD-013992,ORD-014550,ORD-010340,ORD-013088,ORD-001114",92.63,,468.1,348.4,6,6,588.0 Wh,DRV-0112,9,588.0
RTE-03853,VEH-0494,Van,2025-03-16,"ORD-009485,ORD-002217,ORD-003357,ORD-014047",274.51,298.78,259.7,216.8,4,4,1390.0 Wh,DRV-0799,11,1390.0
RTE-03854,VEH-0287,Bike,2024-11-18,ORD-009697,366.55,163.52,452.7,223.2,1,1,59.3 L,DRV-0192,14,59.3
RTE-03855,VEH-0109,Drone,2024-01-18,"ORD-010193,ORD-013291,ORD-009645,ORD-014351,ORD-005517",364.46,78.23,699.2,466.2,5,5,10.82,,6,10.82
RTE-03856,VEH-0536,Van,2025-06-01,"ORD-000809,ORD-003756,ORD-003979,ORD-008823,ORD-014920",178.73,113.27,629.6,88.9,5,5,592.0 Wh,DRV-0518,3,592.0
RTE-03857,VEH-0612,Truck,2024-06-24,"ORD-003141,ORD-008277,ORD-000430,ORD-012051",406.2,27.02,485.3,586.2,4,4,1422.0 Wh,DRV-0639,11,1422.0
RTE-03858,VEH-0017,Drone,2024-12-09,"ORD-004586,ORD-011522,ORD-003883,ORD-005424,ORD-003293,ORD-008256,ORD-014884,ORD-014456,ORD-008790",343.19,,18.0,684.8,9,9,1529.0 Wh,,6,1529.0
RTE-03859,VEH-0655,Truck,2024-10-14,"ORD-003391,ORD-011355,ORD-007648",93.38,309.26,602.1,633.6,3,3,17.31,DRV-0349,12,17.31
RTE-03860,VEH-0466,Van,2025-02-15,"ORD-000906,ORD-010829,ORD-009489,ORD-001199",131.37,17.63,593.9,296.9,4,4,26.78,DRV-0299,3,26.78
RTE-03861,VEH-0635,Truck,2024-01-03,"ORD-007612,ORD-001545,ORD-001207,ORD-001359,ORD-011889,ORD-003677,ORD-011692,ORD-007264,ORD-007510",279.58,192.23,281.9,623.2,9,9,1138.0 Wh,DRV-0284,7,1138.0
RTE-03862,VEH-0689,Truck,2024-09-21,ORD-009617,135.02,355.62,274.1,267.9,1,1,4.45 L,DRV-0787,11,4.45
RTE-03863,VEH-0556,Van,2025-01-14,"ORD-000509,ORD-004749",214.57,433.07,339.2,688.3,2,2,54.5,DRV-0687,13,54.5
RTE-03864,VEH-0499,Van,2025-06-23,"ORD-014074,ORD-012682,ORD-013993",400.4,234.74,546.3,473.5,3,3,48.94 L,DRV-0498,3,48.94
RTE-03865,VEH-0527,Van,2025-05-31,"ORD-004675,ORD-001662,ORD-011463,ORD-013825,ORD-007657,ORD-002704",235.25,49.3,488.2,654.3,6,6,9.05 L,DRV-0537,14,9.05
RTE-03866,VEH-0405,Van,2024-08-30,"ORD-001890,ORD-012445,ORD-003227,ORD-009169",148.65,404.1,181.1,268.8,4,4,42.83,DRV-0105,3,42.83
RTE-03867,VEH-0479,Van,2024-06-01,"ORD-000637,ORD-014668,ORD-010073,ORD-011236,ORD-014947,ORD-012294,ORD-003494,ORD-003769,ORD-004965",415.28,231.12,177.2,588.9,9,9,1927.0 Wh,DRV-0217,3,1927.0
RTE-03868,VEH-0115,Drone,2024-02-04,"ORD-012391,ORD-009829,ORD-014855,ORD-002528,ORD-003556",136.78,295.46,569.2,645.9,5,5,35.57 L,,0,35.57
RTE-03869,VEH-0063,Drone,2024-09-01,"ORD-002155,ORD-003962,ORD-005422,ORD-002901,ORD-012773",329.35,445.03,272.3,433.8,5,5,6.47,,10,6.47
RTE-03870,VEH-0068,Drone,2024-02-12,"ORD-007683,ORD-001109,ORD-013106,ORD-009220,ORD-012433,ORD-002785",412.88,456.76,209.2,469.5,6,6,4.97 L,,6,4.97
RTE-03871,VEH-0626,Truck,2025-02-12,"ORD-001617,ORD-008021,ORD-010134,ORD-004466,ORD-003659,ORD-011115,ORD-006555,ORD-000014,ORD-000315",363.87,320.88,287.4,437.6,9,9,3.74 L,DRV-0270,5,3.74
RTE-03872,VEH-0003,Drone,2024-06-17,ORD-008343,212.86,367.43,578.9,720.9,1,0,1862.0 Wh,,10,1862.0
RTE-03873,VEH-0116,Drone,2025-01-30,"ORD-014114,ORD-012465,ORD-014877,ORD-008265,ORD-004305,ORD-014913",45.99,341.09,113.4,241.6,6,6,16.11 L,,14,16.11
RTE-03874,VEH-0665,Truck,2024-05-16,"ORD-009984,ORD-012936,ORD-006834,ORD-006135,ORD-004606,ORD-007932,ORD-005241,ORD-005936",85.23,5.31,244.4,559.5,8,8,45.17,DRV-0638,0,45.17
RTE-03875,VEH-0493,Van,2025-02-25,"ORD-005746,ORD-014252,ORD-009381,ORD-003236,ORD-014042",157.28,84.76,509.0,644.4,5,5,14.6 L,DRV-0040,14,14.6
RTE-03876,VEH-0398,Bike,2024-07-19,"ORD-002215,ORD-009242,ORD-004464,ORD-006268",321.81,208.16,145.1,730.2,4,4,1.83,DRV-0180,12,1.83
RTE-03877,VEH-0562,Van,2025-03-06,"ORD-001789,ORD-007462,ORD-007296,ORD-005035,ORD-011435,ORD-012334,ORD-009411",81.07,383.24,25.7,502.1,7,7,539.0 Wh,DRV-0452,9,539.0
RTE-03878,VEH-0492,Van,2024-11-27,"ORD-009952,ORD-014347,ORD-010396,ORD-002058,ORD-011384,ORD-009787",391.28,414.5,105.2,631.0,6,6,1.9 L,DRV-0803,9,1.9
RTE-03879,VEH-0010,Drone,2024-07-20,"ORD-000960,ORD-006731,ORD-006918",28.59,301.19,699.4,490.0,3,3,2022.0 Wh,,13,2022.0
RTE-03880,VEH-0411,Van,2024-12-29,"ORD-001766,ORD-001636,ORD-009523,ORD-004464,ORD-008500",173.28,204.71,198.9,761.8,5,4,14.69 L,DRV-0028,5,14.69
RTE-03881,VEH-0147,Bike,2025-01-23,"ORD-013231,ORD-004423,ORD-001161,ORD-013170",208.82,169.59,495.8,333.6,4,3,36.97 L,DRV-0414,9,36.97
RTE-03882,VEH-0224,Bike,2025-03-24,"ORD-007559,ORD-005466,ORD-001816",363.6,170.77,629.2,697.2,3,2,1818.0 Wh,DRV-0252,0,1818.0
RTE-03883,VEH-0156,Bike,2024-10-12,ORD-002995,253.81,299.87,45.4,30.2,1,1,52.65 L,DRV-0766,11,52.65
RTE-03884,VEH-0658,Truck,2024-01-03,"ORD-003154,ORD-009831,ORD-001148,ORD-002083,ORD-007739",183.6,99.77,445.7,770.8,5,5,52.02,DRV-0406,4,52.02
RTE-03885,VEH-0614,Truck,2024-08-05,"ORD-010495,ORD-013791,ORD-012357,ORD-006576,ORD-011360,ORD-001767",312.05,374.56,489.3,398.8,6,6,44.76 L,DRV-0353,10,44.76
RTE-03886,VEH-0545,Van,2024-01-09,ORD-001577,340.38,,286.2,607.1,1,1,1735.0 Wh,DRV-0887,11,1735.0
RTE-03887,VEH-0106,Drone,2025-03-01,"ORD-013813,ORD-006676,ORD-004539,ORD-002624,ORD-009794,ORD-004380,ORD-009861",280.63,175.93,208.2,139.5,7,7,1932.0 Wh,,5,1932.0
RTE-03888,VEH-0248,Bike,2025-05-13,"ORD-004461,ORD-014812",367.3,180.07,296.7,566.3,2,2,58.08 L,DRV-0382,10,58.08
RTE-03889,VEH-0378,Bike,2024-06-19,"ORD-012623,ORD-010404",199.05,401.96,327.4,170.8,2,2,12.04 L,DRV-0869,8,12.04
RTE-03890,VEH-0219,Bike,2024-05-09,"ORD-014999,ORD-002661,ORD-009621,ORD-008502,ORD-002742,ORD-013572,ORD-000763",412.9,47.72,229.5,780.7,7,7,20.88 L,DRV-0422,5,20.88
RTE-03891,VEH-0030,Drone,2024-10-19,"ORD-005922,ORD-005111,ORD-014641,ORD-008527,ORD-002734,ORD-011709,ORD-000748,ORD-007640",178.27,80.66,480.2,163.1,8,8,25.51,,7,25.51
RTE-03892,VEH-0624,Truck,2024-06-09,"ORD-003792,ORD-009718,ORD-004774",57.02,215.5,405.3,344.9,3,3,7.15,DRV-0565,3,7.15
RTE-03893,VEH-0313,Bike,2024-02-24,"ORD-013161,ORD-008430,ORD-010789,ORD-009890,ORD-005049,ORD-005532",206.34,67.58,414.4,268.8,6,6,53.51 L,DRV-0682,10,53.51
RTE-03894,VEH-0026,Drone,2025-04-09,"ORD-008490,ORD-009901,ORD-006123",30.31,185.51,637.2,447.7,3,3,6.3,,13,6.3
RTE-03895,VEH-0568,Van,2025-01-02,"ORD-008622,ORD-008502,ORD-010770,ORD-003042",266.14,71.57,618.7,498.1,4,4,51.18 L,DRV-0358,11,51.18
RTE-03896,VEH-0161,Bike,2024-08-11,ORD-003730,51.29,293.18,233.6,438.1,1,0,966.0 Wh,DRV-0357,11,966.0
RTE-03897,VEH-0140,Drone,2024-07-02,"ORD-012675,ORD-005677,ORD-001671,ORD-006105,ORD-010707,ORD-001503,ORD-008934,ORD-008550",57.79,359.22,663.2,275.8,8,8,38.01 L,,11,38.01
RTE-03898,VEH-0186,Bike,2024-10-02,"ORD-006708,ORD-001437,ORD-006006",392.04,285.81,60.6,582.0,3,3,47.22,DRV-0168,10,47.22
RTE-03899,VEH-0029,Drone,2024-12-26,"ORD-002477,ORD-011666",169.72,155.93,285.3,48.1,2,2,44.83 L,,6,44.83
RTE-03900,VEH-0093,Drone,2024-08-13,ORD-012466,379.06,46.0,550.0,740.9,1,1,1529.0 Wh,,9,1529.0
RTE-03901,VEH-0012,Drone,2024-06-09,"ORD-006179,ORD-010706,ORD-002546,ORD-013710,ORD-002824,ORD-004418,ORD-006700,ORD-012690",176.36,450.02,32.2,226.4,8,8,49.26 L,,3,49.26
RTE-03902,VEH-0084,Drone,2025-04-25,"ORD-003406,ORD-000759,ORD-006275,ORD-013351,ORD-009479,ORD-006061,ORD-005022",267.82,158.97,103.9,335.2,7,7,2.6,,8,2.6
RTE-03903,VEH-0486,Van,2024-07-10,"ORD-004753,ORD-012344,ORD-009425,ORD-008078,ORD-010188",4.73,324.63,412.9,632.1,5,5,52.99,DRV-0727,6,52.99
RTE-03904,VEH-0342,Bike,2024-01-22,"ORD-014594,ORD-011893,ORD-000708,ORD-007751,ORD-007611,ORD-006755",72.23,235.73,450.1,97.8,6,6,58.74,DRV-0870,5,58.74
RTE-03905,VEH-0255,Bike,2024-03-07,"ORD-011890,ORD-005151",324.88,393.86,342.9,341.3,2,2,408.0 Wh,DRV-0481,3,408.0
RTE-03906,VEH-0671,Truck,2025-05-01,"ORD-003046,ORD-004741,ORD-012970,ORD-005459,ORD-014283,ORD-005916,ORD-010855,ORD-014958,ORD-005128",21.14,421.04,119.7,129.2,9,9,15.26,DRV-0406,4,15.26
RTE-03907,VEH-0513,Van,2024-07-29,"ORD-008644,ORD-005431,ORD-000536,ORD-002478,ORD-011221,ORD-007145,ORD-005428,ORD-005063",212.95,223.37,635.6,463.5,8,8,8.08,DRV-0673,3,8.08
RTE-03908,VEH-0024,Drone,2024-08-10,"ORD-006425,ORD-000745",32.17,,329.9,446.4,2,2,1900.0 Wh,,8,1900.0
RTE-03909,VEH-0351,Bike,2024-05-20,"ORD-014932,ORD-004602",331.18,263.86,500.2,671.9,2,2,46.23 L,DRV-0500,11,46.23
RTE-03910,VEH-0446,Van,2024-11-15,"ORD-011175,ORD-000833,ORD-008711,ORD-012830,ORD-007700,ORD-013873,ORD-001405,ORD-004345,ORD-008531",326.93,270.25,265.8,586.1,9,9,56.52,DRV-0749,10,56.52
RTE-03911,VEH-0498,Van,2024-10-19,"ORD-013794,ORD-001291,ORD-010793,ORD-007372,ORD-005212,ORD-004748,ORD-000489,ORD-008034",267.18,389.94,523.2,725.0,8,8,3.7,DRV-0159,14,3.7
RTE-03912,VEH-0303,Bike,2024-05-15,"ORD-012972,ORD-013501,ORD-000374,ORD-014039,ORD-007342,ORD-008770,ORD-004869,ORD-002391",269.78,221.68,173.5,621.5,8,8,16.35 L,DRV-0717,8,16.35
RTE-03913,VEH-0247,Bike,2024-03-04,"ORD-000417,ORD-010154,ORD-006376,ORD-014746,ORD-005996,ORD-003389,ORD-008980",52.35,252.75,168.2,465.6,7,6,11.65,DRV-0596,8,11.65
RTE-03914,VEH-0305,Bike,2024-07-21,"ORD-012609,ORD-010419,ORD-011327,ORD-009644,ORD-010496,ORD-010971,ORD-000129,ORD-012163",315.72,198.47,322.1,157.8,8,7,46.49 L,DRV-0170,8,46.49
RTE-03915,VEH-0115,Drone,2025-01-04,"ORD-005665,ORD-009315,ORD-012772,ORD-000488,ORD-010968,ORD-009749,ORD-011333",24.56,241.43,88.5,445.4,7,7,21.52,,7,21.52
RTE-03916,VEH-0623,Truck,2024-04-15,"ORD-002616,ORD-009937,ORD-001077,ORD-002951,ORD-014975,ORD-013854",40.3,3.17,350.4,543.7,6,6,56.58,DRV-0581,3,56.58
RTE-03917,VEH-0242,Bike,2024-05-16,"ORD-002661,ORD-000938,ORD-008280,ORD-013454,ORD-002370,ORD-011494,ORD-000493,ORD-012816,ORD-010414",9.11,99.58,592.0,535.3,9,9,494.0 Wh,DRV-0105,12,494.0
RTE-03918,VEH-0618,Truck,2024-01-17,"ORD-012146,ORD-006401,ORD-005560,ORD-004801,ORD-012696,ORD-002369,ORD-001524,ORD-000968,ORD-004934",153.89,456.01,16.4,398.9,9,9,21.56,DRV-0432,12,21.56
RTE-03919,VEH-0504,Van,2025-01-22,ORD-011391,145.16,,100.3,166.2,1,1,32.12,DRV-0780,12,32.12
RTE-03920,VEH-0069,Drone,2024-06-25,ORD-009641,182.1,268.37,137.6,60.5,1,1,369.0 Wh,,12,369.0
RTE-03921,VEH-0279,Bike,2024-01-10,"ORD-001077,ORD-012203,ORD-002587,ORD-013579,ORD-011787",359.7,89.43,129.4,334.8,5,5,59.25 L,DRV-0513,11,59.25
RTE-03922,VEH-0137,Drone,2024-10-07,"ORD-010118,ORD-010285,ORD-014180,ORD-011752,ORD-013381",375.97,296.51,74.8,137.7,5,5,8.62,,9,8.62
RTE-03923,VEH-0330,Bike,2024-08-20,ORD-014686,367.12,,44.1,334.2,1,1,2.44 L,DRV-0514,4,2.44
RTE-03924,VEH-0010,Drone,2024-12-23,"ORD-000825,ORD-013260,ORD-003777,ORD-011153,ORD-007972,ORD-008043,ORD-005389",182.33,161.58,522.9,35.4,7,7,1990.0 Wh,,10,1990.0
RTE-03925,VEH-0447,Van,2024-10-07,"ORD-011105,ORD-004354,ORD-009484,ORD-007128",284.48,312.16,363.8,608.9,4,4,55.75 L,DRV-0331,5,55.75
RTE-03926,VEH-0112,Drone,2024-05-31,ORD-014256,70.84,223.26,674.5,406.3,1,1,1168.0 Wh,,6,1168.0
RTE-03927,VEH-0344,Bike,2025-04-09,"ORD-013603,ORD-012733,ORD-007253,ORD-001853,ORD-005155,ORD-002117,ORD-007116,ORD-000717,ORD-013020",111.77,262.91,542.9,639.7,9,8,14.76,DRV-0160,10,14.76
RTE-03928,VEH-0633,Truck,2024-01-28,"ORD-003517,ORD-009655,ORD-006535,ORD-004781,ORD-011757",230.41,155.35,33.0,185.3,5,3,41.38,DRV-0860,11,41.38
RTE-03929,VEH-0327,Bike,2025-04-26,"ORD-000715,ORD-003477,ORD-008303",337.04,24.53,142.0,429.6,3,3,1171.0 Wh,DRV-0301,6,1171.0
RTE-03930,VEH-0391,Bike,2025-05-25,"ORD-001399,ORD-008206,ORD-005979,ORD-012048,ORD-005053,ORD-013859,ORD-014046,ORD-007142",252.26,167.58,469.1,289.1,8,7,54.97 L,DRV-0377,7,54.97
RTE-03931,VEH-0101,Drone,2024-12-20,"ORD-012553,ORD-000760,ORD-014541,ORD-004634,ORD-013681,ORD-008569,ORD-004979,ORD-002606",148.53,332.88,342.7,58.5,8,8,24.04 L,,13,24.04
RTE-03932,VEH-0528,Van,2024-05-01,ORD-004267,302.33,91.51,301.8,794.6,1,1,472.0 Wh,DRV-0839,3,472.0
RTE-03933,VEH-0433,Van,2024-05-06,"ORD-008652,ORD-006038,ORD-013128",44.28,236.46,381.7,514.0,3,2,36.56,DRV-0071,8,36.56
RTE-03934,VEH-0323,Bike,2024-03-11,ORD-011721,77.1,208.11,597.1,581.8,1,0,39.72 L,DRV-0576,11,39.72
RTE-03935,VEH-0002,Drone,2024-08-09,"ORD-014731,ORD-014565,ORD-012997,ORD-002445,ORD-014681,ORD-007148,ORD-009397",389.49,399.9,646.1,31.8,7,7,1.16,,10,1.16
RTE-03936,VEH-0262,Bike,2025-02-17,"ORD-009814,ORD-008319,ORD-011816",386.05,19.21,255.0,50.0,3,3,10.01,DRV-0201,11,10.01
RTE-03937,VEH-0532,Van,2025-04-04,"ORD-010473,ORD-007610,ORD-010092,ORD-009911",113.43,378.34,110.0,28.2,4,4,46.39 L,DRV-0048,4,46.39
RTE-03938,VEH-0534,Van,2024-09-16,ORD-008777,80.34,97.71,437.8,381.2,1,1,17.74 L,DRV-0295,7,17.74
RTE-03939,VEH-0573,Van,2024-04-27,"ORD-005207,ORD-009586",277.32,,147.0,434.8,2,1,497.0 Wh,DRV-0561,5,497.0
RTE-03940,VEH-0090,Drone,2025-06-07,"ORD-004615,ORD-005728,ORD-007140,ORD-012044,ORD-005542",307.67,141.42,179.5,398.6,5,5,46.99,,5,46.99
RTE-03941,VEH-0140,Drone,2024-06-01,"ORD-001907,ORD-004615,ORD-007610,ORD-001526,ORD-001936,ORD-007353,ORD-007312",189.38,241.74,120.4,305.6,7,7,51.52 L,,14,51.52
RTE-03942,VEH-0588,Truck,2024-06-14,"ORD-009524,ORD-002447,ORD-006830",141.02,214.53,34.9,650.5,3,3,45.83 L,DRV-0241,6,45.83
RTE-03943,VEH-0438,Van,2024-10-22,"ORD-013386,ORD-002386,ORD-000569,ORD-004821,ORD-006921,ORD-010450,ORD-010778",241.03,51.15,182.1,261.3,7,7,745.0 Wh,DRV-0003,4,745.0
RTE-03944,VEH-0420,Van,2025-06-25,"ORD-014632,ORD-012132,ORD-013561",50.58,,449.4,79.5,3,3,1000.0 Wh,DRV-0327,10,1000.0
RTE-03945,VEH-0259,Bike,2024-07-03,"ORD-001032,ORD-002435,ORD-001671,ORD-002599,ORD-012452,ORD-002547,ORD-001145,ORD-004010",295.32,331.71,259.7,41.0,8,8,1964.0 Wh,DRV-0002,0,1964.0
RTE-03946,VEH-0213,Bike,2024-02-08,"ORD-003692,ORD-002640,ORD-004035,ORD-006795",144.31,340.66,387.3,231.0,4,4,35.49 L,DRV-0616,7,35.49
RTE-03947,VEH-0090,Drone,2024-05-29,"ORD-010861,ORD-003786,ORD-006993,ORD-011855,ORD-011595,ORD-011317,ORD-012468,ORD-000925,ORD-004973",318.57,212.02,658.2,226.5,9,9,864.0 Wh,,6,864.0
RTE-03948,VEH-0543,Van,2024-05-07,"ORD-001706,ORD-010732,ORD-011079,ORD-004351,ORD-007020",415.72,310.35,558.2,18.0,5,5,52.57 L,DRV-0475,9,52.57
RTE-03949,VEH-0621,Truck,2025-04-05,ORD-001456,95.51,91.86,652.0,775.5,1,1,15.22 L,DRV-0597,5,15.22
RTE-03950,VEH-0471,Van,2025-01-30,"ORD-004960,ORD-005541,ORD-005059,ORD-009944,ORD-006896,ORD-008208,ORD-009168",281.22,,649.5,17.8,7,7,1800.0 Wh,DRV-0334,12,1800.0
RTE-03951,VEH-0121,Drone,2024-09-02,"ORD-008901,ORD-009852,ORD-002401,ORD-000656,ORD-006647,ORD-011564,ORD-000090,ORD-010906,ORD-003243",131.87,,485.9,719.5,9,9,6.97 L,,11,6.97
RTE-03952,VEH-0247,Bike,2025-05-28,"ORD-009881,ORD-012917,ORD-002176,ORD-008441,ORD-012650,ORD-011713,ORD-006265,ORD-001190",238.99,334.54,67.8,233.1,8,7,1909.0 Wh,DRV-0464,8,1909.0
RTE-03953,VEH-0166,Bike,2024-07-19,ORD-003075,410.53,305.08,330.6,647.6,1,1,3.13 L,DRV-0526,6,3.13
RTE-03954,VEH-0694,Truck,2024-03-29,"ORD-009798,ORD-009711",321.61,32.04,170.1,620.1,2,2,745.0 Wh,DRV-0818,10,745.0
RTE-03955,VEH-0485,Van,2024-01-20,"ORD-009154,ORD-010339,ORD-001232,ORD-004179",178.2,418.99,337.7,295.3,4,4,604.0 Wh,DRV-0108,11,604.0
RTE-03956,VEH-0523,Van,2024-12-05,"ORD-011722,ORD-012851,ORD-003068,ORD-003756,ORD-008078,ORD-008499,ORD-011458",59.18,193.01,15.4,101.1,7,7,229.0 Wh,DRV-0868,12,229.0
RTE-03957,VEH-0654,Truck,2025-06-01,"ORD-013352,ORD-001679,ORD-010399,ORD-001102,ORD-001948,ORD-009889",186.14,191.06,319.1,737.9,6,5,38.18 L,DRV-0129,12,38.18
RTE-03958,VEH-0237,Bike,2024-04-09,"ORD-009571,ORD-014796,ORD-003115,ORD-004208,ORD-002008,ORD-013174",215.43,105.88,237.4,89.2,6,6,18.57,DRV-0341,7,18.57
RTE-03959,VEH-0168,Bike,2025-03-19,"ORD-014600,ORD-000386,ORD-000954,ORD-004832,ORD-001236,ORD-012044,ORD-002209",259.81,46.23,223.6,342.6,7,7,1851.0 Wh,DRV-0104,9,1851.0
RTE-03960,VEH-0132,Drone,2024-10-27,"ORD-005211,ORD-004561,ORD-013528",328.31,69.28,549.9,761.6,3,1,2162.0 Wh,,6,2162.0
RTE-03961,VEH-0425,Van,2025-04-13,"ORD-003667,ORD-007620,ORD-014482,ORD-006572,ORD-004899,ORD-007087,ORD-004258",224.55,10.44,435.0,717.5,7,7,56.85 L,DRV-0865,9,56.85
RTE-03962,VEH-0168,Bike,2024-03-05,"ORD-006890,ORD-005195,ORD-012775,ORD-013580",319.1,338.44,251.0,226.3,4,4,29.37 L,DRV-0138,8,29.37
RTE-03963,VEH-0053,Drone,2024-01-22,"ORD-000787,ORD-011254,ORD-012258,ORD-014625,ORD-004449,ORD-002927",252.56,104.59,549.5,177.5,6,6,46.21,,3,46.21
RTE-03964,VEH-0503,Van,2024-01-29,"ORD-014283,ORD-011895,ORD-006190,ORD-000224,ORD-010175,ORD-012167",288.2,246.2,417.6,29.5,6,6,5.11 L,DRV-0094,8,5.11
RTE-03965,VEH-0220,Bike,2025-02-25,"ORD-003969,ORD-004365,ORD-010358,ORD-013760,ORD-006987,ORD-005975,ORD-009630,ORD-001247,ORD-005688",118.26,415.1,160.8,223.5,9,9,445.0 Wh,DRV-0803,0,445.0
RTE-03966,VEH-0608,Truck,2025-04-15,"ORD-002673,ORD-003193,ORD-007820,ORD-007559,ORD-011107,ORD-004194,ORD-003893,ORD-001445",163.72,305.01,281.3,346.7,8,8,556.0 Wh,DRV-0427,3,556.0
RTE-03967,VEH-0043,Drone,2025-04-29,"ORD-013729,ORD-014657,ORD-006565,ORD-007413,ORD-003225,ORD-012281,ORD-002051",282.74,458.2,560.4,33.4,7,7,42.17,,7,42.17
RTE-03968,VEH-0423,Van,2024-02-11,"ORD-010467,ORD-011583,ORD-007370,ORD-008845,ORD-001430,ORD-000823,ORD-006012,ORD-009772,ORD-014329",16.85,221.62,521.4,200.1,9,9,24.07,DRV-0767,6,24.07
RTE-03969,VEH-0692,Truck,2024-08-24,"ORD-010333,ORD-007966,ORD-014449,ORD-000953,ORD-013629",100.58,222.75,380.8,739.5,5,5,6.99,DRV-0806,13,6.99
RTE-03970,VEH-0100,Drone,2024-05-23,"ORD-007484,ORD-008984,ORD-003025",238.45,428.18,639.0,92.8,3,3,1433.0 Wh,,10,1433.0
RTE-03971,VEH-0637,Truck,2024-01-22,"ORD-012993,ORD-007261",40.35,41.55,297.5,586.6,2,2,7.46 L,DRV-0780,6,7.46
RTE-03972,VEH-0600,Truck,2024-01-21,"ORD-011949,ORD-014355,ORD-013619,ORD-014382,ORD-010580,ORD-011267,ORD-000114",110.49,10.06,422.7,526.4,7,7,618.0 Wh,DRV-0126,8,618.0
RTE-03973,VEH-0589,Truck,2025-07-01,"ORD-011803,ORD-002255,ORD-000544,ORD-014981,ORD-003997",116.1,398.24,665.7,723.9,5,5,2174.0 Wh,DRV-0096,4,2174.0
RTE-03974,VEH-0299,Bike,2025-03-27,"ORD-010060,ORD-007536,ORD-007001,ORD-002615,ORD-006397,ORD-001475,ORD-010958",304.83,387.43,239.8,484.1,7,7,35.5 L,DRV-0884,12,35.5
RTE-03975,VEH-0397,Bike,2025-05-31,"ORD-008566,ORD-002557,ORD-014945,ORD-005510,ORD-011954,ORD-007371,ORD-012212",395.37,,404.7,63.8,7,7,14.66 L,DRV-0467,0,14.66
RTE-03976,VEH-0236,Bike,2025-03-21,ORD-013628,37.27,297.51,503.0,332.5,1,1,41.37 L,DRV-0395,3,41.37
RTE-03977,VEH-0285,Bike,2025-05-14,"ORD-012459,ORD-009732,ORD-004150,ORD-009966",242.61,4.69,366.4,278.7,4,4,15.91 L,DRV-0890,11,15.91
RTE-03978,VEH-0414,Van,2024-01-10,"ORD-001019,ORD-002909,ORD-013319,ORD-006247,ORD-005573,ORD-010022,ORD-004631,ORD-000273",37.63,345.85,183.5,156.9,8,8,44.69,DRV-0515,11,44.69
RTE-03979,VEH-0604,Truck,2025-05-14,ORD-007984,286.79,106.46,374.5,42.3,1,1,1507.0 Wh,DRV-0682,6,1507.0
RTE-03980,VEH-0283,Bike,2024-07-10,"ORD-000363,ORD-012004,ORD-013482,ORD-001742,ORD-013130,ORD-009253,ORD-003986,ORD-009685",180.42,252.18,324.3,754.4,8,8,6.1,DRV-0446,4,6.1
RTE-03981,VEH-0671,Truck,2024-10-26,"ORD-013256,ORD-004881",43.31,226.71,56.3,698.9,2,2,58.88,DRV-0104,6,58.88
RTE-03982,VEH-0372,Bike,2024-07-05,"ORD-006878,ORD-010961,ORD-006551,ORD-001733,ORD-001949,ORD-006868,ORD-001155,ORD-010228",345.87,236.74,477.6,398.3,8,8,13.97 L,DRV-0406,14,13.97
RTE-03983,VEH-0532,Van,2024-12-03,"ORD-009737,ORD-008159",378.39,103.88,508.8,29.2,2,2,11.07 L,DRV-0505,14,11.07
RTE-03984,VEH-0265,Bike,2024-03-21,"ORD-002169,ORD-013637,ORD-003714,ORD-014798,ORD-009767,ORD-010082,ORD-004269,ORD-001441,ORD-001850",271.69,338.68,348.4,720.2,9,9,2050.0 Wh,DRV-0576,14,2050.0
RTE-03985,VEH-0507,Van,2024-07-21,"ORD-014219,ORD-003977,ORD-000447",79.81,297.42,317.1,554.5,3,3,700.0 Wh,DRV-0481,11,700.0
RTE-03986,VEH-0284,Bike,2025-02-11,"ORD-010543,ORD-006622,ORD-009340,ORD-002544,ORD-010447,ORD-014303",32.86,269.21,407.5,77.3,6,6,883.0 Wh,DRV-0420,10,883.0
RTE-03987,VEH-0694,Truck,2025-06-30,"ORD-013054,ORD-002880,ORD-002311,ORD-003232,ORD-012780,ORD-006262,ORD-001620,ORD-000432",42.44,76.29,87.7,791.1,8,8,1426.0 Wh,DRV-0689,4,1426.0
RTE-03988,VEH-0166,Bike,2024-06-16,"ORD-002655,ORD-011517,ORD-001584,ORD-001714,ORD-000882,ORD-002832,ORD-014714,ORD-008517,ORD-008271",128.9,285.7,189.3,112.7,9,8,1268.0 Wh,DRV-0301,12,1268.0
RTE-03989,VEH-0118,Drone,2024-03-12,"ORD-005664,ORD-000471,ORD-004580,ORD-013823,ORD-011720,ORD-002105,ORD-008391,ORD-006248,ORD-012940",361.26,92.49,611.4,20.1,9,8,21.39 L,,0,21.39
RTE-03990,VEH-0577,Van,2025-06-08,ORD-004528,283.75,112.5,257.3,728.1,1,1,223.0 Wh,DRV-0033,14,223.0
RTE-03991,VEH-0242,Bike,2024-07-20,"ORD-002687,ORD-001121,ORD-012691,ORD-006545,ORD-002831,ORD-003323",417.85,23.19,594.5,648.8,6,6,350.0 Wh,DRV-0826,7,350.0
RTE-03992,VEH-0652,Truck,2025-02-09,ORD-007262,385.87,297.15,36.5,357.2,1,1,266.0 Wh,DRV-0361,10,266.0
RTE-03993,VEH-0021,Drone,2025-06-16,"ORD-004911,ORD-006697,ORD-000670,ORD-011311,ORD-007256,ORD-010666,ORD-000616",169.74,92.62,431.4,673.4,7,7,1710.0 Wh,,3,1710.0
RTE-03994,VEH-0132,Drone,2024-05-19,"ORD-002417,ORD-012899,ORD-010998,ORD-012822,ORD-003695,ORD-013702",189.4,299.02,656.6,786.4,6,6,987.0 Wh,,8,987.0
RTE-03995,VEH-0593,Truck,2024-09-23,"ORD-009349,ORD-007171,ORD-002212,ORD-001685,ORD-003952,ORD-014798,ORD-002956,ORD-006873,ORD-013215",121.72,399.3,564.6,273.2,9,9,18.88 L,DRV-0125,12,18.88
RTE-03996,VEH-0135,Drone,2025-01-15,ORD-003036,116.43,93.12,77.3,469.0,1,1,1621.0 Wh,,6,1621.0
RTE-03997,VEH-0343,Bike,2025-06-26,"ORD-007017,ORD-008516",24.23,332.85,674.7,319.9,2,2,33.03 L,DRV-0204,13,33.03
RTE-03998,VEH-0503,Van,2025-06-11,"ORD-002317,ORD-002383,ORD-009467,ORD-012980,ORD-014708,ORD-004891,ORD-003595,ORD-000006",170.66,327.7,69.8,759.9,8,8,53.57 L,DRV-0726,14,53.57
RTE-03999,VEH-0653,Truck,2025-06-23,"ORD-007136,ORD-011231,ORD-013241,ORD-008765,ORD-004596,ORD-000842,ORD-001534,ORD-002258",171.39,453.64,177.2,729.8,8,8,42.28 L,DRV-0390,12,42.28
RTE-04000,VEH-0339,Bike,2024-09-18,"ORD-014162,ORD-001955,ORD-005938,ORD-008505",157.44,160.89,164.3,101.5,4,4,15.81 L,DRV-0305,4,15.81
