date,city,humidity_pct,precipitation_mm,wind_speed_kmph,visibility_km,condition,storm_alert,temp_c
2024-01-01,Chennai,58,1.6,26.6,8.6,Cloudy,0,18.5
2024-01-02,Chennai,77,1.7,14.2,9.3,Clear,0,30.944444444444443
2024-03-01,Chennai,39,0.8,28.3,4.2,Clear,0,25.8
2024-01-04,Chennai,61,2.0,30.2,4.0,Clear,0,25.055555555555554
2024-01-05,Chennai,96,1.8,23.0,9.4,Sunny,0,24.2
2024-01-06,Chennai,36,0.1,12.0,8.7,Clear,0,26.888888888888893
2024-07-01,Chennai,86,1.8,24.9,4.1,Cloudy,0,22.9
2024-08-01,Chennai,50,38.4,2.7,8.8,Heavy Rain,0,22.9
2024-01-09,Chennai,75,30.2,35.1,9.9,Thunderstorm,1,27.1
2024-10-01,Chennai,86,1.1,39.7,10.8,Clear,0,27.0
2024-01-11,Chennai,56,1.8,2.0,11.6,Clear,0,23.4
2024-01-12,Chennai,74,1.9,2.3,1.9,Fog,0,29.5
2024-01-13,Chennai,96,1.2,20.0,9.0,Clear,0,31.5
2024-01-14,Chennai,96,1.0,29.2,10.2,Clear,0,24.5
2024-01-15,Chennai,52,1.1,18.8,8.3,Cloudy,0,24.4
2024-01-16,Chennai,61,0.4,21.2,9.2,Clear,0,23.1
2024-01-17,Chennai,35,1.8,33.7,5.9,Sunny,0,26.6
2024-01-18,Chennai,44,1.5,18.4,9.6,Clear,0,26.7
2024-01-19,Chennai,,0.6,19.8,7.9,Clear,0,22.5
2024-01-20,Chennai,70,0.7,35.1,11.6,Cloudy,0,23.4
2024-01-21,Chennai,62,0.1,44.8,6.6,Clear,0,28.3
2024-01-22,Chennai,70,0.4,17.4,7.2,Cloudy,0,28.8
2024-01-23,Chennai,28,1.2,31.1,5.7,Clear,0,28.5
2024-01-24,Chennai,54,1.4,25.7,6.6,Cloudy,0,30.0
2024-01-25,Chennai,81,64.4,33.1,10.5,Heavy Rain,1,29.9
2024-01-26,Chennai,89,0.8,36.7,5.6,Cloudy,0,25.1
2024-01-27,Chennai,74,1.4,43.9,9.4,Clear,0,27.77777777777778
2024-01-28,Chennai,41,0.9,8.7,2.0,Fog,0,25.5
2024-01-29,Chennai,75,68.9,42.2,5.1,Rain,1,34.0
2024-01-30,Chennai,89,0.4,42.0,6.9,Clear,0,25.8
2024-01-31,Chennai,85,68.0,7.0,6.6,Rain,0,28.2
2024-01-02,Chennai,94,1.0,19.9,6.6,Cloudy,0,22.22222222222222
2024-02-02,Chennai,64,1.7,37.2,8.7,Cloudy,0,26.333333333333336
2024-02-03,Chennai,79,1.8,26.0,6.7,Clear,0,27.0
2024-04-02,Chennai,30,111.4,38.3,10.1,Rain,0,33.4
2024-02-05,Chennai,67,0.2,36.9,0.8,Fog,0,28.9
2024-06-02,Chennai,46,1.0,30.8,7.2,Cloudy,0,27.1
2024-02-07,Chennai,64,104.8,12.7,8.6,Heavy Rain,1,29.9
2024-02-08,Chennai,36,0.1,44.1,11.3,Cloudy,0,33.4
2024-02-09,Chennai,,0.7,32.6,11.5,Sunny,0,27.0
2024-02-10,Chennai,,2.0,29.5,6.9,Cloudy,0,
2024-12-02,Chennai,82,1.5,12.2,11.5,Clear,0,25.4
2024-02-13,Chennai,42,1.8,31.5,11.8,Clear,0,26.2
2024-02-14,Chennai,53,105.2,40.3,10.3,Heavy Rain,0,28.0
2024-02-15,Chennai,44,0.3,34.6,11.0,Cloudy,0,31.6
2024-02-16,Chennai,69,1.5,25.3,4.7,Sunny,0,28.3
2024-02-17,Chennai,71,68.9,6.8,9.1,Rain,0,31.3
2024-02-18,Chennai,49,113.7,17.2,9.9,Heavy Rain,1,30.2
2024-02-19,Chennai,35,82.7,23.5,5.6,Heavy Rain,1,32.8
2024-02-20,Chennai,54,0.4,44.2,2.7,Fog,0,36.3
2024-02-21,Chennai,40,1.4,35.5,7.2,Cloudy,0,30.8
2024-02-22,Chennai,30,1.6,2.3,11.8,Sunny,0,25.6
2024-02-23,Chennai,97,0.3,41.5,4.9,Clear,0,35.6
2024-02-24,Chennai,60,49.7,11.2,4.9,Rain,0,26.1
2024-02-25,Chennai,37,111.2,24.5,4.8,Rain,0,27.9
2024-02-26,Chennai,56,0.5,33.4,6.4,Cloudy,0,30.6
2024-02-27,Chennai,58,33.7,4.0,11.1,Heavy Rain,0,29.1
2024-02-28,Chennai,49,1.3,39.5,8.3,Clear,0,29.8
2024-02-29,Chennai,56,1.7,32.8,8.2,Cloudy,0,31.4
2024-01-03,Chennai,74,91.4,36.4,4.8,Rain,0,35.5
2024-02-03,Chennai,94,2.0,17.4,1.3,Fog,0,27.6
2024-03-03,Chennai,38,0.9,29.9,6.6,Clear,0,32.7
2024-03-04,Chennai,88,0.5,5.1,6.6,Clear,0,29.5
2024-03-05,Chennai,42,0.1,23.4,0.9,Fog,0,28.4
2024-03-06,Chennai,68,61.9,43.5,7.6,Heavy Rain,0,31.0
2024-07-03,Chennai,  ,1.1,5.6,2.3,Fog,0,34.9
2024-08-03,Chennai,57,0.5,34.7,9.2,Sunny,0,33.4
2024-03-09,Chennai,77,0.5,6.4,8.6,Cloudy,0,32.5
2024-10-03,Chennai,79,1.1,3.3,6.6,Clear,0,29.9
2024-03-11,Chennai,46,1.7,36.4,10.7,Clear,0,
2024-12-03,Chennai,87,9.8,7.2,7.0,Rain,0,30.3
2024-03-13,Chennai,94,108.4,23.0,9.7,Heavy Rain,0,31.2
2024-03-14,Chennai,91,67.7,37.1,11.0,Rain,0,28.2
2024-03-15,Chennai,94,0.3,39.9,6.8,Clear,0,34.2
2024-03-16,Chennai,36,70.6,42.5,10.0,Rain,0,30.2
2024-03-17,Chennai,32,0.3,44.7,8.2,Clear,0,27.8
2024-03-18,Chennai,50,0.1,22.5,1.6,Fog,0,29.2
2024-03-19,Chennai,90,53.5,41.8,7.6,Rain,1,35.9
2024-03-20,Chennai,64,0.1,33.4,7.0,Clear,0,34.4
2024-03-21,Chennai,42,0.3,21.8,11.4,Cloudy,0,26.9
2024-03-22,Chennai,92,1.6,35.5,9.8,Clear,0,30.9
2024-03-23,Chennai,81,1.6,7.0,8.9,Cloudy,0,32.1
2024-03-24,Chennai,36,0.8,19.6,9.1,Sunny,0,30.2
2024-03-25,Chennai,93,43.9,45.0,9.3,Thunderstorm,1,37.1
2024-03-26,Chennai,34,0.1,15.7,0.6,Fog,0,37.2
2024-03-27,Chennai,60,0.8,38.3,6.1,Cloudy,0,32.5
2024-03-28,Chennai,44,0.7,13.4,6.0,Clear,0,32.8
2024-03-29,Chennai,52,53.5,32.5,10.0,Thunderstorm,0,29.4
2024-03-30,Chennai,58,96.7,11.0,9.1,Thunderstorm,1,31.9
2024-03-31,Chennai,94,0.3,23.8,8.0,Cloudy,0,85.2
2024-01-04,Chennai,70,0.8,29.1,7.4,Clear,0,
2024-02-04,Chennai,90,1.4,33.4,7.3,Cloudy,0,96.1
2024-04-03,Chennai,47,1.1,38.4,9.1,Sunny,0,30.5
2024-04-04,Chennai,54,0.8,37.5,11.0,Sunny,0,28.3
2024-04-05,Chennai,45,1.0,10.3,9.4,Cloudy,0,33.6
2024-06-04,Chennai,63,0.0,20.1,8.3,Sunny,0,36.4
2024-07-04,Chennai,,1.9,22.8,4.5,Clear,0,25.6
2024-08-04,Chennai,82,0.2,13.3,10.7,Sunny,0,33.1
2024-09-04,Chennai,35,0.7,12.3,7.9,Sunny,0,30.4
2024-10-04,Chennai,66,88.0,35.5,5.9,Thunderstorm,0,28.5
2024-04-11,Chennai,58,0.7,24.5,11.9,Clear,0,28.5
2024-12-04,Chennai,94,99.4,38.9,9.3,Rain,0,28.2
2024-04-13,Chennai,unknown,1.7,33.6,9.0,Cloudy,0,30.3
2024-04-14,Chennai,61,1.1,40.6,5.8,Clear,0,34.1
2024-04-15,Chennai,60,0.5,23.4,8.7,Clear,0,34.72222222222222
2024-04-16,Chennai,87,1.0,15.9,11.0,Clear,0,28.6
2024-04-17,Chennai,96,1.9,6.4,2.4,Fog,0,36.3
2024-04-18,Chennai,46,90.9,3.4,11.0,Thunderstorm,1,36.6
2024-04-19,Chennai,43,0.9,12.8,2.5,Fog,0,32.1
2024-04-20,Chennai,72,44.7,17.7,4.4,Thunderstorm,0,30.3
2024-04-21,Chennai,90,1.6,19.8,10.5,Cloudy,0,31.2
2024-04-22,Chennai,91,40.4,26.1,10.5,Rain,0,31.6
2024-04-23,Chennai,unknown,1.9,37.0,11.2,Cloudy,0,28.6
2024-04-24,Chennai,49,0.4,14.7,8.4,Clear,0,30.5
2024-04-25,Chennai,76,1.1,10.8,6.0,Cloudy,0,34.4
2024-04-26,Chennai,90,1.6,20.9,9.5,Clear,0,35.5
2024-04-27,Chennai,56,0.9,43.6,10.9,Clear,0,35.1
2024-04-28,Chennai,47,0.9,22.6,3.0,Fog,0,30.7
2024-04-29,Chennai,94,1.2,26.3,9.8,Clear,0,27.7
2024-04-30,Chennai,36,0.5,20.9,10.7,Sunny,0,29.5
2024-05-01,Chennai,84,1.8,40.7,1.3,Fog,0,35.0
2024-05-02,Chennai,56,0.1,37.4,7.4,Clear,0,25.8
2024-03-05,Chennai,81,0.7,34.9,11.5,Clear,0,32.0
2024-05-05,Chennai,60,0.8,36.8,6.3,Cloudy,0,82.3
2024-06-05,Chennai,49,0.7,31.0,5.7,Cloudy,0,31.2
2024-07-05,Chennai,54,1.8,9.6,5.4,Sunny,0,34.8
2024-05-08,Chennai,71,0.9,38.0,7.8,Clear,0,38.5
2024-09-05,Chennai,97,45.1,36.7,4.1,Heavy Rain,0,26.8
2024-05-10,Chennai,43,1.8,12.4,10.9,Clear,0,29.7
2024-11-05,Chennai,64,1.7,26.4,6.2,Cloudy,0,25.5
2024-12-05,Chennai,69,0.4,15.1,4.5,Cloudy,0,34.6
2024-05-13,Chennai,31,1.2,31.9,10.7,Sunny,0,32.6
2024-05-14,Chennai,76,1.7,40.9,9.7,Cloudy,0,33.1
2024-05-15,Chennai,75,1.8,17.9,11.0,Cloudy,0,32.9
2024-05-16,Chennai,71,0.0,30.8,1.3,Fog,0,29.5
2024-05-17,Chennai,93,0.7,19.9,10.1,Cloudy,0,31.5
2024-05-18,Chennai,60,1.5,27.2,11.5,Cloudy,0,25.0
2024-05-19,Chennai,,1.3,32.0,9.9,Clear,0,26.8
2024-05-20,Chennai,31,67.7,21.8,10.7,Thunderstorm,1,32.4
2024-05-21,Chennai,76,0.7,41.8,1.9,Fog,0,26.333333333333336
2024-05-22,Chennai,57,0.1,13.3,4.8,Cloudy,0,27.4
2024-05-23,Chennai,35,17.4,-,5.6,Rain,0,27.0
2024-05-24,Chennai,45,85.4,33.4,6.2,Rain,0,31.9
2024-05-25,Chennai,34,1.9,6.6,7.7,Clear,0,30.5
2024-05-26,Chennai,41,1.4,35.7,10.4,Clear,0,27.1
2024-05-27,Chennai,45,0.1,38.2,11.7,Clear,0,31.6
2024-05-28,Chennai,43,0.4,31.9,1.4,Fog,0,29.4
2024-05-29,Chennai,89,1.7,26.4,11.0,Sunny,0,27.0
2024-05-30,Chennai,76,85.9,15.5,10.4,Rain,1,27.4
2024-05-31,Chennai,74,0.9,41.4,4.1,Clear,0,32.1
2024-06-01,Chennai,49,0.3,30.2,6.6,Clear,0,25.222222222222225
2024-02-06,Chennai,86,0.6,35.1,10.8,Cloudy,0,28.1
2024-06-03,Chennai,66,1.4,,9.8,Sunny,0,32.6
2024-04-06,Chennai,52,0.5,32.9,4.2,Clear,0,26.2
2024-05-06,Chennai,34,0.6,43.4,6.0,Cloudy,0,30.7
2024-06-06,Chennai,60,19.4,36.2,5.7,Heavy Rain,0,22.8
2024-07-06,Chennai,44,0.5,24.3,6.3,Sunny,0,23.5
2024-06-08,Chennai,77,0.0,8.1,5.1,Sunny,0,24.1
2024-09-06,Chennai,59,105.9,23.2,7.8,Heavy Rain,0,26.5
2024-06-10,Chennai,69,1.6,15.9,7.0,Clear,0,23.2
2024-06-11,Chennai,51,0.0,,6.2,Clear,0,26.3
2024-12-06,Chennai,32,74.0,27.1,6.6,Thunderstorm,1,26.8
2024-06-13,Chennai,66,41.2,16.1,4.9,Rain,1,27.5
2024-06-14,Chennai,48,103.2,34.8,7.6,Rain,0,27.9
2024-06-15,Chennai,83,1.3,28.2,8.0,Cloudy,0,23.2
2024-06-16,Chennai,31,95.4,16.0,10.6,Rain,1,27.7
2024-06-17,Chennai,31,1.6,,6.4,Clear,0,26.833333333333332
2024-06-18,Chennai,32,0.0,6.5,6.5,Sunny,0,27.3
2024-06-19,Chennai,60,1.4,39.4,9.6,Cloudy,0,25.6
2024-06-20,Chennai,72,1.4,37.9,7.1,Cloudy,0,30.5
2024-06-21,Chennai,72,0.5,31.6,2.6,Fog,0,26.3
2024-06-22,Chennai,82,0.5,25.6,1.6,Fog,0,29.0
2024-06-23,Chennai,45,0.4,6.5,0.7,Fog,0,23.4
2024-06-24,Chennai,50,61.8,12.5,11.3,Heavy Rain,0,28.6
2024-06-25,Chennai,52,0.7,3.1,12.0,Cloudy,0,27.0
2024-06-26,Chennai,45,54.3,36.9,10.2,Rain,1,70.1
2024-06-27,Chennai,29,1.8,34.3,11.5,Clear,0,23.7
2024-06-28,Chennai,34,1.6,,5.3,Clear,0,26.6
2024-06-29,Chennai,89,1.3,19.6,4.2,Clear,0,19.5
2024-06-30,Chennai,77,1.2,43.6,11.6,Clear,0,21.6
2024-07-01,Chennai,40,80.3,27.1,5.8,Rain,0,28.3
2024-02-07,Chennai,40,1.4,,10.5,Clear,0,75.6
2024-07-03,Chennai,42,1.2,25.6,2.8,Fog,0,18.5
2024-07-04,Chennai,85,0.2,5.1,7.5,Sunny,0,24.0
2024-05-07,Chennai,76,0.7,38.5,5.0,Clear,0,24.3
2024-06-07,Chennai,52,1.6,44.4,6.0,Clear,0,23.666666666666664
2024-07-07,Chennai,54,0.2,32.0,5.0,Cloudy,0,25.1
2024-08-07,Chennai,57,1.5,12.1,11.1,Cloudy,0,20.6
2024-07-09,Chennai,,68.7,13.6,6.5,Rain,0,25.9
2024-10-07,Chennai,59,36.6,22.7,6.2,Rain,1,
2024-07-11,Chennai,92,101.4,12.2,9.1,Rain,1,22.1
2024-12-07,Chennai,88,0.8,9.0,9.7,Clear,0,19.6
2024-07-13,Chennai,67,1.6,34.4,7.6,Cloudy,0,19.6
2024-07-14,Chennai,70,51.1,12.5,8.7,Rain,0,24.0
2024-07-15,Chennai,54,1.5,28.7,6.3,Clear,0,20.8
2024-07-16,Chennai,93,0.5,26.1,5.5,Clear,0,21.4
2024-07-18,Chennai,57,25.8,36.0,9.0,Heavy Rain,1,19.3
2024-07-19,Chennai,51,0.1,5.6,8.4,Clear,0,15.1
2024-07-20,Chennai,49,0.6,26.3,2.5,Fog,0,20.1
2024-07-21,Chennai,68,2.0,25.9,7.3,Sunny,0,18.8
2024-07-22,Chennai,49,1.9,37.7,7.7,Sunny,0,25.2
2024-07-23,Chennai,31,0.8,2.6,9.6,Clear,0,16.6
2024-07-24,Chennai,47,0.3,33.9,7.3,Clear,0,24.1
2024-07-25,Chennai,53,19.7,6.9,8.0,Thunderstorm,0,20.3
2024-07-26,Chennai,78,0.9,38.9,10.5,Clear,0,19.9
2024-07-27,Chennai,69,0.5,28.0,6.3,Cloudy,0,27.9
2024-07-28,Chennai,48,1.1,13.7,9.1,Clear,0,18.9
2024-07-29,Chennai,51,1.3,22.0,4.4,Cloudy,0,18.0
2024-07-30,Chennai,65,0.5,5.0,2.3,Fog,0,22.1
2024-08-01,Chennai,82,1.4,43.8,4.4,Sunny,0,58.8
2024-08-02,Chennai,80,1.7,15.0,1.8,Fog,0,23.8
2024-08-03,Chennai,69,0.1,13.8,6.3,Clear,0,17.9
2024-08-04,Chennai,74,0.4,40.7,6.0,Cloudy,0,21.5
2024-08-05,Chennai,68,0.3,24.0,2.2,Fog,0,22.6
2024-06-08,Chennai,56,2.0,29.0,4.1,Clear,0,22.0
2024-07-08,Chennai,28,1.2,27.3,5.0,Cloudy,0,22.0
2024-08-08,Chennai,83,1.1,10.9,1.7,Fog,0,19.7
2024-09-08,Chennai,71,1.5,34.7,5.5,Clear,0,17.7
2024-08-10,Chennai,85,0.7,16.2,5.9,Sunny,0,15.0
2024-11-08,Chennai,91,118.1,32.3,9.9,Rain,1,15.1
2024-12-08,Chennai,95,39.3,22.2,5.0,Rain,0,18.0
2024-08-13,Chennai,93,0.4,3.8,4.5,Cloudy,0,23.2
2024-08-14,Chennai,41,0.1,2.5,6.0,Sunny,0,20.0
2024-08-15,Chennai,28,101.9,41.1,7.6,Rain,0,22.9
2024-08-16,Chennai,75,1.0,35.3,6.4,Cloudy,0,21.1
2024-08-17,Chennai,37,1.3,23.0,11.6,Clear,0,14.4
2024-08-18,Chennai,91,1.3,35.0,8.9,Clear,0,23.2
2024-08-19,Chennai,88,1.6,-,10.3,Cloudy,0,17.27777777777778
2024-08-20,Chennai,47,1.4,11.6,7.8,Clear,0,14.2
2024-08-22,Chennai,87,0.3,28.0,5.3,Clear,0,23.444444444444443
2024-08-23,Chennai,96,0.7,7.0,5.3,Clear,0,15.8
2024-08-24,Chennai,87,94.8,27.0,10.5,Rain,0,69.7
2024-08-25,Chennai,82,0.8,20.2,11.7,Clear,0,15.0
2024-08-26,Chennai,72,87.2,27.4,6.0,Rain,0,14.9
2024-08-27,Chennai,39,24.9,28.5,10.0,Heavy Rain,0,13.0
2024-08-28,Chennai,55,1.2,20.0,6.9,Cloudy,0,8.7
2024-08-29,Chennai,85,0.5,3.1,4.7,Clear,0,16.1
2024-08-30,Chennai,33,1.0,38.6,11.2,Clear,0,18.2
2024-08-31,Chennai,83,85.2,41.3,6.0,Rain,1,15.1
2024-09-01,Chennai,83,95.4,35.7,9.0,Heavy Rain,0,20.9
2024-09-02,Chennai,53,0.1,44.5,4.2,Cloudy,0,19.7
2024-09-03,Chennai,54,0.0,10.8,2.9,Fog,0,16.6
2024-09-04,Chennai,32,1.5,26.9,2.2,Fog,0,21.2
2024-05-09,Chennai,46,27.0,39.2,4.2,Rain,0,20.3
2024-09-06,Chennai,56,0.1,24.6,10.8,Clear,0,17.2
2024-09-07,Chennai,50,1.7,38.9,4.2,Clear,0,19.0
2024-08-09,Chennai,85,62.8,9.4,10.3,Rain,0,11.0
2024-09-09,Chennai,28,1.3,9.6,9.9,Sunny,0,14.9
2024-10-09,Chennai,40,1.8,34.8,11.1,Clear,0,18.9
2024-11-09,Chennai,49,1.0,38.8,11.5,Clear,0,17.9
2024-12-09,Chennai,53,41.8,21.6,8.0,Thunderstorm,0,18.0
2024-09-13,Chennai,59,1.2,39.8,11.4,Cloudy,0,18.444444444444443
2024-09-14,Chennai,31,1.1,17.9,5.3,Clear,0,12.555555555555555
2024-09-15,Chennai,98,0.7,27.6,1.7,Fog,0,19.9
2024-09-17,Chennai,-,92.8,26.7,10.0,Thunderstorm,0,16.7
2024-09-18,Chennai,97,0.0,38.5,11.8,Clear,0,19.3
2024-09-19,Chennai,31,1.7,3.2,6.4,Clear,0,17.555555555555557
2024-09-20,Chennai,42,1.0,28.9,10.9,Clear,0,13.7
2024-09-21,Chennai,87,28.8,7.2,6.6,Rain,0,15.9
2024-09-22,Chennai,35,1.8,20.6,11.0,Clear,0,14.9
2024-09-23,Chennai,87,1.6,19.6,7.7,Sunny,0,12.4
2024-09-24,Chennai,40,0.8,2.0,5.1,Clear,0,14.0
2024-09-25,Chennai,90,0.2,21.2,9.1,Cloudy,0,9.9
2024-09-26,Chennai,38,2.0,4.3,11.1,Sunny,0,18.1
2024-09-27,Chennai,93,1.2,18.0,7.6,Clear,0,15.4
2024-09-28,Chennai,49,1.3,29.6,10.5,Clear,0,11.6
2024-09-29,Chennai,31,1.6,6.1,9.4,Sunny,0,12.9
2024-09-30,Chennai,46,54.8,18.0,9.5,Rain,1,20.0
2024-01-10,Chennai,83,0.6,37.3,8.1,Clear,0,17.4
2024-02-10,Chennai,79,1.5,42.1,8.9,Cloudy,0,15.0
2024-03-10,Chennai,76,0.8,41.5,4.2,Sunny,0,16.5
2024-04-10,Chennai,93,0.7,25.1,10.7,Cloudy,0,17.7
2024-10-05,Chennai,32,0.1,15.8,7.9,Clear,0,15.5
2024-10-06,Chennai,77,1.3,28.9,6.9,Clear,0,17.6
2024-07-10,Chennai,58,0.7,2.1,8.5,Cloudy,0,16.8
2024-10-08,Chennai,30,0.0,21.2,8.7,Sunny,0,14.6
2024-10-09,Chennai,94,1.5,2.3,6.7,Cloudy,0,14.8
2024-10-10,Chennai,51,0.4,40.9,10.7,Clear,0,13.2
2024-10-11,Chennai,29,1.3,17.4,7.2,Cloudy,0,15.8
2024-10-12,Chennai,69,92.7,13.0,7.5,Rain,1,15.1
2024-10-13,Chennai,96,1.4,12.7,5.5,Cloudy,0,15.3
2024-10-14,Chennai,67,0.4,23.3,11.4,Clear,0,18.8
2024-10-15,Chennai,67,0.3,32.2,1.4,Fog,0,16.9
2024-10-16,Chennai,96,17.1,11.3,10.5,Thunderstorm,0,13.3
2024-10-17,Chennai,48,0.6,31.0,9.8,Cloudy,0,15.9
2024-10-18,Chennai,92,0.9,14.5,1.5,Fog,0,14.3
2024-10-19,Chennai,60,0.3,24.1,5.5,Clear,0,17.333333333333332
2024-10-20,Chennai,85,0.4,33.3,11.8,Clear,0,17.8
2024-10-21,Chennai,49,74.4,6.5,10.3,Rain,1,16.6
2024-10-22,Chennai,91,1.1,44.9,4.4,Cloudy,0,22.7
2024-10-23,Chennai,44,44.0,39.6,9.1,Heavy Rain,0,11.3
2024-10-24,Chennai,34,1.2,5.6,10.8,Clear,0,13.5
2024-10-25,Chennai,34,1.0,13.5,11.9,Sunny,0,24.4
2024-10-26,Chennai,31,0.5,21.1,9.6,Sunny,0,13.6
2024-10-27,Chennai,38,0.0,10.3,9.4,Cloudy,0,19.3
2024-10-28,Chennai,41,1.8,17.1,1.5,Fog,0,13.0
2024-10-29,Chennai,89,0.8,12.4,8.3,Clear,0,13.7
2024-10-30,Chennai,31,0.6,26.1,8.9,Clear,0,17.055555555555557
2024-10-31,Chennai,  ,0.9,5.5,5.0,Clear,0,15.7
2024-01-11,Chennai,86,36.7,23.4,6.6,Heavy Rain,0,17.3
2024-11-02,Chennai,86,1.3,14.6,5.4,Cloudy,0,14.4
2024-11-03,Chennai,93,0.7,15.4,4.4,Clear,0,12.7
2024-11-04,Chennai,42,0.0,14.4,10.9,Clear,0,14.0
2024-11-05,Chennai,78,1.7,19.5,7.0,Sunny,0,20.1
2024-11-06,Chennai,84,0.6,32.8,9.7,Sunny,0,19.7
2024-07-11,Chennai,unknown,1.8,34.7,1.7,Fog,0,17.9
2024-11-08,Chennai,71,1.5,16.8,10.0,Cloudy,0,20.4
2024-11-10,Chennai,53,113.1,29.7,9.0,Thunderstorm,0,18.61111111111111
2024-11-11,Chennai,73,39.1,25.5,10.6,Rain,1,14.6
2024-11-12,Chennai,79,55.8,35.6,4.9,Rain,0,12.3
2024-11-13,Chennai,57,1.8,37.0,11.2,Clear,0,19.1
2024-11-14,Chennai,78,0.7,31.0,8.1,Cloudy,0,16.7
2024-11-15,Chennai,84,8.1,25.9,11.5,Thunderstorm,1,18.9
2024-11-16,Chennai,38,1.1,17.6,10.0,Cloudy,0,13.5
2024-11-17,Chennai,77,23.2,12.8,8.1,Thunderstorm,0,18.3
2024-11-18,Chennai,70,1.1,8.3,9.1,Cloudy,0,27.5
2024-11-19,Chennai,91,1.6,44.9,11.0,Cloudy,0,22.1
2024-11-20,Chennai,90,95.6,11.1,8.8,Rain,0,67.2
2024-11-21,Chennai,94,39.0,41.0,11.7,Heavy Rain,0,16.7
2024-11-22,Chennai,95,0.6,18.9,4.3,Sunny,0,18.7
2024-11-23,Chennai,61,0.3,23.9,1.1,Fog,0,
2024-11-24,Chennai,79,0.4,12.6,8.4,Cloudy,0,21.7
2024-11-25,Chennai,49,2.0,16.3,6.9,Clear,0,10.7
2024-11-26,Chennai,44,1.3,19.4,5.8,Clear,0,17.5
2024-11-27,Chennai,74,73.0,15.8,9.4,Heavy Rain,0,14.4
2024-11-28,Chennai,45,0.7,43.4,6.4,Sunny,0,18.8
2024-11-29,Chennai,58,1.8,25.3,7.3,Clear,0,25.2
2024-11-30,Chennai,34,0.9,24.3,11.1,Cloudy,0,19.2
2024-01-12,Chennai,53,0.4,11.0,9.0,Clear,0,23.0
2024-02-12,Chennai,92,55.0,24.3,9.3,Rain,0,18.0
2024-12-03,Chennai,41,80.1,26.0,7.3,Rain,1,17.38888888888889
2024-04-12,Chennai,60,99.9,28.6,5.1,Rain,1,22.944444444444443
2024-12-06,Chennai,47,0.2,40.8,2.8,Fog,0,18.7
2024-07-12,Chennai,52,1.5,19.7,9.7,Clear,0,22.2
2024-08-12,Chennai,68,1.2,19.8,4.6,Clear,0,18.3
2024-12-09,Chennai,42,1.2,12.2,4.9,Sunny,0,19.6
2024-12-10,Chennai,66,0.5,38.1,10.2,Cloudy,0,20.11111111111111
2024-12-11,Chennai,52,1.6,10.0,5.5,Sunny,0,18.8
2024-12-12,Chennai,36,91.2,6.9,11.5,Rain,0,19.4
2024-12-13,Chennai,86,0.2,38.3,11.0,Clear,0,17.3
2024-12-14,Chennai,51,75.2,42.5,7.4,Rain,0,21.3
2024-12-15,Chennai,46,0.5,34.7,5.3,Clear,0,24.0
2024-12-16,Chennai,68,0.7,18.0,7.9,Cloudy,0,21.3
2024-12-17,Chennai,38,0.1,22.6,9.2,Cloudy,0,20.3
2024-12-18,Chennai,33,0.0,24.8,9.1,Clear,0,20.888888888888886
2024-12-19,Chennai,87,1.3,27.7,10.0,Cloudy,0,23.4
2024-12-20,Chennai,90,74.0,3.5,6.1,Rain,0,26.5
2024-12-21,Chennai,80,1.5,10.4,6.9,Cloudy,0,18.4
2024-12-23,Chennai,86,0.3,22.5,8.2,Clear,0,19.8
2024-12-24,Chennai,62,1.2,42.8,6.4,Sunny,0,
2024-12-25,Chennai,93,68.6,41.0,7.9,Rain,0,73.6
2024-12-26,Chennai,40,1.8,37.5,6.6,Cloudy,0,23.7
2024-12-27,Chennai,39,0.7,43.0,6.7,Clear,0,25.9
2024-12-28,Chennai,47,0.4,8.2,5.0,Clear,0,22.4
2024-12-29,Chennai,80,38.3,19.7,4.5,Heavy Rain,0,21.5
2024-12-30,Chennai,43,1.7,20.3,11.3,Cloudy,0,21.4
2024-12-31,Chennai,87,1.6,26.9,7.2,Clear,0,28.9
2025-01-01,Chennai,63,1.4,26.1,10.5,Clear,0,29.4
2025-01-02,Chennai,37,1.4,20.5,6.6,Sunny,0,19.3
2025-01-03,Chennai,80,73.2,32.4,4.4,Rain,0,25.4
2025-04-01,Chennai,30,1.9,26.7,9.8,Clear,0,23.77777777777778
2025-05-01,Chennai,44,1.7,14.6,10.2,Clear,0,23.4
2025-01-06,Chennai,96,69.5,43.3,7.7,Rain,0,22.3
2025-01-07,Chennai,71,54.8,8.9,6.5,Thunderstorm,0,22.5
2025-08-01,Chennai,95,0.9,6.5,6.4,Clear,0,29.1
2025-01-09,Chennai,33,0.1,27.4,9.8,Clear,0,24.61111111111111
2025-01-10,Chennai,29,0.9,31.3,4.9,Cloudy,0,29.8
2025-01-11,Chennai,43,1.4,16.6,6.1,Clear,0,21.4
2025-12-01,Chennai,34,10.7,5.8,9.1,Rain,0,24.3
2025-01-13,Chennai,88,0.4,18.1,10.0,Cloudy,0,26.1
2025-01-14,Chennai,89,1.7,19.0,10.1,Clear,0,25.8
2025-01-15,Chennai,87,1.9,38.9,11.2,Clear,0,26.8
2025-01-16,Chennai,37,104.3,13.7,4.4,Rain,0,26.0
2025-01-17,Chennai,83,1.4,30.6,7.5,Clear,0,26.8
2025-01-18,Chennai,63,0.6,19.9,11.1,Clear,0,25.3
2025-01-19,Chennai,75,0.8,23.7,6.3,Clear,0,81.4
2025-01-20,Chennai,43,19.1,21.0,5.7,Heavy Rain,1,28.2
2025-01-21,Chennai,64,1.8,5.8,5.4,Sunny,0,30.4
2025-01-22,Chennai,59,0.8,23.9,7.6,Clear,0,26.055555555555557
2025-01-23,Chennai,50,1.0,5.9,9.2,Sunny,0,
2025-01-24,Chennai,42,1.9,11.5,4.8,Clear,0,26.055555555555557
2025-01-25,Chennai,42,24.9,24.8,11.6,Heavy Rain,0,25.5
2025-01-26,Chennai,30,0.8,28.2,8.1,Clear,0,29.8
2025-01-27,Chennai,68,1.3,8.1,4.3,Clear,0,22.6
2025-01-28,Chennai,66,19.8,13.0,4.8,Rain,0,24.1
2025-01-29,Chennai,63,44.2,29.2,6.6,Heavy Rain,0,26.9
2025-01-30,Chennai,49,104.9,8.2,5.4,Rain,1,30.6
2025-01-31,Chennai,78,0.7,34.6,6.7,Clear,0,21.0
2025-02-01,Chennai,44,0.0,27.2,2.2,Fog,0,27.8
2025-02-02,Chennai,89,74.5,7.2,4.9,Rain,0,25.777777777777782
2025-02-03,Chennai,69,0.3,35.6,8.0,Cloudy,0,22.3
2025-02-04,Chennai,83,1.9,22.1,9.9,Cloudy,0,26.0
2025-05-02,Chennai,54,1.8,43.8,1.4,Fog,0,26.8
2025-06-02,Chennai,73,16.7,39.3,9.3,Rain,0,24.6
2025-02-07,Chennai,39,22.1,24.5,7.3,Rain,1,30.1
2025-02-08,Chennai,88,1.4,30.7,4.8,Sunny,0,26.22222222222222
2025-02-09,Chennai,61,0.5,7.4,6.2,Cloudy,0,28.1
2025-10-02,Chennai,90,82.5,18.7,4.0,Rain,0,34.0
2025-02-11,Chennai,84,1.1,18.9,10.0,Clear,0,31.4
2025-02-12,Chennai,,1.0,12.0,4.1,Cloudy,0,30.3
2025-02-13,Chennai,77,0.5,30.6,10.8,Clear,0,29.72222222222222
2025-02-14,Chennai,41,45.0,22.2,11.5,Rain,0,28.9
2025-02-15,Chennai,41,0.0,6.4,5.2,Cloudy,0,32.2
2025-02-16,Chennai,74,0.3,41.8,4.4,Clear,0,28.8
2025-02-17,Chennai,31,0.4,34.7,7.5,Clear,0,86.5
2025-02-18,Chennai,53,0.4,20.1,5.4,Cloudy,0,28.0
2025-02-19,Chennai,33,1.2,17.4,10.9,Clear,0,23.3
2025-02-20,Chennai,74,1.7,43.6,12.0,Clear,0,37.2
2025-02-21,Chennai,61,41.8,35.5,11.2,Heavy Rain,1,
2025-02-23,Chennai,42,0.7,44.2,11.4,Clear,0,31.2
2025-02-24,Chennai,54,0.6,16.8,5.5,Clear,0,30.7
2025-02-25,Chennai,83,108.5,16.7,6.9,Rain,0,
2025-02-26,Chennai,52,0.8,18.3,8.0,Clear,0,25.3
2025-02-27,Chennai,51,98.7,11.6,10.8,Rain,0,28.5
2025-02-28,Chennai,94,1.8,8.6,8.7,Clear,0,30.4
2025-03-01,Chennai,84,1.2,3.6,9.6,Clear,0,36.7
2025-02-03,Chennai,86,0.7,unknown,5.8,Cloudy,0,27.9
2025-03-03,Chennai,40,89.0,21.7,10.7,Thunderstorm,0,36.9
2025-03-04,Chennai,65,1.1,21.8,2.5,Fog,0,29.5
2025-03-05,Chennai,78,40.2,14.6,8.8,Thunderstorm,1,34.0
2025-03-06,Chennai,42,1.4,24.2,10.7,Cloudy,0,30.0
2025-07-03,Chennai,68,71.9,37.0,7.9,Rain,0,93.0
2025-08-03,Chennai,88,0.1,41.9,7.1,Clear,0,34.4
2025-09-03,Chennai,29,1.0,41.5,6.2,Sunny,0,29.0
2025-10-03,Chennai,89,7.3,3.9,7.2,Thunderstorm,0,34.2
2025-03-11,Chennai,86,1.0,4.9,6.2,Clear,0,28.9
2025-12-03,Chennai,32,0.6,10.4,10.4,Clear,0,31.6
2025-03-13,Chennai,94,0.8,8.4,9.2,Clear,0,34.5
2025-03-14,Chennai,48,0.8,44.3,6.7,Sunny,0,30.2
2025-03-15,Chennai,98,42.3,21.6,6.6,Rain,1,27.8
2025-03-16,Chennai,54,26.6,37.5,7.7,Heavy Rain,1,33.9
2025-03-17,Chennai,37,0.8,11.2,6.9,Clear,0,30.1
2025-03-18,Chennai,87,0.3,10.6,9.3,Clear,0,34.4
2025-03-19,Chennai,29,1.9,2.5,6.7,Sunny,0,32.5
2025-03-20,Chennai,94,0.8,35.0,8.2,Sunny,0,28.7
2025-03-21,Chennai,28,99.1,40.3,4.9,Thunderstorm,0,28.1
2025-03-22,Chennai,64,105.0,33.7,9.8,Heavy Rain,1,32.6
2025-03-23,Chennai,48,0.1,27.6,7.2,Clear,0,32.4
2025-03-24,Chennai,40,0.7,33.3,10.7,Clear,0,25.9
2025-03-25,Chennai,83,0.8,30.0,10.9,Clear,0,33.55555555555556
2025-03-26,Chennai,38,0.9,12.9,11.2,Clear,0,32.2
2025-03-27,Chennai,30,1.3,13.1,8.1,Sunny,0,29.3
2025-03-28,Chennai,38,66.7,40.9,8.3,Heavy Rain,0,26.7
2025-03-29,Chennai,72,1.9,39.0,8.9,Cloudy,0,88.3
2025-03-30,Chennai,91,1.9,9.2,7.1,Clear,0,31.0
2025-03-31,Chennai,95,1.3,34.7,4.1,Cloudy,0,100.2
2025-01-04,Chennai,50,1.3,10.8,10.8,Clear,0,30.1
2025-02-04,Chennai,39,1.9,25.7,11.4,Cloudy,0,28.1
2025-04-03,Chennai,64,1.3,15.7,11.3,Cloudy,0,31.4
2025-04-04,Chennai,38,1.4,32.6,11.0,Cloudy,0,34.6
2025-05-04,Chennai,70,1.2,24.9,9.1,Cloudy,0,29.0
2025-04-06,Chennai,54,0.7,34.2,7.7,Clear,0,31.5
2025-07-04,Chennai,77,35.0,15.8,4.5,Rain,0,30.3
2025-04-08,Chennai,40,113.8,24.4,6.8,Thunderstorm,0,32.1
2025-04-09,Chennai,82,101.6,9.0,9.7,Thunderstorm,1,33.2
2025-10-04,Chennai,38,0.5,4.5,1.0,Fog,0,30.0
2025-04-11,Chennai,70,60.9,7.1,6.2,Thunderstorm,1,34.0
2025-04-12,Chennai,78,0.2,30.9,6.7,Clear,0,32.5
2025-04-13,Chennai,53,1.8,35.1,8.1,Clear,0,
2025-04-14,Chennai,62,1.5,37.0,11.1,Clear,0,88.9
2025-04-15,Chennai,54,1.5,27.8,9.0,Clear,0,35.9
2025-04-16,Chennai,-,1.2,24.2,8.2,Clear,0,33.6
2025-04-17,Chennai,67,1.0,23.0,9.0,Clear,0,31.0
2025-04-18,Chennai,76,0.4,30.8,4.7,Cloudy,0,33.9
2025-04-19,Chennai,39,0.4,32.4,4.6,Sunny,0,31.833333333333332
2025-04-20,Chennai,78,1.7,10.0,4.6,Cloudy,0,
2025-04-21,Chennai,62,78.1,21.2,7.3,Thunderstorm,0,21.6
2025-04-22,Chennai,55,1.1,24.8,0.7,Fog,0,30.4
2025-04-23,Chennai,71,1.5,7.9,9.7,Clear,0,31.9
2025-04-24,Chennai,91,0.0,8.8,10.3,Clear,0,31.2
2025-04-25,Chennai,85,0.6,14.8,10.3,Cloudy,0,27.6
2025-04-26,Chennai,42,19.5,27.5,4.8,Thunderstorm,0,32.4
2025-04-27,Chennai,51,13.8,24.6,8.5,Rain,1,30.3
2025-04-28,Chennai,86,10.2,4.5,7.0,Heavy Rain,0,28.0
2025-04-29,Chennai,85,1.7,6.0,0.7,Fog,0,33.6
2025-04-30,Chennai,68,2.0,  ,4.1,Cloudy,0,36.0
2025-01-05,Chennai,59,1.2,24.2,8.5,Cloudy,0,34.388888888888886
2025-05-02,Chennai,61,1.0,23.5,5.0,Clear,0,29.0
2025-05-03,Chennai,84,1.3,24.8,7.1,Cloudy,0,31.8
2025-05-04,Chennai,54,0.8,10.2,5.9,Clear,0,26.833333333333332
2025-05-05,Chennai,49,1.8,38.8,4.0,Clear,0,31.0
2025-05-06,Chennai,55,112.7,3.0,6.5,Rain,0,36.8
2025-05-07,Chennai,49,23.8,4.9,9.8,Thunderstorm,0,29.2
2025-05-08,Chennai,,1.4,33.1,5.9,Clear,0,31.2
2025-09-05,Chennai,66,64.3,29.7,11.6,Rain,1,30.4
2025-10-05,Chennai,73,84.4,35.9,9.0,Thunderstorm,0,33.4
2025-11-05,Chennai,87,106.5,36.1,7.2,Thunderstorm,0,35.8
2025-12-05,Chennai,54,0.5,22.2,8.7,Cloudy,0,33.8
2025-05-13,Chennai,68,0.8,29.1,10.9,Cloudy,0,32.0
2025-05-14,Chennai,39,79.9,26.2,10.3,Rain,0,75.5
2025-05-15,Chennai,41,0.9,12.4,11.9,Clear,0,25.1
2025-05-16,Chennai,62,1.2,9.8,10.5,Cloudy,0,28.0
2025-05-17,Chennai,84,1.6,27.1,8.8,Cloudy,0,30.1
2025-05-18,Chennai,71,1.3,31.8,7.7,Sunny,0,28.4
2025-05-19,Chennai,28,0.2,13.4,8.8,Clear,0,29.444444444444443
2025-05-20,Chennai,87,1.0,-,4.8,Sunny,0,26.5
2025-05-21,Chennai,29,0.5,28.0,9.8,Clear,0,33.6
2025-05-22,Chennai,72,0.4,35.3,4.0,Clear,0,26.4
2025-05-23,Chennai,65,1.7,19.5,1.0,Fog,0,28.9
2025-05-24,Chennai,47,0.1,,11.9,Cloudy,0,28.8
2025-05-25,Chennai,86,0.8,25.1,10.4,Cloudy,0,31.4
2025-05-26,Chennai,62,1.9,33.7,9.2,Cloudy,0,
2025-05-27,Chennai,42,50.4,10.6,11.7,Rain,0,31.7
2025-05-28,Chennai,82,0.6,16.9,10.0,Sunny,0,31.6
2025-05-29,Chennai,38,0.6,14.3,7.0,Clear,0,29.7
2025-05-30,Chennai,87,1.6,26.7,5.7,Clear,0,31.3
2025-05-31,Chennai,63,0.6,22.3,9.4,Sunny,0,27.9
2025-06-01,Chennai,29,0.4,10.4,11.9,Cloudy,0,29.8
2025-03-06,Chennai,31,1.8,14.9,10.3,Clear,0,19.2
2025-04-06,Chennai,70,15.0,2.0,9.9,Rain,1,30.5
2025-05-06,Chennai,60,88.9,16.8,7.5,Thunderstorm,1,31.333333333333332
2025-06-06,Chennai,64,1.9,43.9,5.8,Clear,0,25.1
2025-06-07,Chennai,33,37.8,31.6,5.0,Heavy Rain,0,30.7
2025-06-08,Chennai,70,1.9,34.2,2.9,Fog,0,24.6
2025-09-06,Chennai,59,59.3,11.5,6.9,Rain,0,27.1
2025-06-10,Chennai,30,0.9,30.4,8.4,Clear,0,25.9
2025-06-11,Chennai,30,1.5,24.6,6.5,Clear,0,28.9
2025-06-12,Chennai,86,1.7,37.5,4.3,Sunny,0,26.7
2025-06-13,Chennai,58,1.4,35.0,11.1,Sunny,0,26.1
2025-06-14,Chennai,78,0.0,2.3,10.2,Clear,0,25.555555555555557
2025-06-15,Chennai,52,0.5,33.9,0.7,Fog,0,26.7
2025-06-16,Chennai,28,25.8,18.7,5.7,Heavy Rain,0,23.0
2025-06-17,Chennai,50,2.0,35.3,11.0,Sunny,0,23.5
2025-06-18,Chennai,46,46.4,11.6,11.6,Rain,1,24.9
2025-06-19,Chennai,75,37.1,37.8,9.8,Rain,0,26.9
2025-06-20,Chennai,49,1.1,3.6,6.9,Clear,0,25.2
2025-06-21,Chennai,59,0.0,5.3,11.6,Clear,0,23.2
2025-06-22,Chennai,92,1.7,18.5,10.3,Cloudy,0,
2025-06-23,Chennai,29,1.5,32.4,8.4,Cloudy,0,24.9
2025-06-24,Chennai,39,17.6,36.7,6.5,Rain,0,21.5
2025-06-25,Chennai,48,1.2,7.2,0.7,Fog,0,81.6
2025-06-26,Chennai,unknown,25.1,13.4,4.2,Rain,0,21.1
2025-06-27,Chennai,41,0.5,27.1,8.3,Clear,0,24.055555555555557
2025-06-28,Chennai,46,1.3,26.0,2.7,Fog,0,23.8
2025-06-29,Chennai,71,1.2,8.3,9.4,Cloudy,0,23.3
2025-06-30,Chennai,56,2.0,35.7,11.4,Cloudy,0,24.0
2025-07-01,Chennai,84,61.9,23.5,8.8,Rain,0,23.0
2024-01-01,Coimbatore,57,1.3,16.7,8.0,Clear,0,19.6
2024-01-02,Coimbatore,51,62.3,15.8,11.8,Rain,1,
2024-03-01,Coimbatore,82,117.5,25.2,4.4,Heavy Rain,0,24.8
2024-01-04,Coimbatore,74,1.6,38.6,10.2,Sunny,0,26.8
2024-01-05,Coimbatore,46,0.1,33.7,5.6,Clear,0,28.4
2024-01-06,Coimbatore,86,19.8,43.7,4.4,Thunderstorm,0,22.9
2024-01-07,Coimbatore,80,1.7,41.3,6.9,Clear,0,28.1
2024-01-08,Coimbatore,,1.9,2.7,5.7,Clear,0,18.2
2024-09-01,Coimbatore,89,0.9,41.0,9.0,Cloudy,0,25.1
2024-01-10,Coimbatore,49,0.3,18.0,7.2,Cloudy,0,25.4
2024-11-01,Coimbatore,91,1.0,44.5,10.4,Clear,0,25.0
2024-01-12,Coimbatore,83,107.9,35.9,9.8,Rain,0,25.944444444444443
2024-01-13,Coimbatore,94,36.2,14.3,11.9,Rain,0,23.111111111111107
2024-01-14,Coimbatore,88,0.3,40.0,7.6,Cloudy,0,30.666666666666668
2024-01-15,Coimbatore,57,74.7,33.3,9.6,Rain,1,26.2
2024-01-16,Coimbatore,95,0.6,16.8,6.5,Sunny,0,77.4
2024-01-17,Coimbatore,32,2.0,31.3,11.5,Clear,0,25.0
2024-01-18,Coimbatore,54,0.5,30.4,2.6,Fog,0,24.5
2024-01-19,Coimbatore,65,0.6,37.2,8.6,Cloudy,0,23.9
2024-01-20,Coimbatore,47,0.4,17.8,6.5,Sunny,0,22.3
2024-01-21,Coimbatore,39,44.6,29.9,7.4,Heavy Rain,1,29.1
2024-01-23,Coimbatore,68,73.6,40.9,8.9,Rain,1,26.5
2024-01-24,Coimbatore,  ,29.2,2.4,5.3,Rain,0,26.9
2024-01-25,Coimbatore,80,1.5,18.8,2.8,Fog,0,32.0
2024-01-26,Coimbatore,55,60.9,3.8,7.1,Heavy Rain,0,25.7
2024-01-27,Coimbatore,39,19.5,39.0,8.5,Heavy Rain,0,82.6
2024-01-28,Coimbatore,58,0.8,13.6,6.0,Cloudy,0,24.499999999999996
2024-01-29,Coimbatore,40,0.2,30.9,10.0,Clear,0,32.6
2024-01-30,Coimbatore,48,1.7,7.1,5.9,Clear,0,25.0
2024-01-31,Coimbatore,71,103.3,5.9,4.6,Rain,0,31.5
2024-02-01,Coimbatore,46,43.9,unknown,11.4,Thunderstorm,1,30.1
2024-02-02,Coimbatore,68,0.2,9.9,10.1,Cloudy,0,30.2
2024-02-03,Coimbatore,75,40.2,42.8,10.4,Rain,0,32.9
2024-04-02,Coimbatore,43,1.7,27.2,11.8,Cloudy,0,30.8
2024-05-02,Coimbatore,28,0.4,32.4,9.0,Clear,0,22.38888888888889
2024-06-02,Coimbatore,65,0.3,20.2,11.8,Sunny,0,31.5
2024-07-02,Coimbatore,84,1.8,2.1,8.8,Clear,0,26.6
2024-02-08,Coimbatore,62,0.7,26.9,4.6,Cloudy,0,30.8
2024-10-02,Coimbatore,53,0.9,31.8,9.8,Clear,0,24.3
2024-02-11,Coimbatore,31,0.5,28.6,11.2,Sunny,0,29.8
2024-02-12,Coimbatore,75,1.2,38.9,5.9,Cloudy,0,33.4
2024-02-13,Coimbatore,58,93.9,43.7,8.0,Heavy Rain,0,36.8
2024-02-14,Coimbatore,45,1.8,43.8,11.1,Clear,0,28.666666666666668
2024-02-15,Coimbatore,54,0.3,23.2,6.0,Clear,0,24.9
2024-02-16,Coimbatore,90,1.2,30.7,2.8,Fog,0,29.5
2024-02-17,Coimbatore,81,105.2,43.3,9.3,Rain,0,21.9
2024-02-18,Coimbatore,98,1.8,33.1,11.2,Clear,0,33.1
2024-02-19,Coimbatore,82,61.7,26.7,6.7,Rain,0,31.0
2024-02-20,Coimbatore,41,0.1,34.8,8.4,Clear,0,31.1
2024-02-21,Coimbatore,50,119.3,23.5,4.6,Heavy Rain,0,31.4
2024-02-22,Coimbatore,77,2.0,40.3,4.2,Clear,0,27.6
2024-02-23,Coimbatore,85,0.7,33.2,11.9,Clear,0,30.7
2024-02-24,Coimbatore,80,83.8,20.9,9.6,Thunderstorm,0,90.6
2024-02-25,Coimbatore,81,1.5,22.6,8.3,Clear,0,27.0
2024-02-26,Coimbatore,53,0.6,32.0,10.7,Clear,0,37.4
2024-02-27,Coimbatore,90,0.2,37.8,2.3,Fog,0,30.8
2024-02-29,Coimbatore,68,57.0,6.5,7.6,Rain,1,30.8
2024-01-03,Coimbatore,  ,0.8,33.9,11.3,Cloudy,0,29.8
2024-02-03,Coimbatore,81,1.8,41.3,5.2,Clear,0,28.833333333333332
2024-03-03,Coimbatore,96,20.2,13.7,9.2,Rain,1,29.9
2024-04-03,Coimbatore,88,1.1,39.5,11.4,Sunny,0,32.3
2024-05-03,Coimbatore,64,38.1,10.7,6.8,Rain,1,35.1
2024-06-03,Coimbatore,38,0.3,30.1,4.2,Cloudy,0,29.4
2024-03-07,Coimbatore,55,0.6,25.3,10.6,Clear,0,32.8
2024-08-03,Coimbatore,91,0.3,39.4,7.7,Clear,0,30.3
2024-03-09,Coimbatore,43,0.7,15.2,6.5,Clear,0,33.5
2024-03-10,Coimbatore,61,109.3,32.2,4.3,Rain,0,28.0
2024-11-03,Coimbatore,87,1.5,21.3,10.5,Sunny,0,36.1
2024-12-03,Coimbatore,38,0.4,26.4,5.6,Clear,0,31.2
2024-03-13,Coimbatore,46,0.7,6.2,6.5,Clear,0,32.0
2024-03-14,Coimbatore,57,1.3,34.1,9.4,Clear,0,31.3
2024-03-15,Coimbatore,96,86.2,7.9,10.5,Rain,0,33.2
2024-03-16,Coimbatore,82,20.0,42.0,5.3,Rain,0,31.2
2024-03-17,Coimbatore,85,0.0,9.0,6.8,Clear,0,32.2
2024-03-18,Coimbatore,85,1.2,8.6,10.5,Clear,0,30.8
2024-03-19,Coimbatore,35,0.5,36.6,9.5,Clear,0,33.4
2024-03-21,Coimbatore,90,106.0,34.1,9.0,Rain,0,31.0
2024-03-23,Coimbatore,73,13.1,21.8,4.8,Thunderstorm,1,31.1
2024-03-24,Coimbatore,89,1.6,23.2,5.5,Clear,0,32.5
2024-03-25,Coimbatore,30,19.5,11.1,9.4,Rain,0,29.1
2024-03-26,Coimbatore,69,0.5,44.3,10.9,Clear,0,29.6
2024-03-27,Coimbatore,29,0.7,3.7,0.4,Fog,0,97.3
2024-03-28,Coimbatore,76,111.0,26.7,7.5,Thunderstorm,0,36.3
2024-03-29,Coimbatore,48,0.0,22.2,10.3,Cloudy,0,26.1
2024-03-30,Coimbatore,92,0.6,9.8,4.8,Cloudy,0,31.2
2024-03-31,Coimbatore,95,0.1,34.9,6.1,Sunny,0,34.5
2024-01-04,Coimbatore,49,1.6,25.2,10.5,Cloudy,0,32.5
2024-02-04,Coimbatore,67,1.0,28.5,1.5,Fog,0,32.5
2024-03-04,Coimbatore,29,89.6,28.0,10.1,Rain,1,32.6
2024-05-04,Coimbatore,91,1.7,20.2,6.3,Clear,0,33.6
2024-04-06,Coimbatore,33,0.7,19.1,9.2,Clear,0,34.0
2024-07-04,Coimbatore,57,86.8,5.8,6.7,Thunderstorm,1,30.9
2024-04-08,Coimbatore,56,44.6,31.8,9.2,Rain,0,29.7
2024-04-09,Coimbatore,35,1.5,35.9,8.6,Clear,0,36.6
2024-04-10,Coimbatore,46,1.6,42.8,4.6,Clear,0,33.3
2024-04-11,Coimbatore,67,9.6,33.6,10.6,Heavy Rain,1,34.5
2024-04-12,Coimbatore,68,0.0,25.3,5.8,Clear,0,27.5
2024-04-13,Coimbatore,69,82.9,8.7,4.8,Heavy Rain,1,31.7
2024-04-14,Coimbatore,83,0.1,22.9,7.3,Cloudy,0,28.8
2024-04-15,Coimbatore,,53.0,14.0,9.1,Thunderstorm,0,34.77777777777778
2024-04-16,Coimbatore,51,1.0,35.4,10.7,Cloudy,0,29.8
2024-04-17,Coimbatore,46,0.5,7.2,8.3,Clear,0,34.8
2024-04-18,Coimbatore,93,0.7,35.2,6.3,Clear,0,
2024-04-19,Coimbatore,73,1.2,16.6,7.5,Sunny,0,30.9
2024-04-21,Coimbatore,51,1.0,27.3,6.4,Clear,0,26.6
2024-04-22,Coimbatore,51,116.2,35.4,8.8,Rain,0,30.6
2024-04-23,Coimbatore,33,1.2,41.3,10.1,Cloudy,0,28.1
2024-04-24,Coimbatore,92,1.9,28.9,6.5,Cloudy,0,31.0
2024-04-26,Coimbatore,95,0.4,39.9,8.8,Sunny,0,28.3
2024-04-27,Coimbatore,48,85.8,20.3,7.1,Thunderstorm,0,33.9
2024-04-28,Coimbatore,80,1.4,22.2,7.8,Clear,0,32.388888888888886
2024-04-29,Coimbatore,81,97.7,4.2,7.8,Heavy Rain,1,34.2
2024-04-30,Coimbatore,90,1.7,12.7,8.6,Clear,0,27.9
2024-01-05,Coimbatore,97,110.7,9.9,9.2,Rain,0,32.6
2024-05-02,Coimbatore,31,1.4,9.2,6.2,Clear,0,25.2
2024-03-05,Coimbatore,38,1.1,43.1,11.9,Cloudy,0,34.1
2024-05-04,Coimbatore,77,108.1,13.4,11.6,Heavy Rain,0,28.944444444444443
2024-05-05,Coimbatore,36,1.8,41.7,7.2,Clear,0,32.94444444444444
2024-05-06,Coimbatore,29,1.5,5.9,4.0,Clear,0,25.4
2024-07-05,Coimbatore,67,0.4,42.3,10.1,Sunny,0,32.5
2024-05-08,Coimbatore,58,1.9,30.7,4.7,Clear,0,31.22222222222222
2024-09-05,Coimbatore,87,87.2,10.8,5.1,Heavy Rain,0,28.5
2024-05-11,Coimbatore,67,14.1,16.6,8.4,Rain,0,31.5
2024-05-12,Coimbatore,82,117.9,4.3,7.9,Heavy Rain,1,33.9
2024-05-13,Coimbatore,45,1.8,41.6,1.1,Fog,0,24.5
2024-05-14,Coimbatore,32,0.9,24.9,9.1,Cloudy,0,28.9
2024-05-15,Coimbatore,35,74.1,3.4,8.9,Rain,1,27.1
2024-05-16,Coimbatore,47,2.0,28.5,10.0,Cloudy,0,29.1
2024-05-17,Coimbatore,36,1.3,12.5,6.3,Clear,0,30.9
2024-05-18,Coimbatore,62,0.3,8.8,11.0,Clear,0,25.6
2024-05-19,Coimbatore,80,1.5,24.8,11.8,Clear,0,26.3
2024-05-20,Coimbatore,76,1.0,35.4,11.9,Clear,0,34.5
2024-05-21,Coimbatore,67,0.7,5.7,1.9,Fog,0,32.9
2024-05-22,Coimbatore,94,1.7,16.3,5.9,Cloudy,0,28.8
2024-05-24,Coimbatore,60,1.8,12.3,7.9,Sunny,0,29.0
2024-05-25,Coimbatore,31,68.6,8.2,4.3,Rain,0,28.1
2024-05-26,Coimbatore,98,44.4,42.7,8.7,Rain,1,38.3
2024-05-27,Coimbatore,35,66.2,42.3,10.3,Thunderstorm,1,30.3
2024-05-28,Coimbatore,89,58.9,38.2,7.1,Heavy Rain,0,26.3
2024-05-29,Coimbatore,90,2.0,14.2,9.5,Cloudy,0,20.944444444444443
2024-05-30,Coimbatore,64,1.3,,4.4,Cloudy,0,23.3
2024-05-31,Coimbatore,52,37.4,44.3,10.8,Rain,0,31.5
2024-06-01,Coimbatore,61,25.7,19.9,9.3,Rain,0,25.9
2024-02-06,Coimbatore,,0.8,24.0,8.9,Clear,0,34.2
2024-06-03,Coimbatore,40,0.7,38.9,5.1,Clear,0,26.7
2024-06-04,Coimbatore,36,29.8,25.1,4.9,Heavy Rain,1,32.6
2024-05-06,Coimbatore,40,0.5,35.3,10.6,Clear,0,25.5
2024-06-08,Coimbatore,68,1.4,27.8,4.8,Clear,0,24.1
2024-09-06,Coimbatore,95,1.1,27.1,11.3,Clear,0,26.2
2024-06-10,Coimbatore,42,1.8,28.0,9.4,Clear,0,27.0
2024-11-06,Coimbatore,84,1.0,36.8,10.5,Clear,0,30.6
2024-12-06,Coimbatore,69,1.4,4.6,5.0,Cloudy,0,22.722222222222225
2024-06-13,Coimbatore,81,1.2,25.3,0.4,Fog,0,21.6
2024-06-14,Coimbatore,64,1.3,22.4,11.7,Cloudy,0,26.3
2024-06-15,Coimbatore,62,1.0,16.1,10.2,Clear,0,29.6
2024-06-16,Coimbatore,47,0.1,,8.1,Clear,0,27.9
2024-06-17,Coimbatore,67,0.3,37.1,11.1,Cloudy,0,21.6
2024-06-18,Coimbatore,53,1.2,19.9,11.4,Cloudy,0,29.6
2024-06-19,Coimbatore,45,119.4,42.6,6.3,Heavy Rain,0,22.2
2024-06-20,Coimbatore,,55.9,5.7,9.9,Rain,0,27.6
2024-06-21,Coimbatore,66,1.4,19.2,9.1,Cloudy,0,27.9
2024-06-22,Coimbatore,69,1.8,38.1,1.5,Fog,0,23.5
2024-06-23,Coimbatore,96,91.5,34.8,10.3,Rain,1,26.3
2024-06-24,Coimbatore,87,1.4,21.5,7.1,Clear,0,23.1
2024-06-25,Coimbatore,49,26.1,4.8,6.5,Rain,0,23.9
2024-06-26,Coimbatore,93,1.1,10.4,10.9,Cloudy,0,28.9
2024-06-27,Coimbatore,61,1.5,33.1,0.7,Fog,0,29.8
2024-06-28,Coimbatore,85,0.1,25.5,0.5,Fog,0,21.7
2024-06-29,Coimbatore,33,1.5,44.8,4.8,Cloudy,0,16.1
2024-06-30,Coimbatore,65,0.2,23.2,6.8,Sunny,0,80.2
2024-01-07,Coimbatore,80,39.8,44.4,5.1,Heavy Rain,0,
2024-07-02,Coimbatore,58,0.0,19.2,10.8,Cloudy,0,
2024-07-03,Coimbatore,92,0.1,35.1,11.5,Sunny,0,21.4
2024-04-07,Coimbatore,92,0.2,39.3,9.8,Sunny,0,25.9
2024-07-05,Coimbatore,,11.4,30.3,11.0,Thunderstorm,0,25.5
2024-07-06,Coimbatore,,77.5,28.6,7.7,Rain,0,28.111111111111107
2024-07-07,Coimbatore,43,1.8,14.0,11.6,Cloudy,0,78.5
2024-07-08,Coimbatore,34,0.6,32.5,7.8,Clear,0,18.0
2024-09-07,Coimbatore,45,0.3,25.8,6.4,Clear,0,27.0
2024-10-07,Coimbatore,98,118.2,4.1,8.2,Rain,1,16.7
2024-11-07,Coimbatore,33,1.9,36.3,0.8,Fog,0,21.944444444444443
2024-07-13,Coimbatore,78,0.5,15.2,2.8,Fog,0,24.8
2024-07-14,Coimbatore,81,16.5,20.2,11.0,Rain,0,26.333333333333336
2024-07-15,Coimbatore,74,24.5,11.8,10.3,Heavy Rain,0,18.3
2024-07-16,Coimbatore,50,69.9,21.3,5.4,Thunderstorm,0,28.2
2024-07-17,Coimbatore,81,1.0,24.3,4.1,Clear,0,22.3
2024-07-18,Coimbatore,87,1.5,11.4,10.3,Cloudy,0,20.5
2024-07-19,Coimbatore,75,47.3,6.4,5.7,Rain,0,23.5
2024-07-20,Coimbatore,85,1.0,19.8,7.8,Cloudy,0,16.6
2024-07-21,Coimbatore,36,1.9,23.4,4.8,Clear,0,16.8
2024-07-22,Coimbatore,-,101.2,38.5,5.5,Rain,0,20.444444444444443
2024-07-23,Coimbatore,28,0.8,36.8,7.4,Clear,0,21.9
2024-07-24,Coimbatore,-,0.8,33.0,10.6,Cloudy,0,16.0
2024-07-25,Coimbatore,39,1.1,31.6,8.3,Clear,0,18.6
2024-07-26,Coimbatore,46,0.3,11.9,9.8,Cloudy,0,22.5
2024-07-27,Coimbatore,41,1.8,37.8,5.0,Clear,0,
2024-07-28,Coimbatore,87,21.0,7.4,9.4,Rain,0,65.8
2024-07-29,Coimbatore,unknown,1.4,19.0,10.9,Clear,0,22.555555555555554
2024-07-30,Coimbatore,74,64.3,32.5,6.9,Rain,0,21.3
2024-07-31,Coimbatore,72,1.4,33.0,7.5,Clear,0,20.9
2024-01-08,Coimbatore,63,2.0,7.0,8.0,Clear,0,18.9
2024-02-08,Coimbatore,64,11.2,35.0,6.1,Heavy Rain,0,21.2
2024-08-03,Coimbatore,36,0.4,34.3,4.1,Sunny,0,23.5
2024-04-08,Coimbatore,93,78.4,3.0,11.3,Heavy Rain,0,19.2
2024-05-08,Coimbatore,44,1.7,35.3,8.3,Clear,0,17.5
2024-08-06,Coimbatore,47,1.0,8.9,6.6,Clear,0,72.6
2024-07-08,Coimbatore,35,1.1,  ,6.1,Clear,0,12.9
2024-08-08,Coimbatore,73,0.5,27.4,7.0,Cloudy,0,17.9
2024-08-09,Coimbatore,37,12.7,37.6,5.6,Heavy Rain,0,18.5
2024-10-08,Coimbatore,96,43.3,24.5,11.1,Rain,0,16.7
2024-08-11,Coimbatore,74,84.6,42.2,4.3,Rain,0,15.0
2024-08-12,Coimbatore,83,36.9,37.1,7.9,Thunderstorm,1,19.6
2024-08-13,Coimbatore,78,118.2,37.8,10.5,Rain,0,19.4
2024-08-14,Coimbatore,80,0.6,19.9,8.9,Cloudy,0,16.3
2024-08-15,Coimbatore,32,1.8,12.1,10.9,Cloudy,0,10.5
2024-08-16,Coimbatore,70,54.2,25.8,10.0,Rain,0,17.7
2024-08-17,Coimbatore,45,1.8,13.1,10.0,Sunny,0,19.7
2024-08-18,Coimbatore,63,6.9,18.1,4.0,Rain,0,16.7
2024-08-19,Coimbatore,79,36.3,4.4,7.7,Rain,0,18.4
2024-08-20,Coimbatore,47,0.4,2.3,10.5,Cloudy,0,19.1
2024-08-21,Coimbatore,59,1.7,12.1,2.8,Fog,0,22.6
2024-08-22,Coimbatore,73,0.2,36.3,9.8,Cloudy,0,18.0
2024-08-23,Coimbatore,-,1.5,32.7,4.4,Sunny,0,11.944444444444445
2024-08-24,Coimbatore,90,105.3,24.9,11.4,Heavy Rain,0,12.8
2024-08-25,Coimbatore,79,0.6,6.6,10.5,Sunny,0,18.2
2024-08-26,Coimbatore,,10.7,12.7,11.8,Rain,0,15.3
2024-08-27,Coimbatore,40,0.0,39.4,11.1,Clear,0,21.8
2024-08-28,Coimbatore,93,0.8,21.7,8.2,Sunny,0,17.8
2024-08-29,Coimbatore,89,1.5,30.7,8.2,Clear,0,17.0
2024-08-30,Coimbatore,44,1.8,2.8,10.6,Clear,0,17.0
2024-08-31,Coimbatore,51,60.0,30.7,11.2,Thunderstorm,0,13.5
2024-01-09,Coimbatore,83,0.7,6.0,9.1,Cloudy,0,15.7
2024-09-02,Coimbatore,28,0.5,14.9,5.7,Clear,0,18.9
2024-03-09,Coimbatore,,1.6,20.6,9.2,Clear,0,10.4
2024-09-04,Coimbatore,97,1.7,18.4,5.3,Clear,0,17.7
2024-09-05,Coimbatore,88,1.0,8.4,7.6,Clear,0,19.5
2024-09-06,Coimbatore,50,0.5,20.7,6.7,Clear,0,13.6
2024-07-09,Coimbatore,42,0.8,37.3,10.3,Cloudy,0,17.83333333333333
2024-08-09,Coimbatore,95,1.9,27.6,5.1,Clear,0,14.9
2024-09-09,Coimbatore,38,1.2,28.5,10.4,Clear,0,18.1
2024-09-10,Coimbatore,62,0.9,26.9,7.0,Clear,0,9.3
2024-11-09,Coimbatore,70,1.4,6.5,7.4,Clear,0,18.4
2024-12-09,Coimbatore,,0.9,15.2,6.0,Clear,0,62.1
2024-09-13,Coimbatore,70,0.0,30.3,6.5,Clear,0,18.7
2024-09-14,Coimbatore,80,0.5,24.9,4.6,Clear,0,16.1
2024-09-15,Coimbatore,52,1.1,31.3,11.2,Cloudy,0,13.6
2024-09-16,Coimbatore,34,1.3,3.8,6.8,Clear,0,16.8
2024-09-17,Coimbatore,69,51.7,28.9,8.6,Rain,0,17.8
2024-09-18,Coimbatore,79,0.5,13.0,10.9,Cloudy,0,12.5
2024-09-19,Coimbatore,31,0.7,32.2,5.3,Clear,0,17.5
2024-09-20,Coimbatore,46,41.8,31.4,5.7,Rain,0,16.5
2024-09-21,Coimbatore,28,1.7,13.0,7.7,Clear,0,14.8
2024-09-22,Coimbatore,75,1.4,13.6,5.2,Cloudy,0,17.6
2024-09-23,Coimbatore,75,0.6,23.7,10.0,Cloudy,0,19.0
2024-09-24,Coimbatore,53,61.6,41.3,8.5,Rain,0,18.5
2024-09-25,Coimbatore,44,0.2,39.5,6.7,Clear,0,18.2
2024-09-26,Coimbatore,88,1.0,11.1,1.3,Fog,0,15.6
2024-09-27,Coimbatore,48,26.3,2.0,8.0,Rain,0,17.5
2024-09-28,Coimbatore,72,0.4,10.1,5.4,Clear,0,12.9
2024-09-29,Coimbatore,  ,1.3,35.1,11.3,Cloudy,0,13.6
2024-09-30,Coimbatore,60,0.4,11.7,7.2,Sunny,0,18.1
2024-10-01,Coimbatore,45,99.6,44.0,11.0,Rain,0,11.8
2024-02-10,Coimbatore,34,1.4,17.8,1.2,Fog,0,16.0
2024-03-10,Coimbatore,90,40.2,9.3,9.5,Rain,0,19.5
2024-10-04,Coimbatore,47,1.0,44.2,0.8,Fog,0,15.5
2024-05-10,Coimbatore,50,22.7,16.4,7.8,Heavy Rain,0,15.4
2024-10-06,Coimbatore,91,0.5,43.4,7.9,Clear,0,12.8
2024-07-10,Coimbatore,41,107.1,15.5,4.6,Rain,1,12.2
2024-10-09,Coimbatore,86,0.5,27.7,4.9,Cloudy,0,18.5
2024-10-10,Coimbatore,90,12.2,20.7,6.7,Heavy Rain,0,10.111111111111112
2024-10-11,Coimbatore,52,110.7,38.6,8.3,Heavy Rain,1,20.2
2024-10-12,Coimbatore,63,0.7,15.3,8.8,Clear,0,14.7
2024-10-13,Coimbatore,96,6.3,20.3,11.7,Rain,0,13.055555555555555
2024-10-14,Coimbatore,88,0.7,32.0,5.3,Clear,0,15.8
2024-10-15,Coimbatore,28,21.2,38.9,7.3,Rain,0,15.3
2024-10-16,Coimbatore,71,0.1,,11.2,Cloudy,0,19.1
2024-10-17,Coimbatore,62,1.3,16.3,4.2,Clear,0,19.7
2024-10-18,Coimbatore,94,20.8,37.5,6.5,Rain,0,17.5
2024-10-19,Coimbatore,73,106.3,29.0,4.2,Thunderstorm,0,19.9
2024-10-20,Coimbatore,95,1.0,9.6,10.8,Clear,0,13.61111111111111
2024-10-21,Coimbatore,85,1.1,34.9,10.6,Clear,0,16.3
2024-10-22,Coimbatore,58,0.2,2.0,9.5,Sunny,0,25.1
2024-10-23,Coimbatore,70,118.3,3.0,9.6,Thunderstorm,0,17.7
2024-10-24,Coimbatore,52,1.6,5.0,2.6,Fog,0,15.166666666666666
2024-10-25,Coimbatore,45,57.7,11.2,6.6,Rain,1,20.11111111111111
2024-10-26,Coimbatore,53,107.9,42.9,9.6,Rain,1,14.9
2024-10-27,Coimbatore,46,1.8,33.6,11.4,Clear,0,11.2
2024-10-28,Coimbatore,83,86.7,2.9,8.6,Heavy Rain,0,13.4
2024-10-29,Coimbatore,31,1.2,36.8,8.2,Clear,0,54.5
2024-10-30,Coimbatore,31,1.0,20.7,5.0,Clear,0,17.88888888888889
2024-10-31,Coimbatore,36,1.8,13.0,8.5,Clear,0,15.222222222222221
2024-11-01,Coimbatore,85,1.5,18.7,11.1,Clear,0,14.7
2024-11-02,Coimbatore,52,1.8,27.3,4.4,Cloudy,0,15.4
2024-11-03,Coimbatore,76,1.6,34.1,4.8,Cloudy,0,19.2
2024-11-04,Coimbatore,29,1.2,30.4,8.5,Clear,0,20.0
2024-11-05,Coimbatore,80,0.3,36.0,4.8,Clear,0,13.3
2024-11-06,Coimbatore,35,1.7,2.7,8.3,Cloudy,0,18.0
2024-11-07,Coimbatore,65,0.6,10.0,11.2,Sunny,0,19.5
2024-08-11,Coimbatore,89,0.6,31.7,7.6,Clear,0,20.1
2024-11-10,Coimbatore,87,0.5,43.6,4.1,Sunny,0,20.2
2024-11-11,Coimbatore,50,85.5,6.1,7.3,Heavy Rain,0,27.1
2024-11-12,Coimbatore,  ,91.3,36.4,8.3,Thunderstorm,0,19.27777777777778
2024-11-13,Coimbatore,43,21.0,3.3,5.9,Rain,0,15.2
2024-11-14,Coimbatore,97,1.0,17.7,4.3,Sunny,0,16.0
2024-11-15,Coimbatore,36,0.8,34.6,7.6,Clear,0,21.3
2024-11-16,Coimbatore,87,0.4,18.1,9.6,Cloudy,0,21.7
2024-11-17,Coimbatore,34,1.1,21.7,5.7,Cloudy,0,17.1
2024-11-18,Coimbatore,43,108.9,21.2,5.5,Heavy Rain,1,65.7
2024-11-19,Coimbatore,38,1.1,28.1,10.0,Clear,0,
2024-11-20,Coimbatore,86,0.4,8.5,5.9,Clear,0,21.7
2024-11-21,Coimbatore,83,1.4,25.2,11.5,Clear,0,22.4
2024-11-22,Coimbatore,29,102.0,4.0,9.7,Rain,0,16.333333333333332
2024-11-24,Coimbatore,79,0.7,22.1,9.5,Sunny,0,69.3
2024-11-25,Coimbatore,,1.3,24.4,11.5,Clear,0,24.9
2024-11-26,Coimbatore,47,1.3,12.4,12.0,Cloudy,0,17.1
2024-11-27,Coimbatore,93,0.4,22.5,8.8,Clear,0,20.0
2024-11-28,Coimbatore,93,9.0,  ,11.9,Rain,0,24.4
2024-11-29,Coimbatore,31,1.8,12.5,6.2,Cloudy,0,23.3
2024-11-30,Coimbatore,83,98.3,39.8,10.7,Heavy Rain,0,18.9
2024-12-01,Coimbatore,82,1.8,32.5,8.4,Clear,0,19.9
2024-12-02,Coimbatore,35,1.9,19.2,4.7,Clear,0,19.5
2024-12-03,Coimbatore,57,1.4,5.1,6.3,Cloudy,0,21.3
2024-12-04,Coimbatore,60,0.2,23.7,7.5,Clear,0,15.833333333333334
2024-05-12,Coimbatore,33,0.7,23.5,11.9,Clear,0,22.2
2024-12-06,Coimbatore,34,1.4,18.6,6.1,Clear,0,21.77777777777778
2024-07-12,Coimbatore,37,1.7,34.9,9.7,Sunny,0,73.8
2024-08-12,Coimbatore,63,0.1,9.5,0.8,Fog,0,19.1
2024-09-12,Coimbatore,87,2.0,4.8,11.0,Clear,0,18.5
2024-12-10,Coimbatore,,0.1,43.7,10.8,Sunny,0,19.7
2024-12-11,Coimbatore,98,0.5,44.6,4.6,Cloudy,0,26.8
2024-12-12,Coimbatore,59,46.9,8.5,8.6,Thunderstorm,1,22.11111111111111
2024-12-13,Coimbatore,80,1.1,41.1,7.1,Clear,0,18.72222222222222
2024-12-14,Coimbatore,49,69.6,34.5,6.5,Rain,1,21.2
2024-12-15,Coimbatore,62,1.8,24.5,9.7,Cloudy,0,21.5
2024-12-16,Coimbatore,45,0.5,34.5,10.7,Clear,0,19.222222222222218
2024-12-17,Coimbatore,44,22.0,27.1,9.5,Rain,0,14.8
2024-12-18,Coimbatore,73,0.1,24.2,8.4,Clear,0,18.6
2024-12-19,Coimbatore,81,1.7,22.4,9.6,Clear,0,20.944444444444443
2024-12-20,Coimbatore,92,0.8,32.6,7.7,Cloudy,0,22.2
2024-12-21,Coimbatore,70,1.0,39.1,3.0,Fog,0,24.6
2024-12-22,Coimbatore,84,1.3,35.1,10.5,Cloudy,0,19.555555555555557
2024-12-23,Coimbatore,63,0.7,44.7,11.1,Cloudy,0,23.2
2024-12-24,Coimbatore,87,0.4,2.4,10.7,Clear,0,70.8
2024-12-25,Coimbatore,55,33.4,7.4,11.7,Rain,1,24.2
2024-12-26,Coimbatore,46,75.6,9.2,8.6,Rain,1,24.8
2024-12-27,Coimbatore,54,12.0,41.3,7.0,Rain,1,24.5
2024-12-28,Coimbatore,34,1.6,28.6,7.0,Clear,0,31.3
2024-12-29,Coimbatore,61,22.2,38.2,11.4,Rain,0,21.4
2024-12-30,Coimbatore,78,5.2,37.8,8.2,Heavy Rain,1,23.5
2024-12-31,Coimbatore,46,1.8,25.1,10.4,Cloudy,0,22.4
2025-01-01,Coimbatore,49,51.5,18.6,7.5,Rain,0,20.8
2025-01-02,Coimbatore,31,0.6,23.1,6.9,Clear,0,24.7
2025-03-01,Coimbatore,43,22.5,32.7,5.7,Rain,1,24.5
2025-04-01,Coimbatore,62,1.0,27.5,5.3,Clear,0,22.5
2025-05-01,Coimbatore,49,1.3,32.0,4.1,Cloudy,0,24.6
2025-06-01,Coimbatore,79,1.1,12.9,9.8,Sunny,0,24.7
2025-07-01,Coimbatore,97,1.5,17.3,10.7,Clear,0,20.9
2025-08-01,Coimbatore,35,0.3,40.6,9.3,Clear,0,74.0
2025-09-01,Coimbatore,68,1.1,34.4,6.9,Clear,0,25.5
2025-10-01,Coimbatore,58,1.5,41.8,11.2,Clear,0,26.8
2025-11-01,Coimbatore,51,10.0,24.1,4.9,Rain,0,78.8
2025-01-12,Coimbatore,58,1.0,8.5,4.7,Clear,0,29.7
2025-01-13,Coimbatore,81,107.0,11.2,11.5,Rain,0,30.3
2025-01-14,Coimbatore,94,5.7,34.6,8.6,Heavy Rain,0,29.2
2025-01-15,Coimbatore,66,1.2,36.8,9.9,Cloudy,0,24.6
2025-01-16,Coimbatore,85,1.6,6.9,6.8,Cloudy,0,25.7
2025-01-17,Coimbatore,73,2.0,19.2,11.8,Clear,0,28.7
2025-01-18,Coimbatore,47,0.3,17.2,1.5,Fog,0,29.88888888888889
2025-01-19,Coimbatore,97,0.6,4.9,1.0,Fog,0,25.8
2025-01-20,Coimbatore,35,110.4,9.2,9.4,Thunderstorm,0,26.0
2025-01-21,Coimbatore,71,57.2,30.3,6.3,Heavy Rain,0,26.0
2025-01-22,Coimbatore,35,1.5,4.9,4.6,Cloudy,0,24.8
2025-01-23,Coimbatore,75,0.6,5.7,5.6,Sunny,0,25.6
2025-01-24,Coimbatore,59,1.5,16.7,7.7,Clear,0,30.4
2025-01-25,Coimbatore,28,1.4,8.7,8.7,Sunny,0,26.8
2025-01-26,Coimbatore,29,16.2,25.4,9.9,Rain,0,32.6
2025-01-27,Coimbatore,51,0.8,3.5,4.9,Cloudy,0,29.2
2025-01-28,Coimbatore,68,0.8,11.6,2.9,Fog,0,88.2
2025-01-29,Coimbatore,,27.3,9.6,11.3,Thunderstorm,0,30.4
2025-01-30,Coimbatore,68,27.6,15.5,11.0,Heavy Rain,0,29.4
2025-01-31,Coimbatore,94,0.4,2.3,8.8,Clear,0,27.055555555555557
2025-02-01,Coimbatore,47,1.9,39.8,9.5,Clear,0,32.3
2025-02-02,Coimbatore,78,48.6,33.3,4.5,Heavy Rain,1,28.6
2025-03-02,Coimbatore,74,0.8,9.5,10.7,Cloudy,0,30.3
2025-02-04,Coimbatore,85,1.7,18.6,8.4,Clear,0,25.8
2025-05-02,Coimbatore,60,43.0,44.4,8.6,Heavy Rain,0,28.2
2025-02-06,Coimbatore,41,1.4,26.4,4.8,Cloudy,0,
2025-07-02,Coimbatore,63,117.2,11.9,11.0,Rain,0,31.8
2025-08-02,Coimbatore,86,0.0,5.6,9.8,Cloudy,0,32.888888888888886
2025-02-09,Coimbatore,93,1.4,20.2,5.2,Clear,0,29.6
2025-02-10,Coimbatore,72,9.4,30.7,9.3,Rain,0,32.8
2025-11-02,Coimbatore,44,1.6,34.6,5.7,Clear,0,31.5
2025-12-02,Coimbatore,30,77.1,40.4,9.3,Rain,0,30.6
2025-02-13,Coimbatore,46,79.3,20.6,11.6,Rain,0,28.4
2025-02-14,Coimbatore,57,1.0,11.6,6.3,Clear,0,32.2
2025-02-15,Coimbatore,54,109.5,23.1,4.3,Rain,0,28.4
2025-02-16,Coimbatore,91,23.8,2.8,8.3,Rain,0,32.8
2025-02-17,Coimbatore,50,11.6,40.3,6.3,Rain,0,27.3
2025-02-18,Coimbatore,41,0.9,24.0,8.4,Cloudy,0,28.1
2025-02-19,Coimbatore,30,0.7,34.5,1.1,Fog,0,31.9
2025-02-20,Coimbatore,44,0.2,9.6,4.4,Cloudy,0,29.6
2025-02-21,Coimbatore,89,64.7,,10.2,Rain,0,32.8
2025-02-22,Coimbatore,71,2.0,3.3,6.7,Clear,0,86.3
2025-02-23,Coimbatore,60,82.6,5.7,7.6,Rain,0,33.0
2025-02-24,Coimbatore,79,0.6,19.3,7.6,Cloudy,0,27.1
2025-02-25,Coimbatore,28,96.4,33.5,4.2,Heavy Rain,0,34.8
2025-02-26,Coimbatore,75,1.6,30.8,4.8,Clear,0,29.5
2025-02-27,Coimbatore,28,24.5,34.0,7.1,Rain,1,29.6
2025-02-28,Coimbatore,76,101.0,33.2,5.4,Rain,0,35.3
2025-03-01,Coimbatore,65,2.0,37.9,11.1,Clear,0,
2025-03-02,Coimbatore,31,1.9,29.6,10.2,Sunny,0,
2025-03-03,Coimbatore,98,1.9,31.1,5.7,Clear,0,32.4
2025-04-03,Coimbatore,49,0.9,22.6,7.5,Clear,0,34.0
2025-05-03,Coimbatore,63,1.1,24.1,7.1,Cloudy,0,32.5
2025-07-03,Coimbatore,57,34.2,27.4,7.2,Rain,0,31.3
2025-08-03,Coimbatore,35,119.2,5.8,8.8,Rain,0,101.1
2025-09-03,Coimbatore,67,0.2,2.8,6.5,Clear,0,28.333333333333332
2025-10-03,Coimbatore,64,117.9,13.6,5.0,Thunderstorm,0,29.7
2025-11-03,Coimbatore,72,1.4,11.6,9.5,Cloudy,0,77.1
2025-12-03,Coimbatore,55,1.1,44.5,7.2,Clear,0,29.4
2025-03-14,Coimbatore,54,0.2,23.2,4.5,Clear,0,32.8
2025-03-15,Coimbatore,82,0.2,40.0,4.9,Clear,0,98.2
2025-03-16,Coimbatore,40,0.9,21.3,8.1,Clear,0,34.388888888888886
2025-03-17,Coimbatore,29,1.0,42.0,5.9,Clear,0,30.6
2025-03-18,Coimbatore,,0.4,43.8,6.7,Clear,0,33.0
2025-03-19,Coimbatore,56,1.0,5.1,10.3,Cloudy,0,32.6
2025-03-20,Coimbatore,44,57.0,42.2,4.6,Rain,0,31.3
2025-03-22,Coimbatore,81,0.3,37.1,11.4,Clear,0,31.9
2025-03-23,Coimbatore,54,0.1,38.7,2.2,Fog,0,32.5
2025-03-24,Coimbatore,76,52.8,34.7,7.2,Rain,0,40.0
2025-03-25,Coimbatore,79,70.4,38.3,11.2,Rain,0,26.3
2025-03-26,Coimbatore,51,37.1,31.2,6.4,Rain,0,33.7
2025-03-27,Coimbatore,64,1.5,44.8,7.9,Clear,0,27.7
2025-03-28,Coimbatore,69,0.1,9.9,10.2,Clear,0,34.2
2025-03-29,Coimbatore,33,0.6,unknown,9.5,Cloudy,0,31.4
2025-03-30,Coimbatore,45,23.1,36.4,9.4,Heavy Rain,1,33.4
2025-03-31,Coimbatore,34,2.0,8.2,0.6,Fog,0,31.6
2025-01-04,Coimbatore,94,1.7,32.4,4.2,Clear,0,29.5
2025-04-02,Coimbatore,48,0.8,18.5,7.3,Cloudy,0,31.2
2025-04-03,Coimbatore,28,110.1,32.6,7.6,Thunderstorm,0,32.4
2025-04-04,Coimbatore,30,24.1,37.9,10.9,Rain,0,33.8
2025-04-05,Coimbatore,68,1.3,22.1,11.0,Sunny,0,29.9
2025-04-06,Coimbatore,59,1.3,13.3,10.0,Cloudy,0,33.5
2025-07-04,Coimbatore,96,0.2,11.2,6.2,Clear,0,34.0
2025-08-04,Coimbatore,58,57.2,33.9,5.0,Thunderstorm,0,30.11111111111111
2025-09-04,Coimbatore,77,2.0,6.7,5.7,Cloudy,0,
2025-04-10,Coimbatore,31,26.1,8.9,10.3,Rain,0,30.72222222222222
2025-04-11,Coimbatore,81,0.4,4.6,9.0,Cloudy,0,29.38888888888889
2025-12-04,Coimbatore,79,1.4,43.2,11.6,Clear,0,28.2
2025-04-13,Coimbatore,,0.4,31.2,8.0,Clear,0,36.5
2025-04-14,Coimbatore,79,0.5,36.4,7.8,Cloudy,0,30.5
2025-04-15,Coimbatore,96,1.8,15.5,1.4,Fog,0,90.9
2025-04-16,Coimbatore,54,1.8,25.7,8.4,Sunny,0,30.9
2025-04-17,Coimbatore,77,1.0,37.1,9.5,Cloudy,0,30.2
2025-04-19,Coimbatore,49,14.4,23.5,9.3,Rain,0,33.3
2025-04-20,Coimbatore,62,1.1,43.4,11.5,Cloudy,0,31.2
2025-04-21,Coimbatore,31,114.7,18.5,11.9,Rain,0,28.7
2025-04-22,Coimbatore,75,19.5,12.1,11.8,Heavy Rain,0,29.3
2025-04-23,Coimbatore,54,1.5,36.4,7.4,Clear,0,24.5
2025-04-24,Coimbatore,69,1.2,2.1,9.1,Clear,0,92.9
2025-04-25,Coimbatore,78,6.4,15.4,8.6,Rain,1,32.6
2025-04-26,Coimbatore,68,0.5,21.8,9.0,Clear,0,33.3
2025-04-27,Coimbatore,68,0.4,30.1,5.8,Clear,0,32.5
2025-04-28,Coimbatore,52,0.9,31.8,5.6,Sunny,0,30.8
2025-04-29,Coimbatore,32,0.9,27.4,11.9,Clear,0,33.4
2025-04-30,Coimbatore,79,0.7,34.2,10.3,Clear,0,30.4
2025-01-05,Coimbatore,93,0.3,9.4,8.4,Clear,0,27.6
2025-05-02,Coimbatore,88,0.9,28.6,10.2,Cloudy,0,31.27777777777778
2025-05-03,Coimbatore,61,0.1,39.1,6.6,Clear,0,28.2
2025-05-04,Coimbatore,36,67.5,35.7,7.8,Thunderstorm,0,34.9
2025-05-05,Coimbatore,94,1.7,29.6,1.5,Fog,0,31.8
2025-06-05,Coimbatore,52,19.1,12.0,8.4,Heavy Rain,0,26.0
2025-07-05,Coimbatore,32,0.4,17.2,10.0,Clear,0,34.1
2025-08-05,Coimbatore,86,0.6,29.2,10.1,Clear,0,33.2
2025-09-05,Coimbatore,64,0.8,38.3,9.8,Clear,0,24.5
2025-10-05,Coimbatore,39,1.5,29.8,11.7,Sunny,0,33.9
2025-05-11,Coimbatore,64,1.8,39.3,3.0,Fog,0,31.5
2025-12-05,Coimbatore,89,1.6,29.3,8.9,Cloudy,0,28.4
2025-05-13,Coimbatore,98,14.5,5.3,11.6,Rain,1,31.7
2025-05-14,Coimbatore,98,0.6,8.1,6.6,Cloudy,0,26.3
2025-05-15,Coimbatore,73,1.3,21.5,9.7,Clear,0,25.5
2025-05-16,Coimbatore,83,0.6,44.7,8.2,Cloudy,0,29.0
2025-05-17,Coimbatore,75,81.7,5.3,11.3,Rain,1,29.5
2025-05-18,Coimbatore,40,42.6,3.0,5.1,Heavy Rain,0,25.1
2025-05-19,Coimbatore,65,0.2,12.2,9.2,Cloudy,0,24.9
2025-05-20,Coimbatore,76,0.3,41.5,10.6,Sunny,0,28.7
2025-05-21,Coimbatore,28,1.2,13.2,7.1,Clear,0,30.5
2025-05-22,Coimbatore,  ,79.2,19.2,7.7,Rain,1,28.4
2025-05-23,Coimbatore,35,0.7,23.0,11.4,Cloudy,0,33.9
2025-05-24,Coimbatore,40,0.6,9.0,5.1,Clear,0,29.2
2025-05-25,Coimbatore,85,1.1,44.0,11.4,Cloudy,0,29.3
2025-05-26,Coimbatore,65,1.1,38.1,7.1,Clear,0,34.4
2025-05-27,Coimbatore,69,92.3,42.4,11.3,Rain,1,28.4
2025-05-28,Coimbatore,31,1.3,40.1,9.1,Clear,0,29.5
2025-05-29,Coimbatore,88,106.0,41.0,11.4,Rain,1,25.3
2025-05-30,Coimbatore,84,0.4,27.9,5.2,Cloudy,0,26.9
2025-05-31,Coimbatore,44,69.5,33.2,4.2,Rain,1,30.9
2025-01-06,Coimbatore,42,1.6,,10.4,Clear,0,
2025-02-06,Coimbatore,68,1.8,42.6,5.3,Clear,0,30.11111111111111
2025-03-06,Coimbatore,55,0.7,17.2,7.6,Clear,0,32.4
2025-04-06,Coimbatore,69,1.9,3.0,10.6,Clear,0,33.8
2025-06-05,Coimbatore,64,0.7,32.0,4.1,Clear,0,29.166666666666668
2025-06-06,Coimbatore,58,90.9,24.2,11.5,Rain,0,28.72222222222222
2025-06-07,Coimbatore,71,0.2,4.4,8.6,Clear,0,28.7
2025-06-08,Coimbatore,60,0.2,5.1,0.5,Fog,0,26.2
2025-06-09,Coimbatore,75,8.3,11.9,5.1,Rain,0,26.3
2025-06-10,Coimbatore,61,20.0,12.5,6.8,Heavy Rain,1,30.6
2025-11-06,Coimbatore,70,1.6,26.9,11.1,Clear,0,24.4
2025-12-06,Coimbatore,53,0.7,13.5,8.3,Cloudy,0,26.444444444444443
2025-06-13,Coimbatore,67,1.2,6.6,2.6,Fog,0,24.8
2025-06-14,Coimbatore,42,51.8,5.0,10.7,Thunderstorm,0,23.1
2025-06-15,Coimbatore,89,1.3,11.4,10.0,Clear,0,27.5
2025-06-16,Coimbatore,65,0.7,19.2,7.8,Clear,0,22.4
2025-06-17,Coimbatore,74,1.3,40.6,6.7,Clear,0,23.9
2025-06-18,Coimbatore,54,0.1,39.8,10.7,Clear,0,20.4
2025-06-19,Coimbatore,77,1.5,30.6,2.6,Fog,0,28.2
2025-06-20,Coimbatore,93,84.1,11.8,11.3,Thunderstorm,0,31.0
2025-06-21,Coimbatore,63,103.7,33.0,7.4,Rain,1,25.5
2025-06-22,Coimbatore,97,1.9,14.3,11.7,Cloudy,0,20.0
2025-06-23,Coimbatore,95,83.7,39.0,10.4,Rain,0,30.8
2025-06-24,Coimbatore,32,1.8,12.5,9.2,Clear,0,24.8
2025-06-25,Coimbatore,93,0.0,3.9,5.9,Sunny,0,25.3
2025-06-26,Coimbatore,78,41.0,44.7,8.9,Rain,1,27.7
2025-06-27,Coimbatore,35,1.3,26.7,1.8,Fog,0,28.333333333333332
2025-06-28,Coimbatore,49,1.1,42.4,11.6,Clear,0,28.055555555555557
2025-06-29,Coimbatore,58,0.3,22.3,11.2,Clear,0,26.888888888888893
2025-06-30,Coimbatore,98,1.7,42.9,10.0,Cloudy,0,23.0
2025-01-07,Coimbatore,88,0.5,3.0,6.1,Sunny,0,18.8
2024-01-01,Madurai,53,0.6,37.6,11.1,Sunny,0,23.3
2024-02-01,Madurai,94,0.0,34.8,7.7,Clear,0,24.9
2024-01-03,Madurai,43,0.6,11.8,4.2,Clear,0,22.2
2024-01-04,Madurai,,0.5,9.4,8.8,Clear,0,24.9
2024-05-01,Madurai,76,1.2,43.6,0.8,Fog,0,25.555555555555557
2024-06-01,Madurai,41,1.1,4.1,10.5,Cloudy,0,23.5
2024-07-01,Madurai,71,1.2,8.1,4.8,Cloudy,0,25.3
2024-01-08,Madurai,92,0.7,15.1,9.4,Clear,0,
2024-01-09,Madurai,59,59.5,12.2,8.1,Thunderstorm,1,23.0
2024-10-01,Madurai,52,1.9,21.0,8.7,Sunny,0,80.1
2024-01-11,Madurai,81,1.4,3.9,9.4,Sunny,0,26.3
2024-12-01,Madurai,65,60.4,22.4,10.8,Heavy Rain,0,28.055555555555557
2024-01-13,Madurai,81,71.5,12.0,4.8,Rain,1,82.1
2024-01-14,Madurai,30,0.1,  ,4.3,Clear,0,26.3
2024-01-15,Madurai,30,1.8,31.7,9.4,Cloudy,0,25.4
2024-01-16,Madurai,81,0.8,8.4,7.3,Clear,0,27.2
2024-01-17,Madurai,29,1.2,39.7,4.5,Cloudy,0,26.5
2024-01-18,Madurai,88,1.3,9.2,2.8,Fog,0,29.0
2024-01-19,Madurai,37,0.7,44.4,0.7,Fog,0,22.7
2024-01-20,Madurai,72,1.7,6.4,6.4,Clear,0,33.833333333333336
2024-01-21,Madurai,75,0.6,22.8,7.8,Sunny,0,25.4
2024-01-22,Madurai,82,0.5,35.7,4.3,Sunny,0,24.0
2024-01-23,Madurai,93,1.4,43.9,11.7,Sunny,0,21.8
2024-01-24,Madurai,81,37.8,29.7,9.0,Rain,0,26.2
2024-01-25,Madurai,73,0.4,2.7,1.4,Fog,0,29.4
2024-01-26,Madurai,89,5.3,24.0,11.0,Thunderstorm,0,26.611111111111114
2024-01-27,Madurai,52,1.8,7.4,4.5,Clear,0,24.8
2024-01-28,Madurai,96,1.6,23.1,6.7,Cloudy,0,31.444444444444443
2024-01-29,Madurai,45,0.2,22.9,8.2,Sunny,0,26.5
2024-01-30,Madurai,71,0.9,5.2,2.2,Fog,0,30.7
2024-01-31,Madurai,78,89.8,43.4,5.9,Heavy Rain,0,32.22222222222222
2024-02-01,Madurai,90,0.9,18.2,6.6,Cloudy,0,26.8
2024-02-02,Madurai,60,108.7,23.5,5.9,Heavy Rain,1,25.3
2024-02-03,Madurai,44,66.1,41.6,5.9,Rain,0,29.6
2024-04-02,Madurai,72,1.3,7.3,7.0,Cloudy,0,25.9
2024-02-05,Madurai,29,1.4,29.2,9.1,Cloudy,0,22.9
2024-06-02,Madurai,75,0.1,21.9,11.3,Clear,0,33.0
2024-02-07,Madurai,67,1.9,35.8,11.4,Sunny,0,28.166666666666668
2024-02-08,Madurai,57,0.5,7.3,10.1,Sunny,0,27.0
2024-09-02,Madurai,79,0.4,32.1,11.2,Sunny,0,
2024-10-02,Madurai,45,114.3,33.9,4.7,Rain,0,24.7
2024-02-11,Madurai,87,108.1,18.8,6.5,Rain,0,31.9
2024-02-12,Madurai,77,1.9,38.3,8.7,Sunny,0,30.22222222222222
2024-02-13,Madurai,55,11.8,27.8,11.6,Rain,0,24.7
2024-02-14,Madurai,38,36.5,11.9,11.7,Thunderstorm,0,27.8
2024-02-15,Madurai,62,7.7,2.2,9.5,Heavy Rain,0,29.5
2024-02-16,Madurai,36,61.3,27.2,5.0,Heavy Rain,0,35.0
2024-02-17,Madurai,53,36.6,41.6,4.2,Thunderstorm,0,34.2
2024-02-18,Madurai,30,0.0,22.6,4.3,Clear,0,33.1
2024-02-19,Madurai,71,89.5,39.5,9.2,Rain,0,30.0
2024-02-20,Madurai,38,1.0,22.8,8.2,Clear,0,
2024-02-21,Madurai,74,0.4,29.4,7.3,Clear,0,30.1
2024-02-22,Madurai,76,0.4,37.8,10.7,Clear,0,27.6
2024-02-23,Madurai,57,62.7,14.4,7.5,Rain,0,29.11111111111111
2024-02-24,Madurai,47,0.4,29.9,7.2,Clear,0,37.2
2024-02-25,Madurai,69,104.7,44.2,5.5,Thunderstorm,0,30.5
2024-02-26,Madurai,80,0.8,13.5,1.6,Fog,0,31.3
2024-02-27,Madurai,44,1.0,30.0,8.8,Clear,0,25.8
2024-02-28,Madurai,-,54.9,36.5,6.4,Rain,0,27.555555555555554
2024-02-29,Madurai,39,47.0,41.6,4.7,Heavy Rain,0,30.5
2024-03-01,Madurai,28,72.2,19.6,6.3,Rain,1,29.9
2024-02-03,Madurai,65,1.7,17.5,5.9,Clear,0,31.4
2024-03-03,Madurai,49,98.9,35.9,9.4,Rain,0,80.8
2024-03-04,Madurai,97,0.9,43.4,5.3,Sunny,0,34.6
2024-03-05,Madurai,82,1.4,19.1,1.2,Fog,0,31.7
2024-03-06,Madurai,95,0.8,4.2,2.3,Fog,0,24.2
2024-07-03,Madurai,38,0.8,2.3,9.1,Cloudy,0,32.5
2024-08-03,Madurai,72,73.3,18.8,5.3,Heavy Rain,0,34.5
2024-03-09,Madurai,76,76.5,14.9,8.5,Heavy Rain,0,31.1
2024-03-10,Madurai,35,0.3,2.6,8.4,Clear,0,25.3
2024-03-11,Madurai,72,0.1,37.7,11.6,Cloudy,0,96.9
2024-03-12,Madurai,29,0.1,16.8,11.5,Clear,0,29.2
2024-03-13,Madurai,42,0.3,33.0,11.5,Clear,0,29.1
2024-03-14,Madurai,38,1.4,38.9,5.6,Clear,0,31.1
2024-03-15,Madurai,93,1.3,41.4,4.5,Clear,0,31.166666666666668
2024-03-16,Madurai,89,23.5,43.8,9.8,Rain,1,31.9
2024-03-17,Madurai,44,1.7,34.7,11.2,Cloudy,0,35.3
2024-03-18,Madurai,53,5.1,5.5,9.4,Rain,0,31.6
2024-03-19,Madurai,48,0.4,25.1,10.6,Clear,0,31.38888888888889
2024-03-20,Madurai,91,1.0,3.8,5.5,Sunny,0,89.0
2024-03-21,Madurai,66,1.1,24.6,5.1,Clear,0,31.2
2024-03-22,Madurai,28,92.4,15.6,5.5,Thunderstorm,0,34.1
2024-03-23,Madurai,50,1.3,14.0,8.2,Sunny,0,32.5
2024-03-24,Madurai,39,1.1,10.8,4.2,Sunny,0,30.9
2024-03-25,Madurai,51,0.3,30.3,5.1,Cloudy,0,30.8
2024-03-26,Madurai,94,0.2,16.7,5.9,Cloudy,0,36.0
2024-03-27,Madurai,95,0.4,31.2,5.9,Clear,0,35.0
2024-03-28,Madurai,92,41.5,14.1,7.0,Rain,1,36.5
2024-03-29,Madurai,36,1.0,38.3,9.6,Sunny,0,35.5
2024-03-30,Madurai,57,33.8,44.1,9.0,Rain,0,34.4
2024-03-31,Madurai,70,73.9,9.2,11.2,Rain,0,33.3
2024-04-01,Madurai,72,1.3,43.2,11.2,Clear,0,29.7
2024-02-04,Madurai,83,1.5,8.2,11.6,Clear,0,30.6
2024-03-04,Madurai,40,0.6,8.2,10.2,Clear,0,31.7
2024-04-04,Madurai,92,79.3,16.3,6.1,Heavy Rain,0,33.8
2024-04-05,Madurai,95,51.5,27.6,11.6,Rain,1,29.3
2024-04-06,Madurai,83,1.8,20.1,10.4,Sunny,0,30.4
2024-04-07,Madurai,86,15.5,3.2,9.9,Heavy Rain,0,29.1
2024-04-08,Madurai,80,1.4,10.1,6.5,Clear,0,30.5
2024-04-09,Madurai,55,1.0,16.8,9.9,Clear,0,30.5
2024-04-10,Madurai,67,12.4,21.6,11.6,Heavy Rain,0,32.2
2024-11-04,Madurai,59,1.5,28.4,11.0,Cloudy,0,30.2
2024-04-14,Madurai,28,55.4,22.5,9.4,Rain,0,30.8
2024-04-15,Madurai,42,62.9,30.2,8.4,Rain,1,35.4
2024-04-16,Madurai,46,1.8,23.6,7.3,Cloudy,0,33.0
2024-04-17,Madurai,73,0.5,34.9,7.7,Clear,0,
2024-04-18,Madurai,,1.3,27.1,11.2,Clear,0,36.4
2024-04-19,Madurai,62,112.2,18.6,10.2,Thunderstorm,0,32.3
2024-04-20,Madurai,88,50.2,35.9,10.6,Rain,0,32.2
2024-04-21,Madurai,73,1.9,11.8,5.4,Cloudy,0,36.3
2024-04-22,Madurai,34,1.6,,11.7,Cloudy,0,28.6
2024-04-23,Madurai,58,0.2,34.1,4.1,Clear,0,32.7
2024-04-24,Madurai,32,1.5,29.2,8.8,Clear,0,34.0
2024-04-25,Madurai,43,27.8,13.0,9.1,Heavy Rain,0,30.4
2024-04-26,Madurai,44,1.1,18.0,11.3,Clear,0,33.7
2024-04-27,Madurai,70,0.4,5.9,9.1,Clear,0,33.4
2024-04-28,Madurai,36,1.6,44.7,10.4,Clear,0,30.8
2024-04-29,Madurai,38,0.9,2.5,1.4,Fog,0,28.2
2024-04-30,Madurai,29,1.5,28.1,6.3,Clear,0,35.2
2024-05-01,Madurai,72,1.6,40.7,4.2,Cloudy,0,34.8
2024-05-02,Madurai,55,38.3,27.3,6.1,Heavy Rain,0,32.5
2024-03-05,Madurai,81,70.5,40.0,11.2,Rain,0,27.2
2024-05-04,Madurai,63,115.1,37.6,8.1,Heavy Rain,1,30.1
2024-05-06,Madurai,90,90.9,42.7,9.0,Thunderstorm,0,29.5
2024-05-07,Madurai,62,1.3,34.5,5.6,Clear,0,37.4
2024-08-05,Madurai,31,47.7,4.4,11.4,Thunderstorm,0,28.9
2024-05-09,Madurai,88,76.5,18.3,8.9,Thunderstorm,0,31.2
2024-05-10,Madurai,29,23.3,9.7,9.6,Rain,0,31.0
2024-11-05,Madurai,81,1.7,41.9,5.5,Clear,0,30.4
2024-12-05,Madurai,30,0.3,35.9,6.9,Cloudy,0,28.2
2024-05-13,Madurai,62,0.2,25.3,6.7,Clear,0,29.2
2024-05-14,Madurai,97,1.3,41.5,7.7,Clear,0,31.4
2024-05-15,Madurai,39,28.4,17.7,11.9,Heavy Rain,0,27.8
2024-05-16,Madurai,79,0.8,39.1,8.5,Cloudy,0,27.6
2024-05-17,Madurai,86,0.8,2.4,10.1,Clear,0,25.9
2024-05-18,Madurai,57,0.8,31.2,5.1,Clear,0,28.8
2024-05-19,Madurai,74,15.0,21.2,8.0,Thunderstorm,0,30.4
2024-05-20,Madurai,42,0.3,6.1,10.6,Sunny,0,28.5
2024-05-21,Madurai,31,0.4,24.6,6.1,Cloudy,0,30.2
2024-05-22,Madurai,73,115.2,31.9,6.9,Thunderstorm,1,24.7
2024-05-23,Madurai,40,1.6,24.2,4.0,Clear,0,26.5
2024-05-24,Madurai,40,0.3,27.8,5.4,Cloudy,0,26.0
2024-05-25,Madurai,58,0.2,15.9,10.0,Clear,0,25.7
2024-05-26,Madurai,36,58.6,14.3,6.7,Rain,1,27.7
2024-05-27,Madurai,69,0.4,24.2,2.3,Fog,0,26.5
2024-05-28,Madurai,98,1.8,28.4,4.9,Cloudy,0,29.1
2024-05-29,Madurai,65,83.6,3.5,9.3,Rain,0,26.8
2024-05-30,Madurai,76,1.7,37.2,5.3,Clear,0,28.3
2024-05-31,Madurai,46,0.5,40.2,4.5,Clear,0,30.6
2024-01-06,Madurai,35,0.0,22.1,11.2,Clear,0,29.9
2024-06-02,Madurai,59,1.3,37.5,4.8,Clear,0,24.3
2024-03-06,Madurai,45,23.5,6.4,11.1,Heavy Rain,0,31.9
2024-06-04,Madurai,31,1.6,unknown,4.6,Clear,0,25.0
2024-06-05,Madurai,48,38.8,3.6,11.9,Thunderstorm,1,26.8
2024-06-06,Madurai,60,72.9,41.6,4.5,Rain,1,23.4
2024-06-07,Madurai,37,0.3,16.0,10.1,Sunny,0,23.5
2024-08-06,Madurai,33,1.0,40.5,7.8,Sunny,0,25.3
2024-09-06,Madurai,92,101.4,44.0,4.9,Thunderstorm,0,26.7
2024-10-06,Madurai,75,52.4,44.4,9.8,Heavy Rain,0,24.7
2024-11-06,Madurai,88,95.2,27.3,7.9,Thunderstorm,0,24.7
2024-12-06,Madurai,33,0.7,20.9,9.6,Clear,0,28.6
2024-06-13,Madurai,87,112.1,2.8,10.4,Rain,0,29.0
2024-06-14,Madurai,87,49.2,12.9,9.9,Rain,1,25.3
2024-06-15,Madurai,45,1.1,9.5,6.5,Cloudy,0,21.944444444444443
2024-06-16,Madurai,70,0.4,21.0,10.8,Clear,0,32.9
2024-06-17,Madurai,45,93.7,17.1,6.8,Heavy Rain,0,23.8
2024-06-18,Madurai,41,0.0,4.2,9.9,Cloudy,0,23.9
2024-06-19,Madurai,44,0.6,10.6,5.3,Clear,0,27.6
2024-06-20,Madurai,71,52.3,25.5,6.0,Rain,1,27.2
2024-06-21,Madurai,49,0.8,20.5,11.7,Cloudy,0,31.8
2024-06-22,Madurai,81,1.7,35.9,8.2,Sunny,0,25.888888888888886
2024-06-23,Madurai,41,22.0,12.8,8.9,Rain,1,25.4
2024-06-24,Madurai,33,0.4,27.5,6.7,Cloudy,0,27.6
2024-06-25,Madurai,79,22.5,29.6,8.6,Rain,1,28.4
2024-06-26,Madurai,44,0.7,44.0,7.8,Clear,0,24.7
2024-06-27,Madurai,66,0.2,41.0,10.2,Clear,0,20.7
2024-06-28,Madurai,59,1.2,19.9,10.2,Clear,0,21.6
2024-06-29,Madurai,98,32.6,28.7,4.8,Rain,0,26.6
2024-06-30,Madurai,72,30.8,24.7,4.9,Rain,1,28.5
2024-01-07,Madurai,32,1.1,7.6,7.3,Cloudy,0,21.0
2024-07-02,Madurai,,1.1,8.3,9.0,Clear,0,27.1
2024-07-03,Madurai,56,62.4,7.9,8.0,Rain,0,21.3
2024-07-04,Madurai,81,1.6,13.6,2.0,Fog,0,26.9
2024-05-07,Madurai,54,1.5,11.2,8.6,Clear,0,23.0
2024-07-06,Madurai,38,0.8,41.3,4.5,Clear,0,20.6
2024-07-07,Madurai,93,1.7,40.5,11.7,Cloudy,0,26.6
2024-07-08,Madurai,55,0.0,27.1,6.6,Cloudy,0,70.4
2024-07-09,Madurai,69,0.4,16.9,11.5,Clear,0,21.7
2024-10-07,Madurai,38,106.1,44.4,11.9,Rain,0,24.0
2024-11-07,Madurai,52,1.7,36.8,7.8,Sunny,0,
2024-12-07,Madurai,63,1.0,37.7,7.9,Sunny,0,
2024-07-13,Madurai,61,0.9,34.9,9.7,Cloudy,0,
2024-07-14,Madurai,71,1.0,9.4,11.3,Cloudy,0,24.1
2024-07-15,Madurai,,0.5,24.7,6.9,Clear,0,19.1
2024-07-16,Madurai,85,102.5,22.0,4.9,Thunderstorm,0,27.9
2024-07-17,Madurai,61,0.3,22.5,4.7,Clear,0,22.88888888888889
2024-07-18,Madurai,67,1.3,25.9,9.9,Clear,0,25.1
2024-07-19,Madurai,78,0.5,32.5,11.2,Clear,0,24.2
2024-07-20,Madurai,49,0.1,10.3,7.9,Cloudy,0,22.2
2024-07-21,Madurai,69,108.3,6.8,10.0,Thunderstorm,0,23.6
2024-07-22,Madurai,62,1.9,9.9,11.3,Clear,0,20.1
2024-07-23,Madurai,69,1.6,2.9,2.4,Fog,0,20.4
2024-07-24,Madurai,84,1.9,30.2,6.2,Clear,0,17.555555555555557
2024-07-25,Madurai,74,1.2,35.6,11.1,Sunny,0,22.9
2024-07-26,Madurai,84,0.6,14.1,10.8,Cloudy,0,18.5
2024-07-27,Madurai,89,1.7,21.6,1.0,Fog,0,69.4
2024-07-28,Madurai,89,1.9,9.2,5.3,Clear,0,24.7
2024-07-29,Madurai,73,80.6,22.9,7.7,Rain,0,15.3
2024-07-30,Madurai,56,18.4,36.7,8.7,Rain,0,16.6
2024-07-31,Madurai,74,46.7,17.5,6.9,Thunderstorm,0,21.7
2024-08-02,Madurai,41,0.8,40.7,8.1,Clear,0,19.8
2024-03-08,Madurai,76,1.0,6.2,9.5,Clear,0,25.4
2024-08-04,Madurai,92,55.0,32.1,7.0,Rain,0,19.8
2024-05-08,Madurai,,1.5,24.5,8.1,Sunny,0,13.2
2024-06-08,Madurai,43,1.2,11.8,4.6,Clear,0,17.11111111111111
2024-08-07,Madurai,85,1.6,6.3,9.6,Clear,0,19.3
2024-08-08,Madurai,49,0.7,20.5,11.6,Clear,0,
2024-08-09,Madurai,93,38.2,44.5,4.0,Rain,0,21.1
2024-08-10,Madurai,90,1.3,41.5,9.5,Cloudy,0,16.11111111111111
2024-08-11,Madurai,49,54.3,15.4,8.5,Rain,0,16.6
2024-12-08,Madurai,33,1.6,9.8,9.7,Cloudy,0,21.2
2024-08-14,Madurai,77,51.3,27.4,8.4,Rain,0,22.8
2024-08-15,Madurai,unknown,12.1,12.6,6.6,Thunderstorm,0,19.6
2024-08-16,Madurai,37,0.9,44.7,6.6,Clear,0,20.5
2024-08-17,Madurai,63,1.7,5.3,4.9,Cloudy,0,15.6
2024-08-18,Madurai,41,1.7,23.6,11.2,Cloudy,0,18.9
2024-08-20,Madurai,47,1.5,35.5,1.6,Fog,0,24.2
2024-08-21,Madurai,73,0.7,9.1,6.1,Clear,0,17.5
2024-08-22,Madurai,86,0.8,38.7,11.6,Cloudy,0,18.4
2024-08-23,Madurai,53,0.2,24.0,2.4,Fog,0,17.7
2024-08-24,Madurai,69,0.1,21.8,4.4,Cloudy,0,16.3
2024-08-25,Madurai,45,0.5,40.5,2.0,Fog,0,15.7
2024-08-26,Madurai,46,107.5,41.1,8.1,Rain,0,18.0
2024-08-27,Madurai,68,0.8,2.6,7.5,Clear,0,16.6
2024-08-28,Madurai,,64.1,13.3,10.2,Rain,0,18.1
2024-08-29,Madurai,56,0.2,34.2,9.5,Clear,0,
2024-08-30,Madurai,92,0.8,43.2,8.8,Cloudy,0,16.166666666666668
2024-08-31,Madurai,62,0.9,27.2,8.1,Sunny,0,60.1
2024-01-09,Madurai,29,1.7,24.8,10.9,Cloudy,0,12.2
2024-09-02,Madurai,61,0.6,8.1,11.8,Sunny,0,16.8
2024-09-03,Madurai,46,0.2,12.0,8.9,Clear,0,17.8
2024-04-09,Madurai,39,1.6,9.3,7.0,Sunny,0,18.4
2024-09-05,Madurai,37,0.9,37.9,9.1,Cloudy,0,13.9
2024-06-09,Madurai,90,0.4,33.8,6.0,Clear,0,12.3
2024-07-09,Madurai,95,0.8,25.0,5.2,Sunny,0,13.1
2024-08-09,Madurai,75,0.7,26.0,7.7,Cloudy,0,15.9
2024-09-09,Madurai,48,1.8,15.1,10.0,Cloudy,0,14.61111111111111
2024-09-10,Madurai,49,30.0,17.1,4.0,Heavy Rain,1,
2024-09-11,Madurai,58,0.1,11.7,10.9,Sunny,0,21.1
2024-09-12,Madurai,50,0.1,30.6,5.2,Sunny,0,10.7
2024-09-13,Madurai,80,1.9,23.8,8.2,Sunny,0,56.4
2024-09-14,Madurai,80,1.3,2.3,7.5,Cloudy,0,16.8
2024-09-15,Madurai,78,0.8,30.6,10.3,Clear,0,15.0
2024-09-16,Madurai,72,93.7,40.9,10.0,Heavy Rain,0,15.1
2024-09-17,Madurai,33,1.4,44.5,7.6,Clear,0,15.4
2024-09-18,Madurai,42,1.1,27.7,7.5,Cloudy,0,14.5
2024-09-19,Madurai,83,0.6,20.5,6.3,Cloudy,0,19.0
2024-09-20,Madurai,39,94.3,29.9,5.5,Heavy Rain,0,21.3
2024-09-21,Madurai,28,1.1,24.5,1.1,Fog,0,17.8
2024-09-22,Madurai,48,0.1,16.1,8.7,Cloudy,0,18.111111111111107
2024-09-23,Madurai,68,97.7,37.4,11.4,Rain,1,13.8
2024-09-24,Madurai,80,1.9,36.0,1.9,Fog,0,13.3
2024-09-25,Madurai,97,0.4,2.0,5.6,Sunny,0,21.0
2024-09-26,Madurai,37,0.6,5.0,4.5,Clear,0,11.0
2024-09-27,Madurai,89,1.0,25.9,9.8,Clear,0,13.6
2024-09-28,Madurai,46,99.7,26.3,10.9,Rain,0,18.2
2024-09-29,Madurai,77,0.0,25.5,8.0,Clear,0,19.388888888888893
2024-09-30,Madurai,43,0.8,3.9,6.5,Clear,0,16.0
2024-10-01,Madurai,42,1.6,5.4,6.4,Cloudy,0,14.6
2024-02-10,Madurai,38,0.9,39.6,9.5,Cloudy,0,13.9
2024-03-10,Madurai,47,35.3,35.7,6.7,Rain,0,25.0
2024-10-04,Madurai,86,1.4,24.7,6.3,Sunny,0,16.4
2024-05-10,Madurai,82,1.8,3.3,6.0,Clear,0,10.9
2024-10-07,Madurai,84,0.5,10.3,8.1,Sunny,0,20.9
2024-10-08,Madurai,74,14.8,43.2,6.9,Heavy Rain,0,15.0
2024-10-09,Madurai,66,1.4,36.7,6.0,Clear,0,14.3
2024-10-10,Madurai,58,54.8,31.1,4.8,Thunderstorm,0,13.6
2024-11-10,Madurai,45,101.4,14.3,6.4,Heavy Rain,0,14.7
2024-12-10,Madurai,52,0.7,40.7,9.5,Clear,0,18.9
2024-10-13,Madurai,75,1.2,13.0,4.6,Sunny,0,12.9
2024-10-14,Madurai,63,1.2,40.7,11.8,Clear,0,14.6
2024-10-15,Madurai,97,0.5,4.1,6.2,Cloudy,0,18.7
2024-10-16,Madurai,37,0.1,36.1,7.5,Cloudy,0,17.9
2024-10-17,Madurai,33,1.3,44.2,5.1,Cloudy,0,16.9
2024-10-18,Madurai,45,35.4,27.9,6.7,Thunderstorm,0,15.555555555555555
2024-10-19,Madurai,62,1.7,30.8,5.1,Cloudy,0,19.055555555555557
2024-10-20,Madurai,53,0.3,27.5,11.7,Clear,0,15.4
2024-10-21,Madurai,91,1.6,,8.1,Clear,0,15.6
2024-10-22,Madurai,51,1.0,36.3,12.0,Clear,0,19.5
2024-10-23,Madurai,43,1.4,27.6,11.4,Cloudy,0,15.8
2024-10-24,Madurai,31,78.3,28.2,6.9,Rain,0,19.1
2024-10-25,Madurai,31,0.6,13.2,7.1,Clear,0,59.5
2024-10-26,Madurai,90,1.6,21.0,4.1,Clear,0,13.666666666666666
2024-10-27,Madurai,74,27.2,9.2,8.7,Thunderstorm,0,14.5
2024-10-28,Madurai,32,1.4,26.4,5.8,Clear,0,17.8
2024-10-29,Madurai,38,1.5,11.1,7.3,Sunny,0,17.6
2024-10-30,Madurai,41,89.9,5.9,6.9,Rain,0,20.3
2024-10-31,Madurai,54,1.0,21.4,10.0,Clear,0,17.4
2024-01-11,Madurai,64,0.3,36.0,4.6,Clear,0,17.0
2024-11-02,Madurai,53,0.2,4.9,4.9,Cloudy,0,18.9
2024-03-11,Madurai,55,0.2,27.3,5.5,Clear,0,15.7
2024-04-11,Madurai,47,0.6,26.2,8.5,Clear,0,20.0
2024-11-05,Madurai,28,1.6,7.7,7.3,Cloudy,0,13.499999999999998
2024-06-11,Madurai,54,97.1,28.5,11.7,Rain,1,20.9
2024-07-11,Madurai,62,0.3,27.7,8.2,Clear,0,12.9
2024-11-08,Madurai,32,97.1,41.2,6.8,Rain,0,17.0
2024-11-09,Madurai,76,0.3,4.4,4.3,Clear,0,17.944444444444443
2024-10-11,Madurai,-,1.6,40.4,5.6,Clear,0,16.5
2024-11-11,Madurai,87,1.1,24.6,9.3,Clear,0,13.6
2024-11-12,Madurai,45,0.2,14.6,4.4,Sunny,0,20.9
2024-11-13,Madurai,52,24.0,40.3,9.9,Thunderstorm,0,
2024-11-14,Madurai,44,94.1,7.7,9.3,Rain,0,25.166666666666668
2024-11-15,Madurai,43,0.6,38.7,11.2,Clear,0,
2024-11-16,Madurai,94,0.1,23.3,6.1,Clear,0,15.6
2024-11-17,Madurai,64,0.3,27.1,9.8,Cloudy,0,
2024-11-18,Madurai,61,1.6,34.6,2.0,Fog,0,24.6
2024-11-19,Madurai,77,76.4,18.7,7.9,Rain,0,14.7
2024-11-20,Madurai,54,0.2,29.2,10.8,Clear,0,16.6
2024-11-21,Madurai,77,1.3,15.2,5.3,Cloudy,0,18.9
2024-11-23,Madurai,59,1.8,41.3,5.8,Clear,0,14.2
2024-11-24,Madurai,74,1.1,10.7,11.0,Sunny,0,21.9
2024-11-25,Madurai,61,1.5,36.1,9.5,Cloudy,0,17.7
2024-11-26,Madurai,53,83.0,3.8,9.6,Thunderstorm,1,19.833333333333332
2024-11-27,Madurai,89,0.4,6.0,8.1,Clear,0,
2024-11-28,Madurai,62,0.6,12.7,6.2,Sunny,0,19.833333333333332
2024-11-29,Madurai,47,0.4,30.9,9.5,Clear,0,19.0
2024-11-30,Madurai,38,0.3,38.0,11.4,Clear,0,18.9
2024-12-01,Madurai,94,11.8,17.3,4.3,Rain,1,21.4
2024-02-12,Madurai,81,0.4,35.1,11.9,Cloudy,0,19.9
2024-12-03,Madurai,92,114.3,7.4,4.1,Rain,1,19.2
2024-12-04,Madurai,73,74.2,18.2,7.6,Thunderstorm,0,22.0
2024-05-12,Madurai,,70.3,42.6,9.0,Rain,1,20.6
2024-12-06,Madurai,37,34.4,39.3,5.9,Rain,0,22.6
2024-07-12,Madurai,84,93.1,35.6,9.4,Rain,0,21.5
2024-12-08,Madurai,55,1.8,36.4,6.5,Clear,0,
2024-09-12,Madurai,56,99.4,35.0,6.7,Rain,0,19.0
2024-10-12,Madurai,77,34.0,34.6,8.6,Rain,0,16.5
2024-11-12,Madurai,83,1.3,13.2,4.7,Clear,0,26.6
2024-12-12,Madurai,65,1.8,9.0,7.0,Clear,0,19.5
2024-12-13,Madurai,87,1.8,8.0,12.0,Cloudy,0,26.0
2024-12-14,Madurai,60,64.6,42.8,5.4,Rain,0,18.1
2024-12-15,Madurai,40,49.6,44.1,10.1,Rain,0,
2024-12-16,Madurai,90,1.4,38.8,7.9,Clear,0,21.1
2024-12-17,Madurai,86,2.0,6.2,0.7,Fog,0,21.5
2024-12-18,Madurai,55,0.5,11.6,10.1,Sunny,0,19.6
2024-12-19,Madurai,75,1.6,16.1,4.4,Clear,0,17.5
2024-12-20,Madurai,85,0.9,16.1,8.2,Cloudy,0,27.2
2024-12-21,Madurai,95,1.2,27.7,4.2,Cloudy,0,19.9
2024-12-23,Madurai,84,0.2,19.2,10.2,Clear,0,19.9
2024-12-24,Madurai,56,0.7,13.9,9.9,Clear,0,18.4
2024-12-25,Madurai,49,1.6,38.1,11.2,Clear,0,25.1
2024-12-26,Madurai,72,98.1,23.6,9.9,Heavy Rain,1,26.9
2024-12-27,Madurai,53,70.9,38.2,7.7,Rain,0,22.9
2024-12-28,Madurai,59,0.2,8.3,8.3,Clear,0,27.1
2024-12-29,Madurai,74,36.3,41.6,10.8,Rain,0,24.6
2024-12-30,Madurai,66,1.3,9.2,4.3,Sunny,0,25.1
2024-12-31,Madurai,64,43.3,9.6,5.0,Thunderstorm,1,
2025-01-01,Madurai,91,1.0,23.4,9.8,Clear,0,28.3
2025-01-02,Madurai,94,10.4,4.1,7.3,Rain,0,24.0
2025-01-03,Madurai,33,62.6,6.2,7.8,Heavy Rain,0,24.8
2025-01-04,Madurai,30,112.1,23.3,4.3,Heavy Rain,0,25.2
2025-05-01,Madurai,31,1.0,7.4,5.5,Cloudy,0,26.7
2025-06-01,Madurai,85,0.5,26.6,1.9,Fog,0,81.0
2025-01-07,Madurai,95,1.2,13.1,5.7,Cloudy,0,
2025-01-08,Madurai,82,1.8,20.6,4.9,Clear,0,25.33333333333333
2025-09-01,Madurai,38,0.6,3.3,5.5,Cloudy,0,24.9
2025-10-01,Madurai,96,116.3,5.7,6.8,Rain,1,24.2
2025-01-11,Madurai,86,2.0,15.5,7.7,Cloudy,0,28.2
2025-12-01,Madurai,58,0.7,4.0,10.5,Sunny,0,21.7
2025-01-13,Madurai,41,53.1,18.6,6.2,Rain,0,28.8
2025-01-14,Madurai,34,0.6,17.2,10.2,Cloudy,0,24.3
2025-01-15,Madurai,38,1.2,34.5,5.8,Clear,0,67.9
2025-01-16,Madurai,50,0.5,36.1,6.8,Clear,0,
2025-01-17,Madurai,97,31.6,15.5,7.2,Rain,0,26.1
2025-01-18,Madurai,91,0.8,22.9,11.3,Sunny,0,26.8
2025-01-19,Madurai,37,1.9,5.8,7.8,Sunny,0,23.5
2025-01-20,Madurai,87,1.6,11.3,4.8,Clear,0,25.4
2025-01-21,Madurai,44,0.3,33.2,9.1,Clear,0,33.2
2025-01-22,Madurai,  ,1.2,35.1,0.9,Fog,0,81.4
2025-01-23,Madurai,55,71.6,5.6,9.2,Heavy Rain,1,23.8
2025-01-24,Madurai,35,0.0,6.0,9.2,Sunny,0,29.5
2025-01-25,Madurai,76,1.4,27.7,6.8,Cloudy,0,30.8
2025-01-26,Madurai,81,1.2,17.5,7.0,Cloudy,0,31.6
2025-01-28,Madurai,78,0.9,13.4,10.5,Cloudy,0,91.4
2025-01-29,Madurai,44,1.7,40.7,9.1,Cloudy,0,27.1
2025-01-30,Madurai,63,64.5,39.8,5.4,Thunderstorm,0,28.7
2025-01-31,Madurai,63,5.4,6.0,10.0,Rain,0,31.0
2025-02-01,Madurai,-,16.6,8.2,11.3,Heavy Rain,1,27.3
2025-02-02,Madurai,37,0.5,,6.9,Clear,0,31.7
2025-03-02,Madurai,39,1.3,21.1,7.5,Clear,0,27.4
2025-04-02,Madurai,95,1.4,2.3,11.1,Clear,0,
2025-05-02,Madurai,87,1.1,30.3,4.8,Cloudy,0,28.0
2025-02-06,Madurai,78,11.6,12.3,10.9,Rain,0,
2025-07-02,Madurai,48,1.5,23.7,8.6,Cloudy,0,28.8
2025-08-02,Madurai,41,118.5,34.4,7.9,Rain,0,87.4
2025-02-10,Madurai,92,57.6,13.4,10.7,Rain,0,27.8
2025-11-02,Madurai,52,1.0,27.5,10.8,Clear,0,27.9
2025-02-12,Madurai,83,0.8,17.4,4.9,Cloudy,0,27.2
2025-02-13,Madurai,-,1.4,21.4,10.2,Clear,0,23.8
2025-02-14,Madurai,51,0.8,38.3,7.6,Clear,0,26.7
2025-02-15,Madurai,58,0.9,22.2,8.6,Clear,0,
2025-02-16,Madurai,67,1.2,20.5,8.0,Clear,0,28.2
2025-02-17,Madurai,91,22.4,14.5,6.7,Heavy Rain,1,29.2
2025-02-18,Madurai,70,1.8,43.9,8.3,Clear,0,28.7
2025-02-19,Madurai,92,0.4,12.8,10.2,Clear,0,33.2
2025-02-20,Madurai,57,0.3,22.3,8.5,Cloudy,0,29.4
2025-02-21,Madurai,38,31.8,41.9,6.4,Rain,0,33.2
2025-02-22,Madurai,28,0.8,44.4,7.1,Clear,0,94.1
2025-02-23,Madurai,46,1.2,  ,1.4,Fog,0,28.1
2025-02-24,Madurai,66,65.0,36.8,9.1,Rain,0,28.4
2025-02-25,Madurai,52,0.8,5.2,9.1,Clear,0,33.5
2025-02-26,Madurai,44,0.3,16.6,2.2,Fog,0,30.4
2025-02-27,Madurai,72,0.2,43.0,8.3,Cloudy,0,33.1
2025-02-28,Madurai,60,59.3,26.4,7.7,Rain,0,31.9
2025-01-03,Madurai,46,0.5,21.9,6.6,Cloudy,0,32.2
2025-02-03,Madurai,34,1.6,33.4,7.6,Clear,0,26.11111111111111
2025-03-03,Madurai,86,40.5,40.7,4.6,Rain,0,35.3
2025-03-04,Madurai,79,0.7,25.2,9.0,Sunny,0,31.8
2025-05-03,Madurai,69,1.0,17.3,11.2,Sunny,0,28.833333333333332
2025-06-03,Madurai,67,0.0,12.2,10.8,Clear,0,26.9
2025-07-03,Madurai,78,86.3,2.5,9.9,Rain,0,36.666666666666664
2025-08-03,Madurai,65,1.5,12.7,6.8,Clear,0,30.6
2025-03-09,Madurai,72,1.3,9.1,5.7,Clear,0,29.2
2025-03-10,Madurai,89,1.3,33.3,1.2,Fog,0,30.8
2025-11-03,Madurai,32,1.8,37.7,8.0,Clear,0,33.4
2025-12-03,Madurai,84,0.1,30.7,6.5,Clear,0,28.9
2025-03-13,Madurai,  ,38.5,22.5,6.1,Rain,0,31.6
2025-03-14,Madurai,33,11.4,19.8,9.1,Thunderstorm,0,32.0
2025-03-15,Madurai,92,38.0,19.8,9.7,Rain,1,36.2
2025-03-16,Madurai,30,0.8,6.1,10.2,Clear,0,26.8
2025-03-17,Madurai,86,0.4,37.8,7.9,Clear,0,33.0
2025-03-18,Madurai,85,0.5,27.0,8.1,Clear,0,33.7
2025-03-19,Madurai,,114.9,3.1,5.3,Heavy Rain,0,28.2
2025-03-20,Madurai,60,0.3,32.2,6.2,Sunny,0,33.8
2025-03-21,Madurai,68,1.7,14.2,7.2,Clear,0,29.5
2025-03-22,Madurai,67,62.7,41.5,11.6,Thunderstorm,1,36.4
2025-03-23,Madurai,58,19.6,19.7,9.2,Thunderstorm,1,32.9
2025-03-24,Madurai,,1.2,25.2,11.9,Clear,0,32.9
2025-03-25,Madurai,59,0.2,43.2,7.2,Sunny,0,36.1
2025-03-26,Madurai,63,1.4,40.7,5.6,Sunny,0,33.2
2025-03-28,Madurai,36,1.9,30.1,9.8,Cloudy,0,30.8
2025-03-29,Madurai,57,0.5,39.7,1.0,Fog,0,27.6
2025-03-30,Madurai,-,1.0,5.4,11.6,Clear,0,27.5
2025-03-31,Madurai,74,64.8,15.3,5.3,Rain,0,34.0
2025-04-01,Madurai,,100.8,30.3,5.1,Rain,1,35.8
2025-02-04,Madurai,96,0.5,18.7,8.1,Sunny,0,32.5
2025-04-03,Madurai,89,0.7,4.5,7.4,Cloudy,0,30.2
2025-04-04,Madurai,37,80.7,3.2,9.8,Thunderstorm,1,31.4
2025-05-04,Madurai,95,52.2,20.9,4.4,Rain,0,29.1
2025-04-06,Madurai,30,65.4,37.9,10.6,Heavy Rain,1,29.1
2025-04-07,Madurai,  ,1.2,29.4,6.3,Clear,0,29.6
2025-08-04,Madurai,65,1.4,29.8,4.1,Cloudy,0,38.5
2025-04-09,Madurai,51,98.2,9.7,10.1,Heavy Rain,0,33.9
2025-10-04,Madurai,,0.0,41.1,10.8,Clear,0,29.6
2025-11-04,Madurai,82,1.4,13.0,10.0,Clear,0,32.3
2025-12-04,Madurai,37,0.8,37.4,2.7,Fog,0,85.9
2025-04-13,Madurai,47,0.2,15.7,10.6,Clear,0,33.4
2025-04-14,Madurai,86,1.2,14.4,7.1,Sunny,0,27.11111111111111
2025-04-15,Madurai,93,2.0,14.5,8.1,Clear,0,33.2
2025-04-16,Madurai,37,1.5,28.4,8.8,Cloudy,0,29.9
2025-04-17,Madurai,76,0.4,8.7,2.7,Fog,0,28.9
2025-04-18,Madurai,59,6.0,42.9,11.9,Heavy Rain,0,34.0
2025-04-19,Madurai,73,0.2,24.3,11.2,Clear,0,29.1
2025-04-20,Madurai,40,1.8,12.2,6.5,Clear,0,33.0
2025-04-21,Madurai,66,0.1,32.4,7.2,Clear,0,28.6
2025-04-22,Madurai,58,44.1,20.4,6.5,Rain,0,34.7
2025-04-23,Madurai,74,1.0,20.9,8.1,Clear,0,24.8
2025-04-24,Madurai,75,2.0,,10.6,Cloudy,0,30.4
2025-04-25,Madurai,87,0.1,30.1,4.2,Cloudy,0,28.0
2025-04-26,Madurai,94,0.8,10.7,7.2,Clear,0,32.0
2025-04-27,Madurai,90,0.0,33.8,9.9,Sunny,0,28.6
2025-04-28,Madurai,45,1.7,28.9,2.5,Fog,0,34.2
2025-04-30,Madurai,97,0.8,13.9,11.7,Clear,0,30.6
2025-01-05,Madurai,56,0.8,21.0,5.2,Clear,0,28.3
2025-05-02,Madurai,87,0.6,36.9,7.0,Sunny,0,29.9
2025-03-05,Madurai,95,0.9,4.9,10.5,Clear,0,35.6
2025-05-04,Madurai,86,0.6,17.5,5.8,Clear,0,28.1
2025-05-05,Madurai,79,95.0,30.3,9.2,Thunderstorm,1,35.1
2025-06-05,Madurai,81,1.6,30.2,5.1,Clear,0,37.4
2025-05-07,Madurai,73,1.1,20.5,5.7,Clear,0,24.9
2025-05-08,Madurai,92,0.3,22.0,10.4,Sunny,0,94.9
2025-05-09,Madurai,77,1.7,38.3,6.0,Sunny,0,35.5
2025-05-10,Madurai,64,15.0,5.3,5.0,Rain,0,27.7
2025-05-11,Madurai,50,77.6,30.7,8.8,Rain,0,26.5
2025-05-12,Madurai,59,0.0,21.4,10.3,Clear,0,30.7
2025-05-13,Madurai,51,0.2,8.3,7.9,Clear,0,27.7
2025-05-14,Madurai,79,0.9,11.8,5.1,Sunny,0,29.6
2025-05-15,Madurai,78,34.8,27.9,11.3,Heavy Rain,0,26.3
2025-05-16,Madurai,42,59.3,18.5,5.9,Rain,0,37.5
2025-05-17,Madurai,81,1.0,34.5,8.9,Cloudy,0,30.0
2025-05-18,Madurai,67,1.1,42.6,9.1,Clear,0,33.3
2025-05-19,Madurai,88,46.9,44.6,8.7,Heavy Rain,1,33.55555555555556
2025-05-20,Madurai,68,32.2,2.6,4.3,Rain,0,30.3
2025-05-21,Madurai,  ,1.1,34.2,11.3,Cloudy,0,79.2
2025-05-22,Madurai,88,0.9,42.3,6.0,Clear,0,26.4
2025-05-23,Madurai,97,69.7,10.2,7.9,Rain,0,27.8
2025-05-24,Madurai,95,0.2,17.1,9.8,Cloudy,0,30.0
2025-05-25,Madurai,80,1.5,39.5,4.4,Clear,0,32.3
2025-05-26,Madurai,65,1.1,25.6,5.2,Clear,0,
2025-05-27,Madurai,77,65.8,15.9,11.5,Rain,0,29.3
2025-05-28,Madurai,50,1.8,15.2,9.9,Cloudy,0,31.6
2025-05-29,Madurai,39,35.3,42.4,6.0,Rain,0,31.3
2025-05-30,Madurai,61,1.4,7.2,9.9,Clear,0,28.333333333333332
2025-01-06,Madurai,29,2.0,32.3,10.1,Cloudy,0,24.2
2025-06-02,Madurai,72,1.0,2.1,4.1,Clear,0,26.3
2025-06-03,Madurai,80,1.7,11.7,10.5,Clear,0,25.7
2025-06-04,Madurai,67,19.8,37.1,11.9,Thunderstorm,0,28.1
2025-06-05,Madurai,77,77.4,12.4,10.4,Heavy Rain,0,82.5
2025-06-06,Madurai,,0.7,19.7,7.0,Clear,0,25.7
2025-07-06,Madurai,63,0.3,42.3,8.7,Clear,0,25.7
2025-06-08,Madurai,65,0.2,28.5,4.4,Sunny,0,25.4
2025-09-06,Madurai,58,1.9,23.8,4.5,Sunny,0,24.0
2025-06-10,Madurai,90,66.0,24.1,8.3,Rain,0,27.3
2025-06-11,Madurai,37,1.4,36.6,6.4,Clear,0,26.7
2025-06-12,Madurai,47,0.6,38.2,7.8,Clear,0,28.8
2025-06-13,Madurai,46,81.1,42.8,6.1,Rain,0,26.8
2025-06-14,Madurai,60,1.9,37.2,10.1,Clear,0,24.66666666666667
2025-06-15,Madurai,67,0.1,9.9,5.6,Clear,0,28.3
2025-06-16,Madurai,33,0.2,43.3,6.7,Clear,0,21.1
2025-06-17,Madurai,55,2.0,2.1,6.8,Clear,0,25.5
2025-06-18,Madurai,62,2.0,44.3,10.4,Sunny,0,27.1
2025-06-19,Madurai,84,0.2,43.5,6.4,Cloudy,0,26.9
2025-06-20,Madurai,92,1.3,21.4,8.3,Clear,0,24.3
2025-06-21,Madurai,32,89.1,4.0,5.2,Rain,0,35.4
2025-06-22,Madurai,38,44.0,5.5,9.9,Heavy Rain,0,24.4
2025-06-23,Madurai,76,0.4,23.5,6.2,Clear,0,26.2
2025-06-24,Madurai,64,0.4,2.1,11.0,Clear,0,23.0
2025-06-25,Madurai,51,1.3,7.8,10.5,Clear,0,22.9
2025-06-26,Madurai,87,0.9,31.0,5.9,Clear,0,27.5
2025-06-27,Madurai,57,0.2,30.1,6.2,Clear,0,21.1
2025-06-28,Madurai,52,1.3,44.3,5.7,Cloudy,0,27.22222222222222
2025-06-29,Madurai,38,0.0,13.6,5.3,Clear,0,22.3
2025-06-30,Madurai,,0.0,36.7,4.1,Clear,0,23.2
2025-01-07,Madurai,36,37.7,6.4,4.5,Rain,0,23.8
2024-01-01,Bengaluru,81,1.1,unknown,4.6,Cloudy,0,25.1
2024-02-01,Bengaluru,49,13.5,17.9,10.2,Heavy Rain,1,21.7
2024-01-03,Bengaluru,95,43.3,35.9,7.0,Rain,1,72.8
2024-04-01,Bengaluru,84,0.1,17.8,6.2,Clear,0,24.5
2024-05-01,Bengaluru,58,1.6,,9.1,Clear,0,19.3
2024-01-06,Bengaluru,70,28.1,6.8,7.3,Heavy Rain,0,24.4
2024-01-07,Bengaluru,70,1.8,7.2,7.2,Clear,0,25.3
2024-08-01,Bengaluru,44,0.9,6.2,1.9,Fog,0,76.2
2024-09-01,Bengaluru,98,74.7,44.8,6.8,Heavy Rain,0,31.0
2024-01-10,Bengaluru,42,1.0,36.2,11.9,Clear,0,23.4
2024-01-11,Bengaluru,86,0.1,4.8,5.4,Cloudy,0,22.5
2024-01-12,Bengaluru,58,1.7,32.1,6.9,Clear,0,26.2
2024-01-13,Bengaluru,61,54.4,30.4,5.4,Rain,0,22.6
2024-01-14,Bengaluru,92,31.4,41.2,11.5,Rain,1,26.5
2024-01-15,Bengaluru,91,1.2,44.0,10.7,Cloudy,0,26.0
2024-01-16,Bengaluru,32,0.6,42.9,6.0,Cloudy,0,24.0
2024-01-17,Bengaluru,36,57.7,26.0,10.0,Heavy Rain,0,26.1
2024-01-18,Bengaluru,34,1.1,36.6,4.2,Sunny,0,24.6
2024-01-19,Bengaluru,91,0.9,8.2,11.0,Clear,0,23.2
2024-01-20,Bengaluru,85,96.8,33.4,9.6,Rain,0,23.2
2024-01-21,Bengaluru,85,0.6,16.2,2.2,Fog,0,27.0
2024-01-22,Bengaluru,80,5.2,-,11.1,Rain,0,26.0
2024-01-23,Bengaluru,,62.1,20.6,9.3,Rain,0,27.4
2024-01-24,Bengaluru,50,1.8,  ,5.6,Sunny,0,25.5
2024-01-25,Bengaluru,49,0.0,11.1,11.9,Sunny,0,23.0
2024-01-26,Bengaluru,41,0.5,44.9,6.2,Clear,0,29.1
2024-01-27,Bengaluru,72,40.6,27.4,9.2,Heavy Rain,1,26.9
2024-01-28,Bengaluru,69,0.5,35.9,3.0,Fog,0,27.6
2024-01-29,Bengaluru,  ,0.8,25.3,6.1,Clear,0,34.6
2024-01-30,Bengaluru,78,1.2,3.6,8.6,Cloudy,0,81.6
2024-01-31,Bengaluru,61,0.1,19.6,2.8,Fog,0,30.2
2024-01-02,Bengaluru,66,47.6,9.1,11.8,Rain,0,27.1
2024-02-02,Bengaluru,54,56.8,19.5,9.5,Rain,0,28.8
2024-03-02,Bengaluru,55,0.2,37.8,5.7,Cloudy,0,28.3
2024-02-04,Bengaluru,81,1.3,44.1,7.8,Sunny,0,29.5
2024-05-02,Bengaluru,-,46.8,-,10.0,Heavy Rain,0,28.2
2024-06-02,Bengaluru,92,1.2,43.8,9.8,Clear,0,30.3
2024-07-02,Bengaluru,64,1.6,30.9,8.2,Clear,0,27.5
2024-02-08,Bengaluru,36,0.6,2.2,11.5,Sunny,0,23.9
2024-09-02,Bengaluru,64,0.3,25.2,10.8,Cloudy,0,27.9
2024-10-02,Bengaluru,89,0.1,42.3,6.8,Cloudy,0,28.7
2024-11-02,Bengaluru,57,1.5,24.1,1.0,Fog,0,29.555555555555557
2024-02-12,Bengaluru,61,0.7,9.7,4.9,Sunny,0,28.8
2024-02-13,Bengaluru,85,0.1,19.5,7.5,Clear,0,32.22222222222222
2024-02-14,Bengaluru,36,1.4,33.7,6.7,Clear,0,32.0
2024-02-15,Bengaluru,43,0.7,30.1,5.1,Clear,0,31.6
2024-02-16,Bengaluru,84,0.6,42.1,10.5,Clear,0,27.9
2024-02-17,Bengaluru,59,32.4,22.0,4.4,Rain,0,31.6
2024-02-18,Bengaluru,56,1.2,3.8,11.6,Clear,0,28.9
2024-02-19,Bengaluru,63,0.8,4.4,7.9,Cloudy,0,28.0
2024-02-20,Bengaluru,95,0.1,10.5,7.1,Clear,0,29.8
2024-02-21,Bengaluru,51,47.2,35.7,5.5,Heavy Rain,0,27.7
2024-02-22,Bengaluru,84,1.0,2.1,5.5,Sunny,0,28.7
2024-02-23,Bengaluru,44,1.5,38.7,2.7,Fog,0,28.2
2024-02-24,Bengaluru,75,33.0,28.5,6.8,Rain,1,30.1
2024-02-25,Bengaluru,94,1.6,36.6,5.8,Clear,0,30.1
2024-02-26,Bengaluru,39,1.7,29.0,4.5,Sunny,0,27.8
2024-02-27,Bengaluru,55,75.5,17.1,8.4,Heavy Rain,1,32.1
2024-02-28,Bengaluru,39,1.7,17.4,6.0,Sunny,0,35.44444444444444
2024-02-29,Bengaluru,83,0.9,28.0,8.0,Sunny,0,30.0
2024-01-03,Bengaluru,92,1.8,37.1,4.1,Clear,0,29.7
2024-02-03,Bengaluru,97,0.8,21.2,6.3,Sunny,0,38.1
2024-03-03,Bengaluru,31,32.1,40.7,8.9,Rain,0,29.3
2024-04-03,Bengaluru,45,1.0,41.3,8.1,Cloudy,0,31.5
2024-05-03,Bengaluru,92,1.5,26.1,7.1,Clear,0,33.9
2024-06-03,Bengaluru,34,1.1,19.8,4.4,Clear,0,31.6
2024-03-07,Bengaluru,71,0.9,44.2,7.3,Cloudy,0,30.4
2024-03-08,Bengaluru,96,0.8,37.2,1.6,Fog,0,28.0
2024-03-09,Bengaluru,79,0.6,unknown,8.1,Sunny,0,30.7
2024-10-03,Bengaluru,45,0.9,4.3,1.1,Fog,0,31.8
2024-12-03,Bengaluru,93,0.2,25.3,9.3,Cloudy,0,34.4
2024-03-13,Bengaluru,68,95.2,36.7,11.4,Rain,0,35.1
2024-03-14,Bengaluru,35,0.0,33.3,7.6,Clear,0,29.9
2024-03-15,Bengaluru,53,0.3,unknown,9.6,Cloudy,0,33.5
2024-03-16,Bengaluru,85,104.4,28.0,11.7,Rain,0,27.2
2024-03-18,Bengaluru,,83.6,30.1,5.0,Rain,1,31.7
2024-03-19,Bengaluru,65,0.1,43.3,5.5,Clear,0,36.0
2024-03-20,Bengaluru,57,0.9,26.8,4.9,Clear,0,25.6
2024-03-21,Bengaluru,98,1.3,5.3,9.9,Clear,0,33.6
2024-03-22,Bengaluru,53,0.2,41.5,6.1,Clear,0,34.1
2024-03-23,Bengaluru,59,1.4,6.7,10.1,Clear,0,29.0
2024-03-24,Bengaluru,63,42.4,39.9,9.8,Rain,0,34.0
2024-03-25,Bengaluru,35,1.8,40.3,4.3,Clear,0,31.4
2024-03-26,Bengaluru,34,76.0,13.2,4.1,Heavy Rain,1,34.2
2024-03-27,Bengaluru,40,1.2,39.0,5.1,Cloudy,0,36.8
2024-03-28,Bengaluru,36,0.8,31.8,5.1,Clear,0,30.7
2024-03-29,Bengaluru,72,1.0,6.4,2.8,Fog,0,32.9
2024-03-30,Bengaluru,91,0.3,32.2,6.9,Cloudy,0,93.3
2024-03-31,Bengaluru,73,1.7,34.1,5.8,Cloudy,0,34.0
2024-04-01,Bengaluru,54,41.4,37.5,9.6,Rain,1,34.2
2024-02-04,Bengaluru,65,0.7,17.9,7.9,Clear,0,31.6
2024-03-04,Bengaluru,57,0.4,15.5,8.0,Clear,0,31.8
2024-04-04,Bengaluru,92,0.5,43.2,6.6,Sunny,0,35.9
2024-04-05,Bengaluru,40,88.9,39.1,4.1,Rain,1,30.3
2024-04-06,Bengaluru,35,0.9,24.5,7.6,Cloudy,0,36.7
2024-04-07,Bengaluru,70,64.8,9.3,10.8,Rain,0,32.4
2024-04-08,Bengaluru,68,0.8,37.0,9.8,Clear,0,30.0
2024-04-09,Bengaluru,31,114.5,30.5,4.8,Heavy Rain,0,33.8
2024-10-04,Bengaluru,51,82.2,29.4,4.8,Thunderstorm,0,30.833333333333332
2024-04-11,Bengaluru,84,0.9,5.4,9.2,Sunny,0,34.0
2024-12-04,Bengaluru,43,0.6,34.4,7.8,Clear,0,30.1
2024-04-13,Bengaluru,66,0.2,,1.3,Fog,0,87.0
2024-04-14,Bengaluru,29,1.5,12.0,9.7,Sunny,0,36.5
2024-04-16,Bengaluru,34,57.6,16.8,4.9,Rain,0,33.5
2024-04-17,Bengaluru,98,0.7,33.8,6.9,Clear,0,28.0
2024-04-18,Bengaluru,67,107.2,34.1,5.9,Rain,0,31.6
2024-04-19,Bengaluru,67,81.3,25.5,9.1,Rain,0,25.6
2024-04-20,Bengaluru,57,86.3,10.8,7.5,Rain,1,33.5
2024-04-21,Bengaluru,56,0.1,23.0,10.9,Clear,0,28.9
2024-04-22,Bengaluru,82,0.5,41.1,6.6,Cloudy,0,78.3
2024-04-23,Bengaluru,74,0.8,9.2,4.8,Cloudy,0,29.6
2024-04-24,Bengaluru,47,1.0,31.0,6.9,Sunny,0,31.5
2024-04-25,Bengaluru,32,86.2,31.3,6.9,Rain,1,32.0
2024-04-26,Bengaluru,70,1.3,31.7,4.2,Clear,0,29.7
2024-04-27,Bengaluru,51,0.4,29.5,8.0,Clear,0,31.1
2024-04-28,Bengaluru,39,0.4,10.9,8.8,Sunny,0,31.9
2024-04-29,Bengaluru,60,1.6,9.3,7.3,Cloudy,0,88.2
2024-04-30,Bengaluru,64,97.6,20.3,11.8,Thunderstorm,0,27.4
2024-01-05,Bengaluru,65,0.2,18.3,7.1,Clear,0,32.6
2024-02-05,Bengaluru,89,0.8,31.3,1.4,Fog,0,
2024-05-03,Bengaluru,71,0.4,17.0,4.0,Sunny,0,32.1
2024-04-05,Bengaluru,41,0.1,43.3,10.1,Clear,0,38.5
2024-05-05,Bengaluru,68,0.1,44.2,1.0,Fog,0,33.333333333333336
2024-05-06,Bengaluru,37,0.4,41.7,5.5,Clear,0,34.3
2024-05-07,Bengaluru,85,29.9,37.0,4.4,Rain,0,
2024-05-08,Bengaluru,84,112.0,22.6,11.1,Rain,0,28.6
2024-05-09,Bengaluru,87,1.9,38.2,6.0,Sunny,0,32.0
2024-10-05,Bengaluru,75,0.9,3.8,11.3,Clear,0,33.4
2024-11-05,Bengaluru,97,0.6,9.5,5.5,Clear,0,33.1
2024-12-05,Bengaluru,67,0.8,3.2,6.1,Clear,0,27.4
2024-05-13,Bengaluru,97,1.5,40.1,8.1,Clear,0,
2024-05-14,Bengaluru,81,0.5,28.3,11.0,Clear,0,25.7
2024-05-15,Bengaluru,40,78.9,8.9,6.4,Thunderstorm,0,29.7
2024-05-16,Bengaluru,42,0.7,14.8,8.5,Cloudy,0,29.5
2024-05-17,Bengaluru,71,1.9,20.3,9.2,Clear,0,31.7
2024-05-18,Bengaluru,86,70.0,37.6,9.7,Heavy Rain,0,28.8
2024-05-19,Bengaluru,93,38.7,unknown,7.0,Rain,0,30.8
2024-05-20,Bengaluru,82,0.5,14.5,9.8,Cloudy,0,
2024-05-21,Bengaluru,91,1.0,23.6,8.2,Sunny,0,34.0
2024-05-22,Bengaluru,38,0.8,18.1,9.4,Clear,0,30.0
2024-05-23,Bengaluru,78,84.4,41.0,10.7,Thunderstorm,1,
2024-05-24,Bengaluru,59,1.5,21.6,11.7,Sunny,0,
2024-05-25,Bengaluru,,1.9,8.2,11.7,Cloudy,0,31.8
2024-05-26,Bengaluru,97,0.0,23.7,8.9,Cloudy,0,31.4
2024-05-27,Bengaluru,61,1.3,10.2,4.0,Clear,0,28.4
2024-05-28,Bengaluru,32,0.8,40.1,6.4,Sunny,0,29.7
2024-05-29,Bengaluru,28,2.0,40.8,3.0,Fog,0,31.6
2024-05-30,Bengaluru,92,0.9,38.3,4.8,Clear,0,23.1
2024-05-31,Bengaluru,35,74.2,5.0,11.1,Thunderstorm,0,26.666666666666668
2024-06-01,Bengaluru,65,1.1,14.0,2.3,Fog,0,21.7
2024-06-02,Bengaluru,74,0.3,11.7,11.2,Clear,0,35.0
2024-03-06,Bengaluru,96,0.8,30.7,9.7,Cloudy,0,26.7
2024-04-06,Bengaluru,87,0.7,10.9,9.1,Clear,0,28.1
2024-06-05,Bengaluru,36,1.8,41.8,5.5,Clear,0,32.1
2024-06-06,Bengaluru,86,1.4,38.3,8.7,Cloudy,0,24.0
2024-07-06,Bengaluru,53,1.3,9.7,5.9,Clear,0,26.166666666666664
2024-06-08,Bengaluru,72,0.5,31.4,8.0,Clear,0,27.055555555555557
2024-06-09,Bengaluru,78,64.6,18.4,9.8,Heavy Rain,0,31.3
2024-06-10,Bengaluru,85,1.6,6.5,10.1,Clear,0,26.7
2024-11-06,Bengaluru,35,0.5,10.3,8.2,Cloudy,0,29.1
2024-06-12,Bengaluru,81,1.8,11.8,1.2,Fog,0,17.7
2024-06-13,Bengaluru,35,1.0,14.9,6.7,Sunny,0,28.9
2024-06-14,Bengaluru,71,1.0,40.8,10.7,Cloudy,0,28.833333333333332
2024-06-15,Bengaluru,97,1.9,24.7,8.4,Clear,0,27.77777777777778
2024-06-16,Bengaluru,90,1.4,19.6,10.6,Clear,0,31.3
2024-06-17,Bengaluru,49,0.1,24.4,8.6,Cloudy,0,22.2
2024-06-18,Bengaluru,38,0.2,41.1,10.3,Clear,0,25.8
2024-06-19,Bengaluru,63,19.6,43.9,8.3,Rain,1,28.9
2024-06-20,Bengaluru,68,65.2,2.0,9.3,Heavy Rain,1,24.6
2024-06-21,Bengaluru,39,51.3,15.9,9.2,Rain,1,26.6
2024-06-22,Bengaluru,30,0.4,37.4,7.8,Cloudy,0,24.1
2024-06-23,Bengaluru,85,1.7,24.4,6.1,Clear,0,32.7
2024-06-24,Bengaluru,80,36.3,31.7,9.7,Rain,0,25.8
2024-06-25,Bengaluru,43,1.1,34.4,9.5,Sunny,0,24.3
2024-06-26,Bengaluru,28,17.7,38.5,8.0,Rain,1,26.6
2024-06-27,Bengaluru,45,0.1,9.1,10.4,Clear,0,72.5
2024-06-28,Bengaluru,77,0.2,10.2,7.7,Clear,0,72.6
2024-06-29,Bengaluru,51,0.2,21.3,7.4,Clear,0,23.4
2024-06-30,Bengaluru,77,1.7,43.1,8.9,Cloudy,0,28.1
2024-07-01,Bengaluru,86,118.0,34.5,11.1,Thunderstorm,0,25.0
2024-07-02,Bengaluru,59,0.9,11.9,0.3,Fog,0,25.27777777777778
2024-07-03,Bengaluru,55,1.1,36.6,10.0,Clear,0,19.9
2024-04-07,Bengaluru,87,1.0,13.1,0.9,Fog,0,20.0
2024-07-05,Bengaluru,45,0.3,31.4,4.4,Cloudy,0,25.1
2024-06-07,Bengaluru,46,1.4,31.8,7.7,Cloudy,0,27.1
2024-07-07,Bengaluru,71,1.7,35.6,2.3,Fog,0,74.9
2024-08-07,Bengaluru,84,0.8,44.6,8.1,Cloudy,0,26.4
2024-09-07,Bengaluru,57,0.1,8.6,10.2,Clear,0,23.9
2024-07-10,Bengaluru,72,0.5,20.4,4.3,Clear,0,25.11111111111111
2024-11-07,Bengaluru,32,1.5,15.1,4.2,Cloudy,0,24.6
2024-12-07,Bengaluru,43,0.3,7.2,5.3,Clear,0,25.8
2024-07-13,Bengaluru,37,0.0,10.1,11.9,Clear,0,25.2
2024-07-14,Bengaluru,78,10.2,24.5,11.7,Rain,1,22.9
2024-07-15,Bengaluru,53,88.9,22.6,9.4,Heavy Rain,0,26.38888888888889
2024-07-16,Bengaluru,46,0.9,18.9,6.6,Clear,0,25.7
2024-07-17,Bengaluru,74,1.4,27.9,4.5,Clear,0,19.3
2024-07-18,Bengaluru,29,1.0,12.6,10.4,Clear,0,17.0
2024-07-19,Bengaluru,87,1.1,4.1,10.6,Clear,0,
2024-07-20,Bengaluru,45,60.6,31.5,6.4,Heavy Rain,0,23.6
2024-07-21,Bengaluru,48,2.0,19.9,1.5,Fog,0,21.7
2024-07-22,Bengaluru,35,1.0,20.6,1.6,Fog,0,21.5
2024-07-23,Bengaluru,49,0.3,42.9,7.4,Cloudy,0,19.9
2024-07-24,Bengaluru,54,0.4,6.3,9.5,Clear,0,
2024-07-25,Bengaluru,98,0.0,7.6,4.7,Sunny,0,18.7
2024-07-26,Bengaluru,85,116.2,14.2,6.9,Rain,0,18.3
2024-07-27,Bengaluru,84,69.2,2.1,5.6,Rain,0,16.7
2024-07-28,Bengaluru,28,0.5,36.1,11.2,Clear,0,15.2
2024-07-29,Bengaluru,32,0.4,30.5,8.2,Clear,0,25.3
2024-07-30,Bengaluru,72,1.8,11.3,5.0,Clear,0,24.1
2024-07-31,Bengaluru,48,83.6,39.5,8.4,Rain,0,24.3
2024-08-01,Bengaluru,38,72.8,24.1,12.0,Rain,0,16.2
2024-02-08,Bengaluru,95,86.7,10.0,6.1,Rain,0,19.1
2024-08-03,Bengaluru,69,0.5,20.6,5.5,Clear,0,22.0
2024-04-08,Bengaluru,64,1.3,39.3,8.8,Clear,0,24.7
2024-05-08,Bengaluru,88,0.6,39.1,4.8,Clear,0,19.4
2024-08-06,Bengaluru,68,0.3,35.7,11.2,Sunny,0,20.2
2024-07-08,Bengaluru,40,50.5,10.7,6.8,Rain,1,17.3
2024-08-08,Bengaluru,58,0.4,30.3,11.1,Clear,0,21.9
2024-08-09,Bengaluru,69,23.1,28.0,11.3,Rain,0,
2024-08-10,Bengaluru,69,1.0,6.0,10.2,Clear,0,17.4
2024-11-08,Bengaluru,83,1.8,25.2,5.4,Clear,0,15.8
2024-08-12,Bengaluru,51,63.3,5.1,6.7,Rain,0,21.5
2024-08-13,Bengaluru,36,0.8,19.4,10.0,Sunny,0,23.0
2024-08-14,Bengaluru,39,1.4,40.2,8.2,Clear,0,17.0
2024-08-15,Bengaluru,87,0.3,6.4,6.9,Cloudy,0,19.3
2024-08-17,Bengaluru,96,0.7,16.9,10.3,Clear,0,20.2
2024-08-18,Bengaluru,46,55.2,20.4,5.1,Rain,0,19.7
2024-08-19,Bengaluru,57,0.8,13.9,7.6,Clear,0,
2024-08-20,Bengaluru,56,0.5,20.4,8.4,Sunny,0,20.3
2024-08-21,Bengaluru,52,0.6,9.0,4.9,Clear,0,13.9
2024-08-22,Bengaluru,77,0.7,13.7,10.8,Clear,0,24.9
2024-08-23,Bengaluru,64,1.7,33.6,11.4,Sunny,0,14.1
2024-08-24,Bengaluru,79,0.2,42.3,1.7,Fog,0,13.4
2024-08-25,Bengaluru,81,0.1,25.7,10.3,Clear,0,13.777777777777777
2024-08-26,Bengaluru,71,1.1,5.4,7.0,Clear,0,16.0
2024-08-27,Bengaluru,32,100.2,40.6,8.9,Rain,0,16.5
2024-08-28,Bengaluru,65,0.6,21.3,5.8,Clear,0,20.7
2024-08-29,Bengaluru,76,0.3,21.3,10.1,Cloudy,0,23.6
2024-08-30,Bengaluru,79,0.4,34.7,10.1,Clear,0,16.5
2024-08-31,Bengaluru,84,0.4,16.6,5.0,Clear,0,17.8
2024-09-01,Bengaluru,82,0.2,39.0,11.7,Cloudy,0,17.7
2024-09-02,Bengaluru,98,0.7,27.5,5.4,Clear,0,14.1
2024-09-03,Bengaluru,58,81.9,16.2,9.6,Rain,0,15.5
2024-09-04,Bengaluru,88,1.9,33.4,11.5,Cloudy,0,15.277777777777779
2024-05-09,Bengaluru,68,1.2,23.1,8.5,Cloudy,0,19.0
2024-06-09,Bengaluru,64,0.2,28.8,9.6,Clear,0,13.3
2024-07-09,Bengaluru,52,1.3,25.9,10.2,Clear,0,21.5
2024-09-08,Bengaluru,30,1.2,19.6,9.1,Clear,0,17.8
2024-09-09,Bengaluru,79,64.7,26.2,7.0,Rain,0,17.7
2024-09-10,Bengaluru,78,1.6,32.9,2.9,Fog,0,18.5
2024-11-09,Bengaluru,76,1.7,9.9,8.4,Clear,0,21.0
2024-09-12,Bengaluru,85,0.1,41.8,10.4,Cloudy,0,15.8
2024-09-13,Bengaluru,64,117.2,42.5,7.2,Rain,0,15.3
2024-09-14,Bengaluru,65,0.9,44.0,7.4,Clear,0,20.7
2024-09-15,Bengaluru,36,1.5,14.3,9.7,Clear,0,13.2
2024-09-16,Bengaluru,87,114.3,14.5,4.5,Heavy Rain,0,15.1
2024-09-17,Bengaluru,96,2.0,42.0,9.0,Clear,0,15.1
2024-09-18,Bengaluru,61,0.7,39.9,8.9,Cloudy,0,21.2
2024-09-19,Bengaluru,45,1.4,39.6,8.6,Clear,0,
2024-09-20,Bengaluru,70,28.1,7.0,5.0,Rain,0,16.6
2024-09-21,Bengaluru,92,1.9,42.8,10.5,Clear,0,21.2
2024-09-22,Bengaluru,76,69.1,15.9,10.6,Rain,0,71.0
2024-09-23,Bengaluru,64,0.9,23.5,5.5,Clear,0,11.5
2024-09-24,Bengaluru,63,31.4,36.6,7.8,Heavy Rain,1,13.2
2024-09-25,Bengaluru,68,36.4,4.8,4.2,Heavy Rain,0,20.8
2024-09-26,Bengaluru,,117.1,35.5,9.8,Heavy Rain,0,16.9
2024-09-27,Bengaluru,97,1.1,42.4,7.2,Cloudy,0,19.9
2024-09-28,Bengaluru,53,0.5,12.2,5.2,Clear,0,17.8
2024-09-29,Bengaluru,34,0.4,28.8,8.6,Clear,0,15.8
2024-09-30,Bengaluru,63,0.2,34.7,2.3,Fog,0,15.6
2024-01-10,Bengaluru,49,17.7,36.7,7.7,Rain,0,18.6
2024-02-10,Bengaluru,74,0.8,32.9,5.8,Cloudy,0,19.7
2024-10-03,Bengaluru,46,1.1,37.3,6.2,Clear,0,20.7
2024-10-04,Bengaluru,45,0.0,13.0,4.8,Clear,0,17.61111111111111
2024-05-10,Bengaluru,48,0.9,6.6,8.8,Cloudy,0,18.4
2024-06-10,Bengaluru,61,1.2,38.2,8.9,Clear,0,17.1
2024-07-10,Bengaluru,69,1.1,29.0,9.2,Cloudy,0,16.2
2024-08-10,Bengaluru,51,64.1,3.6,6.1,Rain,1,17.1
2024-09-10,Bengaluru,47,101.0,23.6,10.5,Rain,0,14.833333333333334
2024-10-10,Bengaluru,79,7.3,16.3,5.1,Rain,1,
2024-11-10,Bengaluru,94,1.8,,7.1,Clear,0,12.0
2024-10-12,Bengaluru,52,1.7,21.5,7.4,Clear,0,8.8
2024-10-13,Bengaluru,31,26.1,37.8,7.5,Rain,0,14.3
2024-10-14,Bengaluru,88,1.2,40.2,10.8,Clear,0,9.9
2024-10-15,Bengaluru,77,1.7,44.1,8.3,Clear,0,20.8
2024-10-16,Bengaluru,73,1.7,12.7,9.1,Clear,0,15.2
2024-10-17,Bengaluru,54,38.8,27.4,6.1,Heavy Rain,0,16.8
2024-10-18,Bengaluru,65,71.0,12.4,9.9,Thunderstorm,1,
2024-10-19,Bengaluru,,72.5,31.4,5.0,Rain,0,17.2
2024-10-20,Bengaluru,45,0.5,22.2,6.1,Cloudy,0,20.555555555555557
2024-10-21,Bengaluru,77,89.8,4.0,9.6,Thunderstorm,0,17.83333333333333
2024-10-22,Bengaluru,91,0.4,9.6,8.8,Cloudy,0,12.4
2024-10-23,Bengaluru,42,1.6,,8.0,Cloudy,0,16.2
2024-10-24,Bengaluru,87,68.5,33.1,8.6,Heavy Rain,0,21.3
2024-10-25,Bengaluru,75,1.5,16.9,4.4,Cloudy,0,22.7
2024-10-26,Bengaluru,46,1.3,4.7,5.0,Cloudy,0,21.6
2024-10-27,Bengaluru,86,115.7,42.9,10.4,Rain,0,64.7
2024-10-28,Bengaluru,80,0.9,26.4,4.8,Clear,0,15.7
2024-10-29,Bengaluru,59,5.2,39.6,4.1,Rain,1,16.7
2024-10-30,Bengaluru,82,1.9,24.8,4.4,Clear,0,15.5
2024-10-31,Bengaluru,46,1.4,34.5,2.9,Fog,0,16.4
2024-01-11,Bengaluru,,62.9,7.0,5.5,Thunderstorm,0,13.3
2024-02-11,Bengaluru,90,27.2,24.9,7.4,Heavy Rain,1,14.8
2024-03-11,Bengaluru,42,0.7,7.5,5.0,Clear,0,19.2
2024-06-11,Bengaluru,41,0.1,5.7,12.0,Sunny,0,18.9
2024-07-11,Bengaluru,43,13.8,26.2,7.8,Rain,1,18.2
2024-08-11,Bengaluru,33,1.8,37.2,9.2,Cloudy,0,12.0
2024-09-11,Bengaluru,77,1.3,29.2,5.3,Clear,0,8.9
2024-11-10,Bengaluru,45,1.0,42.8,8.8,Clear,0,14.4
2024-11-11,Bengaluru,58,65.4,22.7,10.3,Heavy Rain,1,24.388888888888893
2024-11-12,Bengaluru,29,8.3,18.2,9.4,Rain,0,22.0
2024-11-13,Bengaluru,67,0.0,29.2,10.2,Clear,0,18.8
2024-11-14,Bengaluru,46,38.5,43.0,7.8,Rain,0,21.0
2024-11-15,Bengaluru,43,0.4,8.9,6.5,Cloudy,0,
2024-11-16,Bengaluru,83,93.0,37.6,5.2,Rain,0,19.6
2024-11-17,Bengaluru,43,0.7,23.9,7.3,Clear,0,11.8
2024-11-18,Bengaluru,93,0.8,34.4,6.9,Cloudy,0,18.6
2024-11-19,Bengaluru,38,0.0,31.2,4.3,Clear,0,19.0
2024-11-20,Bengaluru,82,17.3,17.8,9.6,Rain,0,15.9
2024-11-21,Bengaluru,76,35.2,16.8,5.7,Heavy Rain,0,20.2
2024-11-22,Bengaluru,71,0.2,9.9,4.9,Clear,0,17.4
2024-11-23,Bengaluru,40,0.8,44.2,9.5,Clear,0,
2024-11-24,Bengaluru,70,15.5,23.6,8.9,Heavy Rain,0,16.9
2024-11-25,Bengaluru,68,0.8,5.9,4.8,Clear,0,
2024-11-26,Bengaluru,30,34.8,43.0,6.1,Thunderstorm,1,17.3
2024-11-27,Bengaluru,53,1.8,15.5,12.0,Clear,0,19.9
2024-11-28,Bengaluru,57,0.0,15.8,4.2,Cloudy,0,17.1
2024-11-29,Bengaluru,77,1.6,33.2,5.2,Clear,0,15.8
2024-11-30,Bengaluru,86,1.4,10.8,10.4,Clear,0,18.0
2024-01-12,Bengaluru,53,1.2,43.6,4.4,Clear,0,22.2
2024-03-12,Bengaluru,63,1.9,19.1,7.0,Clear,0,21.1
2024-12-04,Bengaluru,,2.0,13.9,7.4,Cloudy,0,78.1
2024-05-12,Bengaluru,71,0.7,26.9,11.8,Clear,0,
2024-06-12,Bengaluru,61,1.5,2.4,4.6,Clear,0,20.9
2024-07-12,Bengaluru,67,0.1,36.0,0.5,Fog,0,21.3
2024-12-08,Bengaluru,81,0.1,10.6,9.7,Cloudy,0,17.7
2024-12-09,Bengaluru,58,86.9,42.7,11.5,Heavy Rain,1,64.6
2024-10-12,Bengaluru,30,0.9,-,10.7,Clear,0,28.5
2024-11-12,Bengaluru,59,0.5,43.1,11.6,Clear,0,16.6
2024-12-12,Bengaluru,87,1.3,17.5,10.6,Sunny,0,23.2
2024-12-15,Bengaluru,74,1.3,42.8,10.1,Clear,0,24.7
2024-12-16,Bengaluru,59,1.7,36.7,10.7,Cloudy,0,22.8
2024-12-17,Bengaluru,88,0.8,40.8,8.0,Clear,0,18.388888888888886
2024-12-18,Bengaluru,86,118.0,8.8,5.4,Rain,0,23.5
2024-12-19,Bengaluru,55,1.3,35.4,11.6,Cloudy,0,23.7
2024-12-20,Bengaluru,73,98.6,  ,8.8,Rain,0,76.7
2024-12-21,Bengaluru,96,74.0,5.8,8.0,Rain,1,24.2
2024-12-22,Bengaluru,98,0.2,25.0,6.5,Cloudy,0,25.9
2024-12-23,Bengaluru,90,32.7,3.1,10.1,Rain,0,25.5
2024-12-24,Bengaluru,42,101.1,18.9,10.9,Rain,1,
2024-12-25,Bengaluru,41,111.8,17.4,5.1,Heavy Rain,1,23.7
2024-12-26,Bengaluru,46,51.4,2.1,10.2,Rain,0,23.0
2024-12-27,Bengaluru,55,41.1,34.2,9.5,Thunderstorm,1,22.4
2024-12-28,Bengaluru,60,1.3,18.4,6.3,Sunny,0,28.0
2024-12-29,Bengaluru,65,64.1,20.6,5.5,Rain,0,22.8
2024-12-30,Bengaluru,82,17.9,4.7,4.2,Rain,0,21.1
2024-12-31,Bengaluru,93,0.7,11.4,2.5,Fog,0,26.2
2025-01-01,Bengaluru,44,67.6,36.7,6.7,Rain,0,19.4
2025-02-01,Bengaluru,97,65.3,33.9,6.2,Rain,0,24.72222222222222
2025-01-03,Bengaluru,90,0.1,12.9,4.5,Sunny,0,25.555555555555557
2025-04-01,Bengaluru,,0.9,3.3,7.1,Cloudy,0,24.3
2025-01-05,Bengaluru,93,41.5,42.9,4.5,Thunderstorm,0,23.6
2025-06-01,Bengaluru,97,64.5,43.1,8.6,Rain,0,
2025-07-01,Bengaluru,92,119.6,19.4,5.0,Heavy Rain,1,34.0
2025-01-08,Bengaluru,,67.8,23.4,7.4,Thunderstorm,0,18.7
2025-09-01,Bengaluru,45,0.1,6.8,0.5,Fog,0,24.6
2025-10-01,Bengaluru,36,1.9,39.1,10.0,Clear,0,25.2
2025-11-01,Bengaluru,85,1.0,13.9,9.3,Cloudy,0,23.7
2025-12-01,Bengaluru,58,1.2,27.1,7.1,Cloudy,0,27.2
2025-01-13,Bengaluru,,0.7,,2.8,Fog,0,23.3
2025-01-14,Bengaluru,53,0.1,33.5,11.0,Sunny,0,26.6
2025-01-16,Bengaluru,45,0.3,42.9,10.1,Sunny,0,24.0
2025-01-17,Bengaluru,54,1.5,28.0,9.0,Clear,0,22.1
2025-01-18,Bengaluru,51,1.9,11.6,10.4,Cloudy,0,31.1
2025-01-19,Bengaluru,89,88.9,2.7,9.6,Rain,1,26.1
2025-01-20,Bengaluru,67,70.3,41.5,8.2,Rain,0,26.3
2025-01-21,Bengaluru,35,74.3,24.5,4.0,Rain,0,32.8
2025-01-22,Bengaluru,53,0.4,30.1,6.9,Cloudy,0,31.0
2025-01-23,Bengaluru,69,1.2,13.6,10.0,Sunny,0,25.944444444444443
2025-01-24,Bengaluru,51,84.4,41.1,9.2,Rain,0,26.2
2025-01-25,Bengaluru,72,0.5,36.3,9.9,Cloudy,0,29.0
2025-01-26,Bengaluru,35,0.8,23.9,5.6,Clear,0,24.61111111111111
2025-01-27,Bengaluru,36,1.8,9.3,4.1,Sunny,0,26.9
2025-01-28,Bengaluru,82,1.6,22.8,7.3,Clear,0,81.3
2025-01-29,Bengaluru,63,48.3,31.8,7.9,Rain,1,28.5
2025-01-30,Bengaluru,61,1.1,24.2,10.5,Clear,0,29.5
2025-01-31,Bengaluru,61,1.3,9.5,8.5,Cloudy,0,28.9
2025-02-01,Bengaluru,  ,0.8,18.6,4.2,Sunny,0,25.5
2025-02-02,Bengaluru,76,0.5,8.4,8.4,Clear,0,25.9
2025-02-03,Bengaluru,36,0.2,8.0,10.6,Clear,0,32.9
2025-02-04,Bengaluru,46,86.9,26.8,10.3,Thunderstorm,0,32.3
2025-02-05,Bengaluru,29,0.1,2.8,6.8,Clear,0,31.6
2025-02-06,Bengaluru,57,0.5,23.4,8.4,Sunny,0,32.9
2025-02-07,Bengaluru,32,1.6,16.1,2.1,Fog,0,32.7
2025-08-02,Bengaluru,  ,0.7,4.3,5.4,Clear,0,
2025-02-09,Bengaluru,96,0.3,37.7,11.4,Clear,0,29.8
2025-02-10,Bengaluru,56,0.1,40.1,10.2,Cloudy,0,
2025-02-11,Bengaluru,60,0.6,43.9,5.6,Cloudy,0,24.3
2025-02-12,Bengaluru,91,0.2,42.5,1.8,Fog,0,29.4
2025-02-13,Bengaluru,66,1.0,41.3,10.2,Cloudy,0,29.1
2025-02-14,Bengaluru,60,1.5,9.0,6.3,Cloudy,0,27.22222222222222
2025-02-15,Bengaluru,91,38.6,14.3,10.5,Heavy Rain,0,31.0
2025-02-16,Bengaluru,58,1.4,41.3,10.3,Clear,0,28.0
2025-02-17,Bengaluru,59,0.4,10.2,5.9,Clear,0,32.3
2025-02-18,Bengaluru,67,0.6,23.4,2.9,Fog,0,36.0
2025-02-19,Bengaluru,89,0.8,3.1,7.3,Clear,0,27.7
2025-02-20,Bengaluru,50,1.9,43.4,11.0,Cloudy,0,84.4
2025-02-21,Bengaluru,95,1.3,39.5,9.1,Cloudy,0,
2025-02-22,Bengaluru,85,0.9,7.7,5.2,Clear,0,30.5
2025-02-23,Bengaluru,62,1.6,3.9,4.1,Sunny,0,29.6
2025-02-24,Bengaluru,44,1.5,36.7,8.7,Cloudy,0,26.9
2025-02-25,Bengaluru,46,89.4,44.5,5.3,Rain,0,22.1
2025-02-26,Bengaluru,57,0.4,29.0,6.6,Sunny,0,
2025-02-27,Bengaluru,37,82.9,14.9,11.1,Rain,0,29.2
2025-02-28,Bengaluru,90,1.3,24.5,5.8,Clear,0,35.7
2025-03-01,Bengaluru,37,1.7,24.2,12.0,Clear,0,32.9
2025-02-03,Bengaluru,73,1.4,43.3,11.8,Cloudy,0,24.3
2025-03-03,Bengaluru,87,9.1,29.7,6.6,Heavy Rain,1,28.0
2025-03-04,Bengaluru,74,78.6,9.4,9.3,Heavy Rain,0,31.2
2025-05-03,Bengaluru,55,0.0,44.2,5.5,Clear,0,28.8
2025-06-03,Bengaluru,81,1.9,32.7,8.6,Clear,0,82.9
2025-03-07,Bengaluru,73,103.2,14.6,4.3,Rain,0,28.4
2025-08-03,Bengaluru,40,2.0,6.5,7.8,Clear,0,34.111111111111114
2025-03-09,Bengaluru,95,24.0,24.7,9.7,Rain,0,30.5
2025-10-03,Bengaluru,47,0.9,12.1,6.7,Clear,0,34.5
2025-03-11,Bengaluru,50,93.3,37.2,9.7,Heavy Rain,0,35.7
2025-03-12,Bengaluru,  ,23.9,27.9,10.2,Thunderstorm,0,34.7
2025-03-13,Bengaluru,34,0.6,29.3,5.7,Clear,0,29.6
2025-03-14,Bengaluru,97,0.2,21.9,11.7,Clear,0,31.2
2025-03-15,Bengaluru,56,0.6,35.5,2.4,Fog,0,33.1
2025-03-16,Bengaluru,41,0.6,37.5,5.8,Clear,0,30.1
2025-03-17,Bengaluru,98,33.7,43.9,6.5,Rain,0,26.0
2025-03-18,Bengaluru,71,0.8,10.4,5.9,Clear,0,31.0
2025-03-19,Bengaluru,51,0.4,16.0,1.2,Fog,0,29.8
2025-03-20,Bengaluru,89,74.6,3.5,8.5,Rain,1,28.6
2025-03-21,Bengaluru,91,1.8,8.4,6.2,Cloudy,0,
2025-03-22,Bengaluru,71,114.3,14.1,7.3,Rain,0,33.1
2025-03-23,Bengaluru,86,91.3,9.1,4.8,Thunderstorm,1,31.7
2025-03-24,Bengaluru,31,0.2,28.3,7.7,Cloudy,0,37.8
2025-03-25,Bengaluru,67,1.2,43.8,2.0,Fog,0,30.2
2025-03-26,Bengaluru,64,0.6,40.8,8.0,Cloudy,0,32.3
2025-03-27,Bengaluru,92,0.4,16.7,1.0,Fog,0,33.1
2025-03-28,Bengaluru,45,1.2,13.3,6.3,Clear,0,28.2
2025-03-29,Bengaluru,42,1.1,28.4,9.7,Clear,0,34.6
2025-03-30,Bengaluru,98,1.0,38.4,7.4,Clear,0,31.9
2025-03-31,Bengaluru,66,1.2,2.7,1.7,Fog,0,30.8
2025-01-04,Bengaluru,88,0.3,8.1,11.2,Sunny,0,34.111111111111114
2025-02-04,Bengaluru,51,35.0,31.2,5.5,Rain,0,30.8
2025-04-03,Bengaluru,57,1.2,23.8,7.1,Clear,0,32.2
2025-04-04,Bengaluru,32,38.1,3.6,4.8,Rain,1,34.7
2025-04-05,Bengaluru,31,1.6,20.1,5.7,Clear,0,35.3
2025-06-04,Bengaluru,94,0.5,19.6,7.6,Cloudy,0,32.1
2025-04-07,Bengaluru,71,0.5,22.2,11.8,Clear,0,34.6
2025-04-08,Bengaluru,89,27.6,14.7,5.0,Heavy Rain,0,35.6
2025-04-09,Bengaluru,58,1.0,36.3,10.3,Clear,0,33.4
2025-04-10,Bengaluru,45,0.8,42.0,10.8,Cloudy,0,31.166666666666668
2025-04-11,Bengaluru,42,0.7,39.5,11.1,Cloudy,0,32.6
2025-12-04,Bengaluru,65,0.5,14.9,4.1,Clear,0,34.22222222222222
2025-04-13,Bengaluru,87,1.0,11.6,7.1,Sunny,0,32.666666666666664
2025-04-14,Bengaluru,85,1.0,17.4,0.6,Fog,0,32.9
2025-04-15,Bengaluru,46,0.1,34.0,10.2,Clear,0,37.2
2025-04-16,Bengaluru,58,85.8,4.8,11.5,Rain,1,35.4
2025-04-17,Bengaluru,  ,1.1,41.7,2.5,Fog,0,29.2
2025-04-18,Bengaluru,95,78.6,32.1,8.2,Heavy Rain,0,31.8
2025-04-19,Bengaluru,91,1.0,44.0,6.3,Clear,0,25.2
2025-04-20,Bengaluru,37,5.5,45.0,10.6,Thunderstorm,1,31.5
2025-04-21,Bengaluru,34,0.3,17.5,10.1,Clear,0,30.5
2025-04-22,Bengaluru,90,1.5,19.5,5.0,Sunny,0,28.9
2025-04-23,Bengaluru,76,35.5,3.4,7.7,Rain,0,31.4
2025-04-24,Bengaluru,38,0.0,37.6,4.8,Sunny,0,29.6
2025-04-25,Bengaluru,41,103.7,6.3,7.0,Rain,0,34.4
2025-04-26,Bengaluru,45,0.7,40.1,6.8,Cloudy,0,39.7
2025-04-27,Bengaluru,49,0.5,12.4,5.5,Cloudy,0,27.5
2025-04-28,Bengaluru,81,65.2,40.9,4.1,Thunderstorm,0,35.0
2025-04-29,Bengaluru,84,0.8,32.8,7.5,Clear,0,28.3
2025-04-30,Bengaluru,96,105.0,4.1,10.5,Rain,0,29.4
2025-05-01,Bengaluru,67,1.5,35.3,5.6,Cloudy,0,31.1
2025-02-05,Bengaluru,98,1.7,17.3,8.9,Clear,0,
2025-05-03,Bengaluru,43,1.6,20.0,11.5,Cloudy,0,29.2
2025-04-05,Bengaluru,48,17.3,18.1,11.1,Heavy Rain,0,32.3
2025-05-05,Bengaluru,85,1.9,42.4,4.0,Cloudy,0,29.3
2025-05-06,Bengaluru,30,2.0,9.2,6.1,Clear,0,33.8
2025-05-07,Bengaluru,36,0.6,30.8,0.3,Fog,0,26.1
2025-05-08,Bengaluru,56,0.7,10.2,6.7,Clear,0,28.8
2025-09-05,Bengaluru,57,0.2,29.5,8.8,Clear,0,27.6
2025-05-10,Bengaluru,70,1.9,3.4,10.2,Clear,0,33.2
2025-05-11,Bengaluru,49,51.3,9.1,9.4,Rain,1,29.1
2025-12-05,Bengaluru,56,0.3,5.7,9.3,Clear,0,26.4
2025-05-13,Bengaluru,41,0.9,6.5,8.5,Clear,0,35.5
2025-05-14,Bengaluru,77,0.1,8.2,6.3,Cloudy,0,27.2
2025-05-15,Bengaluru,65,0.5,6.9,7.8,Cloudy,0,28.88888888888889
2025-05-17,Bengaluru,,0.3,12.7,9.0,Cloudy,0,26.2
2025-05-18,Bengaluru,30,74.7,19.5,8.3,Rain,0,31.7
2025-05-19,Bengaluru,96,0.8,20.0,2.4,Fog,0,33.72222222222222
2025-05-20,Bengaluru,46,0.4,30.1,5.1,Sunny,0,29.6
2025-05-21,Bengaluru,53,87.6,28.7,6.4,Rain,0,34.1
2025-05-22,Bengaluru,41,67.4,24.2,6.3,Heavy Rain,0,32.7
2025-05-23,Bengaluru,49,48.1,26.2,7.4,Thunderstorm,0,25.8
2025-05-24,Bengaluru,66,1.8,7.3,4.8,Cloudy,0,26.8
2025-05-25,Bengaluru,33,1.2,4.3,11.1,Cloudy,0,27.8
2025-05-26,Bengaluru,52,0.9,22.9,7.3,Clear,0,24.5
2025-05-27,Bengaluru,50,105.7,29.1,11.7,Heavy Rain,1,24.8
2025-05-28,Bengaluru,89,71.6,9.5,8.8,Rain,0,31.2
2025-05-29,Bengaluru,63,99.5,18.3,9.7,Thunderstorm,1,24.222222222222218
2025-05-30,Bengaluru,32,86.7,23.8,5.1,Thunderstorm,0,
2025-05-31,Bengaluru,,0.4,27.3,4.4,Clear,0,26.9
2025-06-01,Bengaluru,55,21.4,6.1,5.6,Thunderstorm,0,26.2
2025-02-06,Bengaluru,35,14.6,18.9,11.9,Rain,0,24.2
2025-03-06,Bengaluru,53,1.4,41.8,4.7,Cloudy,0,23.9
2025-04-06,Bengaluru,39,1.9,9.7,7.9,Clear,0,26.8
2025-06-05,Bengaluru,89,112.8,26.8,10.8,Heavy Rain,1,24.9
2025-06-06,Bengaluru,45,108.0,6.8,9.2,Rain,0,26.6
2025-06-07,Bengaluru,90,0.8,39.2,7.0,Clear,0,25.0
2025-08-06,Bengaluru,41,0.2,8.1,6.5,Clear,0,26.1
2025-09-06,Bengaluru,51,0.7,,7.8,Clear,0,22.666666666666668
2025-06-10,Bengaluru,62,74.2,34.2,10.9,Thunderstorm,0,22.4
2025-06-11,Bengaluru,44,93.3,13.2,6.3,Rain,0,25.0
2025-06-12,Bengaluru,38,92.5,40.9,9.0,Heavy Rain,0,23.7
2025-06-13,Bengaluru,88,83.8,30.4,6.6,Heavy Rain,0,23.1
2025-06-14,Bengaluru,53,0.6,29.5,4.8,Clear,0,29.3
2025-06-15,Bengaluru,38,97.2,43.6,9.3,Rain,1,24.8
2025-06-16,Bengaluru,84,1.1,12.8,9.0,Clear,0,28.6
2025-06-17,Bengaluru,40,0.2,4.8,5.5,Sunny,0,72.2
2025-06-18,Bengaluru,71,1.3,10.5,10.8,Cloudy,0,20.3
2025-06-19,Bengaluru,84,1.5,9.2,8.4,Cloudy,0,23.8
2025-06-20,Bengaluru,89,1.7,42.4,7.7,Clear,0,29.9
2025-06-21,Bengaluru,29,1.4,7.9,8.3,Cloudy,0,25.9
2025-06-22,Bengaluru,90,1.5,6.4,4.1,Clear,0,
2025-06-23,Bengaluru,83,96.8,17.5,8.2,Rain,0,29.2
2025-06-24,Bengaluru,66,99.0,18.1,6.0,Heavy Rain,0,26.1
2025-06-25,Bengaluru,51,34.7,21.8,7.6,Rain,0,26.6
2025-06-26,Bengaluru,86,0.9,4.4,7.2,Sunny,0,27.1
2025-06-27,Bengaluru,32,0.9,24.9,7.8,Sunny,0,30.4
2025-06-28,Bengaluru,41,1.5,44.4,10.3,Clear,0,23.3
2025-06-29,Bengaluru,59,30.6,35.2,7.6,Rain,0,25.0
2025-06-30,Bengaluru,75,17.3,35.6,5.4,Heavy Rain,0,32.4
2025-07-01,Bengaluru,62,1.6,19.3,5.8,Clear,0,23.3
2024-01-01,Mysuru,58,0.6,34.3,6.3,Clear,0,21.1
2024-02-01,Mysuru,,6.8,40.4,6.8,Thunderstorm,0,26.8
2024-01-03,Mysuru,53,0.0,19.1,4.8,Clear,0,24.7
2024-04-01,Mysuru,95,1.9,43.4,4.6,Cloudy,0,26.0
2024-01-05,Mysuru,76,1.9,32.2,5.1,Cloudy,0,23.6
2024-01-06,Mysuru,97,1.7,29.4,4.9,Clear,0,74.5
2024-07-01,Mysuru,66,0.9,31.8,5.2,Clear,0,
2024-08-01,Mysuru,93,0.0,5.1,0.8,Fog,0,25.7
2024-09-01,Mysuru,87,69.4,41.8,7.6,Rain,0,25.9
2024-01-11,Mysuru,88,34.5,23.0,7.8,Rain,0,26.4
2024-01-12,Mysuru,77,0.5,8.8,5.8,Clear,0,80.5
2024-01-13,Mysuru,73,1.1,27.0,4.2,Cloudy,0,28.9
2024-01-14,Mysuru,66,0.7,21.4,5.8,Sunny,0,29.9
2024-01-15,Mysuru,32,1.8,33.3,4.8,Clear,0,27.6
2024-01-16,Mysuru,79,0.0,37.4,5.1,Clear,0,25.4
2024-01-17,Mysuru,72,101.4,29.8,7.1,Rain,1,31.7
2024-01-18,Mysuru,94,0.4,31.1,5.8,Clear,0,27.8
2024-01-19,Mysuru,32,98.8,17.9,11.9,Rain,0,27.4
2024-01-20,Mysuru,97,92.3,19.7,11.9,Rain,1,29.3
2024-01-21,Mysuru,34,0.3,11.1,11.6,Clear,0,25.7
2024-01-22,Mysuru,73,100.6,9.9,8.1,Rain,0,23.8
2024-01-23,Mysuru,38,0.8,13.5,6.9,Cloudy,0,26.8
2024-01-24,Mysuru,52,0.1,33.6,11.9,Cloudy,0,27.2
2024-01-25,Mysuru,34,0.8,37.1,9.3,Clear,0,26.3
2024-01-26,Mysuru,,17.8,26.1,11.7,Rain,0,33.111111111111114
2024-01-27,Mysuru,41,1.0,21.7,6.0,Cloudy,0,34.9
2024-01-28,Mysuru,98,1.9,10.5,8.9,Cloudy,0,28.9
2024-01-29,Mysuru,98,84.8,41.1,10.5,Heavy Rain,0,25.8
2024-01-30,Mysuru,66,43.6,34.9,7.4,Heavy Rain,1,24.0
2024-01-31,Mysuru,76,1.1,23.1,10.0,Sunny,0,27.4
2024-02-01,Mysuru,84,1.6,8.3,0.5,Fog,0,32.4
2024-02-03,Mysuru,57,1.4,6.3,10.9,Cloudy,0,27.2
2024-04-02,Mysuru,91,1.0,27.8,10.5,Clear,0,27.5
2024-05-02,Mysuru,62,1.3,18.6,11.2,Clear,0,24.3
2024-02-06,Mysuru,76,1.9,25.6,11.9,Sunny,0,30.5
2024-02-07,Mysuru,94,1.5,22.2,10.0,Cloudy,0,31.0
2024-08-02,Mysuru,81,0.5,43.5,0.4,Fog,0,30.1
2024-02-09,Mysuru,unknown,1.5,44.7,10.0,Cloudy,0,28.388888888888886
2024-10-02,Mysuru,75,0.3,3.8,1.3,Fog,0,32.0
2024-11-02,Mysuru,38,75.3,19.2,7.9,Rain,0,30.2
2024-02-12,Mysuru,46,1.3,21.0,2.0,Fog,0,31.6
2024-02-13,Mysuru,39,8.0,21.0,6.4,Heavy Rain,0,26.5
2024-02-14,Mysuru,53,0.9,9.7,6.2,Clear,0,33.7
2024-02-15,Mysuru,95,1.4,3.5,5.7,Cloudy,0,30.5
2024-02-16,Mysuru,46,0.6,7.3,4.5,Clear,0,29.3
2024-02-17,Mysuru,69,1.2,38.0,6.5,Clear,0,27.9
2024-02-18,Mysuru,94,0.9,40.4,10.1,Clear,0,28.8
2024-02-19,Mysuru,44,0.8,35.6,7.0,Cloudy,0,31.4
2024-02-20,Mysuru,84,0.3,3.7,8.4,Clear,0,28.4
2024-02-21,Mysuru,46,1.5,23.6,5.4,Cloudy,0,26.4
2024-02-22,Mysuru,68,69.6,7.2,4.6,Rain,0,33.3
2024-02-23,Mysuru,78,60.8,33.8,4.4,Thunderstorm,1,23.4
2024-02-24,Mysuru,44,96.9,13.6,8.8,Thunderstorm,1,33.0
2024-02-25,Mysuru,,1.9,40.5,8.4,Clear,0,33.8
2024-02-26,Mysuru,,0.6,35.0,7.9,Clear,0,35.3
2024-02-27,Mysuru,50,1.2,15.5,4.1,Cloudy,0,28.4
2024-02-28,Mysuru,98,88.0,28.4,11.8,Rain,0,29.38888888888889
2024-02-29,Mysuru,85,1.3,41.0,6.3,Sunny,0,29.8
2024-03-01,Mysuru,42,1.4,9.0,10.7,Clear,0,36.3
2024-03-02,Mysuru,54,0.0,14.9,7.2,Sunny,0,28.9
2024-03-03,Mysuru,91,1.4,36.0,10.6,Clear,0,29.2
2024-03-04,Mysuru,43,99.4,18.3,9.7,Rain,0,29.666666666666668
2024-05-03,Mysuru,55,0.2,23.3,8.1,Cloudy,0,32.5
2024-03-06,Mysuru,97,0.9,26.8,5.9,Clear,0,29.1
2024-07-03,Mysuru,77,0.6,4.4,1.0,Fog,0,33.7
2024-08-03,Mysuru,30,1.7,41.4,10.0,Cloudy,0,30.8
2024-03-09,Mysuru,28,1.9,10.1,9.6,Clear,0,31.0
2024-03-10,Mysuru,54,0.6,17.6,4.4,Clear,0,34.8
2024-11-03,Mysuru,43,0.8,11.1,5.0,Clear,0,26.4
2024-03-12,Mysuru,62,75.6,25.4,11.2,Rain,0,32.6
2024-03-13,Mysuru,49,0.6,5.1,10.0,Clear,0,32.2
2024-03-14,Mysuru,73,6.6,34.8,9.7,Thunderstorm,0,32.3
2024-03-15,Mysuru,46,1.1,38.5,7.8,Clear,0,33.0
2024-03-16,Mysuru,40,0.0,21.2,5.2,Clear,0,38.5
2024-03-17,Mysuru,34,39.3,2.8,10.8,Heavy Rain,1,35.2
2024-03-18,Mysuru,67,1.6,4.1,10.8,Clear,0,30.6
2024-03-19,Mysuru,49,0.8,9.4,2.5,Fog,0,35.1
2024-03-20,Mysuru,81,0.3,17.3,5.2,Clear,0,29.8
2024-03-21,Mysuru,34,2.0,4.0,8.5,Cloudy,0,34.8
2024-03-22,Mysuru,29,1.3,18.0,5.6,Cloudy,0,35.3
2024-03-23,Mysuru,69,0.2,29.9,9.2,Cloudy,0,33.8
2024-03-24,Mysuru,,102.8,37.3,10.8,Rain,0,36.9
2024-03-25,Mysuru,55,19.8,5.4,10.8,Rain,0,31.3
2024-03-26,Mysuru,95,0.1,41.3,8.8,Clear,0,35.666666666666664
2024-03-27,Mysuru,68,0.7,5.7,7.1,Clear,0,39.6
2024-03-28,Mysuru,70,0.5,33.9,4.6,Cloudy,0,36.0
2024-03-29,Mysuru,  ,1.4,14.6,4.2,Sunny,0,35.9
2024-03-30,Mysuru,53,1.3,14.5,9.9,Clear,0,
2024-03-31,Mysuru,54,1.1,40.3,4.5,Cloudy,0,31.4
2024-01-04,Mysuru,,0.9,18.0,11.7,Clear,0,33.0
2024-02-04,Mysuru,42,1.8,26.8,9.0,Clear,0,34.5
2024-04-03,Mysuru,45,0.9,19.5,8.7,Clear,0,38.3
2024-04-04,Mysuru,47,0.8,12.2,4.6,Sunny,0,31.1
2024-04-05,Mysuru,86,35.7,12.8,11.0,Rain,0,36.4
2024-06-04,Mysuru,43,0.5,25.5,7.5,Clear,0,24.6
2024-07-04,Mysuru,88,0.9,44.9,1.5,Fog,0,32.6
2024-08-04,Mysuru,91,1.3,6.2,8.2,Clear,0,28.4
2024-09-04,Mysuru,90,91.6,6.1,8.8,Rain,0,31.1
2024-04-10,Mysuru,45,1.4,7.3,11.7,Cloudy,0,33.4
2024-04-11,Mysuru,58,20.1,15.2,8.7,Rain,1,30.1
2024-04-12,Mysuru,84,92.1,42.8,10.9,Rain,1,26.22222222222222
2024-04-13,Mysuru,37,1.9,3.4,9.4,Clear,0,84.5
2024-04-14,Mysuru,52,0.4,15.1,7.2,Clear,0,32.8
2024-04-15,Mysuru,30,0.7,9.5,4.7,Clear,0,
2024-04-16,Mysuru,30,0.9,31.6,4.4,Cloudy,0,27.4
2024-04-17,Mysuru,40,1.6,39.1,10.6,Clear,0,27.1
2024-04-18,Mysuru,43,48.2,26.4,9.0,Rain,0,33.8
2024-04-19,Mysuru,34,0.8,4.0,4.9,Cloudy,0,26.9
2024-04-20,Mysuru,98,0.1,35.4,8.4,Clear,0,31.6
2024-04-21,Mysuru,74,1.8,5.4,7.7,Clear,0,24.9
2024-04-22,Mysuru,84,8.8,16.3,5.1,Rain,0,34.7
2024-04-23,Mysuru,54,1.8,13.3,11.5,Clear,0,30.2
2024-04-24,Mysuru,95,0.5,15.0,7.4,Clear,0,26.4
2024-04-25,Mysuru,29,1.3,42.3,9.5,Cloudy,0,33.4
2024-04-26,Mysuru,61,0.7,3.3,8.5,Clear,0,31.9
2024-04-27,Mysuru,70,1.4,5.8,5.0,Clear,0,31.2
2024-04-28,Mysuru,81,0.9,30.0,9.9,Clear,0,28.3
2024-04-29,Mysuru,38,0.3,42.8,8.6,Clear,0,29.2
2024-04-30,Mysuru,41,1.8,2.3,4.7,Clear,0,31.6
2024-05-01,Mysuru,69,76.0,14.0,9.2,Thunderstorm,1,31.5
2024-05-02,Mysuru,63,1.4,31.2,7.7,Sunny,0,34.9
2024-05-03,Mysuru,45,88.8,26.0,7.0,Rain,0,27.2
2024-05-04,Mysuru,75,1.8,32.4,8.9,Clear,0,35.55555555555556
2024-05-05,Mysuru,36,1.4,13.7,11.1,Clear,0,33.5
2024-05-06,Mysuru,88,43.6,23.9,5.0,Rain,1,30.4
2024-07-05,Mysuru,44,68.1,31.8,10.6,Thunderstorm,0,33.6
2024-08-05,Mysuru,48,98.4,8.6,11.9,Rain,1,33.1
2024-09-05,Mysuru,76,0.7,21.1,7.3,Clear,0,25.8
2024-10-05,Mysuru,43,35.8,6.8,4.8,Rain,0,25.7
2024-05-11,Mysuru,57,1.2,11.5,11.0,Cloudy,0,38.1
2024-12-05,Mysuru,77,0.8,42.9,1.6,Fog,0,30.4
2024-05-14,Mysuru,39,1.5,13.9,11.7,Clear,0,30.9
2024-05-15,Mysuru,58,0.9,-,11.3,Cloudy,0,25.7
2024-05-16,Mysuru,36,1.4,10.2,9.6,Cloudy,0,81.0
2024-05-17,Mysuru,59,100.5,19.2,7.2,Rain,0,30.5
2024-05-18,Mysuru,36,94.3,14.2,6.4,Rain,0,30.8
2024-05-19,Mysuru,40,64.6,40.5,9.7,Rain,0,26.8
2024-05-20,Mysuru,34,1.8,28.3,5.3,Sunny,0,28.6
2024-05-21,Mysuru,55,1.3,8.1,9.0,Cloudy,0,30.333333333333332
2024-05-24,Mysuru,41,16.4,18.8,10.5,Heavy Rain,0,
2024-05-25,Mysuru,67,1.8,26.8,10.9,Cloudy,0,29.6
2024-05-26,Mysuru,63,0.3,35.9,5.6,Clear,0,27.2
2024-05-27,Mysuru,58,0.4,41.6,5.0,Clear,0,27.61111111111111
2024-05-28,Mysuru,61,0.1,9.4,6.5,Clear,0,31.2
2024-05-29,Mysuru,,1.6,37.7,11.4,Clear,0,33.7
2024-05-30,Mysuru,46,2.0,22.3,9.7,Clear,0,24.2
2024-01-06,Mysuru,40,2.0,7.1,1.8,Fog,0,29.7
2024-06-02,Mysuru,89,1.4,29.9,10.8,Sunny,0,27.2
2024-03-06,Mysuru,42,1.4,28.9,8.2,Clear,0,34.6
2024-04-06,Mysuru,97,2.0,9.4,10.9,Sunny,0,29.3
2024-06-05,Mysuru,56,0.8,39.5,10.1,Cloudy,0,27.3
2024-06-06,Mysuru,73,74.3,37.0,8.9,Rain,1,28.0
2024-06-07,Mysuru,45,0.4,14.7,10.1,Clear,0,26.2
2024-08-06,Mysuru,68,0.0,22.9,8.8,Clear,0,90.1
2024-09-06,Mysuru,54,24.1,36.2,8.5,Rain,0,31.2
2024-06-10,Mysuru,35,63.7,36.2,9.6,Rain,1,25.0
2024-11-06,Mysuru,47,0.8,20.2,4.9,Clear,0,30.1
2024-12-06,Mysuru,52,1.0,37.0,11.6,Clear,0,24.1
2024-06-13,Mysuru,71,77.0,,11.9,Rain,1,25.777777777777782
2024-06-14,Mysuru,68,0.8,15.2,11.3,Clear,0,20.9
2024-06-15,Mysuru,69,1.5,18.4,5.1,Cloudy,0,26.8
2024-06-16,Mysuru,,1.1,24.9,4.9,Cloudy,0,29.1
2024-06-17,Mysuru,82,78.5,19.9,11.8,Heavy Rain,1,30.2
2024-06-18,Mysuru,28,0.4,44.9,10.5,Clear,0,20.1
2024-06-19,Mysuru,42,0.2,35.9,11.6,Cloudy,0,26.5
2024-06-20,Mysuru,,1.0,41.4,3.0,Fog,0,29.0
2024-06-21,Mysuru,32,0.7,21.0,1.6,Fog,0,24.4
2024-06-22,Mysuru,46,89.3,22.0,6.3,Rain,1,31.0
2024-06-23,Mysuru,43,1.5,33.3,10.3,Clear,0,27.9
2024-06-24,Mysuru,29,0.1,40.6,9.4,Cloudy,0,25.3
2024-06-25,Mysuru,61,1.0,35.9,6.7,Sunny,0,26.3
2024-06-26,Mysuru,57,1.2,8.8,4.8,Clear,0,24.9
2024-06-27,Mysuru,34,0.1,43.8,7.9,Clear,0,22.9
2024-06-28,Mysuru,70,98.2,2.8,7.6,Heavy Rain,0,22.9
2024-06-29,Mysuru,50,89.1,13.9,10.4,Rain,0,20.8
2024-06-30,Mysuru,80,0.7,27.7,8.9,Cloudy,0,26.3
2024-01-07,Mysuru,58,0.1,25.1,8.7,Cloudy,0,22.1
2024-07-02,Mysuru,52,101.2,29.9,8.5,Heavy Rain,0,19.3
2024-07-03,Mysuru,64,1.0,40.7,6.7,Cloudy,0,26.4
2024-07-04,Mysuru,85,1.4,9.4,1.3,Fog,0,23.22222222222222
2024-05-07,Mysuru,  ,28.8,2.4,10.8,Rain,1,19.6
2024-07-06,Mysuru,62,0.1,22.4,9.3,Clear,0,23.1
2024-07-07,Mysuru,69,0.7,26.8,10.3,Cloudy,0,23.1
2024-08-07,Mysuru,54,1.6,24.1,11.0,Clear,0,17.8
2024-07-09,Mysuru,40,1.1,41.8,10.6,Clear,0,26.3
2024-07-10,Mysuru,72,40.0,44.9,7.3,Heavy Rain,1,23.2
2024-07-11,Mysuru,60,96.5,11.4,8.0,Heavy Rain,0,20.3
2024-07-12,Mysuru,64,1.1,5.3,8.7,Clear,0,20.3
2024-07-13,Mysuru,79,0.1,38.1,9.8,Clear,0,21.8
2024-07-14,Mysuru,,1.5,21.0,10.5,Clear,0,14.0
2024-07-15,Mysuru,79,1.9,14.6,9.2,Cloudy,0,22.2
2024-07-16,Mysuru,64,98.2,17.1,8.2,Rain,1,19.4
2024-07-18,Mysuru,49,0.9,15.4,9.5,Clear,0,23.6
2024-07-19,Mysuru,98,1.5,,4.7,Cloudy,0,21.9
2024-07-20,Mysuru,42,0.0,12.4,6.0,Clear,0,27.1
2024-07-21,Mysuru,29,0.6,,6.6,Sunny,0,18.1
2024-07-22,Mysuru,79,0.3,27.9,10.2,Cloudy,0,76.7
2024-07-23,Mysuru,53,1.8,14.9,9.4,Clear,0,19.444444444444443
2024-07-24,Mysuru,,0.6,28.6,5.8,Cloudy,0,17.7
2024-07-25,Mysuru,69,102.6,14.6,5.8,Rain,0,25.38888888888889
2024-07-26,Mysuru,85,72.8,38.5,8.9,Thunderstorm,1,20.6
2024-07-27,Mysuru,88,1.3,43.2,10.7,Clear,0,20.4
2024-07-28,Mysuru,94,0.8,4.4,0.7,Fog,0,15.5
2024-07-29,Mysuru,55,1.9,8.2,8.6,Clear,0,18.3
2024-07-30,Mysuru,92,0.8,3.3,1.3,Fog,0,21.9
2024-07-31,Mysuru,,1.6,12.8,7.8,Clear,0,15.1
2024-08-01,Mysuru,46,31.9,13.0,5.6,Rain,1,18.7
2024-08-02,Mysuru,64,1.8,40.8,10.6,Cloudy,0,20.0
2024-03-08,Mysuru,66,0.3,8.4,0.6,Fog,0,20.5
2024-04-08,Mysuru,86,0.9,37.2,9.4,Sunny,0,19.499999999999996
2024-08-05,Mysuru,85,0.7,2.0,5.5,Clear,0,16.6
2024-08-06,Mysuru,54,1.7,10.4,9.8,Clear,0,18.7
2024-07-08,Mysuru,81,5.1,8.4,7.4,Heavy Rain,0,16.9
2024-08-08,Mysuru,28,1.4,19.9,4.9,Cloudy,0,23.88888888888889
2024-08-09,Mysuru,30,0.8,10.8,11.3,Sunny,0,
2024-08-10,Mysuru,52,0.7,39.7,7.2,Clear,0,17.1
2024-08-11,Mysuru,32,1.3,37.8,4.6,Cloudy,0,18.1
2024-08-12,Mysuru,56,1.2,14.8,11.2,Clear,0,23.0
2024-08-13,Mysuru,57,1.7,12.7,4.2,Cloudy,0,19.444444444444443
2024-08-14,Mysuru,30,5.2,11.7,9.1,Heavy Rain,1,21.7
2024-08-15,Mysuru,86,2.0,37.3,0.9,Fog,0,19.1
2024-08-16,Mysuru,58,1.9,33.2,11.5,Cloudy,0,18.7
2024-08-17,Mysuru,unknown,0.5,7.7,11.7,Cloudy,0,21.0
2024-08-18,Mysuru,83,106.2,7.7,10.3,Thunderstorm,0,16.4
2024-08-19,Mysuru,28,1.2,26.1,4.3,Cloudy,0,17.7
2024-08-20,Mysuru,85,1.4,11.5,11.0,Sunny,0,18.0
2024-08-21,Mysuru,38,0.9,16.1,8.1,Cloudy,0,21.5
2024-08-22,Mysuru,47,110.7,32.7,6.7,Rain,0,17.6
2024-08-23,Mysuru,54,0.8,28.0,9.0,Clear,0,19.1
2024-08-24,Mysuru,88,7.6,34.7,9.5,Rain,0,22.6
2024-08-25,Mysuru,35,1.9,7.5,9.1,Cloudy,0,23.2
2024-08-26,Mysuru,42,39.9,10.2,9.8,Heavy Rain,1,17.9
2024-08-27,Mysuru,49,0.2,38.9,5.5,Clear,0,21.944444444444443
2024-08-28,Mysuru,78,1.7,9.9,8.8,Clear,0,19.7
2024-08-29,Mysuru,58,1.9,28.3,4.9,Clear,0,19.7
2024-08-30,Mysuru,43,1.5,4.9,11.1,Clear,0,15.3
2024-08-31,Mysuru,91,1.6,7.0,9.4,Cloudy,0,22.2
2024-09-01,Mysuru,79,0.1,14.0,9.6,Sunny,0,16.3
2024-09-02,Mysuru,70,108.7,20.8,10.5,Rain,1,20.4
2024-03-09,Mysuru,98,35.2,40.9,6.0,Rain,0,23.0
2024-04-09,Mysuru,59,1.3,20.6,4.7,Cloudy,0,13.944444444444445
2024-05-09,Mysuru,68,0.5,3.6,10.8,Cloudy,0,20.0
2024-09-06,Mysuru,69,1.6,2.3,1.4,Fog,0,17.5
2024-07-09,Mysuru,97,1.4,22.0,8.7,Sunny,0,15.7
2024-09-08,Mysuru,89,87.3,33.5,9.7,Rain,1,21.4
2024-09-09,Mysuru,91,1.8,7.7,10.7,Clear,0,18.8
2024-09-10,Mysuru,76,0.8,17.7,6.7,Clear,0,14.3
2024-09-11,Mysuru,63,1.6,15.1,1.9,Fog,0,15.2
2024-09-12,Mysuru,86,1.1,25.8,4.3,Sunny,0,17.2
2024-09-13,Mysuru,85,0.1,11.9,7.9,Cloudy,0,15.7
2024-09-14,Mysuru,46,1.9,28.3,7.3,Clear,0,16.9
2024-09-15,Mysuru,41,2.0,43.7,6.9,Sunny,0,20.2
2024-09-16,Mysuru,92,82.0,9.4,5.5,Rain,0,18.8
2024-09-17,Mysuru,44,1.5,4.5,10.8,Clear,0,17.055555555555557
2024-09-18,Mysuru,92,0.5,12.9,9.7,Clear,0,15.9
2024-09-19,Mysuru,85,1.5,30.6,7.9,Clear,0,19.5
2024-09-20,Mysuru,52,0.1,37.1,10.1,Clear,0,14.555555555555555
2024-09-21,Mysuru,76,0.8,13.4,11.0,Clear,0,18.5
2024-09-22,Mysuru,83,1.8,35.4,11.7,Clear,0,15.5
2024-09-23,Mysuru,86,22.7,20.7,4.6,Thunderstorm,0,
2024-09-24,Mysuru,36,1.8,39.7,11.8,Clear,0,12.4
2024-09-25,Mysuru,49,30.1,5.2,10.7,Heavy Rain,0,16.0
2024-09-26,Mysuru,48,0.9,2.9,9.8,Cloudy,0,16.9
2024-09-27,Mysuru,81,0.2,32.6,6.9,Clear,0,
2024-09-28,Mysuru,39,0.3,6.0,4.8,Sunny,0,17.3
2024-09-29,Mysuru,66,1.1,30.7,7.9,Clear,0,16.3
2024-09-30,Mysuru,67,1.7,40.7,6.8,Cloudy,0,17.8
2024-10-01,Mysuru,57,1.1,15.4,11.2,Clear,0,7.8
2024-10-02,Mysuru,94,1.1,33.9,6.0,Cloudy,0,12.1
2024-10-03,Mysuru,95,1.6,42.7,9.7,Cloudy,0,12.9
2024-10-04,Mysuru,  ,77.6,28.9,4.3,Rain,0,20.9
2024-05-10,Mysuru,46,58.2,3.8,8.6,Rain,0,17.2
2024-06-10,Mysuru,75,0.3,24.9,4.5,Clear,0,15.1
2024-10-07,Mysuru,32,0.3,28.0,6.4,Sunny,0,15.8
2024-08-10,Mysuru,47,1.0,30.3,8.3,Clear,0,13.4
2024-09-10,Mysuru,69,1.2,38.2,8.3,Cloudy,0,15.0
2024-10-10,Mysuru,40,0.8,6.5,10.8,Clear,0,16.8
2024-10-11,Mysuru,52,68.0,42.0,9.7,Rain,0,14.5
2024-10-12,Mysuru,62,115.9,29.2,8.9,Thunderstorm,0,16.6
2024-10-13,Mysuru,  ,32.2,10.8,10.5,Thunderstorm,0,
2024-10-14,Mysuru,51,1.8,36.2,11.3,Clear,0,13.9
2024-10-15,Mysuru,58,2.0,41.6,11.0,Clear,0,19.5
2024-10-16,Mysuru,87,0.2,26.7,11.0,Cloudy,0,16.6
2024-10-17,Mysuru,89,85.4,23.3,11.8,Rain,0,11.7
2024-10-18,Mysuru,56,68.8,31.4,7.5,Thunderstorm,1,19.0
2024-10-19,Mysuru,52,54.3,28.0,11.9,Rain,0,23.9
2024-10-20,Mysuru,75,1.4,13.5,1.5,Fog,0,18.9
2024-10-21,Mysuru,31,0.4,35.0,1.7,Fog,0,11.6
2024-10-22,Mysuru,29,0.8,36.5,8.4,Clear,0,21.5
2024-10-23,Mysuru,75,1.0,40.4,9.6,Clear,0,18.4
2024-10-24,Mysuru,55,15.1,18.8,5.1,Heavy Rain,0,21.6
2024-10-25,Mysuru,73,1.9,16.3,5.7,Clear,0,65.6
2024-10-26,Mysuru,35,1.6,23.6,6.2,Clear,0,20.2
2024-10-27,Mysuru,68,59.0,38.7,9.2,Thunderstorm,0,15.9
2024-10-28,Mysuru,60,1.0,21.8,4.5,Sunny,0,10.9
2024-10-29,Mysuru,82,0.4,14.8,9.5,Clear,0,13.8
2024-10-30,Mysuru,82,19.5,27.7,6.1,Thunderstorm,0,17.8
2024-10-31,Mysuru,67,113.6,19.6,6.3,Rain,0,14.9
2024-01-11,Mysuru,35,95.0,23.5,8.5,Thunderstorm,0,14.4
2024-11-02,Mysuru,82,1.8,10.0,8.4,Clear,0,22.7
2024-03-11,Mysuru,42,39.4,41.5,10.7,Heavy Rain,0,17.0
2024-04-11,Mysuru,57,1.7,2.5,9.2,Clear,0,19.2
2024-11-05,Mysuru,58,1.5,39.8,5.3,Clear,0,17.3
2024-06-11,Mysuru,50,0.2,15.3,4.3,Clear,0,23.055555555555557
2024-07-11,Mysuru,79,0.3,36.6,8.8,Clear,0,17.9
2024-11-08,Mysuru,47,76.1,13.3,4.8,Rain,1,19.1
2024-09-11,Mysuru,81,0.5,40.5,2.4,Fog,0,19.9
2024-10-11,Mysuru,63,1.7,32.7,1.2,Fog,0,12.0
2024-11-11,Mysuru,48,0.4,3.2,11.4,Clear,0,
2024-12-11,Mysuru,92,1.7,29.8,2.6,Fog,0,19.7
2024-11-13,Mysuru,74,1.2,5.9,5.3,Cloudy,0,18.2
2024-11-14,Mysuru,57,69.8,24.8,8.1,Thunderstorm,1,20.2
2024-11-15,Mysuru,35,1.8,15.7,6.2,Clear,0,20.1
2024-11-16,Mysuru,94,8.2,21.8,9.8,Heavy Rain,0,18.0
2024-11-18,Mysuru,70,0.1,6.4,7.8,Cloudy,0,18.8
2024-11-19,Mysuru,34,1.1,38.6,2.3,Fog,0,22.1
2024-11-20,Mysuru,71,1.2,15.1,2.4,Fog,0,20.6
2024-11-21,Mysuru,88,72.3,12.9,11.6,Rain,0,20.2
2024-11-22,Mysuru,49,1.0,39.1,6.6,Cloudy,0,14.5
2024-11-23,Mysuru,93,0.6,44.8,4.3,Cloudy,0,14.1
2024-11-24,Mysuru,96,23.9,8.2,10.3,Rain,1,18.1
2024-11-25,Mysuru,96,0.0,22.2,7.3,Cloudy,0,20.7
2024-11-26,Mysuru,56,56.3,37.0,9.7,Rain,1,21.6
2024-11-27,Mysuru,53,0.2,6.5,10.0,Cloudy,0,21.5
2024-11-28,Mysuru,81,15.1,23.3,8.0,Thunderstorm,0,20.3
2024-11-29,Mysuru,48,0.9,44.1,10.3,Cloudy,0,17.9
2024-11-30,Mysuru,85,8.6,9.1,7.4,Rain,0,19.0
2024-02-12,Mysuru,64,95.4,2.2,10.3,Thunderstorm,0,16.4
2024-03-12,Mysuru,53,0.3,23.4,5.4,Clear,0,19.1
2024-12-04,Mysuru,30,80.0,35.7,8.9,Rain,0,22.0
2024-05-12,Mysuru,40,0.7,34.8,4.8,Sunny,0,24.1
2024-12-06,Mysuru,30,1.6,  ,10.2,Sunny,0,18.5
2024-12-07,Mysuru,63,0.4,33.1,11.1,Cloudy,0,19.4
2024-08-12,Mysuru,28,20.8,44.0,5.7,Rain,1,22.3
2024-12-09,Mysuru,43,1.8,22.1,6.4,Clear,0,24.5
2024-10-12,Mysuru,88,50.0,34.7,6.4,Rain,0,24.3
2024-11-12,Mysuru,69,86.1,35.9,8.0,Thunderstorm,0,19.4
2024-12-12,Mysuru,82,106.6,5.2,4.1,Heavy Rain,0,23.2
2024-12-13,Mysuru,85,89.4,43.7,9.5,Rain,1,76.4
2024-12-14,Mysuru,71,119.4,36.5,10.7,Rain,0,64.8
2024-12-15,Mysuru,73,2.0,21.0,10.6,Clear,0,22.5
2024-12-16,Mysuru,93,0.4,19.2,4.7,Sunny,0,18.5
2024-12-17,Mysuru,53,1.2,11.6,1.4,Fog,0,22.1
2024-12-18,Mysuru,66,1.8,43.3,5.8,Cloudy,0,23.9
2024-12-19,Mysuru,50,89.6,39.3,10.8,Thunderstorm,0,22.2
2024-12-20,Mysuru,72,1.4,27.1,5.9,Clear,0,25.8
2024-12-21,Mysuru,28,0.1,24.5,10.7,Clear,0,22.6
2024-12-22,Mysuru,69,0.2,16.0,9.4,Clear,0,25.1
2024-12-23,Mysuru,72,0.4,26.9,6.2,Cloudy,0,25.1
2024-12-24,Mysuru,76,1.2,21.0,5.0,Sunny,0,22.8
2024-12-25,Mysuru,80,0.5,17.4,8.7,Clear,0,21.8
2024-12-26,Mysuru,46,1.3,17.7,4.8,Clear,0,22.6
2024-12-27,Mysuru,96,1.9,13.8,9.1,Clear,0,24.7
2024-12-28,Mysuru,46,1.4,23.4,6.0,Cloudy,0,29.0
2024-12-29,Mysuru,67,1.6,20.2,9.9,Sunny,0,21.5
2024-12-30,Mysuru,71,57.9,40.1,7.9,Rain,1,24.0
2024-12-31,Mysuru,74,1.5,43.8,9.1,Sunny,0,21.2
2025-01-01,Mysuru,60,0.7,5.7,5.3,Cloudy,0,20.7
2025-01-02,Mysuru,56,0.9,33.4,2.1,Fog,0,20.3
2025-03-01,Mysuru,58,22.2,13.1,8.2,Rain,0,25.3
2025-01-04,Mysuru,80,0.2,,9.1,Clear,0,25.27777777777778
2025-05-01,Mysuru,42,46.3,5.3,10.8,Rain,0,22.22222222222222
2025-01-06,Mysuru,70,79.7,24.0,5.2,Heavy Rain,0,26.4
2025-07-01,Mysuru,50,83.5,24.5,11.3,Rain,0,27.8
2025-01-08,Mysuru,,98.7,22.4,10.3,Rain,0,32.4
2025-09-01,Mysuru,82,0.5,43.9,0.7,Fog,0,28.6
2025-10-01,Mysuru,46,0.3,5.1,1.7,Fog,0,25.0
2025-01-11,Mysuru,47,1.2,3.9,4.3,Sunny,0,21.5
2025-12-01,Mysuru,49,0.8,16.3,1.5,Fog,0,28.9
2025-01-13,Mysuru,98,1.5,2.3,4.9,Cloudy,0,24.5
2025-01-14,Mysuru,73,0.9,25.7,9.1,Cloudy,0,24.555555555555557
2025-01-15,Mysuru,53,0.2,12.8,6.8,Sunny,0,30.1
2025-01-16,Mysuru,75,0.1,34.3,11.6,Cloudy,0,23.6
2025-01-17,Mysuru,51,2.0,26.9,9.5,Cloudy,0,
2025-01-18,Mysuru,85,52.9,6.0,10.4,Rain,0,24.0
2025-01-19,Mysuru,38,104.9,31.4,9.5,Rain,0,22.6
2025-01-20,Mysuru,72,78.5,5.0,12.0,Rain,0,24.499999999999996
2025-01-21,Mysuru,65,72.2,41.6,5.1,Rain,0,24.5
2025-01-22,Mysuru,62,77.7,9.5,4.5,Rain,1,23.7
2025-01-23,Mysuru,96,0.5,9.7,1.1,Fog,0,25.0
2025-01-24,Mysuru,45,15.0,11.2,5.0,Rain,1,23.9
2025-01-25,Mysuru,72,1.2,11.2,11.3,Clear,0,
2025-01-26,Mysuru,41,1.6,,9.1,Clear,0,30.2
2025-01-27,Mysuru,96,0.9,44.1,4.9,Cloudy,0,25.8
2025-01-28,Mysuru,,0.6,2.8,4.7,Sunny,0,83.1
2025-01-29,Mysuru,,1.0,22.5,10.6,Cloudy,0,26.999999999999996
2025-01-30,Mysuru,33,0.8,31.7,10.0,Clear,0,30.4
2025-01-31,Mysuru,35,1.7,13.3,8.3,Clear,0,28.1
2025-01-02,Mysuru,32,1.4,30.8,9.4,Clear,0,27.0
2025-02-02,Mysuru,38,0.4,41.3,9.6,Clear,0,25.8
2025-02-03,Mysuru,51,64.2,44.6,7.5,Rain,0,28.9
2025-02-04,Mysuru,39,57.0,36.4,8.2,Rain,0,24.2
2025-02-05,Mysuru,81,0.9,40.8,8.4,Sunny,0,31.4
2025-06-02,Mysuru,93,1.3,30.9,6.5,Clear,0,28.9
2025-02-07,Mysuru,33,93.8,37.6,10.4,Rain,0,30.2
2025-08-02,Mysuru,41,1.0,21.0,7.2,Cloudy,0,31.6
2025-02-09,Mysuru,55,38.4,6.3,10.5,Rain,1,32.7
2025-10-02,Mysuru,40,20.2,4.7,9.5,Rain,1,31.3
2025-11-02,Mysuru,97,0.9,16.2,8.4,Cloudy,0,27.4
2025-12-02,Mysuru,96,0.6,25.4,7.4,Cloudy,0,33.0
2025-02-13,Mysuru,64,1.9,13.0,6.2,Sunny,0,30.1
2025-02-14,Mysuru,82,1.2,17.9,5.6,Clear,0,28.1
2025-02-15,Mysuru,54,73.3,8.8,8.3,Rain,0,30.3
2025-02-16,Mysuru,51,0.5,38.8,6.1,Cloudy,0,31.5
2025-02-17,Mysuru,86,0.1,30.7,7.2,Clear,0,33.1
2025-02-18,Mysuru,32,2.0,15.6,6.6,Cloudy,0,24.3
2025-02-19,Mysuru,73,1.2,15.4,11.4,Clear,0,27.9
2025-02-20,Mysuru,75,1.1,10.3,9.8,Clear,0,33.9
2025-02-22,Mysuru,81,39.3,25.4,4.4,Rain,0,29.555555555555557
2025-02-23,Mysuru,90,0.1,40.5,4.4,Clear,0,32.6
2025-02-24,Mysuru,41,47.7,19.1,10.5,Rain,1,33.4
2025-02-25,Mysuru,60,0.7,18.1,4.3,Clear,0,31.2
2025-02-26,Mysuru,33,0.4,17.2,8.6,Clear,0,26.5
2025-02-27,Mysuru,71,109.4,18.3,10.4,Rain,0,26.8
2025-02-28,Mysuru,61,0.1,24.4,6.6,Clear,0,33.1
2025-03-01,Mysuru,31,1.5,28.0,6.7,Clear,0,86.5
2025-02-03,Mysuru,46,1.0,6.9,11.0,Clear,0,39.0
2025-03-03,Mysuru,50,1.2,5.0,4.1,Sunny,0,28.9
2025-04-03,Mysuru,83,1.7,32.5,7.4,Clear,0,27.7
2025-05-03,Mysuru,35,1.1,6.3,6.6,Clear,0,31.666666666666668
2025-03-06,Mysuru,42,49.3,40.9,8.6,Rain,0,33.7
2025-03-07,Mysuru,82,0.6,40.0,7.0,Clear,0,29.6
2025-08-03,Mysuru,96,1.9,2.4,1.2,Fog,0,30.7
2025-09-03,Mysuru,55,1.2,32.8,6.7,Sunny,0,30.5
2025-10-03,Mysuru,56,1.5,41.5,9.4,Cloudy,0,30.77777777777778
2025-03-11,Mysuru,90,64.6,4.1,10.9,Thunderstorm,0,35.3
2025-12-03,Mysuru,66,0.8,41.0,4.6,Clear,0,29.9
2025-03-13,Mysuru,34,72.2,28.0,4.2,Rain,0,30.7
2025-03-14,Mysuru,76,59.3,28.1,4.6,Rain,1,32.4
2025-03-15,Mysuru,89,29.5,5.5,4.5,Rain,0,31.9
2025-03-16,Mysuru,75,92.4,10.6,8.6,Rain,0,28.9
2025-03-17,Mysuru,37,0.3,44.2,4.8,Clear,0,34.3
2025-03-18,Mysuru,49,1.1,21.1,8.9,Clear,0,31.8
2025-03-19,Mysuru,60,0.4,32.9,9.4,Clear,0,34.2
2025-03-20,Mysuru,60,0.9,17.7,10.7,Cloudy,0,35.6
2025-03-22,Mysuru,57,1.5,30.6,5.0,Clear,0,34.4
2025-03-23,Mysuru,72,16.3,40.3,8.9,Rain,0,29.5
2025-03-24,Mysuru,50,0.1,31.8,7.8,Clear,0,34.1
2025-03-25,Mysuru,49,0.6,40.1,7.1,Clear,0,32.666666666666664
2025-03-26,Mysuru,63,49.1,10.1,6.7,Thunderstorm,0,32.2
2025-03-27,Mysuru,46,0.0,14.7,7.4,Cloudy,0,30.3
2025-03-28,Mysuru,95,1.7,2.3,7.2,Cloudy,0,
2025-03-29,Mysuru,42,108.5,13.5,7.4,Rain,0,26.4
2025-03-30,Mysuru,60,1.3,11.0,9.6,Cloudy,0,27.7
2025-03-31,Mysuru,56,1.0,23.1,11.9,Clear,0,32.0
2025-01-04,Mysuru,70,110.2,4.0,9.9,Rain,0,33.2
2025-02-04,Mysuru,77,1.6,35.2,6.3,Clear,0,27.4
2025-03-04,Mysuru,unknown,1.9,10.3,7.6,Clear,0,29.6
2025-04-04,Mysuru,97,1.2,2.8,10.8,Clear,0,31.1
2025-06-04,Mysuru,87,1.0,7.1,11.3,Cloudy,0,32.0
2025-04-07,Mysuru,79,0.9,34.6,11.4,Clear,0,30.5
2025-08-04,Mysuru,31,0.0,6.1,10.4,Clear,0,26.6
2025-04-09,Mysuru,49,43.0,22.4,11.1,Rain,1,89.0
2025-10-04,Mysuru,56,0.6,44.2,2.4,Fog,0,34.1
2025-11-04,Mysuru,34,90.3,22.2,6.0,Rain,0,30.5
2025-04-12,Mysuru,66,8.8,31.8,9.9,Rain,0,31.6
2025-04-13,Mysuru,73,1.0,15.5,4.9,Sunny,0,35.7
2025-04-15,Mysuru,75,47.1,39.9,8.8,Rain,1,33.1
2025-04-16,Mysuru,69,2.0,5.9,9.2,Clear,0,35.9
2025-04-17,Mysuru,37,113.2,29.8,5.2,Rain,0,31.8
2025-04-18,Mysuru,34,0.9,10.5,8.3,Sunny,0,34.9
2025-04-19,Mysuru,93,108.9,3.1,11.6,Rain,0,29.944444444444443
2025-04-20,Mysuru,50,1.2,3.8,1.4,Fog,0,35.1
2025-04-21,Mysuru,57,73.4,43.4,11.2,Rain,0,78.8
2025-04-22,Mysuru,96,1.4,14.7,6.0,Cloudy,0,33.7
2025-04-23,Mysuru,57,0.5,16.1,11.8,Clear,0,31.7
2025-04-24,Mysuru,79,1.4,15.5,4.9,Clear,0,35.1
2025-04-25,Mysuru,29,1.2,3.7,5.6,Clear,0,28.8
2025-04-26,Mysuru,83,0.4,37.6,9.9,Cloudy,0,29.4
2025-04-27,Mysuru,61,1.4,30.0,2.8,Fog,0,25.9
2025-04-28,Mysuru,35,0.5,33.6,8.1,Cloudy,0,31.6
2025-04-29,Mysuru,93,106.4,6.4,4.5,Rain,0,
2025-04-30,Mysuru,45,1.5,16.8,11.1,Sunny,0,31.1
2025-01-05,Mysuru,87,0.7,19.8,1.2,Fog,0,37.9
2025-02-05,Mysuru,28,0.9,37.3,10.2,Clear,0,33.1
2025-03-05,Mysuru,58,1.8,44.2,9.0,Cloudy,0,32.8
2025-04-05,Mysuru,72,0.6,2.7,9.6,Cloudy,0,27.1
2025-05-05,Mysuru,56,0.6,41.1,10.8,Clear,0,31.7
2025-05-06,Mysuru,85,1.0,35.0,11.2,Cloudy,0,28.7
2025-07-05,Mysuru,39,45.2,35.5,10.8,Rain,0,26.999999999999996
2025-05-08,Mysuru,72,111.2,34.8,8.9,Rain,0,30.444444444444443
2025-09-05,Mysuru,84,0.9,44.5,10.9,Cloudy,0,27.2
2025-10-05,Mysuru,49,1.7,41.3,8.4,Clear,0,31.2
2025-05-11,Mysuru,61,87.5,14.0,9.3,Heavy Rain,0,24.7
2025-05-12,Mysuru,47,0.9,8.3,5.1,Clear,0,32.27777777777778
2025-05-13,Mysuru,60,88.7,40.9,5.1,Heavy Rain,0,29.5
2025-05-14,Mysuru,30,0.6,5.7,9.7,Clear,0,32.0
2025-05-15,Mysuru,97,1.2,27.6,6.3,Clear,0,30.8
2025-05-16,Mysuru,62,0.2,19.5,7.8,Clear,0,29.3
2025-05-17,Mysuru,51,1.3,9.1,11.3,Cloudy,0,
2025-05-18,Mysuru,51,99.1,2.7,8.0,Heavy Rain,0,29.1
2025-05-19,Mysuru,41,0.9,17.3,7.3,Clear,0,29.3
2025-05-20,Mysuru,91,1.9,34.1,4.1,Sunny,0,25.3
2025-05-21,Mysuru,88,1.4,25.8,7.3,Cloudy,0,25.7
2025-05-22,Mysuru,55,103.2,29.9,6.5,Rain,0,29.22222222222222
2025-05-23,Mysuru,52,1.0,4.3,5.0,Cloudy,0,29.9
2025-05-24,Mysuru,74,0.1,5.4,10.7,Sunny,0,26.444444444444443
2025-05-25,Mysuru,50,1.6,10.0,7.1,Cloudy,0,27.5
2025-05-26,Mysuru,35,63.5,34.2,5.2,Rain,0,29.61111111111111
2025-05-27,Mysuru,unknown,1.6,27.1,5.1,Clear,0,21.5
2025-05-28,Mysuru,88,0.0,37.7,4.9,Clear,0,30.0
2025-05-29,Mysuru,88,1.8,31.8,10.5,Clear,0,28.6
2025-05-30,Mysuru,59,1.3,43.1,8.1,Sunny,0,30.9
2025-05-31,Mysuru,83,105.4,28.0,11.4,Rain,0,24.0
2025-01-06,Mysuru,80,1.6,18.1,7.3,Cloudy,0,28.9
2025-06-02,Mysuru,70,0.6,36.9,6.6,Cloudy,0,30.5
2025-03-06,Mysuru,45,1.4,32.2,4.8,Cloudy,0,28.9
2025-04-06,Mysuru,71,0.6,40.3,5.3,Clear,0,30.2
2025-06-05,Mysuru,57,1.2,33.3,5.3,Sunny,0,29.7
2025-06-06,Mysuru,97,0.8,7.0,10.3,Clear,0,23.7
2025-06-07,Mysuru,71,0.7,5.2,5.8,Clear,0,28.8
2025-08-06,Mysuru,39,1.0,17.3,6.4,Cloudy,0,
2025-09-06,Mysuru,93,78.5,16.3,9.8,Heavy Rain,0,28.1
2025-10-06,Mysuru,29,115.5,28.6,11.7,Heavy Rain,0,24.5
2025-11-06,Mysuru,35,1.4,  ,4.9,Clear,0,29.6
2025-12-06,Mysuru,,1.7,34.7,4.4,Clear,0,26.055555555555557
2025-06-13,Mysuru,46,0.9,17.2,4.0,Clear,0,19.5
2025-06-15,Mysuru,73,69.9,42.1,6.1,Rain,0,24.0
2025-06-16,Mysuru,40,20.6,2.1,9.5,Rain,0,21.6
2025-06-17,Mysuru,58,0.6,32.2,7.9,Cloudy,0,26.7
2025-06-18,Mysuru,93,1.0,29.3,5.5,Sunny,0,25.0
2025-06-19,Mysuru,73,107.6,3.2,4.1,Heavy Rain,0,25.8
2025-06-20,Mysuru,33,34.0,,9.5,Heavy Rain,0,20.6
2025-06-21,Mysuru,,1.1,6.6,11.2,Clear,0,27.0
2025-06-22,Mysuru,34,0.9,23.7,6.1,Clear,0,27.8
2025-06-23,Mysuru,48,87.6,28.3,10.5,Thunderstorm,0,23.388888888888886
2025-06-24,Mysuru,45,0.5,29.8,6.3,Clear,0,24.61111111111111
2025-06-25,Mysuru,94,0.5,10.0,7.5,Clear,0,29.5
2025-06-26,Mysuru,58,0.5,3.7,5.7,Cloudy,0,69.5
2025-06-27,Mysuru,85,0.4,38.7,0.8,Fog,0,24.5
2025-06-28,Mysuru,64,39.5,43.1,8.9,Thunderstorm,1,26.1
2025-06-29,Mysuru,30,0.3,7.2,5.4,Clear,0,22.0
2025-06-30,Mysuru,40,70.5,36.5,5.2,Thunderstorm,0,20.8
2025-07-01,Mysuru,75,0.6,2.8,5.5,Clear,0,27.0
2024-01-01,Hyderabad,35,1.4,6.2,4.6,Cloudy,0,24.2
2024-02-01,Hyderabad,98,1.0,19.0,5.0,Clear,0,21.6
2024-03-01,Hyderabad,54,0.1,9.6,6.7,Clear,0,22.555555555555554
2024-04-01,Hyderabad,40,1.4,34.0,8.4,Clear,0,67.2
2024-01-05,Hyderabad,98,104.8,12.9,11.7,Heavy Rain,1,27.7
2024-01-06,Hyderabad,88,1.2,2.9,1.6,Fog,0,23.4
2024-01-07,Hyderabad,77,103.8,22.2,6.1,Rain,0,23.77777777777778
2024-08-01,Hyderabad,46,1.7,41.5,8.2,Cloudy,0,25.6
2024-09-01,Hyderabad,28,1.9,10.4,8.7,Sunny,0,30.0
2024-10-01,Hyderabad,90,51.2,35.2,6.6,Rain,1,23.7
2024-01-11,Hyderabad,29,78.6,16.5,6.8,Rain,0,26.2
2024-01-12,Hyderabad,57,1.8,21.4,7.6,Clear,0,31.166666666666668
2024-01-13,Hyderabad,85,1.9,16.5,6.2,Clear,0,23.3
2024-01-14,Hyderabad,53,0.6,7.4,8.6,Clear,0,31.6
2024-01-15,Hyderabad,59,0.1,12.5,11.1,Clear,0,23.5
2024-01-16,Hyderabad,33,92.7,15.3,7.9,Thunderstorm,0,81.2
2024-01-17,Hyderabad,76,1.4,11.9,5.2,Sunny,0,30.944444444444443
2024-01-18,Hyderabad,61,1.2,23.1,5.1,Cloudy,0,29.6
2024-01-19,Hyderabad,76,0.9,34.5,4.1,Cloudy,0,34.55555555555556
2024-01-20,Hyderabad,28,44.4,29.2,5.7,Heavy Rain,0,27.6
2024-01-21,Hyderabad,88,29.3,2.6,8.9,Rain,0,29.3
2024-01-22,Hyderabad,69,2.0,20.9,8.2,Clear,0,25.3
2024-01-23,Hyderabad,71,0.7,39.3,2.1,Fog,0,31.3
2024-01-24,Hyderabad,  ,1.5,12.9,6.3,Clear,0,22.9
2024-01-25,Hyderabad,84,66.9,33.3,5.3,Thunderstorm,0,28.7
2024-01-26,Hyderabad,41,93.6,26.1,8.4,Heavy Rain,1,18.6
2024-01-27,Hyderabad,63,58.4,40.8,4.8,Heavy Rain,1,26.6
2024-01-28,Hyderabad,82,0.3,42.4,5.0,Clear,0,29.0
2024-01-29,Hyderabad,93,0.3,9.7,11.4,Cloudy,0,30.8
2024-01-30,Hyderabad,64,1.9,31.7,6.6,Clear,0,28.5
2024-01-31,Hyderabad,41,46.4,27.9,5.0,Rain,0,27.5
2024-02-01,Hyderabad,56,1.7,11.5,11.8,Sunny,0,29.6
2024-02-02,Hyderabad,86,1.6,4.8,9.0,Cloudy,0,30.6
2024-03-02,Hyderabad,76,29.3,4.9,4.1,Rain,0,21.4
2024-04-02,Hyderabad,93,16.5,30.1,12.0,Rain,0,30.9
2024-02-05,Hyderabad,28,1.0,20.0,2.6,Fog,0,28.9
2024-02-06,Hyderabad,77,0.3,39.3,10.7,Clear,0,30.0
2024-02-07,Hyderabad,67,2.0,11.2,10.6,Clear,0,37.8
2024-08-02,Hyderabad,57,7.9,26.3,4.9,Rain,0,33.3
2024-09-02,Hyderabad,92,5.7,40.7,7.9,Rain,1,24.4
2024-10-02,Hyderabad,65,77.4,44.8,7.9,Rain,1,26.0
2024-11-02,Hyderabad,54,0.1,26.3,4.5,Clear,0,33.2
2024-12-02,Hyderabad,79,1.5,9.8,8.7,Cloudy,0,25.5
2024-02-13,Hyderabad,35,0.6,5.1,11.4,Clear,0,32.8
2024-02-14,Hyderabad,38,1.8,34.3,10.3,Clear,0,34.8
2024-02-15,Hyderabad,54,0.7,4.9,2.6,Fog,0,31.0
2024-02-16,Hyderabad,47,18.5,14.0,10.7,Rain,0,87.2
2024-02-17,Hyderabad,90,1.6,29.2,4.3,Cloudy,0,32.5
2024-02-18,Hyderabad,54,0.3,30.0,10.2,Cloudy,0,30.1
2024-02-19,Hyderabad,79,1.3,5.8,9.4,Clear,0,29.3
2024-02-20,Hyderabad,58,74.6,2.8,4.6,Heavy Rain,1,29.38888888888889
2024-02-21,Hyderabad,70,0.5,13.0,5.1,Cloudy,0,29.8
2024-02-22,Hyderabad,40,1.2,37.3,9.9,Cloudy,0,27.7
2024-02-23,Hyderabad,37,44.0,43.6,4.6,Rain,0,31.1
2024-02-24,Hyderabad,45,1.8,13.3,6.4,Clear,0,30.3
2024-02-25,Hyderabad,74,0.9,31.9,6.7,Clear,0,32.0
2024-02-26,Hyderabad,79,0.6,14.7,10.6,Cloudy,0,27.3
2024-02-27,Hyderabad,77,1.5,12.5,8.2,Cloudy,0,35.8
2024-02-29,Hyderabad,57,1.3,7.8,1.6,Fog,0,30.8
2024-03-01,Hyderabad,98,1.8,21.6,11.9,Cloudy,0,31.7
2024-02-03,Hyderabad,92,1.1,14.0,5.7,Cloudy,0,25.0
2024-04-03,Hyderabad,60,1.2,33.4,1.9,Fog,0,33.3
2024-03-05,Hyderabad,88,6.0,43.1,9.5,Thunderstorm,0,29.0
2024-06-03,Hyderabad,75,0.6,9.3,5.4,Clear,0,36.2
2024-07-03,Hyderabad,94,1.5,34.5,8.3,Clear,0,27.7
2024-03-08,Hyderabad,85,73.5,36.0,10.8,Heavy Rain,0,30.8
2024-09-03,Hyderabad,98,0.8,3.4,5.2,Clear,0,28.4
2024-10-03,Hyderabad,94,2.0,20.6,8.6,Cloudy,0,29.6
2024-03-11,Hyderabad,95,25.6,unknown,7.1,Heavy Rain,0,36.3
2024-12-03,Hyderabad,71,0.6,18.9,8.7,Sunny,0,29.2
2024-03-13,Hyderabad,88,0.5,16.8,6.7,Clear,0,31.11111111111111
2024-03-14,Hyderabad,75,39.8,19.9,11.5,Rain,0,30.5
2024-03-15,Hyderabad,61,7.6,26.0,6.7,Heavy Rain,0,32.5
2024-03-16,Hyderabad,76,1.6,4.0,11.5,Cloudy,0,29.9
2024-03-17,Hyderabad,43,0.5,19.4,5.9,Clear,0,30.2
2024-03-18,Hyderabad,33,0.2,7.3,5.6,Clear,0,82.3
2024-03-19,Hyderabad,28,112.4,4.8,11.1,Thunderstorm,0,32.9
2024-03-20,Hyderabad,97,2.0,36.8,8.0,Clear,0,35.6
2024-03-21,Hyderabad,33,0.4,42.9,4.3,Cloudy,0,40.5
2024-03-22,Hyderabad,66,0.8,24.8,8.8,Clear,0,27.4
2024-03-23,Hyderabad,80,1.5,29.0,11.2,Clear,0,33.9
2024-03-24,Hyderabad,36,66.0,40.5,4.3,Heavy Rain,1,35.111111111111114
2024-03-25,Hyderabad,67,47.4,25.3,11.4,Thunderstorm,1,30.9
2024-03-26,Hyderabad,57,106.8,38.2,9.2,Heavy Rain,0,31.4
2024-03-27,Hyderabad,79,53.7,22.0,7.5,Rain,0,35.0
2024-03-28,Hyderabad,-,0.8,6.8,4.5,Cloudy,0,88.4
2024-03-29,Hyderabad,98,1.4,17.3,4.3,Cloudy,0,32.5
2024-03-30,Hyderabad,31,108.9,29.1,7.6,Rain,0,31.4
2024-03-31,Hyderabad,67,0.4,4.6,5.8,Clear,0,91.1
2024-01-04,Hyderabad,60,0.7,2.7,10.0,Clear,0,32.7
2024-04-02,Hyderabad,46,0.1,16.7,2.1,Fog,0,31.055555555555557
2024-04-03,Hyderabad,35,1.2,37.0,10.5,Clear,0,29.8
2024-04-04,Hyderabad,62,1.9,9.0,10.8,Clear,0,32.4
2024-04-05,Hyderabad,31,1.0,31.3,5.9,Clear,0,27.9
2024-06-04,Hyderabad,93,62.2,21.2,11.2,Thunderstorm,0,27.8
2024-07-04,Hyderabad,49,0.4,44.3,5.0,Clear,0,34.3
2024-04-08,Hyderabad,96,0.7,44.8,5.4,Clear,0,29.8
2024-04-09,Hyderabad,80,1.0,28.5,10.9,Clear,0,28.7
2024-10-04,Hyderabad,86,18.9,22.6,10.7,Rain,0,26.6
2024-11-04,Hyderabad,96,2.0,40.5,8.5,Sunny,0,87.7
2024-12-04,Hyderabad,48,0.1,32.8,5.0,Clear,0,33.0
2024-04-13,Hyderabad,97,0.9,22.0,11.9,Sunny,0,34.4
2024-04-14,Hyderabad,94,0.5,4.5,10.1,Sunny,0,27.0
2024-04-15,Hyderabad,74,1.3,2.1,2.5,Fog,0,
2024-04-16,Hyderabad,50,89.7,37.0,7.6,Rain,0,33.6
2024-04-17,Hyderabad,66,0.1,16.7,5.4,Sunny,0,28.5
2024-04-18,Hyderabad,86,1.3,32.0,11.8,Clear,0,28.2
2024-04-19,Hyderabad,44,9.6,28.2,4.8,Rain,1,30.166666666666668
2024-04-20,Hyderabad,83,43.4,23.7,9.4,Heavy Rain,1,30.77777777777778
2024-04-21,Hyderabad,87,0.8,20.3,10.4,Sunny,0,28.2
2024-04-22,Hyderabad,65,1.2,16.4,8.0,Sunny,0,29.2
2024-04-23,Hyderabad,69,0.1,33.5,9.1,Sunny,0,30.2
2024-04-24,Hyderabad,85,2.0,17.3,8.1,Cloudy,0,28.9
2024-04-25,Hyderabad,79,94.1,34.9,9.8,Heavy Rain,0,34.4
2024-04-26,Hyderabad,65,101.9,4.6,10.5,Rain,0,29.2
2024-04-27,Hyderabad,33,8.2,42.4,9.2,Rain,0,30.9
2024-04-28,Hyderabad,82,0.3,34.4,9.2,Sunny,0,27.7
2024-04-29,Hyderabad,,39.5,32.6,8.7,Thunderstorm,0,30.8
2024-04-30,Hyderabad,37,11.0,23.1,5.4,Rain,0,32.0
2024-05-01,Hyderabad,44,1.8,21.5,11.2,Clear,0,32.7
2024-02-05,Hyderabad,66,1.0,37.9,6.6,Clear,0,29.3
2024-03-05,Hyderabad,73,1.6,2.4,6.7,Clear,0,27.0
2024-05-04,Hyderabad,77,0.3,3.1,9.2,Cloudy,0,25.2
2024-05-05,Hyderabad,98,0.3,6.4,11.4,Clear,0,33.8
2024-06-05,Hyderabad,94,1.8,24.4,9.4,Clear,0,27.5
2024-05-07,Hyderabad,59,40.1,14.6,7.0,Rain,0,30.6
2024-05-08,Hyderabad,92,1.7,13.0,11.0,Clear,0,29.6
2024-05-10,Hyderabad,96,1.3,  ,5.0,Sunny,0,28.1
2024-05-11,Hyderabad,75,1.8,17.7,6.5,Sunny,0,29.9
2024-05-12,Hyderabad,60,1.1,25.2,10.3,Cloudy,0,26.3
2024-05-13,Hyderabad,49,0.7,22.1,9.0,Sunny,0,27.6
2024-05-14,Hyderabad,60,1.6,28.7,3.0,Fog,0,26.2
2024-05-15,Hyderabad,89,51.4,39.8,10.9,Rain,0,23.9
2024-05-16,Hyderabad,82,1.1,13.1,4.3,Clear,0,25.0
2024-05-17,Hyderabad,29,0.9,23.5,6.0,Cloudy,0,
2024-05-18,Hyderabad,51,0.3,27.8,7.9,Clear,0,
2024-05-19,Hyderabad,41,1.9,14.8,2.0,Fog,0,31.9
2024-05-20,Hyderabad,53,1.6,29.8,5.9,Sunny,0,31.6
2024-05-21,Hyderabad,58,0.3,26.6,4.5,Cloudy,0,26.6
2024-05-22,Hyderabad,30,0.8,31.4,9.7,Clear,0,29.7
2024-05-23,Hyderabad,30,42.6,3.6,10.3,Rain,0,27.7
2024-05-24,Hyderabad,86,1.0,15.1,6.2,Clear,0,29.9
2024-05-25,Hyderabad,60,0.4,17.0,8.0,Cloudy,0,30.8
2024-05-26,Hyderabad,60,30.2,25.3,10.9,Rain,0,32.5
2024-05-27,Hyderabad,42,20.1,17.3,11.6,Heavy Rain,0,32.8
2024-05-28,Hyderabad,97,1.7,42.1,4.3,Clear,0,32.4
2024-05-29,Hyderabad,83,20.1,16.1,5.4,Rain,0,27.2
2024-05-30,Hyderabad,45,0.4,32.3,9.9,Clear,0,30.2
2024-05-31,Hyderabad,39,2.0,44.3,6.0,Clear,0,86.8
2024-01-06,Hyderabad,41,1.9,9.2,8.0,Clear,0,30.7
2024-06-02,Hyderabad,32,0.8,37.1,9.2,Sunny,0,25.72222222222222
2024-06-03,Hyderabad,30,59.7,36.5,10.6,Rain,1,22.9
2024-06-04,Hyderabad,72,77.0,7.7,8.1,Heavy Rain,0,24.3
2024-05-06,Hyderabad,32,0.8,25.7,7.7,Sunny,0,25.1
2024-06-06,Hyderabad,65,10.8,9.6,5.5,Heavy Rain,0,31.5
2024-07-06,Hyderabad,43,1.0,22.0,1.2,Fog,0,24.3
2024-08-06,Hyderabad,49,69.9,29.5,5.6,Rain,0,28.1
2024-06-09,Hyderabad,64,13.7,8.8,9.9,Rain,0,25.9
2024-10-06,Hyderabad,58,1.5,30.0,6.7,Clear,0,27.4
2024-06-11,Hyderabad,40,0.8,3.0,11.6,Clear,0,29.0
2024-12-06,Hyderabad,61,1.5,35.7,5.2,Sunny,0,28.8
2024-06-13,Hyderabad,90,0.4,31.3,7.9,Cloudy,0,30.0
2024-06-14,Hyderabad,84,0.2,43.7,6.2,Clear,0,24.9
2024-06-15,Hyderabad,67,111.8,38.5,9.1,Rain,1,70.6
2024-06-16,Hyderabad,53,1.2,17.6,4.2,Sunny,0,70.4
2024-06-17,Hyderabad,30,1.9,44.4,6.5,Cloudy,0,28.4
2024-06-18,Hyderabad,45,0.2,20.0,11.9,Sunny,0,23.8
2024-06-19,Hyderabad,61,55.5,8.0,9.1,Rain,0,28.1
2024-06-20,Hyderabad,60,105.5,22.3,6.4,Rain,1,24.0
2024-06-21,Hyderabad,62,0.5,40.7,11.5,Cloudy,0,26.6
2024-06-22,Hyderabad,,0.9,11.3,5.9,Cloudy,0,25.6
2024-06-23,Hyderabad,41,0.9,37.3,9.7,Clear,0,24.8
2024-06-24,Hyderabad,56,37.2,36.7,10.2,Thunderstorm,0,21.0
2024-06-25,Hyderabad,38,1.5,14.4,10.6,Clear,0,24.0
2024-06-26,Hyderabad,34,1.7,24.1,7.8,Sunny,0,27.5
2024-06-27,Hyderabad,79,15.8,44.7,6.6,Thunderstorm,1,23.2
2024-06-28,Hyderabad,73,78.7,12.7,4.1,Rain,0,24.5
2024-06-30,Hyderabad,53,1.8,3.3,1.2,Fog,0,21.8
2024-01-07,Hyderabad,93,1.1,35.3,5.4,Clear,0,22.2
2024-02-07,Hyderabad,57,0.4,39.0,4.7,Clear,0,21.7
2024-07-03,Hyderabad,,1.2,43.5,6.1,Clear,0,22.4
2024-07-04,Hyderabad,98,0.3,,5.2,Cloudy,0,23.333333333333332
2024-07-05,Hyderabad,78,1.6,3.8,7.2,Cloudy,0,23.3
2024-07-06,Hyderabad,74,103.4,39.1,7.6,Heavy Rain,0,17.0
2024-07-08,Hyderabad,29,1.4,28.3,4.4,Clear,0,24.4
2024-09-07,Hyderabad,45,0.1,8.0,6.8,Sunny,0,21.8
2024-07-10,Hyderabad,68,99.3,42.7,9.5,Thunderstorm,1,20.6
2024-07-11,Hyderabad,32,0.5,16.1,5.4,Clear,0,21.8
2024-12-07,Hyderabad,58,101.8,5.5,8.2,Rain,0,21.9
2024-07-13,Hyderabad,31,7.6,21.9,5.3,Rain,0,21.722222222222218
2024-07-14,Hyderabad,31,1.6,3.7,2.2,Fog,0,20.8
2024-07-15,Hyderabad,67,0.1,18.0,8.1,Cloudy,0,21.6
2024-07-16,Hyderabad,31,1.9,16.3,8.1,Clear,0,76.0
2024-07-17,Hyderabad,37,102.2,44.7,6.4,Thunderstorm,1,27.2
2024-07-18,Hyderabad,46,0.5,34.5,5.5,Clear,0,24.0
2024-07-19,Hyderabad,48,0.4,32.3,2.7,Fog,0,23.7
2024-07-20,Hyderabad,89,0.6,24.2,7.0,Clear,0,
2024-07-21,Hyderabad,  ,106.8,33.7,11.9,Rain,0,18.7
2024-07-22,Hyderabad,97,14.1,19.1,11.5,Rain,0,22.0
2024-07-23,Hyderabad,88,1.2,38.6,9.1,Cloudy,0,21.5
2024-07-24,Hyderabad,44,1.0,5.3,4.0,Clear,0,24.1
2024-07-25,Hyderabad,74,1.8,8.7,7.7,Clear,0,18.4
2024-07-26,Hyderabad,38,1.1,44.0,9.3,Clear,0,19.7
2024-07-27,Hyderabad,94,0.7,4.4,7.7,Clear,0,23.277777777777782
2024-07-28,Hyderabad,88,0.6,2.7,6.1,Cloudy,0,20.5
2024-07-29,Hyderabad,82,96.5,8.1,10.8,Rain,1,21.6
2024-07-30,Hyderabad,57,24.6,23.5,10.3,Rain,1,21.0
2024-07-31,Hyderabad,89,1.8,12.1,7.4,Cloudy,0,22.4
2024-08-01,Hyderabad,95,1.5,11.9,8.8,Cloudy,0,22.4
2024-02-08,Hyderabad,85,93.9,43.0,10.1,Rain,0,20.4
2024-08-03,Hyderabad,70,0.0,31.2,2.3,Fog,0,15.7
2024-08-04,Hyderabad,63,0.2,27.8,8.1,Cloudy,0,13.9
2024-05-08,Hyderabad,59,0.2,2.4,6.7,Clear,0,13.6
2024-08-06,Hyderabad,88,0.2,18.3,5.8,Sunny,0,18.5
2024-08-07,Hyderabad,,0.7,44.7,9.2,Cloudy,0,23.0
2024-08-08,Hyderabad,87,1.3,17.2,6.6,Clear,0,17.9
2024-08-09,Hyderabad,83,7.2,29.3,9.6,Rain,0,18.5
2024-10-08,Hyderabad,60,1.1,13.8,5.9,Sunny,0,14.3
2024-08-11,Hyderabad,45,0.1,43.2,8.9,Sunny,0,16.7
2024-12-08,Hyderabad,41,1.6,28.0,6.6,Cloudy,0,16.3
2024-08-13,Hyderabad,64,1.8,22.8,10.1,Clear,0,21.5
2024-08-14,Hyderabad,30,1.5,17.2,6.3,Sunny,0,20.0
2024-08-15,Hyderabad,95,0.5,22.4,4.3,Clear,0,21.0
2024-08-16,Hyderabad,73,0.3,11.3,5.4,Clear,0,19.5
2024-08-17,Hyderabad,33,82.1,34.3,8.3,Rain,0,22.3
2024-08-18,Hyderabad,52,0.8,19.2,4.3,Cloudy,0,17.2
2024-08-19,Hyderabad,28,1.4,15.5,5.1,Cloudy,0,19.2
2024-08-20,Hyderabad,56,1.7,35.8,6.5,Clear,0,14.222222222222221
2024-08-21,Hyderabad,29,98.3,29.2,5.4,Rain,0,19.6
2024-08-22,Hyderabad,66,1.4,33.9,8.8,Clear,0,14.7
2024-08-23,Hyderabad,67,1.5,34.2,10.7,Clear,0,17.3
2024-08-24,Hyderabad,90,0.4,39.1,7.4,Clear,0,18.9
2024-08-25,Hyderabad,40,1.5,15.1,7.9,Cloudy,0,23.4
2024-08-26,Hyderabad,88,119.4,14.1,4.1,Thunderstorm,0,15.4
2024-08-27,Hyderabad,87,0.8,40.4,9.0,Clear,0,13.7
2024-08-28,Hyderabad,65,56.8,10.4,10.6,Rain,0,14.5
2024-08-29,Hyderabad,93,13.2,37.2,5.0,Rain,0,22.5
2024-08-30,Hyderabad,88,1.1,36.5,8.5,Sunny,0,18.2
2024-08-31,Hyderabad,51,62.7,,8.4,Rain,1,16.2
2024-01-09,Hyderabad,47,22.0,12.8,9.0,Rain,1,22.61111111111111
2024-09-02,Hyderabad,95,2.0,34.6,10.6,Clear,0,13.7
2024-03-09,Hyderabad,29,82.5,30.1,8.6,Rain,0,18.1
2024-04-09,Hyderabad,92,1.4,11.6,7.9,Clear,0,19.2
2024-05-09,Hyderabad,58,99.8,27.9,11.9,Thunderstorm,0,16.5
2024-06-09,Hyderabad,45,21.0,-,4.4,Thunderstorm,1,19.4
2024-09-07,Hyderabad,80,1.7,38.0,10.9,Clear,0,19.111111111111114
2024-08-09,Hyderabad,44,1.6,10.8,11.1,Cloudy,0,18.4
2024-09-09,Hyderabad,49,55.5,11.0,8.0,Thunderstorm,1,15.0
2024-09-10,Hyderabad,92,1.4,32.5,11.5,Sunny,0,
2024-09-11,Hyderabad,61,1.2,4.1,9.2,Sunny,0,14.6
2024-09-12,Hyderabad,88,0.7,22.9,6.5,Sunny,0,18.6
2024-09-13,Hyderabad,84,82.4,33.8,11.3,Rain,1,14.0
2024-09-14,Hyderabad,80,1.6,7.4,11.5,Cloudy,0,20.6
2024-09-15,Hyderabad,76,1.1,18.7,7.1,Clear,0,15.3
2024-09-16,Hyderabad,93,0.2,26.6,2.1,Fog,0,14.3
2024-09-17,Hyderabad,95,1.4,29.5,10.3,Clear,0,12.7
2024-09-18,Hyderabad,59,0.8,2.1,1.1,Fog,0,15.7
2024-09-19,Hyderabad,96,73.0,4.6,8.8,Thunderstorm,0,17.2
2024-09-20,Hyderabad,60,61.3,10.9,4.6,Heavy Rain,0,13.166666666666668
2024-09-21,Hyderabad,88,0.9,6.4,7.1,Clear,0,21.0
2024-09-22,Hyderabad,40,0.1,22.9,5.7,Sunny,0,11.5
2024-09-23,Hyderabad,97,1.5,26.4,10.7,Cloudy,0,21.9
2024-09-24,Hyderabad,87,1.0,18.0,5.2,Clear,0,12.3
2024-09-25,Hyderabad,61,0.4,40.4,9.8,Cloudy,0,14.4
2024-09-26,Hyderabad,46,1.6,43.2,5.6,Clear,0,18.8
2024-09-27,Hyderabad,31,0.7,13.6,2.2,Fog,0,18.7
2024-09-28,Hyderabad,83,0.2,38.1,7.8,Clear,0,
2024-09-29,Hyderabad,59,1.9,43.4,11.0,Clear,0,17.8
2024-09-30,Hyderabad,31,47.0,5.4,4.6,Rain,0,18.8
2024-10-01,Hyderabad,85,27.7,22.7,6.3,Rain,0,18.2
2024-10-02,Hyderabad,83,0.1,23.7,8.4,Clear,0,12.9
2024-10-05,Hyderabad,42,0.2,33.4,11.0,Cloudy,0,13.1
2024-10-06,Hyderabad,32,0.3,3.3,4.3,Sunny,0,14.5
2024-10-07,Hyderabad,86,0.3,6.1,6.1,Clear,0,15.8
2024-08-10,Hyderabad,46,1.5,20.1,2.1,Fog,0,14.0
2024-10-09,Hyderabad,78,1.7,33.7,9.7,Clear,0,14.9
2024-10-10,Hyderabad,59,0.7,28.7,6.5,Clear,0,12.3
2024-11-10,Hyderabad,44,0.5,17.7,11.8,Cloudy,0,19.5
2024-10-12,Hyderabad,86,1.0,29.6,2.1,Fog,0,20.222222222222225
2024-10-13,Hyderabad,97,0.0,7.4,4.7,Cloudy,0,10.9
2024-10-14,Hyderabad,83,0.4,13.0,5.0,Clear,0,14.5
2024-10-15,Hyderabad,83,37.4,40.1,11.2,Rain,0,58.4
2024-10-16,Hyderabad,57,1.9,31.4,6.6,Cloudy,0,12.555555555555555
2024-10-17,Hyderabad,55,63.0,32.8,11.1,Heavy Rain,0,13.7
2024-10-18,Hyderabad,94,47.8,7.6,9.4,Rain,1,18.3
2024-10-19,Hyderabad,31,1.0,20.4,5.2,Clear,0,14.9
2024-10-20,Hyderabad,98,54.6,35.1,8.0,Rain,0,18.3
2024-10-21,Hyderabad,81,73.9,39.8,11.9,Rain,0,11.0
2024-10-22,Hyderabad,48,1.0,40.0,7.2,Clear,0,13.6
2024-10-23,Hyderabad,39,96.5,8.5,4.1,Thunderstorm,0,17.1
2024-10-24,Hyderabad,39,0.6,27.4,8.2,Clear,0,12.9
2024-10-25,Hyderabad,33,1.5,18.7,5.9,Cloudy,0,22.2
2024-10-26,Hyderabad,28,91.7,7.3,5.5,Rain,1,18.5
2024-10-27,Hyderabad,68,0.5,22.0,10.0,Clear,0,14.8
2024-10-28,Hyderabad,44,0.9,30.6,6.3,Cloudy,0,12.9
2024-10-29,Hyderabad,93,0.5,11.0,0.6,Fog,0,17.0
2024-10-30,Hyderabad,73,1.9,42.9,11.6,Cloudy,0,16.61111111111111
2024-10-31,Hyderabad,82,89.1,42.9,9.2,Heavy Rain,0,16.0
2024-01-11,Hyderabad,63,103.1,40.1,7.5,Rain,0,16.4
2024-02-11,Hyderabad,56,1.8,33.3,5.0,Clear,0,13.9
2024-03-11,Hyderabad,78,1.9,14.3,7.5,Clear,0,17.666666666666668
2024-04-11,Hyderabad,49,1.2,13.0,6.7,Clear,0,16.1
2024-05-11,Hyderabad,80,0.1,41.7,7.2,Clear,0,17.0
2024-11-06,Hyderabad,53,0.6,22.7,1.2,Fog,0,14.5
2024-11-07,Hyderabad,46,0.0,39.2,4.6,Clear,0,16.3
2024-08-11,Hyderabad,37,0.8,12.4,10.8,Cloudy,0,12.6
2024-09-11,Hyderabad,55,74.4,11.6,10.4,Heavy Rain,0,20.3
2024-10-11,Hyderabad,45,45.5,4.3,7.2,Rain,0,14.7
2024-11-11,Hyderabad,91,1.4,39.2,7.4,Clear,0,19.3
2024-12-11,Hyderabad,56,0.4,32.7,10.3,Clear,0,21.7
2024-11-14,Hyderabad,90,1.3,4.8,5.1,Cloudy,0,17.6
2024-11-15,Hyderabad,48,34.2,36.2,8.7,Rain,0,23.77777777777778
2024-11-16,Hyderabad,91,0.9,21.9,7.5,Sunny,0,19.5
2024-11-17,Hyderabad,45,1.2,23.2,6.5,Cloudy,0,17.2
2024-11-18,Hyderabad,44,1.4,17.1,0.4,Fog,0,21.1
2024-11-19,Hyderabad,83,1.5,14.9,2.3,Fog,0,22.61111111111111
2024-11-20,Hyderabad,29,0.3,27.7,5.4,Clear,0,20.5
2024-11-21,Hyderabad,63,1.5,2.5,9.2,Clear,0,24.6
2024-11-22,Hyderabad,85,105.3,42.6,8.9,Rain,0,23.833333333333336
2024-11-23,Hyderabad,30,0.6,16.1,11.1,Clear,0,22.6
2024-11-24,Hyderabad,31,85.0,30.7,6.4,Rain,1,18.0
2024-11-25,Hyderabad,88,16.8,16.6,6.8,Rain,1,13.7
2024-11-26,Hyderabad,67,0.5,38.7,6.4,Clear,0,17.3
2024-11-27,Hyderabad,39,1.0,2.9,5.7,Clear,0,21.0
2024-11-28,Hyderabad,52,0.6,11.9,5.7,Cloudy,0,25.3
2024-11-29,Hyderabad,81,0.1,42.1,11.3,Clear,0,19.5
2024-11-30,Hyderabad,61,71.6,38.2,9.7,Rain,0,20.444444444444443
2024-12-01,Hyderabad,90,0.9,7.4,4.4,Clear,0,23.4
2024-02-12,Hyderabad,94,0.1,29.5,4.2,Cloudy,0,19.4
2024-03-12,Hyderabad,34,1.5,3.7,11.6,Clear,0,19.6
2024-04-12,Hyderabad,78,0.1,9.9,11.1,Cloudy,0,
2024-05-12,Hyderabad,59,7.8,44.1,6.8,Heavy Rain,0,
2024-12-06,Hyderabad,74,0.1,43.2,9.1,Clear,0,16.4
2024-12-07,Hyderabad,96,88.3,20.6,4.0,Thunderstorm,0,26.8
2024-08-12,Hyderabad,93,40.8,13.4,11.3,Heavy Rain,1,23.3
2024-09-12,Hyderabad,57,1.6,13.3,9.6,Clear,0,23.7
2024-10-12,Hyderabad,55,0.7,21.8,2.4,Fog,0,24.0
2024-11-12,Hyderabad,93,1.2,5.2,7.7,Clear,0,19.9
2024-12-12,Hyderabad,30,0.1,9.5,5.2,Clear,0,20.7
2024-12-13,Hyderabad,60,1.6,2.2,8.3,Cloudy,0,22.8
2024-12-14,Hyderabad,88,70.0,31.7,4.7,Rain,0,24.0
2024-12-15,Hyderabad,90,59.8,29.4,12.0,Rain,1,20.222222222222225
2024-12-16,Hyderabad,51,0.5,13.7,6.3,Clear,0,18.9
2024-12-17,Hyderabad,81,89.0,7.1,9.1,Rain,1,21.3
2024-12-18,Hyderabad,96,43.1,27.5,6.5,Rain,0,24.0
2024-12-19,Hyderabad,47,1.9,15.4,7.8,Clear,0,17.6
2024-12-20,Hyderabad,44,1.1,42.8,11.5,Cloudy,0,26.8
2024-12-21,Hyderabad,95,0.9,14.0,10.4,Clear,0,22.61111111111111
2024-12-22,Hyderabad,97,0.6,29.4,6.3,Clear,0,23.5
2024-12-23,Hyderabad,49,17.4,28.3,5.0,Rain,0,18.5
2024-12-24,Hyderabad,43,0.6,24.5,5.1,Clear,0,18.3
2024-12-25,Hyderabad,77,0.4,13.9,10.7,Sunny,0,22.7
2024-12-26,Hyderabad,54,101.2,23.6,8.6,Heavy Rain,0,23.9
2024-12-27,Hyderabad,63,0.4,13.8,10.9,Clear,0,29.4
2024-12-28,Hyderabad,50,30.6,22.5,9.7,Rain,0,
2024-12-29,Hyderabad,88,1.6,32.7,10.9,Clear,0,18.3
2024-12-30,Hyderabad,88,0.7,42.9,5.7,Cloudy,0,19.6
2024-12-31,Hyderabad,47,0.0,31.8,7.6,Clear,0,20.9
2025-01-01,Hyderabad,98,1.9,40.8,2.0,Fog,0,24.3
2025-02-01,Hyderabad,,0.0,6.0,1.2,Fog,0,17.9
2025-03-01,Hyderabad,92,22.3,9.4,9.1,Thunderstorm,1,21.9
2025-01-04,Hyderabad,53,1.4,6.8,7.2,Clear,0,21.8
2025-05-01,Hyderabad,39,1.0,6.1,9.7,Cloudy,0,27.2
2025-06-01,Hyderabad,62,1.2,44.6,7.9,Cloudy,0,30.7
2025-07-01,Hyderabad,41,109.0,6.6,9.7,Rain,1,26.8
2025-01-08,Hyderabad,91,0.4,4.1,5.2,Clear,0,29.0
2025-01-09,Hyderabad,84,1.3,2.0,6.0,Sunny,0,23.3
2025-10-01,Hyderabad,84,1.4,2.6,2.0,Fog,0,18.7
2025-11-01,Hyderabad,72,0.6,34.3,6.9,Clear,0,24.9
2025-12-01,Hyderabad,89,40.3,11.6,8.3,Thunderstorm,1,25.9
2025-01-13,Hyderabad,34,0.4,43.0,6.2,Clear,0,25.0
2025-01-14,Hyderabad,54,0.1,42.1,9.6,Clear,0,29.0
2025-01-15,Hyderabad,55,1.7,,4.5,Cloudy,0,81.2
2025-01-16,Hyderabad,73,95.4,3.7,6.1,Rain,0,29.9
2025-01-17,Hyderabad,60,0.4,31.0,6.8,Clear,0,27.38888888888889
2025-01-20,Hyderabad,,1.8,14.9,8.7,Clear,0,30.0
2025-01-21,Hyderabad,79,0.4,,7.2,Clear,0,28.0
2025-01-22,Hyderabad,67,28.4,4.0,4.2,Rain,1,29.5
2025-01-24,Hyderabad,96,0.8,14.9,10.4,Clear,0,23.2
2025-01-25,Hyderabad,98,87.0,2.5,5.9,Rain,0,28.5
2025-01-26,Hyderabad,59,1.7,33.1,4.7,Cloudy,0,24.2
2025-01-27,Hyderabad,51,21.2,28.6,5.0,Heavy Rain,0,26.0
2025-01-28,Hyderabad,76,1.5,38.5,5.3,Clear,0,27.4
2025-01-29,Hyderabad,65,0.8,11.4,6.1,Clear,0,35.2
2025-01-31,Hyderabad,60,5.7,11.1,11.0,Heavy Rain,1,23.8
2025-02-01,Hyderabad,82,0.9,28.0,2.9,Fog,0,26.8
2025-02-02,Hyderabad,59,39.5,3.3,8.5,Heavy Rain,0,26.0
2025-02-03,Hyderabad,68,0.4,31.2,7.2,Cloudy,0,33.3
2025-02-04,Hyderabad,53,0.7,37.4,7.7,Sunny,0,25.5
2025-05-02,Hyderabad,37,54.9,8.1,11.2,Heavy Rain,1,29.3
2025-02-06,Hyderabad,42,54.7,35.2,10.4,Rain,0,23.88888888888889
2025-07-02,Hyderabad,72,0.7,10.2,10.8,Cloudy,0,27.1
2025-08-02,Hyderabad,37,1.5,39.0,6.1,Clear,0,31.4
2025-09-02,Hyderabad,87,1.3,14.5,9.8,Cloudy,0,25.0
2025-10-02,Hyderabad,79,1.0,23.0,9.2,Clear,0,31.6
2025-02-11,Hyderabad,93,112.8,13.8,7.9,Rain,0,28.3
2025-12-02,Hyderabad,55,58.2,8.8,11.6,Heavy Rain,1,28.7
2025-02-13,Hyderabad,42,0.7,4.4,10.9,Cloudy,0,35.1
2025-02-14,Hyderabad,47,1.1,34.3,8.3,Clear,0,36.7
2025-02-15,Hyderabad,58,0.2,4.9,0.7,Fog,0,33.27777777777778
2025-02-16,Hyderabad,36,1.3,26.5,4.1,Sunny,0,26.3
2025-02-17,Hyderabad,35,1.6,31.5,6.7,Cloudy,0,33.4
2025-02-18,Hyderabad,70,1.6,33.3,8.2,Clear,0,30.7
2025-02-19,Hyderabad,28,0.7,33.9,1.6,Fog,0,35.333333333333336
2025-02-20,Hyderabad,44,2.0,29.3,10.0,Cloudy,0,31.6
2025-02-21,Hyderabad,39,48.3,28.8,10.2,Rain,1,30.0
2025-02-22,Hyderabad,54,1.3,27.1,6.5,Cloudy,0,29.5
2025-02-23,Hyderabad,89,1.0,18.9,6.6,Clear,0,27.7
2025-02-24,Hyderabad,90,1.2,38.5,9.8,Cloudy,0,23.4
2025-02-25,Hyderabad,39,1.7,,10.3,Clear,0,29.8
2025-02-26,Hyderabad,48,2.0,7.1,10.4,Sunny,0,26.6
2025-02-27,Hyderabad,84,0.2,21.3,11.9,Cloudy,0,30.1
2025-02-28,Hyderabad,43,0.2,44.5,7.9,Clear,0,31.8
2025-03-01,Hyderabad,55,1.0,23.7,9.0,Clear,0,30.7
2025-02-03,Hyderabad,57,0.0,38.3,9.2,Sunny,0,29.7
2025-03-03,Hyderabad,32,0.9,22.6,7.7,Clear,0,
2025-03-04,Hyderabad,31,1.9,41.3,4.4,Cloudy,0,27.3
2025-05-03,Hyderabad,30,2.0,8.7,9.2,Clear,0,27.8
2025-03-06,Hyderabad,31,1.3,7.8,0.8,Fog,0,31.6
2025-07-03,Hyderabad,44,1.4,18.0,1.6,Fog,0,28.4
2025-08-03,Hyderabad,34,1.5,6.7,4.5,Cloudy,0,27.16666666666667
2025-03-09,Hyderabad,76,1.7,36.4,4.0,Cloudy,0,31.0
2025-10-03,Hyderabad,37,1.3,29.7,11.4,Clear,0,32.5
2025-11-03,Hyderabad,47,0.7,31.4,8.4,Clear,0,
2025-03-12,Hyderabad,88,32.6,20.4,11.7,Rain,0,31.2
2025-03-13,Hyderabad,90,1.0,35.4,6.6,Sunny,0,35.7
2025-03-14,Hyderabad,60,1.0,15.7,11.0,Clear,0,35.1
2025-03-15,Hyderabad,69,0.4,28.2,4.4,Clear,0,32.833333333333336
2025-03-16,Hyderabad,92,30.1,5.9,4.8,Thunderstorm,1,32.2
2025-03-17,Hyderabad,85,1.4,39.1,4.1,Clear,0,33.5
2025-03-18,Hyderabad,61,1.8,10.8,6.8,Clear,0,35.2
2025-03-19,Hyderabad,58,1.4,33.3,9.7,Clear,0,28.9
2025-03-20,Hyderabad,71,0.8,33.6,11.8,Clear,0,26.7
2025-03-21,Hyderabad,50,0.6,37.5,5.7,Sunny,0,
2025-03-22,Hyderabad,83,1.4,3.8,11.9,Cloudy,0,34.05555555555556
2025-03-23,Hyderabad,98,1.6,6.3,5.5,Cloudy,0,33.7
2025-03-24,Hyderabad,39,1.9,41.7,4.3,Cloudy,0,32.0
2025-03-25,Hyderabad,90,0.3,40.2,10.8,Clear,0,28.4
2025-03-26,Hyderabad,89,1.0,29.5,5.6,Sunny,0,33.0
2025-03-27,Hyderabad,76,2.0,29.3,7.9,Clear,0,26.0
2025-03-28,Hyderabad,43,0.5,37.3,1.2,Fog,0,33.5
2025-03-29,Hyderabad,68,1.5,24.1,6.5,Clear,0,37.5
2025-03-30,Hyderabad,76,1.8,8.1,6.6,Clear,0,32.6
2025-03-31,Hyderabad,91,119.9,42.7,7.0,Thunderstorm,0,34.833333333333336
2025-04-01,Hyderabad,36,69.0,16.6,8.1,Heavy Rain,1,28.4
2025-04-02,Hyderabad,52,0.7,31.2,4.5,Clear,0,33.5
2025-04-03,Hyderabad,55,1.1,44.1,6.2,Cloudy,0,32.4
2025-04-04,Hyderabad,75,0.2,18.8,8.5,Clear,0,35.8
2025-05-04,Hyderabad,,19.8,24.1,11.4,Rain,0,30.1
2025-04-06,Hyderabad,38,1.1,3.2,7.4,Cloudy,0,85.5
2025-04-07,Hyderabad,-,51.8,4.9,5.8,Rain,0,34.8
2025-08-04,Hyderabad,,62.1,24.2,5.5,Heavy Rain,0,35.6
2025-09-04,Hyderabad,34,73.0,33.6,8.1,Thunderstorm,1,35.4
2025-04-10,Hyderabad,96,91.1,42.5,8.1,Heavy Rain,0,26.5
2025-11-04,Hyderabad,29,29.9,12.4,7.8,Rain,0,26.3
2025-12-04,Hyderabad,48,80.6,29.0,9.4,Thunderstorm,0,36.333333333333336
2025-04-13,Hyderabad,85,0.6,40.6,7.0,Cloudy,0,31.4
2025-04-14,Hyderabad,81,0.3,32.7,11.7,Clear,0,35.5
2025-04-15,Hyderabad,58,0.6,30.6,4.6,Sunny,0,
2025-04-16,Hyderabad,45,0.7,42.5,8.9,Clear,0,34.3
2025-04-17,Hyderabad,,1.3,14.2,6.4,Cloudy,0,29.2
2025-04-18,Hyderabad,91,90.4,14.6,7.8,Rain,0,33.94444444444444
2025-04-19,Hyderabad,83,0.7,28.9,8.8,Clear,0,29.7
2025-04-20,Hyderabad,96,1.6,41.6,6.3,Sunny,0,
2025-04-21,Hyderabad,29,0.1,27.4,9.4,Cloudy,0,33.6
2025-04-22,Hyderabad,52,1.1,38.6,5.8,Cloudy,0,30.4
2025-04-23,Hyderabad,89,90.9,14.2,6.7,Heavy Rain,1,84.5
2025-04-24,Hyderabad,87,52.1,26.1,8.2,Rain,1,37.6
2025-04-25,Hyderabad,30,55.6,22.8,11.0,Heavy Rain,0,27.8
2025-04-26,Hyderabad,35,0.2,5.6,5.0,Clear,0,32.1
2025-04-27,Hyderabad,32,0.9,19.6,5.4,Cloudy,0,24.2
2025-04-28,Hyderabad,74,1.5,8.8,6.1,Clear,0,27.2
2025-04-29,Hyderabad,90,1.2,24.1,5.5,Clear,0,30.3
2025-04-30,Hyderabad,78,0.9,13.3,6.9,Sunny,0,29.6
2025-05-01,Hyderabad,98,68.5,,11.4,Rain,0,27.7
2025-05-02,Hyderabad,43,1.8,21.7,9.5,Clear,0,31.0
2025-03-05,Hyderabad,45,79.0,12.8,4.1,Rain,0,33.1
2025-04-05,Hyderabad,70,1.6,2.6,11.8,Cloudy,0,85.2
2025-05-05,Hyderabad,33,1.0,40.5,4.1,Clear,0,32.6
2025-06-05,Hyderabad,38,0.7,15.9,4.2,Clear,0,30.9
2025-05-07,Hyderabad,34,95.8,37.8,8.1,Rain,1,28.2
2025-05-08,Hyderabad,37,0.5,39.1,7.2,Sunny,0,31.3
2025-09-05,Hyderabad,52,0.1,9.5,5.3,Cloudy,0,
2025-10-05,Hyderabad,95,0.3,10.3,7.2,Clear,0,27.3
2025-11-05,Hyderabad,96,16.4,39.9,10.0,Thunderstorm,0,27.8
2025-05-12,Hyderabad,76,1.2,19.4,1.7,Fog,0,33.94444444444444
2025-05-13,Hyderabad,71,0.0,2.6,1.5,Fog,0,83.6
2025-05-14,Hyderabad,78,95.4,2.3,5.0,Thunderstorm,0,33.1
2025-05-15,Hyderabad,62,117.2,42.6,7.5,Thunderstorm,0,34.6
2025-05-16,Hyderabad,37,0.8,39.8,11.7,Cloudy,0,24.7
2025-05-17,Hyderabad,62,0.2,33.3,5.6,Clear,0,29.8
2025-05-18,Hyderabad,61,0.4,19.4,4.1,Clear,0,26.6
2025-05-19,Hyderabad,60,1.0,4.4,11.8,Clear,0,33.1
2025-05-20,Hyderabad,49,1.7,23.1,4.3,Cloudy,0,24.8
2025-05-21,Hyderabad,70,1.4,8.3,4.4,Cloudy,0,29.3
2025-05-22,Hyderabad,46,0.7,41.8,4.4,Clear,0,31.0
2025-05-23,Hyderabad,85,1.2,44.0,4.9,Cloudy,0,27.9
2025-05-24,Hyderabad,44,1.7,5.9,6.8,Clear,0,27.5
2025-05-25,Hyderabad,70,0.5,44.6,6.8,Clear,0,28.1
2025-05-26,Hyderabad,76,0.5,22.4,10.9,Cloudy,0,31.1
2025-05-27,Hyderabad,84,1.6,11.6,4.0,Cloudy,0,29.3
2025-05-28,Hyderabad,48,0.8,4.1,0.8,Fog,0,28.0
2025-05-29,Hyderabad,55,1.7,,6.4,Sunny,0,34.4
2025-05-30,Hyderabad,84,27.1,23.6,8.6,Heavy Rain,1,32.1
2025-05-31,Hyderabad,81,0.2,36.7,10.1,Clear,0,26.0
2025-01-06,Hyderabad,65,0.0,36.6,11.9,Clear,0,24.7
2025-02-06,Hyderabad,75,0.1,8.4,8.8,Clear,0,25.3
2025-06-03,Hyderabad,48,1.1,38.6,4.6,Clear,0,26.8
2025-04-06,Hyderabad,46,0.8,19.3,11.1,Sunny,0,28.5
2025-06-05,Hyderabad,90,0.5,4.3,4.1,Cloudy,0,26.6
2025-06-06,Hyderabad,39,10.4,40.5,9.0,Rain,0,27.0
2025-06-07,Hyderabad,73,1.0,18.1,12.0,Cloudy,0,23.5
2025-08-06,Hyderabad,42,1.8,39.3,5.0,Clear,0,24.8
2025-06-09,Hyderabad,63,114.3,19.8,5.7,Rain,0,25.6
2025-10-06,Hyderabad,66,1.9,26.3,9.4,Cloudy,0,24.9
2025-11-06,Hyderabad,53,0.5,13.6,8.8,Sunny,0,31.4
2025-06-12,Hyderabad,54,24.5,6.1,6.0,Heavy Rain,1,20.3
2025-06-13,Hyderabad,73,50.1,19.8,6.5,Rain,0,24.4
2025-06-14,Hyderabad,34,0.6,40.4,8.4,Clear,0,21.4
2025-06-15,Hyderabad,62,0.7,28.0,8.2,Sunny,0,27.4
2025-06-16,Hyderabad,43,1.4,36.9,5.8,Clear,0,28.3
2025-06-17,Hyderabad,65,0.1,40.5,9.4,Clear,0,27.7
2025-06-18,Hyderabad,70,0.1,15.1,11.7,Clear,0,30.4
2025-06-19,Hyderabad,,0.6,14.8,10.0,Clear,0,27.5
2025-06-20,Hyderabad,71,32.3,14.0,7.7,Thunderstorm,0,27.7
2025-06-21,Hyderabad,41,0.3,12.0,6.8,Cloudy,0,28.6
2025-06-22,Hyderabad,77,1.2,32.7,8.8,Cloudy,0,24.1
2025-06-23,Hyderabad,36,1.3,38.6,4.8,Clear,0,19.7
2025-06-24,Hyderabad,41,56.1,2.0,6.7,Rain,1,22.0
2025-06-25,Hyderabad,85,94.5,8.4,7.4,Rain,0,22.8
2025-06-26,Hyderabad,91,64.1,7.2,5.2,Thunderstorm,0,24.4
2025-06-27,Hyderabad,85,58.1,30.0,11.0,Thunderstorm,0,27.3
2025-06-28,Hyderabad,92,79.4,9.1,9.9,Rain,0,26.4
2025-06-29,Hyderabad,41,104.4,37.3,9.1,Rain,1,21.5
2025-06-30,Hyderabad,unknown,0.9,24.9,9.6,Clear,0,28.1
2025-01-07,Hyderabad,71,112.9,13.0,4.8,Heavy Rain,0,21.8
2024-01-01,Mumbai,57,35.8,7.7,9.3,Rain,1,27.3
2024-02-01,Mumbai,unknown,0.4,41.9,8.0,Cloudy,0,25.0
2024-03-01,Mumbai,65,1.6,33.3,7.1,Clear,0,24.8
2024-01-04,Mumbai,94,0.1,2.3,7.5,Sunny,0,25.833333333333332
2024-05-01,Mumbai,56,0.8,24.7,9.2,Clear,0,23.5
2024-01-06,Mumbai,71,87.7,,9.3,Rain,0,24.0
2024-07-01,Mumbai,70,1.0,9.2,8.1,Cloudy,0,25.3
2024-01-08,Mumbai,-,1.9,38.9,7.4,Clear,0,22.3
2024-01-09,Mumbai,48,1.0,19.1,8.5,Cloudy,0,21.3
2024-01-10,Mumbai,57,0.6,20.5,10.4,Clear,0,28.5
2024-01-11,Mumbai,52,1.8,44.4,4.4,Cloudy,0,23.0
2024-12-01,Mumbai,32,1.2,22.8,12.0,Cloudy,0,25.1
2024-01-13,Mumbai,68,1.1,13.1,5.6,Clear,0,33.3
2024-01-14,Mumbai,38,1.8,35.8,6.3,Sunny,0,28.3
2024-01-15,Mumbai,38,0.8,27.6,1.4,Fog,0,20.0
2024-01-16,Mumbai,43,1.8,2.8,9.3,Cloudy,0,24.388888888888893
2024-01-17,Mumbai,61,1.7,30.8,7.9,Clear,0,27.9
2024-01-18,Mumbai,33,0.0,39.2,5.7,Cloudy,0,25.4
2024-01-20,Mumbai,66,96.6,23.0,6.2,Rain,0,26.2
2024-01-22,Mumbai,64,0.6,12.6,11.8,Clear,0,21.2
2024-01-23,Mumbai,56,93.1,15.7,11.3,Thunderstorm,0,37.3
2024-01-25,Mumbai,94,9.5,27.5,11.2,Rain,0,28.5
2024-01-26,Mumbai,67,1.3,30.0,2.8,Fog,0,27.6
2024-01-27,Mumbai,28,1.1,14.4,9.7,Clear,0,28.9
2024-01-28,Mumbai,92,45.8,39.8,7.6,Heavy Rain,0,24.8
2024-01-29,Mumbai,30,87.4,18.1,6.7,Rain,0,23.444444444444443
2024-01-30,Mumbai,48,0.0,26.2,4.4,Clear,0,30.3
2024-01-31,Mumbai,97,1.7,2.1,7.2,Cloudy,0,32.94444444444444
2024-02-01,Mumbai,85,1.4,27.0,7.8,Cloudy,0,26.1
2024-02-02,Mumbai,68,0.5,40.2,4.3,Sunny,0,20.72222222222222
2024-03-02,Mumbai,36,1.5,4.8,7.0,Cloudy,0,27.1
2024-04-02,Mumbai,58,13.1,43.7,4.6,Rain,0,29.8
2024-02-05,Mumbai,74,27.3,21.9,4.4,Rain,1,26.444444444444443
2024-07-02,Mumbai,92,1.0,22.6,11.3,Cloudy,0,28.4
2024-08-02,Mumbai,57,0.8,20.3,2.3,Fog,0,29.5
2024-09-02,Mumbai,46,1.0,5.2,10.8,Clear,0,34.2
2024-02-10,Mumbai,51,1.2,41.7,5.5,Clear,0,26.5
2024-11-02,Mumbai,93,1.6,30.7,4.5,Clear,0,32.1
2024-12-02,Mumbai,45,1.3,34.8,8.7,Clear,0,31.9
2024-02-13,Mumbai,44,1.4,19.5,4.8,Cloudy,0,32.2
2024-02-14,Mumbai,52,0.6,23.3,9.6,Clear,0,30.2
2024-02-15,Mumbai,43,1.0,29.3,5.9,Clear,0,25.2
2024-02-16,Mumbai,81,0.7,15.1,5.1,Clear,0,27.5
2024-02-17,Mumbai,50,22.1,3.3,7.7,Thunderstorm,0,32.8
2024-02-18,Mumbai,30,0.5,23.7,9.9,Clear,0,80.7
2024-02-19,Mumbai,53,1.0,41.5,2.4,Fog,0,31.8
2024-02-20,Mumbai,38,0.5,32.7,8.7,Sunny,0,30.1
2024-02-21,Mumbai,74,0.1,,5.7,Sunny,0,30.6
2024-02-22,Mumbai,47,103.1,23.8,8.7,Rain,0,26.444444444444443
2024-02-23,Mumbai,39,0.4,38.3,10.9,Clear,0,26.7
2024-02-24,Mumbai,56,0.6,31.7,6.3,Sunny,0,88.5
2024-02-25,Mumbai,89,0.5,41.1,0.7,Fog,0,29.444444444444443
2024-02-26,Mumbai,80,1.3,3.4,2.0,Fog,0,29.833333333333332
2024-02-27,Mumbai,95,0.1,35.9,8.8,Clear,0,29.6
2024-02-28,Mumbai,51,24.7,16.1,10.3,Rain,0,28.666666666666668
2024-02-29,Mumbai,98,0.7,6.3,6.2,Cloudy,0,27.8
2024-03-01,Mumbai,63,1.5,20.1,8.1,Clear,0,33.9
2024-02-03,Mumbai,,1.6,32.6,5.8,Cloudy,0,33.4
2024-03-03,Mumbai,92,0.2,12.6,9.1,Clear,0,30.7
2024-03-04,Mumbai,52,72.3,24.8,7.7,Rain,0,30.9
2024-03-05,Mumbai,58,1.9,33.9,11.5,Clear,0,34.4
2024-03-06,Mumbai,68,0.1,34.6,9.5,Clear,0,32.5
2024-03-07,Mumbai,40,1.6,43.0,5.4,Clear,0,30.4
2024-03-08,Mumbai,91,0.9,13.1,7.3,Cloudy,0,27.3
2024-03-09,Mumbai,72,105.8,8.4,11.8,Thunderstorm,0,33.4
2024-03-10,Mumbai,86,1.2,24.2,10.9,Cloudy,0,103.9
2024-11-03,Mumbai,55,1.4,9.8,0.5,Fog,0,32.72222222222222
2024-12-03,Mumbai,69,92.7,41.8,7.1,Rain,1,27.5
2024-03-13,Mumbai,73,0.7,9.2,10.3,Sunny,0,
2024-03-14,Mumbai,93,1.6,5.4,9.5,Clear,0,35.5
2024-03-15,Mumbai,93,1.9,6.4,10.8,Clear,0,29.3
2024-03-16,Mumbai,82,0.1,8.1,4.3,Clear,0,32.2
2024-03-17,Mumbai,96,0.3,8.3,5.6,Clear,0,27.055555555555557
2024-03-18,Mumbai,76,0.9,11.8,7.6,Clear,0,30.8
2024-03-19,Mumbai,59,0.2,31.8,5.1,Clear,0,32.7
2024-03-20,Mumbai,88,66.4,35.9,11.2,Heavy Rain,1,33.5
2024-03-21,Mumbai,54,0.5,2.2,8.6,Clear,0,31.166666666666668
2024-03-22,Mumbai,72,20.9,22.3,11.2,Thunderstorm,0,38.6
2024-03-23,Mumbai,58,115.7,21.7,7.0,Heavy Rain,1,32.6
2024-03-24,Mumbai,84,2.0,41.2,6.9,Clear,0,31.1
2024-03-25,Mumbai,75,0.8,10.1,6.2,Sunny,0,
2024-03-26,Mumbai,74,1.4,34.3,1.3,Fog,0,30.4
2024-03-27,Mumbai,63,1.1,32.7,11.8,Clear,0,30.2
2024-03-28,Mumbai,58,94.7,43.8,4.9,Rain,0,27.6
2024-03-29,Mumbai,63,17.4,39.6,6.2,Rain,0,34.3
2024-03-30,Mumbai,35,102.4,19.0,9.0,Heavy Rain,0,34.8
2024-03-31,Mumbai,48,1.6,34.4,6.8,Clear,0,35.8
2024-01-04,Mumbai,,0.6,35.6,7.8,Clear,0,33.1
2024-02-04,Mumbai,75,1.4,28.8,6.3,Clear,0,36.0
2024-03-04,Mumbai,70,0.4,34.5,5.0,Cloudy,0,26.8
2024-04-04,Mumbai,44,0.9,25.2,10.9,Sunny,0,32.27777777777778
2024-04-05,Mumbai,76,0.7,39.5,4.9,Clear,0,35.2
2024-06-04,Mumbai,42,0.7,44.6,8.1,Cloudy,0,28.9
2024-07-04,Mumbai,64,44.9,28.4,7.2,Heavy Rain,0,
2024-04-08,Mumbai,60,1.4,2.1,8.2,Clear,0,30.7
2024-04-09,Mumbai,76,0.1,7.1,8.6,Clear,0,
2024-10-04,Mumbai,54,0.7,28.1,8.0,Clear,0,31.7
2024-11-04,Mumbai,31,109.5,4.1,9.8,Rain,1,28.3
2024-12-04,Mumbai,92,0.6,20.2,4.4,Clear,0,83.6
2024-04-13,Mumbai,61,0.2,36.3,11.8,Sunny,0,29.8
2024-04-14,Mumbai,85,78.8,37.5,4.6,Heavy Rain,0,
2024-04-15,Mumbai,93,1.9,40.7,9.7,Clear,0,33.8
2024-04-16,Mumbai,75,1.7,15.5,2.3,Fog,0,34.1
2024-04-17,Mumbai,56,0.6,18.9,9.8,Cloudy,0,32.7
2024-04-18,Mumbai,83,0.7,35.5,11.0,Clear,0,31.333333333333332
2024-04-19,Mumbai,73,1.1,20.9,8.8,Clear,0,36.2
2024-04-20,Mumbai,53,117.0,,4.8,Thunderstorm,0,35.8
2024-04-21,Mumbai,89,2.0,22.4,9.0,Clear,0,31.1
2024-04-22,Mumbai,73,1.6,5.4,6.5,Sunny,0,30.5
2024-04-23,Mumbai,80,0.0,4.9,9.6,Clear,0,27.5
2024-04-24,Mumbai,62,16.0,41.0,11.3,Rain,1,28.5
2024-04-25,Mumbai,67,1.0,13.2,11.4,Clear,0,37.4
2024-04-26,Mumbai,70,1.3,37.6,10.3,Cloudy,0,32.2
2024-04-27,Mumbai,55,1.5,42.7,2.3,Fog,0,33.5
2024-04-28,Mumbai,87,12.1,31.3,8.3,Rain,0,29.6
2024-04-29,Mumbai,65,0.1,6.1,6.8,Clear,0,29.6
2024-04-30,Mumbai,66,1.3,5.2,11.7,Sunny,0,35.1
2024-05-01,Mumbai,59,1.2,23.6,9.7,Clear,0,29.8
2024-02-05,Mumbai,67,1.6,36.7,9.4,Cloudy,0,26.8
2024-03-05,Mumbai,72,0.4,29.6,3.0,Fog,0,33.3
2024-05-04,Mumbai,50,1.1,12.9,9.9,Cloudy,0,31.0
2024-05-05,Mumbai,86,1.7,35.7,4.9,Sunny,0,34.8
2024-06-05,Mumbai,96,1.9,32.6,5.1,Clear,0,34.3
2024-05-07,Mumbai,51,1.6,21.1,6.7,Clear,0,28.8
2024-05-08,Mumbai,83,0.7,29.7,4.5,Sunny,0,30.8
2024-09-05,Mumbai,87,0.8,26.7,10.7,Clear,0,
2024-10-05,Mumbai,98,117.7,19.6,8.5,Thunderstorm,0,30.22222222222222
2024-05-11,Mumbai,58,0.3,28.1,11.6,Cloudy,0,28.8
2024-12-05,Mumbai,57,0.1,32.0,8.6,Clear,0,28.7
2024-05-13,Mumbai,91,106.6,  ,4.1,Heavy Rain,1,28.8
2024-05-14,Mumbai,94,0.1,8.6,7.4,Sunny,0,24.0
2024-05-15,Mumbai,75,13.9,26.2,9.9,Rain,0,25.6
2024-05-16,Mumbai,60,1.0,35.0,11.9,Clear,0,33.1
2024-05-17,Mumbai,51,0.1,34.3,8.2,Cloudy,0,28.0
2024-05-18,Mumbai,70,88.8,44.2,6.1,Thunderstorm,1,24.6
2024-05-19,Mumbai,65,1.4,2.3,8.8,Sunny,0,27.4
2024-05-20,Mumbai,84,0.7,10.1,9.2,Sunny,0,25.4
2024-05-21,Mumbai,46,0.2,43.2,0.7,Fog,0,29.4
2024-05-22,Mumbai,52,0.5,18.3,6.2,Clear,0,31.5
2024-05-23,Mumbai,43,1.2,9.4,4.2,Clear,0,28.9
2024-05-24,Mumbai,41,1.3,29.5,6.3,Clear,0,24.0
2024-05-25,Mumbai,74,87.8,22.7,6.3,Rain,0,29.2
2024-05-26,Mumbai,96,0.6,12.9,9.2,Clear,0,32.6
2024-05-28,Mumbai,64,1.1,41.0,11.8,Cloudy,0,27.9
2024-05-29,Mumbai,62,18.0,23.0,10.7,Heavy Rain,0,25.4
2024-05-30,Mumbai,  ,1.2,43.7,11.5,Cloudy,0,26.8
2024-05-31,Mumbai,45,2.0,16.0,9.0,Sunny,0,25.5
2024-06-01,Mumbai,53,1.4,35.9,5.3,Clear,0,29.4
2024-06-02,Mumbai,  ,1.2,32.6,5.8,Sunny,0,31.055555555555557
2024-06-04,Mumbai,96,0.4,44.6,10.2,Clear,0,27.3
2024-06-05,Mumbai,28,1.6,31.1,4.7,Clear,0,24.5
2024-06-06,Mumbai,84,116.6,8.3,11.1,Rain,0,23.1
2024-06-07,Mumbai,63,1.6,21.4,11.2,Sunny,0,29.1
2024-06-08,Mumbai,62,1.0,26.6,8.9,Cloudy,0,27.0
2024-06-09,Mumbai,97,0.6,29.4,6.2,Clear,0,26.8
2024-06-10,Mumbai,97,0.7,31.4,8.3,Clear,0,30.7
2024-06-11,Mumbai,28,0.1,16.9,9.4,Cloudy,0,26.0
2024-06-12,Mumbai,84,0.7,28.7,8.0,Sunny,0,24.4
2024-06-13,Mumbai,47,1.7,31.7,6.9,Clear,0,27.1
2024-06-14,Mumbai,58,1.1,25.5,7.9,Sunny,0,29.1
2024-06-15,Mumbai,82,23.3,40.8,6.3,Heavy Rain,1,29.555555555555557
2024-06-16,Mumbai,,20.5,20.6,7.0,Rain,0,28.1
2024-06-17,Mumbai,96,96.4,21.6,11.0,Thunderstorm,0,24.3
2024-06-18,Mumbai,62,0.6,43.7,10.9,Clear,0,26.5
2024-06-19,Mumbai,85,1.4,36.4,9.0,Cloudy,0,25.1
2024-06-20,Mumbai,63,1.1,23.8,5.3,Clear,0,25.2
2024-06-21,Mumbai,90,50.3,11.5,4.7,Thunderstorm,1,23.5
2024-06-22,Mumbai,61,1.4,26.1,7.0,Clear,0,23.2
2024-06-23,Mumbai,78,0.0,40.1,8.3,Cloudy,0,19.1
2024-06-24,Mumbai,65,2.0,2.3,6.7,Sunny,0,25.5
2024-06-25,Mumbai,93,1.5,40.1,10.6,Sunny,0,30.6
2024-06-26,Mumbai,38,0.7,17.1,11.3,Clear,0,24.6
2024-06-27,Mumbai,65,0.1,30.8,9.4,Clear,0,23.4
2024-06-28,Mumbai,54,1.6,39.9,4.2,Clear,0,21.0
2024-06-29,Mumbai,43,0.4,,10.9,Cloudy,0,27.055555555555557
2024-06-30,Mumbai,,114.6,44.2,5.9,Heavy Rain,0,20.2
2024-07-01,Mumbai,34,60.8,  ,6.4,Rain,0,23.9
2024-02-07,Mumbai,38,1.9,25.9,0.8,Fog,0,22.4
2024-03-07,Mumbai,71,86.9,8.7,9.9,Rain,0,18.0
2024-07-04,Mumbai,70,19.5,35.4,7.4,Rain,0,23.4
2024-07-05,Mumbai,54,1.1,37.2,5.1,Cloudy,0,24.2
2024-07-06,Mumbai,72,0.9,30.4,11.2,Clear,0,21.9
2024-07-07,Mumbai,94,1.1,17.5,4.9,Cloudy,0,69.2
2024-08-07,Mumbai,53,1.4,13.7,9.2,Clear,0,27.5
2024-07-09,Mumbai,33,52.6,12.6,10.7,Heavy Rain,0,26.3
2024-07-10,Mumbai,84,81.6,28.9,9.7,Rain,1,28.0
2024-11-07,Mumbai,53,1.2,5.5,7.3,Clear,0,71.8
2024-12-07,Mumbai,59,0.9,5.1,10.2,Cloudy,0,22.5
2024-07-13,Mumbai,78,58.0,23.2,9.0,Rain,0,24.1
2024-07-14,Mumbai,51,0.2,9.9,4.2,Cloudy,0,23.1
2024-07-15,Mumbai,78,47.7,10.6,9.2,Thunderstorm,0,24.8
2024-07-16,Mumbai,46,17.8,19.9,5.1,Heavy Rain,1,20.1
2024-07-17,Mumbai,43,77.5,19.8,10.3,Heavy Rain,0,23.4
2024-07-18,Mumbai,  ,0.1,44.5,4.3,Sunny,0,18.3
2024-07-19,Mumbai,36,0.4,9.8,10.2,Clear,0,19.333333333333332
2024-07-20,Mumbai,87,1.7,2.0,0.8,Fog,0,24.4
2024-07-21,Mumbai,40,70.1,40.0,11.5,Rain,1,21.4
2024-07-22,Mumbai,68,39.9,13.7,5.6,Rain,0,21.4
2024-07-23,Mumbai,89,1.2,10.0,7.8,Clear,0,15.3
2024-07-24,Mumbai,39,0.4,6.1,4.2,Clear,0,15.7
2024-07-25,Mumbai,97,1.2,,11.0,Clear,0,25.3
2024-07-26,Mumbai,44,1.0,34.0,4.3,Clear,0,19.7
2024-07-27,Mumbai,60,0.5,31.0,11.1,Clear,0,19.3
2024-07-28,Mumbai,47,1.4,24.1,5.7,Cloudy,0,18.3
2024-07-29,Mumbai,36,45.7,22.4,7.9,Rain,0,16.444444444444443
2024-07-30,Mumbai,32,1.7,23.6,6.2,Sunny,0,19.6
2024-07-31,Mumbai,73,0.1,12.7,7.3,Clear,0,20.5
2024-08-01,Mumbai,42,19.2,37.4,9.5,Rain,0,15.5
2024-02-08,Mumbai,49,112.5,15.4,6.1,Rain,1,19.5
2024-03-08,Mumbai,34,0.6,44.0,8.0,Clear,0,
2024-04-08,Mumbai,86,0.4,12.7,4.9,Cloudy,0,20.9
2024-05-08,Mumbai,84,1.0,32.7,7.6,Cloudy,0,22.4
2024-06-08,Mumbai,74,0.7,10.7,8.3,Sunny,0,19.5
2024-07-08,Mumbai,29,1.0,43.9,6.4,Clear,0,23.8
2024-08-08,Mumbai,30,1.6,6.5,5.5,Clear,0,21.5
2024-08-09,Mumbai,93,1.2,,1.1,Fog,0,19.9
2024-08-10,Mumbai,83,70.2,32.4,4.5,Heavy Rain,0,15.2
2024-08-11,Mumbai,,41.5,31.0,9.5,Heavy Rain,1,20.7
2024-12-08,Mumbai,87,1.8,4.4,7.8,Clear,0,18.7
2024-08-13,Mumbai,28,0.8,10.8,6.6,Clear,0,17.444444444444443
2024-08-14,Mumbai,88,105.4,2.4,9.2,Rain,0,
2024-08-15,Mumbai,47,18.0,10.6,10.0,Rain,0,23.5
2024-08-16,Mumbai,83,0.4,42.5,0.5,Fog,0,21.0
2024-08-17,Mumbai,78,85.8,28.4,8.8,Heavy Rain,0,19.0
2024-08-18,Mumbai,53,0.4,36.6,5.8,Clear,0,17.8
2024-08-19,Mumbai,28,1.0,2.4,8.9,Cloudy,0,15.5
2024-08-20,Mumbai,74,67.9,6.0,9.3,Heavy Rain,0,13.4
2024-08-21,Mumbai,90,57.0,25.7,9.8,Rain,0,14.6
2024-08-22,Mumbai,52,0.1,30.9,4.9,Clear,0,18.0
2024-08-23,Mumbai,65,0.5,32.8,2.6,Fog,0,15.7
2024-08-24,Mumbai,36,1.9,25.9,4.8,Sunny,0,16.1
2024-08-25,Mumbai,51,5.6,23.3,5.9,Rain,0,20.3
2024-08-26,Mumbai,53,58.8,3.7,8.9,Heavy Rain,1,20.9
2024-08-27,Mumbai,81,60.7,40.2,10.8,Thunderstorm,0,17.166666666666668
2024-08-28,Mumbai,36,1.5,34.3,11.4,Cloudy,0,12.8
2024-08-29,Mumbai,,8.9,44.1,12.0,Rain,1,19.5
2024-08-30,Mumbai,38,45.7,11.1,5.6,Rain,0,18.5
2024-08-31,Mumbai,85,1.5,17.8,5.7,Clear,0,16.6
2024-09-02,Mumbai,41,1.7,13.5,2.0,Fog,0,17.0
2024-03-09,Mumbai,48,0.9,25.4,11.4,Clear,0,16.6
2024-04-09,Mumbai,84,1.9,11.0,6.8,Clear,0,19.3
2024-05-09,Mumbai,94,0.7,11.9,5.3,Clear,0,14.3
2024-09-06,Mumbai,67,1.7,16.4,7.0,Clear,0,20.1
2024-07-09,Mumbai,81,0.5,10.4,7.1,Clear,0,11.3
2024-08-09,Mumbai,62,117.1,14.6,8.5,Heavy Rain,1,11.8
2024-09-09,Mumbai,32,1.1,32.6,4.8,Clear,0,14.833333333333334
2024-10-09,Mumbai,36,1.9,5.0,5.1,Cloudy,0,20.6
2024-11-09,Mumbai,75,15.1,37.9,9.0,Rain,1,15.4
2024-12-09,Mumbai,38,0.3,21.4,7.7,Clear,0,59.8
2024-09-13,Mumbai,94,1.2,6.3,4.8,Cloudy,0,22.8
2024-09-14,Mumbai,28,1.8,30.2,9.2,Cloudy,0,18.0
2024-09-15,Mumbai,49,0.8,34.6,6.0,Clear,0,17.2
2024-09-16,Mumbai,87,0.6,24.9,8.7,Clear,0,20.5
2024-09-17,Mumbai,72,40.6,15.6,7.1,Rain,1,16.0
2024-09-18,Mumbai,28,1.1,33.8,7.4,Sunny,0,14.1
2024-09-19,Mumbai,31,0.6,27.3,7.0,Cloudy,0,16.5
2024-09-20,Mumbai,74,1.3,33.2,11.4,Sunny,0,14.7
2024-09-21,Mumbai,68,0.1,38.7,1.1,Fog,0,13.7
2024-09-22,Mumbai,55,92.5,14.2,9.0,Rain,1,16.3
2024-09-23,Mumbai,97,1.3,41.0,7.7,Sunny,0,17.7
2024-09-24,Mumbai,78,1.6,25.0,1.9,Fog,0,20.0
2024-09-25,Mumbai,89,15.1,18.9,9.5,Heavy Rain,0,18.8
2024-09-26,Mumbai,91,89.1,41.9,11.5,Rain,0,17.7
2024-09-27,Mumbai,47,1.3,18.6,10.4,Clear,0,15.166666666666666
2024-09-28,Mumbai,63,0.2,16.6,4.4,Clear,0,19.1
2024-09-29,Mumbai,75,1.9,29.4,1.7,Fog,0,14.5
2024-09-30,Mumbai,46,0.9,38.4,10.3,Clear,0,9.7
2024-10-01,Mumbai,42,0.1,14.0,10.1,Clear,0,17.055555555555557
2024-02-10,Mumbai,31,1.7,13.3,1.6,Fog,0,60.3
2024-10-03,Mumbai,48,71.7,13.2,10.8,Rain,0,17.7
2024-04-10,Mumbai,94,0.5,4.0,4.4,Clear,0,22.1
2024-05-10,Mumbai,35,1.7,17.6,10.9,Clear,0,17.5
2024-10-06,Mumbai,86,34.8,7.0,10.3,Rain,0,17.83333333333333
2024-10-07,Mumbai,56,0.2,39.6,6.3,Cloudy,0,14.5
2024-08-10,Mumbai,87,1.0,34.3,10.0,Clear,0,15.0
2024-09-10,Mumbai,69,98.2,35.0,4.1,Rain,0,12.6
2024-10-10,Mumbai,70,1.6,5.8,8.4,Cloudy,0,16.8
2024-11-10,Mumbai,76,2.0,unknown,2.5,Fog,0,16.1
2024-12-10,Mumbai,88,109.0,2.4,9.9,Heavy Rain,0,16.9
2024-10-13,Mumbai,44,1.5,23.4,6.8,Clear,0,12.611111111111112
2024-10-14,Mumbai,84,0.0,26.4,10.1,Cloudy,0,15.2
2024-10-15,Mumbai,43,0.3,2.4,4.4,Clear,0,14.333333333333334
2024-10-16,Mumbai,28,1.8,39.6,11.6,Clear,0,13.9
2024-10-17,Mumbai,46,0.2,30.8,6.5,Clear,0,19.5
2024-10-18,Mumbai,-,109.9,4.4,4.0,Heavy Rain,0,14.6
2024-10-19,Mumbai,93,1.6,9.5,11.3,Clear,0,19.4
2024-10-20,Mumbai,51,106.3,11.5,10.6,Heavy Rain,0,17.0
2024-10-21,Mumbai,46,94.2,43.7,11.1,Rain,0,16.3
2024-10-22,Mumbai,40,1.7,19.7,5.8,Cloudy,0,15.0
2024-10-23,Mumbai,80,1.0,17.1,8.9,Sunny,0,21.1
2024-10-24,Mumbai,95,0.0,28.9,10.7,Cloudy,0,15.7
2024-10-25,Mumbai,74,75.7,27.1,5.8,Rain,0,11.61111111111111
2024-10-26,Mumbai,64,2.0,8.9,7.9,Sunny,0,17.6
2024-10-27,Mumbai,39,104.7,28.5,8.1,Heavy Rain,0,20.944444444444443
2024-10-28,Mumbai,44,24.1,12.4,11.4,Rain,0,18.2
2024-10-29,Mumbai,66,85.4,,6.3,Rain,0,17.8
2024-10-30,Mumbai,88,1.4,26.2,9.8,Cloudy,0,14.0
2024-10-31,Mumbai,74,1.3,21.8,10.0,Clear,0,17.6
2024-01-11,Mumbai,97,1.9,22.1,6.3,Clear,0,15.5
2024-02-11,Mumbai,77,1.3,5.7,5.6,Clear,0,14.2
2024-11-03,Mumbai,49,0.5,3.7,10.0,Clear,0,16.8
2024-04-11,Mumbai,79,0.9,15.8,9.1,Cloudy,0,20.2
2024-05-11,Mumbai,54,1.7,3.8,4.1,Cloudy,0,14.5
2024-06-11,Mumbai,95,1.0,34.0,9.7,Cloudy,0,56.8
2024-07-11,Mumbai,98,1.3,44.0,6.9,Clear,0,14.6
2024-08-11,Mumbai,95,1.6,16.3,10.7,Sunny,0,19.5
2024-09-11,Mumbai,33,92.9,42.8,9.2,Rain,0,18.3
2024-11-10,Mumbai,42,47.4,10.8,11.6,Thunderstorm,0,15.0
2024-11-11,Mumbai,31,1.6,23.7,0.4,Fog,0,20.7
2024-11-12,Mumbai,36,75.7,24.2,11.5,Thunderstorm,0,18.6
2024-11-13,Mumbai,62,1.9,31.0,2.0,Fog,0,19.4
2024-11-14,Mumbai,88,1.6,29.8,7.4,Cloudy,0,17.8
2024-11-15,Mumbai,38,0.5,27.3,8.0,Cloudy,0,25.1
2024-11-16,Mumbai,80,46.8,36.6,11.8,Rain,0,16.2
2024-11-17,Mumbai,68,67.7,24.3,4.4,Thunderstorm,0,19.4
2024-11-18,Mumbai,86,1.0,19.2,7.1,Clear,0,17.5
2024-11-19,Mumbai,56,0.7,44.0,9.2,Cloudy,0,17.2
2024-11-20,Mumbai,74,0.7,14.3,5.2,Clear,0,20.6
2024-11-21,Mumbai,35,37.0,16.8,6.6,Rain,1,19.5
2024-11-22,Mumbai,69,1.8,26.4,4.5,Clear,0,67.2
2024-11-23,Mumbai,79,48.7,41.1,7.8,Rain,0,23.3
2024-11-24,Mumbai,57,1.1,35.1,9.2,Clear,0,22.0
2024-11-25,Mumbai,51,67.6,28.0,7.8,Rain,1,19.2
2024-11-26,Mumbai,78,1.0,,2.6,Fog,0,13.3
2024-11-27,Mumbai,78,52.6,12.4,9.8,Rain,0,22.8
2024-11-28,Mumbai,93,0.1,29.6,11.3,Sunny,0,23.055555555555557
2024-11-29,Mumbai,81,1.8,11.8,11.4,Clear,0,23.2
2024-11-30,Mumbai,55,1.8,28.6,11.7,Clear,0,20.38888888888889
2024-01-12,Mumbai,unknown,0.9,11.2,4.6,Sunny,0,22.5
2024-02-12,Mumbai,66,2.0,41.8,7.7,Clear,0,21.1
2024-03-12,Mumbai,97,1.8,31.1,5.9,Clear,0,22.944444444444443
2024-04-12,Mumbai,34,24.4,30.9,12.0,Heavy Rain,0,17.1
2024-05-12,Mumbai,86,0.3,37.7,11.7,Clear,0,
2024-06-12,Mumbai,38,0.5,16.3,0.6,Fog,0,19.2
2024-12-07,Mumbai,58,1.5,20.2,9.3,Clear,0,18.5
2024-08-12,Mumbai,74,1.1,33.8,12.0,Cloudy,0,17.7
2024-12-09,Mumbai,55,1.4,42.4,6.2,Cloudy,0,21.22222222222222
2024-12-10,Mumbai,75,37.7,24.8,6.5,Rain,0,20.1
2024-11-12,Mumbai,77,0.1,11.3,8.3,Cloudy,0,24.0
2024-12-12,Mumbai,74,67.4,38.3,10.0,Heavy Rain,0,
2024-12-13,Mumbai,56,1.3,31.7,6.4,Clear,0,23.6
2024-12-14,Mumbai,47,32.3,6.9,4.9,Rain,0,20.4
2024-12-15,Mumbai,91,118.6,43.1,10.7,Heavy Rain,1,24.0
2024-12-16,Mumbai,28,0.2,14.2,10.9,Cloudy,0,23.2
2024-12-17,Mumbai,95,0.9,27.8,11.4,Clear,0,21.6
2024-12-18,Mumbai,81,95.2,12.9,10.1,Rain,0,21.7
2024-12-19,Mumbai,32,52.4,25.6,7.6,Rain,0,20.6
2024-12-20,Mumbai,,1.0,39.1,8.2,Cloudy,0,22.7
2024-12-21,Mumbai,50,0.1,,6.1,Clear,0,28.1
2024-12-22,Mumbai,78,1.1,32.7,8.4,Cloudy,0,23.0
2024-12-23,Mumbai,76,1.8,13.6,7.9,Sunny,0,23.333333333333332
2024-12-24,Mumbai,98,1.4,34.2,9.8,Cloudy,0,24.055555555555557
2024-12-25,Mumbai,42,1.1,40.1,1.0,Fog,0,26.6
2024-12-26,Mumbai,67,93.7,42.2,10.7,Rain,0,24.72222222222222
2024-12-27,Mumbai,49,0.0,27.7,10.6,Cloudy,0,23.8
2024-12-28,Mumbai,48,0.2,37.5,10.9,Clear,0,21.722222222222218
2024-12-29,Mumbai,60,49.2,3.1,6.9,Rain,0,24.0
2024-12-30,Mumbai,63,1.2,17.4,6.5,Cloudy,0,19.9
2024-12-31,Mumbai,28,104.2,26.9,10.9,Rain,0,23.9
2025-01-01,Mumbai,46,68.1,36.1,4.8,Rain,0,17.2
2025-01-02,Mumbai,29,0.9,34.9,11.5,Cloudy,0,23.9
2025-01-03,Mumbai,71,1.6,18.5,9.3,Cloudy,0,24.499999999999996
2025-04-01,Mumbai,65,0.0,-,0.3,Fog,0,23.7
2025-01-05,Mumbai,32,1.8,40.4,9.3,Clear,0,19.1
2025-06-01,Mumbai,71,1.5,23.4,10.0,Clear,0,21.7
2025-01-07,Mumbai,79,74.8,  ,9.3,Rain,0,24.2
2025-01-08,Mumbai,80,106.0,11.9,4.4,Heavy Rain,1,19.9
2025-01-09,Mumbai,28,0.4,38.7,7.4,Cloudy,0,
2025-10-01,Mumbai,48,1.1,18.9,7.9,Cloudy,0,22.4
2025-11-01,Mumbai,92,1.9,27.6,0.4,Fog,0,28.4
2025-12-01,Mumbai,93,1.4,36.4,8.8,Clear,0,27.3
2025-01-13,Mumbai,92,1.5,40.0,10.2,Clear,0,19.1
2025-01-14,Mumbai,,0.2,14.6,9.2,Clear,0,29.5
2025-01-15,Mumbai,74,68.6,4.0,11.2,Rain,0,23.7
2025-01-16,Mumbai,75,0.6,25.9,8.6,Clear,0,22.1
2025-01-17,Mumbai,40,62.7,14.9,4.6,Rain,1,27.8
2025-01-18,Mumbai,76,1.4,8.4,6.7,Clear,0,22.7
2025-01-19,Mumbai,34,111.8,3.1,4.7,Thunderstorm,1,30.7
2025-01-20,Mumbai,33,1.0,32.4,11.9,Cloudy,0,26.833333333333332
2025-01-21,Mumbai,85,0.7,6.2,0.8,Fog,0,32.1
2025-01-22,Mumbai,97,1.6,20.8,10.3,Sunny,0,28.2
2025-01-23,Mumbai,98,29.8,39.6,5.0,Heavy Rain,0,31.4
2025-01-24,Mumbai,79,0.1,13.4,6.5,Cloudy,0,24.4
2025-01-25,Mumbai,90,1.2,18.2,6.1,Clear,0,30.1
2025-01-26,Mumbai,84,1.7,11.2,7.4,Cloudy,0,31.4
2025-01-27,Mumbai,97,1.8,42.5,9.1,Clear,0,19.1
2025-01-28,Mumbai,83,18.4,34.8,7.2,Thunderstorm,0,32.3
2025-01-29,Mumbai,76,1.1,25.5,9.0,Clear,0,28.7
2025-01-30,Mumbai,43,0.2,17.1,7.5,Clear,0,27.6
2025-01-02,Mumbai,51,1.7,26.3,11.3,Sunny,0,29.4
2025-02-02,Mumbai,  ,0.9,2.3,4.1,Cloudy,0,31.8
2025-03-02,Mumbai,72,0.4,37.8,4.9,Cloudy,0,29.5
2025-02-04,Mumbai,44,0.3,24.4,6.4,Cloudy,0,28.0
2025-05-02,Mumbai,68,100.2,32.1,10.7,Rain,0,29.8
2025-02-06,Mumbai,58,1.2,21.2,6.3,Cloudy,0,27.3
2025-07-02,Mumbai,96,1.3,31.2,10.4,Cloudy,0,25.9
2025-02-08,Mumbai,68,1.8,20.5,4.5,Cloudy,0,26.8
2025-02-09,Mumbai,70,10.8,26.9,6.3,Thunderstorm,0,36.5
2025-10-02,Mumbai,54,1.1,31.8,10.3,Cloudy,0,27.6
2025-02-11,Mumbai,70,66.0,5.4,11.7,Rain,0,27.4
2025-02-12,Mumbai,51,44.7,32.5,8.3,Heavy Rain,0,33.1
2025-02-13,Mumbai,79,13.6,32.1,8.8,Thunderstorm,0,31.5
2025-02-14,Mumbai,68,1.6,34.1,4.8,Cloudy,0,30.6
2025-02-15,Mumbai,46,0.9,38.4,10.5,Clear,0,22.3
2025-02-17,Mumbai,47,1.0,25.7,6.1,Cloudy,0,30.7
2025-02-18,Mumbai,93,1.0,40.5,5.2,Clear,0,34.611111111111114
2025-02-19,Mumbai,77,1.0,16.3,5.4,Clear,0,35.1
2025-02-20,Mumbai,45,0.2,6.9,11.9,Clear,0,29.2
2025-02-21,Mumbai,38,1.1,10.6,7.3,Cloudy,0,33.3
2025-02-22,Mumbai,91,76.1,23.0,9.4,Rain,0,29.4
2025-02-23,Mumbai,98,0.8,44.2,5.9,Cloudy,0,28.1
2025-02-24,Mumbai,42,1.9,32.9,8.4,Clear,0,36.5
2025-02-25,Mumbai,95,23.6,40.7,6.7,Heavy Rain,1,31.7
2025-02-26,Mumbai,66,99.4,6.0,4.2,Rain,0,28.7
2025-02-27,Mumbai,86,0.7,22.0,6.7,Sunny,0,34.0
2025-02-28,Mumbai,79,0.7,22.3,8.5,Clear,0,31.11111111111111
2025-03-01,Mumbai,50,0.8,20.6,9.4,Clear,0,29.2
2025-03-02,Mumbai,48,63.6,3.0,7.9,Thunderstorm,1,28.1
2025-03-03,Mumbai,81,0.5,22.2,10.4,Sunny,0,32.3
2025-03-04,Mumbai,97,1.8,35.2,10.5,Clear,0,35.1
2025-03-05,Mumbai,48,1.0,4.4,9.7,Cloudy,0,30.7
2025-03-06,Mumbai,97,0.1,42.5,10.4,Clear,0,38.6
2025-03-07,Mumbai,64,0.5,31.1,4.2,Clear,0,33.333333333333336
2025-03-08,Mumbai,43,1.7,33.5,7.9,Sunny,0,
2025-03-09,Mumbai,55,0.5,33.4,5.7,Cloudy,0,27.1
2025-03-10,Mumbai,44,0.1,30.7,7.5,Clear,0,31.1
2025-11-03,Mumbai,84,1.9,31.6,6.3,Clear,0,34.5
2025-03-12,Mumbai,75,0.8,13.5,8.9,Clear,0,30.1
2025-03-13,Mumbai,69,1.9,43.0,7.4,Cloudy,0,29.3
2025-03-14,Mumbai,48,94.3,11.3,9.6,Thunderstorm,1,26.0
2025-03-15,Mumbai,50,1.9,8.6,11.6,Clear,0,30.3
2025-03-16,Mumbai,62,1.4,28.8,5.3,Cloudy,0,24.7
2025-03-17,Mumbai,60,1.1,12.1,11.3,Cloudy,0,31.3
2025-03-18,Mumbai,58,61.8,21.9,10.5,Rain,1,31.0
2025-03-19,Mumbai,91,47.2,39.7,6.0,Rain,0,32.1
2025-03-20,Mumbai,39,85.7,35.6,8.7,Rain,0,
2025-03-21,Mumbai,48,0.9,14.0,11.1,Clear,0,32.0
2025-03-22,Mumbai,80,1.0,,8.7,Clear,0,36.9
2025-03-23,Mumbai,30,1.2,10.2,10.5,Clear,0,33.9
2025-03-24,Mumbai,53,0.5,30.9,6.2,Clear,0,33.2
2025-03-25,Mumbai,38,0.7,36.8,5.6,Sunny,0,28.1
2025-03-26,Mumbai,56,0.0,9.1,7.0,Clear,0,35.1
2025-03-27,Mumbai,86,0.3,29.5,11.5,Sunny,0,29.4
2025-03-28,Mumbai,90,1.4,15.9,6.7,Cloudy,0,37.1
2025-03-29,Mumbai,78,1.6,44.7,6.6,Cloudy,0,30.9
2025-03-30,Mumbai,54,48.8,23.2,4.1,Rain,1,31.1
2025-03-31,Mumbai,40,0.8,2.8,10.7,Cloudy,0,38.1
2025-01-04,Mumbai,70,2.0,39.9,10.3,Clear,0,30.5
2025-04-02,Mumbai,41,26.2,29.6,10.3,Thunderstorm,0,34.5
2025-03-04,Mumbai,93,23.2,38.5,11.8,Thunderstorm,0,30.444444444444443
2025-04-04,Mumbai,28,64.2,42.2,10.9,Rain,0,31.5
2025-05-04,Mumbai,30,98.5,33.5,11.4,Rain,0,30.3
2025-04-06,Mumbai,39,16.4,23.9,8.2,Rain,1,32.3
2025-07-04,Mumbai,61,0.0,20.0,7.9,Cloudy,0,32.6
2025-04-08,Mumbai,60,93.6,20.1,11.4,Rain,0,30.8
2025-09-04,Mumbai,61,85.2,28.4,6.3,Rain,0,26.1
2025-04-10,Mumbai,,112.5,27.7,11.9,Rain,1,26.0
2025-04-11,Mumbai,43,0.1,14.1,4.7,Cloudy,0,32.6
2025-04-12,Mumbai,79,1.8,42.1,9.2,Cloudy,0,33.4
2025-04-13,Mumbai,31,1.2,31.2,8.9,Clear,0,32.4
2025-04-14,Mumbai,72,103.7,24.4,6.6,Rain,1,33.9
2025-04-15,Mumbai,35,0.2,8.8,6.3,Cloudy,0,27.8
2025-04-16,Mumbai,53,0.6,26.2,8.5,Sunny,0,29.1
2025-04-17,Mumbai,74,0.2,4.2,9.9,Clear,0,30.5
2025-04-18,Mumbai,42,1.2,35.4,6.3,Clear,0,29.833333333333332
2025-04-19,Mumbai,51,50.4,7.9,9.9,Heavy Rain,0,30.4
2025-04-20,Mumbai,34,0.9,30.3,6.0,Cloudy,0,32.0
2025-04-21,Mumbai,87,24.9,39.2,7.0,Rain,0,36.7
2025-04-22,Mumbai,70,1.7,21.3,8.3,Sunny,0,33.22222222222222
2025-04-23,Mumbai,unknown,2.0,44.0,8.9,Clear,0,26.3
2025-04-24,Mumbai,77,32.4,7.9,4.1,Thunderstorm,0,29.4
2025-04-25,Mumbai,41,106.1,35.7,7.2,Rain,0,26.7
2025-04-26,Mumbai,47,0.4,29.9,0.9,Fog,0,31.4
2025-04-27,Mumbai,85,24.6,23.2,11.2,Rain,1,25.9
2025-04-28,Mumbai,,1.2,15.7,9.4,Sunny,0,
2025-04-29,Mumbai,60,1.6,23.7,1.6,Fog,0,30.3
2025-04-30,Mumbai,87,43.8,13.2,7.8,Rain,0,29.9
2025-05-01,Mumbai,68,1.7,38.8,1.4,Fog,0,32.5
2025-05-02,Mumbai,57,1.8,34.3,11.7,Clear,0,34.8
2025-05-03,Mumbai,58,0.1,32.7,7.7,Cloudy,0,32.9
2025-05-04,Mumbai,60,0.3,37.6,7.9,Cloudy,0,30.7
2025-05-05,Mumbai,73,0.7,32.3,7.2,Clear,0,28.2
2025-06-05,Mumbai,39,106.3,37.3,5.2,Thunderstorm,0,33.4
2025-07-05,Mumbai,40,1.8,21.9,8.9,Cloudy,0,28.333333333333332
2025-05-08,Mumbai,66,0.8,24.6,5.7,Clear,0,25.6
2025-05-09,Mumbai,30,0.4,31.5,11.0,Sunny,0,35.111111111111114
2025-10-05,Mumbai,93,1.4,36.7,10.5,Cloudy,0,32.9
2025-11-05,Mumbai,97,70.4,24.4,4.8,Heavy Rain,1,31.6
2025-05-12,Mumbai,80,1.0,7.3,7.3,Clear,0,29.8
2025-05-13,Mumbai,72,0.1,44.2,11.8,Clear,0,36.5
2025-05-14,Mumbai,47,52.8,27.2,10.2,Rain,0,28.3
2025-05-15,Mumbai,29,1.1,8.9,7.2,Clear,0,23.9
2025-05-16,Mumbai,,1.5,26.6,6.3,Clear,0,30.2
2025-05-17,Mumbai,90,1.6,22.6,2.1,Fog,0,31.1
2025-05-18,Mumbai,75,1.0,39.1,10.5,Sunny,0,30.1
2025-05-19,Mumbai,37,0.8,8.0,5.1,Clear,0,87.9
2025-05-20,Mumbai,51,1.0,3.2,10.1,Clear,0,30.5
2025-05-21,Mumbai,35,78.8,11.8,5.4,Thunderstorm,0,29.5
2025-05-22,Mumbai,89,0.7,-,5.3,Clear,0,28.4
2025-05-23,Mumbai,87,21.0,9.6,10.6,Rain,0,27.4
2025-05-24,Mumbai,46,11.8,15.7,8.6,Heavy Rain,0,27.5
2025-05-25,Mumbai,52,0.6,29.7,6.0,Cloudy,0,29.666666666666668
2025-05-26,Mumbai,79,0.8,6.6,6.8,Cloudy,0,34.3
2025-05-27,Mumbai,47,1.7,6.5,8.0,Cloudy,0,29.9
2025-05-28,Mumbai,88,2.0,19.6,9.1,Clear,0,26.6
2025-05-29,Mumbai,70,113.9,20.2,7.6,Rain,0,28.5
2025-05-30,Mumbai,78,49.9,26.2,4.8,Thunderstorm,0,24.1
2025-05-31,Mumbai,92,57.0,18.2,6.8,Rain,0,31.8
2025-01-06,Mumbai,93,0.0,23.0,6.0,Clear,0,29.2
2025-06-02,Mumbai,88,9.8,36.1,4.2,Heavy Rain,1,26.9
2025-06-03,Mumbai,80,1.1,7.4,4.8,Clear,0,27.1
2025-04-06,Mumbai,44,116.3,37.6,6.0,Heavy Rain,0,31.5
2025-06-05,Mumbai,48,0.3,36.0,5.9,Cloudy,0,21.1
2025-06-06,Mumbai,89,1.8,10.4,7.3,Clear,0,78.4
2025-06-07,Mumbai,29,32.4,43.6,11.2,Rain,0,28.6
2025-06-08,Mumbai,32,117.7,29.0,9.6,Rain,0,25.7
2025-09-06,Mumbai,90,1.5,31.1,9.1,Cloudy,0,23.9
2025-06-10,Mumbai,84,1.7,39.8,10.3,Clear,0,29.6
2025-06-11,Mumbai,63,0.7,20.6,11.8,Clear,0,30.8
2025-12-06,Mumbai,49,0.3,14.2,6.5,Sunny,0,33.2
2025-06-13,Mumbai,73,1.1,30.9,8.6,Cloudy,0,26.5
2025-06-14,Mumbai,39,0.9,34.5,4.8,Clear,0,25.5
2025-06-15,Mumbai,,1.7,36.0,1.9,Fog,0,28.6
2025-06-16,Mumbai,76,0.2,25.9,10.7,Clear,0,26.9
2025-06-17,Mumbai,93,1.4,34.7,9.9,Clear,0,85.3
2025-06-18,Mumbai,50,25.5,14.4,8.7,Rain,0,20.1
2025-06-19,Mumbai,93,36.8,6.7,9.4,Thunderstorm,0,70.8
2025-06-20,Mumbai,98,1.8,6.7,5.4,Cloudy,0,31.6
2025-06-21,Mumbai,72,0.2,39.3,6.4,Sunny,0,27.5
2025-06-22,Mumbai,82,1.3,15.5,11.6,Cloudy,0,25.5
2025-06-23,Mumbai,94,1.3,44.4,4.2,Clear,0,27.5
2025-06-24,Mumbai,83,84.5,13.6,4.2,Rain,0,27.8
2025-06-25,Mumbai,76,68.8,15.0,6.5,Rain,0,23.4
2025-06-26,Mumbai,45,1.1,29.9,4.2,Sunny,0,22.3
2025-06-27,Mumbai,68,0.9,42.9,11.6,Clear,0,20.72222222222222
2025-06-28,Mumbai,-,100.1,12.6,5.7,Rain,0,24.6
2025-06-29,Mumbai,37,1.8,15.9,8.9,Clear,0,25.7
2025-06-30,Mumbai,72,0.4,5.5,4.8,Cloudy,0,23.2
2025-01-07,Mumbai,66,58.9,11.0,5.1,Rain,0,24.777777777777775
2024-01-01,Pune,75,51.8,33.3,5.2,Rain,1,22.7
2024-02-01,Pune,54,0.7,10.0,8.9,Clear,0,22.4
2024-01-03,Pune,  ,0.9,42.4,6.0,Clear,0,21.0
2024-04-01,Pune,55,0.3,2.4,9.1,Clear,0,26.1
2024-05-01,Pune,38,1.4,33.2,11.3,Clear,0,23.4
2024-06-01,Pune,44,0.7,12.0,4.1,Cloudy,0,24.3
2024-07-01,Pune,61,76.8,13.0,7.3,Heavy Rain,0,23.9
2024-01-08,Pune,65,0.8,2.2,11.3,Cloudy,0,24.1
2024-09-01,Pune,52,2.0,9.2,10.4,Cloudy,0,22.444444444444446
2024-10-01,Pune,32,52.9,39.9,8.8,Thunderstorm,0,26.3
2024-11-01,Pune,93,0.4,5.9,7.6,Sunny,0,21.2
2024-12-01,Pune,98,0.8,25.0,10.1,Clear,0,23.2
2024-01-13,Pune,36,0.7,13.8,7.0,Cloudy,0,26.5
2024-01-14,Pune,79,47.5,44.6,7.0,Rain,0,
2024-01-15,Pune,47,0.8,24.7,9.1,Clear,0,27.8
2024-01-16,Pune,57,0.9,42.8,10.3,Clear,0,27.5
2024-01-17,Pune,68,1.8,12.7,4.6,Clear,0,25.7
2024-01-18,Pune,81,113.9,38.2,5.2,Heavy Rain,1,28.0
2024-01-19,Pune,83,0.5,9.8,5.8,Cloudy,0,25.0
2024-01-20,Pune,50,61.2,13.0,5.6,Rain,1,25.8
2024-01-21,Pune,68,14.6,40.7,9.5,Rain,0,25.6
2024-01-22,Pune,89,0.5,5.5,8.4,Clear,0,32.4
2024-01-23,Pune,80,0.7,8.1,6.1,Sunny,0,27.8
2024-01-24,Pune,72,1.7,32.0,5.9,Clear,0,26.6
2024-01-25,Pune,36,1.4,7.7,4.1,Clear,0,24.9
2024-01-26,Pune,57,1.6,34.4,1.4,Fog,0,26.8
2024-01-27,Pune,57,32.2,39.9,6.0,Rain,1,30.7
2024-01-28,Pune,35,45.8,10.3,11.7,Rain,0,
2024-01-29,Pune,unknown,1.3,5.6,7.0,Sunny,0,74.3
2024-01-30,Pune,58,0.4,9.1,4.3,Cloudy,0,31.2
2024-01-31,Pune,51,84.2,3.6,8.1,Rain,1,28.7
2024-02-01,Pune,47,1.3,2.1,1.4,Fog,0,31.2
2024-02-02,Pune,50,1.4,15.3,1.9,Fog,0,23.3
2024-02-03,Pune,44,59.4,18.3,7.2,Heavy Rain,0,31.1
2024-02-04,Pune,75,1.7,23.9,11.1,Clear,0,32.8
2024-02-05,Pune,70,17.0,4.2,4.2,Rain,0,27.1
2024-02-06,Pune,67,1.3,41.2,11.6,Clear,0,26.1
2024-02-07,Pune,86,1.4,7.6,9.9,Cloudy,0,26.8
2024-02-08,Pune,unknown,1.3,29.6,1.9,Fog,0,27.2
2024-02-09,Pune,47,1.4,5.8,5.4,Cloudy,0,27.8
2024-02-10,Pune,33,0.8,29.9,5.3,Clear,0,83.0
2024-11-02,Pune,80,1.4,25.3,10.2,Cloudy,0,27.555555555555554
2024-12-02,Pune,,0.0,13.2,5.8,Cloudy,0,85.8
2024-02-13,Pune,94,1.2,38.2,9.3,Clear,0,32.4
2024-02-14,Pune,88,1.9,6.4,9.9,Clear,0,27.7
2024-02-15,Pune,34,1.3,9.1,7.6,Clear,0,22.83333333333333
2024-02-16,Pune,39,1.4,5.5,12.0,Sunny,0,31.5
2024-02-17,Pune,69,0.4,8.5,7.7,Clear,0,34.0
2024-02-18,Pune,74,36.3,19.0,4.4,Thunderstorm,0,31.1
2024-02-19,Pune,77,1.2,36.6,9.7,Clear,0,31.5
2024-02-20,Pune,92,24.6,,6.5,Heavy Rain,1,33.22222222222222
2024-02-21,Pune,86,0.6,3.4,6.2,Clear,0,28.1
2024-02-22,Pune,83,0.6,40.9,6.7,Cloudy,0,29.9
2024-02-23,Pune,50,108.3,41.1,5.2,Rain,0,33.0
2024-02-24,Pune,52,116.0,14.8,11.8,Heavy Rain,1,32.4
2024-02-25,Pune,89,1.0,15.4,11.7,Clear,0,29.9
2024-02-26,Pune,45,0.8,5.5,8.4,Cloudy,0,
2024-02-27,Pune,82,72.1,31.8,5.8,Thunderstorm,0,32.1
2024-02-28,Pune,34,100.3,29.8,4.5,Rain,1,34.8
2024-02-29,Pune,78,0.8,14.1,9.9,Cloudy,0,31.9
2024-03-01,Pune,96,1.5,17.8,8.4,Clear,0,30.1
2024-02-03,Pune,38,1.0,38.9,1.1,Fog,0,31.0
2024-03-03,Pune,91,66.6,31.1,5.7,Thunderstorm,1,28.9
2024-03-04,Pune,74,1.4,14.6,8.0,Cloudy,0,91.9
2024-05-03,Pune,71,0.9,24.1,4.7,Clear,0,33.8
2024-06-03,Pune,74,0.7,32.9,10.1,Clear,0,33.94444444444444
2024-03-07,Pune,41,118.0,44.4,4.6,Thunderstorm,1,27.8
2024-03-08,Pune,49,100.3,16.7,11.7,Rain,0,34.2
2024-09-03,Pune,39,1.3,29.3,6.3,Clear,0,32.9
2024-10-03,Pune,73,0.1,16.1,6.6,Sunny,0,
2024-03-11,Pune,31,2.0,13.9,8.1,Cloudy,0,30.9
2024-03-12,Pune,56,1.1,10.1,1.3,Fog,0,32.0
2024-03-13,Pune,85,1.7,42.2,6.5,Clear,0,32.94444444444444
2024-03-14,Pune,45,1.1,34.5,6.3,Clear,0,31.0
2024-03-15,Pune,57,0.5,20.9,5.4,Clear,0,27.9
2024-03-16,Pune,83,82.0,24.1,8.8,Rain,0,33.8
2024-03-17,Pune,77,1.9,32.5,9.1,Clear,0,30.4
2024-03-18,Pune,,1.3,9.3,6.6,Sunny,0,95.9
2024-03-19,Pune,90,0.5,38.0,5.5,Clear,0,34.9
2024-03-21,Pune,74,0.7,35.4,11.3,Cloudy,0,32.9
2024-03-22,Pune,74,41.4,41.1,10.2,Rain,0,34.4
2024-03-23,Pune,52,1.6,15.9,7.4,Clear,0,27.9
2024-03-24,Pune,73,1.4,34.5,8.5,Cloudy,0,28.4
2024-03-25,Pune,72,1.3,5.5,4.2,Clear,0,35.2
2024-03-26,Pune,40,0.9,24.2,2.3,Fog,0,28.7
2024-03-27,Pune,61,1.4,29.4,11.0,Cloudy,0,31.7
2024-03-28,Pune,,39.2,2.9,5.2,Heavy Rain,0,32.1
2024-03-29,Pune,56,1.6,18.7,5.8,Clear,0,32.4
2024-03-30,Pune,49,37.2,35.1,5.6,Rain,1,31.5
2024-03-31,Pune,40,0.4,32.6,10.5,Clear,0,37.6
2024-01-04,Pune,78,0.7,7.0,8.7,Clear,0,28.2
2024-04-02,Pune,42,0.7,17.9,8.2,Clear,0,27.2
2024-03-04,Pune,73,0.6,31.8,10.8,Sunny,0,30.0
2024-04-04,Pune,73,1.7,38.6,9.6,Clear,0,28.1
2024-04-05,Pune,76,1.3,36.7,9.4,Sunny,0,28.666666666666668
2024-04-06,Pune,46,58.8,27.4,4.6,Rain,0,30.8
2024-07-04,Pune,87,0.6,44.1,8.4,Clear,0,35.3
2024-08-04,Pune,29,32.5,25.4,11.9,Rain,0,37.1
2024-04-09,Pune,28,1.9,36.7,9.9,Cloudy,0,35.7
2024-10-04,Pune,98,46.0,26.8,7.2,Rain,0,34.5
2024-04-11,Pune,75,2.0,37.5,5.3,Cloudy,0,33.7
2024-04-12,Pune,43,30.9,15.4,4.5,Thunderstorm,1,31.7
2024-04-13,Pune,92,0.6,6.0,7.1,Cloudy,0,30.0
2024-04-14,Pune,58,0.1,3.6,7.3,Clear,0,35.4
2024-04-15,Pune,70,99.3,11.1,7.3,Rain,1,30.6
2024-04-16,Pune,91,12.7,21.2,9.9,Rain,0,
2024-04-18,Pune,,93.4,19.0,8.8,Rain,0,32.7
2024-04-19,Pune,41,1.2,35.5,6.2,Cloudy,0,31.3
2024-04-21,Pune,31,0.4,22.2,5.4,Cloudy,0,34.5
2024-04-22,Pune,94,0.9,8.8,5.2,Sunny,0,29.7
2024-04-23,Pune,41,81.1,28.7,5.0,Rain,1,30.8
2024-04-24,Pune,51,1.9,9.6,10.5,Cloudy,0,34.1
2024-04-25,Pune,38,0.9,29.5,10.1,Clear,0,84.6
2024-04-26,Pune,41,1.0,18.8,7.1,Clear,0,33.2
2024-04-27,Pune,64,12.0,21.6,9.2,Rain,0,33.5
2024-04-28,Pune,96,80.7,26.5,7.8,Rain,0,29.944444444444443
2024-04-29,Pune,unknown,1.8,26.3,4.5,Clear,0,34.1
2024-04-30,Pune,71,1.2,22.8,8.5,Clear,0,33.9
2024-01-05,Pune,,0.0,13.7,11.8,Sunny,0,25.5
2024-02-05,Pune,,0.5,12.4,8.8,Sunny,0,31.6
2024-05-04,Pune,93,1.2,37.7,8.5,Clear,0,25.1
2024-05-05,Pune,88,1.0,18.2,7.4,Sunny,0,28.7
2024-05-06,Pune,58,52.5,39.0,10.8,Rain,0,31.9
2024-05-07,Pune,30,1.3,19.0,10.8,Clear,0,
2024-08-05,Pune,67,1.4,29.7,4.1,Clear,0,32.0
2024-05-09,Pune,31,0.1,12.9,8.2,Cloudy,0,30.1
2024-05-10,Pune,44,1.3,9.2,9.9,Clear,0,33.3
2024-11-05,Pune,96,1.1,18.0,8.7,Clear,0,29.3
2024-12-05,Pune,43,1.0,21.3,11.6,Clear,0,29.4
2024-05-13,Pune,44,31.2,31.9,5.7,Rain,0,28.5
2024-05-14,Pune,45,9.9,33.8,6.9,Rain,0,32.6
2024-05-15,Pune,45,1.3,38.4,5.1,Clear,0,27.5
2024-05-16,Pune,29,1.6,15.4,5.6,Cloudy,0,28.2
2024-05-17,Pune,60,91.0,27.5,7.1,Heavy Rain,0,25.3
2024-05-18,Pune,35,0.8,3.3,4.1,Cloudy,0,83.1
2024-05-19,Pune,96,1.0,30.5,5.1,Clear,0,27.2
2024-05-20,Pune,95,107.9,42.1,8.1,Rain,0,25.3
2024-05-21,Pune,94,1.8,41.4,4.3,Cloudy,0,28.0
2024-05-22,Pune,  ,39.0,20.9,7.2,Rain,1,28.6
2024-05-23,Pune,85,30.7,24.3,7.5,Rain,0,30.7
2024-05-24,Pune,32,1.4,5.4,6.2,Clear,0,25.2
2024-05-25,Pune,73,0.8,27.8,11.4,Clear,0,30.7
2024-05-26,Pune,44,0.3,10.2,9.5,Clear,0,26.0
2024-05-27,Pune,38,1.6,26.9,4.8,Clear,0,28.5
2024-05-28,Pune,68,104.2,44.3,10.2,Heavy Rain,0,25.4
2024-05-30,Pune,31,1.0,28.5,9.1,Clear,0,31.4
2024-05-31,Pune,34,8.1,19.6,8.2,Thunderstorm,0,30.38888888888889
2024-06-01,Pune,70,0.9,44.8,7.7,Clear,0,30.6
2024-06-02,Pune,34,1.3,8.9,4.9,Cloudy,0,29.6
2024-03-06,Pune,59,1.1,26.5,0.6,Fog,0,28.9
2024-04-06,Pune,89,0.5,39.9,8.6,Clear,0,20.611111111111107
2024-05-06,Pune,41,1.5,40.5,9.2,Cloudy,0,27.944444444444443
2024-06-06,Pune,42,1.3,17.1,4.4,Clear,0,26.444444444444443
2024-06-07,Pune,87,107.6,28.5,8.0,Rain,0,28.3
2024-08-06,Pune,58,1.9,2.6,11.8,Clear,0,22.4
2024-09-06,Pune,30,0.0,27.1,7.8,Cloudy,0,31.1
2024-10-06,Pune,30,0.9,14.5,5.6,Clear,0,27.1
2024-06-11,Pune,81,35.6,14.7,6.7,Heavy Rain,1,23.3
2024-12-06,Pune,38,1.8,33.4,11.0,Clear,0,25.8
2024-06-13,Pune,38,1.3,14.0,11.8,Sunny,0,24.3
2024-06-14,Pune,62,1.8,5.3,10.2,Cloudy,0,26.8
2024-06-15,Pune,29,1.2,7.3,5.4,Sunny,0,24.9
2024-06-17,Pune,34,1.5,21.3,9.9,Clear,0,27.5
2024-06-18,Pune,31,0.9,23.4,8.3,Clear,0,22.666666666666668
2024-06-19,Pune,79,1.4,17.5,9.7,Clear,0,26.6
2024-06-20,Pune,77,0.9,4.9,8.4,Clear,0,22.4
2024-06-21,Pune,32,0.1,43.2,7.7,Cloudy,0,76.2
2024-06-22,Pune,43,1.4,19.9,9.6,Sunny,0,19.8
2024-06-23,Pune,89,0.6,,11.4,Clear,0,24.9
2024-06-24,Pune,,0.7,32.4,9.0,Sunny,0,26.4
2024-06-25,Pune,60,94.7,8.4,8.0,Rain,0,27.4
2024-06-26,Pune,65,1.8,23.0,4.1,Clear,0,27.5
2024-06-27,Pune,  ,0.7,15.1,4.6,Cloudy,0,23.2
2024-06-28,Pune,96,1.1,32.8,5.2,Clear,0,28.6
2024-06-29,Pune,63,81.5,15.0,8.4,Rain,1,24.944444444444446
2024-06-30,Pune,56,42.2,40.4,7.6,Rain,1,23.6
2024-01-07,Pune,56,0.9,8.0,8.4,Clear,0,28.0
2024-02-07,Pune,,0.5,43.5,10.5,Sunny,0,25.3
2024-03-07,Pune,46,1.0,19.4,9.3,Clear,0,25.0
2024-07-04,Pune,62,53.2,38.5,5.5,Rain,0,21.7
2024-07-05,Pune,60,1.2,24.5,9.4,Cloudy,0,21.5
2024-07-06,Pune,67,0.5,3.8,10.9,Cloudy,0,25.9
2024-07-07,Pune,38,109.9,10.6,10.6,Rain,0,19.2
2024-07-08,Pune,41,87.4,17.8,5.9,Heavy Rain,0,25.611111111111107
2024-07-09,Pune,34,20.0,25.8,6.4,Heavy Rain,1,84.5
2024-07-10,Pune,98,0.5,19.1,7.5,Clear,0,21.4
2024-07-11,Pune,97,2.0,25.3,9.7,Clear,0,18.3
2024-12-07,Pune,72,88.1,19.2,6.1,Rain,1,
2024-07-13,Pune,80,1.5,28.3,1.3,Fog,0,24.3
2024-07-14,Pune,43,76.0,38.4,9.8,Rain,0,26.2
2024-07-15,Pune,  ,0.0,25.7,4.7,Sunny,0,22.1
2024-07-16,Pune,73,30.1,32.5,9.1,Rain,0,22.7
2024-07-17,Pune,47,1.4,38.4,6.3,Clear,0,24.4
2024-07-18,Pune,73,1.5,31.8,10.4,Sunny,0,20.2
2024-07-19,Pune,53,52.1,21.2,5.0,Rain,0,23.8
2024-07-20,Pune,87,0.9,31.1,8.1,Clear,0,16.8
2024-07-21,Pune,33,1.9,14.0,7.7,Clear,0,19.8
2024-07-22,Pune,47,0.5,5.4,0.8,Fog,0,15.5
2024-07-23,Pune,29,0.5,14.0,9.2,Clear,0,18.5
2024-07-24,Pune,49,0.8,22.3,9.6,Clear,0,20.4
2024-07-25,Pune,34,91.8,28.4,6.6,Thunderstorm,1,13.5
2024-07-26,Pune,81,0.6,10.5,9.8,Cloudy,0,22.6
2024-07-27,Pune,78,24.9,36.0,9.5,Heavy Rain,1,19.9
2024-07-28,Pune,29,63.7,40.5,4.3,Heavy Rain,0,22.8
2024-07-29,Pune,90,1.9,4.0,9.4,Cloudy,0,22.7
2024-07-30,Pune,35,1.7,23.6,8.3,Clear,0,22.1
2024-07-31,Pune,80,77.6,14.3,4.7,Rain,1,22.2
2024-01-08,Pune,47,0.3,29.0,4.5,Cloudy,0,69.0
2024-08-02,Pune,48,1.7,24.2,9.9,Cloudy,0,16.6
2024-03-08,Pune,59,1.7,33.6,6.2,Cloudy,0,18.6
2024-04-08,Pune,39,71.3,43.9,7.5,Thunderstorm,1,19.8
2024-08-05,Pune,53,1.9,6.2,9.0,Cloudy,0,16.3
2024-08-06,Pune,88,1.4,12.4,7.2,Cloudy,0,15.5
2024-08-07,Pune,80,0.5,29.9,5.1,Clear,0,20.1
2024-08-08,Pune,31,0.6,2.6,10.8,Clear,0,16.5
2024-08-09,Pune,61,1.3,32.6,11.7,Clear,0,18.6
2024-10-08,Pune,34,0.3,26.3,5.4,Clear,0,23.7
2024-11-08,Pune,60,85.5,37.6,10.8,Heavy Rain,0,18.6
2024-12-08,Pune,96,0.4,36.8,9.9,Clear,0,18.388888888888886
2024-08-13,Pune,56,1.2,17.7,9.1,Sunny,0,23.3
2024-08-14,Pune,94,1.0,3.2,11.3,Sunny,0,19.5
2024-08-15,Pune,91,1.9,,7.7,Cloudy,0,74.4
2024-08-16,Pune,28,87.5,17.4,11.5,Thunderstorm,0,20.6
2024-08-17,Pune,69,15.6,21.2,7.0,Rain,0,18.444444444444443
2024-08-18,Pune,42,52.0,33.9,11.8,Rain,0,
2024-08-19,Pune,70,1.0,26.8,9.8,Cloudy,0,18.3
2024-08-20,Pune,48,0.5,24.2,6.1,Clear,0,18.2
2024-08-21,Pune,98,0.3,4.1,5.4,Sunny,0,14.8
2024-08-22,Pune,90,48.3,41.5,9.1,Rain,1,22.2
2024-08-23,Pune,85,1.8,36.6,4.9,Cloudy,0,19.2
2024-08-24,Pune,96,95.5,3.3,9.1,Rain,0,15.8
2024-08-25,Pune,,0.5,14.2,8.0,Clear,0,14.0
2024-08-26,Pune,65,92.1,37.2,7.8,Rain,1,19.4
2024-08-27,Pune,54,1.8,3.1,8.7,Cloudy,0,15.4
2024-08-28,Pune,63,1.2,26.4,5.7,Clear,0,16.8
2024-08-29,Pune,57,1.8,23.1,5.4,Cloudy,0,14.2
2024-08-30,Pune,94,0.0,3.9,11.1,Cloudy,0,11.4
2024-08-31,Pune,98,1.1,40.9,5.0,Cloudy,0,15.2
2024-09-01,Pune,70,2.0,20.6,7.3,Sunny,0,15.7
2024-09-02,Pune,51,0.8,33.3,4.0,Cloudy,0,21.4
2024-03-09,Pune,41,25.6,39.4,5.5,Heavy Rain,0,18.0
2024-09-04,Pune,unknown,1.3,8.4,9.3,Clear,0,15.2
2024-05-09,Pune,74,1.7,37.6,10.4,Clear,0,18.3
2024-06-09,Pune,84,95.7,17.8,7.0,Thunderstorm,1,19.6
2024-07-09,Pune,70,0.6,26.5,11.4,Clear,0,20.5
2024-09-08,Pune,55,1.7,21.2,0.9,Fog,0,
2024-09-09,Pune,93,106.5,28.3,7.2,Rain,1,18.5
2024-09-10,Pune,42,0.5,16.6,6.7,Clear,0,15.7
2024-11-09,Pune,86,2.0,39.5,10.6,Cloudy,0,21.1
2024-09-12,Pune,64,0.3,2.8,7.1,Clear,0,16.9
2024-09-13,Pune,52,26.2,9.5,9.8,Heavy Rain,0,16.5
2024-09-14,Pune,48,30.6,7.8,9.4,Rain,0,17.7
2024-09-15,Pune,56,24.0,42.3,7.3,Heavy Rain,1,16.5
2024-09-16,Pune,33,58.1,34.0,5.5,Thunderstorm,0,15.1
2024-09-17,Pune,87,66.2,23.6,6.1,Rain,1,9.0
2024-09-18,Pune,63,0.1,34.8,6.5,Clear,0,10.2
2024-09-19,Pune,79,0.3,41.6,9.1,Cloudy,0,14.4
2024-09-20,Pune,48,1.9,8.3,8.7,Clear,0,15.0
2024-09-21,Pune,77,0.6,-,6.6,Clear,0,12.6
2024-09-22,Pune,96,25.7,8.1,5.7,Thunderstorm,0,17.4
2024-09-23,Pune,57,0.8,3.6,2.8,Fog,0,18.5
2024-09-24,Pune,73,1.8,15.7,5.0,Clear,0,17.5
2024-09-25,Pune,93,0.0,5.4,4.9,Clear,0,18.1
2024-09-26,Pune,87,11.0,8.7,5.4,Rain,0,15.0
2024-09-27,Pune,95,0.9,28.3,10.2,Clear,0,16.9
2024-09-28,Pune,57,2.0,11.3,4.3,Sunny,0,16.3
2024-09-29,Pune,42,1.9,41.5,11.7,Cloudy,0,16.0
2024-09-30,Pune,84,85.9,5.9,11.9,Rain,0,16.3
2024-10-01,Pune,,0.4,9.6,10.6,Cloudy,0,14.4
2024-10-02,Pune,56,0.5,33.6,5.0,Clear,0,16.8
2024-03-10,Pune,84,0.7,12.0,5.3,Cloudy,0,19.7
2024-10-04,Pune,67,24.2,33.8,4.9,Rain,1,12.6
2024-05-10,Pune,55,0.7,35.4,4.1,Clear,0,10.0
2024-06-10,Pune,58,0.1,3.2,5.5,Clear,0,17.3
2024-07-10,Pune,64,0.2,39.3,1.8,Fog,0,12.4
2024-10-08,Pune,33,1.6,33.2,7.8,Clear,0,18.9
2024-10-09,Pune,86,0.8,32.9,8.9,Sunny,0,16.7
2024-10-10,Pune,84,1.5,26.7,7.1,Clear,0,11.6
2024-10-11,Pune,44,1.4,27.1,8.3,Clear,0,15.5
2024-12-10,Pune,44,7.7,17.3,8.3,Rain,0,5.6
2024-10-13,Pune,47,0.8,18.5,9.2,Clear,0,18.6
2024-10-14,Pune,80,1.1,39.1,8.6,Cloudy,0,17.8
2024-10-15,Pune,33,1.6,13.4,7.8,Clear,0,12.3
2024-10-16,Pune,88,1.3,2.1,11.3,Sunny,0,18.1
2024-10-17,Pune,88,1.0,12.6,7.1,Clear,0,14.2
2024-10-18,Pune,43,0.2,19.3,6.1,Cloudy,0,15.0
2024-10-19,Pune,-,1.0,24.0,10.8,Clear,0,15.8
2024-10-20,Pune,72,0.3,14.9,11.7,Cloudy,0,15.8
2024-10-21,Pune,43,0.6,26.6,11.2,Sunny,0,15.8
2024-10-22,Pune,45,70.6,20.6,9.8,Heavy Rain,0,18.2
2024-10-23,Pune,64,104.3,44.3,10.4,Rain,0,16.0
2024-10-24,Pune,34,1.5,43.8,9.1,Clear,0,19.2
2024-10-25,Pune,70,19.6,32.6,9.9,Rain,1,11.2
2024-10-26,Pune,85,0.5,40.9,7.1,Clear,0,17.1
2024-10-27,Pune,32,94.2,3.9,7.4,Rain,0,19.1
2024-10-28,Pune,48,0.0,14.1,10.2,Clear,0,17.0
2024-10-29,Pune,56,1.8,44.5,11.1,Cloudy,0,61.3
2024-10-30,Pune,51,79.9,12.3,10.5,Rain,1,58.7
2024-10-31,Pune,44,0.3,44.6,8.1,Clear,0,21.0
2024-01-11,Pune,72,108.8,42.0,9.2,Heavy Rain,1,20.166666666666668
2024-02-11,Pune,78,0.4,29.9,10.8,Clear,0,15.2
2024-11-03,Pune,73,60.6,34.4,10.5,Rain,0,16.0
2024-11-04,Pune,81,119.7,41.3,4.6,Rain,0,
2024-05-11,Pune,43,1.4,21.4,10.7,Clear,0,16.4
2024-11-06,Pune,33,0.1,39.4,10.2,Sunny,0,13.8
2024-07-11,Pune,  ,1.5,3.3,1.4,Fog,0,16.9
2024-11-08,Pune,45,11.0,37.6,9.2,Rain,0,18.8
2024-09-11,Pune,39,0.5,44.4,4.2,Clear,0,17.8
2024-10-11,Pune,85,1.0,42.8,9.2,Cloudy,0,18.5
2024-11-11,Pune,64,1.6,39.5,7.5,Clear,0,16.5
2024-11-12,Pune,38,0.6,29.7,6.3,Cloudy,0,19.388888888888893
2024-11-13,Pune,76,1.4,44.5,7.8,Cloudy,0,17.2
2024-11-14,Pune,34,0.9,24.5,9.0,Cloudy,0,12.6
2024-11-15,Pune,33,0.2,9.8,10.3,Sunny,0,17.6
2024-11-16,Pune,49,0.9,44.8,5.7,Clear,0,18.8
2024-11-18,Pune,39,1.1,23.1,4.9,Clear,0,18.3
2024-11-19,Pune,93,0.9,36.9,2.1,Fog,0,19.8
2024-11-20,Pune,73,10.2,4.9,11.9,Thunderstorm,0,17.0
2024-11-21,Pune,59,0.5,7.5,10.4,Clear,0,19.6
2024-11-22,Pune,78,0.1,15.3,10.0,Clear,0,21.7
2024-11-23,Pune,93,2.0,5.7,4.0,Clear,0,22.5
2024-11-24,Pune,74,0.7,6.9,7.3,Cloudy,0,21.8
2024-11-25,Pune,54,2.0,18.1,7.7,Clear,0,71.1
2024-11-26,Pune,70,1.2,39.2,10.8,Clear,0,16.8
2024-11-27,Pune,58,1.5,21.3,5.9,Clear,0,19.66666666666667
2024-11-28,Pune,72,0.4,42.6,9.6,Clear,0,26.1
2024-11-29,Pune,39,65.8,40.7,6.5,Rain,1,18.7
2024-11-30,Pune,39,101.6,37.9,7.9,Rain,0,24.0
2024-01-12,Pune,28,0.5,35.5,8.9,Cloudy,0,22.2
2024-02-12,Pune,70,1.3,17.8,1.5,Fog,0,25.2
2024-12-03,Pune,32,118.2,,10.1,Thunderstorm,0,26.9
2024-12-04,Pune,92,1.9,,11.6,Clear,0,20.3
2024-05-12,Pune,61,0.6,5.1,12.0,Clear,0,15.9
2024-12-06,Pune,97,2.0,24.3,4.7,Sunny,0,19.1
2024-12-07,Pune,40,1.1,39.1,10.6,Clear,0,24.3
2024-12-08,Pune,70,1.8,9.4,12.0,Cloudy,0,16.9
2024-12-09,Pune,56,0.1,41.0,4.7,Cloudy,0,23.6
2024-12-10,Pune,63,1.1,28.2,4.9,Cloudy,0,25.777777777777782
2024-12-11,Pune,63,1.9,19.3,5.4,Sunny,0,17.4
2024-12-12,Pune,52,18.1,15.7,4.3,Heavy Rain,0,22.4
2024-12-13,Pune,39,15.2,5.2,4.3,Rain,1,18.6
2024-12-14,Pune,92,0.8,6.8,10.9,Cloudy,0,28.2
2024-12-15,Pune,82,1.0,9.2,8.0,Clear,0,21.7
2024-12-16,Pune,85,0.5,43.0,7.1,Clear,0,20.0
2024-12-17,Pune,30,0.6,37.3,9.8,Sunny,0,22.7
2024-12-18,Pune,42,63.5,14.6,7.8,Rain,1,26.1
2024-12-19,Pune,81,73.6,33.0,7.4,Rain,0,21.2
2024-12-20,Pune,42,0.5,31.8,6.8,Cloudy,0,17.5
2024-12-21,Pune,-,1.5,33.1,8.1,Clear,0,27.2
2024-12-22,Pune,89,1.7,9.0,7.1,Clear,0,24.27777777777778
2024-12-23,Pune,95,0.8,8.0,9.5,Clear,0,28.1
2024-12-24,Pune,66,1.7,22.0,5.8,Cloudy,0,22.4
2024-12-25,Pune,67,1.0,10.3,5.0,Clear,0,23.9
2024-12-26,Pune,46,31.0,37.1,7.8,Heavy Rain,0,22.1
2024-12-27,Pune,93,1.4,2.6,8.4,Clear,0,25.2
2024-12-28,Pune,88,2.0,41.0,6.0,Clear,0,31.9
2024-12-29,Pune,63,1.4,23.0,6.1,Cloudy,0,24.5
2024-12-30,Pune,77,76.7,17.3,5.7,Heavy Rain,1,28.4
2024-12-31,Pune,40,35.5,36.3,7.0,Rain,1,23.5
2025-01-01,Pune,59,2.0,37.5,7.3,Cloudy,0,30.38888888888889
2025-01-02,Pune,82,0.6,33.7,9.2,Clear,0,27.4
2025-03-01,Pune,72,0.7,21.9,10.6,Clear,0,19.8
2025-04-01,Pune,30,42.9,34.8,5.7,Thunderstorm,0,23.7
2025-05-01,Pune,83,1.8,23.2,10.7,Clear,0,22.4
2025-01-06,Pune,61,0.2,36.0,5.4,Cloudy,0,32.9
2025-01-07,Pune,69,50.1,28.2,7.2,Heavy Rain,0,27.3
2025-08-01,Pune,28,0.1,34.4,10.4,Clear,0,20.6
2025-09-01,Pune,90,79.4,34.9,4.5,Rain,0,25.2
2025-01-10,Pune,30,79.2,31.9,11.7,Rain,1,28.5
2025-11-01,Pune,97,0.4,30.3,4.7,Clear,0,28.4
2025-12-01,Pune,83,0.1,26.9,11.4,Clear,0,25.1
2025-01-13,Pune,34,0.8,26.7,5.0,Clear,0,23.2
2025-01-14,Pune,98,0.9,17.5,11.9,Clear,0,26.5
2025-01-15,Pune,64,0.1,21.8,4.1,Sunny,0,23.2
2025-01-16,Pune,69,56.8,24.7,7.6,Heavy Rain,0,23.5
2025-01-17,Pune,65,0.9,44.9,4.2,Sunny,0,25.3
2025-01-18,Pune,64,12.7,16.4,11.0,Rain,0,24.5
2025-01-19,Pune,37,84.7,35.4,7.1,Rain,0,27.0
2025-01-20,Pune,55,0.5,14.2,9.1,Cloudy,0,27.6
2025-01-21,Pune,60,0.2,25.5,7.3,Clear,0,23.9
2025-01-22,Pune,94,0.9,,7.1,Clear,0,25.4
2025-01-23,Pune,55,1.1,14.5,11.6,Clear,0,16.72222222222222
2025-01-24,Pune,74,0.1,44.1,7.5,Clear,0,28.1
2025-01-25,Pune,49,0.9,6.9,10.3,Clear,0,24.4
2025-01-26,Pune,64,1.9,40.5,8.7,Sunny,0,31.4
2025-01-27,Pune,42,1.0,3.4,8.7,Clear,0,28.0
2025-01-28,Pune,54,0.9,28.4,7.9,Sunny,0,27.5
2025-01-29,Pune,34,1.2,27.7,8.0,Clear,0,27.3
2025-01-30,Pune,68,98.8,32.4,9.5,Rain,0,24.3
2025-01-31,Pune,38,0.2,2.8,11.4,Cloudy,0,33.0
2025-01-02,Pune,29,72.0,13.3,9.2,Rain,1,35.5
2025-02-02,Pune,79,71.7,41.4,10.0,Rain,1,31.444444444444443
2025-02-03,Pune,95,53.3,4.8,9.3,Rain,0,27.4
2025-02-04,Pune,41,1.1,11.5,11.1,Clear,0,30.0
2025-02-05,Pune,67,1.3,44.1,10.8,Clear,0,26.4
2025-02-06,Pune,53,83.0,30.0,6.2,Rain,1,25.055555555555554
2025-02-07,Pune,72,0.7,30.6,6.6,Cloudy,0,24.388888888888893
2025-08-02,Pune,85,0.0,35.3,5.9,Clear,0,29.8
2025-09-02,Pune,76,9.2,8.2,8.8,Rain,1,24.5
2025-02-10,Pune,72,1.7,13.9,10.8,Cloudy,0,30.2
2025-11-02,Pune,93,0.7,20.6,10.2,Cloudy,0,30.666666666666668
2025-12-02,Pune,90,1.5,3.1,7.1,Clear,0,32.1
2025-02-13,Pune,91,1.8,15.8,5.8,Clear,0,35.0
2025-02-14,Pune,96,108.5,12.4,4.1,Rain,1,31.7
2025-02-15,Pune,64,0.7,13.8,9.3,Clear,0,25.0
2025-02-16,Pune,45,1.5,43.7,10.4,Clear,0,37.4
2025-02-17,Pune,37,1.1,28.1,7.9,Cloudy,0,28.8
2025-02-18,Pune,unknown,0.9,39.6,11.2,Clear,0,30.8
2025-02-19,Pune,50,1.4,33.1,7.7,Cloudy,0,24.3
2025-02-20,Pune,30,1.3,25.6,10.6,Cloudy,0,28.2
2025-02-21,Pune,62,0.9,24.9,4.8,Cloudy,0,
2025-02-22,Pune,97,0.4,34.5,5.7,Clear,0,28.5
2025-02-23,Pune,36,1.6,33.2,1.0,Fog,0,22.5
2025-02-24,Pune,50,71.7,7.1,9.2,Rain,0,
2025-02-25,Pune,67,0.1,11.6,10.6,Cloudy,0,30.4
2025-02-26,Pune,67,23.0,22.5,8.2,Rain,1,30.1
2025-02-27,Pune,59,0.1,26.3,5.7,Cloudy,0,28.3
2025-02-28,Pune,36,2.0,43.2,10.2,Clear,0,27.333333333333332
2025-01-03,Pune,98,54.3,36.3,11.0,Thunderstorm,1,29.4
2025-02-03,Pune,78,1.4,33.5,11.0,Sunny,0,31.7
2025-03-03,Pune,43,98.9,43.6,10.7,Rain,0,32.4
2025-03-04,Pune,29,0.3,15.1,5.5,Sunny,0,31.6
2025-05-03,Pune,66,0.8,23.3,9.4,Cloudy,0,34.3
2025-06-03,Pune,80,1.0,2.0,10.5,Sunny,0,32.7
2025-03-07,Pune,80,0.3,28.5,11.4,Cloudy,0,31.4
2025-03-08,Pune,90,0.5,40.5,8.3,Cloudy,0,31.8
2025-03-09,Pune,91,8.1,8.2,6.5,Thunderstorm,0,33.22222222222222
2025-10-03,Pune,39,1.1,16.1,2.8,Fog,0,30.8
2025-11-03,Pune,54,1.9,41.5,8.2,Clear,0,28.6
2025-12-03,Pune,65,0.5,33.8,9.7,Clear,0,27.3
2025-03-13,Pune,90,0.5,18.4,10.8,Cloudy,0,31.2
2025-03-14,Pune,48,52.9,29.4,8.2,Heavy Rain,1,31.8
2025-03-15,Pune,32,0.6,22.0,11.0,Clear,0,33.7
2025-03-16,Pune,67,22.9,17.9,7.4,Rain,0,32.0
2025-03-17,Pune,75,1.9,6.7,9.5,Clear,0,32.2
2025-03-18,Pune,33,0.6,33.6,12.0,Sunny,0,34.72222222222222
2025-03-19,Pune,44,1.9,20.7,6.5,Sunny,0,36.8
2025-03-20,Pune,52,34.7,6.1,11.1,Heavy Rain,0,32.2
2025-03-21,Pune,81,1.7,20.7,8.6,Sunny,0,32.8
2025-03-22,Pune,46,1.0,33.5,11.0,Cloudy,0,31.9
2025-03-23,Pune,94,93.5,24.7,4.2,Rain,0,28.8
2025-03-24,Pune,82,0.5,35.4,6.8,Clear,0,35.55555555555556
2025-03-25,Pune,31,0.0,24.5,9.2,Sunny,0,31.5
2025-03-26,Pune,86,106.4,25.9,9.0,Rain,0,
2025-03-27,Pune,29,1.3,38.8,5.5,Clear,0,34.94444444444444
2025-03-28,Pune,48,0.7,4.7,7.6,Cloudy,0,33.8
2025-03-29,Pune,50,56.2,37.1,9.6,Rain,0,90.2
2025-03-30,Pune,35,1.4,7.2,2.5,Fog,0,33.9
2025-03-31,Pune,44,0.1,24.1,10.8,Clear,0,28.5
2025-04-01,Pune,89,1.6,16.9,11.9,Sunny,0,30.8
2025-02-04,Pune,64,0.2,33.4,7.6,Sunny,0,28.4
2025-04-04,Pune,29,0.9,42.3,8.8,Clear,0,34.2
2025-04-05,Pune,59,102.3,44.8,6.4,Rain,1,29.3
2025-06-04,Pune,42,0.9,38.2,10.5,Sunny,0,31.7
2025-07-04,Pune,96,19.2,9.0,10.5,Rain,0,97.3
2025-04-08,Pune,68,90.8,27.2,6.4,Heavy Rain,0,31.7
2025-09-04,Pune,60,1.1,35.9,4.7,Clear,0,34.3
2025-10-04,Pune,58,1.1,6.4,7.1,Cloudy,0,32.3
2025-04-11,Pune,96,0.9,34.9,7.3,Sunny,0,29.8
2025-04-12,Pune,51,0.4,10.3,8.0,Clear,0,33.9
2025-04-13,Pune,64,1.1,33.3,5.3,Clear,0,34.1
2025-04-14,Pune,59,0.6,35.9,9.6,Clear,0,32.4
2025-04-15,Pune,,0.9,21.8,10.6,Cloudy,0,35.1
2025-04-16,Pune,69,83.5,34.5,8.7,Heavy Rain,0,31.1
2025-04-17,Pune,78,0.1,19.8,8.1,Clear,0,32.8
2025-04-18,Pune,94,71.7,15.4,9.4,Thunderstorm,1,27.7
2025-04-20,Pune,58,0.2,11.7,10.1,Clear,0,27.6
2025-04-21,Pune,90,1.8,12.3,4.1,Cloudy,0,30.2
2025-04-22,Pune,89,101.9,14.4,8.9,Rain,1,28.1
2025-04-23,Pune,64,29.4,12.8,10.5,Heavy Rain,1,34.1
2025-04-24,Pune,61,27.9,31.6,10.9,Heavy Rain,0,38.8
2025-04-25,Pune,93,0.0,26.5,5.6,Cloudy,0,30.8
2025-04-26,Pune,31,1.2,28.2,4.4,Sunny,0,30.0
2025-04-27,Pune,32,1.4,34.5,5.4,Clear,0,32.1
2025-04-28,Pune,96,0.8,28.4,9.8,Clear,0,27.4
2025-04-29,Pune,33,1.8,7.1,0.6,Fog,0,32.6
2025-04-30,Pune,72,0.9,10.0,0.4,Fog,0,33.6
2025-01-05,Pune,35,49.0,39.4,8.3,Thunderstorm,1,27.3
2025-05-02,Pune,30,1.6,25.1,10.5,Cloudy,0,32.0
2025-05-03,Pune,56,50.9,21.1,8.8,Heavy Rain,0,26.9
2025-04-05,Pune,81,0.6,25.0,10.8,Clear,0,28.0
2025-05-05,Pune,52,1.7,17.6,5.1,Clear,0,30.0
2025-06-05,Pune,82,112.6,32.9,8.7,Rain,0,31.5
2025-07-05,Pune,41,0.4,34.1,10.5,Cloudy,0,80.7
2025-08-05,Pune,55,0.5,20.8,10.0,Clear,0,31.2
2025-05-10,Pune,98,1.5,44.7,5.0,Clear,0,30.5
2025-05-11,Pune,37,0.3,3.0,9.3,Clear,0,
2025-05-12,Pune,72,0.7,10.2,4.7,Sunny,0,31.333333333333332
2025-05-14,Pune,82,15.1,27.1,8.9,Rain,0,30.0
2025-05-15,Pune,77,84.9,4.4,5.3,Rain,0,32.2
2025-05-16,Pune,55,105.3,25.1,8.8,Heavy Rain,0,23.5
2025-05-17,Pune,80,90.7,4.2,5.9,Heavy Rain,1,31.0
2025-05-18,Pune,70,0.7,42.7,6.8,Cloudy,0,32.0
2025-05-19,Pune,71,1.5,14.5,1.2,Fog,0,23.7
2025-05-20,Pune,37,57.6,14.1,10.0,Heavy Rain,1,29.5
2025-05-21,Pune,59,1.3,3.1,8.5,Clear,0,25.4
2025-05-22,Pune,42,1.9,  ,7.8,Clear,0,32.5
2025-05-23,Pune,64,1.1,34.2,5.9,Sunny,0,28.7
2025-05-24,Pune,96,0.0,38.5,11.4,Clear,0,29.5
2025-05-25,Pune,69,52.6,6.7,4.6,Thunderstorm,0,33.1
2025-05-26,Pune,74,94.1,17.6,11.4,Rain,0,27.77777777777778
2025-05-27,Pune,81,0.7,25.6,7.9,Cloudy,0,35.1
2025-05-28,Pune,91,0.1,8.2,6.1,Sunny,0,25.555555555555557
2025-05-29,Pune,57,99.2,21.3,6.5,Thunderstorm,0,27.3
2025-05-30,Pune,,1.2,21.3,5.6,Sunny,0,30.2
2025-05-31,Pune,66,89.0,29.4,4.7,Rain,0,29.5
2025-06-01,Pune,69,46.8,9.7,4.4,Heavy Rain,0,34.2
2025-02-06,Pune,38,34.9,39.3,7.0,Rain,1,25.666666666666668
2025-06-03,Pune,72,1.3,25.4,9.2,Clear,0,28.8
2025-04-06,Pune,33,0.1,15.2,6.4,Clear,0,29.8
2025-05-06,Pune,75,1.1,14.2,11.6,Clear,0,25.1
2025-06-06,Pune,40,1.7,3.8,5.3,Clear,0,25.5
2025-07-06,Pune,39,60.5,36.7,10.1,Rain,0,23.7
2025-06-08,Pune,42,0.1,25.4,4.3,Clear,0,24.9
2025-09-06,Pune,28,0.8,5.3,9.4,Sunny,0,26.7
2025-06-10,Pune,45,1.8,43.6,9.3,Clear,0,33.2
2025-06-11,Pune,92,115.1,38.9,9.5,Rain,1,22.6
2025-06-12,Pune,67,0.8,17.4,7.6,Cloudy,0,27.4
2025-06-13,Pune,,108.2,18.4,8.8,Heavy Rain,1,30.944444444444443
2025-06-14,Pune,60,1.4,5.4,6.1,Cloudy,0,27.4
2025-06-15,Pune,46,1.0,11.6,6.1,Clear,0,21.0
2025-06-16,Pune,94,0.1,13.7,12.0,Cloudy,0,31.6
2025-06-17,Pune,60,91.0,19.7,7.5,Rain,1,29.7
2025-06-18,Pune,33,110.4,8.6,10.4,Rain,0,27.8
2025-06-19,Pune,74,0.5,33.7,11.7,Clear,0,26.4
2025-06-20,Pune,71,1.8,11.1,7.7,Clear,0,29.9
2025-06-21,Pune,42,0.3,36.4,5.3,Clear,0,19.5
2025-06-22,Pune,49,12.3,32.0,9.6,Rain,0,22.8
2025-06-23,Pune,41,1.3,27.6,7.5,Cloudy,0,27.8
2025-06-24,Pune,unknown,1.5,37.8,6.9,Cloudy,0,32.1
2025-06-25,Pune,66,1.1,26.1,4.6,Clear,0,25.3
2025-06-26,Pune,29,1.0,14.7,10.1,Cloudy,0,23.8
2025-06-27,Pune,97,26.9,22.6,6.3,Rain,0,24.6
2025-06-28,Pune,,85.3,2.7,10.4,Rain,1,23.0
2025-06-29,Pune,85,0.3,24.9,5.5,Sunny,0,19.1
2025-06-30,Pune,80,0.7,20.0,7.1,Sunny,0,24.5
2025-07-01,Pune,39,0.4,6.8,8.4,Clear,0,26.2
2024-01-01,Delhi,73,1.7,29.3,6.8,Clear,0,25.4
2024-01-02,Delhi,86,1.1,unknown,4.5,Cloudy,0,26.6
2024-03-01,Delhi,30,1.8,30.6,10.5,Cloudy,0,25.3
2024-04-01,Delhi,92,0.9,21.2,9.1,Clear,0,23.1
2024-01-05,Delhi,40,0.6,31.4,4.4,Clear,0,22.38888888888889
2024-01-06,Delhi,,0.5,21.3,4.9,Cloudy,0,15.0
2024-07-01,Delhi,29,103.5,10.2,4.1,Thunderstorm,0,24.3
2024-08-01,Delhi,38,0.2,12.6,5.2,Clear,0,24.1
2024-09-01,Delhi,79,0.6,42.4,4.5,Sunny,0,29.9
2024-01-10,Delhi,44,20.1,44.6,4.7,Rain,0,27.1
2024-11-01,Delhi,90,109.8,23.0,8.9,Rain,0,25.8
2024-12-01,Delhi,50,0.2,12.6,6.3,Cloudy,0,24.8
2024-01-13,Delhi,64,0.2,29.1,4.1,Clear,0,27.7
2024-01-14,Delhi,85,0.2,6.3,9.1,Sunny,0,
2024-01-15,Delhi,53,1.1,16.8,7.8,Clear,0,32.5
2024-01-16,Delhi,85,0.6,31.1,5.3,Clear,0,22.7
2024-01-17,Delhi,87,1.7,41.9,7.1,Cloudy,0,26.4
2024-01-18,Delhi,37,0.1,6.1,4.8,Clear,0,24.111111111111114
2024-01-19,Delhi,97,1.7,33.1,5.1,Clear,0,24.8
2024-01-20,Delhi,82,97.1,25.1,8.8,Heavy Rain,0,
2024-01-21,Delhi,74,112.3,42.2,8.0,Rain,1,26.7
2024-01-22,Delhi,96,0.5,12.8,4.1,Clear,0,23.2
2024-01-23,Delhi,97,0.2,37.1,8.6,Sunny,0,25.0
2024-01-24,Delhi,91,105.9,21.6,10.0,Rain,0,29.6
2024-01-25,Delhi,54,0.2,38.5,9.8,Clear,0,75.6
2024-01-26,Delhi,42,111.0,18.6,11.1,Rain,0,74.3
2024-01-27,Delhi,79,55.3,39.7,10.9,Rain,0,25.2
2024-01-28,Delhi,37,1.7,17.2,7.0,Clear,0,28.7
2024-01-29,Delhi,92,1.8,37.8,4.7,Sunny,0,22.3
2024-01-30,Delhi,68,26.9,28.7,9.7,Rain,1,33.9
2024-01-31,Delhi,44,2.0,18.9,8.0,Clear,0,27.2
2024-02-01,Delhi,82,0.3,4.7,11.8,Clear,0,26.9
2024-02-02,Delhi,45,1.5,11.7,4.1,Clear,0,24.9
2024-02-03,Delhi,53,1.0,34.0,4.9,Clear,0,28.7
2024-02-04,Delhi,50,1.3,28.3,1.5,Fog,0,28.7
2024-05-02,Delhi,68,1.4,43.1,9.4,Cloudy,0,24.1
2024-02-06,Delhi,46,0.7,11.6,11.9,Cloudy,0,28.4
2024-07-02,Delhi,57,0.1,6.4,5.5,Clear,0,31.9
2024-02-08,Delhi,87,67.7,35.9,11.5,Rain,0,25.3
2024-02-09,Delhi,46,1.7,34.2,7.0,Clear,0,30.8
2024-02-10,Delhi,74,0.3,29.7,4.1,Clear,0,29.7
2024-02-11,Delhi,86,0.5,36.3,6.2,Clear,0,33.5
2024-02-12,Delhi,64,1.0,19.5,11.7,Clear,0,26.9
2024-02-13,Delhi,81,1.8,20.3,5.4,Clear,0,26.9
2024-02-14,Delhi,38,0.5,39.9,10.0,Cloudy,0,26.9
2024-02-15,Delhi,91,70.8,2.9,7.4,Heavy Rain,0,32.0
2024-02-16,Delhi,33,1.8,41.8,11.0,Clear,0,26.4
2024-02-17,Delhi,68,1.5,39.6,11.2,Cloudy,0,34.6
2024-02-18,Delhi,29,44.7,38.6,9.7,Rain,0,29.8
2024-02-19,Delhi,,19.9,31.1,6.9,Rain,1,31.0
2024-02-20,Delhi,74,72.6,3.1,11.6,Rain,1,24.2
2024-02-21,Delhi,30,1.3,29.7,10.8,Clear,0,89.5
2024-02-22,Delhi,87,0.5,38.9,11.6,Cloudy,0,33.4
2024-02-23,Delhi,28,1.9,42.8,9.9,Clear,0,31.5
2024-02-24,Delhi,50,1.0,28.2,9.4,Sunny,0,31.7
2024-02-25,Delhi,87,82.8,36.1,6.2,Rain,0,24.9
2024-02-26,Delhi,47,59.6,17.1,5.8,Rain,1,33.1
2024-02-27,Delhi,82,0.8,9.3,10.7,Clear,0,29.1
2024-02-28,Delhi,82,98.1,37.2,4.8,Rain,0,29.7
2024-02-29,Delhi,98,99.9,12.5,11.9,Thunderstorm,0,23.3
2024-01-03,Delhi,31,119.0,20.9,6.9,Rain,0,29.0
2024-02-03,Delhi,30,0.5,21.7,9.2,Clear,0,31.7
2024-03-03,Delhi,53,74.4,35.7,7.6,Rain,1,28.2
2024-04-03,Delhi,32,14.4,33.0,8.4,Rain,1,27.4
2024-05-03,Delhi,69,0.3,9.5,11.6,Cloudy,0,36.1
2024-03-06,Delhi,96,21.3,4.5,7.7,Rain,1,34.4
2024-07-03,Delhi,56,1.2,11.2,8.9,Cloudy,0,28.5
2024-08-03,Delhi,51,0.4,42.4,8.7,Cloudy,0,26.9
2024-09-03,Delhi,43,0.0,25.2,6.2,Clear,0,30.2
2024-10-03,Delhi,62,91.4,2.3,5.1,Rain,0,31.1
2024-11-03,Delhi,78,22.0,31.5,11.6,Thunderstorm,1,29.3
2024-03-12,Delhi,93,0.2,38.6,9.0,Cloudy,0,28.22222222222222
2024-03-13,Delhi,56,0.1,17.7,9.3,Clear,0,30.3
2024-03-14,Delhi,92,1.5,14.5,0.6,Fog,0,32.3
2024-03-15,Delhi,53,0.7,4.6,8.4,Clear,0,29.0
2024-03-16,Delhi,70,1.6,19.7,10.9,Cloudy,0,35.6
2024-03-17,Delhi,38,0.5,25.6,11.9,Sunny,0,32.3
2024-03-18,Delhi,unknown,0.6,13.5,0.8,Fog,0,30.8
2024-03-19,Delhi,89,1.3,8.0,9.6,Clear,0,33.7
2024-03-20,Delhi,45,10.8,23.3,5.9,Rain,0,34.4
2024-03-21,Delhi,93,0.4,30.7,5.8,Sunny,0,35.5
2024-03-22,Delhi,31,1.1,3.9,4.2,Cloudy,0,30.4
2024-03-23,Delhi,61,1.5,29.1,8.7,Cloudy,0,33.0
2024-03-24,Delhi,51,1.2,26.3,12.0,Clear,0,27.1
2024-03-25,Delhi,98,0.3,16.4,4.8,Clear,0,34.8
2024-03-26,Delhi,64,0.7,33.1,11.6,Sunny,0,33.4
2024-03-27,Delhi,59,1.5,21.4,7.8,Clear,0,29.8
2024-03-28,Delhi,81,0.5,18.2,9.5,Cloudy,0,32.6
2024-03-29,Delhi,69,1.6,3.6,4.4,Clear,0,34.2
2024-03-30,Delhi,97,1.3,28.1,4.1,Clear,0,28.8
2024-03-31,Delhi,65,1.1,5.6,2.5,Fog,0,30.38888888888889
2024-04-01,Delhi,35,1.8,35.8,7.8,Clear,0,28.7
2024-02-04,Delhi,98,109.2,7.3,4.8,Rain,0,27.2
2024-03-04,Delhi,31,1.9,9.1,8.9,Clear,0,35.3
2024-04-04,Delhi,72,1.5,25.3,11.0,Clear,0,28.8
2024-04-05,Delhi,73,116.5,24.0,10.3,Heavy Rain,0,37.4
2024-04-06,Delhi,35,0.5,21.7,5.3,Clear,0,30.3
2024-04-07,Delhi,56,1.9,33.5,8.3,Cloudy,0,35.3
2024-04-08,Delhi,57,0.1,16.6,5.6,Clear,0,34.44444444444444
2024-09-04,Delhi,90,2.0,19.0,5.3,Clear,0,
2024-10-04,Delhi,82,0.0,31.1,4.8,Clear,0,35.5
2024-11-04,Delhi,80,1.7,10.2,8.2,Clear,0,28.9
2024-12-04,Delhi,54,118.9,5.0,4.9,Heavy Rain,0,34.0
2024-04-13,Delhi,40,0.5,13.0,6.2,Clear,0,36.05555555555556
2024-04-14,Delhi,92,1.8,13.2,11.9,Clear,0,32.0
2024-04-15,Delhi,98,0.7,25.2,2.2,Fog,0,35.4
2024-04-16,Delhi,52,0.9,24.0,12.0,Clear,0,40.666666666666664
2024-04-17,Delhi,75,74.5,25.9,4.6,Heavy Rain,0,35.7
2024-04-19,Delhi,85,0.4,34.0,10.6,Clear,0,31.5
2024-04-20,Delhi,78,5.7,18.7,5.9,Rain,1,30.2
2024-04-21,Delhi,66,15.6,34.3,5.4,Heavy Rain,1,32.0
2024-04-22,Delhi,95,20.9,43.9,10.9,Thunderstorm,0,26.8
2024-04-23,Delhi,46,1.9,34.2,11.9,Clear,0,27.6
2024-04-24,Delhi,62,0.1,12.7,8.9,Cloudy,0,35.6
2024-04-25,Delhi,55,50.0,20.0,5.5,Heavy Rain,0,32.3
2024-04-26,Delhi,85,0.9,14.8,8.5,Cloudy,0,29.9
2024-04-27,Delhi,43,0.9,15.6,10.8,Sunny,0,30.8
2024-04-28,Delhi,42,0.3,7.3,1.4,Fog,0,31.6
2024-04-29,Delhi,80,2.0,38.9,7.3,Clear,0,32.2
2024-04-30,Delhi,49,0.6,22.2,1.8,Fog,0,31.8
2024-02-05,Delhi,40,107.2,36.7,10.4,Thunderstorm,0,29.2
2024-05-03,Delhi,31,0.2,24.6,10.6,Clear,0,34.4
2024-04-05,Delhi,67,1.5,40.9,9.4,Clear,0,25.0
2024-05-05,Delhi,72,51.5,24.7,6.1,Rain,0,20.4
2024-05-06,Delhi,57,0.7,6.4,1.2,Fog,0,27.666666666666668
2024-05-07,Delhi,34,1.6,29.4,6.0,Clear,0,32.9
2024-08-05,Delhi,78,0.8,42.0,8.9,Cloudy,0,26.6
2024-09-05,Delhi,29,80.3,44.6,5.8,Rain,0,26.5
2024-10-05,Delhi,51,35.8,35.2,7.8,Heavy Rain,1,32.1
2024-05-12,Delhi,76,1.3,12.8,2.2,Fog,0,33.9
2024-05-13,Delhi,97,1.2,7.6,6.7,Cloudy,0,27.3
2024-05-14,Delhi,54,53.3,28.5,9.4,Rain,0,31.7
2024-05-15,Delhi,33,105.1,30.3,9.5,Rain,0,30.7
2024-05-16,Delhi,73,1.3,15.6,1.7,Fog,0,27.8
2024-05-17,Delhi,76,74.4,10.4,7.5,Rain,0,33.8
2024-05-18,Delhi,33,2.0,29.9,7.6,Sunny,0,36.0
2024-05-19,Delhi,47,10.9,6.4,8.1,Rain,0,29.0
2024-05-20,Delhi,40,79.8,19.1,6.5,Rain,0,32.8
2024-05-21,Delhi,32,1.0,40.2,9.8,Clear,0,27.2
2024-05-22,Delhi,33,0.3,28.1,11.9,Clear,0,30.3
2024-05-23,Delhi,57,35.9,18.1,8.1,Rain,1,25.8
2024-05-24,Delhi,29,0.0,44.4,4.7,Sunny,0,27.1
2024-05-25,Delhi,95,1.9,12.1,8.5,Clear,0,31.1
2024-05-26,Delhi,36,61.8,32.4,8.0,Rain,1,
2024-05-27,Delhi,68,77.6,11.3,8.8,Heavy Rain,1,30.444444444444443
2024-05-28,Delhi,37,0.1,31.3,9.4,Clear,0,26.8
2024-05-29,Delhi,95,0.6,14.9,4.7,Cloudy,0,32.333333333333336
2024-05-30,Delhi,57,28.8,5.2,8.1,Rain,0,31.4
2024-05-31,Delhi,82,0.0,33.9,10.6,Sunny,0,33.05555555555556
2024-01-06,Delhi,69,112.8,31.0,7.4,Thunderstorm,0,28.6
2024-02-06,Delhi,75,70.2,11.0,9.7,Rain,0,31.4
2024-03-06,Delhi,64,0.2,34.5,9.7,Clear,0,33.2
2024-06-04,Delhi,67,1.5,35.8,7.5,Cloudy,0,28.6
2024-06-05,Delhi,,1.0,41.6,12.0,Cloudy,0,79.6
2024-06-06,Delhi,64,0.9,4.4,4.2,Cloudy,0,31.4
2024-07-06,Delhi,39,0.5,35.0,12.0,Sunny,0,27.11111111111111
2024-06-08,Delhi,37,0.5,6.1,8.4,Cloudy,0,30.1
2024-09-06,Delhi,62,0.2,21.7,11.9,Sunny,0,28.5
2024-10-06,Delhi,59,0.2,16.6,2.1,Fog,0,26.7
2024-06-11,Delhi,,1.8,16.3,2.9,Fog,0,83.2
2024-06-12,Delhi,74,0.8,22.7,7.9,Clear,0,
2024-06-13,Delhi,96,0.7,29.5,1.9,Fog,0,23.1
2024-06-14,Delhi,52,1.8,25.3,7.3,Clear,0,27.4
2024-06-15,Delhi,,0.9,27.3,5.7,Cloudy,0,23.6
2024-06-16,Delhi,53,1.3,33.7,5.1,Clear,0,24.0
2024-06-17,Delhi,53,0.6,6.7,4.7,Clear,0,19.66666666666667
2024-06-18,Delhi,42,1.2,26.4,10.6,Cloudy,0,23.6
2024-06-19,Delhi,68,0.7,23.4,6.4,Clear,0,25.8
2024-06-20,Delhi,36,1.0,25.4,4.8,Clear,0,29.3
2024-06-21,Delhi,41,0.4,10.4,8.4,Cloudy,0,21.1
2024-06-22,Delhi,82,0.9,17.9,10.5,Clear,0,22.6
2024-06-23,Delhi,37,1.7,9.7,7.1,Clear,0,23.1
2024-06-24,Delhi,91,2.0,12.3,5.4,Clear,0,21.1
2024-06-25,Delhi,89,0.4,20.9,11.7,Cloudy,0,25.38888888888889
2024-06-26,Delhi,73,1.3,31.9,10.9,Clear,0,23.0
2024-06-27,Delhi,56,0.5,13.3,4.5,Clear,0,27.4
2024-06-28,Delhi,84,81.4,26.2,8.5,Thunderstorm,0,20.5
2024-06-29,Delhi,33,1.2,43.7,10.5,Clear,0,28.5
2024-06-30,Delhi,41,6.1,4.9,7.3,Rain,1,70.3
2024-07-01,Delhi,72,82.8,25.2,6.3,Rain,0,33.2
2024-07-02,Delhi,56,1.9,27.8,6.0,Clear,0,23.4
2024-07-03,Delhi,,1.7,26.6,9.0,Cloudy,0,22.5
2024-04-07,Delhi,67,1.8,34.8,7.6,Clear,0,22.3
2024-05-07,Delhi,81,0.7,43.4,1.8,Fog,0,22.2
2024-07-06,Delhi,33,0.1,30.3,7.4,Cloudy,0,29.0
2024-07-07,Delhi,57,1.5,4.0,11.6,Clear,0,26.944444444444443
2024-07-08,Delhi,83,0.2,38.9,11.5,Clear,0,26.1
2024-07-09,Delhi,33,53.8,11.9,4.2,Rain,0,25.6
2024-10-07,Delhi,65,84.6,unknown,9.2,Heavy Rain,0,26.1
2024-07-11,Delhi,70,2.0,39.1,10.1,Cloudy,0,27.4
2024-07-12,Delhi,44,0.5,10.2,10.5,Clear,0,27.7
2024-07-13,Delhi,70,0.1,14.5,7.2,Clear,0,25.1
2024-07-14,Delhi,31,1.0,30.5,5.5,Clear,0,25.0
2024-07-15,Delhi,63,1.7,,11.8,Sunny,0,25.7
2024-07-16,Delhi,58,1.3,34.7,7.9,Sunny,0,19.5
2024-07-17,Delhi,47,0.3,42.7,10.1,Clear,0,26.166666666666664
2024-07-18,Delhi,79,2.0,3.2,7.2,Clear,0,27.3
2024-07-19,Delhi,65,1.1,5.9,6.0,Clear,0,26.4
2024-07-20,Delhi,97,110.5,41.7,11.7,Rain,1,22.7
2024-07-21,Delhi,29,0.6,4.7,6.9,Clear,0,
2024-07-22,Delhi,64,85.3,28.2,8.1,Heavy Rain,0,25.0
2024-07-23,Delhi,87,1.0,40.9,2.9,Fog,0,
2024-07-24,Delhi,96,1.6,13.6,1.3,Fog,0,20.3
2024-07-25,Delhi,76,1.4,10.2,6.7,Cloudy,0,18.3
2024-07-26,Delhi,81,0.2,5.3,6.6,Cloudy,0,19.6
2024-07-27,Delhi,35,110.7,37.1,10.8,Rain,0,22.8
2024-07-28,Delhi,82,0.6,25.1,4.6,Clear,0,20.7
2024-07-29,Delhi,66,0.6,13.7,8.7,Clear,0,16.7
2024-07-30,Delhi,75,0.0,9.4,10.1,Clear,0,23.3
2024-07-31,Delhi,64,1.5,4.0,9.8,Cloudy,0,21.7
2024-08-01,Delhi,65,0.5,36.8,9.3,Cloudy,0,17.7
2024-02-08,Delhi,83,69.3,7.9,4.6,Rain,0,19.1
2024-08-03,Delhi,73,62.8,17.7,9.6,Heavy Rain,0,
2024-08-04,Delhi,91,14.6,18.8,5.8,Thunderstorm,1,24.0
2024-05-08,Delhi,65,0.2,16.0,10.3,Clear,0,18.9
2024-08-06,Delhi,53,1.5,28.8,4.0,Clear,0,19.1
2024-08-07,Delhi,71,0.4,7.8,11.7,Sunny,0,26.0
2024-08-08,Delhi,60,0.1,4.2,4.9,Clear,0,69.4
2024-08-09,Delhi,95,54.3,29.0,9.0,Thunderstorm,0,16.3
2024-08-10,Delhi,32,1.0,22.3,9.5,Clear,0,18.7
2024-08-11,Delhi,60,33.9,38.4,8.2,Thunderstorm,0,19.5
2024-08-12,Delhi,78,1.7,32.6,4.5,Clear,0,18.8
2024-08-13,Delhi,96,1.2,16.1,8.7,Cloudy,0,13.7
2024-08-14,Delhi,71,1.9,12.7,7.0,Clear,0,21.4
2024-08-15,Delhi,91,1.1,8.4,8.9,Clear,0,14.8
2024-08-16,Delhi,43,1.6,16.9,7.2,Cloudy,0,21.5
2024-08-17,Delhi,71,0.4,33.9,5.8,Cloudy,0,15.3
2024-08-18,Delhi,56,0.4,4.9,11.7,Clear,0,15.8
2024-08-19,Delhi,57,1.1,30.2,11.1,Clear,0,13.2
2024-08-20,Delhi,29,76.1,12.8,7.2,Rain,0,17.8
2024-08-21,Delhi,28,1.8,14.4,10.8,Clear,0,17.9
2024-08-22,Delhi,87,0.5,23.8,2.3,Fog,0,19.4
2024-08-23,Delhi,92,0.5,24.1,6.6,Cloudy,0,18.3
2024-08-24,Delhi,93,54.5,42.2,11.2,Rain,1,18.0
2024-08-25,Delhi,35,1.2,15.4,4.3,Clear,0,14.5
2024-08-26,Delhi,29,84.0,43.1,6.8,Heavy Rain,0,19.4
2024-08-27,Delhi,62,1.4,21.7,4.5,Clear,0,11.3
2024-08-28,Delhi,48,1.9,13.2,5.1,Clear,0,17.4
2024-08-29,Delhi,67,0.7,43.8,9.8,Cloudy,0,23.9
2024-08-30,Delhi,54,50.7,40.3,7.6,Rain,0,19.4
2024-08-31,Delhi,36,105.7,36.3,10.8,Rain,0,17.9
2024-01-09,Delhi,84,1.3,  ,2.3,Fog,0,20.1
2024-09-02,Delhi,88,31.9,29.8,4.6,Thunderstorm,0,
2024-03-09,Delhi,89,1.7,4.0,9.8,Cloudy,0,14.3
2024-09-04,Delhi,84,0.7,35.4,6.5,Sunny,0,19.1
2024-09-05,Delhi,80,0.8,41.8,10.8,Clear,0,18.6
2024-09-06,Delhi,58,87.2,43.9,11.3,Rain,0,58.7
2024-09-07,Delhi,72,1.2,2.6,4.3,Clear,0,19.0
2024-09-08,Delhi,79,0.5,33.7,8.3,Cloudy,0,14.9
2024-09-09,Delhi,79,0.1,3.1,8.3,Clear,0,14.7
2024-10-09,Delhi,67,1.2,5.4,5.9,Clear,0,16.0
2024-09-11,Delhi,96,0.3,34.3,8.4,Sunny,0,15.11111111111111
2024-09-12,Delhi,70,2.0,28.9,4.1,Clear,0,21.2
2024-09-13,Delhi,61,115.4,24.0,6.4,Heavy Rain,0,17.5
2024-09-14,Delhi,98,0.6,33.1,1.3,Fog,0,18.7
2024-09-15,Delhi,57,1.2,19.5,9.7,Clear,0,11.555555555555554
2024-09-16,Delhi,36,87.5,9.1,11.1,Rain,0,15.9
2024-09-17,Delhi,49,1.4,6.9,7.2,Clear,0,16.7
2024-09-18,Delhi,61,0.8,13.4,6.9,Clear,0,16.7
2024-09-19,Delhi,70,1.1,27.4,0.6,Fog,0,18.3
2024-09-20,Delhi,93,0.5,17.2,11.9,Cloudy,0,13.5
2024-09-21,Delhi,46,1.5,19.5,11.3,Clear,0,17.4
2024-09-22,Delhi,95,1.9,16.5,4.4,Cloudy,0,17.0
2024-09-23,Delhi,50,0.1,43.4,6.2,Clear,0,19.1
2024-09-24,Delhi,54,115.8,30.8,8.9,Rain,0,17.0
2024-09-25,Delhi,66,64.0,31.0,5.6,Thunderstorm,0,17.8
2024-09-26,Delhi,61,0.8,10.8,7.8,Cloudy,0,13.0
2024-09-28,Delhi,43,1.0,5.2,9.1,Clear,0,17.2
2024-09-29,Delhi,31,1.0,31.9,7.4,Cloudy,0,16.444444444444443
2024-09-30,Delhi,37,0.8,15.9,4.4,Cloudy,0,17.4
2024-02-10,Delhi,72,14.2,33.8,7.2,Rain,0,15.0
2024-03-10,Delhi,89,0.0,35.7,9.9,Cloudy,0,17.0
2024-04-10,Delhi,59,0.3,34.6,5.3,Cloudy,0,14.4
2024-05-10,Delhi,56,110.0,12.4,6.7,Rain,0,13.5
2024-06-10,Delhi,97,0.2,4.0,5.3,Clear,0,11.5
2024-07-10,Delhi,98,35.7,8.8,6.1,Rain,0,15.555555555555555
2024-08-10,Delhi,35,1.3,8.2,9.6,Clear,0,17.0
2024-10-09,Delhi,86,0.4,35.8,2.0,Fog,0,15.1
2024-10-10,Delhi,57,1.1,33.7,9.7,Cloudy,0,15.7
2024-11-10,Delhi,35,0.3,40.5,4.8,Cloudy,0,19.222222222222218
2024-10-12,Delhi,,1.1,36.1,9.4,Cloudy,0,14.833333333333334
2024-10-13,Delhi,58,0.9,41.6,6.4,Clear,0,16.7
2024-10-14,Delhi,28,0.5,30.2,4.6,Clear,0,10.9
2024-10-15,Delhi,38,0.5,38.3,1.0,Fog,0,15.9
2024-10-16,Delhi,,1.9,40.8,6.7,Cloudy,0,18.1
2024-10-17,Delhi,92,81.7,19.4,11.3,Thunderstorm,0,17.1
2024-10-18,Delhi,46,62.2,6.5,10.6,Thunderstorm,0,61.5
2024-10-19,Delhi,32,0.3,9.5,7.5,Sunny,0,15.88888888888889
2024-10-20,Delhi,94,117.2,40.9,9.0,Rain,1,12.4
2024-10-21,Delhi,78,1.8,17.5,4.1,Clear,0,10.0
2024-10-22,Delhi,91,91.5,17.9,10.4,Rain,0,16.11111111111111
2024-10-23,Delhi,95,99.2,21.6,11.0,Heavy Rain,0,20.3
2024-10-24,Delhi,35,0.3,9.3,6.8,Clear,0,17.5
2024-10-25,Delhi,80,0.4,12.9,10.4,Sunny,0,12.4
2024-10-26,Delhi,77,0.5,33.6,11.6,Clear,0,14.0
2024-10-27,Delhi,40,0.1,4.1,11.5,Sunny,0,19.9
2024-10-28,Delhi,83,0.0,11.7,1.4,Fog,0,20.9
2024-10-29,Delhi,38,1.8,15.5,4.6,Cloudy,0,12.7
2024-10-30,Delhi,98,0.0,15.7,4.9,Clear,0,17.3
2024-10-31,Delhi,70,1.1,30.7,6.3,Clear,0,16.8
2024-11-01,Delhi,82,55.7,10.2,5.9,Rain,0,11.6
2024-11-02,Delhi,44,0.0,34.8,9.4,Sunny,0,13.9
2024-11-03,Delhi,36,0.6,11.4,4.6,Clear,0,20.5
2024-11-04,Delhi,73,1.4,20.1,6.6,Cloudy,0,17.0
2024-11-05,Delhi,98,1.7,24.7,11.5,Clear,0,19.7
2024-06-11,Delhi,47,1.6,26.4,4.3,Cloudy,0,16.7
2024-11-07,Delhi,67,0.6,39.2,7.6,Sunny,0,19.72222222222222
2024-11-08,Delhi,67,1.1,5.4,7.3,Clear,0,18.7
2024-11-09,Delhi,83,11.3,11.1,8.3,Rain,0,12.4
2024-10-11,Delhi,60,1.5,21.5,1.8,Fog,0,19.3
2024-11-11,Delhi,89,1.4,5.8,5.4,Clear,0,20.9
2024-11-12,Delhi,97,102.1,6.2,6.9,Heavy Rain,0,24.1
2024-11-13,Delhi,56,1.4,,6.1,Clear,0,19.2
2024-11-14,Delhi,31,44.5,4.1,6.4,Rain,0,22.6
2024-11-15,Delhi,55,92.0,14.8,8.4,Rain,0,17.2
2024-11-16,Delhi,73,2.0,34.4,4.3,Clear,0,22.0
2024-11-17,Delhi,62,0.2,43.3,11.6,Clear,0,14.277777777777779
2024-11-18,Delhi,32,0.9,21.9,11.1,Cloudy,0,17.4
2024-11-19,Delhi,84,0.4,22.8,6.7,Cloudy,0,15.2
2024-11-20,Delhi,95,16.1,6.7,7.6,Heavy Rain,0,15.3
2024-11-21,Delhi,62,1.0,23.7,4.6,Cloudy,0,14.6
2024-11-22,Delhi,97,0.3,16.0,10.5,Clear,0,20.0
2024-11-23,Delhi,39,43.4,-,8.2,Heavy Rain,0,23.4
2024-11-24,Delhi,49,1.8,22.6,7.1,Clear,0,20.6
2024-11-25,Delhi,59,1.6,32.2,9.2,Sunny,0,67.3
2024-11-26,Delhi,unknown,0.1,5.9,9.9,Cloudy,0,16.6
2024-11-27,Delhi,55,0.7,17.0,9.6,Clear,0,20.7
2024-11-28,Delhi,55,0.1,38.3,6.7,Clear,0,18.5
2024-11-29,Delhi,67,0.1,36.0,8.1,Cloudy,0,20.5
2024-11-30,Delhi,92,0.2,34.0,5.0,Clear,0,16.3
2024-01-12,Delhi,36,1.4,18.3,8.4,Sunny,0,21.2
2024-12-02,Delhi,94,0.5,9.9,10.0,Clear,0,19.2
2024-03-12,Delhi,55,1.9,8.7,1.6,Fog,0,20.9
2024-04-12,Delhi,73,1.4,41.9,10.1,Clear,0,22.7
2024-05-12,Delhi,61,0.4,18.1,7.8,Clear,0,25.9
2024-12-06,Delhi,54,1.6,3.5,5.6,Sunny,0,20.3
2024-07-12,Delhi,84,19.5,2.6,11.0,Rain,0,23.6
2024-08-12,Delhi,85,42.8,23.3,4.9,Heavy Rain,0,21.3
2024-12-09,Delhi,41,0.3,16.2,6.6,Cloudy,0,21.444444444444443
2024-12-10,Delhi,64,71.6,17.3,9.0,Heavy Rain,1,21.7
2024-12-11,Delhi,75,0.6,42.1,10.8,Sunny,0,21.0
2024-12-12,Delhi,75,0.2,31.6,8.5,Clear,0,25.8
2024-12-14,Delhi,50,1.3,14.1,11.3,Clear,0,20.6
2024-12-15,Delhi,,74.2,7.0,7.0,Rain,0,24.27777777777778
2024-12-16,Delhi,76,1.6,5.3,6.4,Clear,0,25.5
2024-12-17,Delhi,66,1.5,22.5,4.5,Clear,0,20.38888888888889
2024-12-18,Delhi,28,1.5,37.8,4.3,Clear,0,21.8
2024-12-19,Delhi,51,0.2,4.2,9.2,Clear,0,23.2
2024-12-20,Delhi,77,1.3,6.2,5.7,Clear,0,24.4
2024-12-21,Delhi,92,13.5,9.8,9.4,Rain,1,24.9
2024-12-22,Delhi,75,0.0,39.5,12.0,Clear,0,24.444444444444443
2024-12-23,Delhi,95,0.7,19.5,10.7,Clear,0,27.2
2024-12-24,Delhi,41,65.3,38.5,7.0,Rain,1,23.5
2024-12-25,Delhi,64,113.9,37.0,4.3,Rain,1,19.9
2024-12-26,Delhi,49,7.3,27.6,5.6,Rain,1,19.8
2024-12-27,Delhi,79,1.0,4.7,9.2,Sunny,0,18.4
2024-12-28,Delhi,73,1.3,22.9,6.3,Clear,0,19.3
2024-12-29,Delhi,unknown,0.1,8.6,10.5,Clear,0,25.6
2024-12-30,Delhi,42,23.3,21.4,10.5,Rain,0,18.333333333333332
2024-12-31,Delhi,39,1.2,12.1,10.4,Clear,0,21.27777777777778
2025-01-01,Delhi,38,32.7,14.0,5.5,Rain,0,
2025-02-01,Delhi,84,69.8,36.6,11.3,Heavy Rain,0,24.1
2025-03-01,Delhi,75,1.4,16.9,4.0,Sunny,0,23.9
2025-01-04,Delhi,69,107.9,,8.9,Rain,0,22.7
2025-01-05,Delhi,75,40.9,,11.2,Rain,0,24.8
2025-01-06,Delhi,48,1.4,6.8,10.5,Cloudy,0,22.1
2025-01-07,Delhi,45,1.6,22.8,5.8,Sunny,0,22.666666666666668
2025-08-01,Delhi,49,1.7,26.0,8.1,Cloudy,0,23.6
2025-01-09,Delhi,67,0.9,13.3,8.6,Clear,0,24.0
2025-01-10,Delhi,53,0.6,40.1,11.2,Clear,0,26.666666666666668
2025-11-01,Delhi,96,0.6,39.2,6.5,Cloudy,0,26.9
2025-01-12,Delhi,32,69.0,3.2,11.5,Rain,0,27.7
2025-01-13,Delhi,59,1.8,7.8,8.3,Clear,0,28.4
2025-01-14,Delhi,62,11.9,30.2,8.9,Rain,0,25.6
2025-01-15,Delhi,55,0.1,38.7,6.3,Clear,0,21.2
2025-01-16,Delhi,91,2.0,44.1,8.7,Clear,0,24.6
2025-01-17,Delhi,67,0.2,5.3,4.9,Clear,0,25.4
2025-01-18,Delhi,33,0.2,27.7,7.3,Clear,0,24.1
2025-01-19,Delhi,71,78.7,42.9,6.6,Rain,1,26.2
2025-01-20,Delhi,34,0.8,40.4,5.9,Sunny,0,27.5
2025-01-21,Delhi,65,1.4,23.8,10.2,Clear,0,28.5
2025-01-22,Delhi,67,1.7,5.3,5.3,Clear,0,25.2
2025-01-23,Delhi,50,1.1,21.0,9.6,Clear,0,20.0
2025-01-24,Delhi,33,1.6,21.8,4.1,Clear,0,
2025-01-25,Delhi,47,1.4,5.5,5.4,Cloudy,0,21.166666666666664
2025-01-26,Delhi,62,1.8,28.5,4.6,Cloudy,0,26.4
2025-01-27,Delhi,76,55.9,18.2,7.7,Rain,0,26.333333333333336
2025-01-28,Delhi,74,1.9,16.6,11.2,Clear,0,28.4
2025-01-29,Delhi,59,81.1,34.2,8.2,Rain,1,30.1
2025-01-30,Delhi,60,0.4,8.9,5.9,Cloudy,0,29.8
2025-01-31,Delhi,90,90.3,9.5,11.6,Rain,0,25.6
2025-02-01,Delhi,66,1.4,35.6,8.6,Cloudy,0,24.2
2025-02-02,Delhi,59,84.9,29.2,4.6,Rain,0,31.7
2025-03-02,Delhi,80,0.3,21.3,9.6,Sunny,0,25.166666666666668
2025-04-02,Delhi,61,1.6,25.1,5.4,Clear,0,26.9
2025-02-05,Delhi,77,27.2,11.3,5.0,Rain,1,28.1
2025-02-06,Delhi,37,0.7,13.1,4.9,Clear,0,33.5
2025-02-07,Delhi,,0.3,29.9,4.2,Clear,0,28.2
2025-02-08,Delhi,63,37.7,29.4,8.0,Rain,0,28.8
2025-02-09,Delhi,67,43.6,36.2,10.3,Heavy Rain,0,30.1
2025-02-10,Delhi,61,0.1,36.2,5.5,Clear,0,29.5
2025-02-11,Delhi,69,1.6,14.2,9.8,Sunny,0,25.9
2025-02-12,Delhi,33,1.5,27.2,8.3,Cloudy,0,28.7
2025-02-13,Delhi,54,10.9,8.2,4.1,Rain,1,29.1
2025-02-14,Delhi,46,23.0,16.3,5.7,Thunderstorm,1,29.4
2025-02-15,Delhi,64,33.5,41.8,9.0,Rain,0,30.5
2025-02-16,Delhi,95,0.7,40.6,4.4,Clear,0,27.4
2025-02-17,Delhi,76,0.4,8.1,4.1,Clear,0,28.0
2025-02-18,Delhi,55,0.3,16.7,5.4,Clear,0,25.9
2025-02-19,Delhi,42,1.1,38.4,0.4,Fog,0,29.9
2025-02-20,Delhi,43,118.6,23.7,5.7,Rain,0,91.6
2025-02-21,Delhi,62,119.6,23.2,8.9,Rain,0,33.666666666666664
2025-02-22,Delhi,37,1.1,20.3,2.0,Fog,0,26.38888888888889
2025-02-24,Delhi,96,0.8,10.1,2.0,Fog,0,32.5
2025-02-25,Delhi,50,1.8,43.6,10.5,Clear,0,32.8
2025-02-26,Delhi,77,1.7,36.4,6.1,Clear,0,26.5
2025-02-27,Delhi,52,0.3,40.0,11.0,Cloudy,0,31.5
2025-02-28,Delhi,83,1.9,41.6,8.6,Cloudy,0,31.8
2025-03-01,Delhi,46,1.4,4.9,1.4,Fog,0,27.8
2025-02-03,Delhi,69,0.2,31.3,10.4,Clear,0,30.38888888888889
2025-03-03,Delhi,  ,89.0,43.9,5.2,Rain,0,34.9
2025-04-03,Delhi,33,0.8,12.0,1.5,Fog,0,82.4
2025-05-03,Delhi,98,75.5,30.8,8.1,Rain,1,
2025-03-06,Delhi,74,0.3,4.7,9.5,Cloudy,0,30.3
2025-03-07,Delhi,98,0.5,21.6,0.5,Fog,0,40.4
2025-03-08,Delhi,87,74.2,26.2,8.6,Rain,1,34.0
2025-03-09,Delhi,45,1.7,25.3,1.9,Fog,0,32.6
2025-10-03,Delhi,35,1.2,26.8,9.4,Clear,0,31.9
2025-03-11,Delhi,38,64.8,10.7,9.8,Rain,0,39.4
2025-03-12,Delhi,40,0.8,32.3,4.4,Clear,0,26.7
2025-03-13,Delhi,31,0.7,39.8,4.4,Cloudy,0,33.8
2025-03-14,Delhi,52,0.2,29.3,6.3,Clear,0,31.1
2025-03-15,Delhi,58,1.7,29.5,2.2,Fog,0,32.5
2025-03-16,Delhi,34,1.4,36.8,1.2,Fog,0,33.7
2025-03-17,Delhi,48,0.0,13.4,9.0,Cloudy,0,30.0
2025-03-18,Delhi,30,1.9,34.0,5.1,Clear,0,38.6
2025-03-19,Delhi,39,89.1,30.6,5.4,Heavy Rain,0,35.8
2025-03-20,Delhi,86,6.3,8.7,10.3,Rain,0,33.0
2025-03-21,Delhi,38,90.7,10.5,11.6,Thunderstorm,0,27.3
2025-03-22,Delhi,82,0.4,2.0,5.4,Cloudy,0,33.1
2025-03-23,Delhi,80,37.8,30.9,6.8,Rain,0,32.4
2025-03-24,Delhi,36,1.7,15.9,6.1,Cloudy,0,32.6
2025-03-25,Delhi,unknown,1.2,24.8,4.2,Sunny,0,30.0
2025-03-26,Delhi,63,0.4,40.9,2.5,Fog,0,33.9
2025-03-27,Delhi,55,0.3,2.3,11.7,Clear,0,29.6
2025-03-28,Delhi,63,1.0,34.2,10.7,Clear,0,29.4
2025-03-29,Delhi,38,0.6,4.9,5.3,Cloudy,0,35.27777777777778
2025-03-30,Delhi,75,48.1,34.2,5.7,Heavy Rain,0,38.8
2025-03-31,Delhi,63,1.4,14.1,5.7,Clear,0,34.3
2025-04-01,Delhi,53,1.7,27.3,10.1,Clear,0,30.7
2025-04-02,Delhi,58,97.4,33.1,10.4,Rain,0,33.5
2025-04-03,Delhi,40,1.7,22.0,9.2,Clear,0,34.5
2025-04-04,Delhi,80,86.1,41.8,6.5,Rain,0,31.5
2025-04-05,Delhi,79,32.2,18.7,10.5,Rain,1,33.1
2025-06-04,Delhi,90,1.0,33.9,9.0,Cloudy,0,27.9
2025-08-04,Delhi,38,2.0,13.7,6.9,Clear,0,32.3
2025-04-09,Delhi,73,0.8,44.1,10.9,Clear,0,32.9
2025-10-04,Delhi,95,0.3,11.0,4.5,Sunny,0,40.0
2025-11-04,Delhi,68,21.9,13.4,11.8,Rain,0,30.3
2025-12-04,Delhi,67,0.5,22.7,11.0,Clear,0,30.3
2025-04-13,Delhi,  ,0.7,24.9,8.2,Cloudy,0,29.3
2025-04-14,Delhi,49,113.7,17.2,6.2,Heavy Rain,0,32.05555555555556
2025-04-15,Delhi,60,1.2,31.9,8.2,Cloudy,0,31.4
2025-04-16,Delhi,64,1.7,20.0,8.4,Cloudy,0,30.4
2025-04-17,Delhi,37,106.6,18.5,8.7,Heavy Rain,0,25.6
2025-04-18,Delhi,92,0.7,10.8,5.0,Cloudy,0,28.5
2025-04-19,Delhi,94,0.0,6.5,4.1,Cloudy,0,33.4
2025-04-20,Delhi,98,1.9,41.4,5.2,Clear,0,30.2
2025-04-21,Delhi,42,12.3,24.1,8.5,Rain,0,30.1
2025-04-22,Delhi,76,0.1,,5.5,Cloudy,0,27.3
2025-04-23,Delhi,53,0.2,10.3,8.9,Clear,0,31.5
2025-04-24,Delhi,91,0.1,2.1,1.7,Fog,0,30.8
2025-04-25,Delhi,68,0.0,30.0,11.2,Cloudy,0,31.166666666666668
2025-04-26,Delhi,74,1.3,44.7,10.9,Cloudy,0,33.888888888888886
2025-04-27,Delhi,88,65.1,25.2,10.0,Heavy Rain,1,29.6
2025-04-28,Delhi,49,1.1,41.8,6.7,Clear,0,26.5
2025-04-29,Delhi,78,112.1,18.6,10.3,Thunderstorm,0,31.0
2025-04-30,Delhi,67,2.0,27.9,9.2,Cloudy,0,29.6
2025-01-05,Delhi,54,1.9,7.1,5.6,Clear,0,25.0
2025-02-05,Delhi,77,1.7,22.1,10.3,Sunny,0,28.8
2025-03-05,Delhi,82,1.6,14.6,7.6,Clear,0,
2025-04-05,Delhi,72,0.7,18.5,6.2,Sunny,0,30.0
2025-05-05,Delhi,77,1.7,37.7,10.8,Sunny,0,31.9
2025-05-06,Delhi,89,1.5,33.4,11.1,Cloudy,0,33.8
2025-07-05,Delhi,,38.6,21.3,10.3,Rain,0,23.6
2025-05-08,Delhi,71,1.3,8.5,7.9,Clear,0,32.7
2025-09-05,Delhi,44,1.1,28.6,10.0,Clear,0,28.2
2025-05-10,Delhi,71,0.5,36.8,10.4,Cloudy,0,27.5
2025-05-12,Delhi,41,1.8,17.6,9.0,Clear,0,30.0
2025-05-13,Delhi,44,1.2,5.8,10.6,Cloudy,0,32.8
2025-05-14,Delhi,35,6.8,29.8,10.9,Rain,0,30.2
2025-05-15,Delhi,29,1.7,27.4,4.4,Sunny,0,31.0
2025-05-16,Delhi,60,50.9,41.9,5.6,Rain,1,25.2
2025-05-17,Delhi,74,1.4,26.6,7.2,Sunny,0,26.7
2025-05-18,Delhi,74,0.6,23.5,1.2,Fog,0,27.3
2025-05-19,Delhi,57,0.4,21.7,8.8,Cloudy,0,29.6
2025-05-20,Delhi,71,18.7,44.2,9.5,Thunderstorm,0,28.7
2025-05-21,Delhi,74,117.8,32.7,11.8,Rain,0,34.7
2025-05-22,Delhi,,1.3,18.5,9.3,Clear,0,28.0
2025-05-23,Delhi,62,0.7,29.2,4.2,Cloudy,0,32.4
2025-05-24,Delhi,50,0.8,2.8,4.3,Cloudy,0,34.1
2025-05-25,Delhi,77,1.9,29.9,4.1,Sunny,0,31.5
2025-05-26,Delhi,32,1.8,42.2,8.5,Cloudy,0,28.166666666666668
2025-05-27,Delhi,59,0.3,43.5,5.6,Sunny,0,28.3
2025-05-28,Delhi,88,1.8,26.0,8.6,Clear,0,26.5
2025-05-29,Delhi,37,1.0,25.0,7.0,Clear,0,72.9
2025-05-30,Delhi,32,1.4,39.3,2.3,Fog,0,28.88888888888889
2025-05-31,Delhi,84,0.0,4.5,4.9,Clear,0,21.4
2025-01-06,Delhi,36,0.3,6.4,8.4,Clear,0,70.8
2025-06-02,Delhi,98,0.6,20.4,7.8,Cloudy,0,30.3
2025-06-03,Delhi,31,88.5,21.5,4.4,Rain,1,30.9
2025-04-06,Delhi,76,20.3,30.1,4.3,Rain,0,28.3
2025-06-05,Delhi,29,21.7,-,4.3,Rain,0,25.8
2025-06-06,Delhi,54,2.0,7.2,4.2,Clear,0,22.6
2025-06-07,Delhi,94,1.7,44.7,4.1,Cloudy,0,26.4
2025-08-06,Delhi,48,1.9,23.1,7.6,Clear,0,31.6
2025-09-06,Delhi,72,1.2,30.7,4.7,Clear,0,29.555555555555557
2025-06-10,Delhi,74,0.9,39.4,9.4,Clear,0,30.9
2025-06-11,Delhi,,94.7,4.5,10.9,Rain,0,26.3
2025-06-12,Delhi,29,119.0,17.0,11.8,Rain,0,28.3
2025-06-13,Delhi,62,1.6,43.3,5.0,Clear,0,25.1
2025-06-14,Delhi,71,112.6,16.3,6.2,Rain,0,27.2
2025-06-15,Delhi,81,0.2,2.2,7.8,Clear,0,19.4
2025-06-16,Delhi,74,0.6,36.2,2.3,Fog,0,22.8
2025-06-17,Delhi,64,25.8,,4.4,Heavy Rain,1,
2025-06-18,Delhi,53,1.7,34.3,8.8,Clear,0,79.2
2025-06-19,Delhi,62,70.0,25.1,6.6,Rain,0,25.2
2025-06-20,Delhi,37,0.7,43.9,6.2,Cloudy,0,25.3
2025-06-21,Delhi,97,1.9,31.7,6.8,Cloudy,0,26.1
2025-06-23,Delhi,92,1.8,16.3,7.9,Sunny,0,24.5
2025-06-24,Delhi,50,113.7,39.5,8.7,Thunderstorm,0,23.5
2025-06-25,Delhi,83,1.0,33.0,4.3,Sunny,0,21.8
2025-06-26,Delhi,47,1.2,29.0,9.1,Clear,0,18.3
2025-06-28,Delhi,67,1.6,17.1,11.6,Clear,0,
2025-06-29,Delhi,88,111.9,32.0,9.4,Rain,0,24.9
2025-06-30,Delhi,51,1.9,5.5,6.1,Cloudy,0,27.22222222222222
2025-01-07,Delhi,33,1.5,19.2,6.5,Sunny,0,28.5
2024-01-01,Gurugram,83,27.1,23.8,5.1,Rain,0,20.9
2024-01-02,Gurugram,96,0.5,8.0,5.8,Cloudy,0,82.7
2024-03-01,Gurugram,unknown,103.9,22.7,8.4,Thunderstorm,1,72.5
2024-01-04,Gurugram,41,6.7,16.0,10.3,Heavy Rain,1,23.7
2024-01-05,Gurugram,,16.6,39.3,6.2,Rain,0,23.3
2024-01-06,Gurugram,60,0.6,25.8,10.4,Cloudy,0,22.1
2024-07-01,Gurugram,65,0.4,18.3,2.4,Fog,0,22.5
2024-08-01,Gurugram,31,0.8,8.1,4.6,Sunny,0,30.1
2024-01-09,Gurugram,34,21.0,15.3,10.0,Rain,1,25.6
2024-01-10,Gurugram,69,1.0,2.8,6.7,Cloudy,0,25.5
2024-11-01,Gurugram,36,0.5,17.7,5.8,Cloudy,0,21.3
2024-01-12,Gurugram,57,48.0,43.5,9.0,Heavy Rain,1,23.3
2024-01-13,Gurugram,35,107.8,25.7,6.9,Heavy Rain,0,29.2
2024-01-14,Gurugram,72,0.9,4.5,1.7,Fog,0,27.8
2024-01-15,Gurugram,  ,1.9,23.7,11.1,Cloudy,0,31.8
2024-01-16,Gurugram,33,1.3,28.7,11.9,Cloudy,0,31.2
2024-01-17,Gurugram,74,106.2,34.6,9.0,Heavy Rain,0,29.7
2024-01-18,Gurugram,28,0.5,23.9,10.9,Cloudy,0,23.7
2024-01-19,Gurugram,79,0.8,40.7,4.7,Cloudy,0,27.61111111111111
2024-01-20,Gurugram,52,0.3,2.2,7.8,Clear,0,31.7
2024-01-21,Gurugram,69,47.0,11.0,11.0,Rain,0,31.2
2024-01-22,Gurugram,50,0.1,,4.2,Cloudy,0,25.27777777777778
2024-01-23,Gurugram,30,1.8,32.5,11.3,Clear,0,24.9
2024-01-24,Gurugram,45,1.7,28.1,4.6,Cloudy,0,28.7
2024-01-25,Gurugram,76,0.9,32.3,10.9,Cloudy,0,28.277777777777782
2024-01-26,Gurugram,79,0.9,35.6,4.9,Sunny,0,22.5
2024-01-27,Gurugram,31,0.8,7.8,5.5,Clear,0,30.6
2024-01-28,Gurugram,92,1.8,37.5,8.9,Sunny,0,26.3
2024-01-29,Gurugram,41,0.7,28.5,10.9,Cloudy,0,27.1
2024-01-30,Gurugram,41,0.2,28.2,3.0,Fog,0,29.1
2024-01-31,Gurugram,46,51.9,4.3,5.0,Rain,0,29.5
2024-02-01,Gurugram,66,0.7,25.8,10.8,Clear,0,28.8
2024-02-02,Gurugram,59,0.6,5.6,9.2,Clear,0,25.1
2024-03-02,Gurugram,97,82.6,30.9,10.4,Rain,0,25.0
2024-04-02,Gurugram,39,0.8,42.5,7.5,Cloudy,0,33.05555555555556
2024-02-05,Gurugram,74,97.9,38.5,9.8,Rain,0,26.0
2024-06-02,Gurugram,,0.4,16.3,7.4,Clear,0,23.4
2024-02-07,Gurugram,78,0.3,39.4,11.3,Cloudy,0,26.8
2024-02-08,Gurugram,,1.3,30.5,11.5,Clear,0,27.666666666666668
2024-02-09,Gurugram,87,1.3,31.4,8.7,Cloudy,0,24.4
2024-02-10,Gurugram,45,1.2,43.0,8.0,Sunny,0,25.7
2024-11-02,Gurugram,46,1.2,10.0,4.9,Cloudy,0,36.0
2024-02-12,Gurugram,62,1.9,34.6,8.4,Cloudy,0,24.3
2024-02-13,Gurugram,69,0.7,23.9,5.8,Cloudy,0,32.7
2024-02-14,Gurugram,63,0.9,38.9,4.9,Cloudy,0,
2024-02-15,Gurugram,60,0.5,32.4,10.3,Clear,0,33.8
2024-02-16,Gurugram,55,0.0,10.1,4.8,Clear,0,22.6
2024-02-17,Gurugram,47,1.3,16.7,4.5,Clear,0,28.2
2024-02-18,Gurugram,36,1.1,11.1,11.8,Sunny,0,28.8
2024-02-19,Gurugram,48,79.7,23.2,8.4,Thunderstorm,0,26.3
2024-02-20,Gurugram,35,1.3,12.6,1.5,Fog,0,31.6
2024-02-21,Gurugram,95,1.9,31.6,9.0,Clear,0,31.3
2024-02-23,Gurugram,68,0.6,4.7,4.7,Cloudy,0,31.6
2024-02-24,Gurugram,53,0.6,32.9,2.4,Fog,0,28.4
2024-02-25,Gurugram,51,0.8,37.0,5.5,Clear,0,32.333333333333336
2024-02-26,Gurugram,78,0.7,40.4,0.3,Fog,0,29.8
2024-02-27,Gurugram,78,0.0,10.8,6.9,Clear,0,33.3
2024-02-28,Gurugram,84,1.0,6.4,4.3,Cloudy,0,34.1
2024-02-29,Gurugram,28,0.1,34.8,10.6,Clear,0,22.7
2024-01-03,Gurugram,96,48.6,6.7,7.8,Rain,1,25.38888888888889
2024-02-03,Gurugram,,1.2,,5.8,Sunny,0,24.5
2024-03-03,Gurugram,43,16.5,33.1,9.5,Rain,1,32.0
2024-04-03,Gurugram,98,0.1,20.6,10.3,Clear,0,34.5
2024-03-05,Gurugram,57,108.1,26.9,8.6,Heavy Rain,0,31.2
2024-03-06,Gurugram,55,0.7,35.1,11.1,Cloudy,0,30.8
2024-03-07,Gurugram,48,0.6,23.3,4.2,Sunny,0,35.3
2024-09-03,Gurugram,77,0.9,31.2,4.9,Clear,0,29.5
2024-10-03,Gurugram,72,1.9,6.8,7.9,Cloudy,0,32.0
2024-03-11,Gurugram,56,0.4,5.5,4.1,Cloudy,0,35.5
2024-12-03,Gurugram,82,1.4,14.0,11.4,Sunny,0,31.6
2024-03-13,Gurugram,41,1.7,40.7,7.6,Clear,0,24.3
2024-03-14,Gurugram,44,1.9,33.3,11.4,Sunny,0,33.2
2024-03-15,Gurugram,36,0.8,44.7,4.0,Cloudy,0,35.6
2024-03-16,Gurugram,45,38.4,10.3,8.6,Rain,1,27.2
2024-03-17,Gurugram,32,1.0,44.3,6.1,Cloudy,0,32.6
2024-03-18,Gurugram,67,82.7,3.7,4.2,Rain,0,36.9
2024-03-19,Gurugram,91,0.6,43.2,9.9,Cloudy,0,26.0
2024-03-20,Gurugram,73,1.1,2.8,11.2,Clear,0,30.7
2024-03-21,Gurugram,68,1.6,20.7,5.8,Cloudy,0,29.2
2024-03-22,Gurugram,89,16.9,26.9,4.4,Thunderstorm,0,30.5
2024-03-23,Gurugram,81,50.9,13.1,7.8,Rain,1,35.9
2024-03-24,Gurugram,97,39.1,22.5,8.5,Rain,1,26.38888888888889
2024-03-25,Gurugram,54,0.0,33.9,11.8,Clear,0,32.8
2024-03-26,Gurugram,67,0.3,16.7,6.7,Clear,0,30.3
2024-03-27,Gurugram,66,1.0,11.4,6.2,Clear,0,27.7
2024-03-28,Gurugram,58,0.0,25.3,5.8,Clear,0,31.3
2024-03-29,Gurugram,97,1.5,27.0,11.4,Cloudy,0,28.000000000000004
2024-03-30,Gurugram,86,0.4,19.9,12.0,Clear,0,38.5
2024-03-31,Gurugram,38,1.3,35.4,6.3,Clear,0,32.4
2024-01-04,Gurugram,44,1.5,16.8,11.5,Cloudy,0,31.8
2024-02-04,Gurugram,44,0.3,23.3,7.4,Clear,0,33.0
2024-04-03,Gurugram,94,0.0,38.3,8.9,Cloudy,0,33.7
2024-04-04,Gurugram,43,12.3,3.0,8.8,Heavy Rain,0,30.2
2024-04-05,Gurugram,89,1.4,42.1,8.9,Clear,0,27.9
2024-04-06,Gurugram,88,0.9,43.5,8.1,Clear,0,31.0
2024-07-04,Gurugram,31,0.0,36.0,7.5,Clear,0,28.0
2024-04-08,Gurugram,51,110.2,26.8,7.0,Rain,0,28.3
2024-04-09,Gurugram,70,90.5,4.9,8.6,Rain,0,31.3
2024-04-10,Gurugram,97,1.5,6.4,8.6,Sunny,0,27.11111111111111
2024-04-11,Gurugram,90,1.5,29.2,11.4,Cloudy,0,36.7
2024-04-12,Gurugram,74,1.3,26.8,5.7,Cloudy,0,31.444444444444443
2024-04-13,Gurugram,  ,1.7,12.9,8.9,Cloudy,0,29.0
2024-04-14,Gurugram,47,1.6,11.9,10.2,Sunny,0,34.5
2024-04-15,Gurugram,70,0.7,23.3,8.4,Sunny,0,37.8
2024-04-16,Gurugram,55,1.6,41.3,11.4,Cloudy,0,30.2
2024-04-17,Gurugram,33,1.5,10.8,10.0,Clear,0,33.8
2024-04-18,Gurugram,86,115.9,23.9,8.8,Rain,0,35.1
2024-04-19,Gurugram,82,0.6,20.4,5.1,Clear,0,32.0
2024-04-20,Gurugram,70,0.0,36.3,6.5,Clear,0,26.4
2024-04-21,Gurugram,86,1.7,12.4,5.3,Clear,0,34.9
2024-04-22,Gurugram,60,1.5,15.0,10.1,Cloudy,0,31.2
2024-04-23,Gurugram,49,106.7,28.4,9.1,Rain,0,32.8
2024-04-24,Gurugram,94,1.2,35.3,8.7,Sunny,0,36.2
2024-04-25,Gurugram,76,63.7,40.2,7.5,Rain,0,30.2
2024-04-26,Gurugram,63,1.4,21.9,4.3,Sunny,0,23.8
2024-04-27,Gurugram,94,1.1,17.1,2.6,Fog,0,33.5
2024-04-28,Gurugram,84,0.4,14.0,4.5,Clear,0,31.7
2024-04-29,Gurugram,92,0.7,30.3,10.1,Clear,0,33.4
2024-04-30,Gurugram,82,62.7,34.6,9.4,Thunderstorm,0,30.666666666666668
2024-01-05,Gurugram,85,79.8,32.4,8.7,Heavy Rain,1,32.5
2024-05-02,Gurugram,95,7.1,5.4,7.7,Rain,0,24.3
2024-03-05,Gurugram,49,0.8,17.4,1.7,Fog,0,29.4
2024-05-04,Gurugram,unknown,0.1,2.7,4.3,Cloudy,0,91.5
2024-05-05,Gurugram,57,0.4,18.2,10.3,Clear,0,28.1
2024-05-06,Gurugram,48,1.1,4.6,10.0,Clear,0,30.1
2024-07-05,Gurugram,59,1.7,29.8,9.4,Cloudy,0,31.5
2024-05-08,Gurugram,47,1.9,29.6,7.3,Clear,0,27.0
2024-09-05,Gurugram,,0.8,44.3,4.8,Cloudy,0,
2024-10-05,Gurugram,87,0.6,5.5,6.8,Clear,0,31.6
2024-11-05,Gurugram,91,0.4,40.6,7.6,Cloudy,0,88.2
2024-12-05,Gurugram,86,58.5,22.4,5.2,Thunderstorm,1,31.5
2024-05-13,Gurugram,37,0.5,25.4,4.6,Clear,0,37.3
2024-05-14,Gurugram,79,0.8,24.1,7.7,Sunny,0,33.7
2024-05-15,Gurugram,83,0.8,39.9,4.3,Cloudy,0,
2024-05-16,Gurugram,92,0.1,25.2,11.2,Clear,0,32.1
2024-05-17,Gurugram,33,1.0,8.2,1.0,Fog,0,29.4
2024-05-18,Gurugram,34,45.3,23.2,4.5,Rain,1,29.0
2024-05-19,Gurugram,53,0.9,28.8,7.4,Clear,0,24.777777777777775
2024-05-20,Gurugram,89,0.2,12.4,10.5,Clear,0,29.61111111111111
2024-05-21,Gurugram,56,103.7,35.9,5.4,Rain,1,29.1
2024-05-22,Gurugram,93,0.2,33.1,10.3,Clear,0,25.4
2024-05-23,Gurugram,85,0.1,31.8,5.7,Clear,0,
2024-05-24,Gurugram,51,56.7,33.8,6.0,Rain,0,27.055555555555557
2024-05-25,Gurugram,32,75.1,10.9,5.4,Rain,0,28.2
2024-05-26,Gurugram,46,0.7,11.0,2.1,Fog,0,26.6
2024-05-27,Gurugram,-,97.7,44.7,4.4,Thunderstorm,0,31.1
2024-05-28,Gurugram,60,0.2,20.0,0.8,Fog,0,24.9
2024-05-29,Gurugram,48,117.9,16.1,8.6,Heavy Rain,0,25.7
2024-05-30,Gurugram,38,1.4,38.9,7.3,Clear,0,25.1
2024-05-31,Gurugram,77,0.7,9.1,11.4,Cloudy,0,
2024-01-06,Gurugram,68,0.3,27.0,10.1,Clear,0,31.5
2024-02-06,Gurugram,56,1.2,24.3,9.5,Clear,0,29.9
2024-03-06,Gurugram,51,81.5,42.1,11.9,Thunderstorm,1,29.8
2024-06-04,Gurugram,45,1.3,42.7,7.5,Cloudy,0,24.0
2024-06-05,Gurugram,,118.9,19.2,7.4,Thunderstorm,0,28.9
2024-06-06,Gurugram,50,102.9,41.5,9.8,Rain,0,22.7
2024-06-07,Gurugram,30,1.4,5.1,10.0,Clear,0,30.8
2024-06-08,Gurugram,64,98.8,35.5,8.7,Rain,1,22.4
2024-06-09,Gurugram,81,1.8,18.3,4.4,Cloudy,0,30.8
2024-06-10,Gurugram,90,0.3,18.6,4.3,Clear,0,31.72222222222222
2024-06-11,Gurugram,82,45.6,13.7,4.8,Rain,1,29.3
2024-12-06,Gurugram,44,0.3,17.7,6.7,Sunny,0,27.6
2024-06-13,Gurugram,79,1.2,8.4,9.5,Sunny,0,25.2
2024-06-14,Gurugram,57,0.1,19.8,1.8,Fog,0,25.4
2024-06-15,Gurugram,50,1.1,11.1,5.5,Clear,0,23.8
2024-06-16,Gurugram,91,0.7,42.9,8.9,Clear,0,24.8
2024-06-17,Gurugram,  ,0.8,11.9,10.3,Clear,0,31.4
2024-06-18,Gurugram,65,11.2,26.8,10.7,Heavy Rain,0,28.3
2024-06-19,Gurugram,89,1.9,39.3,9.6,Cloudy,0,24.8
2024-06-20,Gurugram,43,105.1,28.3,7.1,Rain,0,27.4
2024-06-21,Gurugram,46,1.1,9.3,10.1,Clear,0,26.3
2024-06-22,Gurugram,96,0.2,41.3,8.6,Cloudy,0,25.3
2024-06-23,Gurugram,79,71.4,10.0,5.4,Rain,1,27.6
2024-06-24,Gurugram,55,1.5,2.4,10.3,Clear,0,24.1
2024-06-25,Gurugram,49,1.7,25.4,5.8,Clear,0,30.0
2024-06-26,Gurugram,37,68.6,26.1,10.2,Rain,1,30.7
2024-06-27,Gurugram,98,100.5,41.3,6.2,Rain,1,24.1
2024-06-28,Gurugram,52,1.9,18.7,4.7,Cloudy,0,21.8
2024-06-29,Gurugram,96,2.0,34.3,4.1,Cloudy,0,20.611111111111107
2024-06-30,Gurugram,43,33.2,27.9,10.1,Rain,0,19.0
2024-01-07,Gurugram,73,0.1,40.4,3.0,Fog,0,23.3
2024-07-02,Gurugram,97,0.1,29.6,9.9,Clear,0,21.4
2024-07-03,Gurugram,30,1.4,24.2,4.8,Clear,0,21.1
2024-04-07,Gurugram,31,0.1,3.1,10.6,Sunny,0,19.61111111111111
2024-05-07,Gurugram,30,0.1,23.6,4.4,Cloudy,0,25.2
2024-07-06,Gurugram,73,0.1,unknown,4.6,Clear,0,20.5
2024-07-07,Gurugram,39,17.5,17.8,9.7,Rain,0,28.555555555555557
2024-07-08,Gurugram,66,1.2,43.5,1.0,Fog,0,22.3
2024-07-09,Gurugram,28,0.5,5.8,8.3,Clear,0,78.4
2024-07-10,Gurugram,31,0.4,20.9,7.6,Cloudy,0,28.5
2024-11-07,Gurugram,95,0.7,39.9,7.0,Clear,0,21.9
2024-07-12,Gurugram,45,18.5,19.8,10.5,Thunderstorm,0,19.3
2024-07-13,Gurugram,46,47.4,30.0,4.7,Rain,0,21.5
2024-07-14,Gurugram,49,1.1,  ,5.6,Clear,0,21.0
2024-07-15,Gurugram,52,1.8,19.2,10.9,Cloudy,0,23.4
2024-07-16,Gurugram,68,46.9,2.1,6.1,Rain,1,21.5
2024-07-17,Gurugram,42,1.9,21.5,7.6,Cloudy,0,26.0
2024-07-18,Gurugram,58,1.6,23.1,8.8,Clear,0,23.5
2024-07-19,Gurugram,96,80.3,28.4,11.8,Thunderstorm,0,23.0
2024-07-20,Gurugram,46,27.2,6.7,7.2,Rain,0,13.5
2024-07-21,Gurugram,76,1.8,12.2,1.4,Fog,0,17.9
2024-07-22,Gurugram,29,0.6,34.2,9.4,Cloudy,0,19.8
2024-07-24,Gurugram,44,0.2,19.7,10.7,Sunny,0,19.27777777777778
2024-07-25,Gurugram,,0.8,9.2,5.6,Cloudy,0,13.2
2024-07-26,Gurugram,53,1.2,24.2,5.6,Sunny,0,22.2
2024-07-27,Gurugram,32,1.3,31.5,11.4,Clear,0,20.7
2024-07-29,Gurugram,41,1.7,44.0,7.7,Cloudy,0,22.6
2024-07-30,Gurugram,97,23.9,45.0,11.9,Rain,1,19.1
2024-07-31,Gurugram,74,0.2,25.0,11.3,Clear,0,21.8
2024-01-08,Gurugram,30,0.1,20.5,2.2,Fog,0,18.166666666666668
2024-08-02,Gurugram,28,0.0,43.1,11.4,Clear,0,20.7
2024-08-03,Gurugram,91,0.8,33.3,10.9,Clear,0,12.1
2024-04-08,Gurugram,82,29.8,13.0,4.9,Rain,0,16.6
2024-08-05,Gurugram,49,0.6,29.2,11.4,Cloudy,0,20.1
2024-06-08,Gurugram,33,91.0,13.8,9.6,Rain,0,17.3
2024-08-07,Gurugram,49,0.6,4.7,7.0,Clear,0,18.61111111111111
2024-08-08,Gurugram,68,0.5,34.4,4.3,Sunny,0,20.7
2024-09-08,Gurugram,  ,1.7,41.4,5.5,Cloudy,0,22.6
2024-08-10,Gurugram,66,0.7,10.1,11.5,Clear,0,18.3
2024-08-11,Gurugram,82,107.5,10.0,5.7,Heavy Rain,1,17.6
2024-08-12,Gurugram,95,1.1,20.1,11.9,Cloudy,0,19.2
2024-08-13,Gurugram,28,37.1,7.0,6.0,Thunderstorm,0,18.8
2024-08-14,Gurugram,33,1.6,34.4,6.3,Clear,0,25.5
2024-08-15,Gurugram,35,0.7,31.3,11.9,Clear,0,18.6
2024-08-16,Gurugram,64,1.6,18.9,7.2,Sunny,0,18.7
2024-08-17,Gurugram,55,0.6,23.9,6.9,Clear,0,24.1
2024-08-18,Gurugram,40,0.0,26.5,8.1,Clear,0,15.2
2024-08-19,Gurugram,86,0.8,38.3,10.6,Sunny,0,11.5
2024-08-20,Gurugram,98,0.9,34.5,0.4,Fog,0,19.5
2024-08-21,Gurugram,44,0.4,38.7,11.2,Sunny,0,16.8
2024-08-22,Gurugram,55,1.2,33.4,5.7,Cloudy,0,22.16666666666667
2024-08-23,Gurugram,91,0.5,43.0,9.2,Sunny,0,19.2
2024-08-24,Gurugram,41,1.9,21.6,11.9,Clear,0,17.9
2024-08-25,Gurugram,94,83.3,32.4,10.2,Rain,0,15.3
2024-08-26,Gurugram,85,29.9,43.2,5.0,Heavy Rain,0,14.4
2024-08-27,Gurugram,89,0.1,28.5,9.5,Sunny,0,19.3
2024-08-28,Gurugram,89,0.3,29.4,6.7,Clear,0,18.22222222222222
2024-08-29,Gurugram,91,83.4,27.8,8.6,Heavy Rain,0,13.1
2024-08-30,Gurugram,42,1.0,,4.7,Cloudy,0,19.0
2024-08-31,Gurugram,38,56.8,8.6,7.9,Heavy Rain,0,21.8
2024-09-01,Gurugram,72,38.2,42.0,8.9,Thunderstorm,0,17.9
2024-09-02,Gurugram,66,36.8,22.6,6.5,Rain,0,15.7
2024-09-03,Gurugram,41,38.2,7.3,8.8,Rain,0,9.9
2024-09-04,Gurugram,89,0.2,32.8,9.4,Sunny,0,15.6
2024-09-05,Gurugram,33,76.3,38.3,5.1,Rain,1,16.0
2024-06-09,Gurugram,67,0.3,44.1,6.2,Clear,0,18.5
2024-09-07,Gurugram,69,1.2,37.4,8.6,Sunny,0,17.4
2024-09-08,Gurugram,46,1.4,26.8,9.3,Clear,0,12.9
2024-09-09,Gurugram,36,1.8,28.4,4.2,Cloudy,0,17.9
2024-09-10,Gurugram,33,0.9,5.4,8.6,Clear,0,20.5
2024-09-11,Gurugram,98,0.9,4.0,4.3,Clear,0,23.388888888888886
2024-09-12,Gurugram,78,1.2,4.3,4.1,Cloudy,0,15.8
2024-09-13,Gurugram,86,1.6,4.1,5.4,Cloudy,0,14.1
2024-09-14,Gurugram,34,0.4,37.5,8.2,Clear,0,12.1
2024-09-15,Gurugram,66,1.9,26.3,11.2,Clear,0,14.2
2024-09-16,Gurugram,93,1.2,24.2,7.6,Clear,0,14.0
2024-09-17,Gurugram,61,12.0,8.4,4.3,Thunderstorm,0,12.4
2024-09-18,Gurugram,56,1.7,36.7,7.0,Cloudy,0,21.2
2024-09-19,Gurugram,77,0.7,14.2,8.0,Clear,0,11.6
2024-09-20,Gurugram,41,0.2,31.1,10.6,Cloudy,0,10.7
2024-09-21,Gurugram,45,115.1,37.3,4.4,Rain,0,17.2
2024-09-22,Gurugram,94,50.4,6.3,5.3,Rain,0,20.7
2024-09-23,Gurugram,40,1.6,19.9,4.5,Clear,0,4.0
2024-09-24,Gurugram,55,1.2,14.8,4.3,Clear,0,18.5
2024-09-25,Gurugram,57,0.2,17.4,5.9,Cloudy,0,15.6
2024-09-26,Gurugram,83,0.4,36.0,9.9,Cloudy,0,20.7
2024-09-27,Gurugram,94,1.0,31.7,9.7,Clear,0,13.5
2024-09-28,Gurugram,94,1.2,14.2,7.1,Clear,0,12.9
2024-09-29,Gurugram,67,100.9,44.6,8.9,Rain,1,19.5
2024-09-30,Gurugram,40,0.6,31.9,10.9,Clear,0,19.9
2024-01-10,Gurugram,43,78.0,40.6,6.5,Rain,0,16.3
2024-02-10,Gurugram,45,0.5,7.4,11.4,Clear,0,17.8
2024-10-03,Gurugram,30,1.9,4.7,11.2,Clear,0,
2024-10-04,Gurugram,62,0.6,10.7,9.1,Cloudy,0,
2024-05-10,Gurugram,40,1.0,38.2,11.0,Clear,0,19.2
2024-10-06,Gurugram,49,86.4,40.9,8.3,Rain,0,16.9
2024-07-10,Gurugram,83,0.3,34.0,6.6,Cloudy,0,15.11111111111111
2024-10-08,Gurugram,35,1.1,32.7,1.5,Fog,0,16.7
2024-10-09,Gurugram,79,89.7,5.5,11.1,Heavy Rain,0,17.9
2024-10-10,Gurugram,86,1.3,23.3,1.4,Fog,0,11.7
2024-11-10,Gurugram,78,0.0,33.5,5.9,Clear,0,13.4
2024-12-10,Gurugram,40,82.1,18.9,7.7,Rain,0,17.1
2024-10-13,Gurugram,83,1.5,17.1,6.9,Clear,0,12.4
2024-10-14,Gurugram,65,1.6,16.4,7.9,Clear,0,15.9
2024-10-15,Gurugram,93,51.6,2.1,5.0,Rain,0,11.9
2024-10-18,Gurugram,73,0.4,38.7,6.8,Clear,0,17.0
2024-10-19,Gurugram,85,1.2,19.3,9.0,Clear,0,15.6
2024-10-20,Gurugram,69,1.0,9.6,8.1,Clear,0,62.3
2024-10-21,Gurugram,68,47.4,5.8,4.3,Heavy Rain,0,14.6
2024-10-22,Gurugram,51,0.9,13.4,4.8,Cloudy,0,15.4
2024-10-23,Gurugram,76,9.8,4.1,8.7,Heavy Rain,0,25.7
2024-10-24,Gurugram,73,93.3,17.0,11.5,Thunderstorm,1,16.1
2024-10-25,Gurugram,87,0.5,18.5,5.5,Clear,0,19.9
2024-10-26,Gurugram,40,0.4,31.4,5.9,Sunny,0,18.9
2024-10-27,Gurugram,60,0.3,31.4,10.8,Sunny,0,16.7
2024-10-28,Gurugram,37,0.4,26.1,11.4,Sunny,0,13.3
2024-10-29,Gurugram,82,16.7,18.4,8.5,Heavy Rain,0,14.0
2024-10-30,Gurugram,93,0.4,9.0,5.4,Cloudy,0,16.6
2024-10-31,Gurugram,65,44.5,40.4,7.3,Heavy Rain,0,18.6
2024-01-11,Gurugram,85,0.7,44.7,7.8,Cloudy,0,18.2
2024-11-02,Gurugram,79,0.6,29.3,8.4,Cloudy,0,22.22222222222222
2024-11-03,Gurugram,53,0.7,17.1,6.9,Clear,0,17.72222222222222
2024-04-11,Gurugram,92,0.9,34.1,8.4,Clear,0,12.277777777777779
2024-11-05,Gurugram,47,108.2,43.8,5.8,Rain,0,13.1
2024-06-11,Gurugram,96,79.1,10.3,11.9,Rain,1,13.1
2024-11-07,Gurugram,73,8.4,25.2,7.4,Rain,0,19.2
2024-08-11,Gurugram,67,70.9,38.0,10.3,Heavy Rain,0,17.7
2024-11-09,Gurugram,38,0.0,7.2,6.9,Clear,0,15.6
2024-11-10,Gurugram,94,35.1,29.3,4.8,Thunderstorm,0,16.944444444444443
2024-11-11,Gurugram,53,1.5,3.4,9.7,Clear,0,24.9
2024-11-12,Gurugram,,0.6,13.8,5.1,Clear,0,62.6
2024-11-13,Gurugram,66,0.5,31.9,10.7,Cloudy,0,19.8
2024-11-14,Gurugram,,1.9,22.8,5.7,Cloudy,0,16.5
2024-11-15,Gurugram,33,0.5,39.8,4.3,Clear,0,17.8
2024-11-16,Gurugram,54,28.4,39.7,8.2,Rain,0,18.4
2024-11-17,Gurugram,90,0.0,38.1,11.6,Sunny,0,18.9
2024-11-18,Gurugram,91,0.1,14.8,9.4,Clear,0,25.7
2024-11-19,Gurugram,80,0.2,2.4,6.0,Clear,0,20.0
2024-11-20,Gurugram,88,1.8,21.7,9.2,Clear,0,77.1
2024-11-21,Gurugram,50,1.2,24.6,11.7,Cloudy,0,20.2
2024-11-22,Gurugram,28,1.2,30.5,7.0,Cloudy,0,19.9
2024-11-23,Gurugram,56,0.6,20.3,9.0,Clear,0,17.1
2024-11-24,Gurugram,37,1.6,2.7,1.3,Fog,0,14.7
2024-11-25,Gurugram,82,1.5,34.5,5.3,Cloudy,0,22.0
2024-11-26,Gurugram,29,0.5,17.1,0.4,Fog,0,11.2
2024-11-27,Gurugram,54,0.9,24.9,2.1,Fog,0,22.8
2024-11-28,Gurugram,97,0.8,9.0,9.8,Cloudy,0,20.1
2024-11-29,Gurugram,67,0.8,42.0,9.8,Clear,0,22.0
2024-11-30,Gurugram,66,1.0,27.1,11.3,Clear,0,22.5
2024-12-01,Gurugram,60,1.4,40.5,4.7,Clear,0,19.6
2024-02-12,Gurugram,64,47.8,2.0,10.2,Thunderstorm,0,
2024-12-04,Gurugram,75,1.4,7.3,8.9,Sunny,0,23.7
2024-12-05,Gurugram,31,108.3,39.4,9.8,Rain,0,19.3
2024-06-12,Gurugram,87,0.9,32.6,10.1,Clear,0,21.6
2024-07-12,Gurugram,41,0.1,42.7,8.6,Cloudy,0,15.2
2024-12-08,Gurugram,74,0.9,37.6,10.8,Cloudy,0,16.0
2024-09-12,Gurugram,32,0.3,34.2,5.5,Clear,0,20.7
2024-12-10,Gurugram,65,1.0,32.8,9.1,Cloudy,0,22.6
2024-12-11,Gurugram,32,1.5,2.0,7.9,Cloudy,0,16.7
2024-12-12,Gurugram,28,1.3,11.0,11.1,Clear,0,71.7
2024-12-13,Gurugram,45,109.8,26.0,10.8,Rain,0,24.8
2024-12-14,Gurugram,80,110.9,44.7,4.5,Rain,1,20.7
2024-12-15,Gurugram,72,1.4,17.7,6.0,Clear,0,23.6
2024-12-16,Gurugram,51,0.1,27.0,8.1,Cloudy,0,26.8
2024-12-17,Gurugram,42,0.5,37.3,9.3,Cloudy,0,17.0
2024-12-18,Gurugram,65,74.9,22.9,9.4,Rain,0,21.6
2024-12-19,Gurugram,69,0.8,34.9,4.3,Sunny,0,23.4
2024-12-20,Gurugram,56,0.1,39.8,10.6,Clear,0,24.4
2024-12-21,Gurugram,57,0.3,24.8,11.7,Clear,0,18.5
2024-12-22,Gurugram,51,93.6,37.2,5.6,Rain,0,25.1
2024-12-23,Gurugram,54,0.8,13.8,7.6,Clear,0,20.6
2024-12-24,Gurugram,79,0.2,39.2,5.2,Clear,0,24.9
2024-12-25,Gurugram,49,1.6,5.5,10.1,Cloudy,0,24.1
2024-12-26,Gurugram,50,105.9,28.5,6.7,Heavy Rain,1,18.3
2024-12-27,Gurugram,84,80.3,11.2,11.0,Thunderstorm,1,23.2
2024-12-28,Gurugram,74,42.8,8.8,8.2,Rain,0,25.1
2024-12-29,Gurugram,70,54.7,25.5,11.9,Rain,1,23.6
2024-12-30,Gurugram,28,0.0,43.8,4.4,Clear,0,28.8
2024-12-31,Gurugram,60,1.6,5.5,6.7,Clear,0,26.4
2025-01-01,Gurugram,72,0.6,43.0,4.2,Cloudy,0,22.5
2025-01-02,Gurugram,30,0.8,6.1,7.9,Cloudy,0,23.0
2025-03-01,Gurugram,40,2.0,8.0,2.1,Fog,0,22.3
2025-01-04,Gurugram,78,0.3,43.1,4.3,Clear,0,27.5
2025-01-05,Gurugram,96,1.4,38.2,4.7,Cloudy,0,22.0
2025-06-01,Gurugram,72,11.0,7.4,11.4,Rain,0,24.444444444444443
2025-07-01,Gurugram,28,0.1,3.5,11.4,Clear,0,24.1
2025-01-08,Gurugram,52,2.0,42.9,2.8,Fog,0,27.3
2025-09-01,Gurugram,91,1.8,,11.2,Clear,0,30.1
2025-01-10,Gurugram,91,0.9,44.1,4.1,Clear,0,23.0
2025-11-01,Gurugram,47,1.4,34.5,10.9,Sunny,0,22.1
2025-01-12,Gurugram,78,11.9,28.6,11.1,Thunderstorm,0,25.8
2025-01-13,Gurugram,58,0.9,27.9,5.6,Cloudy,0,26.4
2025-01-14,Gurugram,,0.2,17.0,6.8,Clear,0,27.5
2025-01-15,Gurugram,43,0.9,27.5,4.8,Clear,0,29.555555555555557
2025-01-16,Gurugram,53,75.5,7.3,5.2,Rain,0,25.7
2025-01-17,Gurugram,75,0.0,40.4,9.1,Clear,0,25.2
2025-01-18,Gurugram,35,0.4,28.2,5.2,Sunny,0,29.4
2025-01-19,Gurugram,31,89.5,13.2,9.2,Rain,0,28.8
2025-01-20,Gurugram,49,72.8,28.3,4.3,Rain,0,22.61111111111111
2025-01-21,Gurugram,83,68.7,12.6,5.2,Heavy Rain,0,87.3
2025-01-22,Gurugram,57,99.1,43.1,10.7,Rain,0,
2025-01-23,Gurugram,46,64.1,40.4,8.1,Heavy Rain,0,29.8
2025-01-24,Gurugram,65,29.5,25.5,6.2,Rain,0,27.666666666666668
2025-01-25,Gurugram,74,1.4,14.3,11.9,Cloudy,0,25.8
2025-01-26,Gurugram,-,0.3,10.7,4.2,Sunny,0,26.3
2025-01-27,Gurugram,45,1.0,13.7,10.9,Sunny,0,30.0
2025-01-28,Gurugram,83,1.1,41.6,9.8,Clear,0,26.7
2025-01-29,Gurugram,39,0.1,37.1,10.0,Clear,0,26.0
2025-01-30,Gurugram,38,40.7,24.3,5.4,Rain,0,30.7
2025-01-31,Gurugram,73,1.2,39.1,9.0,Clear,0,30.4
2025-01-02,Gurugram,77,32.9,15.8,6.8,Thunderstorm,0,34.0
2025-02-02,Gurugram,48,66.9,18.3,5.6,Thunderstorm,1,23.6
2025-02-03,Gurugram,81,25.5,5.9,11.2,Rain,0,29.166666666666668
2025-04-02,Gurugram,60,0.5,29.7,6.1,Clear,0,25.27777777777778
2025-05-02,Gurugram,87,62.3,39.2,7.7,Heavy Rain,1,25.2
2025-02-06,Gurugram,58,0.6,6.2,6.2,Sunny,0,29.4
2025-07-02,Gurugram,34,1.7,4.4,7.3,Clear,0,
2025-08-02,Gurugram,83,0.1,26.6,9.6,Clear,0,29.5
2025-02-09,Gurugram,49,0.2,8.9,9.3,Clear,0,25.555555555555557
2025-02-10,Gurugram,67,1.4,44.3,6.4,Sunny,0,25.9
2025-02-11,Gurugram,96,51.2,21.4,6.6,Thunderstorm,1,29.9
2025-02-12,Gurugram,69,26.1,42.4,7.9,Rain,0,31.055555555555557
2025-02-13,Gurugram,50,94.2,12.5,9.1,Rain,1,28.8
2025-02-14,Gurugram,72,75.4,32.3,9.3,Rain,0,28.388888888888886
2025-02-15,Gurugram,50,115.7,34.4,10.2,Rain,1,33.0
2025-02-16,Gurugram,82,98.7,15.3,8.9,Thunderstorm,0,33.3
2025-02-17,Gurugram,55,1.2,2.8,0.5,Fog,0,37.166666666666664
2025-02-18,Gurugram,85,1.8,23.6,10.6,Clear,0,29.0
2025-02-19,Gurugram,32,96.1,7.7,7.3,Rain,0,31.11111111111111
2025-02-20,Gurugram,33,0.3,18.5,6.0,Clear,0,28.9
2025-02-21,Gurugram,74,1.6,40.0,7.1,Clear,0,30.5
2025-02-22,Gurugram,80,1.6,12.3,7.2,Cloudy,0,29.4
2025-02-23,Gurugram,51,1.8,17.7,6.4,Clear,0,32.333333333333336
2025-02-24,Gurugram,61,78.7,37.1,4.4,Rain,1,26.9
2025-02-25,Gurugram,58,0.1,2.4,10.4,Clear,0,31.1
2025-02-26,Gurugram,-,1.7,8.7,10.2,Clear,0,25.0
2025-02-27,Gurugram,37,1.4,22.0,8.6,Clear,0,28.9
2025-02-28,Gurugram,97,1.7,42.5,7.2,Sunny,0,32.0
2025-03-01,Gurugram,28,71.0,20.8,11.2,Thunderstorm,0,27.0
2025-02-03,Gurugram,81,36.7,13.2,10.4,Thunderstorm,1,36.72222222222222
2025-03-03,Gurugram,66,1.3,19.2,5.0,Cloudy,0,29.7
2025-04-03,Gurugram,43,1.6,19.9,8.0,Cloudy,0,34.2
2025-05-03,Gurugram,58,1.3,2.2,11.9,Cloudy,0,29.2
2025-03-06,Gurugram,71,86.7,26.5,8.4,Rain,0,30.2
2025-03-07,Gurugram,60,24.3,15.8,7.3,Rain,0,32.5
2025-08-03,Gurugram,73,0.9,26.9,6.1,Clear,0,26.4
2025-09-03,Gurugram,45,59.3,37.9,10.1,Thunderstorm,1,37.8
2025-10-03,Gurugram,90,1.2,25.6,1.1,Fog,0,28.6
2025-11-03,Gurugram,73,1.2,11.1,4.4,Clear,0,29.7
2025-12-03,Gurugram,73,68.6,17.6,10.9,Rain,0,82.9
2025-03-13,Gurugram,76,1.4,15.6,8.6,Cloudy,0,30.2
2025-03-14,Gurugram,68,94.1,16.3,5.3,Rain,0,34.3
2025-03-15,Gurugram,49,1.2,27.5,9.1,Clear,0,28.5
2025-03-17,Gurugram,,68.3,3.1,5.6,Rain,0,88.7
2025-03-18,Gurugram,44,1.1,22.6,11.7,Clear,0,33.7
2025-03-19,Gurugram,41,81.8,21.5,8.4,Rain,0,28.111111111111107
2025-03-20,Gurugram,60,100.3,39.8,11.4,Thunderstorm,0,30.9
2025-03-21,Gurugram,62,0.2,14.5,9.6,Sunny,0,33.7
2025-03-22,Gurugram,30,0.5,13.6,4.5,Clear,0,32.4
2025-03-23,Gurugram,34,0.5,37.1,10.3,Clear,0,28.6
2025-03-24,Gurugram,61,0.6,26.5,7.5,Clear,0,37.8
2025-03-25,Gurugram,88,119.6,28.2,5.3,Rain,0,28.5
2025-03-26,Gurugram,58,0.2,36.5,10.3,Cloudy,0,33.3
2025-03-27,Gurugram,77,0.4,42.0,6.2,Cloudy,0,32.44444444444444
2025-03-28,Gurugram,83,1.4,12.3,8.7,Cloudy,0,32.5
2025-03-29,Gurugram,56,0.7,44.4,9.3,Clear,0,28.8
2025-03-30,Gurugram,53,1.1,9.6,5.3,Clear,0,33.7
2025-03-31,Gurugram,43,1.6,42.5,8.4,Clear,0,37.4
2025-04-01,Gurugram,34,44.8,18.1,6.9,Heavy Rain,0,33.9
2025-02-04,Gurugram,43,0.7,14.7,5.9,Cloudy,0,31.2
2025-04-03,Gurugram,47,53.2,unknown,9.4,Rain,0,36.7
2025-04-04,Gurugram,90,64.6,14.6,5.3,Rain,1,34.1
2025-04-05,Gurugram,75,0.2,14.9,12.0,Cloudy,0,36.4
2025-06-04,Gurugram,31,116.7,19.5,6.6,Rain,0,25.2
2025-07-04,Gurugram,61,1.6,5.3,11.8,Cloudy,0,36.0
2025-04-08,Gurugram,84,32.6,35.3,4.9,Rain,0,36.0
2025-04-09,Gurugram,73,95.8,12.6,8.0,Rain,0,31.7
2025-10-04,Gurugram,63,1.7,21.6,7.6,Sunny,0,30.6
2025-11-04,Gurugram,52,49.7,40.8,5.3,Rain,0,
2025-12-04,Gurugram,76,0.5,3.1,5.5,Clear,0,34.5
2025-04-13,Gurugram,78,51.2,18.4,5.6,Rain,1,33.94444444444444
2025-04-14,Gurugram,59,19.7,31.0,6.3,Rain,0,30.4
2025-04-15,Gurugram,35,1.2,16.0,4.1,Clear,0,32.9
2025-04-16,Gurugram,82,1.6,8.8,6.9,Clear,0,24.555555555555557
2025-04-17,Gurugram,39,0.0,21.1,5.4,Clear,0,33.1
2025-04-18,Gurugram,38,36.5,13.0,8.4,Rain,0,27.0
2025-04-19,Gurugram,76,39.1,16.3,10.1,Heavy Rain,0,32.6
2025-04-20,Gurugram,45,0.5,37.3,11.2,Clear,0,24.8
2025-04-21,Gurugram,39,1.9,7.9,7.7,Clear,0,27.61111111111111
2025-04-22,Gurugram,49,1.4,33.1,7.4,Clear,0,84.5
2025-04-23,Gurugram,55,79.1,30.8,11.9,Rain,0,32.0
2025-04-24,Gurugram,45,1.3,24.1,8.1,Clear,0,33.0
2025-04-25,Gurugram,35,0.3,8.4,8.9,Clear,0,32.7
2025-04-26,Gurugram,86,78.2,35.1,9.6,Rain,1,28.7
2025-04-27,Gurugram,89,105.5,26.1,11.0,Rain,1,28.5
2025-04-28,Gurugram,86,68.5,37.6,9.5,Rain,1,32.8
2025-04-29,Gurugram,40,61.3,39.3,11.9,Rain,0,35.1
2025-04-30,Gurugram,88,0.6,41.0,8.5,Sunny,0,31.7
2025-05-01,Gurugram,35,0.3,3.8,5.2,Clear,0,35.0
2025-05-02,Gurugram,83,0.3,36.8,10.2,Clear,0,29.5
2025-03-05,Gurugram,73,0.3,29.9,11.7,Clear,0,30.5
2025-05-04,Gurugram,32,0.9,4.2,7.1,Cloudy,0,29.6
2025-05-05,Gurugram,74,0.5,2.1,7.5,Sunny,0,82.9
2025-05-06,Gurugram,59,1.9,25.8,11.5,Clear,0,35.27777777777778
2025-07-05,Gurugram,37,0.1,26.9,11.7,Clear,0,30.5
2025-08-05,Gurugram,71,0.3,35.4,10.9,Clear,0,35.9
2025-10-05,Gurugram,94,94.8,18.9,7.8,Thunderstorm,0,88.3
2025-11-05,Gurugram,60,1.4,8.1,5.7,Sunny,0,28.1
2025-05-12,Gurugram,86,0.3,23.6,8.2,Clear,0,27.3
2025-05-13,Gurugram,28,47.3,36.5,10.7,Thunderstorm,1,20.2
2025-05-14,Gurugram,95,1.0,18.9,11.0,Clear,0,33.9
2025-05-15,Gurugram,78,1.2,36.3,11.3,Cloudy,0,31.3
2025-05-16,Gurugram,49,69.8,6.3,7.4,Thunderstorm,0,32.1
2025-05-17,Gurugram,70,109.4,,4.2,Rain,1,27.6
2025-05-18,Gurugram,58,0.1,26.0,6.2,Sunny,0,24.0
2025-05-19,Gurugram,55,0.9,30.0,9.4,Cloudy,0,28.944444444444443
2025-05-20,Gurugram,76,1.8,29.4,5.3,Clear,0,28.8
2025-05-21,Gurugram,,7.7,22.3,8.9,Rain,0,30.0
2025-05-22,Gurugram,95,2.0,21.3,10.2,Clear,0,29.3
2025-05-23,Gurugram,90,0.3,4.6,10.3,Clear,0,29.1
2025-05-24,Gurugram,92,1.4,19.8,4.7,Cloudy,0,33.0
2025-05-25,Gurugram,50,115.2,44.9,11.2,Thunderstorm,0,29.3
2025-05-26,Gurugram,50,1.4,19.4,2.5,Fog,0,27.5
2025-05-27,Gurugram,95,1.6,20.7,10.7,Sunny,0,28.7
2025-05-28,Gurugram,63,1.5,39.5,10.5,Clear,0,30.0
2025-05-29,Gurugram,88,0.5,43.0,7.5,Clear,0,25.0
2025-05-31,Gurugram,61,1.5,42.1,1.9,Fog,0,34.5
2025-06-01,Gurugram,60,1.9,31.8,10.1,Clear,0,27.0
2025-02-06,Gurugram,91,70.2,41.9,9.3,Rain,0,30.4
2025-03-06,Gurugram,56,17.4,12.6,7.9,Rain,0,32.0
2025-06-04,Gurugram,39,1.3,14.5,11.9,Clear,0,24.3
2025-06-06,Gurugram,67,1.9,39.4,2.4,Fog,0,28.6
2025-06-07,Gurugram,92,55.8,35.2,4.4,Thunderstorm,1,25.6
2025-08-06,Gurugram,81,0.6,3.3,2.6,Fog,0,82.1
2025-06-09,Gurugram,51,2.0,40.0,10.5,Clear,0,29.77777777777778
2025-06-10,Gurugram,47,1.7,35.1,9.1,Sunny,0,26.6
2025-06-11,Gurugram,55,1.3,17.6,10.2,Clear,0,25.1
2025-12-06,Gurugram,58,1.1,8.1,5.7,Clear,0,28.5
2025-06-13,Gurugram,44,52.4,36.8,8.6,Heavy Rain,1,25.8
2025-06-14,Gurugram,71,1.2,4.5,8.5,Clear,0,26.2
2025-06-15,Gurugram,69,71.0,32.4,4.6,Heavy Rain,0,30.27777777777778
2025-06-16,Gurugram,92,0.6,44.1,9.0,Clear,0,25.9
2025-06-17,Gurugram,71,32.8,16.6,6.9,Heavy Rain,1,30.88888888888889
2025-06-18,Gurugram,88,2.0,4.5,6.1,Cloudy,0,30.2
2025-06-19,Gurugram,48,0.3,13.8,8.4,Cloudy,0,23.0
2025-06-20,Gurugram,92,61.0,26.4,9.0,Thunderstorm,1,24.2
2025-06-21,Gurugram,87,103.4,2.5,10.2,Rain,0,29.0
2025-06-22,Gurugram,62,1.4,30.9,10.4,Cloudy,0,20.8
2025-06-23,Gurugram,,30.3,19.7,8.7,Rain,0,28.7
2025-06-24,Gurugram,61,103.7,40.0,5.7,Rain,0,24.8
2025-06-25,Gurugram,30,0.0,12.6,11.5,Clear,0,26.1
2025-06-26,Gurugram,98,1.7,23.1,8.2,Cloudy,0,21.1
2025-06-27,Gurugram,32,0.9,15.6,7.9,Clear,0,22.7
2025-06-28,Gurugram,90,1.9,11.3,9.9,Clear,0,19.2
2025-06-29,Gurugram,88,1.5,16.1,0.7,Fog,0,27.11111111111111
2025-06-30,Gurugram,91,1.1,5.8,11.6,Cloudy,0,18.8
2025-01-07,Gurugram,57,0.1,25.4,10.0,Cloudy,0,23.9
2024-01-01,Kolkata,46,0.4,15.0,10.6,Clear,0,26.2
2024-01-02,Kolkata,79,1.5,27.5,9.3,Clear,0,24.4
2024-01-03,Kolkata,83,0.2,21.8,11.4,Clear,0,25.8
2024-01-04,Kolkata,92,61.4,17.7,10.5,Heavy Rain,0,23.77777777777778
2024-01-05,Kolkata,69,0.1,40.7,10.3,Clear,0,29.6
2024-06-01,Kolkata,68,48.1,35.4,6.4,Rain,0,22.6
2024-07-01,Kolkata,45,2.0,39.5,10.6,Clear,0,27.6
2024-08-01,Kolkata,76,1.2,31.6,8.0,Cloudy,0,26.0
2024-09-01,Kolkata,83,1.7,9.4,10.1,Clear,0,29.4
2024-01-10,Kolkata,37,47.7,36.0,5.5,Rain,0,22.0
2024-11-01,Kolkata,,92.1,35.5,6.9,Rain,1,23.9
2024-12-01,Kolkata,  ,1.9,2.3,1.8,Fog,0,29.9
2024-01-13,Kolkata,95,0.2,11.2,7.9,Clear,0,23.3
2024-01-14,Kolkata,65,22.3,44.5,4.6,Rain,0,27.8
2024-01-15,Kolkata,80,31.4,9.9,8.3,Rain,1,82.0
2024-01-16,Kolkata,71,1.7,42.1,9.1,Cloudy,0,28.9
2024-01-17,Kolkata,30,1.2,8.2,0.9,Fog,0,27.7
2024-01-18,Kolkata,40,1.1,2.8,9.5,Clear,0,27.1
2024-01-19,Kolkata,49,0.5,17.3,8.1,Cloudy,0,26.2
2024-01-20,Kolkata,58,47.1,36.7,6.6,Heavy Rain,0,26.8
2024-01-21,Kolkata,77,0.9,43.2,1.1,Fog,0,21.6
2024-01-22,Kolkata,43,72.3,4.3,8.2,Rain,0,32.1
2024-01-23,Kolkata,37,8.6,8.3,5.6,Heavy Rain,0,30.2
2024-01-24,Kolkata,77,1.7,  ,4.2,Clear,0,29.1
2024-01-25,Kolkata,57,1.7,35.2,4.7,Clear,0,21.6
2024-01-26,Kolkata,31,1.0,18.2,7.2,Sunny,0,28.77777777777778
2024-01-27,Kolkata,32,1.7,21.0,9.0,Clear,0,27.8
2024-01-28,Kolkata,50,0.2,16.8,4.7,Clear,0,24.9
2024-01-29,Kolkata,82,1.1,40.9,7.0,Clear,0,28.3
2024-01-30,Kolkata,unknown,1.2,14.0,0.4,Fog,0,31.2
2024-01-31,Kolkata,54,0.6,17.3,9.6,Clear,0,31.8
2024-01-02,Kolkata,64,1.2,33.9,6.6,Cloudy,0,25.6
2024-02-02,Kolkata,,1.6,31.6,6.5,Clear,0,22.7
2024-02-03,Kolkata,63,0.9,35.8,9.1,Clear,0,26.5
2024-04-02,Kolkata,37,86.2,12.8,11.4,Thunderstorm,0,28.0
2024-06-02,Kolkata,75,82.9,19.7,9.0,Thunderstorm,0,23.8
2024-02-07,Kolkata,42,55.2,20.5,5.5,Rain,0,30.6
2024-08-02,Kolkata,78,16.2,30.3,4.8,Thunderstorm,0,27.1
2024-09-02,Kolkata,65,0.2,13.1,7.1,Clear,0,23.2
2024-02-10,Kolkata,76,5.4,38.9,5.2,Thunderstorm,0,33.3
2024-11-02,Kolkata,67,1.4,26.5,1.9,Fog,0,28.6
2024-12-02,Kolkata,81,0.2,19.5,9.4,Clear,0,28.2
2024-02-13,Kolkata,33,1.3,33.3,10.5,Clear,0,34.0
2024-02-14,Kolkata,  ,67.8,38.1,7.7,Rain,0,29.4
2024-02-15,Kolkata,97,1.8,6.9,7.6,Clear,0,
2024-02-16,Kolkata,95,0.2,28.8,8.8,Clear,0,29.2
2024-02-17,Kolkata,54,1.6,38.7,10.7,Cloudy,0,34.7
2024-02-18,Kolkata,86,1.1,9.5,4.2,Cloudy,0,27.3
2024-02-19,Kolkata,57,0.3,33.5,7.5,Clear,0,31.7
2024-02-20,Kolkata,28,0.9,3.9,4.7,Cloudy,0,31.8
2024-02-21,Kolkata,46,0.1,26.5,4.6,Cloudy,0,34.4
2024-02-22,Kolkata,40,0.8,23.3,11.9,Sunny,0,31.3
2024-02-23,Kolkata,47,17.5,4.9,10.8,Rain,0,28.6
2024-02-24,Kolkata,,39.0,43.8,5.6,Rain,0,24.9
2024-02-25,Kolkata,37,1.2,26.9,6.7,Cloudy,0,33.3
2024-02-26,Kolkata,60,1.3,23.1,5.4,Clear,0,31.77777777777778
2024-02-27,Kolkata,78,1.5,5.2,5.9,Clear,0,33.7
2024-02-28,Kolkata,55,75.1,40.3,11.9,Thunderstorm,0,31.4
2024-02-29,Kolkata,69,1.8,16.5,11.9,Clear,0,30.8
2024-03-01,Kolkata,31,0.5,14.7,11.0,Cloudy,0,29.2
2024-02-03,Kolkata,87,1.4,23.7,1.3,Fog,0,34.8
2024-03-03,Kolkata,33,1.5,40.7,9.3,Sunny,0,26.4
2024-03-05,Kolkata,88,0.4,7.9,7.7,Cloudy,0,31.7
2024-06-03,Kolkata,97,0.8,14.1,10.1,Clear,0,25.8
2024-07-03,Kolkata,84,0.2,31.8,4.8,Cloudy,0,26.8
2024-08-03,Kolkata,97,0.8,17.6,5.4,Clear,0,29.77777777777778
2024-09-03,Kolkata,75,0.4,36.8,7.6,Cloudy,0,33.8
2024-03-10,Kolkata,45,1.5,40.1,6.5,Clear,0,32.1
2024-03-11,Kolkata,43,1.5,30.8,5.4,Sunny,0,31.8
2024-03-12,Kolkata,77,5.6,2.2,4.2,Rain,0,33.6
2024-03-13,Kolkata,66,1.5,14.0,5.6,Cloudy,0,29.4
2024-03-14,Kolkata,79,0.5,25.8,11.5,Sunny,0,34.1
2024-03-16,Kolkata,57,1.9,5.8,6.6,Clear,0,35.8
2024-03-17,Kolkata,35,1.9,38.5,11.0,Clear,0,31.6
2024-03-18,Kolkata,88,0.7,20.2,2.7,Fog,0,27.5
2024-03-19,Kolkata,51,1.6,18.7,6.6,Clear,0,30.0
2024-03-20,Kolkata,29,1.3,15.7,10.7,Sunny,0,28.9
2024-03-21,Kolkata,83,1.5,20.9,10.6,Cloudy,0,34.8
2024-03-22,Kolkata,84,23.7,15.1,10.7,Rain,0,91.6
2024-03-23,Kolkata,38,0.7,9.7,9.5,Clear,0,33.4
2024-03-24,Kolkata,72,1.3,15.6,8.9,Clear,0,29.4
2024-03-25,Kolkata,90,51.4,27.5,10.7,Rain,0,38.9
2024-03-26,Kolkata,72,1.5,32.5,9.1,Clear,0,27.2
2024-03-27,Kolkata,71,0.5,36.4,9.1,Clear,0,34.1
2024-03-28,Kolkata,55,74.3,29.8,11.6,Heavy Rain,1,31.833333333333332
2024-03-29,Kolkata,38,0.5,35.7,5.3,Clear,0,39.6
2024-03-30,Kolkata,54,0.4,14.6,11.7,Clear,0,27.1
2024-03-31,Kolkata,64,1.7,44.4,2.6,Fog,0,32.5
2024-04-01,Kolkata,56,58.9,2.8,10.3,Heavy Rain,1,
2024-02-04,Kolkata,53,0.9,14.0,6.1,Sunny,0,29.9
2024-04-03,Kolkata,53,40.1,11.7,9.3,Rain,1,79.9
2024-04-04,Kolkata,65,0.1,19.5,10.3,Clear,0,34.2
2024-04-05,Kolkata,70,1.5,37.5,2.0,Fog,0,32.9
2024-04-06,Kolkata,42,1.0,24.5,5.3,Cloudy,0,
2024-04-07,Kolkata,94,0.7,28.2,0.6,Fog,0,34.3
2024-04-08,Kolkata,77,0.3,32.8,5.5,Clear,0,30.7
2024-09-04,Kolkata,45,1.5,27.9,9.5,Clear,0,32.9
2024-10-04,Kolkata,71,116.8,5.6,4.2,Rain,0,31.5
2024-04-11,Kolkata,41,0.8,40.1,4.1,Cloudy,0,33.9
2024-12-04,Kolkata,53,1.9,6.5,6.8,Clear,0,29.3
2024-04-13,Kolkata,75,64.4,3.5,10.5,Rain,1,30.2
2024-04-15,Kolkata,67,1.9,16.1,9.2,Clear,0,29.1
2024-04-16,Kolkata,80,1.2,27.3,11.3,Clear,0,33.4
2024-04-17,Kolkata,65,1.7,44.6,10.5,Cloudy,0,33.6
2024-04-18,Kolkata,38,0.9,9.4,9.0,Clear,0,32.8
2024-04-19,Kolkata,67,1.8,11.5,4.2,Clear,0,31.5
2024-04-20,Kolkata,74,1.6,17.4,8.7,Cloudy,0,33.611111111111114
2024-04-21,Kolkata,85,0.4,41.5,5.9,Cloudy,0,33.166666666666664
2024-04-22,Kolkata,54,1.4,36.9,10.8,Clear,0,
2024-04-23,Kolkata,31,1.3,12.7,10.4,Clear,0,81.5
2024-04-24,Kolkata,49,67.3,28.5,4.0,Heavy Rain,0,37.1
2024-04-25,Kolkata,78,0.5,10.9,6.3,Clear,0,28.8
2024-04-26,Kolkata,29,0.6,32.3,4.6,Clear,0,34.0
2024-04-27,Kolkata,62,1.5,19.3,10.9,Cloudy,0,35.9
2024-04-28,Kolkata,93,1.3,6.6,9.6,Clear,0,30.944444444444443
2024-04-29,Kolkata,90,38.7,18.8,11.5,Thunderstorm,1,31.5
2024-04-30,Kolkata,,1.0,35.7,7.2,Clear,0,27.3
2024-01-05,Kolkata,64,1.5,36.4,0.5,Fog,0,33.4
2024-03-05,Kolkata,71,88.8,43.1,12.0,Heavy Rain,1,31.9
2024-04-05,Kolkata,84,1.5,6.7,6.1,Cloudy,0,30.0
2024-05-05,Kolkata,63,0.5,15.5,1.7,Fog,0,31.8
2024-05-06,Kolkata,98,0.2,24.5,4.9,Clear,0,36.0
2024-07-05,Kolkata,  ,1.8,24.7,0.5,Fog,0,31.7
2024-05-08,Kolkata,57,1.2,23.4,5.1,Clear,0,81.7
2024-05-09,Kolkata,79,14.8,31.9,5.0,Heavy Rain,0,34.8
2024-11-05,Kolkata,42,41.0,12.9,8.1,Thunderstorm,0,29.2
2024-05-12,Kolkata,30,1.7,26.5,9.9,Cloudy,0,28.5
2024-05-13,Kolkata,59,36.4,5.1,9.1,Rain,0,34.2
2024-05-14,Kolkata,92,1.6,37.1,8.3,Clear,0,26.1
2024-05-15,Kolkata,58,1.2,22.5,7.8,Clear,0,32.4
2024-05-16,Kolkata,41,0.2,7.7,11.5,Clear,0,29.9
2024-05-17,Kolkata,96,0.4,43.1,4.4,Cloudy,0,29.7
2024-05-18,Kolkata,83,1.6,44.8,8.8,Clear,0,28.6
2024-05-19,Kolkata,66,1.2,36.7,10.6,Clear,0,33.5
2024-05-20,Kolkata,41,0.1,25.1,6.0,Cloudy,0,27.7
2024-05-21,Kolkata,58,33.3,3.3,10.4,Rain,0,30.3
2024-05-22,Kolkata,71,1.9,4.5,7.0,Cloudy,0,32.0
2024-05-23,Kolkata,28,0.1,26.5,1.2,Fog,0,28.4
2024-05-24,Kolkata,85,1.4,36.0,10.9,Clear,0,30.4
2024-05-25,Kolkata,92,17.7,14.1,9.4,Rain,1,31.6
2024-05-26,Kolkata,96,23.9,31.9,8.5,Rain,1,29.4
2024-05-27,Kolkata,-,1.9,21.0,1.3,Fog,0,26.2
2024-05-28,Kolkata,65,0.8,33.5,8.6,Clear,0,75.6
2024-05-29,Kolkata,70,23.2,44.3,4.1,Thunderstorm,0,26.0
2024-05-30,Kolkata,80,81.5,32.1,9.6,Rain,0,23.5
2024-05-31,Kolkata,35,0.4,39.8,9.0,Cloudy,0,34.6
2024-06-01,Kolkata,32,1.4,38.1,9.4,Clear,0,23.22222222222222
2024-02-06,Kolkata,59,1.9,42.1,6.9,Sunny,0,30.3
2024-03-06,Kolkata,46,1.0,36.5,5.6,Cloudy,0,27.1
2024-05-06,Kolkata,97,0.0,39.4,6.1,Cloudy,0,23.2
2024-06-06,Kolkata,75,0.8,42.3,9.0,Clear,0,28.2
2024-07-06,Kolkata,32,12.7,19.5,11.4,Thunderstorm,1,28.9
2024-08-06,Kolkata,67,1.1,20.8,4.2,Cloudy,0,24.2
2024-09-06,Kolkata,96,62.6,10.8,11.1,Rain,0,24.88888888888889
2024-10-06,Kolkata,61,0.7,9.3,6.9,Sunny,0,
2024-06-11,Kolkata,80,1.2,29.8,8.4,Cloudy,0,22.3
2024-06-12,Kolkata,48,84.2,25.7,8.3,Rain,0,22.0
2024-06-13,Kolkata,35,0.8,20.0,4.6,Clear,0,27.9
2024-06-14,Kolkata,62,0.2,30.7,10.3,Clear,0,27.1
2024-06-15,Kolkata,37,0.1,5.8,10.7,Clear,0,25.7
2024-06-16,Kolkata,28,0.4,19.3,8.4,Clear,0,29.9
2024-06-17,Kolkata,42,95.6,21.3,7.6,Rain,0,23.1
2024-06-18,Kolkata,78,1.1,22.5,9.6,Clear,0,20.0
2024-06-19,Kolkata,79,1.1,4.3,7.9,Cloudy,0,25.1
2024-06-20,Kolkata,66,63.3,2.3,9.7,Rain,0,23.7
2024-06-21,Kolkata,61,1.7,20.1,5.5,Cloudy,0,27.1
2024-06-22,Kolkata,57,0.3,31.0,7.4,Cloudy,0,23.5
2024-06-23,Kolkata,75,20.0,7.3,6.6,Thunderstorm,0,25.1
2024-06-24,Kolkata,50,1.1,38.8,4.1,Clear,0,17.6
2024-06-25,Kolkata,55,0.4,4.6,6.0,Cloudy,0,
2024-06-26,Kolkata,72,1.3,4.0,7.7,Sunny,0,24.6
2024-06-27,Kolkata,61,63.5,22.1,4.8,Rain,0,21.8
2024-06-28,Kolkata,45,0.1,40.5,11.9,Clear,0,27.2
2024-06-29,Kolkata,93,0.8,21.5,10.7,Cloudy,0,27.22222222222222
2024-06-30,Kolkata,85,0.1,34.6,9.3,Sunny,0,19.9
2024-01-07,Kolkata,95,0.9,13.7,1.6,Fog,0,23.8
2024-02-07,Kolkata,55,1.5,32.1,11.8,Sunny,0,20.3
2024-07-03,Kolkata,96,62.3,27.1,6.7,Heavy Rain,0,25.3
2024-04-07,Kolkata,47,2.0,6.1,8.8,Clear,0,28.6
2024-05-07,Kolkata,58,1.1,17.6,11.4,Clear,0,26.3
2024-06-07,Kolkata,unknown,1.5,12.0,7.5,Sunny,0,26.0
2024-07-07,Kolkata,90,18.0,44.3,10.1,Thunderstorm,1,
2024-08-07,Kolkata,61,0.0,unknown,5.5,Clear,0,
2024-09-07,Kolkata,73,0.7,5.2,8.5,Clear,0,24.8
2024-07-10,Kolkata,30,0.9,9.4,4.5,Clear,0,
2024-11-07,Kolkata,68,52.2,18.8,9.0,Heavy Rain,1,18.7
2024-07-12,Kolkata,57,62.4,12.2,7.2,Rain,0,25.7
2024-07-13,Kolkata,77,0.2,12.4,8.1,Clear,0,20.9
2024-07-14,Kolkata,69,67.8,37.8,9.2,Rain,0,22.4
2024-07-15,Kolkata,53,91.8,33.8,10.8,Heavy Rain,1,22.0
2024-07-16,Kolkata,74,103.2,3.5,9.0,Rain,0,24.5
2024-07-17,Kolkata,78,1.2,7.8,6.0,Cloudy,0,23.8
2024-07-18,Kolkata,93,1.2,9.3,6.0,Clear,0,26.3
2024-07-19,Kolkata,46,1.6,29.9,6.2,Cloudy,0,20.5
2024-07-20,Kolkata,84,26.6,22.7,7.8,Rain,0,17.0
2024-07-21,Kolkata,51,1.3,27.7,7.9,Clear,0,18.7
2024-07-22,Kolkata,77,1.7,31.8,9.7,Clear,0,18.6
2024-07-23,Kolkata,42,2.0,33.0,5.9,Sunny,0,24.3
2024-07-24,Kolkata,54,0.1,30.4,8.8,Clear,0,
2024-07-25,Kolkata,36,25.5,21.2,10.8,Thunderstorm,0,20.9
2024-07-26,Kolkata,53,15.5,3.0,5.6,Rain,1,21.4
2024-07-27,Kolkata,91,0.4,35.7,5.4,Clear,0,17.2
2024-07-28,Kolkata,94,1.5,17.3,10.9,Clear,0,17.8
2024-07-29,Kolkata,45,0.5,unknown,8.2,Cloudy,0,19.0
2024-07-30,Kolkata,93,75.8,35.6,4.7,Heavy Rain,0,14.0
2024-07-31,Kolkata,57,24.5,14.5,11.6,Rain,0,18.5
2024-01-08,Kolkata,82,0.2,14.7,4.9,Clear,0,23.9
2024-08-02,Kolkata,55,0.8,15.1,11.4,Cloudy,0,17.7
2024-08-03,Kolkata,29,1.3,11.4,2.4,Fog,0,17.8
2024-08-04,Kolkata,55,0.9,40.6,7.1,Clear,0,
2024-05-08,Kolkata,54,1.4,10.0,8.6,Cloudy,0,21.8
2024-08-06,Kolkata,54,82.0,14.3,8.1,Rain,0,15.2
2024-07-08,Kolkata,58,82.1,34.5,8.2,Heavy Rain,0,21.9
2024-08-08,Kolkata,37,1.2,43.3,10.9,Cloudy,0,19.6
2024-09-08,Kolkata,61,107.2,2.7,6.8,Rain,0,16.9
2024-10-08,Kolkata,88,1.2,42.1,7.7,Sunny,0,22.7
2024-11-08,Kolkata,30,31.8,2.2,11.9,Thunderstorm,0,19.9
2024-08-12,Kolkata,66,0.2,29.0,10.1,Clear,0,15.3
2024-08-13,Kolkata,92,37.2,28.3,9.5,Rain,0,21.1
2024-08-14,Kolkata,32,0.5,10.2,8.9,Sunny,0,15.4
2024-08-15,Kolkata,36,46.5,11.6,6.8,Heavy Rain,0,19.055555555555557
2024-08-16,Kolkata,76,0.9,32.6,6.4,Sunny,0,18.2
2024-08-17,Kolkata,48,1.6,4.9,11.8,Clear,0,
2024-08-18,Kolkata,55,8.8,14.2,10.1,Rain,1,18.5
2024-08-19,Kolkata,unknown,0.2,38.5,7.0,Clear,0,15.6
2024-08-20,Kolkata,58,106.6,12.7,11.0,Thunderstorm,1,15.222222222222221
2024-08-21,Kolkata,47,0.4,7.5,7.9,Clear,0,10.7
2024-08-22,Kolkata,81,21.2,2.1,6.6,Rain,0,19.2
2024-08-23,Kolkata,-,0.3,43.2,11.8,Cloudy,0,
2024-08-24,Kolkata,unknown,96.3,16.2,6.8,Heavy Rain,1,18.3
2024-08-25,Kolkata,33,1.2,41.6,2.2,Fog,0,15.8
2024-08-26,Kolkata,63,1.3,18.4,10.6,Cloudy,0,18.6
2024-08-27,Kolkata,75,0.3,11.2,11.0,Clear,0,18.8
2024-08-28,Kolkata,58,0.1,20.5,9.1,Cloudy,0,18.1
2024-08-29,Kolkata,28,0.1,2.1,4.7,Sunny,0,14.9
2024-08-30,Kolkata,36,1.2,28.0,9.3,Clear,0,14.3
2024-08-31,Kolkata,68,76.7,7.8,10.6,Thunderstorm,0,15.777777777777779
2024-01-09,Kolkata,86,1.2,30.7,1.4,Fog,0,16.0
2024-09-02,Kolkata,  ,1.0,23.1,9.7,Clear,0,17.0
2024-09-03,Kolkata,73,0.8,33.0,7.2,Clear,0,14.4
2024-04-09,Kolkata,28,51.2,8.4,4.3,Rain,0,19.3
2024-09-05,Kolkata,98,1.6,21.9,6.2,Cloudy,0,15.0
2024-09-06,Kolkata,38,1.6,31.9,4.2,Clear,0,11.4
2024-07-09,Kolkata,31,115.0,11.2,6.3,Thunderstorm,0,17.9
2024-08-09,Kolkata,88,28.2,35.6,9.9,Rain,0,57.7
2024-09-09,Kolkata,49,0.8,15.4,11.4,Clear,0,13.88888888888889
2024-09-10,Kolkata,81,0.7,3.3,9.7,Clear,0,20.7
2024-11-09,Kolkata,,58.5,3.2,11.0,Rain,1,12.7
2024-12-09,Kolkata,74,44.3,39.9,8.6,Rain,0,9.0
2024-09-13,Kolkata,88,59.6,32.4,4.6,Heavy Rain,0,20.1
2024-09-14,Kolkata,41,0.8,29.4,1.3,Fog,0,14.8
2024-09-15,Kolkata,43,70.1,3.8,6.0,Rain,0,16.9
2024-09-16,Kolkata,36,1.2,41.1,8.0,Sunny,0,20.9
2024-09-17,Kolkata,unknown,1.3,30.0,7.9,Clear,0,19.6
2024-09-18,Kolkata,76,0.9,10.6,9.9,Cloudy,0,16.6
2024-09-19,Kolkata,36,0.6,8.4,6.0,Cloudy,0,12.8
2024-09-20,Kolkata,66,0.9,22.7,5.2,Cloudy,0,13.6
2024-09-21,Kolkata,67,0.9,44.1,6.3,Sunny,0,15.6
2024-09-22,Kolkata,,103.4,15.0,7.4,Rain,0,16.7
2024-09-23,Kolkata,47,0.6,7.9,5.3,Cloudy,0,12.4
2024-09-24,Kolkata,33,0.9,28.6,6.7,Clear,0,19.0
2024-09-25,Kolkata,67,1.9,39.4,6.0,Clear,0,20.7
2024-09-26,Kolkata,57,0.3,14.6,11.7,Cloudy,0,16.0
2024-09-27,Kolkata,80,1.0,6.7,6.3,Cloudy,0,19.6
2024-09-28,Kolkata,91,0.0,6.0,11.2,Cloudy,0,15.8
2024-09-29,Kolkata,63,9.9,30.8,10.9,Thunderstorm,0,14.1
2024-09-30,Kolkata,91,1.8,7.1,9.1,Cloudy,0,13.8
2024-10-01,Kolkata,98,7.4,42.0,7.4,Heavy Rain,1,19.9
2024-02-10,Kolkata,41,1.3,44.6,11.1,Cloudy,0,14.1
2024-10-03,Kolkata,-,114.9,3.9,8.4,Heavy Rain,0,20.1
2024-10-04,Kolkata,56,1.9,41.6,7.4,Clear,0,22.5
2024-10-05,Kolkata,61,0.5,18.0,5.8,Sunny,0,10.9
2024-10-06,Kolkata,37,0.1,5.7,6.5,Cloudy,0,15.88888888888889
2024-10-07,Kolkata,90,107.5,19.7,9.3,Heavy Rain,1,12.2
2024-10-08,Kolkata,60,57.9,32.5,6.2,Rain,0,19.8
2024-09-10,Kolkata,93,0.2,38.5,10.6,Clear,0,18.7
2024-10-10,Kolkata,47,0.9,30.8,7.1,Clear,0,16.4
2024-11-10,Kolkata,50,0.6,18.5,7.6,Cloudy,0,16.2
2024-10-12,Kolkata,32,1.6,4.1,8.4,Cloudy,0,14.1
2024-10-13,Kolkata,35,1.4,3.5,9.1,Clear,0,14.2
2024-10-15,Kolkata,60,1.8,31.6,7.1,Clear,0,17.7
2024-10-16,Kolkata,88,1.8,27.0,1.3,Fog,0,18.8
2024-10-17,Kolkata,74,1.1,16.2,10.3,Clear,0,14.2
2024-10-18,Kolkata,36,1.9,6.7,5.4,Clear,0,7.6
2024-10-19,Kolkata,unknown,1.5,42.4,7.6,Cloudy,0,15.4
2024-10-20,Kolkata,72,0.9,23.0,5.6,Sunny,0,16.9
2024-10-21,Kolkata,38,94.4,10.5,9.1,Rain,1,14.9
2024-10-22,Kolkata,53,54.2,33.5,7.7,Rain,1,20.9
2024-10-23,Kolkata,93,1.1,28.6,9.6,Cloudy,0,13.333333333333334
2024-10-24,Kolkata,83,65.5,5.7,8.8,Rain,0,14.1
2024-10-25,Kolkata,56,64.3,36.8,8.1,Rain,0,13.2
2024-10-26,Kolkata,30,21.6,18.9,11.3,Rain,0,16.7
2024-10-27,Kolkata,68,2.0,25.7,6.5,Clear,0,12.0
2024-10-28,Kolkata,65,1.1,43.3,1.6,Fog,0,12.1
2024-10-29,Kolkata,85,0.7,11.7,11.9,Clear,0,17.2
2024-10-30,Kolkata,85,0.3,35.2,11.4,Clear,0,19.5
2024-10-31,Kolkata,77,0.3,42.8,8.2,Sunny,0,17.5
2024-02-11,Kolkata,90,0.9,34.2,9.9,Clear,0,16.3
2024-03-11,Kolkata,45,107.6,11.5,11.8,Heavy Rain,0,20.8
2024-11-04,Kolkata,70,0.3,15.2,1.4,Fog,0,16.1
2024-11-05,Kolkata,37,0.4,24.2,11.5,Clear,0,19.1
2024-06-11,Kolkata,50,0.6,17.6,1.1,Fog,0,17.7
2024-11-07,Kolkata,37,112.0,42.8,9.8,Rain,0,19.222222222222218
2024-11-08,Kolkata,71,1.4,9.4,8.5,Cloudy,0,17.4
2024-11-09,Kolkata,45,0.9,2.4,6.3,Cloudy,0,19.4
2024-10-11,Kolkata,68,1.5,18.0,10.1,Sunny,0,24.7
2024-11-11,Kolkata,54,1.2,16.9,8.4,Sunny,0,19.8
2024-11-12,Kolkata,28,1.9,27.0,8.7,Clear,0,18.8
2024-11-13,Kolkata,29,103.2,17.2,7.2,Rain,0,15.6
2024-11-14,Kolkata,65,79.9,3.0,10.7,Heavy Rain,0,14.944444444444445
2024-11-15,Kolkata,89,0.7,43.8,10.3,Sunny,0,13.3
2024-11-17,Kolkata,42,1.2,31.4,6.7,Sunny,0,14.5
2024-11-18,Kolkata,50,21.4,41.0,8.8,Rain,1,24.166666666666668
2024-11-19,Kolkata,36,0.4,34.2,6.0,Sunny,0,21.166666666666664
2024-11-20,Kolkata,65,1.4,18.9,6.3,Sunny,0,57.1
2024-11-21,Kolkata,69,103.7,38.9,7.4,Rain,0,18.8
2024-11-22,Kolkata,70,2.0,13.2,4.5,Cloudy,0,21.5
2024-11-23,Kolkata,74,92.4,12.5,6.3,Rain,1,
2024-11-24,Kolkata,33,1.3,25.7,7.2,Cloudy,0,24.5
2024-11-25,Kolkata,64,1.8,24.8,7.0,Clear,0,19.2
2024-11-26,Kolkata,90,1.5,39.0,4.6,Sunny,0,17.0
2024-11-27,Kolkata,72,0.1,34.3,11.7,Cloudy,0,20.9
2024-11-28,Kolkata,-,59.8,14.6,9.2,Rain,1,22.6
2024-11-29,Kolkata,54,0.8,42.8,4.8,Sunny,0,21.5
2024-11-30,Kolkata,68,0.9,33.0,5.9,Clear,0,23.9
2024-12-01,Kolkata,80,1.8,27.8,8.4,Clear,0,21.8
2024-02-12,Kolkata,66,2.0,32.2,10.8,Cloudy,0,19.8
2024-12-03,Kolkata,78,1.0,42.8,8.8,Cloudy,0,20.4
2024-04-12,Kolkata,32,1.6,21.2,7.7,Cloudy,0,22.4
2024-05-12,Kolkata,63,0.9,6.8,9.7,Cloudy,0,20.5
2024-12-06,Kolkata,33,9.2,40.0,7.4,Rain,1,18.1
2024-12-07,Kolkata,35,1.7,29.2,6.0,Clear,0,22.1
2024-12-08,Kolkata,44,97.8,13.2,4.9,Rain,1,20.0
2024-09-12,Kolkata,38,1.2,37.0,2.7,Fog,0,25.7
2024-12-10,Kolkata,84,0.2,38.1,4.3,Cloudy,0,21.0
2024-12-11,Kolkata,35,1.2,13.3,6.9,Sunny,0,21.7
2024-12-12,Kolkata,92,1.0,33.6,11.4,Clear,0,23.8
2024-12-13,Kolkata,34,38.3,4.0,11.8,Rain,0,19.0
2024-12-14,Kolkata,88,1.6,12.9,11.6,Clear,0,13.2
2024-12-15,Kolkata,40,117.6,32.2,11.9,Heavy Rain,0,21.0
2024-12-16,Kolkata,58,1.0,24.2,6.2,Clear,0,24.3
2024-12-17,Kolkata,96,0.4,27.4,6.1,Clear,0,22.3
2024-12-18,Kolkata,78,112.2,31.2,8.2,Heavy Rain,0,19.7
2024-12-19,Kolkata,94,1.9,42.6,2.4,Fog,0,21.2
2024-12-20,Kolkata,49,1.2,19.9,11.7,Sunny,0,20.1
2024-12-21,Kolkata,90,113.4,33.6,8.1,Heavy Rain,0,77.6
2024-12-22,Kolkata,33,45.3,25.6,7.9,Thunderstorm,0,23.8
2024-12-23,Kolkata,86,0.5,6.7,8.0,Cloudy,0,19.5
2024-12-24,Kolkata,52,1.4,35.8,7.1,Cloudy,0,23.7
2024-12-25,Kolkata,67,91.7,,9.0,Rain,0,20.4
2024-12-26,Kolkata,35,99.7,32.3,9.1,Rain,0,22.7
2024-12-27,Kolkata,53,1.8,33.3,7.6,Sunny,0,21.6
2024-12-28,Kolkata,86,1.4,23.3,9.0,Clear,0,24.555555555555557
2024-12-29,Kolkata,78,96.9,5.6,7.6,Heavy Rain,1,23.1
2024-12-30,Kolkata,93,1.9,28.6,6.3,Clear,0,25.9
2024-12-31,Kolkata,93,1.6,10.8,11.6,Clear,0,22.3
2025-01-01,Kolkata,40,1.0,8.7,8.5,Clear,0,20.3
2025-01-02,Kolkata,-,1.2,25.5,10.1,Clear,0,25.6
2025-03-01,Kolkata,67,95.0,30.3,7.1,Rain,0,22.0
2025-04-01,Kolkata,50,0.9,14.4,2.4,Fog,0,21.1
2025-05-01,Kolkata,28,96.9,35.3,9.4,Thunderstorm,0,24.2
2025-06-01,Kolkata,31,0.3,40.0,8.0,Clear,0,28.111111111111107
2025-07-01,Kolkata,59,1.3,17.2,7.8,Cloudy,0,25.9
2025-01-08,Kolkata,92,96.0,19.3,7.7,Rain,0,25.8
2025-01-09,Kolkata,66,0.1,7.0,8.4,Clear,0,30.4
2025-01-10,Kolkata,85,1.6,44.1,9.8,Clear,0,24.8
2025-11-01,Kolkata,64,0.6,42.0,7.7,Clear,0,24.8
2025-12-01,Kolkata,29,1.7,44.7,11.3,Clear,0,24.1
2025-01-13,Kolkata,57,1.3,15.4,8.3,Clear,0,74.4
2025-01-14,Kolkata,46,0.6,2.6,7.1,Clear,0,
2025-01-15,Kolkata,79,0.7,30.7,9.4,Clear,0,28.277777777777782
2025-01-16,Kolkata,37,0.7,,9.3,Clear,0,26.0
2025-01-17,Kolkata,30,1.4,15.8,4.0,Clear,0,
2025-01-18,Kolkata,67,0.1,38.4,9.3,Clear,0,27.3
2025-01-20,Kolkata,32,1.4,28.1,7.1,Clear,0,24.0
2025-01-21,Kolkata,89,1.1,15.0,6.7,Clear,0,29.4
2025-01-22,Kolkata,48,116.6,35.9,10.0,Rain,0,26.4
2025-01-23,Kolkata,45,1.4,5.7,8.4,Cloudy,0,31.6
2025-01-24,Kolkata,71,1.1,22.2,2.5,Fog,0,25.1
2025-01-25,Kolkata,82,95.4,27.0,9.3,Rain,0,22.0
2025-01-26,Kolkata,46,21.2,12.3,5.5,Rain,0,24.8
2025-01-27,Kolkata,32,0.7,15.4,5.5,Cloudy,0,28.0
2025-01-28,Kolkata,53,41.1,19.4,5.2,Rain,0,24.7
2025-01-29,Kolkata,39,0.7,8.0,9.7,Clear,0,29.6
2025-01-30,Kolkata,97,0.3,10.5,11.0,Clear,0,28.2
2025-01-31,Kolkata,77,1.8,13.0,6.1,Cloudy,0,26.77777777777778
2025-01-02,Kolkata,58,1.8,8.8,11.9,Clear,0,25.0
2025-02-02,Kolkata,96,1.8,28.1,10.7,Sunny,0,32.7
2025-02-03,Kolkata,81,7.5,24.0,6.4,Rain,0,31.5
2025-02-04,Kolkata,49,0.8,34.0,9.9,Clear,0,27.8
2025-05-02,Kolkata,62,0.7,21.9,2.5,Fog,0,27.22222222222222
2025-02-06,Kolkata,66,91.1,26.6,6.6,Rain,0,32.6
2025-02-07,Kolkata,56,1.8,18.0,4.8,Clear,0,31.6
2025-08-02,Kolkata,46,74.0,12.0,10.0,Rain,1,32.611111111111114
2025-09-02,Kolkata,77,1.7,8.5,4.3,Clear,0,28.1
2025-02-10,Kolkata,88,1.9,35.2,8.4,Clear,0,28.7
2025-11-02,Kolkata,47,34.2,23.3,9.4,Rain,0,30.6
2025-12-02,Kolkata,73,1.2,33.8,6.0,Cloudy,0,27.2
2025-02-13,Kolkata,29,70.6,4.7,6.7,Thunderstorm,1,24.6
2025-02-14,Kolkata,72,92.8,16.1,5.1,Rain,0,25.7
2025-02-15,Kolkata,28,1.6,24.2,2.0,Fog,0,27.5
2025-02-16,Kolkata,59,1.1,19.6,5.7,Clear,0,29.2
2025-02-17,Kolkata,81,90.1,37.0,7.2,Thunderstorm,0,29.1
2025-02-18,Kolkata,95,1.0,23.2,4.8,Clear,0,26.7
2025-02-19,Kolkata,50,0.5,40.8,8.4,Clear,0,27.8
2025-02-20,Kolkata,70,1.1,33.4,6.5,Clear,0,25.2
2025-02-21,Kolkata,95,1.8,37.3,10.1,Clear,0,30.5
2025-02-22,Kolkata,47,0.1,37.3,8.3,Cloudy,0,29.6
2025-02-23,Kolkata,64,0.5,41.1,5.2,Cloudy,0,30.3
2025-02-24,Kolkata,72,1.1,22.2,9.3,Clear,0,25.777777777777782
2025-02-25,Kolkata,77,0.3,18.6,5.0,Clear,0,31.666666666666668
2025-02-26,Kolkata,41,0.1,3.1,8.9,Cloudy,0,32.4
2025-02-27,Kolkata,48,25.2,38.6,9.6,Rain,1,32.8
2025-02-28,Kolkata,39,0.8,43.6,10.1,Clear,0,26.7
2025-01-03,Kolkata,35,0.3,18.9,9.1,Clear,0,32.9
2025-02-03,Kolkata,53,1.5,-,2.1,Fog,0,28.9
2025-03-03,Kolkata,58,110.7,35.0,4.3,Heavy Rain,0,30.7
2025-04-03,Kolkata,87,0.2,17.7,1.8,Fog,0,28.3
2025-05-03,Kolkata,unknown,0.9,8.0,7.2,Cloudy,0,29.1
2025-06-03,Kolkata,39,0.7,40.9,11.7,Clear,0,35.833333333333336
2025-03-07,Kolkata,90,0.2,30.2,11.2,Clear,0,35.2
2025-08-03,Kolkata,62,1.1,26.4,8.6,Sunny,0,32.2
2025-03-09,Kolkata,92,78.3,22.8,8.7,Rain,0,28.6
2025-10-03,Kolkata,32,0.7,,9.4,Cloudy,0,29.944444444444443
2025-11-03,Kolkata,70,7.6,18.3,5.5,Rain,0,28.4
2025-03-12,Kolkata,33,1.2,41.5,5.3,Cloudy,0,29.3
2025-03-13,Kolkata,75,1.7,7.2,8.3,Cloudy,0,35.6
2025-03-14,Kolkata,51,112.6,29.4,8.6,Rain,0,28.72222222222222
2025-03-15,Kolkata,93,1.1,16.5,5.0,Cloudy,0,36.1
2025-03-16,Kolkata,67,1.1,3.3,11.8,Clear,0,31.9
2025-03-17,Kolkata,70,1.5,22.3,2.1,Fog,0,32.55555555555556
2025-03-18,Kolkata,54,1.5,9.2,12.0,Cloudy,0,30.7
2025-03-19,Kolkata,92,1.2,28.4,11.0,Clear,0,34.166666666666664
2025-03-20,Kolkata,72,0.2,9.7,8.6,Clear,0,32.333333333333336
2025-03-21,Kolkata,63,0.9,34.3,5.1,Cloudy,0,32.6
2025-03-22,Kolkata,52,1.3,3.3,11.6,Clear,0,36.0
2025-03-23,Kolkata,56,0.1,10.6,1.3,Fog,0,
2025-03-24,Kolkata,97,1.8,31.1,2.5,Fog,0,33.7
2025-03-25,Kolkata,46,115.3,38.8,7.6,Heavy Rain,1,30.6
2025-03-26,Kolkata,73,1.2,17.9,5.3,Clear,0,34.9
2025-03-27,Kolkata,36,0.8,43.7,7.6,Clear,0,35.5
2025-03-28,Kolkata,49,1.0,17.8,5.9,Sunny,0,36.4
2025-03-29,Kolkata,92,1.6,42.9,1.2,Fog,0,33.6
2025-03-30,Kolkata,31,0.2,24.7,7.6,Cloudy,0,29.0
2025-03-31,Kolkata,30,12.2,31.3,9.4,Rain,0,32.5
2025-04-01,Kolkata,30,0.1,19.2,8.8,Clear,0,28.5
2025-04-02,Kolkata,67,0.3,9.1,6.2,Clear,0,31.2
2025-03-04,Kolkata,86,1.1,25.3,7.0,Cloudy,0,29.2
2025-04-04,Kolkata,-,0.9,43.4,9.7,Clear,0,30.6
2025-04-05,Kolkata,91,1.1,14.2,5.6,Cloudy,0,34.3
2025-06-04,Kolkata,56,65.7,36.9,8.6,Thunderstorm,0,30.8
2025-04-07,Kolkata,42,0.0,11.2,9.2,Clear,0,32.6
2025-04-08,Kolkata,40,0.9,16.5,9.0,Cloudy,0,91.6
2025-04-09,Kolkata,90,1.6,20.0,6.8,Clear,0,34.2
2025-04-10,Kolkata,61,0.6,19.3,8.5,Cloudy,0,33.3
2025-04-11,Kolkata,80,1.6,43.9,10.0,Clear,0,27.1
2025-04-12,Kolkata,57,59.2,37.8,9.6,Thunderstorm,1,35.7
2025-04-13,Kolkata,74,81.9,9.0,8.5,Rain,0,33.4
2025-04-14,Kolkata,49,1.9,39.1,2.9,Fog,0,28.1
2025-04-15,Kolkata,88,0.4,4.3,9.1,Clear,0,34.8
2025-04-16,Kolkata,49,0.9,27.2,12.0,Sunny,0,31.6
2025-04-17,Kolkata,55,0.6,3.9,6.6,Cloudy,0,33.5
2025-04-18,Kolkata,91,50.7,3.2,6.9,Rain,0,30.0
2025-04-19,Kolkata,42,0.9,13.8,10.4,Clear,0,
2025-04-20,Kolkata,49,0.6,4.1,6.5,Sunny,0,29.9
2025-04-21,Kolkata,47,1.6,28.4,2.4,Fog,0,
2025-04-22,Kolkata,53,0.5,36.4,0.6,Fog,0,32.7
2025-04-23,Kolkata,62,18.1,13.3,9.9,Heavy Rain,1,30.5
2025-04-24,Kolkata,39,0.7,15.9,1.0,Fog,0,31.0
2025-04-25,Kolkata,76,91.5,10.0,9.9,Rain,0,32.8
2025-04-26,Kolkata,75,0.6,32.4,5.9,Cloudy,0,31.7
2025-04-27,Kolkata,59,18.3,40.8,4.3,Thunderstorm,0,35.1
2025-04-28,Kolkata,49,0.9,44.0,11.0,Clear,0,28.8
2025-04-29,Kolkata,75,56.5,16.3,8.2,Thunderstorm,0,32.0
2025-04-30,Kolkata,49,0.0,30.4,6.0,Clear,0,28.1
2025-05-01,Kolkata,54,0.6,9.1,5.3,Clear,0,28.9
2025-05-02,Kolkata,65,25.9,40.9,6.1,Rain,1,30.8
2025-03-05,Kolkata,90,102.2,12.1,11.4,Rain,0,29.3
2025-04-05,Kolkata,62,0.2,18.4,12.0,Clear,0,31.3
2025-05-05,Kolkata,48,0.5,36.4,10.6,Clear,0,32.8
2025-05-06,Kolkata,70,33.2,44.8,8.1,Rain,1,27.3
2025-05-07,Kolkata,48,1.2,14.6,8.9,Clear,0,30.0
2025-05-09,Kolkata,51,1.1,41.2,9.5,Clear,0,27.8
2025-05-10,Kolkata,86,0.9,6.6,6.0,Cloudy,0,28.2
2025-05-11,Kolkata,32,1.7,31.0,7.4,Cloudy,0,31.5
2025-12-05,Kolkata,92,100.0,39.7,11.2,Rain,0,27.8
2025-05-13,Kolkata,76,28.8,36.7,6.4,Rain,0,28.6
2025-05-14,Kolkata,unknown,34.5,17.8,4.8,Rain,0,79.7
2025-05-15,Kolkata,67,19.1,37.8,8.1,Heavy Rain,0,81.5
2025-05-16,Kolkata,90,1.6,43.3,0.5,Fog,0,24.9
2025-05-17,Kolkata,89,0.7,34.6,9.1,Clear,0,28.8
2025-05-18,Kolkata,55,1.4,33.7,10.1,Clear,0,31.8
2025-05-19,Kolkata,39,1.8,17.4,5.7,Clear,0,30.0
2025-05-20,Kolkata,unknown,0.7,35.9,8.5,Clear,0,33.0
2025-05-21,Kolkata,33,1.0,13.6,10.2,Clear,0,30.3
2025-05-22,Kolkata,62,1.2,25.1,7.8,Clear,0,28.6
2025-05-23,Kolkata,55,1.2,18.9,5.8,Cloudy,0,31.8
2025-05-24,Kolkata,98,8.5,16.1,4.9,Heavy Rain,0,30.3
2025-05-25,Kolkata,92,19.2,5.9,5.2,Rain,0,30.38888888888889
2025-05-26,Kolkata,69,72.2,18.0,10.0,Rain,1,34.9
2025-05-27,Kolkata,50,0.1,28.5,7.2,Clear,0,30.0
2025-05-28,Kolkata,55,68.5,22.6,9.9,Rain,0,29.4
2025-05-29,Kolkata,71,0.9,14.9,7.6,Clear,0,36.6
2025-05-30,Kolkata,85,1.4,33.2,8.2,Clear,0,27.2
2025-05-31,Kolkata,34,1.0,11.4,4.7,Sunny,0,31.9
2025-06-01,Kolkata,85,1.9,unknown,9.8,Clear,0,27.6
2025-06-02,Kolkata,45,0.2,43.6,11.7,Clear,0,22.2
2025-06-03,Kolkata,28,40.4,17.7,8.8,Rain,0,30.6
2025-04-06,Kolkata,76,59.1,21.0,10.4,Thunderstorm,1,26.9
2025-06-05,Kolkata,91,0.1,5.1,10.8,Clear,0,27.5
2025-06-06,Kolkata,61,1.2,26.3,6.7,Cloudy,0,
2025-07-06,Kolkata,66,1.0,33.0,4.6,Cloudy,0,26.888888888888893
2025-06-08,Kolkata,72,50.3,21.5,5.1,Rain,1,30.6
2025-06-09,Kolkata,88,1.6,38.4,11.9,Sunny,0,27.6
2025-06-10,Kolkata,90,1.3,25.7,11.9,Clear,0,28.7
2025-06-11,Kolkata,83,108.1,9.7,6.7,Rain,0,24.0
2025-06-12,Kolkata,47,0.1,36.1,1.0,Fog,0,26.38888888888889
2025-06-13,Kolkata,93,0.3,11.9,9.2,Clear,0,27.5
2025-06-14,Kolkata,31,0.8,3.8,7.3,Clear,0,27.0
2025-06-15,Kolkata,,0.2,2.8,6.6,Clear,0,22.6
2025-06-16,Kolkata,69,1.2,11.7,8.2,Clear,0,24.9
2025-06-17,Kolkata,92,0.5,11.4,9.9,Sunny,0,20.6
2025-06-18,Kolkata,67,1.1,7.9,11.0,Clear,0,28.9
2025-06-19,Kolkata,52,109.6,4.1,7.5,Rain,0,27.3
2025-06-20,Kolkata,93,1.1,14.3,4.6,Cloudy,0,18.3
2025-06-21,Kolkata,51,1.5,39.5,4.7,Sunny,0,26.8
2025-06-22,Kolkata,65,0.2,32.9,11.7,Sunny,0,28.111111111111107
2025-06-23,Kolkata,97,0.7,20.0,8.9,Clear,0,24.7
2025-06-24,Kolkata,92,110.8,41.2,11.2,Heavy Rain,1,23.9
2025-06-25,Kolkata,34,1.0,7.4,6.6,Clear,0,24.5
2025-06-26,Kolkata,82,1.3,41.7,11.5,Clear,0,17.6
2025-06-27,Kolkata,67,0.2,14.1,8.5,Clear,0,23.9
2025-06-28,Kolkata,31,0.6,33.7,6.0,Clear,0,23.0
2025-06-29,Kolkata,67,0.7,16.0,7.2,Clear,0,29.0
2025-06-30,Kolkata,51,0.3,21.3,6.3,Clear,0,17.8
2025-01-07,Kolkata,87,0.6,30.2,4.2,Cloudy,0,26.7
2024-01-01,Ahmedabad,94,60.5,15.0,6.6,Rain,0,24.833333333333332
2024-02-01,Ahmedabad,86,1.8,21.8,9.0,Cloudy,0,28.6
2024-01-03,Ahmedabad,50,0.0,15.5,4.6,Clear,0,
2024-01-04,Ahmedabad,42,0.6,20.7,6.8,Clear,0,22.3
2024-01-05,Ahmedabad,75,1.5,37.5,7.5,Clear,0,23.7
2024-06-01,Ahmedabad,53,0.5,38.1,9.0,Clear,0,25.2
2024-07-01,Ahmedabad,78,1.2,28.1,4.4,Cloudy,0,25.1
2024-01-08,Ahmedabad,55,1.9,14.2,8.5,Cloudy,0,26.5
2024-01-09,Ahmedabad,85,1.4,12.1,4.3,Cloudy,0,26.9
2024-01-10,Ahmedabad,48,2.0,33.9,9.2,Cloudy,0,30.2
2024-11-01,Ahmedabad,80,1.0,29.2,8.6,Clear,0,22.7
2024-01-12,Ahmedabad,67,27.3,34.2,9.9,Rain,1,19.0
2024-01-13,Ahmedabad,36,0.6,13.6,11.4,Clear,0,28.1
2024-01-14,Ahmedabad,76,0.9,44.5,10.3,Clear,0,29.444444444444443
2024-01-15,Ahmedabad,83,33.3,29.0,5.3,Rain,1,19.3
2024-01-16,Ahmedabad,83,1.7,24.4,5.4,Clear,0,33.4
2024-01-17,Ahmedabad,54,1.3,19.2,5.3,Clear,0,28.5
2024-01-18,Ahmedabad,47,112.2,24.7,8.1,Thunderstorm,0,23.9
2024-01-19,Ahmedabad,50,40.5,29.6,5.4,Rain,1,23.8
2024-01-20,Ahmedabad,90,2.0,15.1,0.8,Fog,0,22.0
2024-01-21,Ahmedabad,70,1.9,11.8,6.6,Sunny,0,27.444444444444446
2024-01-22,Ahmedabad,,1.9,42.3,9.1,Clear,0,26.2
2024-01-23,Ahmedabad,46,55.5,6.3,8.5,Rain,1,28.4
2024-01-24,Ahmedabad,87,0.3,42.8,11.1,Clear,0,28.1
2024-01-25,Ahmedabad,57,0.8,21.7,1.7,Fog,0,25.7
2024-01-26,Ahmedabad,65,45.4,23.1,6.8,Rain,0,25.5
2024-01-27,Ahmedabad,72,0.8,31.2,10.3,Cloudy,0,24.0
2024-01-28,Ahmedabad,96,1.2,18.1,8.3,Cloudy,0,28.3
2024-01-29,Ahmedabad,63,1.6,36.3,5.3,Clear,0,23.8
2024-01-30,Ahmedabad,91,61.4,12.6,8.0,Rain,1,28.166666666666668
2024-01-31,Ahmedabad,32,2.0,44.2,5.0,Cloudy,0,30.6
2024-02-01,Ahmedabad,64,0.3,10.9,8.7,Sunny,0,29.1
2024-02-02,Ahmedabad,82,1.0,unknown,7.0,Clear,0,26.9
2024-03-02,Ahmedabad,95,1.0,27.4,5.5,Clear,0,27.9
2024-04-02,Ahmedabad,64,1.1,39.4,2.0,Fog,0,26.5
2024-05-02,Ahmedabad,98,1.5,14.1,8.4,Cloudy,0,32.0
2024-06-02,Ahmedabad,83,1.3,41.3,5.1,Sunny,0,30.4
2024-07-02,Ahmedabad,35,29.4,35.0,6.5,Heavy Rain,0,28.388888888888886
2024-08-02,Ahmedabad,76,0.7,26.4,6.6,Cloudy,0,29.1
2024-09-02,Ahmedabad,87,80.3,28.5,4.0,Thunderstorm,0,28.555555555555557
2024-10-02,Ahmedabad,86,0.4,37.3,10.2,Sunny,0,27.8
2024-11-02,Ahmedabad,86,0.4,29.9,6.8,Clear,0,33.0
2024-12-02,Ahmedabad,84,1.9,20.0,5.7,Clear,0,34.8
2024-02-13,Ahmedabad,95,0.8,9.3,9.3,Sunny,0,34.4
2024-02-14,Ahmedabad,64,1.1,15.2,2.0,Fog,0,25.0
2024-02-15,Ahmedabad,49,69.2,20.6,8.1,Rain,0,27.2
2024-02-16,Ahmedabad,59,1.5,39.7,10.4,Clear,0,24.6
2024-02-17,Ahmedabad,73,0.6,28.1,9.1,Sunny,0,29.3
2024-02-18,Ahmedabad,85,0.7,9.6,8.4,Cloudy,0,32.44444444444444
2024-02-19,Ahmedabad,60,0.1,21.4,4.0,Cloudy,0,30.4
2024-02-20,Ahmedabad,40,1.1,23.4,8.2,Clear,0,26.1
2024-02-21,Ahmedabad,  ,2.0,8.6,11.2,Sunny,0,33.2
2024-02-22,Ahmedabad,74,0.1,30.7,10.9,Clear,0,26.4
2024-02-23,Ahmedabad,75,40.1,14.6,8.9,Heavy Rain,0,32.1
2024-02-24,Ahmedabad,28,0.4,40.8,11.2,Cloudy,0,33.7
2024-02-25,Ahmedabad,57,1.2,5.4,9.4,Clear,0,34.5
2024-02-26,Ahmedabad,,0.0,29.4,6.1,Cloudy,0,31.9
2024-02-27,Ahmedabad,80,0.2,2.3,4.3,Clear,0,31.8
2024-02-28,Ahmedabad,69,1.5,33.0,10.0,Sunny,0,27.7
2024-02-29,Ahmedabad,34,0.4,30.4,8.5,Cloudy,0,29.61111111111111
2024-03-01,Ahmedabad,93,1.5,20.6,5.8,Cloudy,0,32.6
2024-02-03,Ahmedabad,70,1.0,21.3,11.8,Clear,0,32.6
2024-03-03,Ahmedabad,29,100.7,11.4,4.5,Rain,0,32.6
2024-03-04,Ahmedabad,49,39.9,8.3,6.4,Rain,0,29.2
2024-05-03,Ahmedabad,63,8.1,28.6,9.7,Heavy Rain,0,31.72222222222222
2024-03-06,Ahmedabad,79,115.5,35.2,5.8,Rain,0,30.6
2024-07-03,Ahmedabad,75,0.6,25.4,4.9,Cloudy,0,34.166666666666664
2024-08-03,Ahmedabad,70,0.1,25.0,5.0,Cloudy,0,36.9
2024-09-03,Ahmedabad,67,1.7,20.6,7.1,Cloudy,0,33.6
2024-03-10,Ahmedabad,63,1.8,44.1,10.6,Clear,0,23.2
2024-03-11,Ahmedabad,66,1.0,35.8,4.1,Clear,0,31.5
2024-12-03,Ahmedabad,73,0.8,43.2,2.9,Fog,0,28.0
2024-03-13,Ahmedabad,52,0.7,8.6,7.5,Clear,0,33.9
2024-03-14,Ahmedabad,29,0.4,8.2,6.1,Clear,0,32.4
2024-03-15,Ahmedabad,29,1.1,4.3,6.7,Sunny,0,27.6
2024-03-16,Ahmedabad,35,1.8,42.2,10.2,Cloudy,0,31.5
2024-03-17,Ahmedabad,34,1.5,4.0,1.2,Fog,0,31.4
2024-03-18,Ahmedabad,57,1.3,40.8,6.7,Sunny,0,30.11111111111111
2024-03-19,Ahmedabad,47,0.6,25.4,4.5,Sunny,0,35.3
2024-03-20,Ahmedabad,28,115.7,12.1,10.5,Rain,1,35.166666666666664
2024-03-21,Ahmedabad,74,51.8,8.7,11.7,Thunderstorm,0,35.1
2024-03-22,Ahmedabad,89,75.7,16.8,7.3,Thunderstorm,1,34.2
2024-03-23,Ahmedabad,43,2.0,15.9,5.7,Clear,0,30.0
2024-03-24,Ahmedabad,71,60.6,18.8,9.5,Rain,0,30.4
2024-03-25,Ahmedabad,49,1.0,41.4,9.4,Cloudy,0,35.3
2024-03-26,Ahmedabad,56,0.3,24.1,4.8,Cloudy,0,29.055555555555557
2024-03-27,Ahmedabad,35,0.4,31.1,9.3,Clear,0,34.1
2024-03-28,Ahmedabad,34,21.8,32.4,11.0,Rain,0,34.1
2024-03-29,Ahmedabad,73,0.1,27.7,11.4,Cloudy,0,30.8
2024-03-30,Ahmedabad,42,24.5,15.3,5.4,Thunderstorm,1,79.1
2024-03-31,Ahmedabad,59,0.3,32.1,10.1,Clear,0,32.5
2024-01-04,Ahmedabad,98,0.3,29.9,9.6,Sunny,0,26.7
2024-02-04,Ahmedabad,,0.1,3.2,7.1,Clear,0,26.7
2024-04-03,Ahmedabad,80,0.2,4.7,8.5,Clear,0,33.9
2024-04-04,Ahmedabad,73,82.4,9.3,10.0,Rain,0,30.7
2024-04-05,Ahmedabad,32,1.2,20.4,0.5,Fog,0,31.7
2024-06-04,Ahmedabad,78,0.5,33.6,8.8,Sunny,0,36.6
2024-07-04,Ahmedabad,89,1.9,41.0,6.1,Cloudy,0,33.8
2024-08-04,Ahmedabad,61,1.4,28.5,9.7,Clear,0,31.8
2024-04-09,Ahmedabad,29,0.8,40.2,1.4,Fog,0,25.5
2024-04-10,Ahmedabad,58,0.8,42.2,5.2,Cloudy,0,27.5
2024-11-04,Ahmedabad,29,25.8,20.4,7.7,Rain,1,31.9
2024-12-04,Ahmedabad,77,1.1,unknown,11.8,Clear,0,33.6
2024-04-13,Ahmedabad,56,0.4,2.6,6.3,Cloudy,0,29.9
2024-04-14,Ahmedabad,82,94.4,19.6,9.9,Rain,0,31.5
2024-04-15,Ahmedabad,36,0.8,10.0,11.7,Clear,0,30.6
2024-04-16,Ahmedabad,-,0.1,12.5,9.3,Clear,0,31.38888888888889
2024-04-17,Ahmedabad,60,1.1,41.8,10.2,Clear,0,29.8
2024-04-18,Ahmedabad,56,91.8,20.7,6.8,Rain,1,31.77777777777778
2024-04-19,Ahmedabad,53,1.5,8.1,11.1,Clear,0,32.2
2024-04-20,Ahmedabad,,0.6,32.3,6.0,Cloudy,0,34.0
2024-04-21,Ahmedabad,75,0.5,14.2,4.2,Clear,0,25.4
2024-04-22,Ahmedabad,48,59.7,3.0,4.7,Rain,0,32.7
2024-04-23,Ahmedabad,57,1.8,29.4,5.8,Clear,0,41.4
2024-04-24,Ahmedabad,57,79.0,12.6,11.1,Heavy Rain,0,31.9
2024-04-25,Ahmedabad,85,102.4,34.5,10.5,Rain,1,28.9
2024-04-26,Ahmedabad,55,1.3,39.0,11.8,Cloudy,0,26.611111111111114
2024-04-27,Ahmedabad,63,1.2,33.3,6.1,Clear,0,35.0
2024-04-28,Ahmedabad,56,0.8,9.8,2.6,Fog,0,26.7
2024-04-29,Ahmedabad,33,1.8,11.1,9.3,Clear,0,29.4
2024-04-30,Ahmedabad,81,7.6,9.5,7.7,Rain,0,33.8
2024-01-05,Ahmedabad,39,34.2,20.0,5.0,Rain,0,33.2
2024-02-05,Ahmedabad,,88.3,13.4,11.4,Rain,0,32.9
2024-03-05,Ahmedabad,,107.9,18.7,10.2,Rain,0,32.9
2024-04-05,Ahmedabad,30,1.9,8.1,1.3,Fog,0,30.5
2024-05-05,Ahmedabad,63,101.8,14.5,11.8,Rain,0,26.2
2024-06-05,Ahmedabad,50,1.7,32.1,10.7,Cloudy,0,29.0
2024-05-07,Ahmedabad,92,1.5,17.2,9.0,Clear,0,37.4
2024-08-05,Ahmedabad,58,0.0,42.8,11.0,Clear,0,27.4
2024-09-05,Ahmedabad,94,92.6,25.2,9.7,Heavy Rain,0,32.3
2024-10-05,Ahmedabad,78,0.9,11.6,5.7,Clear,0,27.3
2024-11-05,Ahmedabad,62,38.5,31.2,5.9,Rain,1,27.7
2024-05-12,Ahmedabad,58,0.4,38.1,9.3,Clear,0,29.5
2024-05-13,Ahmedabad,85,1.4,32.4,11.8,Clear,0,27.5
2024-05-14,Ahmedabad,82,17.6,15.8,7.4,Rain,0,27.7
2024-05-15,Ahmedabad,81,110.0,14.6,12.0,Thunderstorm,0,29.4
2024-05-16,Ahmedabad,66,0.9,5.3,8.0,Clear,0,27.2
2024-05-17,Ahmedabad,97,118.6,18.7,5.4,Heavy Rain,0,29.1
2024-05-18,Ahmedabad,48,84.8,26.7,4.8,Heavy Rain,0,38.9
2024-05-20,Ahmedabad,62,0.3,27.5,10.3,Clear,0,28.4
2024-05-21,Ahmedabad,69,1.1,16.2,4.1,Clear,0,26.5
2024-05-22,Ahmedabad,30,1.2,11.0,7.1,Clear,0,31.4
2024-05-23,Ahmedabad,59,0.1,11.1,9.4,Clear,0,29.7
2024-05-24,Ahmedabad,84,14.6,29.9,9.1,Rain,1,25.6
2024-05-25,Ahmedabad,73,1.1,17.7,5.0,Cloudy,0,28.055555555555557
2024-05-26,Ahmedabad,50,73.0,35.9,7.2,Heavy Rain,0,28.5
2024-05-27,Ahmedabad,,1.9,4.4,2.5,Fog,0,25.666666666666668
2024-05-28,Ahmedabad,95,1.5,6.5,8.1,Cloudy,0,29.4
2024-05-29,Ahmedabad,50,1.4,18.2,4.0,Cloudy,0,29.2
2024-05-30,Ahmedabad,62,90.9,9.9,9.3,Rain,0,28.7
2024-05-31,Ahmedabad,50,113.9,36.2,6.2,Rain,0,31.0
2024-06-01,Ahmedabad,31,1.0,36.6,4.6,Sunny,0,29.9
2024-06-02,Ahmedabad,74,1.7,9.2,4.0,Clear,0,25.2
2024-06-03,Ahmedabad,63,111.5,44.0,7.4,Rain,0,29.7
2024-04-06,Ahmedabad,89,0.5,6.8,6.5,Cloudy,0,
2024-05-06,Ahmedabad,95,0.7,12.5,1.5,Fog,0,29.0
2024-06-06,Ahmedabad,88,11.5,,8.4,Rain,0,22.9
2024-07-06,Ahmedabad,63,0.2,33.7,11.2,Clear,0,
2024-06-08,Ahmedabad,35,1.8,35.0,4.4,Clear,0,23.5
2024-06-09,Ahmedabad,58,0.5,38.7,10.7,Clear,0,22.2
2024-10-06,Ahmedabad,60,0.3,6.3,11.2,Clear,0,27.2
2024-11-06,Ahmedabad,38,0.9,4.5,9.0,Cloudy,0,25.1
2024-12-06,Ahmedabad,35,18.1,12.6,10.2,Rain,0,29.6
2024-06-13,Ahmedabad,69,1.4,33.4,6.4,Clear,0,23.0
2024-06-14,Ahmedabad,61,1.1,2.3,4.5,Clear,0,30.3
2024-06-15,Ahmedabad,46,1.1,8.1,4.5,Cloudy,0,29.2
2024-06-16,Ahmedabad,86,1.7,24.9,6.5,Clear,0,26.22222222222222
2024-06-17,Ahmedabad,45,40.3,14.2,7.5,Rain,0,25.1
2024-06-18,Ahmedabad,56,0.8,22.7,6.1,Clear,0,27.5
2024-06-19,Ahmedabad,37,1.8,6.6,1.9,Fog,0,27.6
2024-06-20,Ahmedabad,88,1.0,7.3,6.8,Cloudy,0,23.2
2024-06-21,Ahmedabad,46,0.2,10.4,1.8,Fog,0,20.1
2024-06-22,Ahmedabad,41,0.6,43.1,9.1,Sunny,0,28.61111111111111
2024-06-23,Ahmedabad,65,2.0,30.3,3.0,Fog,0,32.2
2024-06-24,Ahmedabad,90,1.2,15.4,8.7,Clear,0,23.8
2024-06-25,Ahmedabad,67,1.1,13.0,7.7,Cloudy,0,22.944444444444443
2024-06-26,Ahmedabad,58,42.8,37.3,4.7,Rain,0,27.3
2024-06-27,Ahmedabad,95,33.5,41.4,7.9,Rain,1,23.4
2024-06-28,Ahmedabad,57,27.3,43.3,9.4,Rain,0,23.1
2024-06-29,Ahmedabad,69,1.2,19.4,6.2,Clear,0,22.9
2024-06-30,Ahmedabad,,1.3,27.8,11.6,Sunny,0,26.6
2024-07-01,Ahmedabad,93,1.8,20.2,9.9,Clear,0,22.0
2024-07-02,Ahmedabad,28,95.8,12.4,7.3,Rain,0,22.3
2024-07-03,Ahmedabad,43,1.6,2.6,10.7,Clear,0,27.5
2024-04-07,Ahmedabad,54,1.3,33.4,5.8,Clear,0,
2024-07-05,Ahmedabad,92,1.0,36.0,8.1,Clear,0,26.3
2024-07-06,Ahmedabad,84,1.2,42.6,5.8,Clear,0,22.2
2024-07-07,Ahmedabad,36,1.5,30.3,10.9,Clear,0,20.6
2024-07-08,Ahmedabad,58,28.6,34.3,11.8,Rain,0,21.3
2024-09-07,Ahmedabad,53,0.4,19.4,10.5,Clear,0,25.4
2024-07-10,Ahmedabad,44,0.5,4.0,7.2,Clear,0,23.8
2024-11-07,Ahmedabad,96,0.7,6.5,6.4,Clear,0,26.8
2024-07-12,Ahmedabad,97,99.2,12.9,7.5,Rain,0,23.2
2024-07-13,Ahmedabad,33,106.5,29.5,11.9,Rain,0,25.5
2024-07-14,Ahmedabad,41,1.4,39.9,7.1,Cloudy,0,21.9
2024-07-15,Ahmedabad,74,0.6,8.3,10.9,Clear,0,22.11111111111111
2024-07-16,Ahmedabad,65,1.9,,6.0,Clear,0,28.8
2024-07-17,Ahmedabad,63,0.5,17.2,6.4,Cloudy,0,24.9
2024-07-18,Ahmedabad,95,0.7,29.0,10.0,Clear,0,21.2
2024-07-19,Ahmedabad,95,0.0,27.3,6.4,Clear,0,21.8
2024-07-20,Ahmedabad,80,0.5,26.4,5.2,Cloudy,0,25.2
2024-07-21,Ahmedabad,72,1.7,11.4,9.4,Clear,0,18.2
2024-07-22,Ahmedabad,,0.4,31.6,10.0,Clear,0,20.0
2024-07-24,Ahmedabad,60,1.3,2.7,10.7,Clear,0,20.8
2024-07-25,Ahmedabad,30,96.2,23.3,5.0,Thunderstorm,1,20.8
2024-07-26,Ahmedabad,89,1.8,36.5,6.3,Clear,0,24.3
2024-07-27,Ahmedabad,76,0.3,6.7,6.2,Clear,0,19.9
2024-07-28,Ahmedabad,75,0.4,39.8,2.1,Fog,0,18.8
2024-07-29,Ahmedabad,54,1.3,36.4,5.9,Clear,0,15.9
2024-07-30,Ahmedabad,54,108.6,13.8,9.5,Rain,0,22.5
2024-07-31,Ahmedabad,85,1.9,8.2,7.2,Clear,0,69.2
2024-01-08,Ahmedabad,91,0.2,42.5,8.8,Sunny,0,20.5
2024-08-02,Ahmedabad,29,0.4,40.8,8.0,Clear,0,20.5
2024-03-08,Ahmedabad,95,7.0,15.7,11.4,Rain,0,25.4
2024-08-04,Ahmedabad,40,1.7,10.5,10.6,Clear,0,24.72222222222222
2024-08-05,Ahmedabad,80,0.7,19.0,11.6,Clear,0,
2024-08-06,Ahmedabad,44,0.6,3.4,7.7,Clear,0,21.555555555555557
2024-07-08,Ahmedabad,53,1.2,22.4,11.4,Clear,0,20.2
2024-08-08,Ahmedabad,59,0.6,10.7,5.0,Clear,0,20.0
2024-08-09,Ahmedabad,33,1.0,31.3,6.4,Cloudy,0,19.8
2024-08-10,Ahmedabad,65,1.8,30.0,2.7,Fog,0,19.777777777777775
2024-11-08,Ahmedabad,80,1.4,22.6,9.6,Clear,0,20.1
2024-12-08,Ahmedabad,46,0.4,16.8,7.5,Cloudy,0,19.4
2024-08-13,Ahmedabad,56,64.5,37.6,5.5,Thunderstorm,0,17.6
2024-08-14,Ahmedabad,84,0.8,18.4,4.5,Clear,0,61.9
2024-08-15,Ahmedabad,34,1.7,7.2,8.2,Cloudy,0,16.1
2024-08-16,Ahmedabad,68,1.9,28.9,4.6,Clear,0,21.6
2024-08-17,Ahmedabad,87,1.6,19.5,11.2,Cloudy,0,25.6
2024-08-18,Ahmedabad,92,0.8,14.3,9.4,Clear,0,20.0
2024-08-19,Ahmedabad,42,0.3,4.6,10.3,Cloudy,0,16.4
2024-08-20,Ahmedabad,-,0.2,31.9,0.7,Fog,0,57.5
2024-08-21,Ahmedabad,,25.8,3.1,11.8,Thunderstorm,0,16.166666666666668
2024-08-22,Ahmedabad,32,1.2,20.1,11.0,Clear,0,14.444444444444445
2024-08-23,Ahmedabad,54,96.6,33.8,9.6,Rain,0,20.5
2024-08-24,Ahmedabad,30,46.1,4.4,4.9,Thunderstorm,0,15.7
2024-08-25,Ahmedabad,85,1.3,19.1,6.6,Sunny,0,19.0
2024-08-26,Ahmedabad,39,1.6,16.1,8.7,Cloudy,0,19.5
2024-08-27,Ahmedabad,40,1.2,35.5,9.6,Cloudy,0,13.3
2024-08-28,Ahmedabad,31,0.5,9.8,9.9,Cloudy,0,15.0
2024-08-29,Ahmedabad,43,1.1,40.5,5.6,Clear,0,16.944444444444443
2024-08-30,Ahmedabad,69,0.9,42.0,10.1,Clear,0,15.8
2024-08-31,Ahmedabad,41,1.2,32.9,6.5,Clear,0,11.1
2024-01-09,Ahmedabad,41,0.8,4.6,8.9,Clear,0,56.8
2024-09-02,Ahmedabad,98,1.1,3.8,8.7,Clear,0,13.5
2024-03-09,Ahmedabad,84,1.6,8.3,6.6,Sunny,0,15.6
2024-09-04,Ahmedabad,47,90.2,39.5,4.9,Rain,0,16.0
2024-09-05,Ahmedabad,,0.0,32.1,6.7,Clear,0,13.1
2024-06-09,Ahmedabad,76,0.6,18.6,6.7,Cloudy,0,21.1
2024-09-07,Ahmedabad,52,97.6,26.0,9.9,Rain,0,15.5
2024-09-08,Ahmedabad,50,35.5,27.0,9.9,Thunderstorm,0,15.9
2024-09-09,Ahmedabad,78,20.5,37.2,5.9,Heavy Rain,0,9.8
2024-09-10,Ahmedabad,82,1.5,24.6,10.4,Clear,0,18.1
2024-11-09,Ahmedabad,,0.2,6.8,8.1,Clear,0,57.4
2024-09-12,Ahmedabad,62,12.7,20.1,5.1,Rain,1,13.5
2024-09-13,Ahmedabad,52,1.3,43.6,10.2,Clear,0,17.3
2024-09-14,Ahmedabad,28,38.6,36.2,5.5,Thunderstorm,1,20.2
2024-09-15,Ahmedabad,79,0.9,33.8,5.8,Sunny,0,14.6
2024-09-16,Ahmedabad,29,65.2,27.5,9.9,Heavy Rain,0,19.5
2024-09-17,Ahmedabad,72,0.3,41.1,11.5,Cloudy,0,14.8
2024-09-18,Ahmedabad,35,95.3,21.9,9.2,Rain,1,17.9
2024-09-19,Ahmedabad,55,32.6,41.0,4.6,Heavy Rain,0,16.8
2024-09-20,Ahmedabad,47,1.0,28.5,11.4,Clear,0,13.3
2024-09-21,Ahmedabad,58,2.0,15.9,7.5,Cloudy,0,16.1
2024-09-22,Ahmedabad,79,1.8,8.8,10.8,Clear,0,13.944444444444445
2024-09-23,Ahmedabad,80,1.6,4.2,0.7,Fog,0,17.6
2024-09-24,Ahmedabad,90,0.8,32.0,7.8,Cloudy,0,17.0
2024-09-25,Ahmedabad,41,1.4,14.4,10.4,Sunny,0,17.0
2024-09-26,Ahmedabad,64,0.7,39.1,8.8,Clear,0,11.7
2024-09-27,Ahmedabad,52,115.6,31.1,7.1,Rain,1,19.6
2024-09-28,Ahmedabad,57,21.9,31.4,9.4,Thunderstorm,0,15.9
2024-09-29,Ahmedabad,46,1.5,13.3,6.8,Clear,0,18.7
2024-09-30,Ahmedabad,48,1.6,33.6,10.3,Clear,0,17.3
2024-10-01,Ahmedabad,55,102.0,18.6,10.5,Rain,0,15.7
2024-02-10,Ahmedabad,93,5.3,5.6,7.8,Heavy Rain,0,12.7
2024-03-10,Ahmedabad,85,1.5,24.6,7.9,Clear,0,16.1
2024-04-10,Ahmedabad,71,0.8,11.3,5.5,Clear,0,10.8
2024-05-10,Ahmedabad,78,1.0,17.4,6.7,Clear,0,
2024-10-06,Ahmedabad,28,1.6,14.9,8.3,Sunny,0,11.7
2024-10-07,Ahmedabad,38,75.2,19.3,11.0,Rain,0,16.3
2024-08-10,Ahmedabad,33,67.1,21.3,10.7,Thunderstorm,0,18.9
2024-09-10,Ahmedabad,62,60.5,23.0,4.4,Thunderstorm,0,11.500000000000002
2024-10-10,Ahmedabad,74,1.7,35.0,10.9,Sunny,0,18.3
2024-11-10,Ahmedabad,51,0.4,30.9,9.7,Clear,0,15.0
2024-12-10,Ahmedabad,53,1.0,4.0,10.2,Clear,0,15.5
2024-10-13,Ahmedabad,47,18.3,5.1,9.6,Rain,1,19.555555555555557
2024-10-14,Ahmedabad,61,0.0,3.9,11.9,Clear,0,17.6
2024-10-15,Ahmedabad,28,1.5,19.5,10.3,Cloudy,0,17.2
2024-10-16,Ahmedabad,54,102.2,26.1,9.5,Rain,0,14.8
2024-10-17,Ahmedabad,71,0.1,43.0,11.9,Clear,0,17.0
2024-10-18,Ahmedabad,68,0.2,41.1,7.4,Clear,0,15.1
2024-10-19,Ahmedabad,32,90.6,34.6,4.2,Thunderstorm,0,14.7
2024-10-20,Ahmedabad,40,57.7,11.1,11.9,Rain,1,
2024-10-21,Ahmedabad,68,0.8,23.4,11.4,Clear,0,17.2
2024-10-22,Ahmedabad,66,1.5,17.5,7.0,Cloudy,0,21.0
2024-10-24,Ahmedabad,28,1.5,40.4,2.6,Fog,0,17.0
2024-10-25,Ahmedabad,46,1.8,7.2,5.5,Clear,0,17.2
2024-10-26,Ahmedabad,33,2.0,21.0,11.8,Clear,0,16.333333333333332
2024-10-27,Ahmedabad,87,2.0,10.3,9.2,Sunny,0,19.3
2024-10-28,Ahmedabad,69,0.4,5.5,7.7,Clear,0,18.0
2024-10-29,Ahmedabad,86,113.8,44.2,7.0,Heavy Rain,1,16.444444444444443
2024-10-30,Ahmedabad,55,0.4,6.6,8.8,Clear,0,20.4
2024-10-31,Ahmedabad,58,0.8,22.6,7.4,Cloudy,0,16.0
2024-11-01,Ahmedabad,63,1.2,21.7,8.4,Sunny,0,60.0
2024-11-02,Ahmedabad,88,1.2,34.5,11.7,Clear,0,20.9
2024-11-03,Ahmedabad,85,1.4,30.3,9.8,Clear,0,16.3
2024-04-11,Ahmedabad,41,26.5,27.9,11.5,Thunderstorm,1,21.4
2024-05-11,Ahmedabad,63,42.4,22.2,8.2,Thunderstorm,1,24.27777777777778
2024-11-06,Ahmedabad,70,34.5,22.0,11.0,Rain,1,12.555555555555555
2024-07-11,Ahmedabad,,1.6,14.7,4.1,Cloudy,0,20.7
2024-08-11,Ahmedabad,85,0.1,23.3,8.7,Clear,0,21.8
2024-11-09,Ahmedabad,28,23.8,35.5,7.1,Thunderstorm,0,18.4
2024-10-11,Ahmedabad,82,1.1,10.9,12.0,Clear,0,23.6
2024-11-11,Ahmedabad,30,111.0,36.2,4.3,Rain,0,15.8
2024-11-12,Ahmedabad,55,1.8,10.0,0.7,Fog,0,25.055555555555554
2024-11-13,Ahmedabad,88,1.7,10.0,7.1,Clear,0,17.7
2024-11-14,Ahmedabad,40,0.0,2.3,2.3,Fog,0,19.3
2024-11-15,Ahmedabad,,77.1,12.6,10.5,Rain,1,15.7
2024-11-16,Ahmedabad,92,1.2,30.7,9.6,Sunny,0,18.0
2024-11-17,Ahmedabad,41,1.5,36.1,7.6,Cloudy,0,10.2
2024-11-18,Ahmedabad,48,1.1,19.1,10.1,Clear,0,13.8
2024-11-19,Ahmedabad,38,1.8,9.7,4.8,Cloudy,0,17.3
2024-11-20,Ahmedabad,34,1.6,41.1,9.1,Clear,0,19.055555555555557
2024-11-21,Ahmedabad,77,1.0,27.9,6.8,Cloudy,0,17.1
2024-11-22,Ahmedabad,85,1.0,40.9,6.2,Cloudy,0,14.8
2024-11-23,Ahmedabad,45,0.1,23.7,9.0,Clear,0,19.1
2024-11-24,Ahmedabad,35,0.5,44.0,4.1,Clear,0,21.6
2024-11-25,Ahmedabad,82,85.2,3.7,4.3,Rain,1,16.1
2024-11-26,Ahmedabad,76,1.9,37.5,4.1,Cloudy,0,20.055555555555554
2024-11-27,Ahmedabad,65,0.9,22.4,9.1,Clear,0,18.1
2024-11-28,Ahmedabad,,1.8,44.2,1.5,Fog,0,21.0
2024-11-29,Ahmedabad,29,0.8,  ,9.5,Cloudy,0,23.0
2024-11-30,Ahmedabad,53,76.5,30.3,10.8,Rain,1,18.3
2024-01-12,Ahmedabad,89,0.2,33.1,1.2,Fog,0,18.3
2024-02-12,Ahmedabad,70,79.5,14.4,4.9,Thunderstorm,0,23.4
2024-12-03,Ahmedabad,48,0.8,34.5,6.4,Cloudy,0,21.3
2024-04-12,Ahmedabad,43,1.2,39.8,8.0,Sunny,0,61.8
2024-05-12,Ahmedabad,74,1.7,34.9,8.1,Clear,0,22.1
2024-06-12,Ahmedabad,78,22.4,2.3,5.7,Rain,0,16.8
2024-12-07,Ahmedabad,46,1.5,2.8,4.2,Sunny,0,28.9
2024-12-08,Ahmedabad,62,0.9,27.8,4.5,Clear,0,17.3
2024-12-09,Ahmedabad,40,1.5,30.2,4.5,Sunny,0,23.0
2024-10-12,Ahmedabad,53,44.9,25.1,4.6,Rain,0,19.3
2024-11-12,Ahmedabad,,1.6,42.4,5.5,Clear,0,24.3
2024-12-12,Ahmedabad,94,0.1,31.1,6.1,Cloudy,0,19.6
2024-12-13,Ahmedabad,56,1.5,11.4,4.9,Sunny,0,18.0
2024-12-14,Ahmedabad,46,0.4,11.7,0.8,Fog,0,19.6
2024-12-15,Ahmedabad,68,0.6,26.0,9.6,Clear,0,25.7
2024-12-16,Ahmedabad,42,50.6,20.0,5.7,Rain,1,18.6
2024-12-17,Ahmedabad,60,1.1,35.5,6.1,Cloudy,0,24.2
2024-12-18,Ahmedabad,75,1.3,22.4,8.9,Clear,0,20.72222222222222
2024-12-19,Ahmedabad,61,0.9,26.6,4.2,Clear,0,20.8
2024-12-20,Ahmedabad,36,1.7,3.9,6.2,Sunny,0,27.5
2024-12-21,Ahmedabad,95,0.1,24.0,6.6,Clear,0,
2024-12-22,Ahmedabad,39,0.1,31.2,4.7,Clear,0,22.6
2024-12-23,Ahmedabad,unknown,0.1,35.0,8.9,Sunny,0,22.6
2024-12-24,Ahmedabad,80,110.5,8.5,7.5,Thunderstorm,0,23.7
2024-12-25,Ahmedabad,30,66.5,17.6,6.6,Rain,1,19.8
2024-12-26,Ahmedabad,34,1.7,3.6,8.8,Cloudy,0,16.2
2024-12-27,Ahmedabad,72,1.0,42.4,6.9,Clear,0,24.8
2024-12-28,Ahmedabad,34,1.6,26.4,8.3,Clear,0,
2024-12-29,Ahmedabad,73,22.0,3.6,9.5,Rain,0,21.5
2024-12-30,Ahmedabad,73,82.7,33.8,10.1,Rain,0,25.3
2024-12-31,Ahmedabad,91,84.6,5.5,10.5,Heavy Rain,1,22.6
2025-01-01,Ahmedabad,44,0.7,2.7,4.2,Sunny,0,24.8
2025-02-01,Ahmedabad,70,14.4,2.4,8.1,Rain,0,23.77777777777778
2025-01-03,Ahmedabad,66,1.8,9.6,4.9,Cloudy,0,23.22222222222222
2025-01-04,Ahmedabad,28,1.4,7.6,5.4,Clear,0,26.8
2025-05-01,Ahmedabad,60,22.6,33.6,9.3,Rain,0,25.2
2025-01-06,Ahmedabad,86,104.5,14.8,9.9,Rain,0,29.1
2025-01-07,Ahmedabad,77,1.9,36.1,6.5,Cloudy,0,23.6
2025-01-08,Ahmedabad,45,70.1,30.6,10.7,Rain,0,21.4
2025-01-09,Ahmedabad,40,117.0,5.0,6.8,Rain,1,22.2
2025-10-01,Ahmedabad,31,1.6,21.9,7.2,Cloudy,0,23.7
2025-01-11,Ahmedabad,96,73.9,6.4,10.6,Heavy Rain,1,25.7
2025-12-01,Ahmedabad,32,1.0,12.8,9.6,Clear,0,25.1
2025-01-13,Ahmedabad,59,1.9,13.8,5.6,Clear,0,21.7
2025-01-14,Ahmedabad,29,0.5,42.1,11.3,Clear,0,21.4
2025-01-15,Ahmedabad,42,92.3,2.8,11.9,Rain,0,26.4
2025-01-16,Ahmedabad,90,93.9,17.7,7.1,Heavy Rain,0,26.1
2025-01-17,Ahmedabad,66,14.3,2.5,5.8,Heavy Rain,0,28.5
2025-01-18,Ahmedabad,40,0.2,17.9,9.1,Cloudy,0,30.6
2025-01-19,Ahmedabad,74,1.4,10.5,8.1,Cloudy,0,88.2
2025-01-20,Ahmedabad,52,2.0,6.1,4.5,Sunny,0,28.3
2025-01-21,Ahmedabad,40,2.0,9.5,9.0,Clear,0,27.9
2025-01-22,Ahmedabad,69,0.4,28.5,4.0,Clear,0,24.1
2025-01-23,Ahmedabad,47,1.7,40.7,10.4,Clear,0,26.7
2025-01-24,Ahmedabad,98,0.8,7.8,11.8,Clear,0,23.6
2025-01-25,Ahmedabad,65,0.7,39.7,9.6,Clear,0,24.7
2025-01-26,Ahmedabad,69,0.8,23.2,12.0,Clear,0,27.3
2025-01-27,Ahmedabad,34,0.9,35.9,10.7,Clear,0,24.7
2025-01-28,Ahmedabad,42,75.0,19.3,6.4,Thunderstorm,0,24.8
2025-01-29,Ahmedabad,52,0.2,38.1,1.8,Fog,0,27.6
2025-01-30,Ahmedabad,63,2.0,43.1,4.5,Sunny,0,26.5
2025-01-31,Ahmedabad,31,1.3,30.5,4.5,Clear,0,26.8
2025-02-01,Ahmedabad,66,0.8,36.7,4.7,Clear,0,27.6
2025-02-02,Ahmedabad,95,21.7,5.9,6.4,Heavy Rain,0,25.5
2025-03-02,Ahmedabad,92,0.8,4.8,11.5,Sunny,0,28.4
2025-02-04,Ahmedabad,56,1.3,42.6,4.1,Clear,0,25.0
2025-05-02,Ahmedabad,78,1.6,  ,5.3,Cloudy,0,25.5
2025-02-06,Ahmedabad,83,52.9,34.7,8.9,Rain,0,32.9
2025-02-07,Ahmedabad,65,7.0,42.0,5.5,Rain,0,32.1
2025-02-08,Ahmedabad,,22.2,38.7,5.3,Rain,1,28.6
2025-09-02,Ahmedabad,91,0.1,27.3,4.2,Clear,0,33.8
2025-10-02,Ahmedabad,69,30.7,6.7,4.7,Rain,1,30.6
2025-02-11,Ahmedabad,61,0.0,8.4,6.9,Cloudy,0,26.3
2025-12-02,Ahmedabad,63,1.3,32.4,6.0,Clear,0,26.0
2025-02-13,Ahmedabad,66,0.2,40.6,8.9,Sunny,0,27.5
2025-02-14,Ahmedabad,71,0.0,26.3,6.3,Clear,0,27.2
2025-02-15,Ahmedabad,68,1.8,29.6,9.3,Clear,0,26.3
2025-02-16,Ahmedabad,75,38.3,41.7,8.8,Rain,0,29.5
2025-02-17,Ahmedabad,46,1.7,45.0,9.7,Cloudy,0,30.4
2025-02-18,Ahmedabad,45,1.3,5.4,8.2,Clear,0,31.8
2025-02-19,Ahmedabad,56,16.9,-,10.3,Heavy Rain,0,23.5
2025-02-20,Ahmedabad,75,85.7,41.2,10.1,Thunderstorm,0,34.4
2025-02-21,Ahmedabad,39,0.2,31.1,6.1,Clear,0,32.1
2025-02-22,Ahmedabad,97,0.6,8.6,7.4,Cloudy,0,34.5
2025-02-23,Ahmedabad,73,1.6,22.0,10.6,Sunny,0,29.2
2025-02-24,Ahmedabad,78,0.1,12.7,7.3,Clear,0,30.9
2025-02-25,Ahmedabad,85,1.0,5.7,2.6,Fog,0,34.1
2025-02-26,Ahmedabad,48,0.0,4.8,4.5,Clear,0,29.22222222222222
2025-02-27,Ahmedabad,67,65.4,12.1,10.4,Heavy Rain,0,28.1
2025-02-28,Ahmedabad,50,74.4,7.1,11.2,Rain,0,33.9
2025-03-01,Ahmedabad,30,0.8,33.0,10.3,Clear,0,31.555555555555557
2025-02-03,Ahmedabad,28,0.2,41.3,8.0,Clear,0,29.6
2025-03-04,Ahmedabad,-,1.3,15.2,7.7,Clear,0,30.2
2025-05-03,Ahmedabad,45,74.1,26.8,7.0,Rain,0,32.0
2025-03-06,Ahmedabad,58,1.3,37.2,5.3,Cloudy,0,32.6
2025-03-07,Ahmedabad,94,1.5,44.4,9.1,Clear,0,29.9
2025-08-03,Ahmedabad,91,1.2,6.6,8.3,Clear,0,31.1
2025-03-09,Ahmedabad,52,113.1,25.9,9.0,Rain,0,30.9
2025-03-10,Ahmedabad,85,87.6,33.5,6.0,Rain,0,31.1
2025-03-11,Ahmedabad,98,96.0,24.7,6.6,Thunderstorm,0,91.6
2025-03-12,Ahmedabad,84,116.4,,11.1,Rain,0,35.2
2025-03-13,Ahmedabad,43,1.5,9.8,11.4,Cloudy,0,25.8
2025-03-14,Ahmedabad,80,113.5,2.7,11.9,Thunderstorm,0,30.2
2025-03-15,Ahmedabad,76,0.1,42.1,8.6,Cloudy,0,34.0
2025-03-16,Ahmedabad,63,1.5,33.6,4.9,Clear,0,29.2
2025-03-17,Ahmedabad,64,1.3,19.9,4.0,Clear,0,33.1
2025-03-18,Ahmedabad,71,0.7,35.5,7.7,Clear,0,30.5
2025-03-19,Ahmedabad,71,0.8,28.0,8.1,Sunny,0,40.9
2025-03-20,Ahmedabad,70,1.4,19.2,2.1,Fog,0,29.8
2025-03-21,Ahmedabad,47,1.2,27.7,7.7,Cloudy,0,31.7
2025-03-22,Ahmedabad,76,2.0,20.5,4.7,Clear,0,28.3
2025-03-23,Ahmedabad,94,1.8,6.0,6.5,Clear,0,30.9
2025-03-24,Ahmedabad,36,1.2,26.6,8.2,Clear,0,28.5
2025-03-25,Ahmedabad,61,112.1,20.3,4.9,Rain,0,31.8
2025-03-26,Ahmedabad,33,1.0,41.5,11.4,Cloudy,0,32.7
2025-03-27,Ahmedabad,95,1.7,29.0,9.0,Clear,0,34.388888888888886
2025-03-28,Ahmedabad,55,0.0,37.9,5.9,Cloudy,0,32.6
2025-03-29,Ahmedabad,32,1.1,38.4,6.1,Clear,0,35.9
2025-03-30,Ahmedabad,unknown,1.9,38.9,1.8,Fog,0,34.5
2025-01-04,Ahmedabad,82,66.1,20.2,5.6,Rain,1,35.9
2025-04-02,Ahmedabad,33,37.7,30.7,9.5,Rain,0,28.4
2025-03-04,Ahmedabad,79,0.3,40.4,1.9,Fog,0,30.3
2025-04-04,Ahmedabad,36,1.9,10.4,11.3,Cloudy,0,35.2
2025-05-04,Ahmedabad,96,0.5,24.5,8.5,Clear,0,32.2
2025-06-04,Ahmedabad,43,1.6,2.1,4.9,Sunny,0,33.6
2025-04-07,Ahmedabad,35,1.3,33.7,11.7,Sunny,0,29.9
2025-08-04,Ahmedabad,75,1.4,34.6,1.2,Fog,0,33.7
2025-09-04,Ahmedabad,97,1.5,3.3,11.4,Sunny,0,34.44444444444444
2025-10-04,Ahmedabad,33,0.3,34.3,9.2,Clear,0,30.2
2025-04-11,Ahmedabad,76,1.0,19.5,7.5,Clear,0,25.8
2025-12-04,Ahmedabad,49,79.9,33.9,10.9,Heavy Rain,0,
2025-04-13,Ahmedabad,39,117.3,19.5,7.8,Rain,0,35.0
2025-04-14,Ahmedabad,61,0.5,,4.2,Sunny,0,29.7
2025-04-15,Ahmedabad,,1.8,24.5,9.5,Sunny,0,27.3
2025-04-16,Ahmedabad,49,0.6,31.3,5.8,Clear,0,30.0
2025-04-17,Ahmedabad,41,62.4,33.6,6.6,Thunderstorm,1,28.0
2025-04-18,Ahmedabad,69,1.3,38.8,7.3,Clear,0,30.944444444444443
2025-04-19,Ahmedabad,36,65.0,37.9,9.6,Rain,0,31.0
2025-04-20,Ahmedabad,59,76.8,34.5,8.5,Rain,0,32.8
2025-04-21,Ahmedabad,35,0.0,4.0,2.6,Fog,0,28.9
2025-04-22,Ahmedabad,97,105.9,39.3,8.1,Rain,0,26.8
2025-04-23,Ahmedabad,34,115.8,10.2,6.7,Thunderstorm,0,38.3
2025-04-24,Ahmedabad,59,1.9,33.0,11.2,Clear,0,29.8
2025-04-25,Ahmedabad,60,1.5,28.2,9.5,Clear,0,34.3
2025-04-26,Ahmedabad,86,1.7,19.1,11.3,Clear,0,32.5
2025-04-27,Ahmedabad,59,1.8,7.0,3.0,Fog,0,32.0
2025-04-28,Ahmedabad,75,1.6,21.8,4.4,Clear,0,31.7
2025-04-29,Ahmedabad,76,80.8,24.4,10.1,Rain,0,36.5
2025-04-30,Ahmedabad,33,1.8,41.8,2.6,Fog,0,34.9
2025-05-01,Ahmedabad,94,104.0,3.4,4.3,Heavy Rain,0,32.7
2025-02-05,Ahmedabad,40,0.7,31.7,2.6,Fog,0,
2025-05-03,Ahmedabad,,94.0,27.1,10.7,Thunderstorm,1,36.9
2025-05-04,Ahmedabad,77,0.6,18.6,7.7,Clear,0,33.2
2025-05-05,Ahmedabad,90,16.6,16.6,10.4,Heavy Rain,0,
2025-06-05,Ahmedabad,53,56.4,unknown,9.8,Heavy Rain,0,33.7
2025-07-05,Ahmedabad,39,108.3,17.8,11.0,Rain,0,30.9
2025-05-08,Ahmedabad,63,0.5,38.9,9.3,Clear,0,34.3
2025-05-09,Ahmedabad,60,1.1,23.7,9.2,Cloudy,0,30.9
2025-05-10,Ahmedabad,45,0.1,6.2,4.6,Cloudy,0,34.2
2025-05-11,Ahmedabad,34,0.4,16.6,7.0,Cloudy,0,27.6
2025-05-12,Ahmedabad,  ,0.6,5.4,7.3,Clear,0,25.2
2025-05-13,Ahmedabad,45,1.6,39.6,5.4,Clear,0,29.0
2025-05-14,Ahmedabad,32,0.3,2.0,7.5,Cloudy,0,33.3
2025-05-15,Ahmedabad,81,1.4,11.1,8.8,Cloudy,0,30.6
2025-05-16,Ahmedabad,68,1.9,7.5,6.8,Sunny,0,27.8
2025-05-17,Ahmedabad,43,0.3,22.6,10.6,Cloudy,0,35.8
2025-05-18,Ahmedabad,56,0.0,29.2,4.6,Clear,0,35.888888888888886
2025-05-19,Ahmedabad,81,1.4,44.1,7.3,Clear,0,25.8
2025-05-20,Ahmedabad,43,55.4,4.8,10.2,Thunderstorm,1,
2025-05-21,Ahmedabad,72,1.5,11.4,5.0,Cloudy,0,26.6
2025-05-22,Ahmedabad,97,42.2,29.3,11.4,Thunderstorm,0,26.9
2025-05-23,Ahmedabad,64,12.5,32.3,10.1,Rain,0,33.0
2025-05-24,Ahmedabad,,95.7,6.5,11.9,Rain,0,24.5
2025-05-25,Ahmedabad,31,1.2,42.4,1.0,Fog,0,81.4
2025-05-26,Ahmedabad,90,1.8,17.8,8.2,Clear,0,29.6
2025-05-27,Ahmedabad,63,1.5,35.3,12.0,Cloudy,0,34.8
2025-05-28,Ahmedabad,35,1.6,16.1,11.5,Clear,0,28.8
2025-05-29,Ahmedabad,91,0.2,27.7,11.1,Clear,0,25.6
2025-05-30,Ahmedabad,49,1.3,7.8,9.6,Sunny,0,37.4
2025-05-31,Ahmedabad,44,2.0,10.7,5.7,Clear,0,24.3
2025-01-06,Ahmedabad,66,1.6,33.3,5.2,Clear,0,24.6
2025-02-06,Ahmedabad,76,1.2,30.8,8.2,Clear,0,25.9
2025-06-03,Ahmedabad,86,26.2,5.7,5.9,Rain,0,27.8
2025-04-06,Ahmedabad,70,0.7,18.7,7.9,Clear,0,32.9
2025-06-05,Ahmedabad,72,34.2,24.0,8.5,Rain,1,30.4
2025-06-06,Ahmedabad,34,1.5,7.1,9.8,Clear,0,20.7
2025-06-07,Ahmedabad,57,0.9,38.8,11.7,Cloudy,0,27.1
2025-06-08,Ahmedabad,97,0.9,30.5,1.8,Fog,0,29.2
2025-09-06,Ahmedabad,69,0.1,27.2,5.1,Clear,0,24.7
2025-06-10,Ahmedabad,65,109.6,33.0,9.9,Thunderstorm,0,22.4
2025-06-11,Ahmedabad,78,27.4,3.6,6.0,Rain,1,22.3
2025-06-12,Ahmedabad,42,1.2,12.2,10.3,Sunny,0,26.4
2025-06-13,Ahmedabad,53,89.1,39.5,11.2,Thunderstorm,0,33.1
2025-06-14,Ahmedabad,95,53.4,16.2,11.3,Rain,0,27.9
2025-06-15,Ahmedabad,85,1.4,43.6,9.4,Clear,0,
2025-06-16,Ahmedabad,45,0.1,11.6,8.1,Cloudy,0,26.2
2025-06-17,Ahmedabad,55,1.0,20.1,11.7,Cloudy,0,21.1
2025-06-18,Ahmedabad,97,1.4,28.4,5.6,Clear,0,27.0
2025-06-19,Ahmedabad,29,98.0,3.5,7.3,Rain,0,70.3
2025-06-20,Ahmedabad,49,1.5,36.9,11.6,Clear,0,24.6
2025-06-21,Ahmedabad,85,0.0,20.1,9.4,Cloudy,0,29.8
2025-06-22,Ahmedabad,,88.2,7.6,10.0,Rain,0,26.6
2025-06-23,Ahmedabad,71,67.2,  ,8.2,Rain,1,22.7
2025-06-24,Ahmedabad,92,13.7,21.3,10.4,Rain,0,27.4
2025-06-25,Ahmedabad,55,1.7,35.9,11.7,Clear,0,26.5
2025-06-26,Ahmedabad,62,98.2,11.0,11.6,Rain,0,
2025-06-27,Ahmedabad,79,0.0,13.5,7.7,Clear,0,23.166666666666668
2025-06-28,Ahmedabad,75,1.2,19.8,4.3,Clear,0,20.5
2025-06-29,Ahmedabad,48,1.3,43.5,7.7,Clear,0,27.5
2025-06-30,Ahmedabad,86,0.6,38.3,7.8,Cloudy,0,19.166666666666668
2025-01-07,Ahmedabad,36,1.4,26.2,8.9,Cloudy,0,25.1
2024-01-01,Jaipur,83,26.6,23.8,6.3,Rain,0,17.7
2024-02-01,Jaipur,33,1.2,38.0,7.0,Cloudy,0,27.2
2024-03-01,Jaipur,91,0.3,,9.3,Sunny,0,24.4
2024-04-01,Jaipur,35,1.1,18.2,4.5,Sunny,0,27.3
2024-01-05,Jaipur,63,85.7,21.1,7.7,Rain,0,20.2
2024-01-06,Jaipur,68,1.6,4.8,7.0,Clear,0,27.9
2024-01-07,Jaipur,84,38.5,35.5,4.1,Thunderstorm,0,24.6
2024-08-01,Jaipur,55,1.2,16.1,7.3,Cloudy,0,28.9
2024-01-09,Jaipur,61,0.1,14.5,4.7,Clear,0,28.1
2024-01-10,Jaipur,77,1.7,10.4,1.8,Fog,0,23.1
2024-11-01,Jaipur,93,0.6,28.4,5.6,Cloudy,0,21.8
2024-01-12,Jaipur,81,12.7,13.6,7.9,Rain,1,21.9
2024-01-13,Jaipur,31,94.0,2.6,9.2,Rain,0,29.8
2024-01-14,Jaipur,62,37.7,12.3,11.3,Rain,1,20.0
2024-01-15,Jaipur,92,51.0,28.6,4.2,Thunderstorm,0,23.9
2024-01-16,Jaipur,91,1.4,26.8,5.9,Clear,0,27.3
2024-01-17,Jaipur,35,0.3,41.9,5.0,Cloudy,0,23.9
2024-01-18,Jaipur,80,1.2,3.4,9.9,Clear,0,30.5
2024-01-19,Jaipur,57,0.3,8.2,5.7,Sunny,0,29.5
2024-01-20,Jaipur,68,63.3,20.2,11.9,Thunderstorm,0,25.0
2024-01-21,Jaipur,47,1.5,41.1,11.9,Sunny,0,28.4
2024-01-22,Jaipur,38,1.5,12.2,10.1,Sunny,0,25.5
2024-01-23,Jaipur,72,1.5,25.8,7.9,Cloudy,0,25.4
2024-01-24,Jaipur,76,35.8,29.5,8.4,Rain,0,34.2
2024-01-25,Jaipur,52,1.1,20.6,11.9,Cloudy,0,29.0
2024-01-26,Jaipur,42,0.8,34.7,11.2,Clear,0,30.3
2024-01-28,Jaipur,70,0.4,9.0,6.2,Clear,0,34.8
2024-01-29,Jaipur,50,25.5,20.9,9.8,Rain,0,24.3
2024-01-30,Jaipur,86,0.4,4.1,7.2,Cloudy,0,27.16666666666667
2024-01-31,Jaipur,64,1.2,3.9,4.2,Clear,0,24.5
2024-02-01,Jaipur,79,0.8,27.5,10.0,Cloudy,0,30.8
2024-02-02,Jaipur,38,105.2,26.7,8.3,Thunderstorm,0,25.8
2024-02-03,Jaipur,70,0.6,15.3,11.2,Clear,0,24.2
2024-02-04,Jaipur,69,1.8,24.4,11.4,Clear,0,28.1
2024-02-05,Jaipur,70,30.8,44.6,9.5,Rain,0,28.9
2024-06-02,Jaipur,91,0.7,38.3,11.6,Clear,0,32.6
2024-02-07,Jaipur,96,46.7,17.2,7.3,Heavy Rain,0,26.7
2024-02-08,Jaipur,76,0.8,42.3,9.3,Clear,0,30.2
2024-02-09,Jaipur,59,1.4,22.3,10.6,Cloudy,0,28.3
2024-10-02,Jaipur,42,0.6,20.0,6.4,Cloudy,0,30.5
2024-02-11,Jaipur,41,12.9,4.4,5.2,Heavy Rain,0,29.9
2024-02-12,Jaipur,60,1.1,39.7,10.5,Clear,0,26.6
2024-02-13,Jaipur,67,1.7,13.4,8.7,Sunny,0,31.7
2024-02-14,Jaipur,60,1.7,18.2,8.9,Clear,0,28.4
2024-02-15,Jaipur,38,1.2,29.7,8.7,Clear,0,32.1
2024-02-16,Jaipur,52,0.5,29.6,7.9,Clear,0,33.7
2024-02-17,Jaipur,65,1.3,4.8,7.9,Clear,0,29.6
2024-02-18,Jaipur,81,1.8,16.3,5.8,Clear,0,27.5
2024-02-19,Jaipur,95,57.4,13.3,10.5,Heavy Rain,1,30.0
2024-02-20,Jaipur,63,1.1,8.2,10.1,Clear,0,
2024-02-21,Jaipur,65,75.3,17.6,9.6,Rain,0,30.7
2024-02-22,Jaipur,67,0.6,30.1,11.9,Clear,0,36.888888888888886
2024-02-23,Jaipur,47,111.0,37.1,7.3,Thunderstorm,1,
2024-02-24,Jaipur,42,43.2,35.2,9.8,Heavy Rain,0,34.7
2024-02-25,Jaipur,28,1.9,23.2,4.5,Cloudy,0,30.0
2024-02-26,Jaipur,80,0.9,16.9,0.8,Fog,0,33.388888888888886
2024-02-27,Jaipur,72,0.3,33.8,5.1,Cloudy,0,27.3
2024-02-28,Jaipur,29,0.2,43.7,7.5,Clear,0,29.4
2024-02-29,Jaipur,91,68.7,18.0,7.9,Thunderstorm,1,31.2
2024-01-03,Jaipur,47,1.1,38.3,11.5,Sunny,0,36.1
2024-03-02,Jaipur,95,18.8,2.9,11.6,Rain,1,35.5
2024-03-03,Jaipur,84,1.9,5.3,5.7,Clear,0,30.5
2024-03-04,Jaipur,,1.8,40.7,7.8,Cloudy,0,30.4
2024-05-03,Jaipur,,120.0,17.5,7.6,Heavy Rain,1,31.2
2024-06-03,Jaipur,65,0.1,18.0,10.2,Cloudy,0,31.6
2024-07-03,Jaipur,46,2.0,4.0,11.8,Clear,0,33.4
2024-08-03,Jaipur,97,81.2,9.6,7.3,Rain,1,29.1
2024-03-09,Jaipur,93,20.5,6.1,8.9,Rain,0,31.2
2024-10-03,Jaipur,68,0.6,31.1,10.4,Clear,0,31.2
2024-03-11,Jaipur,28,84.4,15.1,9.4,Heavy Rain,0,36.9
2024-03-12,Jaipur,43,0.3,35.7,10.0,Clear,0,27.7
2024-03-13,Jaipur,81,29.0,27.9,7.0,Rain,0,31.0
2024-03-14,Jaipur,55,100.7,9.7,9.1,Thunderstorm,0,30.6
2024-03-15,Jaipur,32,0.5,41.7,8.0,Cloudy,0,29.5
2024-03-16,Jaipur,68,1.7,35.2,11.9,Cloudy,0,27.5
2024-03-17,Jaipur,94,1.7,41.2,6.5,Clear,0,25.5
2024-03-18,Jaipur,46,1.6,11.5,7.6,Cloudy,0,31.7
2024-03-19,Jaipur,30,1.1,31.5,1.8,Fog,0,38.5
2024-03-20,Jaipur,46,0.6,25.5,8.0,Clear,0,33.94444444444444
2024-03-21,Jaipur,29,1.7,2.3,5.2,Cloudy,0,28.6
2024-03-22,Jaipur,66,0.2,19.0,7.2,Sunny,0,32.6
2024-03-23,Jaipur,38,0.6,5.9,10.6,Clear,0,30.1
2024-03-24,Jaipur,37,18.9,18.7,6.9,Rain,0,30.4
2024-03-25,Jaipur,59,0.3,10.0,8.8,Clear,0,36.8
2024-03-26,Jaipur,61,58.2,14.7,5.5,Heavy Rain,0,40.5
2024-03-28,Jaipur,86,0.9,5.7,10.5,Cloudy,0,38.5
2024-03-29,Jaipur,48,1.8,8.8,5.7,Cloudy,0,32.9
2024-03-30,Jaipur,47,62.4,36.7,5.3,Thunderstorm,0,35.9
2024-03-31,Jaipur,72,6.6,20.9,6.5,Rain,0,33.0
2024-03-04,Jaipur,34,0.4,41.0,9.1,Clear,0,30.1
2024-04-04,Jaipur,45,0.5,7.0,0.8,Fog,0,28.4
2024-04-05,Jaipur,48,0.3,7.8,11.7,Clear,0,30.2
2024-04-07,Jaipur,61,79.1,26.5,7.9,Rain,0,32.0
2024-04-08,Jaipur,67,1.9,16.7,4.3,Clear,0,34.4
2024-04-09,Jaipur,41,0.3,3.7,7.6,Clear,0,33.6
2024-04-10,Jaipur,57,0.8,36.6,6.8,Clear,0,30.1
2024-04-11,Jaipur,77,1.7,33.0,2.6,Fog,0,30.72222222222222
2024-04-12,Jaipur,76,1.7,44.3,4.8,Clear,0,30.5
2024-04-13,Jaipur,82,0.4,27.5,10.9,Clear,0,30.88888888888889
2024-04-14,Jaipur,38,0.2,-,11.8,Clear,0,36.3
2024-04-15,Jaipur,40,1.5,3.9,10.6,Sunny,0,29.2
2024-04-16,Jaipur,48,53.2,12.5,4.8,Rain,1,35.8
2024-04-17,Jaipur,47,1.8,43.6,7.8,Clear,0,37.2
2024-04-18,Jaipur,66,0.4,31.7,10.4,Cloudy,0,32.8
2024-04-19,Jaipur,79,1.0,4.7,5.0,Cloudy,0,28.7
2024-04-20,Jaipur,82,0.8,4.4,2.1,Fog,0,35.5
2024-04-21,Jaipur,86,114.7,3.4,10.7,Heavy Rain,0,33.5
2024-04-22,Jaipur,93,1.2,37.3,0.6,Fog,0,34.0
2024-04-23,Jaipur,36,1.1,27.0,4.0,Clear,0,31.3
2024-04-24,Jaipur,88,93.4,31.7,7.3,Rain,1,28.2
2024-04-25,Jaipur,62,0.9,6.9,2.4,Fog,0,33.111111111111114
2024-04-26,Jaipur,37,0.9,30.2,6.8,Cloudy,0,30.72222222222222
2024-04-27,Jaipur,95,0.8,35.2,4.9,Cloudy,0,29.0
2024-04-28,Jaipur,92,0.3,14.1,4.1,Clear,0,32.3
2024-04-29,Jaipur,64,93.0,32.1,6.6,Rain,0,22.0
2024-04-30,Jaipur,32,0.0,5.2,6.4,Clear,0,35.9
2024-05-02,Jaipur,89,0.4,13.4,10.4,Cloudy,0,25.6
2024-05-03,Jaipur,49,117.5,20.4,4.4,Rain,0,29.1
2024-05-04,Jaipur,30,78.8,33.2,7.7,Heavy Rain,0,34.9
2024-05-05,Jaipur,64,0.6,13.5,10.5,Clear,0,31.88888888888889
2024-05-06,Jaipur,98,114.2,20.1,4.9,Rain,0,34.888888888888886
2024-07-05,Jaipur,87,119.1,17.9,7.3,Rain,0,36.0
2024-05-08,Jaipur,59,1.6,5.3,5.2,Clear,0,33.2
2024-09-05,Jaipur,74,56.7,3.7,10.8,Rain,0,32.7
2024-05-10,Jaipur,70,57.7,8.1,10.9,Thunderstorm,0,30.3
2024-05-11,Jaipur,98,1.7,36.2,8.1,Sunny,0,29.9
2024-05-12,Jaipur,59,0.8,9.5,6.6,Sunny,0,28.9
2024-05-13,Jaipur,82,1.3,31.4,6.8,Cloudy,0,30.0
2024-05-14,Jaipur,30,0.6,22.0,4.3,Cloudy,0,35.7
2024-05-15,Jaipur,58,62.8,19.8,5.4,Rain,0,30.333333333333332
2024-05-16,Jaipur,77,1.3,41.6,5.4,Clear,0,25.8
2024-05-17,Jaipur,77,0.1,26.9,8.6,Cloudy,0,30.9
2024-05-18,Jaipur,55,1.4,15.7,6.4,Clear,0,29.9
2024-05-19,Jaipur,72,1.6,22.0,9.0,Clear,0,29.5
2024-05-20,Jaipur,57,63.1,43.1,7.2,Rain,1,30.9
2024-05-21,Jaipur,96,1.2,22.9,1.7,Fog,0,23.22222222222222
2024-05-22,Jaipur,58,85.3,38.2,4.2,Rain,0,27.2
2024-05-23,Jaipur,41,116.4,38.8,4.5,Heavy Rain,0,30.0
2024-05-24,Jaipur,54,0.2,8.8,5.5,Sunny,0,29.5
2024-05-25,Jaipur,32,38.8,38.7,4.7,Rain,0,32.4
2024-05-26,Jaipur,88,90.2,25.0,7.8,Rain,1,28.0
2024-05-27,Jaipur,57,0.1,24.9,6.5,Cloudy,0,25.6
2024-05-28,Jaipur,50,1.4,22.5,8.5,Clear,0,30.1
2024-05-29,Jaipur,97,29.5,24.8,8.2,Heavy Rain,1,29.4
2024-05-30,Jaipur,58,70.8,37.1,9.7,Rain,0,26.1
2024-05-31,Jaipur,,42.9,10.0,11.1,Rain,0,25.1
2024-06-01,Jaipur,86,31.3,6.0,9.9,Heavy Rain,0,27.8
2024-06-02,Jaipur,85,0.3,19.1,10.9,Clear,0,
2024-06-03,Jaipur,38,109.0,30.5,8.8,Rain,0,32.7
2024-04-06,Jaipur,74,0.6,34.1,11.2,Clear,0,33.8
2024-05-06,Jaipur,70,0.7,18.3,9.6,Sunny,0,29.4
2024-06-06,Jaipur,86,71.8,38.7,7.8,Thunderstorm,0,32.55555555555556
2024-07-06,Jaipur,59,0.2,27.8,8.2,Cloudy,0,27.4
2024-08-06,Jaipur,32,1.7,17.0,4.1,Cloudy,0,26.5
2024-06-09,Jaipur,81,1.1,27.2,4.4,Clear,0,25.5
2024-10-06,Jaipur,77,104.0,42.2,11.3,Rain,0,25.6
2024-06-11,Jaipur,89,14.6,33.2,6.8,Heavy Rain,0,29.2
2024-12-06,Jaipur,35,28.8,45.0,7.4,Rain,0,24.3
2024-06-13,Jaipur,48,83.4,38.3,10.5,Rain,0,31.1
2024-06-14,Jaipur,74,70.8,6.5,9.0,Rain,1,27.8
2024-06-15,Jaipur,74,33.6,41.3,10.3,Rain,0,31.5
2024-06-16,Jaipur,53,0.9,15.0,5.8,Clear,0,27.0
2024-06-17,Jaipur,46,0.6,16.4,10.9,Clear,0,29.3
2024-06-18,Jaipur,48,48.9,12.3,10.8,Heavy Rain,0,23.8
2024-06-19,Jaipur,82,88.7,39.3,4.4,Rain,0,24.7
2024-06-20,Jaipur,82,1.0,19.7,9.0,Sunny,0,27.4
2024-06-21,Jaipur,56,92.7,13.7,10.6,Rain,0,21.6
2024-06-22,Jaipur,45,1.0,35.5,5.8,Cloudy,0,72.0
2024-06-23,Jaipur,62,60.1,31.1,8.0,Rain,0,28.4
2024-06-24,Jaipur,44,0.4,33.5,8.1,Sunny,0,22.6
2024-06-25,Jaipur,57,0.7,16.4,8.1,Clear,0,21.2
2024-06-26,Jaipur,48,1.7,29.9,2.6,Fog,0,19.555555555555557
2024-06-27,Jaipur,80,1.8,37.0,4.9,Clear,0,28.1
2024-06-28,Jaipur,41,0.9,14.1,5.2,Clear,0,24.9
2024-06-29,Jaipur,74,1.3,23.1,5.4,Clear,0,23.5
2024-06-30,Jaipur,85,1.2,32.5,5.1,Clear,0,23.5
2024-01-07,Jaipur,44,1.3,11.8,11.1,Clear,0,26.3
2024-07-02,Jaipur,42,0.4,16.6,10.9,Clear,0,27.333333333333332
2024-03-07,Jaipur,37,1.5,11.2,11.0,Cloudy,0,24.388888888888893
2024-04-07,Jaipur,64,84.7,15.9,11.3,Rain,0,22.5
2024-07-05,Jaipur,36,0.9,4.1,8.2,Cloudy,0,28.3
2024-07-06,Jaipur,79,1.1,44.6,6.8,Cloudy,0,26.5
2024-07-07,Jaipur,63,0.1,28.3,7.4,Cloudy,0,24.7
2024-08-07,Jaipur,78,0.2,24.4,6.1,Clear,0,22.9
2024-09-07,Jaipur,93,1.9,36.2,2.1,Fog,0,29.0
2024-07-10,Jaipur,64,0.7,19.7,4.8,Cloudy,0,17.3
2024-11-07,Jaipur,77,112.1,5.5,4.7,Heavy Rain,0,20.0
2024-12-07,Jaipur,51,1.4,7.2,11.2,Cloudy,0,17.1
2024-07-13,Jaipur,44,115.2,30.4,7.1,Rain,1,20.27777777777778
2024-07-14,Jaipur,64,10.1,37.8,6.7,Thunderstorm,1,27.6
2024-07-15,Jaipur,50,0.3,5.8,8.0,Clear,0,15.7
2024-07-16,Jaipur,91,115.7,31.6,5.6,Thunderstorm,0,22.0
2024-07-17,Jaipur,70,0.1,33.9,7.2,Clear,0,23.3
2024-07-18,Jaipur,62,1.5,24.2,4.6,Cloudy,0,22.0
2024-07-19,Jaipur,84,113.3,19.9,8.1,Thunderstorm,0,23.6
2024-07-20,Jaipur,97,40.4,36.9,5.5,Heavy Rain,0,16.2
2024-07-21,Jaipur,30,22.5,19.5,7.4,Thunderstorm,0,23.7
2024-07-22,Jaipur,58,1.2,34.4,5.1,Clear,0,22.6
2024-07-24,Jaipur,,0.6,43.5,5.2,Clear,0,24.5
2024-07-25,Jaipur,80,14.7,21.1,4.2,Heavy Rain,0,26.4
2024-07-26,Jaipur,72,0.6,11.7,8.2,Sunny,0,22.5
2024-07-27,Jaipur,34,107.2,5.5,5.0,Heavy Rain,1,28.6
2024-07-28,Jaipur,74,105.5,6.5,8.7,Rain,0,22.9
2024-07-29,Jaipur,68,2.0,31.8,4.8,Clear,0,27.1
2024-07-30,Jaipur,37,17.2,9.5,10.1,Thunderstorm,1,14.3
2024-07-31,Jaipur,53,39.2,15.3,6.9,Thunderstorm,0,19.0
2024-08-01,Jaipur,85,1.2,23.2,5.0,Cloudy,0,18.7
2024-08-02,Jaipur,71,0.8,29.9,5.3,Clear,0,24.2
2024-08-03,Jaipur,38,83.1,18.6,9.2,Rain,0,24.1
2024-04-08,Jaipur,64,1.5,16.9,4.1,Cloudy,0,23.0
2024-08-05,Jaipur,73,0.8,18.1,11.0,Clear,0,
2024-08-06,Jaipur,98,0.6,9.4,5.1,Sunny,0,
2024-07-08,Jaipur,35,81.9,43.9,11.6,Rain,0,23.2
2024-08-08,Jaipur,80,98.3,35.9,11.5,Thunderstorm,0,23.9
2024-09-08,Jaipur,65,2.0,10.1,11.0,Clear,0,18.7
2024-08-10,Jaipur,84,34.9,10.0,6.2,Rain,0,19.6
2024-08-11,Jaipur,42,115.8,38.6,10.9,Heavy Rain,0,18.8
2024-08-12,Jaipur,87,1.4,27.8,6.0,Cloudy,0,20.5
2024-08-13,Jaipur,78,0.3,29.4,4.2,Clear,0,16.4
2024-08-14,Jaipur,85,15.4,4.4,6.8,Rain,0,18.7
2024-08-15,Jaipur,41,1.7,10.5,7.6,Clear,0,20.0
2024-08-16,Jaipur,50,0.6,7.0,6.6,Cloudy,0,19.2
2024-08-17,Jaipur,90,0.2,18.0,11.5,Clear,0,16.8
2024-08-18,Jaipur,59,0.0,43.1,10.5,Cloudy,0,19.5
2024-08-19,Jaipur,31,1.6,4.5,5.4,Clear,0,13.7
2024-08-20,Jaipur,68,63.4,30.5,10.1,Rain,0,21.3
2024-08-21,Jaipur,85,1.6,32.9,5.9,Clear,0,16.0
2024-08-22,Jaipur,91,1.2,40.7,8.9,Clear,0,22.055555555555557
2024-08-23,Jaipur,69,0.5,26.3,8.2,Cloudy,0,21.9
2024-08-24,Jaipur,44,2.0,32.0,10.6,Clear,0,21.0
2024-08-25,Jaipur,32,0.8,24.4,11.7,Clear,0,17.6
2024-08-26,Jaipur,33,92.5,25.1,11.5,Thunderstorm,1,
2024-08-27,Jaipur,93,0.1,24.3,11.6,Cloudy,0,12.6
2024-08-28,Jaipur,36,92.4,12.5,9.0,Thunderstorm,0,21.8
2024-08-29,Jaipur,86,114.7,9.5,8.4,Thunderstorm,0,17.0
2024-08-30,Jaipur,45,1.8,27.6,7.3,Sunny,0,19.9
2024-08-31,Jaipur,77,0.9,38.0,10.6,Sunny,0,19.8
2024-09-01,Jaipur,64,0.1,24.9,4.6,Cloudy,0,17.8
2024-02-09,Jaipur,35,74.7,41.4,9.0,Thunderstorm,1,14.2
2024-03-09,Jaipur,33,1.3,44.5,6.4,Clear,0,21.7
2024-09-04,Jaipur,69,1.1,18.5,4.7,Clear,0,12.3
2024-05-09,Jaipur,69,0.4,35.8,7.6,Cloudy,0,9.8
2024-06-09,Jaipur,55,1.3,20.9,4.7,Cloudy,0,16.8
2024-07-09,Jaipur,48,1.2,40.1,8.3,Clear,0,16.7
2024-09-08,Jaipur,76,0.2,10.6,4.9,Clear,0,56.3
2024-09-09,Jaipur,63,36.0,31.9,11.8,Rain,0,9.7
2024-10-09,Jaipur,73,1.7,32.0,5.1,Cloudy,0,11.6
2024-11-09,Jaipur,63,0.5,13.9,11.8,Clear,0,18.6
2024-09-12,Jaipur,60,59.0,  ,11.6,Rain,1,19.7
2024-09-13,Jaipur,36,1.4,8.3,6.8,Clear,0,12.7
2024-09-14,Jaipur,28,0.5,39.8,4.1,Sunny,0,17.4
2024-09-15,Jaipur,60,48.9,22.1,6.0,Rain,1,17.22222222222222
2024-09-16,Jaipur,92,113.3,11.8,4.5,Thunderstorm,0,15.6
2024-09-17,Jaipur,89,0.7,40.4,11.3,Sunny,0,15.7
2024-09-19,Jaipur,86,0.1,32.1,10.8,Cloudy,0,17.22222222222222
2024-09-20,Jaipur,47,0.6,37.5,0.6,Fog,0,13.9
2024-09-21,Jaipur,90,0.6,30.1,9.8,Sunny,0,11.1
2024-09-22,Jaipur,63,1.0,10.0,11.1,Clear,0,17.8
2024-09-23,Jaipur,39,1.4,22.6,11.6,Clear,0,6.0
2024-09-24,Jaipur,,2.0,33.0,6.3,Cloudy,0,17.2
2024-09-25,Jaipur,75,0.2,34.2,12.0,Cloudy,0,18.6
2024-09-26,Jaipur,71,1.8,3.3,9.5,Clear,0,63.7
2024-09-27,Jaipur,51,1.7,8.9,6.7,Cloudy,0,15.3
2024-09-28,Jaipur,64,1.7,-,6.9,Clear,0,19.1
2024-09-29,Jaipur,95,0.8,6.0,6.3,Clear,0,9.8
2024-09-30,Jaipur,85,1.8,36.1,10.9,Clear,0,17.0
2024-10-01,Jaipur,68,102.6,41.6,7.8,Rain,0,17.4
2024-10-02,Jaipur,29,2.0,27.8,4.9,Clear,0,14.1
2024-10-03,Jaipur,84,0.2,17.3,9.4,Clear,0,15.6
2024-10-04,Jaipur,88,115.7,26.6,6.0,Heavy Rain,0,16.5
2024-10-05,Jaipur,95,1.7,29.5,2.0,Fog,0,18.1
2024-10-06,Jaipur,46,1.3,2.2,2.8,Fog,0,15.6
2024-10-07,Jaipur,86,1.3,13.1,7.4,Cloudy,0,18.3
2024-08-10,Jaipur,39,0.7,,7.1,Cloudy,0,16.7
2024-10-09,Jaipur,28,34.0,13.2,5.3,Rain,0,15.7
2024-10-10,Jaipur,82,0.6,39.1,7.5,Clear,0,12.3
2024-10-11,Jaipur,92,85.0,4.2,9.7,Rain,1,17.3
2024-12-10,Jaipur,97,0.5,16.5,11.2,Cloudy,0,12.9
2024-10-14,Jaipur,63,0.2,6.4,8.5,Cloudy,0,17.9
2024-10-15,Jaipur,,81.5,21.8,10.9,Rain,0,17.0
2024-10-16,Jaipur,79,0.7,15.1,8.1,Cloudy,0,20.72222222222222
2024-10-17,Jaipur,75,108.0,8.7,7.5,Rain,0,18.5
2024-10-18,Jaipur,42,0.4,34.2,7.6,Clear,0,11.9
2024-10-19,Jaipur,29,79.3,17.7,7.3,Rain,1,16.8
2024-10-20,Jaipur,unknown,57.7,,5.6,Heavy Rain,0,19.7
2024-10-21,Jaipur,47,1.8,25.0,9.3,Sunny,0,14.7
2024-10-22,Jaipur,92,52.1,31.9,9.6,Thunderstorm,0,19.1
2024-10-23,Jaipur,81,0.9,3.2,6.4,Cloudy,0,17.8
2024-10-24,Jaipur,92,1.5,44.9,7.9,Cloudy,0,14.38888888888889
2024-10-25,Jaipur,31,103.5,33.1,6.2,Rain,0,20.0
2024-10-26,Jaipur,72,1.4,6.4,10.2,Clear,0,20.7
2024-10-27,Jaipur,,39.2,12.4,11.6,Thunderstorm,0,15.6
2024-10-28,Jaipur,59,0.3,37.5,4.2,Clear,0,12.5
2024-10-29,Jaipur,50,1.3,41.4,11.5,Clear,0,18.5
2024-10-30,Jaipur,58,0.4,30.5,6.6,Clear,0,17.8
2024-10-31,Jaipur,60,110.9,21.2,10.4,Thunderstorm,0,15.0
2024-11-01,Jaipur,66,1.4,23.1,3.0,Fog,0,21.4
2024-11-02,Jaipur,52,0.5,15.6,9.6,Cloudy,0,16.8
2024-11-03,Jaipur,59,0.8,19.3,10.0,Clear,0,19.4
2024-11-04,Jaipur,91,0.8,42.9,11.4,Clear,0,21.722222222222218
2024-11-05,Jaipur,87,94.1,42.5,9.2,Rain,0,17.7
2024-06-11,Jaipur,76,116.9,32.0,10.4,Rain,0,19.1
2024-07-11,Jaipur,88,1.5,10.5,5.4,Cloudy,0,12.0
2024-11-08,Jaipur,78,0.4,37.7,10.0,Clear,0,
2024-09-11,Jaipur,81,0.7,6.9,4.3,Clear,0,20.0
2024-10-11,Jaipur,41,46.7,13.2,4.3,Rain,1,20.8
2024-11-11,Jaipur,48,0.5,26.5,4.0,Clear,0,22.1
2024-11-12,Jaipur,91,0.9,16.6,9.9,Cloudy,0,58.8
2024-11-13,Jaipur,44,1.1,42.1,4.4,Clear,0,19.3
2024-11-14,Jaipur,79,0.4,25.8,10.7,Clear,0,15.4
2024-11-15,Jaipur,80,52.6,31.0,5.1,Rain,0,18.77777777777778
2024-11-16,Jaipur,87,1.0,2.4,8.1,Clear,0,21.3
2024-11-17,Jaipur,82,0.2,18.8,10.2,Cloudy,0,18.61111111111111
2024-11-18,Jaipur,60,0.7,26.4,11.8,Clear,0,18.6
2024-11-19,Jaipur,84,0.3,20.1,7.1,Cloudy,0,20.8
2024-11-20,Jaipur,83,50.5,26.8,6.9,Thunderstorm,0,24.1
2024-11-21,Jaipur,61,0.9,30.3,11.8,Clear,0,15.4
2024-11-22,Jaipur,93,1.6,8.2,12.0,Cloudy,0,20.2
2024-11-23,Jaipur,84,100.0,31.6,6.7,Rain,0,21.22222222222222
2024-11-24,Jaipur,37,1.5,15.9,4.4,Clear,0,72.1
2024-11-25,Jaipur,53,0.8,,7.7,Clear,0,20.2
2024-11-26,Jaipur,30,116.3,32.8,5.5,Rain,0,61.7
2024-11-27,Jaipur,36,53.1,43.7,10.7,Thunderstorm,0,60.5
2024-11-28,Jaipur,49,0.2,14.5,10.2,Sunny,0,20.7
2024-11-29,Jaipur,85,1.7,23.5,11.7,Clear,0,22.0
2024-11-30,Jaipur,35,39.4,40.2,10.9,Rain,0,19.7
2024-12-01,Jaipur,57,1.5,16.7,5.0,Cloudy,0,19.1
2024-02-12,Jaipur,,1.2,10.1,7.9,Clear,0,19.72222222222222
2024-03-12,Jaipur,94,1.9,41.9,0.7,Fog,0,19.1
2024-04-12,Jaipur,49,1.7,12.0,8.0,Clear,0,17.9
2024-05-12,Jaipur,49,0.3,3.5,10.1,Clear,0,23.6
2024-12-06,Jaipur,60,1.2,13.9,10.3,Clear,0,22.7
2024-07-12,Jaipur,46,1.3,34.7,4.5,Clear,0,22.9
2024-12-08,Jaipur,59,23.3,11.3,7.9,Heavy Rain,0,21.444444444444443
2024-09-12,Jaipur,55,0.5,3.1,8.4,Cloudy,0,19.6
2024-10-12,Jaipur,80,0.2,37.9,4.9,Sunny,0,20.3
2024-11-12,Jaipur,49,0.6,38.5,6.4,Clear,0,21.8
2024-12-12,Jaipur,95,1.4,30.8,4.4,Clear,0,24.2
2024-12-13,Jaipur,48,12.0,32.4,7.4,Rain,0,
2024-12-14,Jaipur,28,0.9,33.7,6.2,Clear,0,19.2
2024-12-15,Jaipur,71,1.0,25.1,5.4,Cloudy,0,20.611111111111107
2024-12-16,Jaipur,28,1.0,23.8,7.0,Sunny,0,
2024-12-17,Jaipur,87,88.3,22.5,5.6,Rain,1,19.0
2024-12-18,Jaipur,93,1.5,7.0,11.1,Clear,0,20.7
2024-12-19,Jaipur,unknown,0.5,15.2,8.9,Cloudy,0,25.0
2024-12-20,Jaipur,61,1.5,28.6,6.5,Clear,0,21.3
2024-12-21,Jaipur,67,0.2,26.5,8.9,Cloudy,0,20.7
2024-12-22,Jaipur,96,31.2,36.1,4.1,Rain,0,22.4
2024-12-23,Jaipur,96,0.7,13.7,6.2,Clear,0,24.9
2024-12-24,Jaipur,42,5.1,36.3,5.5,Rain,0,26.2
2024-12-25,Jaipur,98,1.1,7.5,10.2,Clear,0,17.7
2024-12-26,Jaipur,71,37.2,31.5,5.5,Rain,0,24.8
2024-12-27,Jaipur,90,0.3,36.5,8.5,Clear,0,23.22222222222222
2024-12-29,Jaipur,31,97.9,27.7,6.1,Rain,0,24.2
2024-12-30,Jaipur,88,1.3,17.4,6.5,Clear,0,25.9
2024-12-31,Jaipur,92,73.1,12.6,5.5,Rain,0,18.4
2025-01-01,Jaipur,  ,98.6,37.3,6.2,Rain,0,
2025-01-02,Jaipur,43,119.0,4.0,8.5,Rain,0,20.222222222222225
2025-03-01,Jaipur,42,0.6,44.4,11.5,Cloudy,0,28.8
2025-01-04,Jaipur,45,0.0,5.9,1.2,Fog,0,31.6
2025-05-01,Jaipur,30,0.3,35.4,5.2,Clear,0,26.1
2025-06-01,Jaipur,42,0.1,4.9,6.7,Clear,0,23.2
2025-01-07,Jaipur,97,104.6,9.5,9.9,Rain,0,26.1
2025-08-01,Jaipur,43,1.5,37.5,8.3,Clear,0,31.7
2025-01-09,Jaipur,44,1.7,2.9,8.4,Clear,0,27.3
2025-01-10,Jaipur,88,1.8,17.7,5.5,Sunny,0,20.7
2025-01-11,Jaipur,55,1.7,37.1,11.8,Cloudy,0,
2025-12-01,Jaipur,54,1.7,38.3,8.6,Clear,0,28.5
2025-01-13,Jaipur,30,0.5,41.8,8.9,Sunny,0,18.9
2025-01-14,Jaipur,98,0.8,6.0,4.9,Cloudy,0,27.9
2025-01-15,Jaipur,40,2.0,32.1,6.8,Clear,0,27.3
2025-01-16,Jaipur,41,15.7,36.1,5.4,Rain,0,28.6
2025-01-17,Jaipur,84,0.2,18.7,11.3,Cloudy,0,
2025-01-18,Jaipur,79,0.9,35.1,9.6,Cloudy,0,27.7
2025-01-19,Jaipur,42,1.2,21.0,1.1,Fog,0,77.3
2025-01-20,Jaipur,86,0.6,7.3,11.7,Cloudy,0,25.9
2025-01-21,Jaipur,54,0.4,9.1,9.7,Cloudy,0,31.7
2025-01-22,Jaipur,32,56.6,5.0,7.3,Thunderstorm,0,24.8
2025-01-23,Jaipur,84,27.3,29.2,6.8,Heavy Rain,1,25.5
2025-01-24,Jaipur,51,23.3,21.3,10.4,Rain,1,25.4
2025-01-25,Jaipur,57,0.3,22.4,0.3,Fog,0,31.7
2025-01-26,Jaipur,54,0.1,6.8,6.1,Clear,0,25.5
2025-01-27,Jaipur,46,1.3,29.5,4.3,Clear,0,29.4
2025-01-28,Jaipur,78,7.4,14.4,5.1,Rain,1,28.6
2025-01-29,Jaipur,63,0.5,16.7,2.3,Fog,0,26.9
2025-01-30,Jaipur,47,1.3,21.9,11.1,Clear,0,31.1
2025-01-31,Jaipur,64,1.8,18.0,7.7,Cloudy,0,25.5
2025-01-02,Jaipur,52,1.7,15.1,2.8,Fog,0,97.5
2025-02-02,Jaipur,75,45.2,17.9,7.3,Rain,1,27.6
2025-03-02,Jaipur,79,78.3,44.4,5.5,Rain,0,31.6
2025-02-04,Jaipur,79,1.5,23.3,5.5,Clear,0,32.2
2025-02-05,Jaipur,53,77.5,36.2,5.0,Rain,0,29.6
2025-02-06,Jaipur,89,1.4,4.6,7.4,Sunny,0,30.9
2025-07-02,Jaipur,46,1.3,7.9,5.8,Clear,0,31.2
2025-08-02,Jaipur,,0.8,27.9,8.0,Clear,0,30.7
2025-09-02,Jaipur,90,1.1,17.8,11.1,Sunny,0,30.0
2025-02-10,Jaipur,82,0.2,39.4,11.9,Cloudy,0,30.2
2025-11-02,Jaipur,37,12.3,18.2,4.9,Rain,0,28.8
2025-12-02,Jaipur,67,1.2,24.2,6.4,Clear,0,30.5
2025-02-13,Jaipur,59,21.5,5.2,10.6,Thunderstorm,0,29.6
2025-02-14,Jaipur,66,1.8,36.9,1.1,Fog,0,30.0
2025-02-15,Jaipur,68,0.3,41.8,6.8,Clear,0,28.1
2025-02-16,Jaipur,88,1.7,24.3,9.3,Cloudy,0,30.6
2025-02-17,Jaipur,68,1.5,2.6,5.6,Cloudy,0,29.3
2025-02-19,Jaipur,35,0.5,27.0,8.5,Cloudy,0,30.2
2025-02-20,Jaipur,64,0.6,35.1,7.5,Clear,0,25.7
2025-02-21,Jaipur,87,0.5,26.4,11.8,Cloudy,0,28.8
2025-02-22,Jaipur,74,1.6,20.9,6.3,Clear,0,30.7
2025-02-23,Jaipur,,2.0,3.5,4.0,Clear,0,33.1
2025-02-24,Jaipur,51,1.6,44.1,10.3,Clear,0,31.2
2025-02-25,Jaipur,54,0.0,10.2,11.6,Clear,0,30.6
2025-02-26,Jaipur,61,1.7,37.6,7.0,Cloudy,0,34.0
2025-02-27,Jaipur,  ,0.8,21.9,4.3,Clear,0,30.0
2025-02-28,Jaipur,98,1.4,6.2,5.3,Clear,0,27.6
2025-03-01,Jaipur,90,1.1,33.0,11.6,Clear,0,32.5
2025-03-02,Jaipur,41,51.8,35.6,5.1,Rain,0,35.9
2025-03-03,Jaipur,48,0.1,31.6,4.1,Sunny,0,35.2
2025-04-03,Jaipur,94,0.0,4.5,6.5,Clear,0,31.8
2025-03-05,Jaipur,34,68.6,30.4,5.2,Thunderstorm,0,34.7
2025-03-06,Jaipur,77,0.4,33.6,7.8,Sunny,0,31.0
2025-03-07,Jaipur,85,1.9,35.7,10.2,Clear,0,31.7
2025-08-03,Jaipur,72,0.8,32.9,7.4,Sunny,0,26.9
2025-09-03,Jaipur,61,0.0,12.0,10.7,Sunny,0,28.7
2025-10-03,Jaipur,30,0.2,41.2,9.6,Clear,0,31.4
2025-03-11,Jaipur,61,1.6,8.4,5.1,Cloudy,0,88.3
2025-03-12,Jaipur,48,103.1,4.4,9.4,Rain,0,34.5
2025-03-13,Jaipur,79,0.7,33.6,9.5,Clear,0,33.833333333333336
2025-03-14,Jaipur,81,1.2,25.7,10.2,Clear,0,34.8
2025-03-15,Jaipur,55,0.7,19.2,6.5,Clear,0,33.2
2025-03-16,Jaipur,71,1.6,41.3,10.8,Clear,0,32.3
2025-03-17,Jaipur,37,11.8,31.7,6.1,Thunderstorm,0,27.7
2025-03-18,Jaipur,37,33.6,5.0,7.4,Thunderstorm,1,29.7
2025-03-19,Jaipur,96,16.1,19.3,6.4,Rain,0,27.9
2025-03-20,Jaipur,35,0.0,44.8,4.5,Clear,0,38.2
2025-03-21,Jaipur,64,0.3,18.1,10.9,Clear,0,31.8
2025-03-22,Jaipur,74,0.1,27.4,12.0,Sunny,0,25.7
2025-03-23,Jaipur,32,1.8,3.9,6.0,Sunny,0,35.1
2025-03-24,Jaipur,62,112.5,44.5,9.6,Thunderstorm,0,31.6
2025-03-25,Jaipur,85,0.5,16.8,7.5,Clear,0,31.27777777777778
2025-03-26,Jaipur,58,0.6,8.2,11.6,Clear,0,38.6
2025-03-27,Jaipur,70,67.4,37.1,11.1,Heavy Rain,1,35.0
2025-03-28,Jaipur,70,41.4,20.4,5.2,Rain,0,30.944444444444443
2025-03-29,Jaipur,52,71.6,25.5,11.4,Rain,0,30.1
2025-03-30,Jaipur,91,1.3,36.5,8.6,Clear,0,35.0
2025-03-31,Jaipur,68,38.1,37.7,6.7,Rain,1,34.5
2025-01-04,Jaipur,29,0.6,10.1,11.9,Cloudy,0,28.3
2025-02-04,Jaipur,78,1.8,29.0,6.5,Clear,0,35.3
2025-04-03,Jaipur,  ,1.6,36.5,7.7,Clear,0,27.7
2025-04-04,Jaipur,32,0.2,15.5,10.0,Sunny,0,32.4
2025-04-05,Jaipur,53,0.7,40.3,4.4,Clear,0,29.7
2025-04-06,Jaipur,52,65.4,20.3,7.3,Thunderstorm,1,36.9
2025-04-07,Jaipur,91,56.9,6.7,4.4,Thunderstorm,1,31.5
2025-04-08,Jaipur,32,50.2,2.1,8.4,Rain,1,28.1
2025-04-09,Jaipur,62,76.0,10.9,7.5,Heavy Rain,0,36.0
2025-04-10,Jaipur,65,1.8,14.6,10.1,Sunny,0,25.27777777777778
2025-11-04,Jaipur,  ,0.8,39.6,4.5,Cloudy,0,29.6
2025-04-12,Jaipur,48,30.4,7.3,8.0,Rain,0,35.2
2025-04-13,Jaipur,84,90.8,17.0,5.6,Heavy Rain,0,33.1
2025-04-14,Jaipur,48,1.7,30.8,11.1,Sunny,0,33.6
2025-04-15,Jaipur,42,0.6,37.8,9.7,Clear,0,34.9
2025-04-16,Jaipur,85,1.3,41.7,11.4,Cloudy,0,30.944444444444443
2025-04-17,Jaipur,93,1.6,44.3,11.1,Clear,0,33.4
2025-04-18,Jaipur,98,1.0,28.3,8.0,Clear,0,32.8
2025-04-19,Jaipur,64,0.1,2.3,11.1,Clear,0,36.1
2025-04-20,Jaipur,38,1.1,15.7,8.7,Cloudy,0,27.8
2025-04-21,Jaipur,86,72.5,34.9,9.6,Rain,0,31.3
2025-04-22,Jaipur,73,0.5,20.3,7.4,Clear,0,34.1
2025-04-23,Jaipur,76,1.3,24.1,7.7,Clear,0,80.7
2025-04-24,Jaipur,95,1.8,3.2,9.0,Sunny,0,29.8
2025-04-25,Jaipur,82,85.8,45.0,6.7,Thunderstorm,1,26.8
2025-04-26,Jaipur,67,0.4,24.9,4.9,Clear,0,29.7
2025-04-27,Jaipur,53,0.2,6.2,7.4,Clear,0,29.5
2025-04-28,Jaipur,59,17.6,12.9,6.0,Heavy Rain,0,33.8
2025-04-29,Jaipur,70,118.9,42.0,8.9,Heavy Rain,1,32.7
2025-04-30,Jaipur,44,1.1,31.1,11.0,Clear,0,30.7
2025-05-01,Jaipur,47,0.2,23.0,9.3,Clear,0,30.8
2025-02-05,Jaipur,85,0.5,39.8,8.8,Clear,0,30.3
2025-05-03,Jaipur,96,0.4,12.4,4.6,Clear,0,32.0
2025-05-04,Jaipur,95,51.4,9.4,10.6,Heavy Rain,1,30.2
2025-05-05,Jaipur,85,0.3,4.7,7.2,Cloudy,0,82.1
2025-06-05,Jaipur,86,1.5,42.0,2.6,Fog,0,33.2
2025-07-05,Jaipur,67,1.8,35.1,9.1,Cloudy,0,
2025-08-05,Jaipur,28,50.3,9.3,11.0,Rain,0,28.1
2025-09-05,Jaipur,32,48.9,19.8,7.0,Rain,0,27.5
2025-10-05,Jaipur,36,88.4,16.4,6.6,Heavy Rain,0,32.1
2025-05-11,Jaipur,77,1.7,35.2,5.2,Cloudy,0,31.5
2025-05-12,Jaipur,71,2.0,28.6,7.2,Clear,0,32.1
2025-05-13,Jaipur,28,0.7,19.9,8.2,Clear,0,35.4
2025-05-14,Jaipur,90,1.1,12.0,6.3,Sunny,0,36.9
2025-05-15,Jaipur,34,1.5,21.6,9.1,Clear,0,27.8
2025-05-16,Jaipur,60,0.1,24.5,6.0,Clear,0,33.5
2025-05-17,Jaipur,91,0.4,12.0,9.6,Cloudy,0,31.8
2025-05-18,Jaipur,41,1.5,42.4,10.4,Clear,0,33.5
2025-05-19,Jaipur,43,9.3,3.5,9.3,Rain,0,27.8
2025-05-20,Jaipur,43,110.2,27.3,9.7,Rain,0,32.8
2025-05-21,Jaipur,66,0.4,6.0,11.8,Clear,0,31.1
2025-05-22,Jaipur,63,81.3,4.3,7.3,Thunderstorm,0,33.4
2025-05-23,Jaipur,98,1.3,26.1,6.5,Cloudy,0,31.9
2025-05-24,Jaipur,90,53.3,40.7,5.6,Rain,1,28.9
2025-05-25,Jaipur,92,49.4,39.7,5.0,Thunderstorm,1,28.0
2025-05-26,Jaipur,81,102.0,26.5,10.1,Thunderstorm,0,25.3
2025-05-27,Jaipur,  ,1.8,34.1,4.1,Clear,0,30.3
2025-05-28,Jaipur,98,1.5,14.4,7.9,Clear,0,26.6
2025-05-29,Jaipur,50,78.6,7.8,10.8,Rain,1,28.3
2025-05-30,Jaipur,82,0.7,10.9,8.6,Clear,0,30.3
2025-05-31,Jaipur,61,109.3,37.4,5.2,Thunderstorm,0,24.8
2025-01-06,Jaipur,96,0.3,37.4,7.5,Clear,0,28.4
2025-06-02,Jaipur,34,61.8,42.8,7.2,Thunderstorm,0,29.9
2025-03-06,Jaipur,58,0.8,36.4,7.6,Clear,0,24.66666666666667
2025-06-04,Jaipur,42,33.1,42.7,8.4,Rain,0,29.2
2025-06-05,Jaipur,41,1.0,29.5,5.1,Cloudy,0,29.2
2025-06-06,Jaipur,73,0.8,14.0,7.4,Clear,0,24.0
2025-06-07,Jaipur,97,0.2,,4.1,Clear,0,77.2
2025-06-08,Jaipur,33,40.8,28.6,9.0,Rain,1,23.8
2025-06-10,Jaipur,65,1.9,43.1,6.8,Clear,0,27.3
2025-06-11,Jaipur,44,0.7,3.8,8.9,Sunny,0,22.2
2025-12-06,Jaipur,68,0.8,23.8,9.9,Clear,0,24.6
2025-06-13,Jaipur,95,1.7,10.2,2.9,Fog,0,23.6
2025-06-14,Jaipur,49,102.7,34.0,8.6,Thunderstorm,0,16.3
2025-06-15,Jaipur,44,59.0,27.5,11.4,Heavy Rain,0,29.3
2025-06-16,Jaipur,98,1.7,38.1,4.0,Sunny,0,29.1
2025-06-17,Jaipur,93,0.9,18.4,6.1,Cloudy,0,25.0
2025-06-18,Jaipur,74,0.8,6.3,11.6,Clear,0,28.4
2025-06-19,Jaipur,94,0.7,5.5,9.5,Clear,0,21.0
2025-06-20,Jaipur,32,1.8,36.5,1.0,Fog,0,
2025-06-21,Jaipur,63,17.1,41.4,10.2,Rain,0,25.27777777777778
2025-06-22,Jaipur,67,0.2,11.3,1.1,Fog,0,26.3
2025-06-23,Jaipur,74,2.0,16.2,2.6,Fog,0,24.444444444444443
2025-06-24,Jaipur,,1.9,3.9,8.1,Clear,0,25.7
2025-06-25,Jaipur,37,1.8,16.4,4.4,Clear,0,24.4
2025-06-26,Jaipur,79,20.8,32.1,4.9,Rain,0,27.5
2025-06-27,Jaipur,89,11.2,43.4,5.8,Rain,0,27.1
2025-06-28,Jaipur,86,1.5,8.4,6.0,Clear,0,23.7
2025-06-29,Jaipur,38,1.1,,10.3,Cloudy,0,24.4
2025-06-30,Jaipur,44,1.2,40.8,1.0,Fog,0,26.2
2025-01-07,Jaipur,50,0.4,15.9,2.0,Fog,0,
2024-01-01,Kochi,84,100.2,7.8,8.0,Rain,1,32.7
2024-01-02,Kochi,30,0.7,41.2,8.0,Clear,0,24.8
2024-03-01,Kochi,42,1.6,33.3,10.8,Clear,0,23.1
2024-01-04,Kochi,91,0.8,37.8,0.7,Fog,0,29.8
2024-05-01,Kochi,83,16.3,16.7,7.4,Rain,0,24.2
2024-06-01,Kochi,68,1.0,16.1,5.0,Clear,0,24.0
2024-07-01,Kochi,80,0.1,43.9,9.7,Clear,0,25.3
2024-01-08,Kochi,-,1.8,38.5,1.5,Fog,0,24.5
2024-01-09,Kochi,56,1.8,21.0,9.2,Sunny,0,22.9
2024-01-10,Kochi,65,48.4,16.3,4.5,Rain,0,25.6
2024-01-11,Kochi,87,1.8,31.9,9.2,Clear,0,24.9
2024-12-01,Kochi,52,0.4,12.3,11.8,Cloudy,0,82.2
2024-01-13,Kochi,90,1.4,10.7,9.5,Clear,0,23.8
2024-01-14,Kochi,76,0.8,-,9.7,Cloudy,0,28.0
2024-01-15,Kochi,77,1.1,38.3,7.8,Clear,0,26.7
2024-01-16,Kochi,66,1.1,13.4,7.3,Cloudy,0,29.7
2024-01-17,Kochi,48,0.5,21.0,2.9,Fog,0,24.7
2024-01-19,Kochi,77,1.5,28.6,11.8,Sunny,0,26.9
2024-01-20,Kochi,58,1.9,37.8,4.5,Clear,0,25.7
2024-01-21,Kochi,30,0.1,29.0,7.2,Cloudy,0,84.0
2024-01-22,Kochi,60,41.1,11.5,6.8,Thunderstorm,0,21.8
2024-01-23,Kochi,30,0.3,43.8,6.8,Clear,0,28.5
2024-01-24,Kochi,75,28.4,23.5,10.8,Rain,0,23.0
2024-01-25,Kochi,72,1.6,42.6,7.3,Cloudy,0,25.222222222222225
2024-01-26,Kochi,82,1.7,19.7,2.8,Fog,0,26.0
2024-01-27,Kochi,29,72.5,18.3,8.9,Rain,0,31.6
2024-01-28,Kochi,81,0.5,42.5,6.0,Clear,0,23.5
2024-01-29,Kochi,44,0.2,40.3,7.4,Clear,0,34.1
2024-01-30,Kochi,72,1.9,39.7,10.7,Cloudy,0,27.1
2024-01-31,Kochi,56,84.2,36.1,6.6,Heavy Rain,0,26.6
2024-01-02,Kochi,43,0.2,2.6,10.7,Cloudy,0,23.9
2024-02-02,Kochi,54,17.4,45.0,5.3,Heavy Rain,0,27.3
2024-02-03,Kochi,91,0.8,2.4,9.7,Clear,0,28.8
2024-04-02,Kochi,92,1.9,44.4,9.7,Clear,0,32.8
2024-02-05,Kochi,63,58.5,38.1,7.2,Thunderstorm,0,89.6
2024-02-06,Kochi,70,1.9,21.6,11.0,Cloudy,0,31.6
2024-02-07,Kochi,40,1.3,34.1,4.5,Clear,0,32.611111111111114
2024-08-02,Kochi,62,0.1,15.4,9.4,Cloudy,0,30.6
2024-02-09,Kochi,39,1.2,31.4,10.5,Clear,0,25.7
2024-02-10,Kochi,53,105.1,31.9,10.1,Heavy Rain,0,31.3
2024-02-11,Kochi,65,0.5,15.5,10.4,Sunny,0,32.3
2024-12-02,Kochi,78,1.5,,7.5,Cloudy,0,32.1
2024-02-13,Kochi,93,30.2,2.7,7.7,Thunderstorm,1,32.8
2024-02-14,Kochi,35,1.2,29.8,5.9,Clear,0,26.3
2024-02-15,Kochi,35,12.8,26.5,8.8,Rain,0,32.6
2024-02-16,Kochi,44,1.9,17.0,11.4,Clear,0,29.833333333333332
2024-02-17,Kochi,97,0.7,23.8,5.8,Clear,0,25.6
2024-02-18,Kochi,35,1.0,34.1,6.5,Clear,0,30.7
2024-02-19,Kochi,89,0.6,37.1,5.1,Sunny,0,
2024-02-20,Kochi,98,85.7,21.6,8.1,Heavy Rain,0,33.9
2024-02-21,Kochi,33,0.7,43.1,9.1,Clear,0,31.6
2024-02-22,Kochi,90,0.0,3.9,9.0,Sunny,0,31.2
2024-02-23,Kochi,65,0.8,41.7,6.3,Clear,0,33.388888888888886
2024-02-24,Kochi,66,0.6,18.7,4.6,Clear,0,92.0
2024-02-25,Kochi,,0.0,32.1,7.6,Clear,0,31.7
2024-02-26,Kochi,32,0.8,43.5,9.5,Clear,0,77.3
2024-02-27,Kochi,55,0.8,39.1,8.1,Clear,0,25.1
2024-02-28,Kochi,81,0.7,4.7,10.2,Clear,0,31.2
2024-02-29,Kochi,62,0.1,14.1,6.4,Cloudy,0,26.6
2024-03-01,Kochi,58,1.9,44.8,11.9,Clear,0,31.666666666666668
2024-03-02,Kochi,64,0.1,6.2,7.5,Cloudy,0,27.0
2024-03-03,Kochi,unknown,1.3,10.7,11.6,Clear,0,31.1
2024-03-04,Kochi,87,10.6,22.7,6.2,Rain,0,26.1
2024-05-03,Kochi,89,1.5,35.7,5.0,Clear,0,32.1
2024-03-06,Kochi,89,82.7,33.0,8.8,Rain,1,31.6
2024-07-03,Kochi,47,1.2,21.5,7.5,Cloudy,0,32.1
2024-03-08,Kochi,84,0.5,32.9,9.1,Sunny,0,29.2
2024-09-03,Kochi,50,0.6,42.9,8.9,Cloudy,0,30.1
2024-11-03,Kochi,43,0.7,17.4,6.7,Cloudy,0,
2024-03-12,Kochi,68,95.3,43.2,8.0,Thunderstorm,0,30.4
2024-03-13,Kochi,92,0.6,20.1,10.6,Sunny,0,33.1
2024-03-14,Kochi,,1.7,30.3,11.8,Clear,0,32.22222222222222
2024-03-15,Kochi,49,1.0,18.3,8.3,Clear,0,34.6
2024-03-16,Kochi,95,0.5,18.3,6.5,Sunny,0,32.22222222222222
2024-03-17,Kochi,66,1.1,38.6,5.6,Sunny,0,39.4
2024-03-18,Kochi,66,0.2,32.8,10.8,Clear,0,26.2
2024-03-19,Kochi,69,0.5,27.9,4.3,Clear,0,79.8
2024-03-20,Kochi,83,29.0,34.9,10.9,Rain,0,36.2
2024-03-21,Kochi,62,6.9,41.3,5.7,Rain,1,32.1
2024-03-22,Kochi,28,0.3,43.4,4.2,Clear,0,33.7
2024-03-23,Kochi,93,1.5,4.9,5.0,Cloudy,0,39.2
2024-03-24,Kochi,64,76.7,35.2,11.6,Thunderstorm,1,29.1
2024-03-25,Kochi,54,65.0,41.3,6.0,Rain,0,32.0
2024-03-26,Kochi,92,110.5,15.5,11.2,Rain,1,36.1
2024-03-27,Kochi,73,41.7,29.2,8.2,Thunderstorm,0,29.5
2024-03-28,Kochi,66,26.7,28.3,10.6,Thunderstorm,0,32.72222222222222
2024-03-29,Kochi,79,1.2,10.8,6.0,Sunny,0,32.0
2024-03-30,Kochi,65,0.1,12.8,11.0,Clear,0,37.9
2024-03-31,Kochi,70,113.0,8.3,10.3,Rain,0,
2024-04-01,Kochi,38,103.8,36.5,6.8,Rain,0,37.1
2024-04-02,Kochi,34,1.1,3.0,8.0,Sunny,0,33.9
2024-04-04,Kochi,31,1.2,23.9,1.3,Fog,0,28.5
2024-05-04,Kochi,60,0.5,30.1,10.0,Cloudy,0,33.1
2024-04-06,Kochi,42,0.5,21.7,4.1,Cloudy,0,32.1
2024-04-07,Kochi,48,1.5,8.4,6.7,Cloudy,0,31.3
2024-04-08,Kochi,41,0.7,11.3,5.9,Cloudy,0,31.3
2024-04-09,Kochi,72,1.7,39.1,6.7,Clear,0,29.5
2024-10-04,Kochi,54,39.9,6.9,11.2,Rain,0,36.1
2024-04-11,Kochi,82,98.8,13.4,5.9,Rain,1,34.1
2024-12-04,Kochi,72,1.2,40.3,4.8,Cloudy,0,34.2
2024-04-13,Kochi,74,0.7,21.6,11.5,Clear,0,31.0
2024-04-14,Kochi,54,40.3,,8.9,Heavy Rain,0,29.0
2024-04-15,Kochi,80,18.4,14.9,8.8,Rain,0,97.7
2024-04-16,Kochi,73,1.4,3.8,9.5,Sunny,0,32.7
2024-04-17,Kochi,56,0.5,38.1,10.3,Sunny,0,33.0
2024-04-18,Kochi,67,1.1,40.4,7.7,Sunny,0,32.0
2024-04-19,Kochi,53,95.4,39.5,9.2,Thunderstorm,0,31.3
2024-04-20,Kochi,43,0.7,5.6,4.8,Clear,0,29.7
2024-04-21,Kochi,38,110.9,28.9,5.4,Rain,0,31.0
2024-04-22,Kochi,73,7.2,32.0,4.0,Heavy Rain,1,30.3
2024-04-23,Kochi,92,0.4,15.2,6.8,Clear,0,31.3
2024-04-24,Kochi,51,1.9,4.6,0.7,Fog,0,33.8
2024-04-25,Kochi,36,74.3,21.4,4.8,Rain,1,26.0
2024-04-26,Kochi,58,95.0,38.3,10.6,Rain,0,29.4
2024-04-27,Kochi,29,0.0,33.6,4.3,Cloudy,0,27.9
2024-04-28,Kochi,-,75.1,7.1,11.4,Rain,0,87.3
2024-04-29,Kochi,69,0.4,36.0,5.4,Clear,0,27.8
2024-04-30,Kochi,51,1.4,39.5,0.5,Fog,0,31.2
2024-05-01,Kochi,75,0.1,6.6,5.9,Sunny,0,31.2
2024-02-05,Kochi,57,1.3,27.9,4.5,Cloudy,0,34.3
2024-05-03,Kochi,68,1.1,24.3,5.5,Cloudy,0,29.555555555555557
2024-04-05,Kochi,87,1.9,28.4,4.7,Sunny,0,28.9
2024-05-05,Kochi,74,0.6,8.2,10.7,Cloudy,0,32.6
2024-05-06,Kochi,29,0.7,14.3,6.8,Sunny,0,27.0
2024-05-07,Kochi,31,0.8,30.7,8.8,Clear,0,29.9
2024-08-05,Kochi,64,1.9,38.7,10.4,Clear,0,30.3
2024-05-09,Kochi,42,1.7,33.2,9.8,Clear,0,28.4
2024-05-10,Kochi,86,0.2,7.1,4.6,Clear,0,28.5
2024-11-05,Kochi,97,86.6,7.6,9.4,Rain,0,25.72222222222222
2024-12-05,Kochi,76,0.4,44.1,9.2,Cloudy,0,26.2
2024-05-13,Kochi,90,1.5,16.1,1.3,Fog,0,27.0
2024-05-14,Kochi,45,0.6,26.5,11.6,Clear,0,34.3
2024-05-15,Kochi,86,0.9,4.8,1.7,Fog,0,34.3
2024-05-16,Kochi,58,0.3,31.5,4.6,Sunny,0,34.4
2024-05-17,Kochi,78,0.7,17.9,6.4,Cloudy,0,30.8
2024-05-18,Kochi,97,0.6,41.6,5.4,Clear,0,31.7
2024-05-19,Kochi,40,1.6,37.6,4.2,Clear,0,32.9
2024-05-20,Kochi,71,41.3,-,4.0,Rain,1,35.5
2024-05-21,Kochi,95,1.4,25.5,7.5,Clear,0,24.555555555555557
2024-05-22,Kochi,81,1.3,2.5,8.7,Sunny,0,24.1
2024-05-23,Kochi,90,1.1,12.3,9.0,Sunny,0,31.4
2024-05-24,Kochi,90,1.0,41.8,7.7,Clear,0,34.4
2024-05-25,Kochi,28,0.9,38.5,9.6,Cloudy,0,28.2
2024-05-26,Kochi,89,0.5,42.2,7.5,Clear,0,23.2
2024-05-27,Kochi,44,0.1,11.0,8.9,Sunny,0,26.5
2024-05-28,Kochi,73,105.5,35.6,7.8,Heavy Rain,1,27.5
2024-05-29,Kochi,52,0.7,19.1,4.8,Clear,0,27.2
2024-05-30,Kochi,79,0.3,28.3,7.3,Clear,0,28.0
2024-05-31,Kochi,79,16.2,28.5,9.0,Thunderstorm,0,35.4
2024-06-01,Kochi,97,0.9,18.3,6.8,Clear,0,30.6
2024-06-02,Kochi,95,1.4,37.2,9.1,Cloudy,0,29.0
2024-06-03,Kochi,46,1.7,30.6,6.4,Clear,0,20.5
2024-04-06,Kochi,unknown,1.6,39.2,6.0,Sunny,0,28.1
2024-06-05,Kochi,79,88.3,20.6,10.1,Rain,0,26.6
2024-06-06,Kochi,72,1.2,17.7,11.4,Clear,0,29.0
2024-07-06,Kochi,37,2.0,3.9,8.0,Clear,0,22.9
2024-06-08,Kochi,56,1.2,6.2,5.0,Cloudy,0,26.0
2024-09-06,Kochi,42,2.0,41.2,1.7,Fog,0,29.3
2024-06-10,Kochi,28,1.6,  ,10.2,Clear,0,27.5
2024-11-06,Kochi,74,0.0,35.1,9.2,Clear,0,27.0
2024-12-06,Kochi,31,0.9,18.5,2.0,Fog,0,30.1
2024-06-13,Kochi,64,0.5,23.6,5.0,Clear,0,31.3
2024-06-14,Kochi,82,65.9,33.5,11.9,Heavy Rain,0,18.7
2024-06-15,Kochi,92,0.0,22.6,7.1,Cloudy,0,24.2
2024-06-16,Kochi,79,41.5,9.2,5.1,Thunderstorm,1,25.8
2024-06-17,Kochi,70,1.0,33.4,4.7,Cloudy,0,27.5
2024-06-18,Kochi,64,0.3,38.3,6.1,Clear,0,24.111111111111114
2024-06-19,Kochi,82,0.3,31.2,10.9,Clear,0,27.3
2024-06-20,Kochi,-,1.5,41.9,6.8,Cloudy,0,75.2
2024-06-21,Kochi,57,1.5,13.4,10.2,Cloudy,0,22.4
2024-06-22,Kochi,64,0.7,,9.2,Clear,0,23.3
2024-06-23,Kochi,78,1.0,28.2,6.3,Clear,0,23.9
2024-06-24,Kochi,57,0.1,18.7,11.2,Clear,0,22.5
2024-06-25,Kochi,58,1.7,6.0,10.2,Clear,0,25.8
2024-06-26,Kochi,36,82.3,44.5,8.1,Rain,0,26.5
2024-06-27,Kochi,65,97.2,38.7,4.8,Rain,0,25.055555555555554
2024-06-28,Kochi,70,0.1,42.2,0.3,Fog,0,17.8
2024-06-29,Kochi,72,1.5,44.4,6.0,Sunny,0,22.8
2024-06-30,Kochi,92,0.8,30.0,11.0,Clear,0,30.2
2024-07-01,Kochi,77,0.9,9.8,7.2,Clear,0,21.7
2024-02-07,Kochi,50,32.1,38.1,6.8,Thunderstorm,0,24.2
2024-03-07,Kochi,41,1.2,27.8,5.4,Cloudy,0,25.1
2024-07-04,Kochi,55,32.3,15.5,11.5,Rain,1,25.2
2024-07-05,Kochi,,102.5,7.2,5.7,Rain,1,21.8
2024-06-07,Kochi,54,0.3,11.3,9.9,Clear,0,18.3
2024-07-07,Kochi,unknown,31.3,24.2,6.8,Heavy Rain,0,22.9
2024-08-07,Kochi,44,1.5,4.5,11.6,Clear,0,18.5
2024-09-07,Kochi,42,21.8,33.3,5.0,Rain,0,23.9
2024-10-07,Kochi,,0.9,36.8,4.7,Cloudy,0,22.1
2024-07-11,Kochi,52,0.6,36.8,8.4,Clear,0,21.1
2024-12-07,Kochi,77,0.4,3.0,5.5,Clear,0,25.6
2024-07-13,Kochi,58,1.7,39.0,4.2,Cloudy,0,20.6
2024-07-14,Kochi,67,7.8,16.6,5.3,Rain,0,21.4
2024-07-16,Kochi,30,0.4,19.2,7.0,Clear,0,22.7
2024-07-17,Kochi,53,0.1,18.3,9.5,Clear,0,23.388888888888886
2024-07-18,Kochi,94,1.7,34.5,8.2,Cloudy,0,22.5
2024-07-19,Kochi,80,1.8,29.9,8.0,Cloudy,0,14.8
2024-07-20,Kochi,28,1.7,29.8,1.0,Fog,0,22.9
2024-07-21,Kochi,50,0.4,31.5,4.0,Sunny,0,22.77777777777778
2024-07-22,Kochi,88,36.7,8.4,5.3,Rain,1,23.7
2024-07-23,Kochi,29,0.6,4.9,1.6,Fog,0,20.0
2024-07-24,Kochi,51,1.2,26.0,11.3,Clear,0,21.1
2024-07-25,Kochi,48,1.3,20.5,6.9,Cloudy,0,21.4
2024-07-26,Kochi,57,0.8,22.9,10.4,Clear,0,29.7
2024-07-27,Kochi,76,1.2,8.1,10.8,Cloudy,0,
2024-07-28,Kochi,91,1.9,18.9,6.0,Cloudy,0,19.8
2024-07-29,Kochi,85,0.7,13.9,9.4,Clear,0,17.5
2024-07-30,Kochi,86,1.2,  ,5.8,Clear,0,24.3
2024-07-31,Kochi,65,1.9,32.3,8.3,Cloudy,0,23.555555555555557
2024-01-08,Kochi,45,0.5,5.5,11.7,Clear,0,66.9
2024-08-02,Kochi,61,1.4,37.2,4.1,Cloudy,0,21.1
2024-03-08,Kochi,71,1.5,35.1,9.6,Clear,0,23.1
2024-08-04,Kochi,71,38.9,13.2,11.8,Rain,0,15.5
2024-08-05,Kochi,72,110.9,15.2,4.4,Rain,1,14.0
2024-08-06,Kochi,80,1.9,40.2,4.3,Clear,0,19.5
2024-08-07,Kochi,38,2.0,2.5,1.5,Fog,0,20.9
2024-08-08,Kochi,68,1.0,14.0,5.6,Clear,0,15.2
2024-09-08,Kochi,39,0.4,19.2,7.2,Sunny,0,22.5
2024-10-08,Kochi,89,59.6,7.2,11.4,Rain,0,16.1
2024-11-08,Kochi,60,67.6,6.1,4.2,Rain,0,15.4
2024-12-08,Kochi,79,1.8,11.4,0.6,Fog,0,18.9
2024-08-13,Kochi,76,1.3,40.5,5.4,Clear,0,18.4
2024-08-14,Kochi,74,1.4,18.1,2.8,Fog,0,19.3
2024-08-15,Kochi,95,0.4,36.7,6.8,Clear,0,22.3
2024-08-16,Kochi,61,117.9,21.8,6.5,Thunderstorm,0,17.6
2024-08-17,Kochi,40,0.4,8.1,11.3,Clear,0,17.8
2024-08-18,Kochi,97,1.6,  ,4.5,Sunny,0,15.7
2024-08-19,Kochi,35,22.9,4.1,6.4,Rain,1,17.5
2024-08-20,Kochi,85,1.4,22.9,1.6,Fog,0,13.3
2024-08-21,Kochi,81,49.8,36.8,9.3,Rain,0,18.0
2024-08-22,Kochi,94,1.9,28.6,5.5,Clear,0,17.3
2024-08-23,Kochi,52,53.1,30.2,5.6,Thunderstorm,0,19.3
2024-08-24,Kochi,40,1.1,12.5,10.8,Cloudy,0,23.1
2024-08-25,Kochi,79,1.5,7.8,11.8,Clear,0,18.1
2024-08-26,Kochi,84,0.0,23.0,10.6,Clear,0,
2024-08-27,Kochi,96,2.0,24.9,0.9,Fog,0,20.2
2024-08-28,Kochi,55,1.3,19.9,4.2,Clear,0,14.6
2024-08-29,Kochi,33,1.6,44.2,10.1,Cloudy,0,13.8
2024-08-30,Kochi,36,2.0,6.3,9.0,Cloudy,0,22.6
2024-08-31,Kochi,30,86.9,12.3,5.9,Rain,1,18.8
2024-01-09,Kochi,71,1.1,32.4,6.8,Cloudy,0,14.555555555555555
2024-02-09,Kochi,46,41.3,12.5,4.1,Heavy Rain,0,15.4
2024-09-03,Kochi,77,0.7,18.8,9.5,Sunny,0,17.3
2024-04-09,Kochi,94,0.5,40.6,10.8,Clear,0,19.6
2024-05-09,Kochi,77,1.2,43.0,10.7,Clear,0,19.9
2024-06-09,Kochi,60,1.3,41.4,8.3,Sunny,0,14.0
2024-09-07,Kochi,37,0.9,42.3,6.2,Clear,0,11.666666666666666
2024-09-08,Kochi,33,0.5,37.4,11.0,Cloudy,0,15.0
2024-09-09,Kochi,60,0.9,36.1,10.3,Sunny,0,19.9
2024-09-10,Kochi,,0.7,32.1,8.3,Cloudy,0,18.0
2024-11-09,Kochi,61,0.3,5.1,9.3,Cloudy,0,14.1
2024-09-12,Kochi,43,105.2,2.9,11.1,Heavy Rain,1,15.1
2024-09-13,Kochi,88,43.0,42.2,5.5,Heavy Rain,1,17.9
2024-09-14,Kochi,45,70.1,41.2,6.5,Thunderstorm,0,18.7
2024-09-15,Kochi,76,1.7,38.9,6.9,Clear,0,15.38888888888889
2024-09-16,Kochi,80,1.0,35.2,1.0,Fog,0,14.9
2024-09-17,Kochi,59,0.4,35.8,11.8,Cloudy,0,17.9
2024-09-18,Kochi,46,0.7,28.4,0.4,Fog,0,20.8
2024-09-19,Kochi,47,1.9,9.3,6.4,Clear,0,12.666666666666664
2024-09-20,Kochi,75,1.0,unknown,10.6,Clear,0,15.7
2024-09-21,Kochi,98,19.5,20.6,8.6,Thunderstorm,0,18.6
2024-09-23,Kochi,50,15.6,4.4,6.5,Thunderstorm,1,20.2
2024-09-24,Kochi,61,39.4,37.0,5.0,Rain,0,15.5
2024-09-25,Kochi,39,1.8,21.9,9.0,Clear,0,16.7
2024-09-26,Kochi,69,0.2,9.7,1.4,Fog,0,17.5
2024-09-28,Kochi,58,1.6,28.3,7.1,Clear,0,13.6
2024-09-29,Kochi,89,2.0,23.1,5.7,Cloudy,0,20.555555555555557
2024-09-30,Kochi,72,1.6,23.4,5.6,Clear,0,16.8
2024-10-01,Kochi,60,1.9,16.7,9.9,Sunny,0,12.4
2024-10-02,Kochi,29,1.8,27.3,12.0,Clear,0,17.3
2024-03-10,Kochi,85,0.4,9.2,9.0,Cloudy,0,10.2
2024-04-10,Kochi,84,1.5,3.2,6.4,Clear,0,
2024-10-05,Kochi,37,1.5,36.6,8.0,Cloudy,0,16.6
2024-10-07,Kochi,52,0.0,19.1,8.0,Sunny,0,12.4
2024-10-08,Kochi,79,0.1,19.2,6.3,Clear,0,21.4
2024-10-09,Kochi,70,15.2,3.3,4.3,Thunderstorm,0,
2024-10-10,Kochi,98,0.0,10.5,10.4,Cloudy,0,18.0
2024-10-11,Kochi,80,113.8,25.8,8.4,Thunderstorm,0,17.5
2024-10-12,Kochi,93,1.7,20.2,4.3,Clear,0,23.7
2024-10-13,Kochi,74,1.0,28.0,8.9,Cloudy,0,20.3
2024-10-14,Kochi,88,0.6,39.5,6.4,Clear,0,18.3
2024-10-15,Kochi,38,25.1,40.2,8.0,Thunderstorm,1,10.6
2024-10-16,Kochi,39,63.0,27.2,6.6,Thunderstorm,0,11.4
2024-10-17,Kochi,38,0.9,8.9,10.2,Sunny,0,17.8
2024-10-18,Kochi,51,1.9,44.2,6.6,Clear,0,22.3
2024-10-19,Kochi,74,0.5,36.3,11.2,Sunny,0,22.88888888888889
2024-10-20,Kochi,87,0.0,12.6,4.7,Sunny,0,14.1
2024-10-21,Kochi,38,80.4,34.1,5.9,Rain,1,
2024-10-22,Kochi,79,1.2,5.0,11.3,Clear,0,19.0
2024-10-23,Kochi,44,75.5,21.5,6.7,Heavy Rain,0,13.7
2024-10-24,Kochi,96,103.1,32.4,6.2,Heavy Rain,0,
2024-10-25,Kochi,95,1.5,11.1,10.4,Cloudy,0,11.666666666666666
2024-10-26,Kochi,95,0.3,27.5,8.2,Clear,0,14.3
2024-10-28,Kochi,54,0.3,3.2,5.5,Clear,0,17.9
2024-10-29,Kochi,41,1.0,9.9,10.1,Clear,0,19.3
2024-10-30,Kochi,80,88.3,22.6,10.5,Rain,0,13.4
2024-10-31,Kochi,39,19.0,,5.1,Rain,0,16.8
2024-11-01,Kochi,87,1.9,28.5,5.1,Cloudy,0,15.8
2024-03-11,Kochi,98,0.3,24.4,8.4,Sunny,0,15.7
2024-04-11,Kochi,80,1.7,6.0,8.5,Sunny,0,19.8
2024-05-11,Kochi,90,30.7,10.4,7.3,Rain,0,15.8
2024-06-11,Kochi,57,0.7,40.4,11.8,Sunny,0,18.7
2024-07-11,Kochi,82,1.0,42.6,5.3,Cloudy,0,18.6
2024-08-11,Kochi,69,1.2,22.6,10.3,Cloudy,0,57.6
2024-09-11,Kochi,66,1.2,30.7,10.5,Clear,0,16.4
2024-10-11,Kochi,45,58.8,8.7,4.0,Rain,0,18.6
2024-11-11,Kochi,43,47.1,24.8,6.7,Rain,0,19.3
2024-11-12,Kochi,77,1.5,24.6,7.1,Clear,0,12.8
2024-11-13,Kochi,62,1.1,14.5,2.6,Fog,0,15.1
2024-11-14,Kochi,97,0.6,8.7,4.2,Clear,0,13.3
2024-11-15,Kochi,51,0.9,24.5,10.7,Cloudy,0,19.9
2024-11-16,Kochi,43,0.3,33.0,5.4,Clear,0,18.4
2024-11-17,Kochi,62,83.8,20.7,7.7,Rain,0,20.5
2024-11-18,Kochi,44,0.6,18.8,4.0,Cloudy,0,18.3
2024-11-19,Kochi,60,18.7,41.6,7.3,Heavy Rain,1,20.1
2024-11-20,Kochi,46,99.9,12.5,10.7,Rain,0,19.4
2024-11-21,Kochi,92,0.4,31.7,10.6,Cloudy,0,16.1
2024-11-22,Kochi,29,1.1,8.0,1.5,Fog,0,16.6
2024-11-23,Kochi,58,1.5,,5.4,Clear,0,16.4
2024-11-24,Kochi,61,49.9,15.4,10.8,Rain,0,15.722222222222221
2024-11-25,Kochi,34,1.9,31.2,5.0,Sunny,0,16.0
2024-11-26,Kochi,88,1.4,12.7,9.9,Clear,0,22.0
2024-11-27,Kochi,88,0.7,7.3,10.0,Clear,0,22.5
2024-11-28,Kochi,38,32.4,40.7,6.0,Rain,0,18.3
2024-11-29,Kochi,48,43.3,26.6,6.4,Thunderstorm,0,18.0
2024-11-30,Kochi,52,0.2,8.0,6.7,Clear,0,20.222222222222225
2024-01-12,Kochi,95,0.2,30.6,10.1,Cloudy,0,24.8
2024-12-02,Kochi,96,5.1,14.3,10.0,Rain,1,19.9
2024-03-12,Kochi,92,0.3,11.9,4.6,Cloudy,0,21.1
2024-04-12,Kochi,97,1.7,5.0,9.4,Clear,0,17.7
2024-05-12,Kochi,46,0.7,28.9,6.9,Clear,0,23.9
2024-12-06,Kochi,58,1.8,5.2,8.8,Clear,0,14.0
2024-12-07,Kochi,80,1.0,34.6,8.0,Clear,0,15.0
2024-08-12,Kochi,59,0.5,25.4,4.3,Clear,0,24.8
2024-12-09,Kochi,53,1.2,44.3,4.3,Clear,0,23.8
2024-10-12,Kochi,79,1.6,29.9,6.8,Clear,0,22.0
2024-11-12,Kochi,31,1.1,4.9,10.9,Clear,0,23.1
2024-12-12,Kochi,74,0.5,7.1,5.5,Cloudy,0,23.6
2024-12-13,Kochi,64,1.7,12.0,11.5,Clear,0,22.8
2024-12-14,Kochi,68,1.6,29.8,5.4,Clear,0,24.5
2024-12-15,Kochi,71,0.2,42.5,6.9,Clear,0,27.3
2024-12-16,Kochi,75,0.5,10.4,11.3,Clear,0,17.6
2024-12-17,Kochi,40,0.3,40.9,7.2,Clear,0,18.3
2024-12-18,Kochi,41,0.9,13.6,5.9,Clear,0,26.3
2024-12-19,Kochi,40,13.9,38.8,9.0,Rain,0,21.4
2024-12-20,Kochi,81,92.7,4.8,9.9,Rain,1,22.7
2024-12-21,Kochi,41,0.9,27.6,2.8,Fog,0,23.4
2024-12-22,Kochi,53,1.7,23.8,5.0,Clear,0,23.8
2024-12-23,Kochi,58,1.4,37.6,11.5,Clear,0,22.5
2024-12-24,Kochi,84,50.3,33.0,10.4,Rain,0,22.8
2024-12-25,Kochi,62,0.1,36.3,8.0,Clear,0,24.1
2024-12-26,Kochi,90,0.3,29.8,4.8,Cloudy,0,23.8
2024-12-27,Kochi,57,92.6,10.7,5.1,Rain,0,22.1
2024-12-28,Kochi,54,1.1,34.5,4.4,Cloudy,0,24.6
2024-12-29,Kochi,80,1.5,39.0,5.9,Sunny,0,24.5
2024-12-30,Kochi,76,48.0,44.8,7.2,Rain,0,24.1
2024-12-31,Kochi,86,0.5,39.4,7.3,Clear,0,24.6
2025-01-01,Kochi,33,1.9,25.3,11.9,Cloudy,0,27.4
2025-02-01,Kochi,36,1.7,44.9,7.7,Clear,0,25.4
2025-03-01,Kochi,39,0.4,16.1,4.7,Clear,0,29.5
2025-01-04,Kochi,37,81.8,2.0,9.7,Heavy Rain,0,21.6
2025-01-05,Kochi,32,85.3,40.9,9.6,Rain,0,
2025-06-01,Kochi,,0.2,13.5,10.9,Cloudy,0,27.6
2025-07-01,Kochi,89,1.5,24.8,4.5,Clear,0,28.5
2025-01-08,Kochi,75,0.4,39.6,4.8,Cloudy,0,26.0
2025-09-01,Kochi,55,1.1,34.5,4.3,Clear,0,25.1
2025-01-10,Kochi,31,5.6,13.8,4.5,Rain,1,24.8
2025-11-01,Kochi,51,92.9,22.7,9.6,Rain,1,30.3
2025-01-12,Kochi,36,74.4,40.1,6.0,Heavy Rain,1,
2025-01-13,Kochi,96,1.0,9.6,4.4,Clear,0,28.9
2025-01-14,Kochi,85,1.0,27.2,10.4,Clear,0,24.9
2025-01-15,Kochi,82,0.5,22.0,2.6,Fog,0,24.6
2025-01-16,Kochi,71,53.4,2.3,11.1,Thunderstorm,1,26.3
2025-01-17,Kochi,38,0.2,17.8,7.0,Clear,0,25.0
2025-01-18,Kochi,33,29.3,8.0,9.6,Rain,1,25.72222222222222
2025-01-19,Kochi,66,1.7,41.1,12.0,Clear,0,25.4
2025-01-20,Kochi,29,1.3,7.4,11.6,Cloudy,0,30.9
2025-01-21,Kochi,66,0.4,5.6,11.6,Sunny,0,27.9
2025-01-22,Kochi,46,0.1,6.3,10.4,Clear,0,28.9
2025-01-23,Kochi,70,1.9,25.1,4.8,Cloudy,0,23.3
2025-01-24,Kochi,33,0.3,24.3,5.2,Clear,0,20.1
2025-01-25,Kochi,89,1.8,33.9,8.0,Cloudy,0,31.0
2025-01-26,Kochi,53,0.1,13.6,4.4,Clear,0,76.9
2025-01-27,Kochi,89,0.5,6.1,7.0,Clear,0,24.4
2025-01-28,Kochi,31,0.2,34.9,8.2,Clear,0,23.7
2025-01-29,Kochi,83,0.6,5.6,2.8,Fog,0,31.4
2025-01-30,Kochi,72,1.1,22.2,10.0,Sunny,0,74.0
2025-01-31,Kochi,97,1.9,9.6,7.3,Clear,0,31.4
2025-02-01,Kochi,68,0.4,30.0,6.8,Sunny,0,27.0
2025-02-02,Kochi,79,0.9,2.4,1.5,Fog,0,27.6
2025-02-03,Kochi,87,0.1,42.6,5.6,Cloudy,0,32.6
2025-04-02,Kochi,98,1.2,14.9,7.7,Sunny,0,28.0
2025-02-05,Kochi,37,0.8,42.0,4.2,Cloudy,0,27.4
2025-02-06,Kochi,87,1.1,6.9,6.7,Clear,0,83.4
2025-07-02,Kochi,57,1.7,3.3,9.5,Clear,0,27.6
2025-02-08,Kochi,95,64.8,16.0,7.4,Rain,0,80.6
2025-09-02,Kochi,29,1.7,5.5,10.7,Cloudy,0,27.1
2025-10-02,Kochi,39,1.1,25.4,4.6,Sunny,0,32.3
2025-12-02,Kochi,65,0.2,6.0,9.4,Clear,0,26.7
2025-02-13,Kochi,84,1.5,16.5,9.5,Cloudy,0,25.6
2025-02-14,Kochi,35,0.7,23.5,4.1,Clear,0,26.3
2025-02-15,Kochi,80,57.4,31.2,4.0,Rain,1,33.4
2025-02-16,Kochi,45,7.2,,10.9,Rain,0,29.944444444444443
2025-02-17,Kochi,35,0.3,12.7,5.8,Sunny,0,25.4
2025-02-18,Kochi,92,1.5,23.1,11.9,Clear,0,33.7
2025-02-19,Kochi,80,1.0,15.9,6.9,Clear,0,33.2
2025-02-20,Kochi,42,0.4,43.3,2.0,Fog,0,26.7
2025-02-21,Kochi,39,97.8,28.9,11.8,Rain,1,31.8
2025-02-22,Kochi,72,78.1,29.2,7.7,Rain,0,31.1
2025-02-23,Kochi,82,0.7,38.9,9.8,Sunny,0,30.8
2025-02-24,Kochi,29,1.2,44.4,5.6,Clear,0,24.4
2025-02-25,Kochi,47,52.2,39.2,12.0,Rain,0,29.5
2025-02-26,Kochi,76,0.7,31.6,10.9,Clear,0,33.9
2025-02-27,Kochi,89,0.1,10.4,11.5,Cloudy,0,32.2
2025-02-28,Kochi,64,1.3,2.6,10.1,Clear,0,34.4
2025-03-01,Kochi,77,0.1,30.4,1.3,Fog,0,29.2
2025-02-03,Kochi,78,1.0,42.9,8.7,Clear,0,30.7
2025-03-03,Kochi,45,54.5,29.8,5.5,Rain,0,26.6
2025-04-03,Kochi,40,0.6,37.7,11.9,Sunny,0,30.3
2025-05-03,Kochi,60,1.9,25.5,11.9,Clear,0,35.9
2025-03-06,Kochi,91,1.8,16.1,2.7,Fog,0,30.8
2025-07-03,Kochi,78,1.5,10.0,10.4,Cloudy,0,25.4
2025-08-03,Kochi,92,1.6,34.3,9.3,Cloudy,0,27.0
2025-03-10,Kochi,92,0.3,29.4,6.1,Sunny,0,28.3
2025-03-11,Kochi,42,15.2,23.9,5.8,Heavy Rain,0,28.0
2025-12-03,Kochi,56,1.7,28.7,7.9,Cloudy,0,30.77777777777778
2025-03-13,Kochi,48,1.3,21.6,11.2,Cloudy,0,32.6
2025-03-14,Kochi,79,0.0,15.4,8.7,Clear,0,30.1
2025-03-15,Kochi,unknown,42.3,10.4,6.0,Rain,1,24.3
2025-03-16,Kochi,29,1.3,2.5,10.8,Clear,0,34.7
2025-03-17,Kochi,33,1.6,26.3,5.7,Clear,0,30.1
2025-03-18,Kochi,38,111.9,43.4,9.2,Heavy Rain,0,27.0
2025-03-19,Kochi,32,16.4,21.8,9.2,Rain,0,30.4
2025-03-20,Kochi,55,52.8,31.8,6.5,Rain,1,28.833333333333332
2025-03-21,Kochi,52,118.6,16.9,9.2,Rain,0,30.9
2025-03-22,Kochi,57,0.3,10.1,8.4,Sunny,0,27.6
2025-03-23,Kochi,79,1.9,22.4,10.8,Cloudy,0,30.2
2025-03-24,Kochi,62,0.7,30.0,0.9,Fog,0,32.4
2025-03-25,Kochi,79,74.2,40.8,7.9,Thunderstorm,0,27.8
2025-03-26,Kochi,34,61.1,40.1,8.0,Rain,0,29.5
2025-03-27,Kochi,93,43.9,30.4,9.0,Thunderstorm,0,25.9
2025-03-28,Kochi,76,17.0,3.0,9.1,Rain,1,32.3
2025-03-29,Kochi,61,47.2,16.6,6.3,Rain,0,27.8
2025-03-30,Kochi,46,0.5,26.8,8.9,Clear,0,30.6
2025-03-31,Kochi,65,0.3,21.3,9.1,Cloudy,0,28.9
2025-01-04,Kochi,94,1.9,12.0,5.6,Clear,0,34.27777777777778
2025-04-02,Kochi,42,0.5,27.4,10.1,Clear,0,29.7
2025-03-04,Kochi,76,0.6,12.7,6.1,Cloudy,0,33.9
2025-04-04,Kochi,90,73.3,27.1,9.8,Rain,0,35.5
2025-04-05,Kochi,62,1.1,33.7,5.5,Clear,0,31.8
2025-04-06,Kochi,79,84.6,15.0,8.0,Rain,1,30.3
2025-04-07,Kochi,41,57.7,3.5,10.4,Heavy Rain,0,32.6
2025-04-08,Kochi,53,1.1,40.6,6.4,Sunny,0,33.5
2025-09-04,Kochi,72,0.2,42.5,12.0,Sunny,0,32.8
2025-10-04,Kochi,83,0.0,22.6,7.6,Clear,0,24.1
2025-04-11,Kochi,30,2.0,18.8,7.8,Cloudy,0,
2025-12-04,Kochi,78,0.2,41.2,6.7,Cloudy,0,38.72222222222222
2025-04-13,Kochi,37,1.5,14.1,4.5,Cloudy,0,33.666666666666664
2025-04-14,Kochi,47,1.3,35.5,7.2,Cloudy,0,30.6
2025-04-15,Kochi,69,1.0,25.3,10.2,Cloudy,0,31.9
2025-04-16,Kochi,68,0.2,6.3,11.7,Clear,0,33.7
2025-04-17,Kochi,56,88.6,41.7,7.4,Rain,0,26.6
2025-04-18,Kochi,76,1.5,3.3,9.0,Sunny,0,33.4
2025-04-19,Kochi,77,1.8,19.6,5.4,Clear,0,34.7
2025-04-20,Kochi,43,81.7,11.2,4.4,Rain,1,33.388888888888886
2025-04-21,Kochi,37,50.0,7.8,7.1,Rain,1,31.2
2025-04-22,Kochi,51,102.3,5.7,5.9,Rain,0,27.2
2025-04-23,Kochi,70,0.4,32.8,10.8,Cloudy,0,33.6
2025-04-24,Kochi,33,0.1,33.0,10.5,Clear,0,32.6
2025-04-25,Kochi,55,0.9,8.4,7.1,Clear,0,32.7
2025-04-26,Kochi,37,0.1,12.4,6.5,Sunny,0,27.2
2025-04-27,Kochi,46,1.7,17.6,7.7,Cloudy,0,30.2
2025-04-28,Kochi,31,1.9,8.3,5.4,Cloudy,0,29.4
2025-04-29,Kochi,56,105.8,33.4,6.1,Rain,0,35.0
2025-04-30,Kochi,94,100.4,25.2,6.5,Rain,0,30.4
2025-05-01,Kochi,70,0.3,26.8,7.1,Cloudy,0,28.2
2025-05-02,Kochi,41,0.8,22.4,10.8,Clear,0,31.555555555555557
2025-05-03,Kochi,98,0.2,27.1,6.3,Cloudy,0,30.8
2025-05-04,Kochi,97,1.8,44.6,10.8,Clear,0,29.22222222222222
2025-05-05,Kochi,60,0.2,37.9,7.8,Sunny,0,34.1
2025-05-06,Kochi,45,0.4,6.5,8.3,Sunny,0,25.4
2025-07-05,Kochi,76,0.2,31.5,5.8,Clear,0,32.5
2025-08-05,Kochi,92,55.5,35.2,8.5,Heavy Rain,0,27.2
2025-05-09,Kochi,50,35.2,36.8,10.0,Heavy Rain,0,28.5
2025-05-10,Kochi,79,93.4,7.5,10.1,Rain,0,25.4
2025-05-11,Kochi,82,0.3,27.6,2.3,Fog,0,29.8
2025-05-12,Kochi,38,1.4,2.0,5.7,Sunny,0,26.5
2025-05-13,Kochi,70,0.6,7.1,11.0,Cloudy,0,84.2
2025-05-14,Kochi,67,1.4,33.4,11.8,Clear,0,28.8
2025-05-15,Kochi,58,2.0,37.1,5.4,Clear,0,32.7
2025-05-16,Kochi,35,1.0,22.0,10.8,Clear,0,32.9
2025-05-17,Kochi,49,8.5,40.5,6.1,Rain,0,32.4
2025-05-18,Kochi,64,58.3,37.7,9.9,Rain,0,30.1
2025-05-19,Kochi,96,1.3,24.0,4.1,Clear,0,31.2
2025-05-20,Kochi,70,85.5,39.1,5.3,Rain,0,29.7
2025-05-21,Kochi,84,1.8,6.0,10.7,Cloudy,0,31.6
2025-05-22,Kochi,57,1.8,11.2,8.1,Clear,0,30.8
2025-05-23,Kochi,48,1.4,24.8,7.8,Clear,0,28.8
2025-05-24,Kochi,62,0.5,40.7,7.2,Sunny,0,29.2
2025-05-25,Kochi,35,1.3,3.5,4.9,Cloudy,0,29.61111111111111
2025-05-26,Kochi,87,28.1,35.0,7.5,Rain,0,30.3
2025-05-27,Kochi,87,1.7,27.4,5.8,Sunny,0,33.3
2025-05-28,Kochi,69,91.9,14.3,11.9,Rain,1,82.5
2025-05-29,Kochi,83,23.9,33.9,6.9,Rain,1,23.9
2025-05-30,Kochi,78,1.0,38.2,7.9,Sunny,0,28.5
2025-05-31,Kochi,53,1.8,2.4,10.9,Cloudy,0,25.0
2025-06-01,Kochi,48,0.7,2.4,11.3,Clear,0,26.2
2025-06-02,Kochi,95,0.9,2.5,4.0,Clear,0,31.1
2025-03-06,Kochi,,1.6,14.7,1.6,Fog,0,81.3
2025-06-04,Kochi,83,1.6,27.2,5.5,Clear,0,25.9
2025-05-06,Kochi,29,1.8,36.7,6.9,Clear,0,
2025-06-06,Kochi,94,1.3,25.2,7.5,Cloudy,0,27.3
2025-06-07,Kochi,,81.8,27.9,10.5,Thunderstorm,0,31.0
2025-08-06,Kochi,29,0.6,19.6,8.6,Cloudy,0,25.3
2025-06-09,Kochi,61,0.5,15.3,5.3,Clear,0,25.7
2025-06-10,Kochi,,101.2,12.1,8.2,Rain,0,29.3
2025-11-06,Kochi,43,97.1,19.0,5.0,Heavy Rain,1,85.2
2025-12-06,Kochi,57,1.4,35.6,7.3,Clear,0,26.6
2025-06-13,Kochi,88,52.4,27.1,11.0,Heavy Rain,0,31.0
2025-06-14,Kochi,62,6.6,17.5,9.4,Heavy Rain,1,23.1
2025-06-15,Kochi,,0.9,44.3,2.4,Fog,0,29.2
2025-06-16,Kochi,46,61.5,18.8,7.8,Rain,0,27.8
2025-06-17,Kochi,77,0.9,19.7,5.1,Cloudy,0,25.0
2025-06-18,Kochi,66,0.2,29.1,10.7,Cloudy,0,25.2
2025-06-19,Kochi,62,96.0,17.3,9.4,Heavy Rain,0,22.1
2025-06-20,Kochi,97,80.8,7.0,11.8,Rain,0,24.2
2025-06-21,Kochi,56,0.9,5.2,9.1,Clear,0,24.0
2025-06-22,Kochi,39,0.8,6.2,11.6,Clear,0,27.2
2025-06-23,Kochi,76,0.7,29.6,6.4,Clear,0,24.2
2025-06-24,Kochi,72,1.0,33.3,1.8,Fog,0,24.8
2025-06-25,Kochi,40,0.7,15.1,1.1,Fog,0,27.9
2025-06-26,Kochi,31,1.0,15.3,5.4,Clear,0,26.8
2025-06-27,Kochi,97,0.5,6.1,10.8,Clear,0,24.8
2025-06-28,Kochi,63,1.3,14.4,7.9,Cloudy,0,23.4
2025-06-29,Kochi,75,1.1,33.1,11.7,Cloudy,0,23.1
2025-06-30,Kochi,86,1.7,34.1,11.5,Clear,0,21.9
2025-01-07,Kochi,97,0.2,43.6,5.0,Sunny,0,17.0
2024-01-01,Lucknow,77,1.5,11.9,7.1,Cloudy,0,20.7
2024-02-01,Lucknow,36,1.8,38.8,11.1,Cloudy,0,21.4
2024-03-01,Lucknow,36,1.6,4.9,1.2,Fog,0,29.0
2024-01-04,Lucknow,36,1.0,34.4,6.4,Cloudy,0,24.2
2024-01-05,Lucknow,87,96.0,24.0,4.2,Rain,0,28.3
2024-06-01,Lucknow,44,0.6,21.7,5.1,Clear,0,21.0
2024-01-07,Lucknow,74,1.4,36.1,9.7,Sunny,0,24.0
2024-08-01,Lucknow,57,17.1,36.4,7.8,Rain,0,25.1
2024-01-09,Lucknow,79,76.0,43.4,6.5,Rain,0,22.2
2024-01-10,Lucknow,35,0.9,11.6,10.2,Cloudy,0,24.5
2024-11-01,Lucknow,96,9.0,28.1,9.7,Rain,0,26.6
2024-12-01,Lucknow,-,2.0,18.8,11.7,Clear,0,25.9
2024-01-13,Lucknow,71,0.2,11.3,10.6,Cloudy,0,32.1
2024-01-14,Lucknow,59,46.6,11.4,9.5,Rain,0,25.7
2024-01-15,Lucknow,50,1.3,24.1,7.1,Clear,0,30.9
2024-01-16,Lucknow,46,80.4,12.3,7.6,Rain,1,25.8
2024-01-17,Lucknow,74,2.0,13.9,7.3,Sunny,0,29.555555555555557
2024-01-18,Lucknow,85,0.0,12.0,6.3,Cloudy,0,24.6
2024-01-19,Lucknow,45,1.7,33.8,6.9,Cloudy,0,25.1
2024-01-20,Lucknow,66,0.1,23.8,8.7,Clear,0,28.2
2024-01-21,Lucknow,31,114.2,40.8,5.5,Rain,0,28.111111111111107
2024-01-22,Lucknow,79,1.0,11.5,4.4,Cloudy,0,25.9
2024-01-23,Lucknow,38,0.3,25.1,10.8,Clear,0,24.4
2024-01-24,Lucknow,39,31.5,42.8,7.3,Heavy Rain,0,22.6
2024-01-25,Lucknow,28,0.7,13.3,4.6,Clear,0,27.7
2024-01-26,Lucknow,28,0.3,18.5,11.9,Cloudy,0,27.8
2024-01-27,Lucknow,56,5.7,21.4,5.5,Rain,0,28.9
2024-01-28,Lucknow,92,117.7,6.5,10.9,Rain,1,24.0
2024-01-29,Lucknow,93,114.0,17.6,4.1,Heavy Rain,0,26.4
2024-01-30,Lucknow,93,1.5,36.2,1.3,Fog,0,30.2
2024-01-31,Lucknow,28,1.6,43.1,8.9,Cloudy,0,29.9
2024-01-02,Lucknow,37,1.4,29.7,8.4,Cloudy,0,31.8
2024-02-02,Lucknow,65,0.9,44.2,10.7,Clear,0,25.4
2024-03-02,Lucknow,74,112.8,33.7,10.0,Heavy Rain,0,28.5
2024-04-02,Lucknow,76,0.7,14.2,4.5,Clear,0,31.055555555555557
2024-02-05,Lucknow,85,1.7,6.9,5.9,Clear,0,30.4
2024-02-06,Lucknow,65,0.6,33.3,1.6,Fog,0,31.11111111111111
2024-07-02,Lucknow,80,1.5,30.9,8.3,Sunny,0,31.9
2024-02-08,Lucknow,94,27.3,15.4,8.7,Rain,0,25.2
2024-09-02,Lucknow,80,0.8,27.4,4.2,Clear,0,32.2
2024-10-02,Lucknow,81,0.2,6.5,8.6,Clear,0,24.6
2024-02-11,Lucknow,31,0.2,36.3,6.9,Clear,0,31.8
2024-02-12,Lucknow,71,22.7,41.9,6.1,Heavy Rain,1,30.1
2024-02-14,Lucknow,40,1.6,43.9,6.3,Sunny,0,
2024-02-15,Lucknow,72,1.0,42.2,4.6,Clear,0,35.8
2024-02-16,Lucknow,34,0.7,20.9,7.5,Sunny,0,30.6
2024-02-17,Lucknow,63,0.2,8.0,4.6,Sunny,0,29.3
2024-02-18,Lucknow,75,0.5,36.7,2.7,Fog,0,28.1
2024-02-19,Lucknow,91,1.9,43.5,11.3,Clear,0,33.9
2024-02-20,Lucknow,33,1.3,3.6,7.5,Clear,0,28.6
2024-02-21,Lucknow,86,0.8,27.3,10.8,Cloudy,0,30.5
2024-02-22,Lucknow,83,0.2,12.2,5.9,Clear,0,29.5
2024-02-23,Lucknow,81,0.8,21.8,5.1,Clear,0,27.5
2024-02-24,Lucknow,37,1.9,4.4,2.3,Fog,0,31.9
2024-02-25,Lucknow,54,0.7,35.0,5.6,Cloudy,0,31.5
2024-02-26,Lucknow,41,114.8,4.2,6.8,Rain,0,27.5
2024-02-27,Lucknow,58,0.1,42.1,1.0,Fog,0,29.1
2024-02-28,Lucknow,78,98.8,44.1,5.1,Thunderstorm,0,26.5
2024-02-29,Lucknow,,76.6,42.2,7.1,Rain,0,30.3
2024-03-01,Lucknow,70,0.3,9.9,5.9,Sunny,0,29.8
2024-02-03,Lucknow,50,0.5,3.2,4.0,Clear,0,27.2
2024-03-03,Lucknow,73,1.1,6.4,11.0,Clear,0,24.8
2024-03-04,Lucknow,77,119.6,11.5,6.5,Rain,0,29.1
2024-03-05,Lucknow,61,1.4,19.2,6.5,Sunny,0,34.2
2024-03-06,Lucknow,33,0.2,22.4,10.1,Cloudy,0,95.3
2024-03-07,Lucknow,73,0.3,31.3,5.3,Cloudy,0,31.22222222222222
2024-03-08,Lucknow,28,0.1,7.9,10.3,Sunny,0,30.4
2024-03-09,Lucknow,72,0.0,19.1,9.0,Sunny,0,28.5
2024-10-03,Lucknow,65,33.6,44.8,8.9,Rain,0,30.3
2024-03-11,Lucknow,44,1.1,22.6,9.3,Cloudy,0,32.7
2024-03-12,Lucknow,73,0.4,17.3,4.5,Clear,0,29.7
2024-03-13,Lucknow,44,0.5,24.3,8.9,Clear,0,33.0
2024-03-14,Lucknow,68,1.0,44.7,8.6,Clear,0,37.3
2024-03-15,Lucknow,32,1.5,11.8,10.8,Clear,0,31.3
2024-03-16,Lucknow,82,0.7,21.3,9.0,Clear,0,36.9
2024-03-17,Lucknow,40,1.7,24.6,4.8,Cloudy,0,32.1
2024-03-18,Lucknow,43,1.8,26.7,5.6,Cloudy,0,31.5
2024-03-19,Lucknow,59,1.6,24.0,7.8,Cloudy,0,33.2
2024-03-20,Lucknow,58,1.1,29.8,11.2,Clear,0,29.2
2024-03-21,Lucknow,30,52.9,3.7,6.4,Rain,0,36.3
2024-03-22,Lucknow,42,44.1,17.4,5.6,Rain,0,93.2
2024-03-23,Lucknow,90,53.1,41.6,11.4,Rain,0,31.6
2024-03-24,Lucknow,-,0.2,38.7,4.3,Cloudy,0,29.9
2024-03-25,Lucknow,34,1.8,26.7,11.3,Clear,0,35.7
2024-03-26,Lucknow,76,1.6,4.6,11.8,Sunny,0,25.833333333333332
2024-03-27,Lucknow,82,0.3,13.4,6.4,Clear,0,30.6
2024-03-28,Lucknow,93,1.7,16.8,9.1,Clear,0,32.4
2024-03-29,Lucknow,,0.5,18.5,8.4,Cloudy,0,29.8
2024-03-30,Lucknow,48,36.2,22.0,8.7,Rain,0,27.4
2024-03-31,Lucknow,75,0.4,28.3,5.4,Clear,0,31.6
2024-04-01,Lucknow,,1.4,29.0,5.7,Clear,0,35.4
2024-02-04,Lucknow,85,103.7,2.7,4.4,Heavy Rain,1,35.5
2024-04-03,Lucknow,51,1.4,34.2,8.9,Clear,0,34.22222222222222
2024-04-04,Lucknow,62,1.2,39.2,9.2,Cloudy,0,31.5
2024-05-04,Lucknow,44,1.6,3.9,9.4,Clear,0,26.555555555555557
2024-04-06,Lucknow,44,1.0,21.6,9.3,Clear,0,32.4
2024-04-07,Lucknow,51,63.4,5.6,8.1,Thunderstorm,0,34.1
2024-04-08,Lucknow,78,1.6,41.2,4.9,Cloudy,0,31.8
2024-04-09,Lucknow,93,1.1,6.1,11.0,Cloudy,0,32.0
2024-10-04,Lucknow,59,0.4,12.4,7.7,Clear,0,31.7
2024-04-11,Lucknow,29,1.4,39.1,8.1,Clear,0,30.2
2024-04-12,Lucknow,72,1.7,3.1,4.1,Clear,0,32.1
2024-04-13,Lucknow,62,0.2,unknown,5.0,Clear,0,37.3
2024-04-14,Lucknow,81,0.1,7.3,4.8,Clear,0,33.2
2024-04-15,Lucknow,unknown,1.2,21.0,4.3,Sunny,0,33.2
2024-04-16,Lucknow,51,53.6,6.4,10.1,Rain,0,27.6
2024-04-17,Lucknow,38,1.9,36.4,10.7,Cloudy,0,28.9
2024-04-18,Lucknow,63,1.1,17.1,9.1,Cloudy,0,
2024-04-19,Lucknow,46,1.0,38.5,10.1,Sunny,0,31.6
2024-04-20,Lucknow,90,0.7,41.1,5.3,Cloudy,0,35.9
2024-04-21,Lucknow,51,0.0,24.4,4.3,Cloudy,0,32.5
2024-04-22,Lucknow,38,0.0,25.7,0.7,Fog,0,35.9
2024-04-23,Lucknow,86,63.4,13.0,6.1,Rain,0,27.2
2024-04-24,Lucknow,65,0.1,43.8,2.3,Fog,0,24.0
2024-04-25,Lucknow,58,1.1,4.2,11.8,Sunny,0,33.9
2024-04-26,Lucknow,82,1.2,44.1,8.7,Sunny,0,26.7
2024-04-27,Lucknow,98,0.0,5.3,11.0,Cloudy,0,36.6
2024-04-28,Lucknow,36,0.4,32.2,7.3,Clear,0,29.666666666666668
2024-04-29,Lucknow,53,40.1,38.2,7.9,Rain,1,
2024-04-30,Lucknow,66,1.6,10.0,10.5,Sunny,0,32.3
2024-01-05,Lucknow,70,71.2,20.1,10.8,Thunderstorm,0,31.1
2024-02-05,Lucknow,43,0.8,7.3,8.0,Cloudy,0,31.6
2024-03-05,Lucknow,,64.9,43.3,11.0,Rain,0,39.6
2024-05-04,Lucknow,66,51.0,44.9,11.6,Rain,0,32.3
2024-05-05,Lucknow,89,61.9,15.6,11.7,Heavy Rain,0,28.8
2024-06-05,Lucknow,96,0.2,2.1,9.3,Clear,0,29.8
2024-07-05,Lucknow,55,0.7,26.6,6.0,Clear,0,35.0
2024-05-08,Lucknow,69,11.2,7.9,9.7,Rain,1,32.22222222222222
2024-05-09,Lucknow,61,1.7,26.3,9.4,Cloudy,0,31.8
2024-05-10,Lucknow,36,0.4,12.5,4.8,Clear,0,31.8
2024-05-11,Lucknow,54,0.6,15.6,11.8,Clear,0,29.3
2024-05-12,Lucknow,59,0.5,14.8,10.0,Cloudy,0,29.3
2024-05-13,Lucknow,93,1.2,18.1,9.6,Clear,0,29.3
2024-05-14,Lucknow,52,0.9,unknown,6.8,Clear,0,27.9
2024-05-15,Lucknow,66,1.8,35.1,8.1,Cloudy,0,31.444444444444443
2024-05-16,Lucknow,53,0.1,43.8,9.8,Clear,0,31.2
2024-05-17,Lucknow,69,1.4,5.4,6.8,Clear,0,31.166666666666668
2024-05-18,Lucknow,31,1.5,27.7,4.4,Clear,0,27.0
2024-05-19,Lucknow,45,10.5,19.9,7.8,Rain,0,27.9
2024-05-20,Lucknow,39,1.5,44.6,6.8,Clear,0,29.8
2024-05-21,Lucknow,40,55.1,25.2,10.7,Thunderstorm,0,35.5
2024-05-22,Lucknow,75,1.5,28.1,9.5,Cloudy,0,28.8
2024-05-23,Lucknow,,0.8,14.2,4.8,Cloudy,0,25.9
2024-05-24,Lucknow,79,1.6,unknown,4.5,Clear,0,25.4
2024-05-25,Lucknow,92,1.4,37.4,0.5,Fog,0,30.9
2024-05-26,Lucknow,48,46.0,12.5,7.9,Rain,0,26.7
2024-05-27,Lucknow,85,1.9,4.8,9.5,Sunny,0,26.7
2024-05-28,Lucknow,68,20.9,38.7,10.7,Rain,0,27.1
2024-05-29,Lucknow,34,0.1,20.3,8.9,Sunny,0,32.2
2024-05-30,Lucknow,87,2.0,43.9,10.1,Clear,0,31.7
2024-05-31,Lucknow,36,1.4,25.1,5.0,Clear,0,29.11111111111111
2024-01-06,Lucknow,42,0.1,26.1,9.3,Clear,0,29.1
2024-06-02,Lucknow,44,0.3,42.4,5.8,Sunny,0,31.6
2024-03-06,Lucknow,88,1.7,43.0,10.4,Clear,0,33.5
2024-06-04,Lucknow,40,0.9,31.2,9.9,Clear,0,28.3
2024-05-06,Lucknow,43,0.9,32.8,10.6,Clear,0,24.3
2024-06-06,Lucknow,,45.8,36.4,5.7,Rain,1,
2024-06-07,Lucknow,37,44.0,13.6,11.5,Rain,0,34.611111111111114
2024-08-06,Lucknow,89,32.2,37.2,10.6,Rain,0,29.0
2024-09-06,Lucknow,78,0.0,30.6,7.4,Clear,0,24.5
2024-06-10,Lucknow,50,82.8,29.5,5.2,Rain,1,30.9
2024-11-06,Lucknow,69,66.8,34.4,8.2,Rain,1,27.0
2024-12-06,Lucknow,64,1.8,5.8,1.8,Fog,0,29.1
2024-06-13,Lucknow,74,0.5,7.9,6.8,Clear,0,27.5
2024-06-14,Lucknow,88,1.3,44.2,11.7,Cloudy,0,24.8
2024-06-15,Lucknow,36,21.8,26.8,8.6,Heavy Rain,0,28.2
2024-06-16,Lucknow,75,1.6,24.2,10.6,Clear,0,28.3
2024-06-17,Lucknow,37,0.7,35.6,6.1,Cloudy,0,31.0
2024-06-18,Lucknow,77,60.8,,9.0,Thunderstorm,0,23.4
2024-06-19,Lucknow,58,0.6,35.9,4.7,Clear,0,23.0
2024-06-20,Lucknow,34,0.7,37.1,4.4,Clear,0,24.6
2024-06-21,Lucknow,52,79.7,29.7,10.7,Rain,1,25.4
2024-06-22,Lucknow,56,1.3,43.3,7.6,Clear,0,22.8
2024-06-23,Lucknow,80,1.5,21.8,1.8,Fog,0,28.6
2024-06-24,Lucknow,85,1.0,20.6,5.1,Cloudy,0,24.6
2024-06-25,Lucknow,30,95.3,35.1,4.9,Rain,0,27.2
2024-06-26,Lucknow,35,0.6,42.1,5.7,Clear,0,25.8
2024-06-27,Lucknow,89,0.2,  ,10.7,Clear,0,17.7
2024-06-28,Lucknow,37,58.8,40.2,5.6,Rain,0,25.7
2024-06-29,Lucknow,70,1.3,40.6,11.5,Cloudy,0,20.1
2024-06-30,Lucknow,82,0.5,26.7,1.7,Fog,0,
2024-07-01,Lucknow,88,1.8,36.5,2.3,Fog,0,29.5
2024-07-02,Lucknow,  ,56.0,13.8,8.3,Rain,0,23.5
2024-07-03,Lucknow,63,0.7,32.0,9.1,Clear,0,27.9
2024-04-07,Lucknow,42,88.0,28.1,8.6,Rain,0,20.7
2024-05-07,Lucknow,70,76.2,28.2,4.2,Rain,1,26.9
2024-06-07,Lucknow,52,0.1,41.4,9.3,Cloudy,0,
2024-07-07,Lucknow,28,1.2,41.1,11.3,Clear,0,28.3
2024-07-08,Lucknow,67,1.1,18.6,11.0,Clear,0,20.8
2024-09-07,Lucknow,29,0.3,36.9,9.5,Sunny,0,24.444444444444443
2024-07-10,Lucknow,60,100.8,34.1,8.7,Heavy Rain,1,20.0
2024-07-11,Lucknow,69,0.6,24.5,8.2,Cloudy,0,22.7
2024-12-07,Lucknow,61,0.6,26.4,7.4,Cloudy,0,20.6
2024-07-13,Lucknow,30,82.5,8.1,10.7,Rain,0,21.1
2024-07-14,Lucknow,78,1.7,9.4,2.1,Fog,0,29.1
2024-07-15,Lucknow,45,52.5,9.8,4.9,Rain,1,27.9
2024-07-16,Lucknow,83,70.3,31.5,7.6,Rain,0,23.2
2024-07-18,Lucknow,34,32.9,38.8,6.9,Heavy Rain,0,20.6
2024-07-19,Lucknow,30,77.8,32.1,5.4,Heavy Rain,0,22.8
2024-07-20,Lucknow,97,2.0,26.8,8.0,Clear,0,19.7
2024-07-21,Lucknow,64,1.2,14.6,9.1,Clear,0,24.1
2024-07-22,Lucknow,82,1.1,30.5,0.9,Fog,0,20.3
2024-07-23,Lucknow,66,69.3,12.3,4.2,Rain,0,20.1
2024-07-24,Lucknow,71,0.4,7.9,6.7,Cloudy,0,21.2
2024-07-25,Lucknow,39,1.2,42.7,4.2,Clear,0,19.5
2024-07-26,Lucknow,79,1.0,9.9,12.0,Clear,0,17.1
2024-07-27,Lucknow,30,0.2,39.9,4.9,Clear,0,24.61111111111111
2024-07-28,Lucknow,46,99.2,,10.0,Rain,0,22.9
2024-07-29,Lucknow,35,13.4,7.2,5.0,Thunderstorm,0,15.9
2024-07-30,Lucknow,70,1.4,27.4,9.9,Cloudy,0,
2024-07-31,Lucknow,83,0.8,29.2,7.0,Cloudy,0,19.3
2024-08-01,Lucknow,37,71.6,23.6,7.9,Rain,1,16.2
2024-08-02,Lucknow,46,85.4,22.4,8.3,Thunderstorm,0,19.0
2024-03-08,Lucknow,40,0.7,-,4.1,Clear,0,20.0
2024-04-08,Lucknow,-,0.6,37.7,5.3,Cloudy,0,16.0
2024-08-05,Lucknow,39,16.1,38.9,7.1,Heavy Rain,0,23.3
2024-08-06,Lucknow,56,77.9,32.5,7.7,Rain,1,12.8
2024-07-08,Lucknow,87,0.3,28.3,11.3,Sunny,0,18.3
2024-08-08,Lucknow,59,1.3,25.2,4.8,Sunny,0,18.5
2024-08-09,Lucknow,95,81.1,13.5,6.2,Rain,0,20.9
2024-10-08,Lucknow,42,114.2,28.0,9.9,Rain,0,20.7
2024-08-11,Lucknow,94,1.2,5.0,4.1,Clear,0,19.0
2024-12-08,Lucknow,74,0.4,24.0,10.0,Clear,0,20.5
2024-08-13,Lucknow,50,44.9,41.5,8.3,Rain,0,19.7
2024-08-14,Lucknow,44,65.7,20.2,8.0,Rain,0,16.1
2024-08-15,Lucknow,91,66.4,31.1,10.8,Rain,0,24.8
2024-08-16,Lucknow,43,0.9,43.4,9.8,Clear,0,16.0
2024-08-17,Lucknow,38,98.6,20.8,5.7,Heavy Rain,0,18.3
2024-08-18,Lucknow,82,0.6,12.4,0.6,Fog,0,21.2
2024-08-19,Lucknow,62,1.3,38.7,11.2,Cloudy,0,66.9
2024-08-20,Lucknow,84,79.5,16.7,6.2,Rain,1,16.2
2024-08-21,Lucknow,95,2.0,17.8,7.1,Sunny,0,14.2
2024-08-22,Lucknow,56,0.7,40.4,5.7,Cloudy,0,21.888888888888893
2024-08-23,Lucknow,98,1.0,20.5,4.0,Cloudy,0,16.4
2024-08-24,Lucknow,53,1.9,23.7,7.6,Clear,0,14.9
2024-08-25,Lucknow,62,66.0,42.3,9.1,Rain,1,21.5
2024-08-26,Lucknow,40,1.2,28.1,10.9,Clear,0,8.7
2024-08-27,Lucknow,70,33.2,44.2,11.3,Rain,0,13.8
2024-08-28,Lucknow,64,18.4,38.0,6.0,Rain,0,17.0
2024-08-29,Lucknow,45,114.1,30.3,6.2,Heavy Rain,0,23.7
2024-08-30,Lucknow,64,1.0,44.0,8.1,Clear,0,17.944444444444443
2024-08-31,Lucknow,96,48.3,19.5,5.7,Rain,0,17.4
2024-01-09,Lucknow,53,1.1,22.3,0.6,Fog,0,
2024-02-09,Lucknow,54,0.9,19.8,6.1,Clear,0,22.16666666666667
2024-03-09,Lucknow,61,0.9,36.9,6.3,Clear,0,14.2
2024-04-09,Lucknow,57,0.9,10.1,7.4,Clear,0,19.4
2024-05-09,Lucknow,40,1.0,32.8,11.7,Clear,0,13.7
2024-06-09,Lucknow,59,0.1,38.4,10.2,Cloudy,0,13.1
2024-09-07,Lucknow,53,0.9,11.9,7.4,Cloudy,0,15.9
2024-08-09,Lucknow,94,1.8,5.6,11.4,Clear,0,10.7
2024-09-09,Lucknow,87,0.5,7.1,6.6,Clear,0,17.4
2024-09-10,Lucknow,74,1.9,44.8,5.8,Clear,0,16.944444444444443
2024-11-09,Lucknow,76,96.0,29.5,6.3,Heavy Rain,0,15.3
2024-12-09,Lucknow,80,1.5,12.6,6.4,Clear,0,16.5
2024-09-13,Lucknow,46,1.3,24.1,11.6,Cloudy,0,18.8
2024-09-14,Lucknow,32,97.8,17.2,7.4,Rain,0,12.1
2024-09-15,Lucknow,66,30.7,23.2,8.3,Rain,0,18.555555555555557
2024-09-16,Lucknow,91,36.0,36.7,4.8,Rain,1,66.5
2024-09-17,Lucknow,-,1.6,35.5,4.6,Cloudy,0,14.9
2024-09-18,Lucknow,36,0.6,20.0,8.8,Clear,0,16.4
2024-09-19,Lucknow,67,1.0,19.2,6.4,Clear,0,18.1
2024-09-20,Lucknow,52,21.5,33.8,10.0,Rain,0,10.111111111111112
2024-09-21,Lucknow,55,19.7,39.3,9.2,Thunderstorm,0,19.3
2024-09-22,Lucknow,34,1.1,9.4,6.5,Cloudy,0,47.5
2024-09-23,Lucknow,61,0.1,23.1,6.9,Cloudy,0,21.555555555555557
2024-09-24,Lucknow,83,0.4,24.6,9.4,Clear,0,16.9
2024-09-25,Lucknow,66,0.6,3.3,6.2,Clear,0,21.3
2024-09-26,Lucknow,44,1.6,10.7,11.7,Cloudy,0,12.4
2024-09-27,Lucknow,52,1.7,17.3,5.2,Clear,0,23.555555555555557
2024-09-28,Lucknow,28,0.6,12.6,6.2,Clear,0,17.4
2024-09-29,Lucknow,37,0.9,31.3,10.2,Clear,0,20.4
2024-09-30,Lucknow,60,6.7,21.6,5.4,Rain,0,14.9
2024-10-01,Lucknow,95,0.7,29.0,5.9,Cloudy,0,17.2
2024-10-02,Lucknow,98,0.5,35.6,0.6,Fog,0,19.944444444444446
2024-10-03,Lucknow,40,98.8,34.8,5.4,Rain,0,14.7
2024-10-04,Lucknow,39,1.2,10.9,7.0,Clear,0,15.7
2024-10-05,Lucknow,54,0.5,4.8,6.4,Sunny,0,12.0
2024-10-06,Lucknow,42,1.6,20.5,4.2,Clear,0,19.4
2024-10-07,Lucknow,80,0.7,11.0,10.9,Clear,0,16.9
2024-10-08,Lucknow,85,1.1,5.7,8.8,Clear,0,17.3
2024-09-10,Lucknow,54,0.6,31.8,5.8,Clear,0,14.0
2024-10-10,Lucknow,89,33.1,11.9,5.6,Rain,0,17.83333333333333
2024-10-11,Lucknow,97,0.8,29.9,4.6,Cloudy,0,17.3
2024-10-12,Lucknow,67,0.4,5.0,6.7,Cloudy,0,21.6
2024-10-13,Lucknow,89,0.6,6.7,5.9,Sunny,0,22.2
2024-10-14,Lucknow,55,0.2,5.2,2.9,Fog,0,22.1
2024-10-15,Lucknow,49,45.6,10.4,11.3,Rain,1,13.2
2024-10-16,Lucknow,59,84.8,15.3,5.3,Thunderstorm,0,18.0
2024-10-17,Lucknow,-,11.0,38.2,10.0,Heavy Rain,0,14.1
2024-10-18,Lucknow,76,0.2,8.1,4.3,Cloudy,0,15.3
2024-10-19,Lucknow,68,0.6,22.1,4.6,Clear,0,17.2
2024-10-20,Lucknow,73,0.6,25.0,0.3,Fog,0,15.9
2024-10-21,Lucknow,73,1.9,18.0,1.4,Fog,0,13.0
2024-10-22,Lucknow,28,1.8,13.5,11.8,Cloudy,0,16.3
2024-10-23,Lucknow,47,1.2,24.6,1.2,Fog,0,19.3
2024-10-24,Lucknow,33,0.0,14.8,1.2,Fog,0,21.2
2024-10-25,Lucknow,52,0.6,16.9,11.1,Cloudy,0,14.7
2024-10-26,Lucknow,63,1.5,19.0,5.2,Clear,0,13.8
2024-10-27,Lucknow,71,31.0,20.2,8.3,Heavy Rain,0,19.4
2024-10-28,Lucknow,80,34.2,10.5,8.9,Rain,0,14.8
2024-10-29,Lucknow,37,1.5,32.0,6.0,Cloudy,0,15.7
2024-10-30,Lucknow,52,1.9,18.7,7.9,Clear,0,11.1
2024-10-31,Lucknow,73,0.6,2.8,4.3,Sunny,0,21.1
2024-11-01,Lucknow,66,0.9,10.9,8.4,Clear,0,15.1
2024-02-11,Lucknow,41,91.9,-,8.0,Rain,0,18.3
2024-11-03,Lucknow,48,0.5,26.4,0.8,Fog,0,19.2
2024-04-11,Lucknow,69,1.2,18.5,5.2,Cloudy,0,19.6
2024-11-05,Lucknow,85,1.1,44.2,10.7,Clear,0,19.833333333333332
2024-06-11,Lucknow,64,0.5,13.3,11.5,Cloudy,0,14.2
2024-11-07,Lucknow,78,0.0,44.4,6.4,Clear,0,19.2
2024-08-11,Lucknow,65,1.3,12.9,5.7,Clear,0,18.0
2024-09-11,Lucknow,60,81.7,19.3,6.9,Heavy Rain,0,11.9
2024-11-10,Lucknow,50,49.2,6.9,4.6,Rain,1,12.2
2024-11-11,Lucknow,86,102.7,15.3,10.3,Rain,1,18.166666666666668
2024-11-12,Lucknow,52,73.7,11.0,7.4,Thunderstorm,0,17.3
2024-11-13,Lucknow,36,98.4,39.2,8.9,Rain,0,18.3
2024-11-14,Lucknow,96,0.4,43.9,6.0,Clear,0,17.1
2024-11-15,Lucknow,32,64.7,24.7,8.5,Rain,0,13.9
2024-11-16,Lucknow,57,1.5,32.6,8.4,Cloudy,0,16.9
2024-11-17,Lucknow,88,2.0,38.9,1.7,Fog,0,15.38888888888889
2024-11-18,Lucknow,82,0.6,6.6,4.2,Sunny,0,20.2
2024-11-19,Lucknow,70,1.1,37.5,6.4,Cloudy,0,19.1
2024-11-20,Lucknow,35,72.7,31.2,10.2,Thunderstorm,0,20.6
2024-11-21,Lucknow,82,1.0,38.9,11.2,Sunny,0,15.9
2024-11-22,Lucknow,40,1.5,35.7,11.5,Clear,0,17.8
2024-11-23,Lucknow,47,1.2,7.4,5.1,Clear,0,20.8
2024-11-24,Lucknow,69,0.2,44.7,4.9,Sunny,0,14.6
2024-11-25,Lucknow,87,0.4,39.7,5.9,Sunny,0,20.4
2024-11-26,Lucknow,30,20.8,34.2,7.0,Rain,0,22.3
2024-11-27,Lucknow,86,1.3,35.7,8.5,Cloudy,0,18.5
2024-11-28,Lucknow,83,78.3,18.5,9.0,Rain,0,15.2
2024-11-29,Lucknow,65,78.7,35.6,5.7,Rain,0,20.7
2024-11-30,Lucknow,82,1.2,30.9,8.5,Clear,0,25.2
2024-01-12,Lucknow,46,0.9,40.9,11.1,Clear,0,23.1
2024-02-12,Lucknow,73,112.4,31.7,8.8,Rain,0,20.6
2024-03-12,Lucknow,80,16.2,20.8,8.1,Rain,0,17.1
2024-12-04,Lucknow,39,120.0,31.6,11.1,Heavy Rain,0,17.2
2024-12-05,Lucknow,90,6.1,30.5,7.4,Heavy Rain,0,19.2
2024-06-12,Lucknow,93,0.1,43.2,5.7,Cloudy,0,19.6
2024-12-07,Lucknow,97,1.1,27.1,8.5,Clear,0,22.5
2024-08-12,Lucknow,,1.2,2.0,8.6,Cloudy,0,20.6
2024-12-09,Lucknow,73,0.1,18.3,11.4,Clear,0,19.2
2024-12-10,Lucknow,32,1.7,12.7,5.3,Cloudy,0,21.1
2024-12-11,Lucknow,43,1.2,11.2,4.5,Clear,0,21.0
2024-12-12,Lucknow,69,111.0,32.6,11.9,Rain,0,28.6
2024-12-13,Lucknow,63,0.1,41.7,11.4,Cloudy,0,14.7
2024-12-14,Lucknow,72,1.4,34.6,5.7,Cloudy,0,20.3
2024-12-15,Lucknow,76,1.9,30.5,7.0,Clear,0,21.6
2024-12-16,Lucknow,51,0.5,32.6,8.1,Cloudy,0,21.3
2024-12-17,Lucknow,86,24.9,24.1,9.2,Thunderstorm,1,27.4
2024-12-18,Lucknow,94,0.6,5.6,5.4,Cloudy,0,20.27777777777778
2024-12-19,Lucknow,74,113.2,26.8,8.0,Thunderstorm,0,22.2
2024-12-20,Lucknow,45,64.7,31.5,5.9,Rain,0,25.0
2024-12-21,Lucknow,56,1.2,35.6,7.4,Clear,0,24.4
2024-12-22,Lucknow,35,0.2,36.8,5.5,Clear,0,23.3
2024-12-23,Lucknow,84,1.0,7.9,9.7,Clear,0,18.166666666666668
2024-12-24,Lucknow,49,39.2,31.2,7.0,Rain,0,22.1
2024-12-25,Lucknow,65,1.2,26.0,8.9,Clear,0,25.4
2024-12-26,Lucknow,86,1.9,16.7,11.1,Sunny,0,21.9
2024-12-27,Lucknow,72,1.5,22.2,5.6,Clear,0,76.9
2024-12-28,Lucknow,91,1.6,13.5,6.0,Cloudy,0,25.0
2024-12-29,Lucknow,52,1.0,32.4,10.0,Clear,0,25.0
2024-12-30,Lucknow,44,0.6,16.5,5.9,Clear,0,29.9
2024-12-31,Lucknow,34,1.3,44.0,6.4,Clear,0,24.1
2025-01-01,Lucknow,89,83.8,13.0,11.8,Rain,1,22.333333333333332
2025-02-01,Lucknow,45,1.2,15.1,5.5,Sunny,0,23.5
2025-01-03,Lucknow,84,1.0,2.7,11.2,Sunny,0,23.7
2025-01-04,Lucknow,65,0.8,2.2,9.8,Sunny,0,24.1
2025-05-01,Lucknow,71,11.0,20.8,9.0,Rain,0,23.9
2025-06-01,Lucknow,92,0.9,34.2,11.4,Clear,0,25.7
2025-01-07,Lucknow,33,0.2,29.1,10.0,Clear,0,28.166666666666668
2025-08-01,Lucknow,82,1.2,28.7,8.7,Sunny,0,20.3
2025-01-09,Lucknow,68,1.3,40.1,2.5,Fog,0,24.3
2025-10-01,Lucknow,62,0.0,39.3,0.8,Fog,0,75.6
2025-11-01,Lucknow,-,24.5,28.1,7.1,Rain,0,25.0
2025-01-12,Lucknow,68,0.7,15.6,10.0,Sunny,0,24.7
2025-01-13,Lucknow,41,106.8,14.2,7.7,Rain,0,24.8
2025-01-14,Lucknow,29,1.7,25.3,9.2,Sunny,0,26.5
2025-01-15,Lucknow,29,57.4,14.5,8.7,Thunderstorm,1,29.1
2025-01-16,Lucknow,81,1.1,41.0,8.8,Cloudy,0,26.4
2025-01-17,Lucknow,77,1.2,35.5,10.6,Cloudy,0,22.9
2025-01-18,Lucknow,31,92.2,26.6,11.2,Heavy Rain,0,32.1
2025-01-19,Lucknow,53,0.4,3.3,11.7,Clear,0,22.7
2025-01-20,Lucknow,31,49.5,35.9,6.9,Rain,0,27.5
2025-01-21,Lucknow,72,66.9,29.3,5.5,Rain,1,26.8
2025-01-22,Lucknow,35,89.6,23.1,9.8,Heavy Rain,0,25.1
2025-01-23,Lucknow,66,0.9,17.0,9.8,Sunny,0,28.1
2025-01-24,Lucknow,62,1.3,13.4,4.1,Cloudy,0,30.8
2025-01-25,Lucknow,45,58.0,40.7,8.9,Rain,1,22.6
2025-01-26,Lucknow,91,0.7,32.2,11.6,Sunny,0,25.5
2025-01-27,Lucknow,89,0.6,9.3,2.8,Fog,0,25.9
2025-01-28,Lucknow,51,73.6,37.3,8.3,Heavy Rain,1,29.6
2025-01-30,Lucknow,86,0.9,35.9,5.7,Clear,0,21.2
2025-01-31,Lucknow,82,102.7,21.3,6.2,Rain,0,25.3
2025-02-01,Lucknow,92,1.2,38.9,9.6,Cloudy,0,32.77777777777778
2025-02-02,Lucknow,63,1.4,11.6,4.7,Cloudy,0,29.4
2025-02-03,Lucknow,87,1.8,35.7,5.7,Clear,0,29.0
2025-04-02,Lucknow,65,2.0,10.8,8.3,Sunny,0,85.8
2025-02-05,Lucknow,35,0.1,6.6,7.8,Sunny,0,31.2
2025-06-02,Lucknow,96,0.5,29.0,11.7,Sunny,0,31.61111111111111
2025-02-07,Lucknow,86,1.9,44.1,5.1,Cloudy,0,31.9
2025-08-02,Lucknow,86,2.0,22.7,7.7,Sunny,0,25.8
2025-09-02,Lucknow,83,1.2,4.7,8.2,Cloudy,0,31.5
2025-10-02,Lucknow,72,0.3,2.2,5.0,Cloudy,0,26.6
2025-11-02,Lucknow,37,1.3,24.7,7.5,Clear,0,30.9
2025-02-12,Lucknow,73,1.3,27.5,7.3,Clear,0,30.0
2025-02-13,Lucknow,61,1.7,43.5,5.2,Sunny,0,31.0
2025-02-14,Lucknow,67,0.2,32.2,4.7,Cloudy,0,32.5
2025-02-15,Lucknow,42,1.8,33.2,11.6,Cloudy,0,30.6
2025-02-16,Lucknow,72,1.2,14.3,1.8,Fog,0,28.3
2025-02-17,Lucknow,83,0.6,21.4,8.9,Sunny,0,32.9
2025-02-19,Lucknow,80,0.1,19.9,10.7,Clear,0,31.2
2025-02-20,Lucknow,37,0.8,4.9,10.8,Clear,0,29.7
2025-02-21,Lucknow,67,1.7,34.0,2.6,Fog,0,28.8
2025-02-22,Lucknow,70,1.9,5.2,9.1,Clear,0,35.5
2025-02-23,Lucknow,59,39.5,20.5,9.5,Rain,1,32.7
2025-02-24,Lucknow,53,0.7,21.5,9.4,Cloudy,0,31.8
2025-02-25,Lucknow,59,16.0,38.6,6.0,Rain,0,27.1
2025-02-26,Lucknow,72,1.5,21.0,4.6,Clear,0,32.6
2025-02-27,Lucknow,77,0.6,31.2,5.0,Clear,0,30.3
2025-02-28,Lucknow,63,1.9,22.0,11.8,Clear,0,30.8
2025-03-01,Lucknow,66,0.5,33.5,6.4,Sunny,0,27.5
2025-02-03,Lucknow,31,0.5,15.0,6.4,Clear,0,30.6
2025-03-03,Lucknow,58,0.7,36.3,11.3,Cloudy,0,
2025-04-03,Lucknow,69,0.6,29.6,8.3,Clear,0,28.666666666666668
2025-03-05,Lucknow,80,42.6,8.4,10.4,Rain,1,29.0
2025-06-03,Lucknow,80,84.8,6.5,4.0,Rain,0,32.4
2025-03-07,Lucknow,83,0.0,2.1,8.1,Clear,0,31.6
2025-08-03,Lucknow,-,1.3,2.5,9.9,Clear,0,31.5
2025-09-03,Lucknow,47,0.1,29.7,8.8,Sunny,0,37.5
2025-03-10,Lucknow,40,1.7,41.2,6.1,Clear,0,34.6
2025-03-11,Lucknow,85,0.3,29.9,10.6,Clear,0,33.7
2025-12-03,Lucknow,72,0.8,38.9,8.5,Sunny,0,35.111111111111114
2025-03-13,Lucknow,56,0.7,30.7,7.2,Clear,0,28.7
2025-03-14,Lucknow,69,0.3,42.8,2.0,Fog,0,35.2
2025-03-15,Lucknow,38,32.3,25.4,11.7,Rain,0,25.6
2025-03-16,Lucknow,81,0.2,44.3,9.5,Clear,0,34.7
2025-03-17,Lucknow,34,0.6,2.7,4.1,Clear,0,30.4
2025-03-18,Lucknow,76,0.7,18.1,0.9,Fog,0,28.5
2025-03-19,Lucknow,77,30.3,22.1,4.6,Rain,1,32.7
2025-03-20,Lucknow,81,102.4,14.7,8.7,Rain,1,31.4
2025-03-21,Lucknow,93,57.4,17.2,8.2,Thunderstorm,1,29.0
2025-03-22,Lucknow,97,1.5,7.3,2.8,Fog,0,34.9
2025-03-23,Lucknow,33,0.9,43.4,4.6,Sunny,0,34.0
2025-03-24,Lucknow,69,0.8,3.2,8.0,Sunny,0,30.9
2025-03-25,Lucknow,34,0.6,19.8,8.0,Clear,0,33.0
2025-03-26,Lucknow,96,1.1,4.7,6.0,Cloudy,0,34.6
2025-03-27,Lucknow,52,26.5,25.6,8.9,Thunderstorm,0,32.4
2025-03-28,Lucknow,63,22.7,36.0,10.7,Rain,0,33.5
2025-03-29,Lucknow,92,1.4,27.1,10.1,Sunny,0,32.0
2025-03-30,Lucknow,71,13.7,13.5,4.2,Heavy Rain,1,34.1
2025-03-31,Lucknow,44,90.6,44.9,8.3,Rain,0,32.0
2025-04-01,Lucknow,28,0.5,32.1,6.9,Clear,0,31.8
2025-02-04,Lucknow,50,0.5,8.2,6.4,Clear,0,36.4
2025-03-04,Lucknow,95,1.9,6.6,4.2,Clear,0,27.5
2025-04-04,Lucknow,56,2.0,34.8,10.6,Cloudy,0,29.3
2025-04-05,Lucknow,69,0.6,37.8,10.6,Cloudy,0,35.5
2025-06-04,Lucknow,59,108.2,12.1,5.1,Rain,0,36.1
2025-07-04,Lucknow,53,0.5,29.9,7.4,Clear,0,35.4
2025-08-04,Lucknow,79,0.6,12.4,5.0,Cloudy,0,30.4
2025-04-09,Lucknow,96,0.0,14.0,7.5,Clear,0,35.6
2025-10-04,Lucknow,95,1.1,3.7,5.8,Clear,0,29.2
2025-04-11,Lucknow,71,0.3,26.2,4.6,Clear,0,34.5
2025-12-04,Lucknow,87,0.5,10.8,0.6,Fog,0,37.7
2025-04-13,Lucknow,78,106.9,35.9,9.4,Heavy Rain,0,29.9
2025-04-14,Lucknow,89,1.7,14.9,10.6,Cloudy,0,25.3
2025-04-15,Lucknow,79,0.8,25.7,1.6,Fog,0,
2025-04-16,Lucknow,39,52.6,39.7,4.6,Rain,0,25.9
2025-04-17,Lucknow,33,1.9,39.5,7.4,Cloudy,0,35.2
2025-04-18,Lucknow,78,1.9,32.6,8.1,Cloudy,0,33.5
2025-04-19,Lucknow,49,1.2,19.4,8.0,Clear,0,34.5
2025-04-20,Lucknow,50,23.9,32.3,9.9,Rain,1,33.6
2025-04-21,Lucknow,97,104.7,19.6,4.6,Rain,0,32.6
2025-04-22,Lucknow,63,1.0,44.9,10.5,Clear,0,
2025-04-23,Lucknow,81,0.9,44.8,2.2,Fog,0,28.72222222222222
2025-04-24,Lucknow,43,22.6,34.5,4.3,Rain,1,28.3
2025-04-25,Lucknow,76,2.0,39.1,8.1,Clear,0,33.5
2025-04-26,Lucknow,70,47.3,40.0,7.0,Rain,0,35.1
2025-04-27,Lucknow,94,71.6,13.4,7.4,Rain,1,35.7
2025-04-28,Lucknow,47,0.2,26.8,7.6,Clear,0,28.7
2025-04-29,Lucknow,42,114.2,39.0,6.4,Rain,0,30.9
2025-04-30,Lucknow,84,12.1,31.7,10.6,Rain,1,29.4
2025-05-01,Lucknow,56,0.4,11.6,6.0,Cloudy,0,36.1
2025-05-02,Lucknow,41,84.7,5.5,4.1,Heavy Rain,0,22.3
2025-03-05,Lucknow,34,2.0,9.0,2.7,Fog,0,31.3
2025-04-05,Lucknow,61,0.1,44.1,9.3,Cloudy,0,31.5
2025-05-05,Lucknow,32,0.8,18.1,6.4,Cloudy,0,33.4
2025-06-05,Lucknow,33,0.7,26.6,9.1,Clear,0,37.0
2025-05-07,Lucknow,85,0.7,23.1,8.5,Cloudy,0,29.9
2025-05-08,Lucknow,34,0.1,,8.0,Cloudy,0,30.4
2025-09-05,Lucknow,51,1.3,41.0,9.9,Cloudy,0,31.444444444444443
2025-05-10,Lucknow,91,0.7,29.5,9.0,Clear,0,33.6
2025-05-11,Lucknow,58,1.4,10.1,11.1,Sunny,0,31.8
2025-12-05,Lucknow,57,1.7,37.4,6.6,Cloudy,0,29.11111111111111
2025-05-13,Lucknow,75,0.7,7.0,10.9,Cloudy,0,24.88888888888889
2025-05-14,Lucknow,98,1.7,5.3,6.6,Clear,0,30.3
2025-05-15,Lucknow,77,1.3,43.6,5.4,Clear,0,32.3
2025-05-16,Lucknow,  ,0.4,33.1,10.3,Sunny,0,32.3
2025-05-17,Lucknow,61,0.1,38.4,1.8,Fog,0,23.8
2025-05-18,Lucknow,30,0.9,11.3,11.2,Sunny,0,31.0
2025-05-19,Lucknow,84,1.0,41.4,11.0,Cloudy,0,30.333333333333332
2025-05-20,Lucknow,95,1.9,27.2,10.0,Cloudy,0,35.4
2025-05-21,Lucknow,66,88.1,41.3,9.0,Rain,0,
2025-05-22,Lucknow,93,1.7,26.1,5.6,Sunny,0,29.9
2025-05-23,Lucknow,95,99.1,35.7,7.7,Thunderstorm,0,28.1
2025-05-24,Lucknow,63,1.0,,8.9,Clear,0,29.3
2025-05-25,Lucknow,87,0.9,21.6,5.1,Clear,0,27.2
2025-05-26,Lucknow,36,0.2,15.7,7.7,Cloudy,0,27.3
2025-05-27,Lucknow,68,6.6,42.1,11.0,Thunderstorm,0,26.2
2025-05-28,Lucknow,52,0.3,29.2,4.9,Clear,0,23.7
2025-05-29,Lucknow,33,20.9,23.0,11.1,Heavy Rain,1,28.1
2025-05-30,Lucknow,unknown,0.2,29.1,5.6,Cloudy,0,
2025-05-31,Lucknow,46,97.1,14.6,11.4,Heavy Rain,1,79.3
2025-06-01,Lucknow,88,1.1,7.2,5.2,Cloudy,0,27.3
2025-02-06,Lucknow,28,0.0,40.2,11.3,Clear,0,27.055555555555557
2025-06-03,Lucknow,83,1.0,5.3,4.6,Cloudy,0,25.3
2025-04-06,Lucknow,75,1.7,30.6,7.4,Cloudy,0,24.9
2025-06-05,Lucknow,35,46.0,3.5,10.0,Rain,1,25.5
2025-06-06,Lucknow,60,21.8,42.8,6.2,Thunderstorm,1,86.0
2025-07-06,Lucknow,36,0.1,33.6,7.5,Cloudy,0,30.2
2025-06-08,Lucknow,77,64.7,23.0,9.3,Rain,0,25.7
2025-09-06,Lucknow,77,0.9,32.9,5.0,Cloudy,0,22.8
2025-10-06,Lucknow,69,0.8,6.6,11.0,Clear,0,27.7
2025-11-06,Lucknow,98,82.6,4.5,11.2,Heavy Rain,0,23.7
2025-12-06,Lucknow,32,1.3,21.1,9.2,Clear,0,29.3
2025-06-13,Lucknow,58,0.9,38.6,10.7,Clear,0,24.7
2025-06-14,Lucknow,30,0.3,32.3,9.7,Cloudy,0,26.8
2025-06-15,Lucknow,38,8.2,28.4,10.8,Rain,0,26.8
2025-06-16,Lucknow,38,0.3,23.8,8.2,Clear,0,26.6
2025-06-17,Lucknow,39,1.5,8.6,7.1,Clear,0,25.0
2025-06-18,Lucknow,42,0.2,44.9,5.4,Clear,0,22.2
2025-06-19,Lucknow,30,1.3,24.4,0.5,Fog,0,27.4
2025-06-20,Lucknow,28,0.6,7.8,10.4,Sunny,0,25.2
2025-06-21,Lucknow,31,72.6,12.4,4.9,Rain,1,20.8
2025-06-22,Lucknow,94,0.2,41.8,7.0,Cloudy,0,31.1
2025-06-23,Lucknow,42,0.7,35.9,6.8,Cloudy,0,23.7
2025-06-24,Lucknow,64,1.9,16.8,6.0,Sunny,0,26.1
2025-06-25,Lucknow,57,104.5,13.6,10.6,Rain,0,23.0
2025-06-26,Lucknow,29,0.8,31.5,7.4,Cloudy,0,17.5
2025-06-27,Lucknow,93,93.0,4.3,9.0,Heavy Rain,1,21.8
2025-06-28,Lucknow,93,0.2,27.7,5.5,Cloudy,0,25.0
2025-06-29,Lucknow,38,0.8,9.7,9.8,Cloudy,0,25.7
2025-06-30,Lucknow,31,119.4,33.6,11.1,Rain,1,24.2
2025-01-07,Lucknow,77,0.2,21.9,4.2,Clear,0,23.61111111111111
2024-01-01,Bhubaneswar,75,0.1,36.0,4.9,Clear,0,25.7
2024-01-02,Bhubaneswar,51,0.7,19.2,7.7,Clear,0,20.6
2024-03-01,Bhubaneswar,61,1.0,,7.0,Clear,0,22.3
2024-01-04,Bhubaneswar,95,1.9,15.7,4.1,Clear,0,26.9
2024-05-01,Bhubaneswar,75,0.5,6.8,1.2,Fog,0,27.5
2024-01-07,Bhubaneswar,87,7.5,13.6,7.9,Heavy Rain,0,22.6
2024-08-01,Bhubaneswar,91,0.4,,11.3,Clear,0,18.7
2024-01-09,Bhubaneswar,33,51.6,29.8,9.5,Rain,1,26.2
2024-10-01,Bhubaneswar,75,1.8,29.4,9.9,Clear,0,21.3
2024-01-11,Bhubaneswar,67,51.7,42.5,11.2,Rain,0,26.3
2024-01-12,Bhubaneswar,91,0.2,20.8,9.6,Cloudy,0,
2024-01-13,Bhubaneswar,44,0.0,10.7,11.3,Cloudy,0,27.8
2024-01-14,Bhubaneswar,81,57.8,15.2,6.3,Rain,0,
2024-01-15,Bhubaneswar,78,1.3,43.6,7.6,Cloudy,0,25.1
2024-01-16,Bhubaneswar,53,57.7,37.3,6.6,Thunderstorm,0,21.5
2024-01-17,Bhubaneswar,45,1.1,34.1,0.6,Fog,0,26.6
2024-01-18,Bhubaneswar,78,0.9,20.7,5.4,Clear,0,20.1
2024-01-19,Bhubaneswar,81,0.6,26.9,8.5,Clear,0,26.7
2024-01-20,Bhubaneswar,75,1.1,25.4,5.8,Sunny,0,27.6
2024-01-21,Bhubaneswar,83,1.2,36.4,12.0,Sunny,0,25.5
2024-01-22,Bhubaneswar,53,0.8,7.0,9.3,Clear,0,25.3
2024-01-23,Bhubaneswar,34,1.5,6.1,4.5,Clear,0,30.4
2024-01-24,Bhubaneswar,69,1.5,18.7,10.6,Cloudy,0,26.38888888888889
2024-01-25,Bhubaneswar,95,0.9,18.1,9.0,Clear,0,
2024-01-26,Bhubaneswar,95,6.3,8.3,5.5,Rain,0,29.9
2024-01-27,Bhubaneswar,79,38.7,33.0,6.6,Heavy Rain,0,30.4
2024-01-28,Bhubaneswar,89,1.0,9.7,6.6,Sunny,0,24.9
2024-01-29,Bhubaneswar,69,26.5,36.7,11.2,Rain,0,26.6
2024-01-30,Bhubaneswar,unknown,52.4,36.7,4.7,Rain,0,27.722222222222225
2024-01-31,Bhubaneswar,44,0.5,30.9,8.1,Clear,0,29.8
2024-01-02,Bhubaneswar,76,0.1,3.6,10.0,Sunny,0,29.8
2024-02-02,Bhubaneswar,76,1.6,37.4,7.4,Clear,0,23.8
2024-02-03,Bhubaneswar,75,1.0,4.0,5.5,Clear,0,32.0
2024-04-02,Bhubaneswar,29,0.3,40.2,9.6,Clear,0,24.8
2024-02-05,Bhubaneswar,87,0.6,40.1,11.1,Cloudy,0,35.3
2024-02-06,Bhubaneswar,30,1.1,20.7,9.9,Cloudy,0,24.9
2024-07-02,Bhubaneswar,94,1.9,  ,5.3,Clear,0,32.0
2024-08-02,Bhubaneswar,56,1.9,23.7,4.5,Clear,0,30.2
2024-09-02,Bhubaneswar,93,49.5,41.1,10.5,Rain,0,26.2
2024-02-10,Bhubaneswar,75,25.2,34.0,6.6,Thunderstorm,1,26.8
2024-02-11,Bhubaneswar,72,74.6,15.3,11.7,Heavy Rain,0,27.2
2024-12-02,Bhubaneswar,36,1.1,41.8,8.4,Cloudy,0,26.8
2024-02-13,Bhubaneswar,54,93.6,8.2,9.5,Rain,1,90.4
2024-02-14,Bhubaneswar,79,0.8,17.2,5.4,Clear,0,23.9
2024-02-15,Bhubaneswar,56,1.1,28.6,9.0,Clear,0,26.4
2024-02-16,Bhubaneswar,54,0.7,37.3,10.8,Cloudy,0,32.5
2024-02-17,Bhubaneswar,36,68.7,41.1,6.4,Heavy Rain,1,26.9
2024-02-18,Bhubaneswar,38,1.2,40.5,11.6,Cloudy,0,34.833333333333336
2024-02-19,Bhubaneswar,68,1.9,41.7,10.0,Cloudy,0,33.6
2024-02-20,Bhubaneswar,72,0.0,30.3,12.0,Clear,0,26.7
2024-02-21,Bhubaneswar,90,1.6,21.6,2.8,Fog,0,29.0
2024-02-22,Bhubaneswar,54,0.1,36.1,8.6,Cloudy,0,34.6
2024-02-23,Bhubaneswar,74,1.5,2.4,4.4,Clear,0,34.9
2024-02-24,Bhubaneswar,39,1.5,27.7,4.0,Clear,0,
2024-02-25,Bhubaneswar,61,1.6,41.9,9.8,Cloudy,0,30.9
2024-02-26,Bhubaneswar,34,105.9,28.7,11.2,Rain,0,30.8
2024-02-27,Bhubaneswar,34,82.7,8.8,8.4,Thunderstorm,0,30.4
2024-02-28,Bhubaneswar,87,1.5,11.4,11.6,Clear,0,27.4
2024-02-29,Bhubaneswar,70,0.5,,7.7,Cloudy,0,28.9
2024-01-03,Bhubaneswar,86,0.4,32.5,6.8,Clear,0,28.9
2024-02-03,Bhubaneswar,79,89.2,18.0,6.7,Thunderstorm,0,30.7
2024-03-03,Bhubaneswar,62,41.5,13.3,6.3,Rain,0,34.3
2024-03-04,Bhubaneswar,67,1.9,26.8,6.6,Clear,0,32.8
2024-03-05,Bhubaneswar,69,0.2,24.9,1.1,Fog,0,29.555555555555557
2024-06-03,Bhubaneswar,67,0.5,12.2,8.4,Clear,0,30.88888888888889
2024-07-03,Bhubaneswar,-,24.9,22.1,11.5,Thunderstorm,1,35.4
2024-03-08,Bhubaneswar,90,1.9,24.0,11.8,Sunny,0,29.1
2024-09-03,Bhubaneswar,41,0.1,13.9,4.6,Sunny,0,32.2
2024-10-03,Bhubaneswar,89,1.6,4.7,2.5,Fog,0,31.2
2024-03-11,Bhubaneswar,84,0.5,37.8,8.8,Clear,0,33.7
2024-12-03,Bhubaneswar,54,9.6,11.5,7.5,Rain,0,28.4
2024-03-13,Bhubaneswar,71,0.2,26.5,5.8,Clear,0,32.1
2024-03-14,Bhubaneswar,90,1.9,42.9,8.0,Clear,0,33.3
2024-03-15,Bhubaneswar,35,0.7,23.5,10.0,Sunny,0,34.4
2024-03-16,Bhubaneswar,35,1.2,43.4,4.2,Clear,0,
2024-03-17,Bhubaneswar,69,95.2,38.3,9.8,Rain,1,25.4
2024-03-18,Bhubaneswar,31,34.0,3.5,10.4,Thunderstorm,1,33.0
2024-03-19,Bhubaneswar,81,46.5,10.1,6.7,Heavy Rain,0,34.8
2024-03-20,Bhubaneswar,83,1.1,32.9,10.0,Cloudy,0,28.1
2024-03-21,Bhubaneswar,86,1.5,5.6,9.8,Clear,0,32.1
2024-03-22,Bhubaneswar,29,1.7,unknown,4.2,Cloudy,0,31.8
2024-03-23,Bhubaneswar,67,0.5,18.2,7.4,Clear,0,25.8
2024-03-24,Bhubaneswar,73,85.5,43.9,8.9,Thunderstorm,0,27.9
2024-03-25,Bhubaneswar,51,53.0,44.7,5.7,Heavy Rain,0,31.5
2024-03-26,Bhubaneswar,45,0.2,33.3,8.3,Cloudy,0,34.8
2024-03-27,Bhubaneswar,48,63.9,24.7,5.7,Rain,0,30.9
2024-03-28,Bhubaneswar,74,0.8,6.9,6.0,Cloudy,0,
2024-03-29,Bhubaneswar,58,0.5,6.3,5.5,Sunny,0,33.4
2024-03-30,Bhubaneswar,31,30.4,32.3,4.7,Rain,0,37.4
2024-03-31,Bhubaneswar,74,0.1,33.3,4.2,Cloudy,0,31.7
2024-01-04,Bhubaneswar,46,0.2,16.0,5.8,Cloudy,0,30.7
2024-04-02,Bhubaneswar,59,1.5,11.5,2.6,Fog,0,31.4
2024-03-04,Bhubaneswar,37,1.3,8.6,4.2,Sunny,0,31.3
2024-04-04,Bhubaneswar,65,0.1,40.7,10.5,Clear,0,32.0
2024-05-04,Bhubaneswar,80,1.5,29.8,4.7,Clear,0,31.3
2024-06-04,Bhubaneswar,72,0.2,36.4,6.9,Clear,0,29.0
2024-07-04,Bhubaneswar,50,114.5,9.5,5.3,Heavy Rain,0,34.1
2024-04-08,Bhubaneswar,80,71.5,17.5,9.1,Rain,1,29.3
2024-09-04,Bhubaneswar,94,0.4,,8.2,Clear,0,35.2
2024-10-04,Bhubaneswar,46,35.9,31.8,5.9,Thunderstorm,0,34.6
2024-11-04,Bhubaneswar,29,1.2,44.5,6.1,Clear,0,35.94444444444444
2024-12-04,Bhubaneswar,35,38.6,20.3,10.6,Rain,1,31.1
2024-04-13,Bhubaneswar,42,1.2,unknown,0.6,Fog,0,
2024-04-14,Bhubaneswar,90,1.6,21.6,1.0,Fog,0,30.8
2024-04-15,Bhubaneswar,79,102.3,17.3,10.3,Rain,0,27.6
2024-04-16,Bhubaneswar,98,0.7,4.4,11.6,Cloudy,0,32.3
2024-04-17,Bhubaneswar,97,2.0,31.1,2.9,Fog,0,28.1
2024-04-18,Bhubaneswar,90,0.3,44.1,8.5,Clear,0,33.4
2024-04-19,Bhubaneswar,59,0.7,44.0,6.8,Clear,0,34.0
2024-04-20,Bhubaneswar,76,1.8,39.0,5.9,Clear,0,32.3
2024-04-21,Bhubaneswar,90,0.9,,9.0,Sunny,0,32.8
2024-04-22,Bhubaneswar,46,1.6,2.9,4.3,Clear,0,31.4
2024-04-23,Bhubaneswar,30,0.6,39.1,9.5,Cloudy,0,30.8
2024-04-24,Bhubaneswar,56,90.9,4.8,11.9,Rain,0,27.2
2024-04-25,Bhubaneswar,68,98.0,34.4,10.6,Rain,1,31.0
2024-04-26,Bhubaneswar,68,0.3,17.9,8.5,Sunny,0,
2024-04-27,Bhubaneswar,70,1.7,21.9,6.3,Clear,0,30.8
2024-04-28,Bhubaneswar,82,1.4,43.5,4.5,Cloudy,0,27.9
2024-04-29,Bhubaneswar,41,1.3,39.5,7.2,Clear,0,30.7
2024-04-30,Bhubaneswar,89,1.2,23.7,5.8,Sunny,0,36.7
2024-01-05,Bhubaneswar,98,1.6,21.4,10.7,Cloudy,0,34.2
2024-02-05,Bhubaneswar,34,0.6,42.0,6.2,Clear,0,30.2
2024-05-03,Bhubaneswar,55,0.8,14.7,6.4,Clear,0,28.9
2024-05-04,Bhubaneswar,,1.9,37.3,7.9,Clear,0,28.8
2024-05-05,Bhubaneswar,41,2.0,44.0,11.4,Clear,0,29.1
2024-06-05,Bhubaneswar,87,38.1,12.2,10.6,Thunderstorm,0,27.4
2024-07-05,Bhubaneswar,50,1.1,26.8,4.7,Clear,0,31.5
2024-08-05,Bhubaneswar,81,1.5,22.1,11.1,Clear,0,31.1
2024-05-09,Bhubaneswar,73,1.6,14.3,2.7,Fog,0,24.1
2024-10-05,Bhubaneswar,67,57.0,33.1,6.3,Thunderstorm,1,33.6
2024-11-05,Bhubaneswar,,74.0,31.9,6.1,Rain,0,28.9
2024-05-12,Bhubaneswar,91,1.5,6.7,11.2,Cloudy,0,27.8
2024-05-13,Bhubaneswar,77,36.3,24.3,10.3,Heavy Rain,1,26.0
2024-05-14,Bhubaneswar,95,1.7,2.3,8.0,Clear,0,32.0
2024-05-15,Bhubaneswar,60,89.6,3.8,5.5,Rain,0,31.7
2024-05-16,Bhubaneswar,32,77.4,43.1,8.4,Thunderstorm,0,26.0
2024-05-17,Bhubaneswar,81,69.1,16.4,5.8,Rain,0,29.7
2024-05-18,Bhubaneswar,55,103.5,22.3,12.0,Rain,0,32.4
2024-05-19,Bhubaneswar,30,57.3,12.0,8.2,Rain,1,27.9
2024-05-20,Bhubaneswar,64,1.7,19.3,9.3,Clear,0,31.0
2024-05-21,Bhubaneswar,87,1.0,30.6,11.4,Clear,0,29.6
2024-05-22,Bhubaneswar,87,0.5,36.3,4.2,Cloudy,0,29.055555555555557
2024-05-23,Bhubaneswar,44,1.3,35.7,5.2,Clear,0,28.8
2024-05-24,Bhubaneswar,73,1.8,9.3,6.0,Cloudy,0,35.9
2024-05-25,Bhubaneswar,86,1.0,16.4,2.8,Fog,0,33.7
2024-05-26,Bhubaneswar,43,1.7,13.3,7.6,Clear,0,29.2
2024-05-27,Bhubaneswar,45,1.3,27.3,2.2,Fog,0,26.2
2024-05-28,Bhubaneswar,39,0.5,42.4,8.7,Clear,0,26.2
2024-05-29,Bhubaneswar,83,1.5,29.6,9.5,Cloudy,0,27.1
2024-05-30,Bhubaneswar,69,1.4,24.1,1.7,Fog,0,28.8
2024-05-31,Bhubaneswar,57,0.1,7.4,8.8,Clear,0,28.6
2024-01-06,Bhubaneswar,35,1.5,10.3,5.9,Cloudy,0,26.3
2024-02-06,Bhubaneswar,41,1.9,27.3,5.6,Clear,0,27.7
2024-06-03,Bhubaneswar,43,1.4,3.6,10.9,Clear,0,31.38888888888889
2024-04-06,Bhubaneswar,31,2.0,18.5,7.7,Clear,0,29.1
2024-06-05,Bhubaneswar,31,1.4,44.7,9.4,Cloudy,0,
2024-06-06,Bhubaneswar,40,0.3,30.4,2.7,Fog,0,
2024-06-07,Bhubaneswar,38,1.4,34.1,11.5,Clear,0,31.6
2024-06-08,Bhubaneswar,75,1.7,26.7,10.6,Clear,0,27.7
2024-09-06,Bhubaneswar,36,119.7,14.5,11.9,Rain,0,26.7
2024-10-06,Bhubaneswar,58,0.2,6.6,4.2,Clear,0,22.7
2024-11-06,Bhubaneswar,65,79.8,31.2,8.3,Thunderstorm,0,24.555555555555557
2024-12-06,Bhubaneswar,32,1.6,26.8,4.7,Clear,0,27.0
2024-06-13,Bhubaneswar,61,1.2,13.9,11.6,Sunny,0,23.4
2024-06-14,Bhubaneswar,31,1.4,12.6,7.2,Clear,0,22.1
2024-06-15,Bhubaneswar,91,0.7,20.4,10.1,Sunny,0,28.5
2024-06-16,Bhubaneswar,39,72.4,3.3,7.1,Thunderstorm,0,28.3
2024-06-17,Bhubaneswar,53,1.8,9.6,2.9,Fog,0,29.9
2024-06-18,Bhubaneswar,83,1.5,-,10.6,Clear,0,23.8
2024-06-19,Bhubaneswar,,0.3,23.1,5.8,Cloudy,0,22.83333333333333
2024-06-20,Bhubaneswar,88,1.8,38.4,5.1,Cloudy,0,29.6
2024-06-21,Bhubaneswar,38,1.0,18.2,11.3,Clear,0,31.11111111111111
2024-06-22,Bhubaneswar,90,0.1,4.3,10.4,Clear,0,25.6
2024-06-23,Bhubaneswar,49,85.5,6.6,8.1,Heavy Rain,0,19.7
2024-06-24,Bhubaneswar,44,0.1,28.6,5.7,Clear,0,28.8
2024-06-25,Bhubaneswar,30,1.0,27.3,2.2,Fog,0,28.9
2024-06-26,Bhubaneswar,86,89.9,40.9,4.6,Heavy Rain,0,24.4
2024-06-27,Bhubaneswar,53,0.6,39.4,6.8,Clear,0,28.8
2024-06-28,Bhubaneswar,80,0.3,36.0,8.0,Clear,0,26.4
2024-06-29,Bhubaneswar,32,8.0,5.4,4.8,Rain,0,28.1
2024-06-30,Bhubaneswar,30,33.2,4.5,5.8,Rain,0,26.1
2024-01-07,Bhubaneswar,,30.8,18.5,5.2,Rain,0,22.9
2024-02-07,Bhubaneswar,77,1.2,38.9,9.9,Clear,0,27.0
2024-03-07,Bhubaneswar,37,0.1,,9.4,Clear,0,22.8
2024-07-04,Bhubaneswar,35,89.9,31.7,8.4,Thunderstorm,0,22.6
2024-05-07,Bhubaneswar,39,0.5,21.3,10.9,Cloudy,0,23.2
2024-06-07,Bhubaneswar,79,16.6,29.0,7.3,Heavy Rain,0,25.7
2024-07-07,Bhubaneswar,40,93.5,13.3,11.4,Rain,0,23.7
2024-07-08,Bhubaneswar,51,0.0,29.4,8.8,Clear,0,23.555555555555557
2024-09-07,Bhubaneswar,83,1.4,7.2,0.8,Fog,0,23.4
2024-10-07,Bhubaneswar,82,0.4,11.8,10.8,Sunny,0,23.5
2024-11-07,Bhubaneswar,53,1.3,31.4,11.0,Clear,0,25.4
2024-12-07,Bhubaneswar,81,0.9,20.5,7.4,Cloudy,0,20.4
2024-07-13,Bhubaneswar,54,1.7,7.2,5.1,Clear,0,23.3
2024-07-14,Bhubaneswar,81,89.4,34.6,9.9,Rain,0,25.777777777777782
2024-07-15,Bhubaneswar,91,31.8,40.8,6.0,Heavy Rain,0,18.1
2024-07-16,Bhubaneswar,64,0.1,35.0,0.4,Fog,0,20.9
2024-07-17,Bhubaneswar,35,93.6,25.2,10.2,Rain,0,22.0
2024-07-18,Bhubaneswar,75,1.9,22.6,7.5,Cloudy,0,18.9
2024-07-19,Bhubaneswar,95,20.5,6.5,8.5,Rain,0,70.3
2024-07-20,Bhubaneswar,67,1.6,27.4,11.0,Cloudy,0,23.2
2024-07-21,Bhubaneswar,29,15.3,27.6,11.8,Heavy Rain,0,26.8
2024-07-22,Bhubaneswar,88,0.2,37.7,6.0,Sunny,0,24.1
2024-07-23,Bhubaneswar,48,1.5,36.5,1.9,Fog,0,20.38888888888889
2024-07-24,Bhubaneswar,40,1.9,43.9,5.4,Sunny,0,21.4
2024-07-25,Bhubaneswar,89,0.9,13.3,8.1,Clear,0,
2024-07-26,Bhubaneswar,72,100.7,19.6,11.0,Heavy Rain,0,19.8
2024-07-27,Bhubaneswar,61,0.3,28.9,4.0,Clear,0,26.3
2024-07-28,Bhubaneswar,39,82.6,15.5,11.4,Rain,0,18.72222222222222
2024-07-29,Bhubaneswar,37,1.5,41.0,10.5,Clear,0,22.8
2024-07-30,Bhubaneswar,57,0.8,20.3,11.4,Cloudy,0,26.3
2024-07-31,Bhubaneswar,73,29.3,35.1,4.3,Rain,0,13.2
2024-08-01,Bhubaneswar,41,0.0,16.9,11.7,Clear,0,
2024-08-02,Bhubaneswar,  ,0.7,5.5,8.7,Clear,0,26.2
2024-08-03,Bhubaneswar,94,63.9,35.6,4.5,Rain,0,17.88888888888889
2024-04-08,Bhubaneswar,47,74.9,27.1,10.9,Thunderstorm,0,20.4
2024-05-08,Bhubaneswar,80,0.8,14.4,11.8,Clear,0,17.4
2024-06-08,Bhubaneswar,,73.2,15.2,8.6,Rain,0,20.4
2024-07-08,Bhubaneswar,61,0.0,10.3,9.0,Cloudy,0,20.9
2024-08-08,Bhubaneswar,80,11.3,34.8,11.5,Rain,1,19.0
2024-09-08,Bhubaneswar,47,1.0,24.1,11.8,Cloudy,0,19.8
2024-08-10,Bhubaneswar,,24.0,25.1,6.1,Thunderstorm,1,21.9
2024-11-08,Bhubaneswar,72,0.6,36.6,8.0,Cloudy,0,26.833333333333332
2024-12-08,Bhubaneswar,73,34.8,24.6,4.3,Thunderstorm,0,20.5
2024-08-13,Bhubaneswar,48,0.4,30.2,12.0,Sunny,0,17.7
2024-08-14,Bhubaneswar,52,1.2,26.4,7.2,Sunny,0,22.2
2024-08-15,Bhubaneswar,79,36.4,44.8,9.2,Thunderstorm,0,16.2
2024-08-16,Bhubaneswar,52,1.2,27.2,9.9,Clear,0,13.5
2024-08-17,Bhubaneswar,78,0.1,14.1,11.5,Clear,0,16.2
2024-08-18,Bhubaneswar,84,56.9,34.4,7.6,Rain,1,24.5
2024-08-19,Bhubaneswar,40,1.6,42.7,1.5,Fog,0,21.4
2024-08-20,Bhubaneswar,63,0.2,10.1,8.8,Sunny,0,20.1
2024-08-21,Bhubaneswar,,82.7,23.2,4.4,Rain,1,13.7
2024-08-22,Bhubaneswar,,0.6,5.4,9.1,Clear,0,17.8
2024-08-23,Bhubaneswar,76,0.8,27.6,6.0,Clear,0,17.11111111111111
2024-08-24,Bhubaneswar,77,1.7,33.1,11.0,Clear,0,17.2
2024-08-25,Bhubaneswar,91,0.7,25.3,1.6,Fog,0,21.8
2024-08-26,Bhubaneswar,38,0.5,28.9,4.4,Clear,0,18.4
2024-08-27,Bhubaneswar,73,1.5,31.7,4.3,Sunny,0,15.7
2024-08-28,Bhubaneswar,67,39.9,44.7,9.7,Rain,0,17.3
2024-08-29,Bhubaneswar,97,1.8,10.6,8.6,Clear,0,15.7
2024-08-30,Bhubaneswar,61,106.7,43.9,11.0,Thunderstorm,0,15.6
2024-08-31,Bhubaneswar,31,0.5,14.8,4.2,Sunny,0,10.999999999999998
2024-01-09,Bhubaneswar,47,1.0,34.7,1.9,Fog,0,14.2
2024-09-02,Bhubaneswar,44,1.1,43.6,4.6,Cloudy,0,17.2
2024-03-09,Bhubaneswar,29,1.1,35.5,10.9,Clear,0,14.7
2024-09-04,Bhubaneswar,65,1.9,5.1,5.4,Clear,0,6.7
2024-05-09,Bhubaneswar,47,0.7,38.9,2.1,Fog,0,21.3
2024-09-06,Bhubaneswar,,0.2,37.7,5.1,Sunny,0,15.6
2024-09-07,Bhubaneswar,59,1.7,3.8,5.7,Clear,0,20.6
2024-09-08,Bhubaneswar,46,0.1,  ,9.0,Cloudy,0,12.9
2024-09-09,Bhubaneswar,49,1.7,5.1,1.5,Fog,0,16.2
2024-10-09,Bhubaneswar,59,1.1,10.6,7.3,Cloudy,0,17.9
2024-09-11,Bhubaneswar,84,77.3,11.2,9.7,Rain,0,15.6
2024-12-09,Bhubaneswar,77,1.8,37.0,1.8,Fog,0,11.0
2024-09-13,Bhubaneswar,35,21.1,18.3,6.8,Rain,0,15.5
2024-09-14,Bhubaneswar,77,116.8,8.5,8.0,Rain,0,12.6
2024-09-15,Bhubaneswar,unknown,1.1,26.8,4.3,Clear,0,15.61111111111111
2024-09-16,Bhubaneswar,32,14.8,18.1,11.5,Heavy Rain,0,16.8
2024-09-18,Bhubaneswar,44,1.0,41.4,10.1,Clear,0,12.7
2024-09-19,Bhubaneswar,46,26.7,7.8,9.5,Heavy Rain,0,15.2
2024-09-20,Bhubaneswar,36,0.9,6.5,8.4,Cloudy,0,13.0
2024-09-21,Bhubaneswar,47,1.4,16.8,7.4,Cloudy,0,63.0
2024-09-22,Bhubaneswar,28,2.0,4.7,4.6,Clear,0,17.5
2024-09-23,Bhubaneswar,94,35.8,38.8,6.8,Rain,0,19.1
2024-09-24,Bhubaneswar,45,56.5,44.7,6.4,Rain,1,18.9
2024-09-25,Bhubaneswar,89,0.1,18.5,8.3,Cloudy,0,17.3
2024-09-26,Bhubaneswar,28,1.5,12.5,9.1,Cloudy,0,19.1
2024-09-27,Bhubaneswar,42,0.4,4.7,7.1,Sunny,0,15.8
2024-09-28,Bhubaneswar,59,1.9,24.4,11.5,Clear,0,19.1
2024-09-29,Bhubaneswar,71,1.1,11.8,8.8,Clear,0,12.3
2024-09-30,Bhubaneswar,80,2.0,12.0,10.6,Clear,0,64.8
2024-10-01,Bhubaneswar,76,0.9,41.6,8.4,Clear,0,16.1
2024-10-02,Bhubaneswar,44,1.2,21.2,6.6,Sunny,0,16.8
2024-03-10,Bhubaneswar,87,84.5,10.4,5.9,Thunderstorm,1,14.3
2024-10-04,Bhubaneswar,50,1.0,19.9,5.8,Clear,0,14.6
2024-05-10,Bhubaneswar,46,1.6,42.6,5.0,Cloudy,0,19.0
2024-10-06,Bhubaneswar,57,1.9,6.9,5.2,Clear,0,16.7
2024-07-10,Bhubaneswar,32,51.4,36.8,8.2,Rain,1,16.2
2024-10-08,Bhubaneswar,96,1.6,37.0,7.9,Clear,0,15.4
2024-09-10,Bhubaneswar,28,1.2,7.9,5.4,Clear,0,17.2
2024-10-10,Bhubaneswar,66,56.3,38.2,4.7,Rain,0,14.3
2024-10-11,Bhubaneswar,52,0.9,8.8,7.5,Cloudy,0,15.0
2024-10-12,Bhubaneswar,47,1.2,3.6,5.3,Clear,0,11.8
2024-10-13,Bhubaneswar,86,30.7,43.8,9.1,Rain,1,13.0
2024-10-14,Bhubaneswar,,1.4,2.7,7.9,Cloudy,0,16.8
2024-10-15,Bhubaneswar,86,1.2,43.3,8.2,Cloudy,0,17.9
2024-10-16,Bhubaneswar,55,97.1,25.0,4.6,Heavy Rain,0,
2024-10-17,Bhubaneswar,92,42.3,6.6,4.5,Rain,0,10.8
2024-10-18,Bhubaneswar,48,1.9,11.2,9.9,Sunny,0,18.5
2024-10-19,Bhubaneswar,74,1.7,39.1,7.7,Clear,0,23.2
2024-10-20,Bhubaneswar,97,106.0,44.4,8.0,Thunderstorm,0,15.2
2024-10-21,Bhubaneswar,66,0.2,37.7,12.0,Clear,0,14.444444444444445
2024-10-22,Bhubaneswar,57,0.4,44.1,10.7,Cloudy,0,16.8
2024-10-23,Bhubaneswar,66,2.0,26.0,4.6,Clear,0,18.5
2024-10-24,Bhubaneswar,41,91.7,27.7,9.1,Thunderstorm,1,16.7
2024-10-25,Bhubaneswar,42,95.6,28.0,8.2,Heavy Rain,1,11.0
2024-10-26,Bhubaneswar,80,5.6,37.1,9.6,Rain,0,24.4
2024-10-27,Bhubaneswar,,1.2,43.9,6.9,Cloudy,0,16.7
2024-10-28,Bhubaneswar,41,88.5,6.8,6.4,Rain,0,15.3
2024-10-29,Bhubaneswar,69,1.0,27.8,10.0,Cloudy,0,14.2
2024-10-30,Bhubaneswar,81,68.9,14.2,4.6,Rain,0,17.666666666666668
2024-10-31,Bhubaneswar,68,105.2,42.7,5.2,Heavy Rain,0,18.944444444444443
2024-01-11,Bhubaneswar,71,1.0,29.1,4.2,Clear,0,17.0
2024-11-02,Bhubaneswar,59,0.1,6.8,7.1,Cloudy,0,12.6
2024-11-03,Bhubaneswar,81,54.7,28.5,7.2,Heavy Rain,1,11.8
2024-04-11,Bhubaneswar,51,1.3,4.1,10.8,Sunny,0,21.6
2024-05-11,Bhubaneswar,86,0.9,27.4,6.5,Cloudy,0,19.0
2024-06-11,Bhubaneswar,53,0.6,31.7,1.0,Fog,0,16.6
2024-07-11,Bhubaneswar,76,28.9,33.0,9.3,Rain,1,19.2
2024-08-11,Bhubaneswar,77,0.3,13.2,9.6,Clear,0,
2024-11-09,Bhubaneswar,97,1.3,42.9,8.9,Clear,0,16.6
2024-10-11,Bhubaneswar,39,34.1,14.3,5.5,Rain,0,71.4
2024-11-11,Bhubaneswar,61,52.4,8.9,12.0,Heavy Rain,0,22.2
2024-11-12,Bhubaneswar,89,0.4,43.9,6.1,Cloudy,0,19.3
2024-11-13,Bhubaneswar,35,1.3,6.5,9.4,Clear,0,17.2
2024-11-14,Bhubaneswar,92,108.5,30.6,11.9,Rain,0,18.5
2024-11-15,Bhubaneswar,45,106.6,32.5,11.5,Rain,0,16.9
2024-11-16,Bhubaneswar,76,1.4,36.7,4.3,Clear,0,12.4
2024-11-17,Bhubaneswar,79,0.1,35.9,10.9,Clear,0,17.6
2024-11-18,Bhubaneswar,60,0.0,41.3,9.3,Cloudy,0,20.055555555555554
2024-11-19,Bhubaneswar,63,44.7,29.9,10.0,Rain,0,18.2
2024-11-20,Bhubaneswar,62,0.7,36.1,10.5,Cloudy,0,17.8
2024-11-21,Bhubaneswar,44,0.2,11.9,8.9,Clear,0,19.8
2024-11-22,Bhubaneswar,86,0.1,24.4,11.5,Clear,0,16.5
2024-11-23,Bhubaneswar,38,1.1,17.4,4.6,Clear,0,20.8
2024-11-24,Bhubaneswar,91,0.0,16.8,9.7,Cloudy,0,20.6
2024-11-25,Bhubaneswar,,1.5,16.1,2.8,Fog,0,66.8
2024-11-26,Bhubaneswar,58,5.9,9.8,8.4,Rain,0,20.6
2024-11-27,Bhubaneswar,77,112.2,39.0,7.6,Thunderstorm,0,17.8
2024-11-28,Bhubaneswar,49,1.7,21.8,10.2,Clear,0,20.7
2024-11-29,Bhubaneswar,38,1.7,11.7,4.9,Clear,0,20.7
2024-11-30,Bhubaneswar,80,0.9,37.9,7.1,Cloudy,0,19.4
2024-01-12,Bhubaneswar,45,0.9,17.9,10.8,Clear,0,20.0
2024-12-02,Bhubaneswar,91,1.9,36.1,5.4,Clear,0,22.9
2024-12-03,Bhubaneswar,72,1.9,5.4,11.6,Clear,0,13.0
2024-12-04,Bhubaneswar,28,73.9,44.3,11.7,Rain,0,19.4
2024-05-12,Bhubaneswar,,0.7,32.7,6.3,Cloudy,0,16.5
2024-06-12,Bhubaneswar,57,1.5,5.8,4.6,Clear,0,19.9
2024-07-12,Bhubaneswar,86,1.3,38.6,12.0,Cloudy,0,23.3
2024-08-12,Bhubaneswar,85,0.7,18.3,4.6,Clear,0,20.27777777777778
2024-09-12,Bhubaneswar,,0.5,42.5,4.1,Clear,0,22.8
2024-12-10,Bhubaneswar,43,1.8,  ,11.5,Clear,0,22.77777777777778
2024-11-12,Bhubaneswar,60,0.3,17.8,8.2,Clear,0,23.3
2024-12-12,Bhubaneswar,43,0.4,16.6,1.2,Fog,0,16.9
2024-12-13,Bhubaneswar,94,82.1,40.0,7.5,Rain,1,21.3
2024-12-14,Bhubaneswar,89,0.3,33.6,4.5,Cloudy,0,22.0
2024-12-15,Bhubaneswar,83,0.4,12.1,5.8,Clear,0,24.0
2024-12-16,Bhubaneswar,35,0.6,24.5,1.5,Fog,0,18.3
2024-12-17,Bhubaneswar,75,111.7,5.9,7.9,Rain,0,73.3
2024-12-18,Bhubaneswar,,1.0,8.4,9.3,Clear,0,22.7
2024-12-19,Bhubaneswar,83,0.9,22.1,9.0,Sunny,0,19.9
2024-12-20,Bhubaneswar,79,1.2,20.5,10.7,Cloudy,0,18.5
2024-12-21,Bhubaneswar,98,32.2,25.1,11.6,Heavy Rain,0,22.5
2024-12-22,Bhubaneswar,92,115.8,44.4,10.6,Rain,1,23.9
2024-12-23,Bhubaneswar,67,11.2,20.6,4.0,Heavy Rain,0,17.5
2024-12-24,Bhubaneswar,86,0.9,39.1,9.1,Clear,0,23.1
2024-12-25,Bhubaneswar,51,0.6,12.0,7.5,Clear,0,22.9
2024-12-26,Bhubaneswar,94,1.6,13.4,11.5,Clear,0,21.5
2024-12-27,Bhubaneswar,81,1.9,27.6,10.8,Clear,0,21.9
2024-12-28,Bhubaneswar,80,0.9,22.0,7.8,Clear,0,30.3
2024-12-29,Bhubaneswar,97,1.6,31.8,5.1,Cloudy,0,28.7
2024-12-30,Bhubaneswar,90,0.0,31.0,10.2,Sunny,0,25.1
2024-12-31,Bhubaneswar,31,20.5,17.5,11.7,Heavy Rain,0,25.055555555555554
2025-01-01,Bhubaneswar,38,0.5,34.6,4.1,Cloudy,0,29.4
2025-02-01,Bhubaneswar,97,0.8,29.7,9.2,Cloudy,0,25.3
2025-01-03,Bhubaneswar,58,66.0,15.3,5.0,Rain,0,22.4
2025-01-04,Bhubaneswar,43,37.9,38.7,10.9,Rain,0,30.6
2025-05-01,Bhubaneswar,,0.1,25.6,6.8,Clear,0,30.5
2025-06-01,Bhubaneswar,69,72.0,33.4,6.7,Heavy Rain,0,28.9
2025-01-07,Bhubaneswar,68,0.6,20.1,8.2,Clear,0,24.3
2025-01-08,Bhubaneswar,32,55.7,44.8,9.2,Rain,0,26.6
2025-01-09,Bhubaneswar,88,1.5,9.3,11.5,Cloudy,0,26.4
2025-01-10,Bhubaneswar,62,1.5,,5.3,Cloudy,0,31.8
2025-11-01,Bhubaneswar,45,41.8,5.9,11.8,Rain,0,
2025-01-12,Bhubaneswar,55,1.3,2.8,6.0,Clear,0,28.1
2025-01-13,Bhubaneswar,73,1.4,22.2,0.9,Fog,0,21.7
2025-01-14,Bhubaneswar,46,0.8,38.8,8.9,Clear,0,24.7
2025-01-15,Bhubaneswar,72,24.0,6.3,5.2,Rain,0,27.555555555555554
2025-01-16,Bhubaneswar,62,1.0,40.3,4.8,Clear,0,29.0
2025-01-17,Bhubaneswar,82,26.3,8.9,10.9,Heavy Rain,0,26.5
2025-01-18,Bhubaneswar,91,0.4,16.9,8.6,Clear,0,24.8
2025-01-19,Bhubaneswar,31,74.8,37.7,6.8,Rain,0,36.7
2025-01-20,Bhubaneswar,57,75.2,23.1,7.2,Rain,1,23.0
2025-01-21,Bhubaneswar,80,24.8,36.8,4.6,Rain,0,30.3
2025-01-22,Bhubaneswar,71,1.4,25.2,2.5,Fog,0,24.4
2025-01-23,Bhubaneswar,37,1.4,4.6,6.9,Clear,0,31.11111111111111
2025-01-24,Bhubaneswar,82,0.2,25.7,7.6,Cloudy,0,26.1
2025-01-25,Bhubaneswar,54,75.5,9.5,8.4,Thunderstorm,1,26.8
2025-01-26,Bhubaneswar,  ,0.2,42.2,5.7,Clear,0,26.0
2025-01-27,Bhubaneswar,62,5.2,31.1,5.1,Rain,0,41.833333333333336
2025-01-28,Bhubaneswar,93,0.3,16.9,9.1,Cloudy,0,27.0
2025-01-29,Bhubaneswar,42,0.7,11.6,7.5,Clear,0,26.7
2025-01-30,Bhubaneswar,89,0.9,27.6,0.3,Fog,0,27.5
2025-01-31,Bhubaneswar,91,1.9,32.9,6.7,Cloudy,0,29.2
2025-02-01,Bhubaneswar,36,0.7,19.6,4.5,Cloudy,0,27.8
2025-02-02,Bhubaneswar,,0.2,32.5,5.1,Cloudy,0,27.8
2025-02-03,Bhubaneswar,31,1.2,21.5,8.1,Clear,0,26.6
2025-04-02,Bhubaneswar,71,108.2,6.3,10.4,Rain,1,24.1
2025-05-02,Bhubaneswar,64,0.5,16.8,6.8,Cloudy,0,26.9
2025-06-02,Bhubaneswar,62,28.9,10.0,10.1,Thunderstorm,0,31.2
2025-02-07,Bhubaneswar,90,75.5,4.8,5.6,Rain,0,31.1
2025-08-02,Bhubaneswar,44,0.4,21.8,4.6,Cloudy,0,29.0
2025-02-09,Bhubaneswar,81,2.0,7.6,8.1,Clear,0,32.2
2025-10-02,Bhubaneswar,59,19.6,13.8,9.3,Rain,1,29.8
2025-11-02,Bhubaneswar,66,13.7,14.3,7.0,Rain,1,31.2
2025-12-02,Bhubaneswar,70,43.3,15.0,6.3,Rain,0,27.7
2025-02-13,Bhubaneswar,42,0.3,40.8,8.5,Clear,0,75.2
2025-02-14,Bhubaneswar,83,98.7,4.9,9.7,Rain,1,33.6
2025-02-15,Bhubaneswar,47,68.8,7.5,5.8,Rain,0,31.0
2025-02-16,Bhubaneswar,69,0.9,27.1,10.3,Cloudy,0,28.8
2025-02-17,Bhubaneswar,35,39.4,7.4,6.4,Heavy Rain,0,24.5
2025-02-18,Bhubaneswar,64,1.9,3.1,4.5,Clear,0,26.0
2025-02-19,Bhubaneswar,55,119.6,28.1,5.3,Heavy Rain,0,30.2
2025-02-20,Bhubaneswar,67,1.9,12.1,8.5,Clear,0,29.1
2025-02-21,Bhubaneswar,36,0.7,35.7,7.6,Cloudy,0,28.5
2025-02-22,Bhubaneswar,40,1.0,10.9,0.5,Fog,0,36.8
2025-02-23,Bhubaneswar,45,1.6,11.1,10.9,Cloudy,0,31.8
2025-02-24,Bhubaneswar,76,0.4,2.7,4.6,Clear,0,34.4
2025-02-25,Bhubaneswar,70,0.1,5.8,10.0,Sunny,0,34.9
2025-02-26,Bhubaneswar,63,1.7,40.7,2.0,Fog,0,
2025-02-27,Bhubaneswar,69,119.5,41.9,11.4,Rain,0,29.7
2025-02-28,Bhubaneswar,83,0.6,27.2,1.7,Fog,0,32.5
2025-03-01,Bhubaneswar,42,0.9,  ,10.4,Sunny,0,32.8
2025-03-02,Bhubaneswar,93,31.9,31.2,4.2,Heavy Rain,1,31.444444444444443
2025-03-03,Bhubaneswar,39,0.3,5.6,7.5,Clear,0,30.4
2025-03-04,Bhubaneswar,36,1.6,8.3,9.1,Clear,0,32.9
2025-05-03,Bhubaneswar,89,1.2,5.9,7.1,Clear,0,33.3
2025-03-06,Bhubaneswar,86,10.4,22.9,7.5,Rain,0,32.5
2025-07-03,Bhubaneswar,29,0.0,26.4,1.5,Fog,0,26.0
2025-03-08,Bhubaneswar,41,0.7,11.6,5.3,Clear,0,35.6
2025-09-03,Bhubaneswar,91,27.8,44.9,5.7,Rain,0,32.8
2025-03-10,Bhubaneswar,34,1.4,44.3,4.3,Clear,0,32.9
2025-03-11,Bhubaneswar,35,109.0,35.8,4.7,Rain,1,25.3
2025-12-03,Bhubaneswar,30,0.3,8.5,10.7,Clear,0,30.8
2025-03-13,Bhubaneswar,39,1.6,29.4,5.6,Cloudy,0,29.9
2025-03-14,Bhubaneswar,97,1.5,4.6,8.9,Clear,0,33.72222222222222
2025-03-15,Bhubaneswar,36,0.7,29.5,10.0,Clear,0,27.4
2025-03-16,Bhubaneswar,,0.2,15.9,5.1,Clear,0,34.9
2025-03-17,Bhubaneswar,47,1.0,24.9,8.7,Clear,0,34.6
2025-03-18,Bhubaneswar,41,0.9,44.0,9.2,Clear,0,100.5
2025-03-19,Bhubaneswar,30,46.2,35.1,9.4,Rain,0,31.9
2025-03-20,Bhubaneswar,38,54.5,38.8,5.2,Rain,0,35.0
2025-03-21,Bhubaneswar,80,1.4,27.0,4.5,Cloudy,0,32.6
2025-03-22,Bhubaneswar,91,111.0,32.6,6.2,Rain,1,32.4
2025-03-23,Bhubaneswar,92,66.9,24.7,5.4,Rain,0,34.4
2025-03-24,Bhubaneswar,77,1.4,42.3,2.9,Fog,0,32.4
2025-03-25,Bhubaneswar,34,0.1,17.7,1.8,Fog,0,29.1
2025-03-26,Bhubaneswar,92,1.6,2.1,4.1,Clear,0,28.9
2025-03-27,Bhubaneswar,49,0.8,17.7,4.2,Cloudy,0,32.4
2025-03-28,Bhubaneswar,44,22.3,19.4,7.9,Rain,0,32.1
2025-03-29,Bhubaneswar,96,1.1,17.3,6.8,Clear,0,27.1
2025-03-30,Bhubaneswar,87,1.0,9.1,11.1,Sunny,0,30.3
2025-03-31,Bhubaneswar,54,1.8,35.9,9.6,Clear,0,27.9
2025-01-04,Bhubaneswar,61,0.0,35.1,9.4,Cloudy,0,30.4
2025-04-02,Bhubaneswar,41,0.5,32.2,5.3,Sunny,0,33.333333333333336
2025-03-04,Bhubaneswar,93,111.8,10.6,7.7,Rain,0,36.2
2025-04-04,Bhubaneswar,67,1.5,24.8,10.0,Cloudy,0,34.4
2025-05-04,Bhubaneswar,80,1.3,6.8,5.9,Cloudy,0,33.1
2025-06-04,Bhubaneswar,73,1.0,17.9,6.5,Clear,0,29.6
2025-07-04,Bhubaneswar,43,1.4,13.0,8.3,Clear,0,28.388888888888886
2025-04-08,Bhubaneswar,92,97.3,23.0,8.8,Heavy Rain,0,34.0
2025-04-09,Bhubaneswar,62,0.2,10.3,5.1,Clear,0,29.4
2025-10-04,Bhubaneswar,98,26.1,14.8,8.2,Rain,0,24.9
2025-11-04,Bhubaneswar,33,100.6,29.2,8.2,Rain,0,89.8
2025-12-04,Bhubaneswar,29,1.5,41.3,2.4,Fog,0,27.7
2025-04-13,Bhubaneswar,33,1.2,14.1,11.3,Clear,0,31.5
2025-04-14,Bhubaneswar,49,0.9,16.1,10.9,Sunny,0,28.166666666666668
2025-04-15,Bhubaneswar,83,57.8,,4.1,Rain,1,27.4
2025-04-16,Bhubaneswar,87,109.7,5.3,10.7,Heavy Rain,0,30.5
2025-04-17,Bhubaneswar,60,81.3,3.2,4.1,Rain,0,28.7
2025-04-18,Bhubaneswar,97,106.4,7.9,9.5,Thunderstorm,1,33.8
2025-04-19,Bhubaneswar,40,0.5,24.3,8.2,Clear,0,36.3
2025-04-20,Bhubaneswar,65,1.8,35.8,4.1,Sunny,0,34.4
2025-04-21,Bhubaneswar,80,0.9,36.7,2.6,Fog,0,30.1
2025-04-22,Bhubaneswar,98,1.4,38.1,9.5,Sunny,0,24.7
2025-04-23,Bhubaneswar,,1.0,25.1,7.4,Clear,0,27.9
2025-04-24,Bhubaneswar,56,1.2,35.2,6.4,Clear,0,29.7
2025-04-25,Bhubaneswar,68,31.6,32.8,11.6,Rain,0,36.1
2025-04-26,Bhubaneswar,56,110.7,33.3,9.5,Thunderstorm,0,31.5
2025-04-27,Bhubaneswar,81,40.2,33.6,10.8,Rain,1,30.5
2025-04-28,Bhubaneswar,28,112.5,32.4,11.5,Rain,0,27.9
2025-04-29,Bhubaneswar,33,71.9,15.0,6.3,Heavy Rain,0,32.22222222222222
2025-04-30,Bhubaneswar,32,1.0,34.1,6.5,Clear,0,32.0
2025-05-01,Bhubaneswar,52,31.6,13.6,6.8,Rain,0,24.5
2025-05-02,Bhubaneswar,,89.3,2.9,5.7,Rain,0,29.2
2025-03-05,Bhubaneswar,63,0.5,29.6,7.0,Clear,0,32.0
2025-05-04,Bhubaneswar,92,51.7,10.9,10.8,Thunderstorm,0,33.1
2025-05-05,Bhubaneswar,75,1.9,2.0,10.1,Clear,0,29.6
2025-05-06,Bhubaneswar,30,0.9,35.3,7.4,Cloudy,0,86.5
2025-05-07,Bhubaneswar,94,21.3,23.2,7.7,Heavy Rain,0,27.6
2025-05-08,Bhubaneswar,49,0.4,16.8,9.4,Cloudy,0,29.0
2025-09-05,Bhubaneswar,71,1.3,25.9,11.5,Cloudy,0,27.16666666666667
2025-05-10,Bhubaneswar,56,0.8,28.5,9.6,Sunny,0,34.0
2025-11-05,Bhubaneswar,40,0.5,7.2,11.9,Sunny,0,27.1
2025-05-12,Bhubaneswar,28,70.9,  ,8.6,Rain,1,30.11111111111111
2025-05-14,Bhubaneswar,92,0.7,17.6,5.1,Clear,0,27.1
2025-05-15,Bhubaneswar,93,1.3,16.9,11.6,Cloudy,0,27.22222222222222
2025-05-16,Bhubaneswar,30,88.9,31.0,5.0,Heavy Rain,0,27.6
2025-05-17,Bhubaneswar,64,1.1,18.7,10.7,Cloudy,0,30.7
2025-05-18,Bhubaneswar,56,69.1,3.9,10.8,Rain,0,26.722222222222218
2025-05-19,Bhubaneswar,60,1.5,8.0,5.0,Cloudy,0,28.1
2025-05-20,Bhubaneswar,89,0.9,4.5,7.7,Clear,0,31.2
2025-05-21,Bhubaneswar,85,1.7,27.6,7.0,Cloudy,0,22.3
2025-05-22,Bhubaneswar,83,0.4,7.9,9.7,Clear,0,31.8
2025-05-23,Bhubaneswar,50,1.2,35.5,8.5,Sunny,0,29.3
2025-05-24,Bhubaneswar,55,59.2,21.2,6.4,Rain,1,24.333333333333332
2025-05-25,Bhubaneswar,93,1.3,31.4,2.4,Fog,0,31.1
2025-05-26,Bhubaneswar,,1.3,43.9,6.8,Cloudy,0,25.055555555555554
2025-05-27,Bhubaneswar,40,0.1,40.8,5.5,Sunny,0,24.7
2025-05-28,Bhubaneswar,67,62.2,21.1,11.2,Thunderstorm,0,27.6
2025-05-29,Bhubaneswar,45,0.7,27.5,9.6,Cloudy,0,25.3
2025-05-30,Bhubaneswar,89,105.9,9.2,6.5,Rain,0,28.2
2025-05-31,Bhubaneswar,71,0.4,19.0,8.3,Cloudy,0,29.1
2025-06-01,Bhubaneswar,63,0.2,27.7,6.5,Clear,0,22.9
2025-06-02,Bhubaneswar,94,111.1,24.3,8.0,Thunderstorm,1,
2025-03-06,Bhubaneswar,77,118.1,34.3,6.4,Rain,0,29.7
2025-04-06,Bhubaneswar,50,1.6,3.3,7.0,Sunny,0,30.9
2025-06-05,Bhubaneswar,54,1.2,24.0,6.3,Clear,0,26.7
2025-06-06,Bhubaneswar,52,1.3,26.9,7.7,Cloudy,0,27.5
2025-06-07,Bhubaneswar,unknown,28.9,13.6,4.7,Heavy Rain,1,24.2
2025-08-06,Bhubaneswar,70,1.2,31.9,5.0,Sunny,0,30.4
2025-09-06,Bhubaneswar,65,0.7,34.9,9.7,Cloudy,0,32.5
2025-06-10,Bhubaneswar,42,0.2,37.8,8.1,Clear,0,27.11111111111111
2025-11-06,Bhubaneswar,,1.0,36.8,11.5,Clear,0,28.9
2025-12-06,Bhubaneswar,86,0.7,24.4,10.6,Clear,0,22.944444444444443
2025-06-13,Bhubaneswar,87,1.0,44.8,6.3,Sunny,0,25.4
2025-06-14,Bhubaneswar,84,1.7,18.6,8.6,Clear,0,24.9
2025-06-15,Bhubaneswar,46,2.0,31.7,7.7,Cloudy,0,27.4
2025-06-16,Bhubaneswar,54,1.6,9.7,11.7,Sunny,0,25.0
2025-06-17,Bhubaneswar,79,1.1,2.3,4.9,Sunny,0,27.2
2025-06-18,Bhubaneswar,36,1.0,16.5,5.9,Clear,0,24.944444444444446
2025-06-19,Bhubaneswar,  ,1.3,38.3,10.6,Sunny,0,22.6
2025-06-20,Bhubaneswar,86,20.4,22.2,8.4,Rain,0,27.1
2025-06-21,Bhubaneswar,65,1.9,37.8,11.2,Clear,0,26.4
2025-06-22,Bhubaneswar,63,13.4,41.6,6.7,Thunderstorm,0,27.9
2025-06-23,Bhubaneswar,76,0.8,40.2,7.3,Clear,0,23.0
2025-06-24,Bhubaneswar,83,1.0,7.8,0.4,Fog,0,27.8
2025-06-25,Bhubaneswar,,62.2,34.7,10.8,Rain,1,23.944444444444443
2025-06-26,Bhubaneswar,92,0.9,31.3,8.0,Clear,0,24.9
2025-06-27,Bhubaneswar,60,0.0,44.7,6.5,Clear,0,28.2
2025-06-28,Bhubaneswar,88,0.1,12.3,8.6,Clear,0,25.2
2025-06-29,Bhubaneswar,37,1.6,2.7,11.3,Sunny,0,24.4
2025-06-30,Bhubaneswar,43,1.9,33.7,10.7,Clear,0,30.4
2025-01-07,Bhubaneswar,43,1.7,27.8,4.1,Clear,0,21.6
2024-01-01,Guwahati,42,1.5,41.8,7.9,Clear,0,25.1
2024-01-02,Guwahati,79,0.1,44.6,0.9,Fog,0,23.61111111111111
2024-01-03,Guwahati,78,0.5,13.2,6.9,Clear,0,26.2
2024-04-01,Guwahati,45,110.8,2.4,8.9,Rain,0,23.5
2024-05-01,Guwahati,59,0.2,38.3,8.8,Clear,0,22.0
2024-06-01,Guwahati,68,1.9,31.4,5.7,Clear,0,23.1
2024-07-01,Guwahati,67,0.8,27.4,11.1,Clear,0,33.1
2024-01-08,Guwahati,65,1.0,36.8,6.5,Clear,0,
2024-09-01,Guwahati,80,0.2,32.1,4.8,Clear,0,25.6
2024-01-10,Guwahati,52,0.3,5.3,2.4,Fog,0,17.4
2024-11-01,Guwahati,73,1.0,24.4,11.8,Clear,0,28.2
2024-12-01,Guwahati,90,1.2,21.1,8.5,Sunny,0,28.166666666666668
2024-01-13,Guwahati,34,1.6,31.9,10.2,Clear,0,22.1
2024-01-14,Guwahati,60,1.3,13.8,8.7,Cloudy,0,26.4
2024-01-15,Guwahati,69,0.3,16.0,11.8,Clear,0,30.8
2024-01-16,Guwahati,94,75.1,23.3,10.7,Thunderstorm,0,23.1
2024-01-17,Guwahati,34,0.5,15.3,4.6,Sunny,0,26.1
2024-01-18,Guwahati,76,0.9,2.4,10.5,Clear,0,25.5
2024-01-19,Guwahati,56,1.8,32.7,3.0,Fog,0,28.1
2024-01-20,Guwahati,  ,42.2,42.3,9.5,Rain,0,28.3
2024-01-21,Guwahati,68,1.6,11.4,9.7,Cloudy,0,84.2
2024-01-23,Guwahati,66,64.1,27.0,10.6,Rain,0,29.2
2024-01-24,Guwahati,29,1.5,41.5,8.4,Clear,0,25.3
2024-01-25,Guwahati,55,0.1,31.5,9.5,Clear,0,29.6
2024-01-26,Guwahati,30,57.2,25.7,5.8,Heavy Rain,0,31.6
2024-01-27,Guwahati,80,0.8,12.5,7.7,Clear,0,23.9
2024-01-28,Guwahati,57,100.3,23.1,5.9,Thunderstorm,0,
2024-01-29,Guwahati,43,1.0,35.8,8.0,Cloudy,0,30.0
2024-01-30,Guwahati,76,2.0,8.5,5.4,Sunny,0,30.2
2024-01-31,Guwahati,38,1.5,39.4,4.7,Cloudy,0,32.5
2024-01-02,Guwahati,81,0.5,18.7,9.1,Cloudy,0,30.3
2024-02-02,Guwahati,70,1.9,30.2,10.8,Clear,0,26.38888888888889
2024-03-02,Guwahati,51,107.0,,4.8,Heavy Rain,0,27.2
2024-04-02,Guwahati,68,1.9,29.9,5.9,Clear,0,30.9
2024-02-05,Guwahati,79,8.4,19.1,9.0,Heavy Rain,0,25.9
2024-02-06,Guwahati,45,0.1,3.3,5.5,Sunny,0,26.5
2024-02-08,Guwahati,89,0.8,6.7,9.3,Clear,0,22.9
2024-09-02,Guwahati,32,62.9,6.0,8.6,Heavy Rain,0,30.2
2024-10-02,Guwahati,29,100.3,28.4,11.0,Heavy Rain,0,32.3
2024-11-02,Guwahati,79,94.1,16.4,6.2,Thunderstorm,1,29.1
2024-02-12,Guwahati,46,1.9,12.5,6.2,Cloudy,0,32.6
2024-02-13,Guwahati,59,115.7,23.1,9.1,Rain,0,30.6
2024-02-14,Guwahati,44,60.8,41.6,6.5,Heavy Rain,0,28.1
2024-02-15,Guwahati,61,1.0,3.8,4.0,Clear,0,30.2
2024-02-16,Guwahati,78,1.4,8.2,6.3,Clear,0,29.5
2024-02-17,Guwahati,95,1.1,7.7,11.5,Cloudy,0,32.8
2024-02-18,Guwahati,64,108.0,22.5,9.7,Rain,0,27.2
2024-02-19,Guwahati,32,1.4,19.3,4.4,Clear,0,25.6
2024-02-20,Guwahati,,0.9,19.6,8.1,Cloudy,0,27.8
2024-02-21,Guwahati,35,0.7,37.0,6.0,Cloudy,0,27.5
2024-02-22,Guwahati,93,1.5,20.5,6.2,Cloudy,0,31.0
2024-02-23,Guwahati,81,1.3,9.5,1.6,Fog,0,26.333333333333336
2024-02-24,Guwahati,34,46.2,14.9,12.0,Heavy Rain,0,30.9
2024-02-25,Guwahati,69,35.7,6.3,4.1,Rain,0,32.7
2024-02-26,Guwahati,90,109.6,,5.1,Heavy Rain,0,29.9
2024-02-27,Guwahati,82,1.7,20.4,11.7,Clear,0,31.5
2024-02-28,Guwahati,89,0.0,16.7,5.2,Cloudy,0,30.2
2024-02-29,Guwahati,77,0.5,39.7,6.7,Clear,0,36.7
2024-01-03,Guwahati,47,0.6,30.5,4.9,Cloudy,0,26.3
2024-02-03,Guwahati,76,1.8,30.9,7.1,Cloudy,0,24.3
2024-03-03,Guwahati,46,43.4,8.3,6.0,Heavy Rain,1,30.0
2024-04-03,Guwahati,34,1.3,37.1,10.5,Cloudy,0,31.1
2024-05-03,Guwahati,90,2.0,36.1,6.6,Clear,0,35.4
2024-03-06,Guwahati,45,1.3,35.6,6.7,Sunny,0,30.5
2024-03-07,Guwahati,93,0.2,28.0,8.1,Clear,0,
2024-03-08,Guwahati,,0.7,5.6,7.9,Cloudy,0,35.77777777777778
2024-03-10,Guwahati,92,0.3,18.6,6.0,Clear,0,32.1
2024-11-03,Guwahati,89,0.9,36.4,5.8,Clear,0,33.9
2024-12-03,Guwahati,92,1.3,20.6,9.8,Clear,0,32.6
2024-03-13,Guwahati,90,0.9,30.0,5.7,Sunny,0,89.3
2024-03-14,Guwahati,50,1.6,24.2,9.4,Sunny,0,30.7
2024-03-15,Guwahati,46,0.3,34.6,11.8,Sunny,0,30.4
2024-03-16,Guwahati,80,0.5,28.8,5.2,Clear,0,39.77777777777778
2024-03-17,Guwahati,90,0.3,14.6,4.3,Clear,0,24.0
2024-03-18,Guwahati,67,0.2,35.1,11.6,Cloudy,0,32.5
2024-03-19,Guwahati,48,0.9,3.2,8.0,Clear,0,28.9
2024-03-20,Guwahati,71,1.4,4.8,2.1,Fog,0,35.6
2024-03-21,Guwahati,88,1.2,32.3,11.8,Clear,0,34.0
2024-03-22,Guwahati,28,1.6,40.7,8.0,Clear,0,40.3
2024-03-23,Guwahati,63,74.1,42.6,6.6,Heavy Rain,0,35.2
2024-03-24,Guwahati,73,1.7,38.8,6.0,Clear,0,33.7
2024-03-25,Guwahati,32,1.7,29.9,7.7,Clear,0,35.4
2024-03-26,Guwahati,77,109.7,34.5,10.9,Rain,1,30.61111111111111
2024-03-27,Guwahati,88,1.5,17.4,4.4,Cloudy,0,28.4
2024-03-28,Guwahati,92,0.7,36.4,11.9,Clear,0,38.94444444444444
2024-03-30,Guwahati,76,17.2,20.0,4.6,Thunderstorm,1,29.0
2024-03-31,Guwahati,62,1.3,6.5,6.9,Sunny,0,31.9
2024-01-04,Guwahati,34,119.7,16.5,5.0,Rain,1,30.2
2024-02-04,Guwahati,38,110.1,17.6,5.4,Heavy Rain,0,32.7
2024-04-03,Guwahati,  ,33.9,32.5,11.9,Thunderstorm,0,27.9
2024-04-04,Guwahati,53,1.0,11.2,11.4,Cloudy,0,33.6
2024-04-05,Guwahati,50,1.1,28.8,10.2,Clear,0,32.9
2024-06-04,Guwahati,83,25.0,5.0,5.1,Rain,0,30.5
2024-07-04,Guwahati,85,75.0,9.7,11.6,Thunderstorm,1,29.4
2024-04-08,Guwahati,68,91.1,43.0,9.5,Rain,0,87.2
2024-09-04,Guwahati,91,0.6,42.3,11.4,Clear,0,30.1
2024-04-10,Guwahati,30,19.3,17.8,4.7,Rain,0,33.0
2024-04-11,Guwahati,52,1.5,37.2,6.4,Cloudy,0,32.0
2024-04-12,Guwahati,33,49.7,4.5,4.0,Rain,0,28.9
2024-04-13,Guwahati,60,1.7,30.7,5.9,Clear,0,36.4
2024-04-14,Guwahati,59,1.4,11.6,7.1,Clear,0,33.9
2024-04-15,Guwahati,30,1.6,6.5,4.1,Clear,0,30.6
2024-04-16,Guwahati,31,41.1,3.3,7.2,Rain,0,32.2
2024-04-17,Guwahati,38,0.9,25.0,9.0,Cloudy,0,30.3
2024-04-18,Guwahati,49,1.6,44.4,11.9,Clear,0,38.8
2024-04-19,Guwahati,87,35.4,38.1,10.9,Rain,0,28.6
2024-04-20,Guwahati,unknown,1.5,,5.3,Sunny,0,31.5
2024-04-21,Guwahati,28,1.2,26.0,6.2,Cloudy,0,30.1
2024-04-22,Guwahati,88,53.8,44.3,11.6,Rain,1,31.5
2024-04-23,Guwahati,73,44.9,18.7,11.5,Rain,1,31.3
2024-04-24,Guwahati,73,0.3,24.1,5.5,Sunny,0,30.22222222222222
2024-04-25,Guwahati,29,2.0,34.2,4.7,Sunny,0,35.9
2024-04-26,Guwahati,49,31.7,35.3,11.8,Rain,0,30.666666666666668
2024-04-27,Guwahati,51,0.5,11.3,11.3,Clear,0,28.4
2024-04-28,Guwahati,45,1.1,13.0,5.7,Cloudy,0,37.0
2024-04-29,Guwahati,53,1.1,34.1,9.8,Sunny,0,32.4
2024-04-30,Guwahati,95,1.5,10.7,6.3,Cloudy,0,34.7
2024-01-05,Guwahati,68,37.1,38.3,5.1,Rain,0,29.3
2024-02-05,Guwahati,65,0.5,39.2,11.4,Clear,0,37.5
2024-03-05,Guwahati,86,112.3,25.8,11.1,Rain,0,30.3
2024-04-05,Guwahati,61,0.4,43.9,2.9,Fog,0,28.2
2024-05-05,Guwahati,84,38.8,40.8,7.6,Thunderstorm,0,32.4
2024-06-05,Guwahati,88,0.6,14.1,1.0,Fog,0,
2024-07-05,Guwahati,97,1.3,35.8,5.9,Clear,0,28.8
2024-08-05,Guwahati,54,1.8,,10.3,Sunny,0,29.2
2024-05-09,Guwahati,95,0.3,14.6,11.3,Clear,0,26.9
2024-10-05,Guwahati,35,84.6,13.4,8.9,Thunderstorm,0,22.2
2024-05-11,Guwahati,98,1.1,29.4,6.6,Sunny,0,32.5
2024-05-12,Guwahati,69,48.6,9.0,5.3,Rain,0,31.9
2024-05-13,Guwahati,40,1.0,5.5,8.4,Cloudy,0,31.2
2024-05-15,Guwahati,57,0.8,16.5,8.7,Clear,0,31.9
2024-05-16,Guwahati,75,0.0,4.0,8.7,Clear,0,32.0
2024-05-17,Guwahati,69,1.1,13.5,7.0,Clear,0,29.4
2024-05-18,Guwahati,92,0.3,9.5,6.3,Sunny,0,23.1
2024-05-19,Guwahati,84,1.7,7.3,6.7,Clear,0,31.3
2024-05-20,Guwahati,72,16.8,42.8,7.7,Rain,1,30.2
2024-05-21,Guwahati,97,18.9,12.6,7.2,Rain,0,32.8
2024-05-22,Guwahati,29,53.4,13.3,7.8,Heavy Rain,1,30.6
2024-05-23,Guwahati,96,1.7,32.6,2.0,Fog,0,32.0
2024-05-24,Guwahati,29,26.8,35.8,9.6,Rain,1,
2024-05-26,Guwahati,28,52.2,4.4,10.3,Rain,0,34.4
2024-05-27,Guwahati,59,26.9,37.9,7.9,Heavy Rain,0,32.5
2024-05-28,Guwahati,84,0.1,12.3,5.2,Clear,0,21.5
2024-05-29,Guwahati,87,1.1,23.3,8.7,Clear,0,31.8
2024-05-30,Guwahati,43,0.8,40.2,5.1,Cloudy,0,28.277777777777782
2024-05-31,Guwahati,66,119.6,34.5,9.5,Rain,0,28.0
2024-01-06,Guwahati,65,10.7,37.4,10.7,Thunderstorm,1,26.8
2024-06-02,Guwahati,35,0.3,27.0,9.3,Clear,0,23.8
2024-06-03,Guwahati,32,0.2,2.4,10.4,Sunny,0,23.1
2024-06-04,Guwahati,57,0.2,3.8,10.3,Clear,0,25.9
2024-06-05,Guwahati,95,0.9,11.5,11.0,Clear,0,26.6
2024-06-06,Guwahati,72,1.0,3.0,11.8,Sunny,0,30.7
2024-06-07,Guwahati,78,1.5,16.5,7.8,Cloudy,0,33.2
2024-08-06,Guwahati,55,1.1,39.6,4.8,Clear,0,29.38888888888889
2024-09-06,Guwahati,81,0.4,35.1,10.1,Clear,0,29.3
2024-10-06,Guwahati,69,1.4,20.7,9.1,Clear,0,29.0
2024-06-11,Guwahati,52,1.9,35.9,6.1,Sunny,0,28.22222222222222
2024-12-06,Guwahati,75,1.9,8.3,7.5,Sunny,0,24.2
2024-06-13,Guwahati,49,0.8,5.5,6.6,Cloudy,0,26.2
2024-06-14,Guwahati,77,64.7,27.1,6.0,Heavy Rain,0,32.2
2024-06-15,Guwahati,58,94.6,26.2,8.2,Rain,1,
2024-06-16,Guwahati,89,1.1,15.3,11.9,Clear,0,76.1
2024-06-17,Guwahati,52,1.4,26.9,7.1,Clear,0,26.9
2024-06-18,Guwahati,55,0.2,14.4,5.6,Cloudy,0,25.7
2024-06-19,Guwahati,56,0.6,44.0,4.3,Cloudy,0,28.7
2024-06-20,Guwahati,59,9.6,39.0,4.2,Thunderstorm,0,27.8
2024-06-21,Guwahati,91,88.1,30.8,10.2,Rain,1,21.9
2024-06-22,Guwahati,57,1.1,15.7,8.8,Cloudy,0,25.9
2024-06-23,Guwahati,60,103.6,18.2,5.2,Rain,0,30.9
2024-06-24,Guwahati,93,0.3,31.1,2.9,Fog,0,20.5
2024-06-25,Guwahati,,1.8,37.9,6.0,Clear,0,29.8
2024-06-26,Guwahati,29,44.4,5.7,10.9,Rain,0,25.9
2024-06-27,Guwahati,28,109.8,28.5,6.3,Heavy Rain,0,23.4
2024-06-28,Guwahati,64,1.0,11.2,7.0,Clear,0,20.6
2024-06-29,Guwahati,75,1.1,26.0,6.2,Clear,0,20.6
2024-06-30,Guwahati,88,32.6,33.3,6.8,Rain,1,27.22222222222222
2024-01-07,Guwahati,92,1.7,35.9,7.1,Clear,0,21.0
2024-07-02,Guwahati,70,1.0,12.3,11.1,Cloudy,0,26.9
2024-07-03,Guwahati,96,1.4,17.8,8.0,Clear,0,23.8
2024-04-07,Guwahati,44,1.0,40.1,11.0,Clear,0,27.3
2024-07-05,Guwahati,47,1.5,22.7,8.9,Clear,0,24.1
2024-06-07,Guwahati,68,1.8,31.4,4.6,Cloudy,0,19.9
2024-07-07,Guwahati,50,0.0,30.9,1.6,Fog,0,22.3
2024-07-08,Guwahati,83,0.4,17.7,1.0,Fog,0,24.055555555555557
2024-07-09,Guwahati,70,88.1,33.1,7.8,Thunderstorm,1,22.055555555555557
2024-10-07,Guwahati,62,1.1,14.3,9.9,Cloudy,0,
2024-11-07,Guwahati,86,10.7,8.9,11.2,Thunderstorm,0,21.6
2024-07-13,Guwahati,66,0.0,40.5,2.7,Fog,0,19.5
2024-07-14,Guwahati,29,1.2,25.4,5.3,Cloudy,0,20.1
2024-07-15,Guwahati,70,97.5,24.5,10.1,Rain,0,23.8
2024-07-16,Guwahati,62,1.3,3.7,11.0,Clear,0,19.0
2024-07-17,Guwahati,  ,73.9,4.4,6.6,Thunderstorm,0,22.5
2024-07-18,Guwahati,64,0.6,18.2,7.1,Clear,0,20.6
2024-07-19,Guwahati,95,50.8,15.2,9.0,Rain,0,19.8
2024-07-20,Guwahati,91,0.2,31.6,7.8,Clear,0,19.0
2024-07-21,Guwahati,36,0.9,27.0,9.9,Cloudy,0,26.6
2024-07-22,Guwahati,72,1.2,38.3,6.3,Sunny,0,21.1
2024-07-23,Guwahati,72,0.4,32.4,7.5,Clear,0,21.1
2024-07-24,Guwahati,39,1.8,21.7,10.7,Cloudy,0,20.500000000000004
2024-07-25,Guwahati,unknown,0.8,31.0,11.8,Clear,0,21.4
2024-07-27,Guwahati,52,0.1,32.4,6.5,Clear,0,18.5
2024-07-28,Guwahati,84,0.1,18.4,10.6,Cloudy,0,20.7
2024-07-29,Guwahati,44,27.5,11.4,6.7,Thunderstorm,0,23.1
2024-07-30,Guwahati,32,0.2,33.5,10.6,Clear,0,24.111111111111114
2024-07-31,Guwahati,66,0.9,43.1,11.0,Clear,0,12.7
2024-08-01,Guwahati,80,1.0,30.8,4.6,Clear,0,21.6
2024-02-08,Guwahati,82,46.8,39.3,7.6,Rain,1,19.2
2024-03-08,Guwahati,77,0.8,31.2,1.8,Fog,0,18.8
2024-04-08,Guwahati,62,0.5,35.6,6.8,Clear,0,21.3
2024-05-08,Guwahati,52,80.6,6.9,4.6,Rain,0,24.6
2024-06-08,Guwahati,87,1.9,37.8,7.3,Cloudy,0,17.5
2024-08-07,Guwahati,92,0.3,19.0,12.0,Cloudy,0,19.2
2024-08-08,Guwahati,31,102.8,17.2,4.9,Rain,0,18.7
2024-08-09,Guwahati,61,0.4,14.5,10.8,Clear,0,20.9
2024-10-08,Guwahati,65,16.3,41.5,9.2,Rain,1,19.9
2024-08-11,Guwahati,61,115.4,12.8,5.4,Thunderstorm,0,21.1
2024-08-12,Guwahati,49,1.9,29.2,6.0,Clear,0,23.0
2024-08-13,Guwahati,31,1.2,10.3,11.5,Clear,0,18.833333333333336
2024-08-14,Guwahati,43,70.1,4.9,11.1,Rain,1,13.3
2024-08-15,Guwahati,58,0.9,21.9,5.0,Clear,0,20.1
2024-08-16,Guwahati,98,34.6,37.3,8.7,Rain,0,24.2
2024-08-17,Guwahati,93,86.8,9.2,6.6,Rain,0,18.88888888888889
2024-08-18,Guwahati,75,0.8,27.3,8.1,Cloudy,0,23.1
2024-08-19,Guwahati,,0.3,4.5,8.7,Cloudy,0,20.8
2024-08-20,Guwahati,98,0.8,10.6,10.0,Clear,0,15.5
2024-08-21,Guwahati,83,1.5,7.3,6.7,Sunny,0,15.8
2024-08-22,Guwahati,46,39.6,14.0,5.8,Rain,1,12.4
2024-08-23,Guwahati,33,0.1,43.5,11.6,Cloudy,0,20.0
2024-08-24,Guwahati,76,64.3,5.2,7.4,Thunderstorm,0,16.7
2024-08-25,Guwahati,89,0.4,22.1,5.9,Clear,0,11.7
2024-08-26,Guwahati,92,56.1,19.4,4.7,Heavy Rain,0,19.1
2024-08-27,Guwahati,87,0.9,38.2,10.4,Sunny,0,19.7
2024-08-28,Guwahati,73,60.8,14.5,8.8,Rain,0,16.7
2024-08-29,Guwahati,87,1.3,11.4,11.7,Clear,0,14.1
2024-08-30,Guwahati,30,0.9,19.4,1.0,Fog,0,18.6
2024-08-31,Guwahati,63,0.9,13.3,9.5,Clear,0,19.9
2024-09-01,Guwahati,45,1.7,32.5,11.4,Sunny,0,13.6
2024-09-02,Guwahati,97,1.2,3.5,10.6,Clear,0,18.4
2024-09-03,Guwahati,98,1.5,14.0,7.1,Clear,0,20.5
2024-09-04,Guwahati,,38.4,17.5,6.2,Rain,0,20.6
2024-05-09,Guwahati,86,0.4,15.9,10.3,Cloudy,0,20.5
2024-09-06,Guwahati,40,1.0,27.1,11.4,Cloudy,0,17.6
2024-09-07,Guwahati,71,0.3,4.1,5.7,Clear,0,16.9
2024-09-08,Guwahati,39,0.3,36.4,1.1,Fog,0,12.6
2024-09-09,Guwahati,57,0.0,44.6,9.2,Clear,0,
2024-09-10,Guwahati,65,2.0,23.1,4.3,Clear,0,16.5
2024-09-11,Guwahati,33,119.6,8.6,7.1,Rain,1,20.0
2024-09-12,Guwahati,94,0.7,10.1,7.4,Cloudy,0,16.5
2024-09-13,Guwahati,28,70.1,37.5,6.4,Thunderstorm,1,17.1
2024-09-14,Guwahati,53,0.2,44.5,6.9,Clear,0,17.6
2024-09-15,Guwahati,49,0.6,5.7,11.9,Cloudy,0,12.5
2024-09-16,Guwahati,92,1.1,6.0,8.0,Cloudy,0,14.444444444444445
2024-09-17,Guwahati,69,0.7,40.1,4.5,Clear,0,16.8
2024-09-18,Guwahati,70,1.8,6.8,10.7,Cloudy,0,12.055555555555557
2024-09-19,Guwahati,71,1.9,7.0,4.9,Clear,0,14.5
2024-09-20,Guwahati,71,0.2,35.8,8.5,Clear,0,13.5
2024-09-21,Guwahati,70,0.5,6.7,4.7,Clear,0,15.38888888888889
2024-09-22,Guwahati,51,0.4,14.4,11.7,Clear,0,8.5
2024-09-23,Guwahati,97,1.0,14.3,10.6,Clear,0,18.000000000000004
2024-09-24,Guwahati,28,0.9,26.8,9.0,Clear,0,62.0
2024-09-25,Guwahati,61,0.7,15.6,7.8,Clear,0,16.7
2024-09-26,Guwahati,66,0.6,7.1,6.6,Cloudy,0,13.8
2024-09-27,Guwahati,68,0.5,34.3,8.6,Clear,0,14.3
2024-09-28,Guwahati,82,1.3,7.7,10.2,Clear,0,12.9
2024-09-29,Guwahati,72,0.5,10.8,4.1,Cloudy,0,15.3
2024-09-30,Guwahati,80,0.7,29.2,7.3,Cloudy,0,65.8
2024-01-10,Guwahati,38,1.1,36.6,10.4,Clear,0,14.5
2024-02-10,Guwahati,93,113.3,12.3,9.3,Rain,0,15.0
2024-10-03,Guwahati,77,0.4,11.2,11.5,Cloudy,0,15.0
2024-04-10,Guwahati,40,0.9,19.4,10.0,Clear,0,18.4
2024-05-10,Guwahati,38,62.1,4.3,9.6,Rain,1,17.1
2024-10-06,Guwahati,61,61.2,5.7,7.6,Thunderstorm,1,19.6
2024-07-10,Guwahati,69,36.9,19.0,10.7,Heavy Rain,0,16.1
2024-10-08,Guwahati,58,0.8,36.9,11.9,Sunny,0,15.9
2024-10-09,Guwahati,41,1.8,16.6,11.8,Clear,0,18.3
2024-10-10,Guwahati,50,47.9,37.6,6.8,Rain,1,13.1
2024-11-10,Guwahati,32,75.4,34.1,11.3,Heavy Rain,0,18.9
2024-12-10,Guwahati,,111.3,33.1,8.8,Heavy Rain,0,16.8
2024-10-13,Guwahati,41,1.6,35.1,4.2,Clear,0,16.9
2024-10-14,Guwahati,98,1.4,42.2,11.1,Sunny,0,15.0
2024-10-15,Guwahati,70,52.5,44.8,4.0,Heavy Rain,0,14.2
2024-10-16,Guwahati,29,11.4,14.9,5.4,Heavy Rain,0,17.5
2024-10-17,Guwahati,72,1.2,11.9,9.1,Clear,0,12.8
2024-10-18,Guwahati,88,2.0,27.5,4.6,Cloudy,0,13.7
2024-10-19,Guwahati,40,1.5,8.5,5.6,Sunny,0,18.5
2024-10-20,Guwahati,44,1.5,8.3,6.3,Clear,0,14.8
2024-10-21,Guwahati,96,79.6,15.8,4.8,Heavy Rain,0,10.5
2024-10-22,Guwahati,30,1.3,22.1,11.8,Cloudy,0,18.77777777777778
2024-10-23,Guwahati,56,1.2,30.0,9.0,Clear,0,10.4
2024-10-24,Guwahati,31,0.1,36.7,9.1,Sunny,0,19.7
2024-10-25,Guwahati,50,102.0,26.0,8.4,Thunderstorm,1,11.0
2024-10-26,Guwahati,91,0.7,5.1,11.9,Clear,0,15.9
2024-10-27,Guwahati,51,12.1,25.7,9.5,Rain,0,21.1
2024-10-28,Guwahati,35,1.3,18.8,5.9,Clear,0,18.5
2024-10-29,Guwahati,92,29.1,5.2,11.8,Rain,0,14.5
2024-10-30,Guwahati,90,0.9,19.8,2.0,Fog,0,15.3
2024-10-31,Guwahati,38,1.5,15.8,6.2,Clear,0,15.2
2024-11-01,Guwahati,38,1.1,38.5,7.2,Clear,0,18.9
2024-11-02,Guwahati,34,0.2,38.3,6.0,Sunny,0,17.2
2024-03-11,Guwahati,52,1.8,25.8,7.9,Clear,0,19.7
2024-11-04,Guwahati,60,1.1,13.0,11.1,Cloudy,0,17.2
2024-11-05,Guwahati,57,1.4,31.0,7.7,Clear,0,21.944444444444443
2024-11-06,Guwahati,86,0.6,3.2,6.6,Clear,0,14.5
2024-07-11,Guwahati,59,1.9,4.6,4.5,Clear,0,14.5
2024-11-08,Guwahati,59,1.9,31.1,5.6,Cloudy,0,15.1
2024-09-11,Guwahati,96,0.8,11.7,6.3,Clear,0,12.6
2024-11-10,Guwahati,66,1.4,21.9,9.9,Clear,0,19.7
2024-11-11,Guwahati,66,1.8,40.7,7.5,Clear,0,25.5
2024-11-12,Guwahati,41,2.0,6.5,9.1,Clear,0,18.9
2024-11-13,Guwahati,62,1.2,10.5,9.2,Sunny,0,14.833333333333334
2024-11-14,Guwahati,78,119.3,9.0,11.2,Rain,1,21.7
2024-11-15,Guwahati,97,0.7,33.1,6.0,Clear,0,9.9
2024-11-16,Guwahati,70,73.1,41.6,10.6,Thunderstorm,0,23.2
2024-11-17,Guwahati,42,1.2,6.6,8.4,Sunny,0,17.5
2024-11-18,Guwahati,43,0.6,14.2,4.9,Clear,0,17.7
2024-11-19,Guwahati,62,70.1,44.0,10.4,Rain,0,20.5
2024-11-20,Guwahati,84,0.5,26.3,11.9,Clear,0,19.3
2024-11-21,Guwahati,66,37.2,26.8,10.8,Rain,0,19.6
2024-11-22,Guwahati,49,103.9,24.3,5.1,Rain,0,21.8
2024-11-23,Guwahati,79,0.8,16.5,9.3,Clear,0,20.6
2024-11-24,Guwahati,28,1.1,7.0,5.3,Clear,0,15.1
2024-11-25,Guwahati,55,0.1,24.2,7.0,Sunny,0,18.7
2024-11-26,Guwahati,62,1.2,18.4,10.0,Sunny,0,17.9
2024-11-27,Guwahati,91,95.5,44.3,9.9,Thunderstorm,0,17.77777777777778
2024-11-28,Guwahati,65,1.6,24.2,11.3,Clear,0,16.1
2024-11-29,Guwahati,62,0.3,37.4,8.9,Cloudy,0,16.9
2024-11-30,Guwahati,81,0.8,13.9,5.6,Clear,0,23.4
2024-01-12,Guwahati,28,93.7,43.7,4.1,Rain,0,18.0
2024-12-02,Guwahati,97,0.8,3.5,5.5,Clear,0,25.38888888888889
2024-12-03,Guwahati,83,23.2,4.2,10.5,Rain,0,13.9
2024-04-12,Guwahati,48,0.0,26.7,6.1,Sunny,0,23.3
2024-12-05,Guwahati,66,0.3,32.3,7.6,Clear,0,20.0
2024-12-06,Guwahati,79,1.1,10.2,10.0,Cloudy,0,20.555555555555557
2024-07-12,Guwahati,52,2.0,28.6,5.5,Sunny,0,18.666666666666664
2024-12-08,Guwahati,94,0.9,19.1,11.5,Cloudy,0,20.3
2024-09-12,Guwahati,39,0.5,11.7,11.9,Cloudy,0,18.3
2024-12-10,Guwahati,57,0.4,10.9,5.8,Clear,0,18.9
2024-11-12,Guwahati,87,0.3,25.6,4.2,Clear,0,22.2
2024-12-12,Guwahati,45,2.0,44.0,11.2,Clear,0,17.3
2024-12-13,Guwahati,49,0.6,30.2,1.5,Fog,0,22.6
2024-12-14,Guwahati,89,60.6,8.4,9.4,Rain,0,26.3
2024-12-15,Guwahati,45,0.8,38.7,10.5,Clear,0,19.9
2024-12-16,Guwahati,42,0.9,17.9,11.4,Clear,0,25.7
2024-12-17,Guwahati,91,0.3,39.0,4.8,Clear,0,16.5
2024-12-18,Guwahati,43,1.5,6.5,7.5,Clear,0,24.0
2024-12-19,Guwahati,49,89.5,4.3,10.8,Heavy Rain,0,20.8
2024-12-20,Guwahati,59,1.5,5.4,10.1,Clear,0,23.9
2024-12-21,Guwahati,44,0.3,22.3,4.3,Clear,0,23.0
2024-12-22,Guwahati,94,1.8,26.7,4.7,Cloudy,0,18.666666666666664
2024-12-23,Guwahati,95,15.5,10.0,9.8,Heavy Rain,0,22.2
2024-12-24,Guwahati,47,0.5,44.5,1.5,Fog,0,23.555555555555557
2024-12-25,Guwahati,57,1.0,25.3,7.4,Clear,0,17.8
2024-12-26,Guwahati,87,0.4,21.5,5.1,Cloudy,0,25.0
2024-12-27,Guwahati,97,1.5,29.6,6.5,Cloudy,0,28.8
2024-12-28,Guwahati,85,1.6,7.8,6.5,Cloudy,0,
2024-12-29,Guwahati,60,13.0,20.2,7.2,Heavy Rain,0,26.6
2024-12-30,Guwahati,41,0.5,39.9,8.8,Sunny,0,29.9
2024-12-31,Guwahati,93,2.0,15.0,4.2,Cloudy,0,23.9
2025-01-01,Guwahati,98,0.0,21.6,2.6,Fog,0,22.6
2025-01-02,Guwahati,81,0.1,29.9,4.9,Clear,0,23.0
2025-01-03,Guwahati,85,0.1,41.6,9.8,Sunny,0,19.1
2025-04-01,Guwahati,50,84.7,18.9,8.1,Thunderstorm,1,24.777777777777775
2025-05-01,Guwahati,93,1.4,7.8,5.3,Cloudy,0,18.1
2025-01-06,Guwahati,72,0.2,38.8,10.1,Cloudy,0,23.0
2025-07-01,Guwahati,65,0.9,41.2,9.3,Cloudy,0,23.9
2025-01-08,Guwahati,76,1.5,,8.5,Clear,0,28.4
2025-09-01,Guwahati,94,63.8,31.9,10.8,Heavy Rain,0,21.944444444444443
2025-11-01,Guwahati,32,1.1,43.7,9.4,Clear,0,24.4
2025-12-01,Guwahati,65,1.2,34.9,0.3,Fog,0,23.9
2025-01-13,Guwahati,80,0.3,17.3,10.0,Clear,0,21.5
2025-01-14,Guwahati,33,0.5,24.2,6.5,Cloudy,0,27.3
2025-01-15,Guwahati,88,1.2,22.2,11.4,Cloudy,0,28.4
2025-01-16,Guwahati,38,0.0,43.4,10.8,Clear,0,25.7
2025-01-17,Guwahati,87,99.6,26.1,5.8,Thunderstorm,1,33.0
2025-01-18,Guwahati,33,1.3,19.4,6.2,Sunny,0,28.5
2025-01-19,Guwahati,48,1.7,19.6,5.0,Clear,0,25.6
2025-01-20,Guwahati,  ,0.0,5.0,6.8,Clear,0,24.3
2025-01-21,Guwahati,81,1.5,  ,9.9,Clear,0,26.7
2025-01-22,Guwahati,42,0.6,38.8,1.2,Fog,0,27.8
2025-01-23,Guwahati,64,1.8,32.1,6.9,Clear,0,25.72222222222222
2025-01-24,Guwahati,49,1.5,18.0,6.9,Cloudy,0,28.6
2025-01-25,Guwahati,50,1.0,22.4,11.2,Cloudy,0,28.2
2025-01-26,Guwahati,74,1.3,23.1,5.9,Clear,0,22.0
2025-01-27,Guwahati,43,0.1,24.7,9.2,Clear,0,28.7
2025-01-28,Guwahati,97,1.8,24.5,10.9,Clear,0,36.9
2025-01-29,Guwahati,48,6.3,26.7,8.8,Thunderstorm,1,27.0
2025-01-30,Guwahati,56,54.7,8.0,9.4,Heavy Rain,0,23.9
2025-01-31,Guwahati,83,0.5,8.9,7.1,Clear,0,26.5
2025-02-01,Guwahati,29,1.1,30.1,8.2,Sunny,0,30.7
2025-02-02,Guwahati,38,53.8,12.4,6.4,Rain,1,23.1
2025-02-03,Guwahati,86,1.9,22.4,5.8,Cloudy,0,31.6
2025-04-02,Guwahati,49,1.9,23.0,8.0,Cloudy,0,29.6
2025-05-02,Guwahati,74,0.8,42.1,1.3,Fog,0,28.8
2025-06-02,Guwahati,82,1.0,34.6,9.5,Clear,0,34.5
2025-07-02,Guwahati,49,27.2,43.2,6.1,Rain,0,27.3
2025-02-08,Guwahati,49,63.0,32.3,5.2,Rain,0,24.2
2025-02-09,Guwahati,38,1.0,11.1,10.6,Clear,0,29.6
2025-10-02,Guwahati,95,24.1,30.1,10.2,Rain,1,27.0
2025-02-11,Guwahati,71,20.7,35.7,7.1,Thunderstorm,0,31.1
2025-02-12,Guwahati,71,50.7,38.1,11.9,Thunderstorm,0,31.88888888888889
2025-02-13,Guwahati,  ,0.6,36.2,2.2,Fog,0,24.7
2025-02-14,Guwahati,91,1.4,11.6,7.8,Cloudy,0,23.2
2025-02-15,Guwahati,58,1.4,31.5,5.5,Cloudy,0,26.0
2025-02-16,Guwahati,75,1.5,14.1,7.9,Clear,0,28.9
2025-02-17,Guwahati,46,1.1,19.0,4.3,Clear,0,31.444444444444443
2025-02-18,Guwahati,33,0.7,37.6,6.3,Cloudy,0,27.2
2025-02-19,Guwahati,80,0.6,32.5,10.0,Clear,0,29.8
2025-02-20,Guwahati,49,0.0,43.4,5.7,Cloudy,0,
2025-02-21,Guwahati,85,0.9,44.7,11.4,Sunny,0,33.5
2025-02-22,Guwahati,90,1.6,22.7,6.3,Cloudy,0,33.72222222222222
2025-02-23,Guwahati,,0.6,42.4,11.4,Clear,0,30.8
2025-02-24,Guwahati,48,1.0,27.1,7.6,Clear,0,32.9
2025-02-25,Guwahati,72,106.7,25.5,11.3,Rain,0,
2025-02-26,Guwahati,55,0.7,27.0,5.2,Sunny,0,35.7
2025-02-27,Guwahati,52,1.1,6.8,5.9,Clear,0,28.9
2025-02-28,Guwahati,45,1.5,24.3,10.7,Cloudy,0,27.9
2025-01-03,Guwahati,79,0.5,34.8,7.5,Clear,0,30.9
2025-03-02,Guwahati,75,21.2,43.9,7.2,Thunderstorm,0,30.3
2025-03-03,Guwahati,79,1.8,33.7,9.1,Cloudy,0,37.4
2025-04-03,Guwahati,42,0.1,16.7,4.1,Sunny,0,22.666666666666668
2025-03-05,Guwahati,80,27.3,24.6,7.5,Rain,0,29.1
2025-06-03,Guwahati,62,0.1,44.1,5.8,Clear,0,31.7
2025-07-03,Guwahati,80,0.3,14.6,5.9,Sunny,0,32.5
2025-03-08,Guwahati,73,0.0,8.0,10.2,Sunny,0,26.9
2025-09-03,Guwahati,91,16.1,26.2,6.2,Rain,0,34.0
2025-10-03,Guwahati,63,63.0,34.8,9.4,Thunderstorm,0,32.8
2025-03-11,Guwahati,76,1.7,32.5,6.3,Cloudy,0,32.0
2025-03-12,Guwahati,75,1.9,22.5,7.4,Clear,0,28.5
2025-03-13,Guwahati,42,0.2,3.3,8.1,Clear,0,32.4
2025-03-14,Guwahati,71,2.0,23.6,6.8,Clear,0,32.7
2025-03-15,Guwahati,83,1.8,35.3,8.1,Cloudy,0,31.1
2025-03-16,Guwahati,32,1.8,18.5,6.2,Clear,0,28.8
2025-03-17,Guwahati,49,1.7,23.0,5.9,Cloudy,0,90.3
2025-03-19,Guwahati,82,60.0,23.6,9.9,Rain,1,34.6
2025-03-20,Guwahati,59,0.9,27.5,11.7,Clear,0,33.9
2025-03-21,Guwahati,91,1.4,19.4,6.7,Clear,0,
2025-03-22,Guwahati,67,1.7,9.0,2.4,Fog,0,27.7
2025-03-23,Guwahati,32,1.4,25.3,10.2,Clear,0,32.1
2025-03-24,Guwahati,85,0.1,41.3,4.6,Clear,0,31.7
2025-03-25,Guwahati,70,37.8,31.1,5.5,Rain,1,31.27777777777778
2025-03-26,Guwahati,64,42.3,42.7,4.2,Rain,0,29.1
2025-03-27,Guwahati,93,0.2,20.1,10.3,Cloudy,0,35.8
2025-03-28,Guwahati,52,0.0,35.8,6.2,Clear,0,35.6
2025-03-29,Guwahati,31,1.8,2.8,4.8,Clear,0,30.9
2025-03-30,Guwahati,66,73.0,39.0,11.8,Heavy Rain,0,30.88888888888889
2025-03-31,Guwahati,70,30.7,41.0,11.1,Thunderstorm,0,91.2
2025-01-04,Guwahati,61,1.4,27.9,5.6,Cloudy,0,28.4
2025-02-04,Guwahati,88,0.8,37.1,5.1,Cloudy,0,25.7
2025-03-04,Guwahati,66,75.7,29.0,11.8,Rain,0,30.2
2025-04-04,Guwahati,32,0.8,28.0,5.6,Clear,0,32.7
2025-05-04,Guwahati,41,0.7,19.5,8.0,Cloudy,0,87.0
2025-06-04,Guwahati,79,0.2,41.3,5.8,Clear,0,29.6
2025-07-04,Guwahati,64,0.8,9.3,6.8,Clear,0,33.8
2025-04-08,Guwahati,63,106.1,13.0,9.9,Rain,0,95.1
2025-04-09,Guwahati,96,0.3,7.3,5.7,Clear,0,30.8
2025-04-10,Guwahati,83,65.0,42.9,5.2,Rain,0,29.4
2025-11-04,Guwahati,35,0.7,33.4,2.5,Fog,0,34.6
2025-12-04,Guwahati,,1.0,30.5,6.0,Cloudy,0,32.2
2025-04-13,Guwahati,,1.6,41.5,8.9,Cloudy,0,39.1
2025-04-14,Guwahati,45,108.9,22.1,7.4,Rain,0,34.4
2025-04-15,Guwahati,32,79.5,7.5,8.2,Rain,1,33.1
2025-04-16,Guwahati,54,102.9,14.2,9.8,Rain,0,33.4
2025-04-17,Guwahati,81,1.2,37.4,6.1,Cloudy,0,33.0
2025-04-18,Guwahati,30,0.3,40.2,5.2,Clear,0,36.5
2025-04-19,Guwahati,60,1.9,21.3,8.7,Clear,0,29.4
2025-04-20,Guwahati,47,10.5,18.5,10.2,Thunderstorm,1,33.2
2025-04-21,Guwahati,94,0.1,21.5,7.5,Cloudy,0,29.0
2025-04-22,Guwahati,95,0.2,13.2,7.0,Cloudy,0,28.5
2025-04-23,Guwahati,36,0.3,41.5,11.3,Sunny,0,32.6
2025-04-24,Guwahati,91,0.8,28.8,5.9,Cloudy,0,24.4
2025-04-25,Guwahati,51,2.0,44.0,4.5,Cloudy,0,34.1
2025-04-26,Guwahati,50,77.7,22.5,5.3,Rain,1,32.7
2025-04-27,Guwahati,72,1.8,44.0,7.4,Clear,0,32.4
2025-04-28,Guwahati,86,19.8,32.3,8.8,Rain,0,30.8
2025-04-29,Guwahati,34,1.2,38.1,6.4,Clear,0,33.2
2025-04-30,Guwahati,  ,1.5,2.6,6.6,Clear,0,32.1
2025-05-01,Guwahati,71,15.5,24.2,9.5,Thunderstorm,0,34.4
2025-02-05,Guwahati,95,0.9,32.3,4.8,Clear,0,33.7
2025-05-03,Guwahati,30,0.2,16.1,1.6,Fog,0,25.0
2025-04-05,Guwahati,91,14.3,24.8,11.1,Heavy Rain,1,31.333333333333332
2025-05-05,Guwahati,91,1.1,10.7,7.2,Clear,0,27.22222222222222
2025-06-05,Guwahati,28,29.8,30.6,10.5,Rain,0,27.8
2025-05-07,Guwahati,95,0.6,28.3,8.9,Sunny,0,30.2
2025-05-08,Guwahati,46,1.1,19.0,10.7,Cloudy,0,27.277777777777775
2025-05-09,Guwahati,78,83.8,7.8,4.8,Rain,1,33.0
2025-10-05,Guwahati,46,0.3,30.4,8.0,Clear,0,31.4
2025-11-05,Guwahati,78,1.3,25.9,11.4,Clear,0,
2025-12-05,Guwahati,66,0.6,31.5,4.8,Clear,0,30.9
2025-05-13,Guwahati,60,58.6,15.9,9.9,Rain,0,31.666666666666668
2025-05-14,Guwahati,51,0.6,9.8,8.3,Cloudy,0,31.0
2025-05-15,Guwahati,94,0.3,16.4,8.3,Cloudy,0,29.3
2025-05-16,Guwahati,58,1.4,27.7,7.3,Cloudy,0,28.5
2025-05-17,Guwahati,48,0.4,32.8,7.1,Sunny,0,23.9
2025-05-18,Guwahati,92,102.2,23.0,6.7,Rain,0,25.6
2025-05-19,Guwahati,85,0.0,9.2,8.4,Clear,0,30.6
2025-05-20,Guwahati,96,0.5,33.6,7.6,Clear,0,30.0
2025-05-21,Guwahati,39,0.3,18.0,7.5,Cloudy,0,24.4
2025-05-22,Guwahati,62,0.6,36.3,9.4,Cloudy,0,33.7
2025-05-23,Guwahati,49,71.8,44.1,4.4,Heavy Rain,1,28.0
2025-05-24,Guwahati,54,100.8,12.1,5.3,Rain,0,23.9
2025-05-25,Guwahati,92,0.4,11.2,7.2,Clear,0,24.8
2025-05-26,Guwahati,81,1.8,18.2,8.5,Sunny,0,29.11111111111111
2025-05-27,Guwahati,77,60.6,19.1,6.5,Rain,0,34.5
2025-05-28,Guwahati,30,1.0,13.0,5.9,Cloudy,0,33.611111111111114
2025-05-29,Guwahati,64,1.5,26.9,4.3,Clear,0,27.5
2025-05-30,Guwahati,72,0.9,35.4,4.1,Sunny,0,27.1
2025-05-31,Guwahati,unknown,1.4,37.8,8.8,Cloudy,0,28.944444444444443
2025-06-01,Guwahati,,71.1,7.2,11.1,Rain,0,29.5
2025-02-06,Guwahati,88,0.7,11.5,7.4,Cloudy,0,26.0
2025-03-06,Guwahati,59,50.4,19.9,4.5,Thunderstorm,0,29.2
2025-06-04,Guwahati,29,1.6,26.8,1.1,Fog,0,27.2
2025-06-05,Guwahati,47,1.0,25.5,5.7,Cloudy,0,25.5
2025-06-06,Guwahati,81,1.2,21.5,10.3,Clear,0,32.8
2025-07-06,Guwahati,49,1.9,36.3,4.9,Sunny,0,27.5
2025-08-06,Guwahati,70,0.7,33.8,6.9,Clear,0,30.6
2025-06-09,Guwahati,97,1.5,27.7,8.1,Clear,0,20.9
2025-10-06,Guwahati,64,1.6,26.6,10.8,Sunny,0,27.38888888888889
2025-06-11,Guwahati,47,36.4,36.7,8.7,Rain,0,26.0
2025-12-06,Guwahati,76,40.5,21.8,10.3,Rain,0,23.1
2025-06-13,Guwahati,33,0.8,11.7,9.8,Cloudy,0,75.3
2025-06-14,Guwahati,82,1.5,7.7,1.7,Fog,0,29.8
2025-06-15,Guwahati,75,1.5,27.0,10.1,Cloudy,0,25.5
2025-06-16,Guwahati,96,0.7,20.8,4.7,Clear,0,29.5
2025-06-17,Guwahati,64,61.1,8.6,5.0,Heavy Rain,0,32.611111111111114
2025-06-18,Guwahati,30,97.9,43.0,11.9,Rain,0,24.1
2025-06-19,Guwahati,,0.2,39.4,9.4,Clear,0,28.0
2025-06-20,Guwahati,73,1.0,38.0,8.1,Cloudy,0,23.4
2025-06-21,Guwahati,66,106.8,30.7,8.7,Rain,1,26.1
2025-06-22,Guwahati,43,0.2,29.7,4.9,Cloudy,0,22.2
2025-06-23,Guwahati,59,0.3,39.7,9.8,Clear,0,25.33333333333333
2025-06-25,Guwahati,76,103.7,41.3,5.9,Rain,0,27.5
2025-06-26,Guwahati,62,0.8,40.7,7.0,Cloudy,0,31.0
2025-06-27,Guwahati,82,0.5,37.9,7.1,Cloudy,0,23.3
2025-06-28,Guwahati,94,1.4,41.6,4.2,Cloudy,0,29.6
2025-06-29,Guwahati,80,0.6,17.4,10.4,Sunny,0,22.2
2025-06-30,Guwahati,89,1.2,19.0,8.0,Clear,0,28.1
2025-01-07,Guwahati,91,0.4,19.9,5.3,Clear,0,24.4
2024-01-01,Nagpur,52,0.7,41.0,6.5,Cloudy,0,18.1
2024-01-02,Nagpur,84,0.1,28.6,2.0,Fog,0,23.8
2024-01-03,Nagpur,65,0.9,2.1,10.1,Clear,0,29.2
2024-04-01,Nagpur,43,0.5,23.9,6.9,Clear,0,27.2
2024-01-05,Nagpur,85,1.7,43.4,9.0,Clear,0,20.8
2024-06-01,Nagpur,72,1.2,36.6,8.8,Cloudy,0,21.9
2024-07-01,Nagpur,93,0.3,20.8,11.0,Cloudy,0,23.5
2024-01-08,Nagpur,31,1.2,44.9,0.5,Fog,0,26.7
2024-01-09,Nagpur,48,1.9,38.6,4.8,Sunny,0,25.6
2024-10-01,Nagpur,95,2.0,10.8,1.6,Fog,0,27.9
2024-11-01,Nagpur,43,0.8,5.4,7.2,Cloudy,0,25.2
2024-01-13,Nagpur,49,0.3,4.9,2.5,Fog,0,29.4
2024-01-14,Nagpur,51,1.8,28.8,6.0,Clear,0,24.4
2024-01-15,Nagpur,90,117.3,33.7,9.2,Rain,0,27.9
2024-01-16,Nagpur,83,14.5,42.4,6.2,Heavy Rain,1,23.6
2024-01-17,Nagpur,28,0.0,25.9,9.7,Cloudy,0,32.3
2024-01-18,Nagpur,28,1.1,28.9,11.4,Cloudy,0,20.6
2024-01-19,Nagpur,52,0.6,19.7,7.0,Clear,0,28.6
2024-01-20,Nagpur,30,1.1,27.9,7.8,Clear,0,25.5
2024-01-21,Nagpur,42,52.3,21.1,5.2,Rain,0,33.9
2024-01-22,Nagpur,71,1.3,41.6,4.8,Cloudy,0,28.8
2024-01-23,Nagpur,89,101.3,14.8,11.2,Rain,1,32.3
2024-01-24,Nagpur,51,28.2,12.9,5.5,Heavy Rain,0,22.1
2024-01-25,Nagpur,94,45.8,39.4,7.2,Heavy Rain,0,85.4
2024-01-26,Nagpur,50,59.1,13.1,10.3,Rain,0,29.0
2024-01-27,Nagpur,41,1.3,37.2,7.2,Sunny,0,30.5
2024-01-28,Nagpur,32,0.1,43.2,5.6,Clear,0,28.2
2024-01-29,Nagpur,31,1.2,26.9,3.0,Fog,0,
2024-01-30,Nagpur,65,1.9,24.6,10.6,Clear,0,27.0
2024-01-31,Nagpur,78,46.3,37.9,9.3,Rain,1,26.3
2024-01-02,Nagpur,33,92.9,36.7,11.8,Rain,1,28.4
2024-02-02,Nagpur,65,0.6,6.8,9.6,Clear,0,29.38888888888889
2024-03-02,Nagpur,50,0.0,23.0,11.0,Clear,0,24.8
2024-04-02,Nagpur,43,38.1,8.5,11.4,Heavy Rain,0,28.4
2024-05-02,Nagpur,79,77.7,40.9,6.0,Rain,1,27.8
2024-06-02,Nagpur,37,0.5,34.2,5.8,Clear,0,31.0
2024-02-07,Nagpur,86,77.5,29.7,5.1,Rain,1,33.2
2024-02-08,Nagpur,64,0.7,9.6,11.5,Clear,0,23.833333333333336
2024-09-02,Nagpur,71,96.1,10.8,6.4,Heavy Rain,0,30.61111111111111
2024-10-02,Nagpur,46,67.4,28.7,9.7,Rain,0,26.3
2024-11-02,Nagpur,75,1.8,8.9,9.6,Clear,0,31.0
2024-12-02,Nagpur,79,0.5,35.4,4.0,Cloudy,0,27.8
2024-02-13,Nagpur,37,115.4,37.1,7.5,Rain,1,32.7
2024-02-14,Nagpur,77,0.1,35.4,7.2,Sunny,0,23.9
2024-02-15,Nagpur,,0.5,18.5,10.5,Clear,0,30.833333333333332
2024-02-16,Nagpur,76,1.5,7.0,6.4,Cloudy,0,32.7
2024-02-17,Nagpur,75,1.8,37.4,5.1,Cloudy,0,29.0
2024-02-18,Nagpur,66,1.5,30.6,11.1,Clear,0,32.5
2024-02-19,Nagpur,88,0.3,13.5,4.1,Clear,0,90.6
2024-02-20,Nagpur,53,97.3,36.7,6.5,Heavy Rain,0,29.3
2024-02-21,Nagpur,80,2.0,7.2,0.5,Fog,0,30.2
2024-02-22,Nagpur,42,0.1,32.2,11.0,Cloudy,0,
2024-02-23,Nagpur,72,40.6,28.2,5.2,Rain,0,27.5
2024-02-24,Nagpur,67,105.3,22.0,7.8,Rain,0,37.7
2024-02-25,Nagpur,66,0.2,38.3,7.8,Clear,0,29.6
2024-02-26,Nagpur,53,1.1,26.1,10.2,Sunny,0,34.8
2024-02-27,Nagpur,82,0.8,3.2,10.0,Clear,0,33.2
2024-02-28,Nagpur,50,0.4,11.1,1.6,Fog,0,31.0
2024-02-29,Nagpur,82,1.8,4.2,4.8,Clear,0,30.4
2024-03-01,Nagpur,97,0.2,41.2,9.2,Clear,0,
2024-03-02,Nagpur,31,1.9,39.1,11.5,Cloudy,0,27.4
2024-03-03,Nagpur,40,1.5,24.7,1.1,Fog,0,32.5
2024-04-03,Nagpur,34,37.3,11.6,10.5,Heavy Rain,1,29.0
2024-05-03,Nagpur,57,116.3,6.8,11.6,Rain,1,30.2
2024-03-06,Nagpur,67,108.1,15.8,10.3,Rain,0,32.4
2024-07-03,Nagpur,72,0.9,44.2,7.2,Cloudy,0,29.2
2024-08-03,Nagpur,50,86.7,18.8,7.0,Rain,1,28.1
2024-09-03,Nagpur,,1.6,41.1,0.9,Fog,0,
2024-10-03,Nagpur,43,0.6,9.8,6.7,Sunny,0,27.2
2024-11-03,Nagpur,66,1.6,26.6,11.6,Cloudy,0,32.6
2024-12-03,Nagpur,37,0.1,21.0,10.4,Clear,0,33.8
2024-03-13,Nagpur,97,1.0,10.5,5.7,Cloudy,0,32.2
2024-03-15,Nagpur,88,0.5,44.4,4.1,Clear,0,29.9
2024-03-16,Nagpur,91,1.8,40.9,7.5,Cloudy,0,27.6
2024-03-17,Nagpur,50,0.7,7.0,11.6,Sunny,0,88.9
2024-03-18,Nagpur,76,1.1,  ,10.0,Clear,0,29.8
2024-03-19,Nagpur,36,67.1,11.6,9.9,Rain,0,29.5
2024-03-20,Nagpur,41,0.5,23.0,6.6,Cloudy,0,28.6
2024-03-21,Nagpur,29,51.7,40.2,7.3,Rain,0,34.7
2024-03-22,Nagpur,91,0.3,6.0,4.6,Sunny,0,23.3
2024-03-23,Nagpur,66,75.9,14.9,5.2,Heavy Rain,0,28.9
2024-03-24,Nagpur,39,114.4,33.2,9.2,Thunderstorm,0,37.5
2024-03-25,Nagpur,90,0.8,36.7,4.6,Clear,0,32.7
2024-03-26,Nagpur,75,0.1,36.2,11.5,Clear,0,33.7
2024-03-27,Nagpur,82,0.9,13.2,8.4,Cloudy,0,34.0
2024-03-28,Nagpur,75,2.0,37.0,11.5,Sunny,0,29.0
2024-03-29,Nagpur,55,93.5,13.7,10.9,Rain,0,34.9
2024-03-30,Nagpur,,1.0,8.7,9.0,Sunny,0,25.4
2024-03-31,Nagpur,40,1.5,20.9,11.3,Sunny,0,29.5
2024-01-04,Nagpur,53,0.2,38.9,11.3,Cloudy,0,
2024-02-04,Nagpur,74,9.8,41.5,11.9,Thunderstorm,0,34.3
2024-03-04,Nagpur,97,114.5,8.6,4.9,Rain,0,31.3
2024-04-04,Nagpur,77,0.8,2.8,1.0,Fog,0,32.7
2024-04-05,Nagpur,94,1.4,18.3,5.8,Sunny,0,31.1
2024-06-04,Nagpur,87,1.5,27.0,7.3,Clear,0,26.5
2024-04-07,Nagpur,58,75.0,36.5,9.7,Rain,1,32.1
2024-04-08,Nagpur,96,0.2,5.8,7.8,Clear,0,29.2
2024-09-04,Nagpur,,1.8,17.5,7.2,Clear,0,35.2
2024-04-10,Nagpur,67,2.0,24.4,7.1,Cloudy,0,33.8
2024-04-11,Nagpur,63,1.3,36.9,1.5,Fog,0,27.5
2024-12-04,Nagpur,41,1.4,3.8,10.5,Clear,0,33.1
2024-04-13,Nagpur,65,0.1,30.0,5.1,Clear,0,33.3
2024-04-14,Nagpur,41,110.1,21.9,9.0,Thunderstorm,0,33.3
2024-04-15,Nagpur,59,0.6,5.0,5.7,Clear,0,30.4
2024-04-16,Nagpur,68,0.8,39.3,10.5,Sunny,0,34.2
2024-04-17,Nagpur,85,0.8,7.3,2.5,Fog,0,31.6
2024-04-18,Nagpur,98,0.5,8.8,10.0,Cloudy,0,30.7
2024-04-19,Nagpur,77,75.9,30.3,8.9,Rain,1,27.8
2024-04-20,Nagpur,65,1.4,38.1,8.2,Clear,0,31.5
2024-04-21,Nagpur,62,0.8,2.9,1.8,Fog,0,32.3
2024-04-22,Nagpur,74,1.7,38.7,6.4,Cloudy,0,32.111111111111114
2024-04-23,Nagpur,69,1.2,7.1,9.1,Sunny,0,29.3
2024-04-25,Nagpur,89,1.4,22.2,0.5,Fog,0,36.27777777777778
2024-04-26,Nagpur,38,119.9,35.4,7.2,Rain,0,32.7
2024-04-27,Nagpur,74,0.7,5.7,4.9,Clear,0,28.3
2024-04-28,Nagpur,94,60.4,27.4,7.4,Rain,0,30.2
2024-04-29,Nagpur,44,98.2,15.6,9.8,Rain,0,29.1
2024-04-30,Nagpur,49,18.1,29.8,7.9,Thunderstorm,1,35.8
2024-01-05,Nagpur,52,34.0,22.4,6.6,Rain,0,30.8
2024-02-05,Nagpur,44,1.1,32.8,11.0,Cloudy,0,
2024-03-05,Nagpur,49,64.8,24.2,9.9,Heavy Rain,0,27.7
2024-05-04,Nagpur,30,65.4,43.4,8.3,Heavy Rain,0,30.8
2024-05-05,Nagpur,32,1.9,44.6,11.5,Cloudy,0,29.9
2024-05-06,Nagpur,45,32.2,22.0,10.2,Thunderstorm,0,34.0
2024-07-05,Nagpur,91,1.7,24.7,8.0,Clear,0,27.4
2024-05-08,Nagpur,93,0.5,28.9,8.6,Clear,0,32.1
2024-05-09,Nagpur,36,1.8,13.3,11.5,Clear,0,
2024-10-05,Nagpur,38,91.2,6.0,11.1,Rain,1,29.8
2024-05-11,Nagpur,62,1.2,31.4,4.3,Clear,0,27.333333333333332
2024-12-05,Nagpur,41,49.0,25.5,4.2,Rain,0,27.9
2024-05-13,Nagpur,43,0.3,33.5,4.6,Clear,0,31.5
2024-05-14,Nagpur,48,0.6,18.8,4.2,Clear,0,34.2
2024-05-15,Nagpur,89,34.8,19.0,10.7,Heavy Rain,0,36.9
2024-05-16,Nagpur,69,39.4,27.6,4.1,Rain,1,32.4
2024-05-17,Nagpur,70,12.9,23.8,5.8,Rain,0,32.4
2024-05-18,Nagpur,37,68.6,39.3,11.4,Rain,0,31.3
2024-05-19,Nagpur,84,67.9,16.2,8.1,Rain,0,30.9
2024-05-20,Nagpur,69,0.2,12.5,7.8,Clear,0,
2024-05-21,Nagpur,55,1.8,31.5,1.7,Fog,0,28.0
2024-05-22,Nagpur,90,81.6,41.2,9.8,Rain,0,30.0
2024-05-23,Nagpur,80,58.9,17.6,5.1,Rain,0,31.9
2024-05-24,Nagpur,,0.3,32.1,4.9,Clear,0,30.8
2024-05-25,Nagpur,45,54.5,7.2,11.7,Thunderstorm,0,25.5
2024-05-26,Nagpur,93,1.4,27.0,11.0,Cloudy,0,26.3
2024-05-27,Nagpur,61,46.1,14.6,8.3,Rain,1,30.4
2024-05-28,Nagpur,33,1.4,8.0,6.8,Sunny,0,30.833333333333332
2024-05-29,Nagpur,48,1.2,22.4,4.2,Clear,0,27.5
2024-05-30,Nagpur,33,13.1,5.1,5.4,Rain,0,29.5
2024-05-31,Nagpur,87,0.2,21.8,10.9,Cloudy,0,29.3
2024-01-06,Nagpur,45,39.1,11.6,7.8,Rain,0,24.0
2024-06-02,Nagpur,51,1.4,15.3,5.3,Sunny,0,22.1
2024-06-03,Nagpur,33,36.9,29.1,11.0,Rain,0,32.1
2024-04-06,Nagpur,37,1.5,32.9,7.4,Cloudy,0,28.3
2024-05-06,Nagpur,64,1.3,42.7,10.1,Cloudy,0,25.055555555555554
2024-06-06,Nagpur,36,0.6,35.3,9.7,Cloudy,0,27.2
2024-07-06,Nagpur,69,67.3,23.7,11.0,Rain,0,25.6
2024-06-08,Nagpur,55,0.6,35.5,7.1,Clear,0,27.88888888888889
2024-06-09,Nagpur,62,103.6,14.9,4.0,Rain,0,27.5
2024-10-06,Nagpur,86,1.5,5.9,11.5,Clear,0,27.2
2024-06-11,Nagpur,-,0.3,42.5,5.7,Cloudy,0,22.6
2024-12-06,Nagpur,52,1.7,23.1,9.2,Clear,0,30.6
2024-06-13,Nagpur,93,0.5,25.0,9.4,Clear,0,24.4
2024-06-14,Nagpur,55,1.3,34.7,11.9,Clear,0,25.9
2024-06-15,Nagpur,31,1.2,20.9,9.4,Clear,0,24.8
2024-06-16,Nagpur,65,10.5,39.8,10.1,Rain,0,30.1
2024-06-18,Nagpur,33,1.2,14.5,10.5,Sunny,0,27.4
2024-06-19,Nagpur,56,1.4,8.5,2.9,Fog,0,24.2
2024-06-20,Nagpur,49,1.7,28.7,2.1,Fog,0,26.0
2024-06-21,Nagpur,47,0.3,15.5,11.5,Clear,0,21.3
2024-06-22,Nagpur,73,1.9,19.5,5.3,Cloudy,0,30.4
2024-06-23,Nagpur,36,15.5,40.5,8.7,Rain,0,22.9
2024-06-24,Nagpur,92,0.9,38.8,11.8,Sunny,0,29.3
2024-06-25,Nagpur,83,1.1,30.8,10.8,Clear,0,25.7
2024-06-26,Nagpur,40,1.5,5.0,5.5,Clear,0,25.5
2024-06-27,Nagpur,59,35.7,16.7,9.7,Heavy Rain,0,20.0
2024-06-28,Nagpur,39,0.6,23.6,9.2,Cloudy,0,23.4
2024-06-29,Nagpur,42,1.1,24.0,9.3,Clear,0,22.2
2024-06-30,Nagpur,75,0.6,41.3,11.7,Clear,0,27.0
2024-07-01,Nagpur,40,63.9,2.9,6.0,Thunderstorm,0,21.0
2024-02-07,Nagpur,34,0.9,16.5,4.3,Clear,0,22.5
2024-03-07,Nagpur,97,1.6,23.7,0.4,Fog,0,24.7
2024-04-07,Nagpur,74,114.2,31.8,10.2,Thunderstorm,0,21.6
2024-07-05,Nagpur,80,1.7,27.5,7.9,Clear,0,25.4
2024-07-06,Nagpur,51,69.2,17.6,5.8,Rain,0,19.0
2024-07-07,Nagpur,58,80.5,5.9,5.5,Rain,1,22.9
2024-07-08,Nagpur,45,1.7,43.2,6.5,Cloudy,0,33.5
2024-07-09,Nagpur,74,1.5,24.8,8.0,Clear,0,20.0
2024-10-07,Nagpur,76,0.7,8.2,4.5,Cloudy,0,23.3
2024-07-11,Nagpur,41,69.3,14.2,4.1,Rain,0,19.0
2024-07-13,Nagpur,58,104.5,11.9,8.1,Rain,0,18.72222222222222
2024-07-14,Nagpur,63,97.1,5.8,11.8,Thunderstorm,1,23.8
2024-07-15,Nagpur,37,104.4,35.9,7.1,Rain,0,20.2
2024-07-16,Nagpur,67,0.5,13.9,11.7,Cloudy,0,18.5
2024-07-17,Nagpur,89,1.0,10.1,5.5,Sunny,0,24.3
2024-07-18,Nagpur,unknown,1.4,9.5,11.5,Clear,0,20.4
2024-07-19,Nagpur,50,1.9,16.7,11.4,Cloudy,0,22.9
2024-07-20,Nagpur,92,51.0,25.7,4.5,Heavy Rain,1,20.5
2024-07-21,Nagpur,82,1.1,11.6,1.5,Fog,0,22.3
2024-07-22,Nagpur,84,0.2,16.4,11.6,Cloudy,0,21.8
2024-07-23,Nagpur,40,90.2,  ,7.3,Thunderstorm,0,17.8
2024-07-24,Nagpur,50,1.6,39.6,9.9,Clear,0,
2024-07-25,Nagpur,76,109.5,7.2,8.9,Rain,0,21.7
2024-07-26,Nagpur,74,0.4,36.0,9.6,Sunny,0,23.2
2024-07-27,Nagpur,35,1.8,31.8,7.4,Clear,0,20.1
2024-07-28,Nagpur,60,1.7,20.0,7.5,Cloudy,0,20.9
2024-07-29,Nagpur,75,35.7,31.4,10.6,Rain,0,19.7
2024-07-30,Nagpur,35,75.2,24.9,10.2,Rain,0,18.5
2024-07-31,Nagpur,  ,49.5,13.9,11.1,Heavy Rain,0,22.9
2024-08-01,Nagpur,68,1.0,9.6,6.9,Cloudy,0,24.3
2024-02-08,Nagpur,37,0.4,39.3,6.3,Clear,0,19.8
2024-03-08,Nagpur,83,97.2,3.7,8.3,Thunderstorm,1,22.7
2024-08-04,Nagpur,98,1.4,35.7,4.8,Sunny,0,75.5
2024-05-08,Nagpur,31,1.6,10.2,11.2,Clear,0,16.0
2024-08-06,Nagpur,43,1.2,44.2,8.4,Cloudy,0,15.1
2024-08-07,Nagpur,53,0.6,42.7,11.5,Clear,0,16.22222222222222
2024-08-08,Nagpur,66,1.4,44.3,6.6,Sunny,0,17.8
2024-09-08,Nagpur,65,5.1,35.1,8.8,Thunderstorm,0,15.61111111111111
2024-08-10,Nagpur,30,0.2,3.9,6.6,Sunny,0,15.4
2024-11-08,Nagpur,46,1.6,27.2,5.1,Clear,0,20.4
2024-08-12,Nagpur,61,24.6,6.7,4.7,Rain,0,20.2
2024-08-13,Nagpur,71,15.5,5.1,6.3,Heavy Rain,0,16.3
2024-08-14,Nagpur,88,16.5,25.3,5.9,Rain,1,17.6
2024-08-15,Nagpur,71,0.6,20.8,6.6,Cloudy,0,17.1
2024-08-16,Nagpur,58,1.9,29.0,12.0,Clear,0,20.2
2024-08-17,Nagpur,79,1.5,43.0,8.6,Clear,0,
2024-08-18,Nagpur,86,63.4,10.9,4.4,Thunderstorm,0,15.7
2024-08-20,Nagpur,34,0.1,19.3,8.0,Cloudy,0,12.7
2024-08-21,Nagpur,28,0.3,15.0,11.1,Clear,0,23.8
2024-08-22,Nagpur,41,1.6,44.1,10.1,Clear,0,15.3
2024-08-23,Nagpur,50,1.8,22.2,5.3,Clear,0,21.9
2024-08-24,Nagpur,58,47.2,6.6,8.2,Heavy Rain,0,22.6
2024-08-25,Nagpur,46,1.2,17.3,7.9,Cloudy,0,14.8
2024-08-26,Nagpur,88,1.0,,11.6,Cloudy,0,15.1
2024-08-27,Nagpur,71,1.8,20.0,1.8,Fog,0,16.8
2024-08-28,Nagpur,83,72.3,43.7,8.5,Rain,0,62.1
2024-08-29,Nagpur,47,21.7,38.9,8.6,Rain,0,15.4
2024-08-30,Nagpur,54,0.8,18.3,8.6,Cloudy,0,13.333333333333334
2024-08-31,Nagpur,33,42.8,24.2,6.2,Thunderstorm,1,16.3
2024-09-01,Nagpur,59,1.4,,10.4,Clear,0,16.0
2024-02-09,Nagpur,79,1.2,11.7,2.4,Fog,0,22.7
2024-09-03,Nagpur,57,0.9,4.6,9.6,Clear,0,15.1
2024-04-09,Nagpur,51,1.4,32.0,9.8,Clear,0,16.1
2024-09-05,Nagpur,91,57.3,12.0,5.6,Thunderstorm,0,13.2
2024-06-09,Nagpur,55,41.5,28.1,5.8,Rain,1,14.3
2024-09-07,Nagpur,55,21.0,10.3,5.7,Heavy Rain,0,17.055555555555557
2024-08-09,Nagpur,98,1.3,-,6.0,Cloudy,0,18.7
2024-09-09,Nagpur,71,1.9,14.6,11.7,Clear,0,14.7
2024-10-09,Nagpur,,0.7,16.9,9.7,Sunny,0,15.0
2024-11-09,Nagpur,80,0.6,21.5,10.1,Clear,0,14.1
2024-12-09,Nagpur,80,0.5,5.8,5.7,Clear,0,
2024-09-13,Nagpur,30,0.1,4.0,6.4,Clear,0,19.0
2024-09-14,Nagpur,53,41.0,8.0,4.3,Rain,0,15.7
2024-09-15,Nagpur,31,104.1,38.3,4.5,Rain,0,8.8
2024-09-16,Nagpur,92,12.9,41.4,4.5,Rain,0,13.6
2024-09-17,Nagpur,50,1.5,20.1,10.0,Cloudy,0,13.0
2024-09-18,Nagpur,71,27.1,36.5,5.7,Rain,0,18.7
2024-09-19,Nagpur,44,25.1,40.8,8.4,Rain,0,16.9
2024-09-20,Nagpur,53,0.7,30.7,10.9,Clear,0,67.9
2024-09-21,Nagpur,31,1.2,25.5,5.5,Cloudy,0,18.444444444444443
2024-09-22,Nagpur,93,0.3,27.0,9.1,Sunny,0,15.166666666666666
2024-09-23,Nagpur,34,117.4,15.7,4.1,Rain,1,13.6
2024-09-24,Nagpur,57,74.2,44.1,7.1,Heavy Rain,1,
2024-09-25,Nagpur,62,0.6,8.3,10.7,Clear,0,19.0
2024-09-26,Nagpur,94,0.1,18.8,2.6,Fog,0,15.6
2024-09-27,Nagpur,96,1.5,16.7,10.6,Clear,0,12.8
2024-09-28,Nagpur,89,1.1,30.8,9.5,Sunny,0,13.4
2024-09-29,Nagpur,79,1.3,35.9,10.6,Sunny,0,12.7
2024-09-30,Nagpur,59,17.2,26.9,6.2,Thunderstorm,1,17.7
2024-01-10,Nagpur,77,0.9,25.6,7.3,Clear,0,67.6
2024-10-02,Nagpur,52,1.5,42.5,2.8,Fog,0,15.0
2024-10-03,Nagpur,46,1.5,32.4,8.3,Cloudy,0,18.3
2024-10-04,Nagpur,34,29.5,26.6,11.2,Rain,1,17.9
2024-05-10,Nagpur,55,58.3,17.7,10.1,Rain,0,14.6
2024-10-06,Nagpur,47,67.2,13.1,6.7,Heavy Rain,1,19.3
2024-07-10,Nagpur,91,0.9,7.8,10.0,Clear,0,12.1
2024-10-08,Nagpur,69,41.6,15.8,8.6,Thunderstorm,0,17.555555555555557
2024-10-09,Nagpur,45,1.5,30.1,7.3,Cloudy,0,16.0
2024-10-10,Nagpur,97,1.4,37.4,12.0,Clear,0,23.0
2024-11-10,Nagpur,94,0.4,34.8,10.0,Clear,0,14.2
2024-10-12,Nagpur,73,78.5,34.1,5.2,Rain,0,15.0
2024-10-13,Nagpur,81,104.8,34.3,6.4,Rain,0,17.1
2024-10-14,Nagpur,,1.7,26.9,10.7,Clear,0,11.055555555555555
2024-10-15,Nagpur,45,1.4,25.3,5.8,Cloudy,0,18.555555555555557
2024-10-16,Nagpur,69,0.4,43.8,10.4,Clear,0,14.7
2024-10-17,Nagpur,72,0.6,35.5,10.0,Cloudy,0,11.7
2024-10-18,Nagpur,48,0.3,27.8,7.6,Cloudy,0,20.1
2024-10-19,Nagpur,62,51.0,24.4,9.3,Heavy Rain,1,15.1
2024-10-20,Nagpur,59,55.3,5.8,10.0,Heavy Rain,1,14.5
2024-10-21,Nagpur,95,1.3,16.0,9.9,Cloudy,0,22.4
2024-10-22,Nagpur,77,0.2,38.5,9.6,Clear,0,18.4
2024-10-23,Nagpur,58,0.4,35.5,11.9,Cloudy,0,16.27777777777778
2024-10-24,Nagpur,77,2.0,10.2,4.3,Cloudy,0,18.6
2024-10-25,Nagpur,78,43.5,31.2,4.3,Rain,1,15.0
2024-10-26,Nagpur,75,0.8,4.2,5.1,Clear,0,14.6
2024-10-27,Nagpur,67,0.7,6.0,1.7,Fog,0,14.9
2024-10-28,Nagpur,53,0.6,31.2,11.6,Cloudy,0,17.1
2024-10-29,Nagpur,31,25.4,,5.9,Rain,0,11.9
2024-10-30,Nagpur,95,18.6,27.3,5.9,Heavy Rain,1,18.7
2024-10-31,Nagpur,86,0.4,9.7,11.1,Cloudy,0,18.6
2024-11-01,Nagpur,93,0.9,5.0,5.1,Clear,0,16.1
2024-02-11,Nagpur,72,0.7,17.4,9.6,Clear,0,13.9
2024-03-11,Nagpur,62,42.0,5.0,7.8,Rain,0,15.4
2024-04-11,Nagpur,83,62.5,36.2,11.5,Rain,1,12.833333333333334
2024-05-11,Nagpur,36,1.9,28.8,5.9,Cloudy,0,11.5
2024-06-11,Nagpur,31,1.3,38.0,8.2,Clear,0,15.1
2024-07-11,Nagpur,53,2.0,39.5,11.3,Clear,0,20.2
2024-08-11,Nagpur,40,63.1,28.2,10.7,Rain,0,17.3
2024-11-09,Nagpur,44,39.8,31.6,7.5,Thunderstorm,0,17.77777777777778
2024-10-11,Nagpur,80,1.6,30.2,10.3,Clear,0,13.6
2024-11-11,Nagpur,57,0.1,15.7,7.8,Clear,0,13.0
2024-11-12,Nagpur,44,70.9,19.4,11.0,Rain,1,19.9
2024-11-13,Nagpur,63,0.3,42.9,10.5,Clear,0,14.0
2024-11-14,Nagpur,  ,25.4,4.0,9.8,Rain,1,19.9
2024-11-15,Nagpur,31,0.1,41.4,6.8,Clear,0,13.0
2024-11-16,Nagpur,73,0.3,19.1,9.7,Sunny,0,22.3
2024-11-17,Nagpur,-,1.7,15.1,0.7,Fog,0,21.1
2024-11-18,Nagpur,32,1.9,2.0,5.8,Clear,0,16.4
2024-11-19,Nagpur,97,1.3,43.7,8.8,Clear,0,22.0
2024-11-20,Nagpur,79,0.0,38.7,11.1,Cloudy,0,23.3
2024-11-21,Nagpur,31,0.2,24.0,10.0,Sunny,0,20.0
2024-11-22,Nagpur,48,67.5,19.4,9.1,Rain,0,18.277777777777782
2024-11-23,Nagpur,95,36.9,41.1,5.4,Rain,0,18.2
2024-11-24,Nagpur,98,1.9,6.7,4.7,Cloudy,0,22.1
2024-11-25,Nagpur,80,0.1,36.0,8.9,Cloudy,0,16.88888888888889
2024-11-26,Nagpur,43,0.5,2.7,6.8,Sunny,0,20.9
2024-11-28,Nagpur,68,43.7,42.1,7.2,Heavy Rain,0,21.9
2024-11-29,Nagpur,86,0.5,35.8,11.4,Cloudy,0,22.1
2024-11-30,Nagpur,35,1.3,24.0,9.7,Clear,0,21.8
2024-01-12,Nagpur,unknown,0.0,34.5,2.0,Fog,0,19.8
2024-12-02,Nagpur,34,1.4,44.6,7.9,Clear,0,12.944444444444443
2024-12-03,Nagpur,,0.6,12.0,8.8,Clear,0,22.1
2024-04-12,Nagpur,55,1.3,9.5,9.8,Clear,0,16.8
2024-05-12,Nagpur,55,1.5,4.6,10.2,Sunny,0,20.8
2024-12-06,Nagpur,72,0.6,12.3,5.9,Sunny,0,23.5
2024-12-07,Nagpur,94,82.0,  ,6.3,Thunderstorm,0,22.944444444444443
2024-12-08,Nagpur,82,0.8,5.7,2.1,Fog,0,20.777777777777782
2024-09-12,Nagpur,78,1.5,40.8,5.0,Cloudy,0,20.4
2024-10-12,Nagpur,74,0.3,29.8,9.4,Cloudy,0,27.3
2024-12-11,Nagpur,81,36.3,35.8,11.7,Rain,0,21.0
2024-12-12,Nagpur,53,0.8,6.6,9.6,Cloudy,0,
2024-12-13,Nagpur,64,1.9,33.0,11.1,Clear,0,22.1
2024-12-14,Nagpur,unknown,108.2,21.2,5.7,Thunderstorm,0,26.2
2024-12-15,Nagpur,61,2.0,6.8,10.0,Cloudy,0,22.8
2024-12-16,Nagpur,98,46.3,12.6,10.3,Thunderstorm,1,25.7
2024-12-17,Nagpur,96,1.1,17.2,8.8,Clear,0,21.6
2024-12-18,Nagpur,86,1.7,15.8,9.7,Clear,0,20.4
2024-12-19,Nagpur,33,1.8,29.4,11.5,Clear,0,21.3
2024-12-20,Nagpur,34,1.5,31.2,8.4,Cloudy,0,
2024-12-21,Nagpur,40,1.8,19.7,4.7,Clear,0,24.9
2024-12-22,Nagpur,32,1.3,37.2,6.3,Clear,0,16.7
2024-12-23,Nagpur,37,0.8,18.4,4.5,Cloudy,0,23.9
2024-12-24,Nagpur,46,1.3,4.6,7.4,Sunny,0,18.4
2024-12-25,Nagpur,51,1.1,14.4,9.1,Cloudy,0,19.2
2024-12-26,Nagpur,74,1.4,18.4,11.6,Clear,0,26.0
2024-12-28,Nagpur,64,1.5,37.0,10.7,Clear,0,23.77777777777778
2024-12-29,Nagpur,85,1.5,19.7,4.4,Clear,0,17.0
2024-12-30,Nagpur,86,0.8,36.1,9.2,Clear,0,25.5
2024-12-31,Nagpur,86,1.7,18.1,7.1,Clear,0,23.1
2025-01-01,Nagpur,52,0.6,35.0,9.8,Cloudy,0,78.7
2025-02-01,Nagpur,69,1.3,7.1,4.7,Clear,0,20.2
2025-03-01,Nagpur,96,0.4,33.0,8.4,Sunny,0,25.2
2025-04-01,Nagpur,52,12.4,8.5,8.1,Heavy Rain,0,22.1
2025-05-01,Nagpur,35,1.1,39.7,10.4,Sunny,0,27.9
2025-06-01,Nagpur,77,0.7,8.2,8.5,Clear,0,29.4
2025-01-07,Nagpur,36,1.8,11.3,6.7,Cloudy,0,28.1
2025-08-01,Nagpur,91,34.9,14.4,10.7,Rain,0,23.4
2025-01-09,Nagpur,85,15.4,34.5,11.9,Rain,0,27.4
2025-10-01,Nagpur,-,77.0,-,9.9,Rain,0,25.4
2025-11-01,Nagpur,28,1.7,27.5,5.3,Sunny,0,19.2
2025-01-12,Nagpur,34,0.9,33.7,5.2,Cloudy,0,21.5
2025-01-13,Nagpur,90,1.6,31.6,5.5,Clear,0,72.3
2025-01-14,Nagpur,86,96.8,15.6,10.4,Rain,0,30.9
2025-01-15,Nagpur,73,0.6,28.3,10.8,Clear,0,28.7
2025-01-16,Nagpur,43,0.5,35.2,9.8,Sunny,0,26.888888888888893
2025-01-17,Nagpur,72,1.7,unknown,6.5,Cloudy,0,28.9
2025-01-18,Nagpur,52,100.2,40.3,7.1,Thunderstorm,0,25.2
2025-01-19,Nagpur,46,0.9,27.4,8.1,Cloudy,0,23.7
2025-01-20,Nagpur,74,0.5,8.9,11.1,Clear,0,26.3
2025-01-21,Nagpur,86,24.2,28.4,5.2,Rain,1,27.2
2025-01-22,Nagpur,88,0.6,24.1,9.6,Cloudy,0,
2025-01-23,Nagpur,55,1.4,14.4,6.0,Clear,0,24.0
2025-01-24,Nagpur,40,1.7,11.1,6.8,Cloudy,0,29.1
2025-01-25,Nagpur,51,1.7,17.8,11.3,Cloudy,0,25.3
2025-01-26,Nagpur,34,0.1,10.8,11.2,Cloudy,0,27.4
2025-01-27,Nagpur,59,1.1,44.3,6.2,Clear,0,25.8
2025-01-28,Nagpur,35,78.0,24.2,6.2,Rain,0,26.7
2025-01-29,Nagpur,74,7.5,12.0,11.9,Thunderstorm,0,29.3
2025-01-30,Nagpur,47,1.2,10.9,8.3,Cloudy,0,28.5
2025-01-31,Nagpur,66,8.7,13.7,5.8,Rain,0,34.8
2025-02-01,Nagpur,79,1.6,34.4,9.9,Cloudy,0,31.3
2025-02-02,Nagpur,36,1.0,10.3,7.4,Clear,0,23.2
2025-02-03,Nagpur,86,24.7,17.6,5.1,Heavy Rain,0,28.000000000000004
2025-04-02,Nagpur,29,0.9,17.9,9.4,Cloudy,0,27.6
2025-05-02,Nagpur,41,0.7,21.0,6.9,Clear,0,31.3
2025-06-02,Nagpur,52,57.6,6.4,8.8,Heavy Rain,0,25.4
2025-02-07,Nagpur,48,0.3,34.9,6.3,Clear,0,28.5
2025-02-08,Nagpur,81,20.0,6.0,4.6,Heavy Rain,0,24.3
2025-09-02,Nagpur,86,1.9,25.5,6.1,Sunny,0,28.0
2025-02-10,Nagpur,46,79.6,2.2,5.3,Rain,0,33.8
2025-02-11,Nagpur,79,16.3,41.2,6.5,Rain,1,30.6
2025-02-12,Nagpur,32,1.2,5.4,8.1,Clear,0,22.9
2025-02-13,Nagpur,59,11.5,3.5,8.1,Rain,1,31.7
2025-02-14,Nagpur,65,1.3,30.3,8.8,Cloudy,0,26.333333333333336
2025-02-15,Nagpur,94,1.2,30.7,7.8,Sunny,0,30.9
2025-02-16,Nagpur,76,0.8,13.6,7.4,Cloudy,0,25.0
2025-02-17,Nagpur,-,1.9,17.8,9.1,Clear,0,30.6
2025-02-18,Nagpur,75,33.4,4.4,11.1,Rain,0,28.5
2025-02-19,Nagpur,93,1.6,2.9,4.1,Cloudy,0,28.0
2025-02-20,Nagpur,83,1.4,39.4,5.3,Clear,0,33.2
2025-02-22,Nagpur,71,1.9,38.1,1.6,Fog,0,31.833333333333332
2025-02-23,Nagpur,,0.9,39.8,9.8,Clear,0,33.3
2025-02-24,Nagpur,94,1.5,34.4,6.8,Clear,0,28.4
2025-02-25,Nagpur,58,1.8,24.8,6.0,Clear,0,28.2
2025-02-26,Nagpur,59,0.6,14.0,6.5,Clear,0,30.0
2025-02-27,Nagpur,73,55.0,29.0,11.1,Rain,0,30.333333333333332
2025-02-28,Nagpur,84,94.4,30.5,11.7,Rain,0,31.1
2025-01-03,Nagpur,39,1.3,4.1,5.5,Sunny,0,27.4
2025-02-03,Nagpur,83,1.4,unknown,7.4,Clear,0,25.9
2025-03-03,Nagpur,-,98.0,33.5,10.0,Thunderstorm,0,30.3
2025-04-03,Nagpur,85,1.4,,4.5,Clear,0,33.666666666666664
2025-03-05,Nagpur,72,2.0,18.8,8.7,Clear,0,31.8
2025-06-03,Nagpur,45,1.9,3.7,7.5,Clear,0,85.2
2025-03-07,Nagpur,87,1.2,33.6,8.0,Sunny,0,32.6
2025-03-08,Nagpur,67,0.1,40.9,4.3,Clear,0,29.6
2025-03-09,Nagpur,unknown,38.6,39.5,5.4,Rain,0,27.3
2025-10-03,Nagpur,75,103.9,33.7,7.4,Rain,0,29.5
2025-03-11,Nagpur,98,0.4,44.8,8.0,Cloudy,0,27.9
2025-12-03,Nagpur,69,20.3,32.4,8.2,Rain,1,
2025-03-13,Nagpur,29,0.4,32.7,10.2,Cloudy,0,34.5
2025-03-14,Nagpur,44,96.5,15.7,5.9,Heavy Rain,1,27.0
2025-03-15,Nagpur,69,0.8,38.5,2.0,Fog,0,28.7
2025-03-16,Nagpur,81,111.2,35.4,11.4,Thunderstorm,1,29.3
2025-03-17,Nagpur,84,0.4,25.6,10.0,Cloudy,0,27.8
2025-03-18,Nagpur,44,1.9,27.1,1.6,Fog,0,92.3
2025-03-19,Nagpur,92,0.1,13.2,11.9,Clear,0,35.1
2025-03-20,Nagpur,46,1.0,17.1,6.2,Cloudy,0,30.2
2025-03-21,Nagpur,71,105.8,2.3,8.0,Heavy Rain,0,32.2
2025-03-22,Nagpur,36,41.2,10.0,6.6,Heavy Rain,0,36.3
2025-03-23,Nagpur,82,1.1,10.0,7.8,Sunny,0,31.4
2025-03-24,Nagpur,94,1.3,24.1,11.7,Sunny,0,28.3
2025-03-25,Nagpur,88,65.6,2.8,9.5,Rain,1,31.6
2025-03-26,Nagpur,42,2.0,26.9,10.9,Cloudy,0,26.2
2025-03-27,Nagpur,56,64.7,43.5,7.9,Rain,0,30.61111111111111
2025-03-28,Nagpur,68,1.1,35.3,10.5,Clear,0,29.0
2025-03-29,Nagpur,70,0.5,35.3,9.9,Cloudy,0,26.4
2025-03-30,Nagpur,39,0.8,13.2,11.3,Clear,0,34.8
2025-03-31,Nagpur,,2.0,41.6,9.2,Clear,0,37.6
2025-01-04,Nagpur,67,0.4,11.7,8.0,Cloudy,0,85.3
2025-02-04,Nagpur,74,1.7,12.6,10.1,Clear,0,29.0
2025-04-03,Nagpur,95,1.1,10.1,6.9,Clear,0,32.3
2025-04-04,Nagpur,77,1.7,25.8,7.0,Clear,0,29.8
2025-05-04,Nagpur,36,65.6,4.0,9.0,Rain,0,33.9
2025-04-06,Nagpur,32,0.4,37.8,4.2,Clear,0,27.6
2025-04-07,Nagpur,37,0.3,26.4,7.2,Sunny,0,31.9
2025-04-08,Nagpur,87,1.6,5.9,4.2,Cloudy,0,31.5
2025-04-09,Nagpur,95,47.9,32.3,7.0,Heavy Rain,0,30.5
2025-04-10,Nagpur,58,115.6,5.5,6.5,Rain,1,33.5
2025-04-11,Nagpur,52,1.5,42.1,6.9,Cloudy,0,25.1
2025-04-12,Nagpur,54,71.4,36.0,10.2,Heavy Rain,0,32.166666666666664
2025-04-13,Nagpur,98,0.5,33.6,7.0,Sunny,0,38.4
2025-04-14,Nagpur,52,1.3,2.1,8.2,Sunny,0,31.3
2025-04-15,Nagpur,98,46.2,15.0,6.4,Rain,0,28.6
2025-04-16,Nagpur,33,1.9,14.1,11.2,Cloudy,0,36.0
2025-04-17,Nagpur,32,13.6,25.1,5.7,Rain,0,33.9
2025-04-18,Nagpur,65,0.6,13.7,5.5,Clear,0,32.22222222222222
2025-04-19,Nagpur,68,58.8,30.6,9.7,Rain,0,24.555555555555557
2025-04-20,Nagpur,90,0.1,29.9,4.1,Clear,0,27.5
2025-04-21,Nagpur,43,0.5,11.1,2.1,Fog,0,26.888888888888893
2025-04-22,Nagpur,52,1.8,27.9,8.8,Cloudy,0,31.4
2025-04-23,Nagpur,33,2.0,31.6,6.4,Cloudy,0,33.4
2025-04-24,Nagpur,81,44.9,6.2,9.8,Rain,0,32.6
2025-04-25,Nagpur,89,1.5,28.6,7.2,Clear,0,32.3
2025-04-26,Nagpur,84,0.6,13.3,5.0,Sunny,0,28.0
2025-04-27,Nagpur,94,1.9,7.3,7.2,Clear,0,34.0
2025-04-28,Nagpur,73,1.5,10.1,8.3,Clear,0,32.8
2025-04-29,Nagpur,51,1.5,44.5,4.6,Clear,0,
2025-04-30,Nagpur,97,117.5,27.5,9.2,Rain,0,26.9
2025-05-01,Nagpur,48,34.1,22.4,7.6,Thunderstorm,1,29.9
2025-05-02,Nagpur,62,1.3,,9.9,Cloudy,0,27.0
2025-05-03,Nagpur,81,0.3,40.9,9.6,Clear,0,33.6
2025-05-04,Nagpur,-,0.9,16.2,5.0,Sunny,0,29.944444444444443
2025-05-05,Nagpur,29,1.0,9.3,7.1,Cloudy,0,27.4
2025-05-06,Nagpur,73,0.5,8.7,11.0,Cloudy,0,32.2
2025-05-07,Nagpur,63,0.4,8.3,4.5,Cloudy,0,33.8
2025-05-08,Nagpur,78,1.7,21.7,9.9,Clear,0,29.4
2025-09-05,Nagpur,41,0.3,38.1,2.5,Fog,0,31.0
2025-10-05,Nagpur,45,1.7,19.2,6.4,Clear,0,31.6
2025-11-05,Nagpur,84,64.1,3.2,9.8,Rain,0,27.7
2025-05-12,Nagpur,71,1.8,2.3,6.6,Cloudy,0,30.1
2025-05-13,Nagpur,51,0.3,36.3,8.3,Clear,0,28.6
2025-05-14,Nagpur,86,1.0,30.9,11.5,Cloudy,0,29.3
2025-05-15,Nagpur,83,8.2,6.5,7.2,Thunderstorm,1,93.8
2025-05-16,Nagpur,83,103.0,42.9,9.6,Rain,1,
2025-05-17,Nagpur,62,0.7,42.3,5.9,Sunny,0,28.0
2025-05-18,Nagpur,30,72.7,37.4,11.9,Heavy Rain,0,29.9
2025-05-19,Nagpur,88,101.6,10.4,11.5,Heavy Rain,0,28.2
2025-05-20,Nagpur,73,1.4,13.5,6.3,Clear,0,32.6
2025-05-21,Nagpur,41,0.7,3.3,7.9,Cloudy,0,33.7
2025-05-22,Nagpur,82,2.0,3.7,7.1,Cloudy,0,32.0
2025-05-23,Nagpur,38,23.1,44.0,10.5,Rain,0,33.833333333333336
2025-05-24,Nagpur,93,1.6,22.0,8.4,Clear,0,26.8
2025-05-25,Nagpur,93,62.3,8.7,8.0,Rain,1,30.8
2025-05-26,Nagpur,32,0.7,6.9,8.2,Clear,0,26.5
2025-05-27,Nagpur,40,1.0,35.0,8.1,Clear,0,26.4
2025-05-28,Nagpur,64,0.1,39.9,7.5,Cloudy,0,29.6
2025-05-29,Nagpur,42,37.2,32.8,8.8,Rain,1,26.5
2025-05-30,Nagpur,96,0.1,32.2,7.6,Clear,0,32.3
2025-05-31,Nagpur,84,0.3,39.0,7.5,Clear,0,30.5
2025-06-01,Nagpur,94,1.6,19.8,4.1,Clear,0,24.9
2025-02-06,Nagpur,94,2.0,9.0,7.0,Cloudy,0,32.4
2025-06-03,Nagpur,51,1.8,15.7,7.4,Sunny,0,28.7
2025-06-04,Nagpur,64,1.2,31.0,11.1,Cloudy,0,27.3
2025-06-05,Nagpur,30,1.3,38.9,7.0,Clear,0,23.4
2025-06-06,Nagpur,55,78.7,19.5,4.1,Rain,1,31.9
2025-06-07,Nagpur,88,0.8,31.4,1.8,Fog,0,27.5
2025-08-06,Nagpur,98,1.1,11.6,6.8,Clear,0,28.333333333333332
2025-09-06,Nagpur,43,0.8,11.5,9.5,Clear,0,28.8
2025-10-06,Nagpur,50,1.7,18.3,10.3,Cloudy,0,23.7
2025-06-11,Nagpur,67,0.6,3.6,7.0,Clear,0,25.7
2025-12-06,Nagpur,55,1.7,44.4,11.6,Clear,0,20.5
2025-06-13,Nagpur,34,109.7,40.2,9.9,Rain,0,19.5
2025-06-14,Nagpur,68,82.3,2.8,8.6,Rain,0,26.4
2025-06-15,Nagpur,,72.5,26.3,6.7,Rain,1,26.6
2025-06-16,Nagpur,96,1.3,25.8,5.4,Cloudy,0,26.3
2025-06-17,Nagpur,31,29.1,18.9,5.3,Thunderstorm,0,24.8
2025-06-18,Nagpur,61,21.7,25.0,6.9,Rain,0,27.61111111111111
2025-06-19,Nagpur,88,0.1,3.1,10.4,Sunny,0,29.9
2025-06-20,Nagpur,41,1.6,10.7,6.4,Cloudy,0,25.4
2025-06-21,Nagpur,33,1.4,22.0,11.2,Clear,0,22.9
2025-06-22,Nagpur,84,0.8,16.5,8.8,Clear,0,26.6
2025-06-23,Nagpur,69,1.1,8.4,5.1,Cloudy,0,19.0
2025-06-24,Nagpur,65,1.6,24.8,9.7,Clear,0,26.3
2025-06-25,Nagpur,83,1.4,27.4,6.1,Sunny,0,28.1
2025-06-26,Nagpur,44,0.8,33.1,4.5,Sunny,0,26.3
2025-06-28,Nagpur,54,59.3,2.8,5.0,Heavy Rain,1,20.5
2025-06-29,Nagpur,42,1.0,5.8,7.1,Sunny,0,21.2
2025-06-30,Nagpur,85,1.4,12.4,6.3,Cloudy,0,25.6
2025-01-07,Nagpur,,1.3,10.2,8.8,Sunny,0,24.0
2024-01-01,Visakhapatnam,,0.3,36.1,7.1,Clear,0,21.9
2024-02-01,Visakhapatnam,84,1.8,13.4,4.7,Clear,0,66.7
2024-01-03,Visakhapatnam,45,0.2,23.8,8.2,Clear,0,30.1
2024-01-04,Visakhapatnam,87,0.9,19.1,4.5,Cloudy,0,20.500000000000004
2024-01-05,Visakhapatnam,74,0.1,23.1,7.9,Sunny,0,23.1
2024-01-06,Visakhapatnam,65,0.1,29.4,4.1,Sunny,0,25.0
2024-07-01,Visakhapatnam,86,107.7,31.2,10.8,Rain,1,24.2
2024-01-08,Visakhapatnam,35,1.5,30.0,6.7,Clear,0,26.4
2024-01-09,Visakhapatnam,74,0.2,14.6,8.1,Clear,0,22.8
2024-01-10,Visakhapatnam,85,0.6,39.5,2.7,Fog,0,75.0
2024-11-01,Visakhapatnam,90,30.8,32.5,7.2,Thunderstorm,1,26.3
2024-12-01,Visakhapatnam,56,77.5,35.3,8.0,Rain,0,17.8
2024-01-13,Visakhapatnam,50,0.1,15.7,4.3,Clear,0,25.7
2024-01-14,Visakhapatnam,86,1.0,2.1,6.4,Sunny,0,29.2
2024-01-15,Visakhapatnam,92,0.4,,0.6,Fog,0,19.9
2024-01-16,Visakhapatnam,36,92.0,39.8,11.7,Rain,0,27.1
2024-01-17,Visakhapatnam,95,0.1,11.5,4.2,Clear,0,30.5
2024-01-18,Visakhapatnam,-,0.9,4.9,10.1,Cloudy,0,27.4
2024-01-19,Visakhapatnam,91,55.5,20.5,11.1,Thunderstorm,1,29.444444444444443
2024-01-20,Visakhapatnam,58,1.1,29.2,8.8,Clear,0,23.7
2024-01-21,Visakhapatnam,37,1.6,8.3,8.4,Clear,0,25.4
2024-01-22,Visakhapatnam,63,0.2,19.2,5.9,Sunny,0,28.2
2024-01-23,Visakhapatnam,40,1.5,17.0,11.3,Clear,0,23.5
2024-01-24,Visakhapatnam,86,1.9,20.6,10.4,Cloudy,0,28.7
2024-01-25,Visakhapatnam,63,1.0,-,6.2,Clear,0,27.7
2024-01-26,Visakhapatnam,84,0.5,8.9,10.0,Clear,0,29.4
2024-01-28,Visakhapatnam,unknown,1.9,15.5,9.1,Clear,0,25.833333333333332
2024-01-29,Visakhapatnam,34,1.7,6.1,7.6,Sunny,0,22.333333333333332
2024-01-30,Visakhapatnam,57,0.8,44.3,9.6,Clear,0,30.1
2024-01-31,Visakhapatnam,86,0.9,4.1,5.5,Clear,0,25.4
2024-02-01,Visakhapatnam,91,0.8,32.3,8.7,Sunny,0,24.0
2024-02-02,Visakhapatnam,45,41.4,25.9,7.8,Rain,1,31.5
2024-02-03,Visakhapatnam,37,106.2,8.2,5.0,Rain,0,30.1
2024-02-04,Visakhapatnam,35,0.1,18.0,5.9,Clear,0,25.8
2024-02-05,Visakhapatnam,87,20.9,24.2,8.2,Heavy Rain,0,27.3
2024-02-06,Visakhapatnam,55,103.1,43.4,6.9,Rain,0,28.3
2024-07-02,Visakhapatnam,41,15.1,27.2,5.4,Thunderstorm,0,32.3
2024-02-08,Visakhapatnam,50,0.2,26.3,4.5,Clear,0,27.9
2024-09-02,Visakhapatnam,unknown,1.4,27.0,9.9,Cloudy,0,28.9
2024-10-02,Visakhapatnam,34,77.7,2.2,5.1,Thunderstorm,1,29.1
2024-02-11,Visakhapatnam,72,1.6,34.9,6.7,Clear,0,30.6
2024-02-12,Visakhapatnam,73,50.3,36.8,4.6,Rain,1,25.72222222222222
2024-02-13,Visakhapatnam,33,1.4,26.7,8.2,Clear,0,33.2
2024-02-14,Visakhapatnam,66,0.4,15.0,11.4,Cloudy,0,29.3
2024-02-15,Visakhapatnam,29,1.8,14.3,4.7,Clear,0,28.3
2024-02-16,Visakhapatnam,53,0.7,12.5,10.8,Clear,0,33.5
2024-02-17,Visakhapatnam,60,0.6,6.8,11.3,Clear,0,36.5
2024-02-18,Visakhapatnam,93,1.9,,5.1,Clear,0,31.3
2024-02-19,Visakhapatnam,41,42.8,38.1,7.2,Thunderstorm,1,32.1
2024-02-20,Visakhapatnam,34,0.7,15.8,11.3,Clear,0,28.3
2024-02-21,Visakhapatnam,96,1.9,25.5,6.2,Clear,0,25.7
2024-02-22,Visakhapatnam,28,0.3,5.3,8.6,Cloudy,0,30.0
2024-02-23,Visakhapatnam,86,32.2,12.2,5.0,Thunderstorm,1,26.7
2024-02-24,Visakhapatnam,43,1.9,19.4,9.8,Clear,0,30.055555555555557
2024-02-25,Visakhapatnam,71,56.6,11.3,9.4,Heavy Rain,0,29.6
2024-02-26,Visakhapatnam,,0.9,26.1,8.3,Clear,0,36.8
2024-02-27,Visakhapatnam,58,1.4,5.6,7.8,Clear,0,27.6
2024-02-28,Visakhapatnam,53,1.3,16.9,8.8,Clear,0,31.444444444444443
2024-02-29,Visakhapatnam,51,48.0,23.0,9.5,Rain,1,30.4
2024-01-03,Visakhapatnam,49,113.8,17.7,7.4,Thunderstorm,0,28.6
2024-03-02,Visakhapatnam,58,1.3,43.0,5.5,Clear,0,
2024-03-03,Visakhapatnam,60,75.8,15.8,11.7,Rain,0,31.3
2024-04-03,Visakhapatnam,95,0.6,15.3,11.3,Clear,0,37.0
2024-03-05,Visakhapatnam,67,13.1,35.0,10.2,Rain,0,31.2
2024-06-03,Visakhapatnam,97,0.7,15.5,2.3,Fog,0,26.8
2024-03-07,Visakhapatnam,50,1.1,22.7,5.3,Clear,0,30.5
2024-03-08,Visakhapatnam,75,0.4,13.2,6.6,Cloudy,0,35.0
2024-10-03,Visakhapatnam,49,1.7,44.6,7.1,Clear,0,34.9
2024-03-11,Visakhapatnam,28,75.9,10.6,7.7,Rain,0,31.6
2024-03-12,Visakhapatnam,89,70.3,31.3,7.4,Thunderstorm,1,25.0
2024-03-13,Visakhapatnam,81,1.2,24.1,1.7,Fog,0,31.055555555555557
2024-03-14,Visakhapatnam,95,1.1,19.7,0.4,Fog,0,87.5
2024-03-15,Visakhapatnam,37,1.3,38.5,9.1,Sunny,0,30.9
2024-03-16,Visakhapatnam,70,1.3,7.5,6.5,Cloudy,0,30.7
2024-03-17,Visakhapatnam,93,53.7,38.6,7.0,Thunderstorm,0,28.9
2024-03-18,Visakhapatnam,60,53.5,33.7,7.7,Rain,0,30.2
2024-03-19,Visakhapatnam,54,0.7,6.9,7.0,Clear,0,30.5
2024-03-20,Visakhapatnam,29,1.9,13.9,6.2,Clear,0,28.3
2024-03-21,Visakhapatnam,34,28.0,43.7,7.2,Rain,0,34.1
2024-03-22,Visakhapatnam,66,1.8,,4.1,Cloudy,0,33.9
2024-03-23,Visakhapatnam,61,1.8,13.9,4.1,Clear,0,34.5
2024-03-24,Visakhapatnam,96,0.3,22.3,7.1,Cloudy,0,31.9
2024-03-25,Visakhapatnam,32,0.9,12.6,2.7,Fog,0,34.9
2024-03-26,Visakhapatnam,55,0.6,35.6,6.5,Cloudy,0,31.2
2024-03-27,Visakhapatnam,53,1.1,35.4,7.2,Clear,0,31.2
2024-03-28,Visakhapatnam,33,54.3,2.7,9.3,Rain,0,27.2
2024-03-29,Visakhapatnam,90,0.9,19.4,7.0,Clear,0,35.4
2024-03-30,Visakhapatnam,  ,96.7,31.5,4.2,Heavy Rain,0,34.2
2024-03-31,Visakhapatnam,64,0.4,10.4,5.0,Clear,0,33.9
2024-04-01,Visakhapatnam,88,1.9,21.9,4.5,Cloudy,0,31.77777777777778
2024-02-04,Visakhapatnam,42,1.6,4.1,5.2,Clear,0,32.833333333333336
2024-03-04,Visakhapatnam,50,1.4,17.5,10.4,Cloudy,0,84.7
2024-04-04,Visakhapatnam,80,53.2,21.0,4.7,Rain,0,30.6
2024-04-05,Visakhapatnam,44,1.2,26.8,1.1,Fog,0,33.1
2024-04-06,Visakhapatnam,35,1.0,31.9,9.6,Sunny,0,35.1
2024-04-07,Visakhapatnam,52,0.6,22.7,6.3,Clear,0,89.3
2024-04-08,Visakhapatnam,34,26.1,44.1,8.7,Rain,1,32.6
2024-09-04,Visakhapatnam,38,0.4,29.5,5.2,Sunny,0,28.7
2024-11-04,Visakhapatnam,95,1.2,15.2,1.7,Fog,0,34.1
2024-12-04,Visakhapatnam,92,0.4,24.8,2.5,Fog,0,33.8
2024-04-13,Visakhapatnam,93,1.9,20.5,6.0,Sunny,0,32.8
2024-04-14,Visakhapatnam,52,0.8,29.6,9.8,Sunny,0,33.3
2024-04-15,Visakhapatnam,38,0.2,6.5,6.7,Cloudy,0,31.2
2024-04-16,Visakhapatnam,76,31.1,35.9,6.3,Rain,0,32.5
2024-04-17,Visakhapatnam,31,0.3,8.2,9.0,Clear,0,29.5
2024-04-18,Visakhapatnam,31,1.8,37.6,1.5,Fog,0,
2024-04-19,Visakhapatnam,64,32.9,44.7,8.8,Rain,0,
2024-04-20,Visakhapatnam,73,1.0,9.4,4.0,Clear,0,26.1
2024-04-21,Visakhapatnam,97,1.1,29.5,5.5,Clear,0,31.7
2024-04-22,Visakhapatnam,86,1.3,15.0,5.9,Clear,0,31.2
2024-04-23,Visakhapatnam,83,89.3,40.4,11.4,Rain,0,33.7
2024-04-24,Visakhapatnam,66,1.4,27.1,11.6,Clear,0,26.8
2024-04-25,Visakhapatnam,34,1.7,15.8,4.0,Clear,0,34.1
2024-04-26,Visakhapatnam,44,50.7,8.3,6.7,Rain,0,31.6
2024-04-27,Visakhapatnam,54,68.5,6.4,9.6,Heavy Rain,0,33.8
2024-04-28,Visakhapatnam,92,0.5,38.8,6.3,Clear,0,31.3
2024-04-29,Visakhapatnam,61,58.3,23.2,6.0,Heavy Rain,0,81.0
2024-04-30,Visakhapatnam,69,0.1,6.1,4.7,Clear,0,33.3
2024-05-01,Visakhapatnam,40,1.8,7.6,7.3,Cloudy,0,32.2
2024-02-05,Visakhapatnam,77,17.2,25.6,4.3,Rain,0,24.8
2024-05-03,Visakhapatnam,84,0.5,22.8,11.4,Cloudy,0,29.9
2024-05-04,Visakhapatnam,77,53.3,14.0,11.7,Rain,0,33.2
2024-05-05,Visakhapatnam,75,0.2,7.1,5.2,Clear,0,31.3
2024-06-05,Visakhapatnam,34,0.4,17.6,10.8,Sunny,0,32.9
2024-05-07,Visakhapatnam,81,0.6,20.8,9.9,Cloudy,0,23.055555555555557
2024-08-05,Visakhapatnam,50,95.8,33.5,7.2,Rain,1,33.166666666666664
2024-05-09,Visakhapatnam,72,1.3,26.3,6.0,Cloudy,0,34.5
2024-05-10,Visakhapatnam,84,1.6,35.8,0.4,Fog,0,30.944444444444443
2024-11-05,Visakhapatnam,38,0.3,36.6,4.6,Cloudy,0,32.0
2024-12-05,Visakhapatnam,73,83.2,34.6,10.4,Thunderstorm,1,31.833333333333332
2024-05-14,Visakhapatnam,73,1.7,41.9,5.8,Clear,0,30.8
2024-05-15,Visakhapatnam,66,1.1,10.7,0.5,Fog,0,25.5
2024-05-16,Visakhapatnam,80,0.0,7.2,4.7,Clear,0,25.1
2024-05-17,Visakhapatnam,41,1.4,22.2,11.7,Clear,0,29.0
2024-05-18,Visakhapatnam,64,0.4,31.2,4.3,Cloudy,0,29.2
2024-05-19,Visakhapatnam,95,1.7,8.1,6.2,Cloudy,0,29.4
2024-05-20,Visakhapatnam,92,12.5,16.6,12.0,Thunderstorm,0,26.1
2024-05-21,Visakhapatnam,40,0.8,9.5,11.2,Cloudy,0,85.7
2024-05-22,Visakhapatnam,94,71.2,18.0,10.7,Thunderstorm,0,32.8
2024-05-23,Visakhapatnam,77,0.8,6.0,9.6,Sunny,0,73.5
2024-05-24,Visakhapatnam,40,1.1,7.8,4.1,Clear,0,30.8
2024-05-25,Visakhapatnam,88,0.7,9.0,6.8,Clear,0,29.8
2024-05-26,Visakhapatnam,30,1.0,28.5,4.3,Sunny,0,24.7
2024-05-27,Visakhapatnam,34,1.1,12.7,9.6,Clear,0,27.4
2024-05-28,Visakhapatnam,90,1.0,16.6,9.7,Cloudy,0,26.1
2024-05-30,Visakhapatnam,58,22.6,7.7,8.7,Rain,0,27.1
2024-05-31,Visakhapatnam,28,1.2,43.4,7.7,Clear,0,29.6
2024-01-06,Visakhapatnam,30,0.6,15.6,10.1,Cloudy,0,30.11111111111111
2024-06-02,Visakhapatnam,76,0.6,44.5,7.6,Cloudy,0,
2024-06-03,Visakhapatnam,61,49.9,13.6,5.1,Rain,1,28.5
2024-04-06,Visakhapatnam,40,0.8,42.5,7.2,Cloudy,0,29.0
2024-06-05,Visakhapatnam,57,0.3,16.2,5.7,Clear,0,31.0
2024-06-06,Visakhapatnam,-,1.1,29.3,10.6,Clear,0,26.9
2024-06-07,Visakhapatnam,39,0.9,2.5,11.6,Clear,0,23.4
2024-06-08,Visakhapatnam,40,1.6,23.6,10.8,Sunny,0,23.9
2024-06-09,Visakhapatnam,87,0.3,42.6,11.7,Cloudy,0,23.77777777777778
2024-06-10,Visakhapatnam,78,1.9,26.5,8.3,Clear,0,31.9
2024-11-06,Visakhapatnam,89,101.9,41.9,11.5,Rain,0,25.9
2024-12-06,Visakhapatnam,34,1.9,43.9,4.4,Sunny,0,23.2
2024-06-13,Visakhapatnam,44,0.3,2.3,5.2,Clear,0,76.2
2024-06-14,Visakhapatnam,65,1.4,2.1,6.6,Cloudy,0,23.0
2024-06-15,Visakhapatnam,72,101.2,3.8,10.4,Rain,0,21.5
2024-06-16,Visakhapatnam,57,1.2,27.7,9.0,Clear,0,34.6
2024-06-17,Visakhapatnam,86,22.3,26.6,4.4,Rain,0,24.4
2024-06-18,Visakhapatnam,74,0.3,39.3,10.9,Clear,0,22.3
2024-06-19,Visakhapatnam,34,1.7,30.6,11.9,Sunny,0,26.9
2024-06-20,Visakhapatnam,89,119.8,29.7,5.9,Rain,0,33.6
2024-06-21,Visakhapatnam,69,1.0,26.1,11.5,Clear,0,26.22222222222222
2024-06-22,Visakhapatnam,57,0.2,27.9,5.7,Clear,0,23.2
2024-06-23,Visakhapatnam,61,0.2,19.9,7.5,Cloudy,0,23.3
2024-06-24,Visakhapatnam,75,1.3,36.4,9.5,Clear,0,27.2
2024-06-25,Visakhapatnam,53,112.4,7.3,6.5,Rain,0,28.6
2024-06-26,Visakhapatnam,87,1.6,31.3,2.8,Fog,0,27.4
2024-06-27,Visakhapatnam,84,0.5,3.2,11.0,Cloudy,0,24.6
2024-06-28,Visakhapatnam,84,49.7,33.7,10.4,Heavy Rain,1,25.4
2024-06-29,Visakhapatnam,71,1.5,24.1,7.2,Sunny,0,20.7
2024-06-30,Visakhapatnam,79,1.8,8.3,4.6,Cloudy,0,21.11111111111111
2024-07-01,Visakhapatnam,,1.1,26.8,0.5,Fog,0,18.1
2024-07-02,Visakhapatnam,28,1.7,30.2,11.3,Clear,0,25.1
2024-03-07,Visakhapatnam,74,78.9,19.5,7.8,Rain,1,22.8
2024-07-04,Visakhapatnam,94,1.3,44.1,10.5,Clear,0,24.3
2024-05-07,Visakhapatnam,93,0.7,17.7,0.4,Fog,0,24.2
2024-06-07,Visakhapatnam,62,0.4,17.4,10.1,Cloudy,0,26.27777777777778
2024-07-07,Visakhapatnam,33,0.9,11.5,6.8,Clear,0,25.2
2024-08-07,Visakhapatnam,33,17.5,42.8,11.1,Rain,0,29.6
2024-07-09,Visakhapatnam,89,1.7,34.3,10.0,Clear,0,18.2
2024-10-07,Visakhapatnam,71,0.2,2.9,4.6,Clear,0,26.7
2024-07-11,Visakhapatnam,81,1.5,14.1,2.8,Fog,0,18.3
2024-07-13,Visakhapatnam,95,1.1,35.8,9.7,Clear,0,24.2
2024-07-14,Visakhapatnam,51,69.0,30.8,10.6,Rain,0,18.9
2024-07-15,Visakhapatnam,73,0.5,8.8,9.3,Cloudy,0,19.0
2024-07-16,Visakhapatnam,93,0.4,5.0,6.7,Clear,0,
2024-07-17,Visakhapatnam,97,0.0,29.7,10.6,Clear,0,26.6
2024-07-18,Visakhapatnam,50,1.4,6.6,8.5,Clear,0,76.8
2024-07-19,Visakhapatnam,unknown,0.5,41.6,9.9,Clear,0,21.0
2024-07-20,Visakhapatnam,79,1.4,5.8,9.8,Cloudy,0,24.3
2024-07-21,Visakhapatnam,,0.6,35.9,2.9,Fog,0,27.0
2024-07-22,Visakhapatnam,75,0.3,10.8,4.0,Cloudy,0,18.1
2024-07-23,Visakhapatnam,35,0.7,21.8,9.2,Cloudy,0,23.2
2024-07-24,Visakhapatnam,61,18.4,43.4,7.4,Rain,1,19.1
2024-07-25,Visakhapatnam,28,0.6,13.1,9.2,Cloudy,0,16.6
2024-07-26,Visakhapatnam,68,23.2,16.0,4.2,Rain,1,23.0
2024-07-27,Visakhapatnam,97,1.4,6.7,8.4,Clear,0,25.38888888888889
2024-07-29,Visakhapatnam,76,23.2,4.1,7.0,Rain,1,27.4
2024-07-30,Visakhapatnam,68,15.9,6.6,8.8,Rain,1,23.2
2024-07-31,Visakhapatnam,48,107.8,44.3,7.4,Rain,0,18.8
2024-01-08,Visakhapatnam,67,24.8,34.5,5.5,Rain,0,18.3
2024-08-02,Visakhapatnam,82,1.8,18.9,7.7,Clear,0,19.3
2024-03-08,Visakhapatnam,,1.0,16.0,11.7,Clear,0,22.4
2024-08-04,Visakhapatnam,37,0.6,5.9,4.4,Clear,0,14.4
2024-05-08,Visakhapatnam,43,0.4,17.8,1.9,Fog,0,20.777777777777782
2024-08-06,Visakhapatnam,85,41.6,19.3,11.9,Rain,0,21.6
2024-08-07,Visakhapatnam,41,77.2,4.9,4.1,Rain,0,22.3
2024-08-08,Visakhapatnam,88,103.8,19.6,4.4,Rain,0,21.9
2024-09-08,Visakhapatnam,95,2.0,17.2,7.0,Clear,0,20.8
2024-08-10,Visakhapatnam,61,0.3,32.6,11.1,Cloudy,0,14.61111111111111
2024-11-08,Visakhapatnam,35,1.9,27.9,10.6,Clear,0,21.611111111111114
2024-12-08,Visakhapatnam,73,0.2,14.9,11.8,Cloudy,0,17.2
2024-08-13,Visakhapatnam,63,1.2,22.9,5.3,Clear,0,16.3
2024-08-14,Visakhapatnam,87,46.2,  ,11.0,Rain,0,24.2
2024-08-15,Visakhapatnam,88,1.4,28.7,7.0,Clear,0,22.3
2024-08-16,Visakhapatnam,70,68.4,3.7,6.8,Rain,0,20.5
2024-08-17,Visakhapatnam,88,0.8,12.1,7.5,Clear,0,65.6
2024-08-18,Visakhapatnam,87,1.3,28.6,6.1,Sunny,0,
2024-08-19,Visakhapatnam,49,51.2,22.6,8.2,Thunderstorm,0,17.2
2024-08-20,Visakhapatnam,51,0.6,9.5,5.3,Cloudy,0,20.0
2024-08-21,Visakhapatnam,67,0.5,20.8,2.5,Fog,0,19.4
2024-08-22,Visakhapatnam,43,1.5,18.8,10.6,Clear,0,22.5
2024-08-23,Visakhapatnam,31,0.4,23.5,8.1,Cloudy,0,13.5
2024-08-24,Visakhapatnam,67,0.3,23.0,11.8,Clear,0,11.3
2024-08-25,Visakhapatnam,44,82.3,29.6,4.6,Rain,0,17.2
2024-08-26,Visakhapatnam,59,0.2,20.3,8.4,Cloudy,0,59.4
2024-08-27,Visakhapatnam,86,1.2,43.3,5.6,Clear,0,12.888888888888891
2024-08-28,Visakhapatnam,77,12.7,25.8,8.9,Rain,0,20.0
2024-08-29,Visakhapatnam,58,0.1,14.0,6.2,Clear,0,15.5
2024-08-30,Visakhapatnam,88,78.7,8.8,4.6,Thunderstorm,1,18.4
2024-08-31,Visakhapatnam,44,1.5,4.1,4.3,Clear,0,18.3
2024-09-01,Visakhapatnam,50,1.3,19.3,5.2,Clear,0,19.5
2024-09-02,Visakhapatnam,85,67.2,40.2,8.8,Rain,0,16.8
2024-03-09,Visakhapatnam,59,1.2,5.3,8.8,Clear,0,17.166666666666668
2024-09-04,Visakhapatnam,47,56.9,32.8,4.8,Rain,0,23.8
2024-05-09,Visakhapatnam,,0.1,29.9,4.6,Clear,0,19.0
2024-06-09,Visakhapatnam,65,0.6,37.4,2.8,Fog,0,15.4
2024-07-09,Visakhapatnam,38,0.7,32.7,2.7,Fog,0,10.0
2024-08-09,Visakhapatnam,81,1.3,2.9,7.3,Cloudy,0,19.2
2024-09-09,Visakhapatnam,52,0.2,37.5,2.4,Fog,0,16.3
2024-10-09,Visakhapatnam,76,34.0,35.2,9.3,Rain,0,17.1
2024-11-09,Visakhapatnam,29,0.6,39.6,11.4,Sunny,0,11.5
2024-12-09,Visakhapatnam,61,59.4,33.8,9.8,Thunderstorm,0,22.1
2024-09-13,Visakhapatnam,57,1.0,5.3,9.1,Clear,0,12.5
2024-09-14,Visakhapatnam,34,0.1,17.1,6.0,Clear,0,17.6
2024-09-15,Visakhapatnam,53,0.6,43.6,8.5,Clear,0,17.9
2024-09-16,Visakhapatnam,93,22.2,12.8,11.6,Rain,1,18.6
2024-09-17,Visakhapatnam,55,2.0,31.5,5.6,Clear,0,19.6
2024-09-18,Visakhapatnam,94,1.6,16.4,8.1,Clear,0,16.5
2024-09-19,Visakhapatnam,94,0.2,9.9,1.9,Fog,0,20.833333333333332
2024-09-20,Visakhapatnam,71,1.8,27.9,11.9,Clear,0,15.5
2024-09-21,Visakhapatnam,48,89.7,21.3,6.6,Heavy Rain,0,16.1
2024-09-22,Visakhapatnam,41,1.4,4.4,10.5,Clear,0,16.9
2024-09-23,Visakhapatnam,71,0.4,13.1,7.9,Cloudy,0,17.7
2024-09-24,Visakhapatnam,93,0.4,37.5,10.6,Clear,0,17.8
2024-09-25,Visakhapatnam,42,78.7,20.7,6.7,Rain,0,17.5
2024-09-26,Visakhapatnam,40,48.1,24.6,7.2,Rain,0,19.5
2024-09-27,Visakhapatnam,38,0.5,13.6,8.3,Clear,0,12.1
2024-09-28,Visakhapatnam,64,0.1,24.3,5.5,Cloudy,0,13.3
2024-09-29,Visakhapatnam,41,0.4,34.6,11.7,Sunny,0,18.3
2024-09-30,Visakhapatnam,64,119.7,15.0,6.8,Thunderstorm,0,17.9
2024-01-10,Visakhapatnam,97,0.4,34.2,4.3,Clear,0,14.3
2024-02-10,Visakhapatnam,81,15.7,27.1,4.4,Thunderstorm,0,16.7
2024-10-03,Visakhapatnam,42,34.4,6.6,9.6,Thunderstorm,1,15.8
2024-04-10,Visakhapatnam,61,0.6,29.9,5.4,Sunny,0,17.8
2024-05-10,Visakhapatnam,54,32.9,,6.5,Rain,0,16.7
2024-06-10,Visakhapatnam,80,1.0,3.5,7.3,Cloudy,0,12.9
2024-10-07,Visakhapatnam,36,0.1,3.8,10.6,Cloudy,0,13.5
2024-10-08,Visakhapatnam,-,61.2,18.7,5.2,Heavy Rain,0,16.6
2024-09-10,Visakhapatnam,91,24.5,23.6,11.9,Rain,0,12.7
2024-10-10,Visakhapatnam,65,0.9,8.0,4.6,Clear,0,18.6
2024-11-10,Visakhapatnam,54,0.0,14.6,8.1,Clear,0,20.5
2024-10-12,Visakhapatnam,52,1.2,34.7,9.4,Clear,0,15.6
2024-10-13,Visakhapatnam,79,0.6,22.5,5.6,Cloudy,0,15.6
2024-10-14,Visakhapatnam,81,0.7,31.6,5.7,Cloudy,0,17.7
2024-10-15,Visakhapatnam,96,0.2,34.9,6.1,Sunny,0,17.1
2024-10-16,Visakhapatnam,42,1.5,19.9,6.5,Cloudy,0,12.0
2024-10-17,Visakhapatnam,65,0.2,4.7,5.5,Cloudy,0,
2024-10-18,Visakhapatnam,84,61.8,43.4,10.6,Rain,1,21.5
2024-10-19,Visakhapatnam,85,96.2,13.5,8.8,Rain,0,12.5
2024-10-20,Visakhapatnam,77,24.1,5.6,7.0,Rain,0,22.4
2024-10-21,Visakhapatnam,62,1.7,29.0,7.1,Clear,0,12.4
2024-10-22,Visakhapatnam,67,1.6,22.0,10.8,Sunny,0,16.2
2024-10-23,Visakhapatnam,48,1.8,27.2,4.1,Clear,0,18.1
2024-10-24,Visakhapatnam,80,1.5,26.4,4.1,Cloudy,0,16.8
2024-10-25,Visakhapatnam,75,0.2,28.5,11.6,Sunny,0,16.9
2024-10-26,Visakhapatnam,72,1.8,35.7,5.8,Clear,0,15.6
2024-10-27,Visakhapatnam,88,2.0,36.2,11.3,Sunny,0,16.8
2024-10-28,Visakhapatnam,39,1.7,24.6,11.7,Cloudy,0,15.6
2024-10-29,Visakhapatnam,69,0.5,29.6,7.7,Sunny,0,19.7
2024-10-30,Visakhapatnam,43,1.0,33.9,11.7,Clear,0,11.3
2024-10-31,Visakhapatnam,  ,0.9,21.8,10.8,Cloudy,0,11.4
2024-01-11,Visakhapatnam,91,1.8,36.6,7.9,Clear,0,18.7
2024-02-11,Visakhapatnam,53,2.0,40.8,10.1,Clear,0,15.2
2024-11-03,Visakhapatnam,54,1.9,40.1,7.8,Sunny,0,15.7
2024-11-04,Visakhapatnam,53,72.0,2.1,5.6,Rain,0,16.4
2024-11-05,Visakhapatnam,86,34.8,34.5,6.8,Rain,1,19.8
2024-06-11,Visakhapatnam,92,0.2,25.9,11.7,Cloudy,0,20.2
2024-07-11,Visakhapatnam,86,0.7,28.6,7.2,Clear,0,21.6
2024-11-09,Visakhapatnam,86,1.7,13.4,7.8,Cloudy,0,16.8
2024-10-11,Visakhapatnam,36,1.6,12.9,8.1,Clear,0,18.6
2024-11-11,Visakhapatnam,47,17.0,7.5,5.2,Rain,1,13.9
2024-11-12,Visakhapatnam,84,22.5,9.7,7.4,Rain,0,20.6
2024-11-13,Visakhapatnam,68,0.7,42.8,0.4,Fog,0,20.1
2024-11-14,Visakhapatnam,52,79.7,20.7,7.4,Rain,0,
2024-11-15,Visakhapatnam,88,1.4,6.5,9.9,Sunny,0,17.5
2024-11-16,Visakhapatnam,37,33.3,26.2,7.2,Heavy Rain,0,21.0
2024-11-17,Visakhapatnam,33,0.9,13.8,10.8,Sunny,0,20.1
2024-11-18,Visakhapatnam,91,1.4,33.9,8.4,Sunny,0,17.8
2024-11-19,Visakhapatnam,45,2.0,32.3,11.4,Cloudy,0,16.7
2024-11-20,Visakhapatnam,84,21.7,29.1,9.0,Heavy Rain,0,18.2
2024-11-21,Visakhapatnam,34,1.9,12.1,7.1,Clear,0,20.4
2024-11-22,Visakhapatnam,58,32.8,11.4,6.1,Rain,0,68.9
2024-11-23,Visakhapatnam,35,26.6,41.6,4.5,Heavy Rain,0,12.0
2024-11-24,Visakhapatnam,37,0.9,4.6,6.1,Clear,0,19.8
2024-11-25,Visakhapatnam,93,1.8,24.7,11.1,Sunny,0,21.3
2024-11-26,Visakhapatnam,90,20.5,33.7,10.5,Rain,0,17.7
2024-11-27,Visakhapatnam,41,22.2,36.1,10.1,Rain,0,18.111111111111107
2024-11-29,Visakhapatnam,87,0.7,34.5,10.9,Clear,0,20.2
2024-11-30,Visakhapatnam,55,0.8,19.4,7.0,Cloudy,0,21.6
2024-12-01,Visakhapatnam,85,1.9,12.2,7.7,Cloudy,0,21.7
2024-02-12,Visakhapatnam,49,0.5,34.1,5.2,Cloudy,0,19.6
2024-03-12,Visakhapatnam,81,0.5,10.1,1.6,Fog,0,16.0
2024-04-12,Visakhapatnam,94,73.3,8.4,5.5,Thunderstorm,0,19.7
2024-12-05,Visakhapatnam,61,108.2,24.6,4.1,Rain,0,22.3
2024-12-06,Visakhapatnam,63,1.7,24.6,7.0,Cloudy,0,18.9
2024-07-12,Visakhapatnam,71,0.3,13.3,9.1,Cloudy,0,21.3
2024-12-08,Visakhapatnam,78,0.2,40.0,0.9,Fog,0,23.0
2024-09-12,Visakhapatnam,75,77.5,33.9,4.9,Rain,0,15.7
2024-12-10,Visakhapatnam,98,1.9,42.3,2.1,Fog,0,18.4
2024-12-11,Visakhapatnam,60,1.0,15.3,5.3,Sunny,0,21.1
2024-12-12,Visakhapatnam,37,1.8,27.9,5.0,Clear,0,28.8
2024-12-13,Visakhapatnam,53,1.4,23.5,6.5,Clear,0,19.7
2024-12-14,Visakhapatnam,34,82.6,25.2,9.8,Thunderstorm,0,16.4
2024-12-15,Visakhapatnam,33,0.7,27.5,4.4,Clear,0,18.3
2024-12-16,Visakhapatnam,58,1.8,18.3,5.4,Clear,0,21.4
2024-12-17,Visakhapatnam,77,1.7,38.3,10.1,Sunny,0,21.3
2024-12-18,Visakhapatnam,31,74.2,21.4,6.8,Heavy Rain,1,22.5
2024-12-19,Visakhapatnam,53,1.7,31.0,10.8,Cloudy,0,24.2
2024-12-20,Visakhapatnam,94,0.7,3.0,4.6,Sunny,0,15.2
2024-12-21,Visakhapatnam,74,1.3,25.2,10.8,Clear,0,24.8
2024-12-22,Visakhapatnam,,1.7,35.8,5.5,Cloudy,0,23.6
2024-12-23,Visakhapatnam,36,0.1,12.8,7.9,Clear,0,21.5
2024-12-24,Visakhapatnam,41,0.3,33.3,10.2,Clear,0,22.5
2024-12-25,Visakhapatnam,49,78.1,42.1,10.4,Heavy Rain,1,20.5
2024-12-26,Visakhapatnam,28,22.6,9.9,6.8,Heavy Rain,0,26.11111111111111
2024-12-27,Visakhapatnam,33,53.2,29.9,4.4,Rain,1,25.7
2024-12-28,Visakhapatnam,63,0.8,11.0,8.2,Clear,0,22.6
2024-12-29,Visakhapatnam,38,1.5,24.1,11.8,Clear,0,21.0
2024-12-30,Visakhapatnam,41,0.6,43.9,6.8,Clear,0,26.3
2024-12-31,Visakhapatnam,76,34.0,14.9,9.6,Rain,0,21.6
2025-01-01,Visakhapatnam,78,1.0,26.2,4.9,Cloudy,0,23.4
2025-02-01,Visakhapatnam,78,1.8,31.0,11.7,Clear,0,22.2
2025-03-01,Visakhapatnam,43,87.3,13.9,11.7,Rain,0,24.5
2025-01-04,Visakhapatnam,34,0.1,42.8,5.6,Clear,0,24.499999999999996
2025-05-01,Visakhapatnam,89,1.6,23.9,7.6,Clear,0,23.9
2025-01-06,Visakhapatnam,75,1.1,-,2.3,Fog,0,29.3
2025-07-01,Visakhapatnam,84,0.7,17.4,10.9,Clear,0,22.1
2025-01-08,Visakhapatnam,87,1.9,37.7,7.2,Clear,0,30.1
2025-01-09,Visakhapatnam,49,88.3,6.8,5.6,Rain,1,27.5
2025-10-01,Visakhapatnam,70,0.2,18.2,9.0,Cloudy,0,24.61111111111111
2025-11-01,Visakhapatnam,-,0.2,14.6,0.9,Fog,0,27.4
2025-01-12,Visakhapatnam,35,1.5,12.5,7.3,Clear,0,26.1
2025-01-13,Visakhapatnam,97,0.7,41.0,11.2,Clear,0,30.0
2025-01-14,Visakhapatnam,-,103.4,35.4,9.1,Heavy Rain,0,24.8
2025-01-15,Visakhapatnam,46,69.8,33.5,10.0,Rain,0,26.9
2025-01-16,Visakhapatnam,42,0.7,7.4,10.6,Clear,0,24.4
2025-01-17,Visakhapatnam,84,0.5,19.4,5.2,Sunny,0,33.1
2025-01-18,Visakhapatnam,42,0.8,28.3,6.6,Cloudy,0,28.4
2025-01-19,Visakhapatnam,33,1.3,10.5,9.4,Cloudy,0,23.7
2025-01-20,Visakhapatnam,34,99.7,29.0,10.9,Rain,1,26.7
2025-01-21,Visakhapatnam,95,1.2,11.0,10.6,Sunny,0,31.4
2025-01-22,Visakhapatnam,69,113.7,43.5,10.4,Rain,0,21.8
2025-01-23,Visakhapatnam,37,1.9,33.7,8.3,Sunny,0,29.3
2025-01-24,Visakhapatnam,  ,18.9,31.6,11.4,Rain,1,31.0
2025-01-25,Visakhapatnam,50,1.3,31.5,5.2,Clear,0,26.8
2025-01-26,Visakhapatnam,57,1.7,38.0,6.4,Cloudy,0,31.5
2025-01-27,Visakhapatnam,47,1.9,28.0,7.2,Clear,0,25.8
2025-01-28,Visakhapatnam,98,14.6,,10.0,Thunderstorm,0,22.6
2025-01-29,Visakhapatnam,57,1.5,34.3,7.2,Clear,0,29.5
2025-01-30,Visakhapatnam,52,0.5,9.7,5.6,Clear,0,22.5
2025-01-31,Visakhapatnam,65,1.3,2.5,7.0,Cloudy,0,26.9
2025-02-01,Visakhapatnam,36,1.3,27.2,2.3,Fog,0,36.0
2025-02-02,Visakhapatnam,67,118.4,34.2,7.5,Rain,1,27.38888888888889
2025-03-02,Visakhapatnam,40,86.7,18.7,5.2,Rain,0,30.11111111111111
2025-04-02,Visakhapatnam,60,1.1,44.3,5.8,Clear,0,26.1
2025-02-05,Visakhapatnam,58,1.1,29.5,4.9,Cloudy,0,26.3
2025-02-06,Visakhapatnam,35,79.2,9.6,10.0,Rain,0,36.2
2025-07-02,Visakhapatnam,69,12.5,20.1,11.1,Thunderstorm,0,28.6
2025-02-08,Visakhapatnam,44,0.6,27.8,4.9,Clear,0,31.5
2025-02-09,Visakhapatnam,46,31.2,24.0,9.5,Rain,1,31.0
2025-02-10,Visakhapatnam,97,0.6,27.3,10.5,Clear,0,30.0
2025-11-02,Visakhapatnam,29,1.5,24.6,11.5,Clear,0,23.5
2025-12-02,Visakhapatnam,88,1.7,21.0,6.9,Clear,0,24.8
2025-02-13,Visakhapatnam,48,0.2,32.2,11.6,Cloudy,0,28.2
2025-02-14,Visakhapatnam,40,47.4,6.5,10.3,Rain,0,29.2
2025-02-15,Visakhapatnam,79,104.0,18.9,6.0,Rain,0,28.0
2025-02-16,Visakhapatnam,67,28.0,19.9,11.8,Rain,0,30.1
2025-02-17,Visakhapatnam,60,1.3,,4.5,Clear,0,27.6
2025-02-18,Visakhapatnam,74,108.1,11.6,11.8,Thunderstorm,0,30.0
2025-02-19,Visakhapatnam,55,98.2,unknown,5.2,Heavy Rain,0,30.5
2025-02-20,Visakhapatnam,32,1.5,4.2,8.2,Clear,0,31.5
2025-02-21,Visakhapatnam,59,83.5,3.3,10.7,Rain,0,39.1
2025-02-22,Visakhapatnam,77,10.2,19.8,5.1,Thunderstorm,0,27.5
2025-02-23,Visakhapatnam,55,1.9,5.6,10.8,Sunny,0,27.277777777777775
2025-02-24,Visakhapatnam,33,0.8,34.6,11.4,Cloudy,0,32.7
2025-02-25,Visakhapatnam,57,17.7,40.2,6.1,Thunderstorm,0,29.8
2025-02-26,Visakhapatnam,50,1.8,12.9,7.2,Clear,0,36.0
2025-02-27,Visakhapatnam,41,14.7,35.6,7.8,Rain,0,32.4
2025-02-28,Visakhapatnam,73,74.9,4.7,8.8,Thunderstorm,0,29.3
2025-03-01,Visakhapatnam,28,0.6,13.3,7.1,Sunny,0,79.4
2025-03-02,Visakhapatnam,91,1.7,13.9,4.8,Clear,0,34.7
2025-03-03,Visakhapatnam,41,1.5,9.1,10.5,Clear,0,31.0
2025-04-03,Visakhapatnam,89,36.8,23.8,10.1,Heavy Rain,1,29.9
2025-03-05,Visakhapatnam,34,1.1,17.8,8.6,Clear,0,30.7
2025-03-06,Visakhapatnam,53,0.7,9.4,11.3,Clear,0,32.27777777777778
2025-07-03,Visakhapatnam,87,1.2,32.4,8.1,Clear,0,29.5
2025-08-03,Visakhapatnam,35,1.9,31.5,2.0,Fog,0,29.9
2025-09-03,Visakhapatnam,54,72.4,4.6,6.4,Rain,1,33.7
2025-10-03,Visakhapatnam,85,8.9,15.8,10.8,Rain,0,35.9
2025-03-11,Visakhapatnam,96,0.4,20.7,2.5,Fog,0,30.3
2025-03-12,Visakhapatnam,83,45.8,37.9,4.6,Heavy Rain,0,28.2
2025-03-13,Visakhapatnam,45,25.0,3.5,7.0,Rain,0,31.3
2025-03-14,Visakhapatnam,51,117.1,36.2,10.2,Rain,0,31.9
2025-03-15,Visakhapatnam,97,2.0,21.9,6.6,Cloudy,0,34.0
2025-03-16,Visakhapatnam,78,1.3,40.4,9.0,Clear,0,31.3
2025-03-17,Visakhapatnam,31,115.8,3.1,4.0,Heavy Rain,0,31.6
2025-03-18,Visakhapatnam,34,1.8,6.2,7.7,Cloudy,0,27.77777777777778
2025-03-19,Visakhapatnam,57,77.2,2.3,10.3,Rain,0,29.666666666666668
2025-03-20,Visakhapatnam,70,1.0,5.5,0.6,Fog,0,33.3
2025-03-21,Visakhapatnam,77,0.4,13.6,5.5,Clear,0,35.8
2025-03-22,Visakhapatnam,38,109.1,17.5,5.5,Rain,0,31.4
2025-03-23,Visakhapatnam,88,0.9,23.3,9.9,Clear,0,28.5
2025-03-24,Visakhapatnam,62,0.8,13.0,0.4,Fog,0,28.7
2025-03-25,Visakhapatnam,35,19.8,unknown,5.1,Heavy Rain,0,33.72222222222222
2025-03-26,Visakhapatnam,72,1.7,23.3,7.4,Clear,0,35.44444444444444
2025-03-27,Visakhapatnam,81,0.5,6.6,12.0,Clear,0,33.5
2025-03-28,Visakhapatnam,38,1.0,40.9,9.2,Clear,0,26.2
2025-03-29,Visakhapatnam,33,57.5,43.1,7.2,Rain,0,37.7
2025-03-30,Visakhapatnam,94,1.5,3.4,12.0,Clear,0,24.8
2025-03-31,Visakhapatnam,51,1.3,29.9,12.0,Cloudy,0,29.0
2025-01-04,Visakhapatnam,78,0.9,20.1,6.9,Clear,0,25.7
2025-04-02,Visakhapatnam,77,26.1,39.4,4.5,Rain,1,
2025-04-03,Visakhapatnam,54,0.7,14.3,0.3,Fog,0,32.9
2025-04-04,Visakhapatnam,38,38.4,16.5,5.1,Rain,1,30.0
2025-04-05,Visakhapatnam,91,0.4,14.1,9.3,Clear,0,87.4
2025-04-06,Visakhapatnam,90,40.2,11.1,11.5,Rain,0,31.0
2025-04-07,Visakhapatnam,92,0.6,24.0,6.9,Clear,0,
2025-04-08,Visakhapatnam,86,1.8,21.1,8.5,Cloudy,0,30.0
2025-09-04,Visakhapatnam,86,0.3,17.3,11.9,Clear,0,34.1
2025-10-04,Visakhapatnam,98,100.8,38.7,4.3,Rain,1,31.22222222222222
2025-04-11,Visakhapatnam,89,81.2,14.7,6.7,Thunderstorm,0,33.4
2025-12-04,Visakhapatnam,28,1.8,41.4,9.6,Clear,0,33.4
2025-04-13,Visakhapatnam,-,1.0,4.6,10.4,Cloudy,0,31.38888888888889
2025-04-14,Visakhapatnam,34,102.5,5.4,8.4,Thunderstorm,0,35.6
2025-04-15,Visakhapatnam,50,58.1,34.3,8.5,Thunderstorm,0,29.2
2025-04-16,Visakhapatnam,32,13.9,9.6,6.7,Heavy Rain,0,31.2
2025-04-17,Visakhapatnam,84,72.8,32.9,10.9,Heavy Rain,0,91.1
2025-04-18,Visakhapatnam,92,0.4,11.2,2.9,Fog,0,27.9
2025-04-19,Visakhapatnam,59,117.9,13.6,6.5,Rain,0,35.333333333333336
2025-04-20,Visakhapatnam,72,87.9,21.2,11.6,Thunderstorm,0,27.5
2025-04-21,Visakhapatnam,95,35.3,41.5,7.7,Heavy Rain,0,33.8
2025-04-22,Visakhapatnam,48,100.8,44.6,9.7,Rain,0,25.6
2025-04-23,Visakhapatnam,43,0.1,14.8,4.1,Cloudy,0,33.22222222222222
2025-04-24,Visakhapatnam,45,1.2,21.2,5.3,Cloudy,0,32.6
2025-04-25,Visakhapatnam,70,0.1,32.0,6.8,Clear,0,27.333333333333332
2025-04-26,Visakhapatnam,37,60.2,39.9,9.3,Rain,1,30.1
2025-04-27,Visakhapatnam,42,0.7,22.9,2.5,Fog,0,32.3
2025-04-28,Visakhapatnam,45,110.2,5.4,7.3,Rain,1,25.8
2025-04-29,Visakhapatnam,66,1.8,14.9,10.0,Clear,0,26.7
2025-04-30,Visakhapatnam,,0.5,14.2,6.6,Cloudy,0,28.1
2025-01-05,Visakhapatnam,94,0.5,16.7,9.7,Cloudy,0,29.4
2025-05-02,Visakhapatnam,84,13.1,38.6,11.1,Rain,0,33.3
2025-03-05,Visakhapatnam,55,25.7,42.6,5.2,Rain,0,27.8
2025-05-04,Visakhapatnam,91,0.6,12.1,10.5,Sunny,0,33.2
2025-05-05,Visakhapatnam,80,0.3,15.5,6.3,Cloudy,0,29.8
2025-05-06,Visakhapatnam,96,1.6,23.2,10.0,Cloudy,0,34.3
2025-05-07,Visakhapatnam,34,1.1,4.7,5.2,Cloudy,0,31.5
2025-05-08,Visakhapatnam,86,1.3,21.3,4.0,Clear,0,34.5
2025-09-05,Visakhapatnam,52,1.2,5.1,8.3,Cloudy,0,35.4
2025-10-05,Visakhapatnam,81,85.2,34.6,7.3,Rain,1,30.8
2025-05-11,Visakhapatnam,84,0.5,-,4.6,Cloudy,0,37.8
2025-05-12,Visakhapatnam,50,0.0,21.7,10.2,Cloudy,0,30.5
2025-05-13,Visakhapatnam,49,0.1,11.8,7.4,Cloudy,0,32.1
2025-05-14,Visakhapatnam,40,117.2,35.5,6.0,Rain,0,33.5
2025-05-15,Visakhapatnam,91,34.8,37.1,8.0,Thunderstorm,0,33.4
2025-05-16,Visakhapatnam,49,1.3,40.9,8.5,Cloudy,0,37.5
2025-05-17,Visakhapatnam,94,115.3,3.3,5.2,Thunderstorm,0,26.4
2025-05-18,Visakhapatnam,34,0.3,6.6,8.5,Cloudy,0,28.9
2025-05-19,Visakhapatnam,46,0.4,13.1,6.9,Clear,0,25.9
2025-05-20,Visakhapatnam,89,0.1,43.7,9.0,Sunny,0,29.8
2025-05-21,Visakhapatnam,98,1.5,10.8,8.1,Clear,0,30.3
2025-05-22,Visakhapatnam,31,0.4,-,2.0,Fog,0,28.2
2025-05-23,Visakhapatnam,39,0.5,15.8,6.7,Sunny,0,31.7
2025-05-24,Visakhapatnam,83,77.4,19.4,6.5,Heavy Rain,0,30.8
2025-05-25,Visakhapatnam,45,0.5,12.2,4.7,Cloudy,0,30.3
2025-05-26,Visakhapatnam,52,0.4,9.1,6.3,Clear,0,85.4
2025-05-28,Visakhapatnam,89,1.7,39.7,6.1,Clear,0,31.2
2025-05-29,Visakhapatnam,48,1.6,38.9,5.9,Clear,0,27.1
2025-05-30,Visakhapatnam,46,1.8,13.7,8.8,Cloudy,0,28.2
2025-05-31,Visakhapatnam,94,1.7,42.5,10.4,Clear,0,27.16666666666667
2025-06-01,Visakhapatnam,57,1.7,16.4,8.8,Cloudy,0,28.7
2025-02-06,Visakhapatnam,73,1.7,5.4,6.3,Clear,0,23.8
2025-06-03,Visakhapatnam,43,41.4,15.5,10.3,Rain,0,23.3
2025-06-04,Visakhapatnam,62,118.0,25.4,6.3,Rain,0,32.0
2025-05-06,Visakhapatnam,60,79.3,22.7,8.6,Rain,0,30.2
2025-06-06,Visakhapatnam,52,0.2,40.8,7.8,Clear,0,27.6
2025-07-06,Visakhapatnam,83,102.0,13.9,5.5,Heavy Rain,0,24.7
2025-06-08,Visakhapatnam,42,0.7,19.6,11.6,Clear,0,31.9
2025-06-09,Visakhapatnam,46,1.0,5.7,7.4,Clear,0,28.4
2025-06-10,Visakhapatnam,79,1.5,36.9,10.1,Cloudy,0,22.22222222222222
2025-11-06,Visakhapatnam,39,0.2,36.5,6.1,Clear,0,26.2
2025-06-12,Visakhapatnam,91,36.5,23.7,11.0,Thunderstorm,0,31.666666666666668
2025-06-13,Visakhapatnam,80,0.9,37.5,6.3,Cloudy,0,23.2
2025-06-14,Visakhapatnam,47,7.7,,4.4,Rain,0,25.11111111111111
2025-06-15,Visakhapatnam,41,0.1,40.5,7.8,Cloudy,0,27.666666666666668
2025-06-16,Visakhapatnam,54,0.8,3.9,5.2,Cloudy,0,23.7
2025-06-17,Visakhapatnam,91,0.9,40.0,4.9,Sunny,0,25.0
2025-06-18,Visakhapatnam,52,97.6,43.6,7.8,Heavy Rain,0,78.9
2025-06-19,Visakhapatnam,60,0.1,16.1,10.2,Sunny,0,26.4
2025-06-20,Visakhapatnam,55,1.6,21.5,8.7,Cloudy,0,32.1
2025-06-21,Visakhapatnam,83,0.6,36.6,10.4,Clear,0,28.6
2025-06-22,Visakhapatnam,80,1.1,3.7,6.2,Clear,0,23.72222222222222
2025-06-23,Visakhapatnam,87,32.0,5.8,5.1,Rain,0,23.2
2025-06-24,Visakhapatnam,54,0.1,28.8,7.8,Clear,0,25.2
2025-06-25,Visakhapatnam,75,0.9,35.9,11.9,Clear,0,26.7
2025-06-26,Visakhapatnam,38,0.5,37.6,10.4,Clear,0,21.9
2025-06-27,Visakhapatnam,66,1.0,30.8,4.8,Clear,0,23.0
2025-06-28,Visakhapatnam,81,1.6,32.9,10.7,Clear,0,23.8
2025-06-29,Visakhapatnam,32,1.1,,7.0,Clear,0,26.0
2025-06-30,Visakhapatnam,32,1.7,40.9,10.3,Clear,0,20.6
2025-01-07,Visakhapatnam,,1.8,8.4,11.5,Cloudy,0,23.7
2024-01-01,Chandigarh,80,0.1,30.6,0.6,Fog,0,23.166666666666668
2024-02-01,Chandigarh,85,63.2,5.9,5.9,Rain,1,25.7
2024-01-03,Chandigarh,53,0.6,2.9,9.6,Sunny,0,78.5
2024-01-04,Chandigarh,58,1.6,19.1,9.7,Cloudy,0,21.3
2024-01-05,Chandigarh,45,32.7,19.2,9.2,Rain,0,20.2
2024-01-06,Chandigarh,61,0.6,40.9,6.2,Sunny,0,26.4
2024-01-07,Chandigarh,91,0.2,19.2,6.8,Cloudy,0,26.5
2024-08-01,Chandigarh,66,1.5,28.9,11.9,Clear,0,23.0
2024-09-01,Chandigarh,86,1.8,31.2,5.4,Clear,0,26.11111111111111
2024-01-10,Chandigarh,71,0.2,23.1,0.7,Fog,0,28.3
2024-11-01,Chandigarh,43,1.2,36.7,7.5,Cloudy,0,24.3
2024-01-12,Chandigarh,91,1.8,32.8,8.2,Clear,0,21.722222222222218
2024-01-13,Chandigarh,63,0.9,3.2,10.4,Cloudy,0,25.2
2024-01-14,Chandigarh,64,1.1,32.7,8.8,Clear,0,24.3
2024-01-15,Chandigarh,70,1.2,28.2,8.3,Cloudy,0,28.6
2024-01-17,Chandigarh,81,0.9,32.0,4.1,Sunny,0,29.0
2024-01-18,Chandigarh,47,0.6,15.0,2.1,Fog,0,27.9
2024-01-19,Chandigarh,81,0.6,2.4,8.9,Clear,0,29.5
2024-01-20,Chandigarh,97,0.4,23.7,9.6,Cloudy,0,31.0
2024-01-21,Chandigarh,58,16.9,5.0,7.8,Rain,1,25.9
2024-01-22,Chandigarh,95,52.7,13.7,9.6,Rain,0,25.944444444444443
2024-01-23,Chandigarh,96,0.1,34.6,7.5,Clear,0,29.1
2024-01-24,Chandigarh,78,0.2,19.1,11.4,Clear,0,25.0
2024-01-25,Chandigarh,83,19.8,9.1,11.8,Rain,0,26.7
2024-01-26,Chandigarh,53,119.8,32.4,5.9,Rain,0,30.9
2024-01-27,Chandigarh,57,0.1,30.0,5.9,Clear,0,27.5
2024-01-28,Chandigarh,96,12.2,23.6,9.5,Rain,0,35.1
2024-01-29,Chandigarh,53,0.1,14.9,6.4,Cloudy,0,25.6
2024-01-30,Chandigarh,68,0.5,22.6,11.4,Clear,0,27.8
2024-01-31,Chandigarh,67,0.8,35.6,3.0,Fog,0,27.4
2024-02-01,Chandigarh,69,1.9,32.0,10.0,Clear,0,21.6
2024-02-02,Chandigarh,41,1.5,27.5,7.0,Clear,0,29.3
2024-02-03,Chandigarh,28,0.2,42.0,2.4,Fog,0,25.0
2024-02-04,Chandigarh,92,113.4,23.0,10.0,Thunderstorm,1,27.6
2024-05-02,Chandigarh,82,0.4,22.3,6.6,Sunny,0,32.0
2024-06-02,Chandigarh,70,1.0,5.4,7.4,Cloudy,0,31.4
2024-02-07,Chandigarh,54,1.8,36.2,11.5,Clear,0,24.2
2024-02-08,Chandigarh,91,0.6,5.9,5.7,Cloudy,0,31.88888888888889
2024-02-09,Chandigarh,79,1.7,29.4,2.5,Fog,0,33.0
2024-10-02,Chandigarh,,0.4,29.4,11.1,Sunny,0,31.3
2024-11-02,Chandigarh,90,105.5,20.4,10.0,Heavy Rain,1,31.0
2024-12-02,Chandigarh,96,0.2,  ,7.3,Clear,0,24.6
2024-02-13,Chandigarh,70,1.8,24.7,9.4,Clear,0,28.7
2024-02-14,Chandigarh,63,0.9,16.3,6.5,Clear,0,22.9
2024-02-15,Chandigarh,65,0.0,31.4,8.7,Cloudy,0,29.6
2024-02-16,Chandigarh,78,1.0,28.4,9.0,Clear,0,29.4
2024-02-17,Chandigarh,60,1.0,31.3,4.7,Clear,0,35.5
2024-02-18,Chandigarh,87,0.1,21.9,6.1,Cloudy,0,29.1
2024-02-19,Chandigarh,40,0.3,32.1,0.3,Fog,0,29.9
2024-02-20,Chandigarh,69,1.7,16.6,5.1,Clear,0,26.9
2024-02-21,Chandigarh,44,1.0,5.0,6.0,Sunny,0,33.6
2024-02-22,Chandigarh,62,18.2,27.8,5.7,Heavy Rain,0,31.9
2024-02-23,Chandigarh,95,1.5,42.6,7.7,Cloudy,0,30.3
2024-02-24,Chandigarh,57,1.1,11.4,11.7,Clear,0,31.7
2024-02-25,Chandigarh,41,1.9,4.0,8.2,Cloudy,0,28.9
2024-02-27,Chandigarh,98,1.3,44.7,9.5,Clear,0,31.3
2024-02-28,Chandigarh,59,1.6,29.7,11.9,Cloudy,0,33.5
2024-02-29,Chandigarh,,1.2,22.2,11.7,Sunny,0,25.4
2024-03-01,Chandigarh,30,1.8,44.1,6.7,Clear,0,
2024-02-03,Chandigarh,82,55.3,30.4,9.4,Rain,0,32.1
2024-03-03,Chandigarh,90,30.5,24.9,9.3,Rain,1,28.8
2024-03-04,Chandigarh,54,96.8,7.1,11.2,Rain,0,30.4
2024-05-03,Chandigarh,unknown,117.2,40.4,7.9,Thunderstorm,0,31.1
2024-06-03,Chandigarh,93,1.8,-,0.4,Fog,0,34.8
2024-07-03,Chandigarh,31,1.0,36.6,10.0,Clear,0,38.5
2024-08-03,Chandigarh,72,0.9,41.6,11.8,Clear,0,86.2
2024-09-03,Chandigarh,28,1.2,22.2,10.7,Clear,0,28.6
2024-03-10,Chandigarh,96,116.8,17.1,11.3,Rain,0,31.8
2024-03-11,Chandigarh,-,1.3,2.1,6.2,Clear,0,31.0
2024-12-03,Chandigarh,89,0.0,31.8,7.9,Sunny,0,28.7
2024-03-13,Chandigarh,49,0.4,7.4,6.6,Cloudy,0,97.7
2024-03-14,Chandigarh,38,1.9,19.3,8.6,Cloudy,0,31.6
2024-03-15,Chandigarh,48,6.0,37.3,8.3,Rain,0,34.1
2024-03-16,Chandigarh,34,1.9,34.6,7.9,Clear,0,35.8
2024-03-17,Chandigarh,58,1.6,25.1,0.5,Fog,0,29.88888888888889
2024-03-18,Chandigarh,93,109.1,5.6,6.5,Rain,1,31.2
2024-03-19,Chandigarh,42,0.2,44.9,4.6,Sunny,0,32.2
2024-03-20,Chandigarh,46,1.2,14.5,4.5,Clear,0,32.27777777777778
2024-03-21,Chandigarh,93,0.6,37.0,5.3,Cloudy,0,86.9
2024-03-22,Chandigarh,30,0.1,9.8,9.1,Clear,0,30.27777777777778
2024-03-23,Chandigarh,74,0.1,36.1,8.5,Clear,0,35.4
2024-03-24,Chandigarh,80,2.0,32.8,5.4,Clear,0,33.94444444444444
2024-03-25,Chandigarh,42,1.4,40.7,11.1,Clear,0,33.9
2024-03-26,Chandigarh,39,1.8,44.7,6.6,Cloudy,0,32.9
2024-03-27,Chandigarh,73,93.5,5.9,10.3,Rain,1,36.77777777777778
2024-03-28,Chandigarh,46,0.4,22.7,4.7,Clear,0,29.555555555555557
2024-03-29,Chandigarh,33,1.6,43.7,7.7,Cloudy,0,30.6
2024-03-30,Chandigarh,63,1.2,23.0,8.0,Cloudy,0,32.8
2024-03-31,Chandigarh,73,117.5,3.0,7.9,Heavy Rain,0,32.9
2024-01-04,Chandigarh,41,88.7,23.0,7.9,Thunderstorm,0,32.0
2024-02-04,Chandigarh,96,45.2,35.5,6.4,Rain,0,27.5
2024-03-04,Chandigarh,53,95.2,6.3,8.6,Rain,1,31.166666666666668
2024-04-04,Chandigarh,,21.4,8.6,10.1,Rain,1,31.1
2024-04-05,Chandigarh,50,1.8,16.8,10.9,Sunny,0,28.4
2024-06-04,Chandigarh,76,0.3,13.3,4.6,Clear,0,35.1
2024-07-04,Chandigarh,52,0.7,36.6,8.5,Clear,0,27.5
2024-08-04,Chandigarh,-,0.4,28.9,9.9,Sunny,0,35.0
2024-04-09,Chandigarh,35,1.9,40.0,2.0,Fog,0,31.4
2024-10-04,Chandigarh,91,1.0,9.1,9.0,Clear,0,30.2
2024-04-11,Chandigarh,66,0.2,27.6,8.3,Cloudy,0,32.1
2024-04-12,Chandigarh,58,104.2,23.9,9.3,Rain,0,26.6
2024-04-13,Chandigarh,32,30.3,7.8,10.2,Rain,0,27.555555555555554
2024-04-14,Chandigarh,86,1.6,33.4,5.9,Cloudy,0,30.6
2024-04-15,Chandigarh,48,95.3,39.5,8.0,Heavy Rain,1,28.7
2024-04-16,Chandigarh,39,0.7,14.7,11.7,Clear,0,32.111111111111114
2024-04-17,Chandigarh,48,1.9,34.3,5.4,Clear,0,80.9
2024-04-18,Chandigarh,35,40.7,10.3,6.4,Heavy Rain,1,
2024-04-19,Chandigarh,60,110.5,18.5,12.0,Rain,0,37.2
2024-04-20,Chandigarh,57,1.1,37.1,10.0,Cloudy,0,19.8
2024-04-21,Chandigarh,95,1.1,19.9,7.5,Clear,0,28.3
2024-04-22,Chandigarh,87,0.9,42.9,4.2,Clear,0,31.5
2024-04-23,Chandigarh,65,59.0,30.8,7.4,Heavy Rain,1,86.2
2024-04-24,Chandigarh,40,0.3,36.0,4.5,Clear,0,35.4
2024-04-25,Chandigarh,88,0.1,16.3,7.5,Clear,0,32.9
2024-04-26,Chandigarh,85,112.3,43.2,6.5,Rain,0,28.6
2024-04-27,Chandigarh,57,2.0,35.7,11.8,Sunny,0,34.5
2024-04-28,Chandigarh,68,1.5,24.7,10.0,Clear,0,33.5
2024-04-29,Chandigarh,82,0.3,26.6,6.2,Cloudy,0,27.722222222222225
2024-04-30,Chandigarh,58,1.5,3.7,9.9,Cloudy,0,31.38888888888889
2024-01-05,Chandigarh,90,0.8,16.3,7.2,Cloudy,0,39.4
2024-05-02,Chandigarh,48,96.2,24.7,4.9,Rain,0,33.5
2024-05-03,Chandigarh,89,1.5,14.7,10.2,Clear,0,28.6
2024-04-05,Chandigarh,88,90.9,38.2,5.2,Thunderstorm,0,28.5
2024-05-05,Chandigarh,28,0.8,36.1,2.6,Fog,0,32.4
2024-05-06,Chandigarh,75,21.4,22.2,10.0,Rain,1,30.0
2024-07-05,Chandigarh,46,0.5,16.0,8.4,Clear,0,30.4
2024-05-08,Chandigarh,60,1.0,5.6,11.4,Sunny,0,27.6
2024-05-09,Chandigarh,65,115.3,29.1,10.8,Thunderstorm,0,27.5
2024-05-10,Chandigarh,36,1.9,16.4,11.5,Clear,0,31.0
2024-05-11,Chandigarh,86,0.6,2.4,9.4,Clear,0,87.1
2024-05-12,Chandigarh,54,0.2,38.4,10.3,Cloudy,0,
2024-05-13,Chandigarh,56,0.2,28.2,8.3,Clear,0,30.5
2024-05-14,Chandigarh,41,0.7,25.4,7.0,Clear,0,31.0
2024-05-15,Chandigarh,74,89.6,7.6,5.4,Rain,1,35.7
2024-05-16,Chandigarh,75,0.2,12.4,6.7,Clear,0,24.9
2024-05-17,Chandigarh,53,1.7,36.1,4.5,Sunny,0,28.6
2024-05-18,Chandigarh,75,86.4,4.5,7.7,Thunderstorm,0,33.3
2024-05-19,Chandigarh,96,69.0,36.6,5.5,Thunderstorm,0,29.0
2024-05-20,Chandigarh,85,93.4,25.6,9.9,Thunderstorm,0,35.2
2024-05-21,Chandigarh,90,1.8,43.1,10.2,Sunny,0,26.8
2024-05-22,Chandigarh,29,1.9,4.6,8.3,Cloudy,0,26.7
2024-05-23,Chandigarh,83,48.3,22.9,9.1,Rain,0,30.61111111111111
2024-05-24,Chandigarh,93,1.6,13.0,8.4,Cloudy,0,27.3
2024-05-25,Chandigarh,44,0.3,23.4,9.0,Clear,0,31.6
2024-05-26,Chandigarh,77,1.1,13.9,11.5,Cloudy,0,30.2
2024-05-27,Chandigarh,74,0.7,41.7,11.5,Clear,0,33.2
2024-05-28,Chandigarh,67,1.3,7.5,11.9,Clear,0,35.0
2024-05-29,Chandigarh,74,0.1,26.9,8.8,Clear,0,28.5
2024-05-30,Chandigarh,74,0.2,18.2,8.7,Cloudy,0,30.9
2024-06-01,Chandigarh,80,31.5,6.7,9.8,Rain,0,26.3
2024-06-02,Chandigarh,83,1.2,37.7,2.9,Fog,0,35.6
2024-06-03,Chandigarh,54,1.6,9.2,6.5,Cloudy,0,34.333333333333336
2024-06-04,Chandigarh,53,1.1,29.5,9.1,Clear,0,30.2
2024-06-05,Chandigarh,41,1.8,32.9,5.4,Cloudy,0,28.0
2024-06-06,Chandigarh,36,1.8,17.0,6.1,Clear,0,27.9
2024-06-07,Chandigarh,98,1.1,28.9,11.8,Sunny,0,28.6
2024-06-08,Chandigarh,,47.5,16.4,10.2,Heavy Rain,0,26.166666666666664
2024-09-06,Chandigarh,76,0.6,17.8,9.5,Sunny,0,25.1
2024-06-10,Chandigarh,63,1.8,23.5,9.1,Clear,0,24.3
2024-11-06,Chandigarh,88,0.0,,9.8,Cloudy,0,21.9
2024-12-06,Chandigarh,85,102.4,11.7,5.5,Heavy Rain,0,23.2
2024-06-13,Chandigarh,unknown,1.7,42.3,7.1,Clear,0,25.3
2024-06-14,Chandigarh,88,1.5,9.8,6.5,Cloudy,0,
2024-06-15,Chandigarh,51,1.6,,6.5,Cloudy,0,26.4
2024-06-16,Chandigarh,29,1.6,2.2,6.2,Cloudy,0,23.9
2024-06-17,Chandigarh,,0.2,29.2,4.1,Cloudy,0,27.0
2024-06-18,Chandigarh,91,0.0,43.5,6.1,Clear,0,18.0
2024-06-19,Chandigarh,65,0.6,13.7,5.3,Clear,0,25.7
2024-06-20,Chandigarh,61,1.9,2.7,6.6,Clear,0,28.7
2024-06-21,Chandigarh,53,0.9,30.6,8.9,Clear,0,27.9
2024-06-22,Chandigarh,,112.5,26.0,6.5,Rain,1,26.1
2024-06-23,Chandigarh,37,1.0,31.6,9.6,Clear,0,27.722222222222225
2024-06-24,Chandigarh,69,1.8,35.7,11.3,Clear,0,25.6
2024-06-25,Chandigarh,55,0.5,23.5,4.5,Clear,0,24.5
2024-06-26,Chandigarh,45,53.5,44.6,8.7,Rain,1,22.4
2024-06-27,Chandigarh,76,0.7,27.6,11.4,Clear,0,28.8
2024-06-28,Chandigarh,35,45.7,35.6,9.7,Heavy Rain,1,21.1
2024-06-29,Chandigarh,34,1.2,30.1,5.8,Cloudy,0,28.5
2024-06-30,Chandigarh,unknown,0.2,34.6,6.0,Cloudy,0,25.6
2024-01-07,Chandigarh,71,47.5,30.3,6.8,Thunderstorm,0,23.22222222222222
2024-07-02,Chandigarh,,114.4,10.4,4.4,Heavy Rain,0,26.8
2024-03-07,Chandigarh,51,0.7,37.6,5.8,Cloudy,0,26.8
2024-07-04,Chandigarh,71,0.8,9.8,5.3,Cloudy,0,25.9
2024-05-07,Chandigarh,51,1.6,43.0,9.5,Clear,0,24.8
2024-07-06,Chandigarh,94,0.9,23.9,10.7,Clear,0,26.1
2024-07-07,Chandigarh,84,0.6,16.1,6.7,Sunny,0,25.3
2024-08-07,Chandigarh,33,0.1,38.9,4.2,Cloudy,0,81.7
2024-07-09,Chandigarh,97,1.1,31.9,10.3,Clear,0,22.1
2024-07-10,Chandigarh,64,0.6,5.0,11.5,Clear,0,26.722222222222218
2024-07-11,Chandigarh,86,0.9,6.1,2.1,Fog,0,18.2
2024-07-12,Chandigarh,83,1.9,3.8,6.8,Clear,0,
2024-07-13,Chandigarh,60,1.4,9.6,2.4,Fog,0,24.4
2024-07-14,Chandigarh,69,63.0,34.2,7.7,Rain,0,19.8
2024-07-15,Chandigarh,52,0.0,42.1,8.7,Clear,0,25.5
2024-07-16,Chandigarh,69,0.1,22.9,10.8,Clear,0,21.9
2024-07-17,Chandigarh,50,1.6,9.5,6.1,Clear,0,23.3
2024-07-18,Chandigarh,,0.5,5.3,9.7,Cloudy,0,24.1
2024-07-19,Chandigarh,36,42.1,6.3,11.2,Rain,1,21.1
2024-07-20,Chandigarh,90,0.5,9.9,10.1,Clear,0,23.0
2024-07-21,Chandigarh,75,0.3,16.5,9.9,Clear,0,21.9
2024-07-23,Chandigarh,32,0.5,17.3,11.2,Cloudy,0,
2024-07-24,Chandigarh,32,1.8,21.5,1.0,Fog,0,22.16666666666667
2024-07-25,Chandigarh,65,53.6,5.9,6.3,Rain,0,
2024-07-26,Chandigarh,76,38.7,31.8,8.6,Rain,0,23.4
2024-07-27,Chandigarh,30,1.4,14.3,9.5,Clear,0,15.0
2024-07-28,Chandigarh,28,0.7,25.4,1.9,Fog,0,21.833333333333332
2024-07-29,Chandigarh,87,57.0,22.9,6.9,Heavy Rain,0,21.9
2024-07-30,Chandigarh,,1.1,22.7,11.8,Cloudy,0,17.666666666666668
2024-07-31,Chandigarh,87,2.0,44.2,9.1,Clear,0,22.2
2024-01-08,Chandigarh,33,1.5,40.4,7.4,Clear,0,17.0
2024-08-02,Chandigarh,96,0.9,24.3,5.7,Clear,0,18.2
2024-08-03,Chandigarh,92,1.1,5.5,8.8,Cloudy,0,22.4
2024-08-05,Chandigarh,44,1.5,30.5,7.0,Clear,0,16.0
2024-08-06,Chandigarh,39,0.8,24.7,1.0,Fog,0,25.0
2024-07-08,Chandigarh,38,67.0,8.5,7.3,Thunderstorm,0,13.9
2024-08-09,Chandigarh,59,21.2,13.1,7.7,Rain,1,18.055555555555557
2024-10-08,Chandigarh,55,1.6,9.4,5.2,Cloudy,0,21.1
2024-11-08,Chandigarh,87,1.2,32.2,7.5,Clear,0,20.5
2024-12-08,Chandigarh,57,1.4,33.3,11.5,Cloudy,0,59.3
2024-08-13,Chandigarh,83,0.1,6.3,4.3,Clear,0,19.2
2024-08-14,Chandigarh,65,1.2,6.9,6.9,Clear,0,19.6
2024-08-15,Chandigarh,48,1.7,39.7,9.2,Clear,0,16.5
2024-08-16,Chandigarh,44,1.4,32.1,6.9,Clear,0,16.9
2024-08-17,Chandigarh,47,0.2,14.1,11.5,Clear,0,16.9
2024-08-18,Chandigarh,30,83.7,6.8,5.3,Heavy Rain,0,15.1
2024-08-19,Chandigarh,43,1.9,18.4,7.4,Cloudy,0,16.88888888888889
2024-08-20,Chandigarh,54,13.6,29.9,4.3,Heavy Rain,0,
2024-08-21,Chandigarh,43,1.3,35.5,5.5,Clear,0,15.6
2024-08-22,Chandigarh,85,0.6,12.0,10.4,Clear,0,11.4
2024-08-23,Chandigarh,77,79.0,7.5,9.3,Rain,0,13.4
2024-08-24,Chandigarh,48,1.9,5.2,4.5,Clear,0,19.9
2024-08-25,Chandigarh,32,1.3,34.9,6.9,Sunny,0,20.7
2024-08-26,Chandigarh,76,22.3,17.9,7.9,Thunderstorm,0,19.9
2024-08-27,Chandigarh,65,1.8,11.8,9.0,Clear,0,17.6
2024-08-28,Chandigarh,91,1.2,6.5,8.3,Cloudy,0,19.7
2024-08-29,Chandigarh,35,0.8,29.2,6.1,Clear,0,18.2
2024-08-30,Chandigarh,72,0.6,9.8,11.1,Clear,0,17.1
2024-08-31,Chandigarh,76,0.4,22.3,2.7,Fog,0,17.5
2024-09-01,Chandigarh,64,1.4,36.6,11.5,Clear,0,15.0
2024-09-02,Chandigarh,35,1.1,12.0,0.4,Fog,0,19.0
2024-03-09,Chandigarh,94,1.0,4.5,8.7,Cloudy,0,59.9
2024-04-09,Chandigarh,49,96.0,37.0,11.0,Rain,1,10.7
2024-09-05,Chandigarh,42,1.5,16.6,2.7,Fog,0,11.944444444444445
2024-06-09,Chandigarh,71,0.7,29.5,6.4,Cloudy,0,19.944444444444446
2024-07-09,Chandigarh,-,1.2,8.3,8.6,Cloudy,0,17.8
2024-08-09,Chandigarh,63,0.0,11.6,10.3,Clear,0,14.444444444444445
2024-09-09,Chandigarh,85,1.3,11.0,5.7,Clear,0,17.5
2024-10-09,Chandigarh,,0.7,9.2,10.8,Sunny,0,20.5
2024-12-09,Chandigarh,91,1.9,8.5,9.8,Cloudy,0,18.7
2024-09-13,Chandigarh,46,76.5,16.3,5.0,Rain,0,17.6
2024-09-14,Chandigarh,89,1.6,34.3,7.7,Clear,0,16.8
2024-09-15,Chandigarh,93,0.3,3.0,6.0,Clear,0,17.1
2024-09-16,Chandigarh,85,1.3,20.7,7.9,Clear,0,26.4
2024-09-17,Chandigarh,92,1.1,33.7,4.2,Clear,0,17.9
2024-09-18,Chandigarh,33,1.0,39.8,2.0,Fog,0,14.9
2024-09-19,Chandigarh,90,9.8,22.1,6.5,Thunderstorm,1,18.7
2024-09-20,Chandigarh,47,0.9,43.0,1.6,Fog,0,13.2
2024-09-21,Chandigarh,45,36.7,4.7,10.9,Rain,0,17.27777777777778
2024-09-22,Chandigarh,86,70.6,30.2,7.3,Heavy Rain,1,14.3
2024-09-23,Chandigarh,45,95.8,33.2,8.2,Rain,0,21.0
2024-09-24,Chandigarh,93,1.6,38.0,6.0,Cloudy,0,13.2
2024-09-25,Chandigarh,80,39.4,37.2,5.5,Rain,1,15.3
2024-09-26,Chandigarh,94,27.0,42.4,10.3,Rain,1,19.2
2024-09-27,Chandigarh,82,0.2,33.4,6.2,Cloudy,0,17.6
2024-09-28,Chandigarh,88,1.1,3.8,5.7,Clear,0,23.3
2024-09-29,Chandigarh,97,0.2,11.6,11.4,Clear,0,16.7
2024-09-30,Chandigarh,72,85.9,32.3,9.1,Rain,1,10.9
2024-10-01,Chandigarh,97,1.4,27.0,10.6,Cloudy,0,19.0
2024-10-02,Chandigarh,30,57.0,38.0,7.1,Rain,1,
2024-03-10,Chandigarh,87,1.6,8.7,10.5,Cloudy,0,18.5
2024-10-04,Chandigarh,68,0.2,15.4,8.0,Clear,0,69.2
2024-05-10,Chandigarh,76,0.9,26.4,9.6,Cloudy,0,16.555555555555557
2024-10-06,Chandigarh,82,21.4,22.0,8.9,Rain,0,
2024-07-10,Chandigarh,70,107.5,21.4,9.0,Rain,0,20.4
2024-08-10,Chandigarh,50,24.3,4.5,9.0,Rain,1,16.1
2024-10-09,Chandigarh,62,1.7,32.1,5.0,Sunny,0,60.6
2024-10-10,Chandigarh,79,18.0,33.2,4.6,Rain,1,10.9
2024-10-11,Chandigarh,73,118.5,21.3,9.7,Heavy Rain,0,12.2
2024-12-10,Chandigarh,51,17.3,17.2,10.9,Heavy Rain,0,61.5
2024-10-13,Chandigarh,84,2.0,33.2,7.4,Clear,0,14.9
2024-10-14,Chandigarh,46,11.9,6.6,4.1,Heavy Rain,1,19.3
2024-10-15,Chandigarh,97,0.8,39.4,8.4,Clear,0,15.1
2024-10-16,Chandigarh,82,1.5,26.3,10.6,Cloudy,0,22.8
2024-10-17,Chandigarh,78,106.2,15.9,9.3,Rain,0,15.4
2024-10-18,Chandigarh,45,0.5,35.6,9.6,Cloudy,0,9.8
2024-10-19,Chandigarh,62,17.0,15.5,8.9,Rain,0,14.2
2024-10-20,Chandigarh,79,0.4,11.2,5.9,Cloudy,0,21.1
2024-10-21,Chandigarh,34,1.3,2.6,5.1,Clear,0,18.2
2024-10-23,Chandigarh,98,102.2,30.6,8.9,Heavy Rain,1,15.5
2024-10-24,Chandigarh,91,0.4,10.2,9.6,Sunny,0,16.5
2024-10-25,Chandigarh,78,1.2,41.6,5.0,Clear,0,21.5
2024-10-26,Chandigarh,93,1.5,6.6,5.2,Sunny,0,8.166666666666668
2024-10-27,Chandigarh,97,34.6,26.2,10.8,Rain,0,14.8
2024-10-28,Chandigarh,55,54.2,17.3,8.8,Thunderstorm,0,19.5
2024-10-29,Chandigarh,41,68.7,34.8,9.7,Heavy Rain,0,15.5
2024-10-30,Chandigarh,36,0.3,35.0,8.2,Cloudy,0,16.055555555555557
2024-10-31,Chandigarh,65,0.9,33.6,6.9,Clear,0,12.6
2024-11-01,Chandigarh,62,1.3,21.1,2.9,Fog,0,17.5
2024-11-02,Chandigarh,70,1.8,18.6,7.6,Clear,0,14.3
2024-03-11,Chandigarh,45,2.0,31.5,8.8,Clear,0,17.2
2024-04-11,Chandigarh,50,1.8,7.2,7.3,Clear,0,17.2
2024-11-05,Chandigarh,92,116.0,4.2,11.3,Rain,0,14.3
2024-11-06,Chandigarh,97,0.7,18.8,6.6,Clear,0,16.8
2024-11-07,Chandigarh,31,1.4,24.5,10.9,Cloudy,0,23.6
2024-08-11,Chandigarh,64,0.4,30.2,6.5,Clear,0,63.5
2024-11-09,Chandigarh,51,0.6,9.8,12.0,Clear,0,16.4
2024-11-10,Chandigarh,85,15.7,32.0,9.4,Rain,1,19.1
2024-11-11,Chandigarh,41,0.3,16.7,7.2,Clear,0,12.5
2024-11-12,Chandigarh,90,45.5,9.1,9.5,Rain,0,17.2
2024-11-13,Chandigarh,88,0.9,44.5,8.1,Clear,0,20.2
2024-11-14,Chandigarh,55,0.8,7.9,7.0,Sunny,0,13.3
2024-11-15,Chandigarh,  ,0.3,7.0,7.7,Cloudy,0,16.4
2024-11-16,Chandigarh,58,1.6,16.0,8.4,Sunny,0,13.4
2024-11-17,Chandigarh,86,0.8,24.6,8.6,Clear,0,20.1
2024-11-18,Chandigarh,84,0.7,43.0,4.2,Cloudy,0,20.5
2024-11-19,Chandigarh,65,0.2,18.6,5.0,Cloudy,0,16.8
2024-11-20,Chandigarh,32,0.1,37.6,1.7,Fog,0,19.8
2024-11-21,Chandigarh,73,0.5,33.7,8.6,Clear,0,19.0
2024-11-22,Chandigarh,98,1.8,23.9,7.6,Clear,0,19.1
2024-11-23,Chandigarh,61,0.8,32.0,4.9,Cloudy,0,20.6
2024-11-24,Chandigarh,87,1.6,44.4,10.0,Clear,0,17.7
2024-11-25,Chandigarh,30,13.9,12.1,9.8,Rain,0,18.3
2024-11-26,Chandigarh,36,1.6,11.8,11.2,Clear,0,21.5
2024-11-27,Chandigarh,74,1.9,44.8,10.4,Cloudy,0,17.4
2024-11-28,Chandigarh,60,44.4,24.6,5.0,Rain,0,21.8
2024-11-29,Chandigarh,71,1.5,41.9,10.6,Clear,0,19.8
2024-11-30,Chandigarh,61,101.7,21.3,10.5,Rain,0,16.0
2024-01-12,Chandigarh,49,1.1,14.6,9.6,Clear,0,19.4
2024-12-02,Chandigarh,84,52.7,35.9,7.6,Rain,0,69.5
2024-03-12,Chandigarh,33,0.9,22.1,7.1,Clear,0,22.3
2024-04-12,Chandigarh,45,119.6,11.0,9.7,Heavy Rain,0,20.8
2024-12-05,Chandigarh,83,0.5,43.6,8.6,Sunny,0,20.1
2024-06-12,Chandigarh,74,20.1,40.6,9.5,Thunderstorm,0,18.0
2024-12-07,Chandigarh,58,9.8,16.2,4.4,Rain,1,20.7
2024-12-08,Chandigarh,73,30.2,43.2,9.4,Heavy Rain,0,16.8
2024-12-09,Chandigarh,51,0.7,12.9,11.0,Cloudy,0,17.5
2024-12-10,Chandigarh,61,1.7,27.2,7.3,Clear,0,17.7
2024-11-12,Chandigarh,91,0.6,13.2,6.3,Cloudy,0,19.0
2024-12-12,Chandigarh,81,1.6,32.1,11.1,Clear,0,
2024-12-13,Chandigarh,83,0.2,11.8,10.4,Clear,0,75.5
2024-12-14,Chandigarh,35,0.1,17.7,9.2,Cloudy,0,24.2
2024-12-15,Chandigarh,80,20.1,7.9,8.8,Rain,0,67.1
2024-12-16,Chandigarh,40,0.3,14.2,1.3,Fog,0,21.333333333333336
2024-12-17,Chandigarh,32,0.1,11.9,11.4,Cloudy,0,24.72222222222222
2024-12-18,Chandigarh,49,0.4,17.1,4.4,Clear,0,23.8
2024-12-19,Chandigarh,64,0.1,3.6,10.3,Clear,0,22.7
2024-12-20,Chandigarh,89,37.8,13.4,10.1,Rain,1,23.1
2024-12-21,Chandigarh,74,57.7,19.1,6.4,Rain,1,23.5
2024-12-22,Chandigarh,42,2.0,25.7,2.2,Fog,0,20.9
2024-12-23,Chandigarh,43,0.6,22.5,8.1,Clear,0,16.8
2024-12-24,Chandigarh,53,95.7,43.1,7.7,Rain,0,23.0
2024-12-25,Chandigarh,66,0.4,36.0,2.0,Fog,0,24.6
2024-12-26,Chandigarh,56,65.6,32.7,4.2,Rain,1,23.3
2024-12-27,Chandigarh,32,25.3,35.2,10.4,Rain,0,25.6
2024-12-28,Chandigarh,64,1.3,22.3,5.8,Sunny,0,23.6
2024-12-29,Chandigarh,65,2.0,15.9,7.4,Sunny,0,21.4
2024-12-30,Chandigarh,59,1.1,42.5,10.4,Cloudy,0,21.2
2024-12-31,Chandigarh,33,0.6,7.2,5.6,Cloudy,0,22.7
2025-01-01,Chandigarh,38,1.3,3.6,8.2,Clear,0,21.0
2025-02-01,Chandigarh,85,45.7,12.3,4.6,Rain,0,20.9
2025-03-01,Chandigarh,37,78.4,17.0,8.7,Rain,0,24.61111111111111
2025-01-04,Chandigarh,37,0.6,32.8,5.9,Cloudy,0,27.4
2025-01-05,Chandigarh,72,50.9,25.5,7.9,Heavy Rain,0,26.7
2025-01-06,Chandigarh,49,1.2,38.3,6.2,Clear,0,22.1
2025-01-07,Chandigarh,78,0.6,4.1,11.2,Clear,0,25.8
2025-08-01,Chandigarh,41,1.6,7.6,9.9,Sunny,0,26.722222222222218
2025-09-01,Chandigarh,49,1.7,44.4,1.3,Fog,0,27.2
2025-01-10,Chandigarh,59,69.7,15.4,10.6,Rain,1,28.4
2025-01-11,Chandigarh,49,0.3,10.9,6.6,Clear,0,20.7
2025-01-12,Chandigarh,32,1.6,26.6,10.3,Cloudy,0,29.8
2025-01-13,Chandigarh,58,0.8,19.7,1.7,Fog,0,22.6
2025-01-14,Chandigarh,60,0.1,30.7,1.8,Fog,0,26.4
2025-01-15,Chandigarh,94,0.5,21.3,10.9,Cloudy,0,24.5
2025-01-16,Chandigarh,66,0.6,7.9,8.1,Cloudy,0,29.1
2025-01-17,Chandigarh,29,37.5,34.6,4.6,Rain,0,25.9
2025-01-18,Chandigarh,67,115.5,18.8,11.7,Thunderstorm,1,24.4
2025-01-19,Chandigarh,34,1.3,25.7,8.2,Clear,0,27.2
2025-01-20,Chandigarh,70,0.6,21.4,7.4,Cloudy,0,27.4
2025-01-21,Chandigarh,48,0.1,7.3,5.2,Clear,0,22.4
2025-01-22,Chandigarh,73,1.5,12.2,8.7,Clear,0,28.3
2025-01-23,Chandigarh,46,0.9,44.9,11.5,Clear,0,75.8
2025-01-24,Chandigarh,35,1.4,36.7,7.4,Sunny,0,29.5
2025-01-25,Chandigarh,65,1.7,36.3,7.2,Clear,0,30.6
2025-01-26,Chandigarh,88,1.3,10.1,4.9,Clear,0,23.4
2025-01-27,Chandigarh,31,0.5,29.0,9.3,Cloudy,0,25.2
2025-01-28,Chandigarh,66,0.5,24.4,4.7,Clear,0,75.7
2025-01-29,Chandigarh,89,1.8,4.4,5.0,Clear,0,21.1
2025-01-30,Chandigarh,37,2.0,35.8,9.4,Cloudy,0,31.5
2025-01-31,Chandigarh,40,60.9,13.8,5.1,Rain,0,24.9
2025-01-02,Chandigarh,74,0.0,42.6,7.4,Sunny,0,29.1
2025-02-02,Chandigarh,66,1.2,33.1,8.5,Clear,0,29.1
2025-02-03,Chandigarh,32,2.0,41.6,12.0,Cloudy,0,23.8
2025-02-04,Chandigarh,55,0.2,35.3,0.5,Fog,0,32.2
2025-02-05,Chandigarh,91,0.1,29.0,4.0,Clear,0,25.7
2025-02-06,Chandigarh,38,0.1,40.6,6.8,Sunny,0,31.8
2025-02-07,Chandigarh,53,1.6,28.3,8.5,Sunny,0,26.444444444444443
2025-02-08,Chandigarh,54,8.8,38.4,10.3,Rain,0,30.5
2025-02-09,Chandigarh,89,16.6,35.7,6.5,Rain,0,30.6
2025-02-10,Chandigarh,87,0.9,14.7,6.0,Clear,0,22.9
2025-02-11,Chandigarh,80,1.9,26.2,6.3,Cloudy,0,34.0
2025-02-12,Chandigarh,67,0.4,29.7,11.5,Cloudy,0,31.7
2025-02-13,Chandigarh,46,107.3,41.9,8.6,Rain,0,29.666666666666668
2025-02-14,Chandigarh,62,107.2,33.2,10.7,Heavy Rain,1,27.0
2025-02-15,Chandigarh,69,0.7,10.9,8.5,Clear,0,23.8
2025-02-16,Chandigarh,93,0.1,38.2,11.3,Sunny,0,23.9
2025-02-17,Chandigarh,42,1.5,18.2,4.7,Clear,0,34.7
2025-02-18,Chandigarh,46,0.2,31.1,8.7,Sunny,0,32.2
2025-02-19,Chandigarh,38,117.0,36.5,10.6,Rain,1,29.4
2025-02-20,Chandigarh,64,1.1,37.5,10.4,Clear,0,32.8
2025-02-21,Chandigarh,71,1.5,20.9,11.3,Sunny,0,27.6
2025-02-22,Chandigarh,93,1.9,6.0,1.6,Fog,0,28.0
2025-02-23,Chandigarh,85,0.3,12.8,5.2,Cloudy,0,27.8
2025-02-24,Chandigarh,53,69.0,23.2,6.4,Thunderstorm,0,26.7
2025-02-25,Chandigarh,48,0.5,42.5,9.2,Clear,0,27.8
2025-02-26,Chandigarh,32,0.5,17.3,9.0,Clear,0,28.9
2025-02-27,Chandigarh,45,0.2,25.1,8.6,Sunny,0,33.4
2025-02-28,Chandigarh,67,37.1,39.7,10.8,Thunderstorm,0,31.2
2025-03-01,Chandigarh,40,1.5,28.2,9.3,Cloudy,0,31.5
2025-02-03,Chandigarh,62,90.5,19.3,10.7,Rain,1,
2025-03-03,Chandigarh,51,0.1,30.9,2.0,Fog,0,35.3
2025-04-03,Chandigarh,46,0.9,4.9,4.7,Cloudy,0,30.6
2025-03-05,Chandigarh,53,0.0,39.0,5.2,Cloudy,0,33.2
2025-03-06,Chandigarh,35,1.4,29.4,6.3,Clear,0,25.5
2025-03-07,Chandigarh,  ,1.7,15.7,7.5,Clear,0,32.5
2025-08-03,Chandigarh,55,1.2,37.0,9.8,Cloudy,0,36.3
2025-03-09,Chandigarh,68,1.3,14.4,9.5,Cloudy,0,36.1
2025-10-03,Chandigarh,97,1.5,20.7,10.8,Cloudy,0,26.6
2025-11-03,Chandigarh,31,93.9,39.4,4.0,Rain,0,32.0
2025-12-03,Chandigarh,65,0.5,25.6,4.1,Clear,0,29.8
2025-03-13,Chandigarh,87,0.0,23.5,7.8,Clear,0,32.6
2025-03-14,Chandigarh,71,118.1,21.3,9.8,Rain,1,30.4
2025-03-15,Chandigarh,32,1.1,11.1,7.9,Cloudy,0,30.5
2025-03-16,Chandigarh,73,1.9,16.8,5.5,Clear,0,30.3
2025-03-17,Chandigarh,72,1.2,41.2,8.0,Clear,0,
2025-03-18,Chandigarh,40,63.6,20.0,8.8,Heavy Rain,1,33.4
2025-03-19,Chandigarh,71,0.3,12.2,2.8,Fog,0,36.3
2025-03-20,Chandigarh,43,1.4,40.2,7.2,Sunny,0,31.5
2025-03-21,Chandigarh,33,1.1,23.3,6.9,Cloudy,0,32.3
2025-03-22,Chandigarh,96,1.6,25.9,8.9,Sunny,0,31.1
2025-03-23,Chandigarh,73,0.6,7.0,5.8,Cloudy,0,29.1
2025-03-24,Chandigarh,91,83.9,44.9,9.4,Thunderstorm,0,36.6
2025-03-25,Chandigarh,53,5.1,23.2,8.4,Heavy Rain,0,35.9
2025-03-26,Chandigarh,80,0.6,30.6,11.7,Cloudy,0,32.4
2025-03-27,Chandigarh,97,115.4,3.8,5.9,Thunderstorm,1,37.7
2025-03-28,Chandigarh,89,0.3,5.7,4.7,Cloudy,0,30.88888888888889
2025-03-29,Chandigarh,33,97.0,31.7,4.1,Rain,0,35.5
2025-03-30,Chandigarh,74,1.0,28.3,5.6,Sunny,0,30.5
2025-03-31,Chandigarh,81,83.3,26.3,7.0,Rain,1,36.388888888888886
2025-04-01,Chandigarh,60,101.6,20.8,11.1,Rain,1,29.6
2025-04-02,Chandigarh,47,0.5,40.9,0.6,Fog,0,33.9
2025-04-03,Chandigarh,78,0.4,33.1,7.2,Clear,0,32.833333333333336
2025-04-04,Chandigarh,,0.2,20.7,5.3,Cloudy,0,25.5
2025-05-04,Chandigarh,53,0.9,19.0,1.4,Fog,0,30.4
2025-04-06,Chandigarh,70,0.8,21.4,11.2,Clear,0,28.0
2025-07-04,Chandigarh,29,0.6,28.6,4.2,Sunny,0,31.7
2025-04-08,Chandigarh,43,42.2,36.9,5.3,Heavy Rain,0,38.72222222222222
2025-04-09,Chandigarh,29,1.5,24.4,4.0,Clear,0,33.5
2025-10-04,Chandigarh,94,64.0,17.1,8.7,Rain,0,35.1
2025-04-11,Chandigarh,70,1.5,7.2,11.2,Clear,0,32.3
2025-12-04,Chandigarh,60,24.0,37.6,8.4,Rain,0,26.7
2025-04-13,Chandigarh,85,1.1,6.2,4.1,Clear,0,
2025-04-14,Chandigarh,92,0.7,19.5,7.4,Cloudy,0,33.4
2025-04-15,Chandigarh,85,98.7,27.8,6.8,Rain,0,35.1
2025-04-16,Chandigarh,43,0.9,32.3,9.1,Clear,0,37.5
2025-04-17,Chandigarh,67,1.9,21.9,5.2,Cloudy,0,31.6
2025-04-18,Chandigarh,59,109.2,39.7,8.2,Rain,0,33.8
2025-04-19,Chandigarh,91,1.4,25.6,8.8,Clear,0,
2025-04-20,Chandigarh,53,1.7,5.6,9.7,Clear,0,32.2
2025-04-21,Chandigarh,88,108.8,8.1,4.5,Thunderstorm,1,30.1
2025-04-22,Chandigarh,44,0.7,5.6,7.3,Sunny,0,29.4
2025-04-23,Chandigarh,81,0.1,22.4,2.1,Fog,0,29.7
2025-04-24,Chandigarh,40,1.4,12.8,9.4,Clear,0,29.8
2025-04-25,Chandigarh,43,0.3,3.3,5.0,Clear,0,27.6
2025-04-26,Chandigarh,30,13.4,19.2,4.9,Rain,0,33.333333333333336
2025-04-27,Chandigarh,36,2.0,44.4,10.1,Sunny,0,28.7
2025-04-28,Chandigarh,82,1.3,41.6,9.0,Clear,0,31.2
2025-04-29,Chandigarh,91,1.0,25.0,4.4,Sunny,0,25.9
2025-04-30,Chandigarh,28,1.1,24.0,10.8,Cloudy,0,88.9
2025-01-05,Chandigarh,97,1.2,32.4,10.4,Cloudy,0,30.6
2025-02-05,Chandigarh,unknown,1.5,11.5,8.2,Clear,0,26.4
2025-05-03,Chandigarh,45,0.5,42.6,6.8,Clear,0,87.9
2025-04-05,Chandigarh,98,0.2,2.0,0.4,Fog,0,28.9
2025-05-05,Chandigarh,73,70.5,20.8,10.8,Rain,1,32.4
2025-06-05,Chandigarh,28,0.3,41.7,11.9,Cloudy,0,25.166666666666668
2025-05-07,Chandigarh,82,1.1,5.1,4.3,Sunny,0,26.9
2025-05-08,Chandigarh,64,0.0,24.8,10.9,Clear,0,33.9
2025-05-09,Chandigarh,63,1.7,26.4,0.8,Fog,0,29.666666666666668
2025-05-10,Chandigarh,69,1.8,24.3,10.8,Clear,0,32.0
2025-11-05,Chandigarh,31,0.0,20.7,8.3,Sunny,0,27.7
2025-05-12,Chandigarh,35,1.8,26.9,7.9,Cloudy,0,25.9
2025-05-13,Chandigarh,96,1.6,3.9,4.6,Cloudy,0,25.2
2025-05-14,Chandigarh,30,0.2,24.8,5.1,Cloudy,0,30.7
2025-05-15,Chandigarh,50,2.0,36.3,9.6,Cloudy,0,31.0
2025-05-16,Chandigarh,35,0.5,5.2,6.7,Clear,0,24.9
2025-05-17,Chandigarh,55,78.0,18.2,4.5,Rain,0,29.8
2025-05-18,Chandigarh,85,56.3,39.2,5.2,Rain,1,30.6
2025-05-19,Chandigarh,66,1.7,26.0,4.2,Clear,0,31.1
2025-05-20,Chandigarh,29,32.7,44.7,7.4,Rain,1,26.38888888888889
2025-05-21,Chandigarh,62,93.4,7.3,8.1,Rain,0,27.7
2025-05-22,Chandigarh,32,1.6,6.8,8.9,Clear,0,29.5
2025-05-23,Chandigarh,unknown,1.9,12.1,7.1,Clear,0,28.4
2025-05-24,Chandigarh,78,0.1,35.3,4.5,Cloudy,0,28.1
2025-05-25,Chandigarh,68,0.8,43.8,7.8,Clear,0,32.7
2025-05-26,Chandigarh,75,1.8,26.9,7.1,Cloudy,0,29.5
2025-05-27,Chandigarh,94,1.2,14.4,10.1,Clear,0,24.8
2025-05-28,Chandigarh,89,1.8,21.7,10.7,Sunny,0,23.277777777777782
2025-05-29,Chandigarh,64,0.3,34.9,9.2,Clear,0,26.6
2025-05-30,Chandigarh,80,0.2,34.7,5.7,Clear,0,24.388888888888893
2025-05-31,Chandigarh,52,117.5,10.2,10.9,Thunderstorm,1,29.9
2025-06-01,Chandigarh,39,0.6,26.3,10.9,Cloudy,0,25.1
2025-02-06,Chandigarh,67,0.4,31.4,8.9,Clear,0,28.8
2025-06-03,Chandigarh,98,58.5,-,10.4,Rain,1,28.4
2025-04-06,Chandigarh,42,1.8,4.3,8.1,Clear,0,31.0
2025-06-05,Chandigarh,46,107.5,4.2,4.3,Rain,1,29.0
2025-06-06,Chandigarh,94,0.4,11.4,3.0,Fog,0,26.3
2025-06-07,Chandigarh,46,63.2,11.2,10.4,Rain,0,28.0
2025-06-08,Chandigarh,45,86.1,16.9,10.7,Thunderstorm,0,24.3
2025-09-06,Chandigarh,95,100.9,22.9,9.3,Rain,0,30.1
2025-06-10,Chandigarh,37,7.9,14.9,9.3,Rain,0,
2025-06-11,Chandigarh,78,1.6,16.6,10.7,Clear,0,25.055555555555554
2025-06-12,Chandigarh,95,0.9,23.0,11.1,Sunny,0,24.8
2025-06-13,Chandigarh,29,1.3,9.1,9.4,Cloudy,0,20.8
2025-06-14,Chandigarh,69,0.5,3.4,10.4,Clear,0,25.6
2025-06-15,Chandigarh,76,0.0,20.2,2.6,Fog,0,29.3
2025-06-17,Chandigarh,77,1.8,36.2,5.2,Clear,0,28.1
2025-06-18,Chandigarh,41,0.5,28.6,11.2,Clear,0,26.8
2025-06-19,Chandigarh,88,1.7,43.5,6.1,Cloudy,0,28.2
2025-06-20,Chandigarh,61,102.9,39.8,6.6,Rain,0,24.0
2025-06-21,Chandigarh,63,2.0,15.2,6.7,Cloudy,0,26.3
2025-06-22,Chandigarh,33,0.6,7.4,5.1,Clear,0,20.6
2025-06-23,Chandigarh,88,1.6,41.4,6.9,Cloudy,0,22.6
2025-06-24,Chandigarh,56,1.9,32.3,8.0,Clear,0,24.1
2025-06-25,Chandigarh,,1.9,36.2,4.5,Clear,0,28.3
2025-06-26,Chandigarh,45,0.4,25.4,7.8,Cloudy,0,24.1
2025-06-27,Chandigarh,62,1.9,42.1,7.1,Clear,0,21.2
2025-06-28,Chandigarh,60,14.5,33.7,5.4,Thunderstorm,0,19.9
2025-06-29,Chandigarh,93,6.7,2.8,7.2,Rain,0,27.6
2025-06-30,Chandigarh,33,1.6,22.8,11.8,Clear,0,17.88888888888889
2025-07-01,Chandigarh,97,1.2,43.3,4.9,Cloudy,0,26.4
