work_order_id,vehicle_id,service_date,service_type,parts_replaced,labour_hours,cost_inr,downtime_hours,failure_reported,technician_id
WO-000001,VEH-0475,2024-05-14 00:00:00,Battery Pack Swap,"Motor, ESC",4.9,"38,026.84",19.7,yes,TEC-015
WO-000002,VEH-0475,27/05/2024 00:00,Battery Pack Swap,,6.9,INR 3248.84,20.3,N,TEC-185
WO-000003,VEH-0632,12-12-2024,Routine Inspection,NA,2.9,17940.67,59.7,yes,TEC-072
WO-000004,VEH-0632,10-04-2025,Battery Pack Swap,,0.7,INR 34331.71,73.7,no,TEC-203
WO-000005,VEH-0562,12-12-2024,Motor Overhaul,"Brake Pads, Fluid",1.8,"23,779.23",47.2,no,TEC-067
WO-000006,VEH-0562,2024-08-08 00:00:00,Propeller Replacement,,4.8,INR 15061.16,81.3,,TEC-065
WO-000007,VEH-0562,09/03/2025 00:00,Propeller Replacement,"Brake Pads, Fluid",3.1,"11,186.15",57.3,yes,TEC-145
WO-000008,VEH-0562,04/06/2024 00:00,Frame Repair,,11.3,"24,178.97",38.1,Y,TEC-103
WO-000009,VEH-0652,01/07/2024 00:00,Firmware Update,Battery Pack,11.0,"46,944.87",5.2,,TEC-091
WO-000010,VEH-0652,24/10/2024 00:00,Motor Overhaul,,10.5,43895.28,38.0,no,TEC-130
WO-000011,VEH-0652,09/05/2024 00:00,Landing Gear Fix,Propeller x2,3.3,39747.03,41.2,no,TEC-096
WO-000012,VEH-0652,2025-03-10 00:00:00,Landing Gear Fix,NA,3.5,"38,791.85",30.0,no,TEC-076
WO-000013,VEH-0333,29/08/2024 00:00,Frame Repair,Landing Skid,13.4,INR 34503.72,92.2,Y,TEC-042
WO-000014,VEH-0333,2024-04-01 00:00:00,Battery Pack Swap,Battery Pack,1.2,"3,615.50",24.4,,TEC-100
WO-000015,VEH-0540,22/09/2024 00:00,Engine Service,Landing Skid,3.3,INR 16818.55,82.5,N,TEC-174
WO-000016,VEH-0540,30/07/2024 00:00,Tyre Change,,6.0,16138.0,67.5,yes,TEC-103
WO-000017,VEH-0540,2025-03-29 00:00:00,Engine Service,Propeller x2,5.7,"17,260.20",7.9,,TEC-127
WO-000018,VEH-0540,09-02-2024,Routine Inspection,,4.6,INR 38695.39,36.3,no,TEC-039
WO-000019,VEH-0540,03/04/2024 00:00,Firmware Update,Propeller x2,2.6,"24,792.95",49.7,N,TEC-200
WO-000020,VEH-0540,2024-02-07 00:00:00,Landing Gear Fix,"Brake Pads, Fluid",1.6,44619.43,95.2,,TEC-172
WO-000021,VEH-0310,21/11/2024 00:00,Frame Repair,Battery Pack,11.0,"34,790.23",60.2,N,TEC-102
WO-000022,VEH-0310,24/12/2024 00:00,Motor Overhaul,Landing Skid,2.4,INR 37145.35,15.5,yes,TEC-191
WO-000023,VEH-0310,07/02/2025 00:00,Engine Service,NA,4.8,"19,075.68",42.7,Y,TEC-059
WO-000024,VEH-0310,2024-05-08 00:00:00,Firmware Update,Propeller x2,10.4,"30,672.58",35.2,Y,TEC-216
WO-000025,VEH-0480,2024-02-01 00:00:00,Firmware Update,Battery Pack,4.4,INR 1084.97,8.9,Y,TEC-150
WO-000026,VEH-0480,2024-08-03 00:00:00,Engine Service,"Brake Pads, Fluid",5.4,5995.37,2.5,,TEC-180
WO-000027,VEH-0480,20-11-2024,Motor Overhaul,Propeller x2,5.5,46145.84,45.6,N,TEC-107
WO-000028,VEH-0480,2025-04-10 00:00:00,Frame Repair,,8.4,"11,796.86",7.9,no,TEC-114
WO-000029,VEH-0480,03-03-2024,Firmware Update,,1.1,19355.55,63.0,yes,TEC-087
WO-000030,VEH-0480,09-01-2024,Propeller Replacement,Landing Skid,13.3,INR 35916.92,31.3,,TEC-179
WO-000031,VEH-0224,07/05/2024 00:00,Tyre Change,NA,7.3,INR 42626.28,61.5,,TEC-202
WO-000032,VEH-0224,18-05-2024,Frame Repair,NA,2.1,INR 33066.05,82.6,Y,TEC-144
WO-000033,VEH-0365,01-08-2024,Motor Overhaul,Propeller x2,6.3,38329.99,54.0,no,TEC-126
WO-000034,VEH-0365,13/09/2024 00:00,Frame Repair,,6.4,45956.21,15.4,Y,TEC-174
WO-000035,VEH-0365,10/05/2024 00:00,Frame Repair,"Motor, ESC",13.1,34522.91,31.3,no,TEC-052
WO-000036,VEH-0365,17/06/2024 00:00,Battery Pack Swap,Propeller x2,3.9,"6,918.38",81.2,yes,TEC-076
WO-000037,VEH-0491,2024-12-16 00:00:00,Tyre Change,Propeller x2,9.8,23172.29,36.5,no,TEC-143
WO-000038,VEH-0491,2024-10-24 00:00:00,Battery Pack Swap,,8.2,"27,368.30",11.3,,TEC-009
WO-000039,VEH-0491,09-06-2024,Tyre Change,NA,7.1,1240.59,42.9,no,TEC-110
WO-000040,VEH-0491,05-06-2024,Firmware Update,Propeller x2,2.5,INR 6347.87,67.6,no,TEC-140
WO-000041,VEH-0491,11/05/2024 00:00,Routine Inspection,Propeller x2,13.6,37014.34,27.2,yes,TEC-031
WO-000042,VEH-0491,27-01-2024,Battery Pack Swap,Battery Pack,12.1,28624.42,52.0,,TEC-057
WO-000043,VEH-0199,2024-08-14 00:00:00,Routine Inspection,Battery Pack,4.5,16540.65,9.9,,TEC-120
WO-000044,VEH-0199,28-05-2025,Firmware Update,Propeller x2,12.0,INR 10127.94,43.4,Y,TEC-135
WO-000045,VEH-0199,21-05-2025,Tyre Change,Battery Pack,9.5,"44,499.39",82.7,Y,TEC-200
WO-000046,VEH-0199,06-12-2024,Routine Inspection,NA,3.3,"16,422.26",23.0,no,TEC-057
WO-000047,VEH-0199,2024-05-11 00:00:00,Battery Pack Swap,Propeller x2,3.6,INR 13752.50,15.2,no,TEC-067
WO-000048,VEH-0199,11/10/2024 00:00,Engine Service,Battery Pack,8.8,INR 11275.49,4.3,yes,TEC-141
WO-000049,VEH-0278,26/06/2025 00:00,Engine Service,"Motor, ESC",4.3,"33,444.67",4.9,Y,TEC-069
WO-000050,VEH-0034,20/11/2024 00:00,Routine Inspection,,10.6,"42,108.70",94.3,yes,TEC-216
WO-000051,VEH-0034,22-12-2024,Routine Inspection,NA,8.1,"1,396.62",61.9,no,TEC-002
WO-000052,VEH-0537,06-03-2024,Engine Service,Propeller x2,2.1,2672.11,20.0,N,TEC-153
WO-000053,VEH-0537,2024-03-29 00:00:00,Motor Overhaul,"Brake Pads, Fluid",6.8,INR 1193.46,49.9,N,TEC-052
WO-000054,VEH-0537,28/09/2024 00:00,Firmware Update,"Motor, ESC",3.5,INR 14403.01,94.7,no,TEC-080
WO-000055,VEH-0537,16/02/2025 00:00,Engine Service,"Brake Pads, Fluid",4.7,"43,017.12",27.6,,TEC-187
WO-000056,VEH-0537,21-11-2024,Engine Service,"Motor, ESC",2.5,INR 16298.82,7.9,yes,TEC-174
WO-000057,VEH-0103,12-03-2024,Routine Inspection,Battery Pack,2.2,"24,119.11",91.6,N,TEC-219
WO-000058,VEH-0103,2024-09-06 00:00:00,Battery Pack Swap,Propeller x2,9.0,"12,946.17",90.0,no,TEC-100
WO-000059,VEH-0103,2024-07-19 00:00:00,Brake Pad Replacement,Battery Pack,7.0,"24,049.84",5.5,yes,TEC-063
WO-000060,VEH-0103,2024-07-17 00:00:00,Frame Repair,,13.1,"27,588.10",88.6,no,TEC-138
WO-000061,VEH-0103,2025-03-13 00:00:00,Frame Repair,NA,7.9,INR 12719.60,31.4,,TEC-111
WO-000062,VEH-0164,15-01-2025,Landing Gear Fix,Propeller x2,13.1,41820.49,9.4,no,TEC-038
WO-000063,VEH-0164,2024-12-19 00:00:00,Landing Gear Fix,Battery Pack,6.3,INR 13885.09,11.3,no,TEC-039
WO-000064,VEH-0487,01-10-2024,Routine Inspection,Landing Skid,7.0,"32,568.91",80.9,Y,TEC-195
WO-000065,VEH-0487,2024-06-15 00:00:00,Propeller Replacement,Battery Pack,12.4,"27,985.45",33.5,no,TEC-002
WO-000066,VEH-0487,03/11/2024 00:00,Landing Gear Fix,"Motor, ESC",3.8,38233.13,27.8,,TEC-029
WO-000067,VEH-0487,2025-02-06 00:00:00,Propeller Replacement,NA,11.0,"26,872.46",89.1,N,TEC-126
WO-000068,VEH-0487,18-11-2024,Motor Overhaul,"Motor, ESC",10.5,"34,695.62",76.3,yes,TEC-087
WO-000069,VEH-0487,2024-01-03 00:00:00,Routine Inspection,Propeller x2,10.8,"15,572.14",42.6,N,TEC-004
WO-000070,VEH-0528,2024-08-12 00:00:00,Brake Pad Replacement,"Brake Pads, Fluid",7.9,INR 14242.97,39.5,,TEC-093
WO-000071,VEH-0528,2024-10-03 00:00:00,Motor Overhaul,"Motor, ESC",9.1,23683.09,72.5,Y,TEC-123
WO-000072,VEH-0593,2024-12-16 00:00:00,Motor Overhaul,Battery Pack,2.4,"8,720.14",26.8,,TEC-028
WO-000073,VEH-0677,26-03-2025,Brake Pad Replacement,NA,12.6,INR 31925.47,77.4,,TEC-107
WO-000074,VEH-0677,10/02/2025 00:00,Tyre Change,Propeller x2,3.2,12404.04,24.4,,TEC-127
WO-000075,VEH-0677,2024-02-12 00:00:00,Propeller Replacement,Propeller x2,11.9,INR 5186.43,58.4,N,TEC-110
WO-000076,VEH-0542,2025-03-12 00:00:00,Routine Inspection,,9.2,19921.73,59.4,N,TEC-172
WO-000077,VEH-0542,09-04-2024,Landing Gear Fix,Landing Skid,0.5,INR 43538.08,86.7,no,TEC-109
WO-000078,VEH-0542,2024-01-29 00:00:00,Brake Pad Replacement,"Brake Pads, Fluid",12.1,INR 37961.24,50.4,N,TEC-018
WO-000079,VEH-0066,2024-09-12 00:00:00,Brake Pad Replacement,Landing Skid,12.1,"7,377.17",13.2,N,TEC-030
WO-000080,VEH-0066,2024-11-08 00:00:00,Routine Inspection,,13.7,6445.52,86.9,Y,TEC-045
WO-000081,VEH-0066,07/02/2024 00:00,Brake Pad Replacement,,5.3,INR 17703.00,5.7,N,TEC-039
WO-000082,VEH-0066,22-06-2024,Brake Pad Replacement,"Brake Pads, Fluid",8.7,10974.14,20.2,yes,TEC-194
WO-000083,VEH-0231,2024-11-24 00:00:00,Propeller Replacement,,2.5,25784.86,90.0,no,TEC-010
WO-000084,VEH-0231,22-05-2025,Engine Service,Landing Skid,0.8,"30,442.72",10.9,,TEC-021
WO-000085,VEH-0231,28/05/2025 00:00,Engine Service,Battery Pack,5.1,INR 33253.35,57.7,Y,TEC-176
WO-000086,VEH-0231,2025-06-07 00:00:00,Routine Inspection,,7.3,"4,988.04",85.8,Y,TEC-202
WO-000087,VEH-0231,2024-10-09 00:00:00,Engine Service,Landing Skid,11.6,27474.35,57.0,N,TEC-144
WO-000088,VEH-0231,28-06-2024,Brake Pad Replacement,Battery Pack,9.8,INR 4498.27,41.5,,TEC-173
WO-000089,VEH-0311,2024-09-28 00:00:00,Battery Pack Swap,Propeller x2,7.3,28851.71,49.3,yes,TEC-080
WO-000090,VEH-0069,27-06-2024,Battery Pack Swap,,1.9,"11,562.74",61.8,,TEC-016
WO-000091,VEH-0682,24-02-2025,Routine Inspection,"Brake Pads, Fluid",12.6,"37,557.32",21.9,Y,TEC-023
WO-000092,VEH-0724,2025-06-09 00:00:00,Engine Service,Battery Pack,7.4,INR 2443.10,78.8,,TEC-092
WO-000093,VEH-0724,12-03-2025,Motor Overhaul,NA,4.1,"44,351.99",20.7,,TEC-162
WO-000094,VEH-0724,10/02/2024 00:00,Brake Pad Replacement,Landing Skid,13.1,INR 35630.65,14.5,yes,TEC-193
WO-000095,VEH-0724,04-03-2024,Propeller Replacement,,11.7,2990.83,68.4,no,TEC-113
WO-000096,VEH-0724,21/09/2024 00:00,Propeller Replacement,NA,1.1,INR 33711.15,13.6,yes,TEC-005
WO-000097,VEH-0236,27/06/2024 00:00,Motor Overhaul,Battery Pack,8.9,29906.52,20.6,N,TEC-085
WO-000098,VEH-0236,2024-01-23 00:00:00,Motor Overhaul,Battery Pack,8.1,19308.92,66.8,yes,TEC-001
WO-000099,VEH-0236,2024-06-06 00:00:00,Engine Service,NA,12.6,"12,682.05",92.4,yes,TEC-042
WO-000100,VEH-0236,2024-04-12 00:00:00,Propeller Replacement,Propeller x2,5.6,"22,169.33",62.0,no,TEC-002
WO-000101,VEH-0520,23/04/2024 00:00,Brake Pad Replacement,Battery Pack,9.3,"31,280.29",68.2,N,TEC-169
WO-000102,VEH-0520,01/06/2024 00:00,Propeller Replacement,Landing Skid,9.7,"5,961.65",3.2,no,TEC-213
WO-000103,VEH-0520,16-02-2025,Engine Service,"Brake Pads, Fluid",-,INR 35634.44,91.9,no,TEC-028
WO-000104,VEH-0520,12-03-2024,Brake Pad Replacement,Battery Pack,11.6,28814.95,55.8,no,TEC-137
WO-000105,VEH-0520,2024-03-22 00:00:00,Propeller Replacement,"Motor, ESC",13.2,"14,987.29",18.8,Y,TEC-103
WO-000106,VEH-0018,12/12/2024 00:00,Firmware Update,Battery Pack,1.2,4735.47,50.9,,TEC-204
WO-000107,VEH-0018,16-12-2024,Routine Inspection,Landing Skid,2.0,"43,031.28",39.1,yes,TEC-067
WO-000108,VEH-0030,02-07-2024,Brake Pad Replacement,,6.8,"13,207.51",56.3,N,TEC-027
WO-000109,VEH-0030,03/03/2024 00:00,Motor Overhaul,NA,5.6,43654.15,26.4,,TEC-169
WO-000110,VEH-0030,08-05-2024,Propeller Replacement,"Brake Pads, Fluid",2.8,INR 44553.02,5.1,Y,TEC-157
WO-000111,VEH-0030,2024-02-28 00:00:00,Firmware Update,"Brake Pads, Fluid",1.1,"36,625.20",61.8,,TEC-063
WO-000112,VEH-0030,2025-01-03 00:00:00,Frame Repair,"Motor, ESC",4.0,"33,480.80",20.8,no,TEC-091
WO-000113,VEH-0030,2025-03-06 00:00:00,Tyre Change,NA,5.2,INR 15831.69,26.3,,TEC-034
WO-000114,VEH-0190,2024-01-30 00:00:00,Motor Overhaul,Battery Pack,9.2,46740.5,41.9,Y,TEC-097
WO-000115,VEH-0422,13-04-2025,Routine Inspection,"Brake Pads, Fluid",2.9,INR 32953.36,60.3,Y,TEC-029
WO-000116,VEH-0422,26/06/2025 00:00,Routine Inspection,Battery Pack,6.5,"17,971.40",56.7,Y,TEC-173
WO-000117,VEH-0422,07/04/2025 00:00,Routine Inspection,NA,12.3,INR 16454.95,61.4,N,TEC-077
WO-000118,VEH-0433,06-05-2024,Engine Service,,1.3,17709.88,65.0,,TEC-120
WO-000119,VEH-0433,18-08-2024,Engine Service,NA,6.6,"36,270.30",94.6,,TEC-083
WO-000120,VEH-0433,06/10/2024 00:00,Brake Pad Replacement,,1.6,"35,947.26",87.6,,TEC-166
WO-000121,VEH-0433,18-05-2025,Battery Pack Swap,"Motor, ESC",13.5,"23,299.64",27.0,,TEC-195
WO-000122,VEH-0433,21-03-2024,Frame Repair,NA,13.4,7724.68,63.5,yes,TEC-215
WO-000123,VEH-0015,2024-01-10 00:00:00,Battery Pack Swap,Battery Pack,10.3,INR 30750.65,64.8,,TEC-001
WO-000124,VEH-0015,22-05-2025,Landing Gear Fix,,5.9,42300.05,63.9,Y,TEC-208
WO-000125,VEH-0002,24/05/2025 00:00,Propeller Replacement,NA,6.0,INR 28225.03,47.9,Y,TEC-042
WO-000126,VEH-0002,27-02-2025,Routine Inspection,"Motor, ESC",9.3,16795.81,51.4,Y,TEC-203
WO-000127,VEH-0002,10/02/2025 00:00,Motor Overhaul,NA,5.0,INR 14592.80,50.1,Y,TEC-068
WO-000128,VEH-0002,2024-05-23 00:00:00,Motor Overhaul,,2.7,"28,192.47",61.8,yes,TEC-009
WO-000129,VEH-0002,2024-01-25 00:00:00,Engine Service,Landing Skid,0.9,"37,470.64",76.5,N,TEC-203
WO-000130,VEH-0118,2024-04-26 00:00:00,Firmware Update,Landing Skid,4.3,"6,955.46",46.3,yes,TEC-171
WO-000131,VEH-0118,27/05/2025 00:00,Routine Inspection,Propeller x2,13.2,7282.28,67.1,Y,TEC-009
WO-000132,VEH-0118,19-08-2024,Motor Overhaul,"Brake Pads, Fluid",10.3,9909.76,72.9,no,TEC-186
WO-000133,VEH-0118,2025-02-09 00:00:00,Propeller Replacement,"Brake Pads, Fluid",1.2,41889.72,18.8,no,TEC-073
WO-000134,VEH-0118,2025-03-09 00:00:00,Engine Service,NA,3.3,9082.19,59.8,no,TEC-096
WO-000135,VEH-0548,05-03-2025,Routine Inspection,NA,12.3,"20,127.35",34.4,no,TEC-163
WO-000136,VEH-0548,16/11/2024 00:00,Motor Overhaul,NA,2.0,"18,535.76",93.8,,TEC-010
WO-000137,VEH-0207,2025-06-27 00:00:00,Brake Pad Replacement,Battery Pack,7.1,"9,772.70",11.0,Y,TEC-003
WO-000138,VEH-0207,2025-01-06 00:00:00,Frame Repair,"Motor, ESC",11.9,"35,955.30",78.7,,TEC-207
WO-000139,VEH-0207,30-01-2024,Propeller Replacement,"Motor, ESC",12.6,INR 35018.90,42.3,,TEC-201
WO-000140,VEH-0207,2024-10-06 00:00:00,Propeller Replacement,Propeller x2,NA,23321.35,81.5,,TEC-177
WO-000141,VEH-0295,2024-07-10 00:00:00,Engine Service,Battery Pack,9.8,"27,221.24",94.5,Y,TEC-101
WO-000142,VEH-0295,07-06-2024,Firmware Update,Propeller x2,4.6,INR 27985.16,16.4,N,TEC-150
WO-000143,VEH-0046,05-02-2025,Firmware Update,Landing Skid,11.7,"16,949.97",92.0,yes,TEC-139
WO-000144,VEH-0046,25/02/2024 00:00,Landing Gear Fix,NA,4.8,INR 22653.40,14.1,Y,TEC-021
WO-000145,VEH-0046,2024-11-22 00:00:00,Firmware Update,Propeller x2,10.1,13772.94,13.6,no,TEC-103
WO-000146,VEH-0046,2024-03-25 00:00:00,Brake Pad Replacement,"Brake Pads, Fluid",N/A,"15,986.23",54.1,Y,TEC-132
WO-000147,VEH-0046,19/02/2025 00:00,Engine Service,Propeller x2,7.1,INR 16509.47,39.4,Y,TEC-115
WO-000148,VEH-0316,02-07-2025,Frame Repair,Propeller x2,1.6,INR 19657.88,55.7,no,TEC-092
WO-000149,VEH-0523,2024-04-07 00:00:00,Routine Inspection,"Motor, ESC",7.8,INR 43940.29,4.4,N,TEC-063
WO-000150,VEH-0523,03/04/2024 00:00,Brake Pad Replacement,Battery Pack,2.5,INR 15463.21,44.5,N,TEC-126
WO-000151,VEH-0523,2024-01-24 00:00:00,Engine Service,Landing Skid,5.0,INR 29064.45,28.3,,TEC-116
WO-000152,VEH-0523,01/01/2025 00:00,Brake Pad Replacement,"Brake Pads, Fluid",11.6,INR 5897.43,63.1,no,TEC-021
WO-000153,VEH-0523,27/08/2024 00:00,Brake Pad Replacement,"Brake Pads, Fluid",7.0,22328.99,54.5,,TEC-018
WO-000154,VEH-0123,06-04-2025,Engine Service,,8.1,23352.9,7.9,no,TEC-084
WO-000155,VEH-0646,2024-09-04 00:00:00,Tyre Change,,8.3,708.88,35.6,no,TEC-161
WO-000156,VEH-0646,2024-12-16 00:00:00,Motor Overhaul,Battery Pack,11.7,"41,647.62",73.2,Y,TEC-142
WO-000157,VEH-0646,2024-08-03 00:00:00,Battery Pack Swap,,2.0,18854.74,26.9,no,TEC-027
WO-000158,VEH-0646,27/08/2024 00:00,Routine Inspection,NA,11.9,"15,478.58",23.2,N,TEC-087
WO-000159,VEH-0646,08-01-2025,Brake Pad Replacement,,4.9,6693.64,76.5,N,TEC-203
WO-000160,VEH-0646,06-04-2025,Tyre Change,,5.9,"27,625.71",39.0,N,TEC-066
WO-000161,VEH-0216,16/08/2024 00:00,Propeller Replacement,Landing Skid,5.1,22941.44,48.8,,TEC-098
WO-000162,VEH-0216,02/03/2025 00:00,Engine Service,Battery Pack,11.6,740.77,87.0,Y,TEC-182
WO-000163,VEH-0216,03/09/2024 00:00,Frame Repair,Battery Pack,3.7,"26,778.05",29.6,yes,TEC-042
WO-000164,VEH-0664,05-06-2025,Tyre Change,Propeller x2,1.3,"26,501.24",77.7,,TEC-030
WO-000165,VEH-0664,2024-03-01 00:00:00,Landing Gear Fix,,11.4,INR 23380.25,20.1,yes,TEC-053
WO-000166,VEH-0664,13/09/2024 00:00,Battery Pack Swap,NA,9.9,1240.43,15.0,N,TEC-168
WO-000167,VEH-0664,24-12-2024,Brake Pad Replacement,Landing Skid,3.1,"16,196.00",46.1,no,TEC-208
WO-000168,VEH-0664,03-10-2024,Motor Overhaul,,0.7,41723.53,10.5,no,TEC-035
WO-000169,VEH-0227,03-04-2025,Brake Pad Replacement,Propeller x2,9.3,"21,968.91",75.5,N,TEC-078
WO-000170,VEH-0251,07-07-2024,Engine Service,Battery Pack,11.5,750.50,48.3,yes,TEC-144
WO-000171,VEH-0251,2024-06-28 00:00:00,Propeller Replacement,"Brake Pads, Fluid",4.0,INR 24569.07,90.8,,TEC-160
WO-000172,VEH-0251,2024-07-25 00:00:00,Motor Overhaul,NA,10.8,9919.69,71.1,N,TEC-024
WO-000173,VEH-0251,2024-02-13 00:00:00,Engine Service,"Brake Pads, Fluid",11.4,INR 8350.48,1.8,Y,TEC-174
WO-000174,VEH-0251,18/02/2024 00:00,Frame Repair,"Brake Pads, Fluid",8.5,INR 24001.13,93.0,,TEC-136
WO-000175,VEH-0251,2025-02-12 00:00:00,Motor Overhaul,Battery Pack,4.9,INR 19961.33,4.0,Y,TEC-047
WO-000176,VEH-0108,01/12/2024 00:00,Landing Gear Fix,"Brake Pads, Fluid",0.5,INR 20149.99,60.2,yes,TEC-104
WO-000177,VEH-0381,27-08-2024,Routine Inspection,,12.4,"39,257.20",60.9,no,TEC-136
WO-000178,VEH-0381,25-11-2024,Tyre Change,Battery Pack,11.8,16804.25,3.1,N,TEC-151
WO-000179,VEH-0204,2024-08-03 00:00:00,Routine Inspection,Propeller x2,9.0,35095.92,16.9,Y,TEC-019
WO-000180,VEH-0204,27/09/2024 00:00,Propeller Replacement,,1.8,28292.76,29.5,N,TEC-015
WO-000181,VEH-0204,06-08-2024,Routine Inspection,,10.5,"18,268.89",56.6,Y,TEC-177
WO-000182,VEH-0204,2025-01-05 00:00:00,Routine Inspection,Battery Pack,11.0,17684.92,47.0,,TEC-017
WO-000183,VEH-0524,13/03/2025 00:00,Landing Gear Fix,Landing Skid,3.7,"28,901.56",1.8,yes,TEC-101
WO-000184,VEH-0524,10-10-2024,Propeller Replacement,,4.9,20300.49,68.4,N,TEC-057
WO-000185,VEH-0524,2024-08-23 00:00:00,Motor Overhaul,"Motor, ESC",11.4,11474.79,37.0,,TEC-038
WO-000186,VEH-0524,05-04-2025,Routine Inspection,Battery Pack,9.7,INR 39431.01,74.7,yes,TEC-088
WO-000187,VEH-0284,07/11/2024 00:00,Frame Repair,"Brake Pads, Fluid",null,"9,180.57",81.2,yes,TEC-146
WO-000188,VEH-0146,02-12-2024,Landing Gear Fix,NA,11.1,"33,285.13",9.0,N,TEC-168
WO-000189,VEH-0146,21/03/2024 00:00,Propeller Replacement,NA,,32168.69,49.3,no,TEC-151
WO-000190,VEH-0146,2025-02-12 00:00:00,Landing Gear Fix,Propeller x2,3.8,"11,936.31",38.2,no,TEC-134
WO-000191,VEH-0146,11/11/2024 00:00,Engine Service,"Brake Pads, Fluid",12.4,"1,989.78",85.1,yes,TEC-134
WO-000192,VEH-9337,11/02/2025 00:00,Engine Service,"Brake Pads, Fluid",8.0,INR 28483.96,59.3,yes,TEC-047
WO-000193,VEH-0511,2025-06-06 00:00:00,Frame Repair,"Motor, ESC",10.7,"22,360.36",81.4,no,TEC-172
WO-000194,VEH-0380,12/03/2024 00:00,Routine Inspection,NA,10.9,31607.84,89.7,Y,TEC-161
WO-000195,VEH-0380,2025-04-17 00:00:00,Landing Gear Fix,Battery Pack,13.1,"22,020.14",95.7,N,TEC-219
WO-000196,VEH-0380,2025-03-27 00:00:00,Landing Gear Fix,Landing Skid,-,"7,968.38",69.9,no,TEC-062
WO-000197,VEH-0380,2025-03-01 00:00:00,Landing Gear Fix,NA,13.8,"47,795.01",80.3,N,TEC-129
WO-000198,VEH-0380,21-05-2025,Propeller Replacement,Landing Skid,4.4,"23,086.28",52.2,N,TEC-084
WO-000199,VEH-0530,02-01-2025,Motor Overhaul,Landing Skid,10.5,"35,567.01",42.0,,TEC-203
WO-000200,VEH-0530,30-03-2024,Routine Inspection,,unknown,INR 2667.48,49.1,N,TEC-079
WO-000201,VEH-0530,09/01/2025 00:00,Brake Pad Replacement,Propeller x2,1.4,INR 9123.35,84.6,no,TEC-071
WO-000202,VEH-0592,2024-11-12 00:00:00,Frame Repair,NA,9.9,30465.33,20.0,Y,TEC-172
WO-000203,VEH-0592,03/09/2024 00:00,Landing Gear Fix,NA,8.8,46253.73,3.4,N,TEC-108
WO-000204,VEH-0592,2024-05-18 00:00:00,Engine Service,"Motor, ESC",11.7,INR 12110.27,50.0,,TEC-064
WO-000205,VEH-0592,2025-04-13 00:00:00,Tyre Change,"Brake Pads, Fluid",11.6,"46,456.83",32.2,no,TEC-126
WO-000206,VEH-0592,27/09/2024 00:00,Propeller Replacement,"Motor, ESC",10.3,INR 44639.38,65.3,,TEC-157
WO-000207,VEH-0592,2024-09-09 00:00:00,Frame Repair,NA,1.0,"38,205.67",72.1,Y,TEC-096
WO-000208,VEH-0272,05-07-2024,Motor Overhaul,Landing Skid,2.2,"39,667.62",85.8,,TEC-205
WO-000209,VEH-0272,19/05/2025 00:00,Brake Pad Replacement,Propeller x2,13.2,INR 41047.67,40.9,yes,TEC-027
WO-000210,VEH-0272,03/07/2024 00:00,Engine Service,Landing Skid,2.3,21631.44,75.6,,TEC-187
WO-000211,VEH-0272,2024-12-29 00:00:00,Brake Pad Replacement,,12.4,INR 19829.05,56.7,N,TEC-101
WO-000212,VEH-0272,26/06/2025 00:00,Firmware Update,Propeller x2,unknown,"43,937.24",88.9,no,TEC-188
WO-000213,VEH-0272,2025-06-10 00:00:00,Engine Service,Propeller x2,13.6,2038.9,55.0,no,TEC-082
WO-000214,VEH-0073,2024-04-15 00:00:00,Firmware Update,NA,2.6,INR 10789.75,36.2,yes,TEC-213
WO-000215,VEH-0073,25/01/2024 00:00,Routine Inspection,"Brake Pads, Fluid",13.9,INR 30928.34,4.7,yes,TEC-039
WO-000216,VEH-0073,09/08/2024 00:00,Routine Inspection,"Brake Pads, Fluid",11.3,24692.42,43.7,Y,TEC-137
WO-000217,VEH-0535,30-08-2024,Frame Repair,Landing Skid,11.4,10746.08,30.5,,TEC-061
WO-000218,VEH-0535,2025-01-27 00:00:00,Engine Service,"Brake Pads, Fluid",13.3,"9,856.23",26.0,yes,TEC-169
WO-000219,VEH-0535,05-04-2024,Propeller Replacement,,6.3,36140.06,19.2,yes,TEC-200
WO-000220,VEH-0463,2025-03-02 00:00:00,Tyre Change,"Brake Pads, Fluid",  ,"44,588.02",94.1,N,TEC-021
WO-000221,VEH-0463,29/06/2024 00:00,Brake Pad Replacement,Battery Pack,3.4,14543.12,95.3,,TEC-052
WO-000222,VEH-0141,2024-09-25 00:00:00,Battery Pack Swap,NA,7.5,"13,136.13",74.3,yes,TEC-045
WO-000223,VEH-0141,27/09/2024 00:00,Battery Pack Swap,NA,10.8,INR 19265.69,27.5,Y,TEC-017
WO-000224,VEH-0141,07-06-2025,Frame Repair,Battery Pack,7.9,INR 41985.60,18.0,,TEC-007
WO-000225,VEH-0141,2025-05-22 00:00:00,Propeller Replacement,"Motor, ESC",13.8,"13,706.66",5.6,,TEC-166
WO-000226,VEH-0141,27-09-2024,Motor Overhaul,Propeller x2,0.7,"24,901.39",8.7,Y,TEC-065
WO-000227,VEH-0141,2025-06-13 00:00:00,Propeller Replacement,,1.5,"44,461.24",30.9,N,TEC-038
WO-000228,VEH-0128,24/01/2025 00:00,Frame Repair,Landing Skid,6.9,"45,290.91",22.6,no,TEC-159
WO-000229,VEH-0128,13/06/2024 00:00,Routine Inspection,,4.8,29589.47,62.7,Y,TEC-037
WO-000230,VEH-0128,23-01-2024,Engine Service,"Motor, ESC",6.6,"40,958.35",51.0,yes,TEC-206
WO-000231,VEH-0128,04/02/2024 00:00,Battery Pack Swap,Landing Skid,12.6,INR 20736.49,33.4,yes,TEC-111
WO-000232,VEH-0404,26/07/2024 00:00,Tyre Change,Battery Pack,4.1,"22,885.31",19.4,,TEC-061
WO-000233,VEH-0404,23-11-2024,Tyre Change,"Brake Pads, Fluid",5.5,9596.34,1.9,N,TEC-069
WO-000234,VEH-0404,26/01/2025 00:00,Landing Gear Fix,"Brake Pads, Fluid",11.1,"17,057.99",16.4,Y,TEC-218
WO-000235,VEH-0404,06-06-2025,Tyre Change,Battery Pack,12.4,4996.34,44.8,yes,TEC-163
WO-000236,VEH-0416,27/01/2024 00:00,Engine Service,"Brake Pads, Fluid",12.3,INR 16618.83,9.6,yes,TEC-018
WO-000237,VEH-0416,26-09-2024,Battery Pack Swap,NA,1.7,"25,467.81",64.4,yes,TEC-218
WO-000238,VEH-0416,02-12-2024,Tyre Change,NA,13.2,"7,909.99",23.1,yes,TEC-205
WO-000239,VEH-0416,02/06/2024 00:00,Propeller Replacement,"Motor, ESC",2.2,INR 42253.52,25.7,no,TEC-101
WO-000240,VEH-0416,09-12-2024,Engine Service,,13.1,INR 7393.16,24.3,no,TEC-118
WO-000241,VEH-0499,18-12-2024,Brake Pad Replacement,Battery Pack,3.9,"6,620.43",15.4,yes,TEC-164
WO-000242,VEH-0499,06-04-2025,Landing Gear Fix,Propeller x2,9.1,INR 6575.77,39.0,N,TEC-020
WO-000243,VEH-0499,08/06/2024 00:00,Firmware Update,"Motor, ESC",,INR 3403.97,69.6,yes,TEC-050
WO-000244,VEH-0499,2024-09-25 00:00:00,Motor Overhaul,"Brake Pads, Fluid",7.8,"12,868.59",62.4,N,TEC-208
WO-000245,VEH-0499,2025-05-30 00:00:00,Routine Inspection,Battery Pack,1.5,"11,367.94",68.5,no,TEC-220
WO-000246,VEH-0499,18/04/2024 00:00,Brake Pad Replacement,"Motor, ESC",8.2,"46,622.75",45.6,yes,TEC-109
WO-000247,VEH-0687,2025-02-24 00:00:00,Frame Repair,Propeller x2,5.3,38652.75,87.7,Y,TEC-085
WO-000248,VEH-0687,22-04-2025,Battery Pack Swap,Landing Skid,9.2,17854.82,17.8,yes,TEC-095
WO-000249,VEH-0687,27-03-2024,Tyre Change,Landing Skid,0.6,16240.1,24.2,yes,TEC-029
WO-000250,VEH-0139,24-12-2024,Battery Pack Swap,Propeller x2,6.0,INR 15233.68,32.2,no,TEC-034
WO-000251,VEH-0139,2025-06-10 00:00:00,Motor Overhaul,Propeller x2,11.9,INR 29518.81,61.8,Y,TEC-210
WO-000252,VEH-0139,11-03-2025,Battery Pack Swap,Landing Skid,10.2,29649.36,71.7,,TEC-050
WO-000253,VEH-0139,09/11/2024 00:00,Brake Pad Replacement,Landing Skid,9.7,"25,502.45",84.7,,TEC-027
WO-000254,VEH-0362,18/08/2024 00:00,Frame Repair,"Brake Pads, Fluid",7.7,INR 40168.39,94.7,,TEC-188
WO-000255,VEH-0362,13-05-2025,Brake Pad Replacement,Landing Skid,12.6,8222.15,18.6,N,TEC-008
WO-000256,VEH-0464,2024-09-04 00:00:00,Frame Repair,,2.2,"1,671.71",17.9,Y,TEC-023
WO-000257,VEH-0464,28-04-2024,Motor Overhaul,Landing Skid,8.3,"19,943.08",56.7,Y,TEC-115
WO-000258,VEH-0464,22-03-2024,Firmware Update,Propeller x2,8.4,12496.83,8.9,no,TEC-073
WO-000259,VEH-0464,2025-01-25 00:00:00,Tyre Change,Battery Pack,6.4,12344.32,81.5,,TEC-059
WO-000260,VEH-0243,12/05/2024 00:00,Frame Repair,Propeller x2,10.7,"1,459.64",13.9,no,TEC-141
WO-000261,VEH-0243,23-06-2025,Firmware Update,,12.8,35254.54,6.2,,TEC-052
WO-000262,VEH-0243,31-03-2025,Firmware Update,,7.1,36184.69,15.0,,TEC-216
WO-000263,VEH-0243,21-05-2024,Routine Inspection,,4.6,"11,385.77",34.7,no,TEC-220
WO-000264,VEH-0243,23-04-2025,Brake Pad Replacement,"Brake Pads, Fluid",6.3,9098.54,85.1,N,TEC-142
WO-000265,VEH-0243,22-04-2024,Frame Repair,Propeller x2,-,"39,965.54",65.5,,TEC-121
WO-000266,VEH-0522,2024-10-14 00:00:00,Routine Inspection,Landing Skid,4.0,INR 42725.18,12.5,no,TEC-110
WO-000267,VEH-0522,2025-06-09 00:00:00,Engine Service,,8.4,INR 45530.91,27.8,,TEC-214
WO-000268,VEH-0522,2025-02-02 00:00:00,Battery Pack Swap,,11.4,29025.8,70.0,yes,TEC-194
WO-000269,VEH-0275,20/06/2024 00:00,Battery Pack Swap,Battery Pack,2.9,6978.38,63.8,Y,TEC-029
WO-000270,VEH-0275,07-07-2024,Tyre Change,Propeller x2,7.4,INR 35882.95,48.0,N,TEC-045
WO-000271,VEH-0275,17-04-2025,Frame Repair,,3.2,37442.49,12.7,N,TEC-027
WO-000272,VEH-0396,2024-02-17 00:00:00,Routine Inspection,"Brake Pads, Fluid",5.4,19361.52,55.9,,TEC-122
WO-000273,VEH-0396,2024-03-10 00:00:00,Propeller Replacement,"Motor, ESC",0.8,"19,149.33",55.4,,TEC-203
WO-000274,VEH-0396,03/05/2025 00:00,Routine Inspection,NA,5.8,INR 20169.10,13.3,,TEC-156
WO-000275,VEH-0396,2024-07-12 00:00:00,Frame Repair,Propeller x2,4.7,47691.22,67.7,yes,TEC-020
WO-000276,VEH-0345,03/08/2024 00:00,Frame Repair,Landing Skid,6.6,27688.79,21.1,no,TEC-153
WO-000277,VEH-0603,2024-12-22 00:00:00,Motor Overhaul,"Motor, ESC",3.3,45263.28,55.6,,TEC-214
WO-000278,VEH-0603,2024-06-16 00:00:00,Routine Inspection,Propeller x2,2.9,INR 46512.52,66.7,no,TEC-148
WO-000279,VEH-0603,15-05-2025,Routine Inspection,"Motor, ESC",10.7,26766.55,73.2,,TEC-188
WO-000280,VEH-0603,2024-11-02 00:00:00,Routine Inspection,,9.0,"19,599.75",40.6,yes,TEC-131
WO-000281,VEH-0603,08/10/2024 00:00,Motor Overhaul,"Brake Pads, Fluid",2.1,INR 46706.01,62.1,,TEC-084
WO-000282,VEH-0603,06-04-2024,Routine Inspection,,5.5,INR 34182.65,1.3,no,TEC-048
WO-000283,VEH-0584,2024-10-14 00:00:00,Motor Overhaul,,5.6,INR 12030.82,79.5,Y,TEC-107
WO-000284,VEH-0134,2024-05-10 00:00:00,Motor Overhaul,Battery Pack,3.1,19194.81,60.2,no,TEC-206
WO-000285,VEH-0134,24-05-2024,Motor Overhaul,"Brake Pads, Fluid",3.4,INR 29813.41,87.7,Y,TEC-220
WO-000286,VEH-0134,2024-09-08 00:00:00,Landing Gear Fix,Propeller x2,7.9,INR 16337.94,8.7,no,TEC-023
WO-000287,VEH-0134,25-06-2025,Routine Inspection,NA,1.7,"32,864.57",15.3,no,TEC-216
WO-000288,VEH-0196,20/06/2025 00:00,Firmware Update,,13.6,1250.32,28.0,yes,TEC-008
WO-000289,VEH-0196,11/03/2025 00:00,Motor Overhaul,Propeller x2,9.2,INR 12533.59,24.6,no,TEC-091
WO-000290,VEH-0013,19-04-2025,Brake Pad Replacement,,13.3,23096.8,64.5,,TEC-101
WO-000291,VEH-0013,23/02/2025 00:00,Brake Pad Replacement,NA,4.1,44623.81,50.9,yes,TEC-076
WO-000292,VEH-0329,31/01/2025 00:00,Engine Service,NA,6.8,"40,177.48",38.0,,TEC-046
WO-000293,VEH-9105,26-07-2024,Landing Gear Fix,"Motor, ESC",6.7,"12,515.98",69.9,no,TEC-207
WO-000294,VEH-0289,26-06-2024,Propeller Replacement,"Brake Pads, Fluid",5.8,22501.84,35.3,no,TEC-093
WO-000295,VEH-0289,2025-05-11 00:00:00,Routine Inspection,Battery Pack,9.9,INR 37720.85,29.4,N,TEC-192
WO-000296,VEH-0502,30-07-2024,Landing Gear Fix,,4.0,INR 22974.55,92.6,yes,TEC-181
WO-000297,VEH-0502,2024-11-30 00:00:00,Brake Pad Replacement,,6.8,INR 34148.10,19.4,Y,TEC-101
WO-000298,VEH-0502,2025-05-01 00:00:00,Routine Inspection,Propeller x2,10.3,14795.72,57.1,,TEC-084
WO-000299,VEH-0502,01/02/2024 00:00,Routine Inspection,Battery Pack,6.0,32530.89,14.3,yes,TEC-158
WO-000300,VEH-0502,2024-09-27 00:00:00,Brake Pad Replacement,"Motor, ESC",7.6,"42,720.24",52.2,Y,TEC-090
WO-000301,VEH-0710,29/01/2024 00:00,Firmware Update,Battery Pack,6.2,INR 13137.47,88.0,Y,TEC-009
WO-000302,VEH-0299,27/10/2024 00:00,Propeller Replacement,Propeller x2,2.2,INR 46001.92,92.4,Y,TEC-185
WO-000303,VEH-0299,12/05/2025 00:00,Frame Repair,NA,0.8,INR 7376.61,66.2,no,TEC-037
WO-000304,VEH-0299,2024-01-04 00:00:00,Landing Gear Fix,Battery Pack,10.1,"29,053.25",40.7,,TEC-024
WO-000305,VEH-0142,01/07/2025 00:00,Engine Service,,2.4,"45,550.02",79.0,no,TEC-185
WO-000306,VEH-0142,2025-05-03 00:00:00,Landing Gear Fix,Battery Pack,0.7,INR 33983.19,84.7,N,TEC-188
WO-000307,VEH-0142,2024-04-19 00:00:00,Landing Gear Fix,"Brake Pads, Fluid",5.3,"36,853.54",6.7,yes,TEC-023
WO-000308,VEH-0142,01-05-2024,Frame Repair,NA,9.5,INR 19474.43,45.5,,TEC-013
WO-000309,VEH-0142,31/01/2024 00:00,Engine Service,Propeller x2,10.9,INR 8138.24,32.3,,TEC-090
WO-000310,VEH-0274,2025-05-13 00:00:00,Firmware Update,"Motor, ESC",5.6,13291.29,32.1,,TEC-070
WO-000311,VEH-0274,2025-06-04 00:00:00,Motor Overhaul,Propeller x2,NA,"46,213.13",1.7,Y,TEC-067
WO-000312,VEH-0274,13-02-2025,Motor Overhaul,,3.5,46415.81,88.9,yes,TEC-107
WO-000313,VEH-0274,21-04-2024,Engine Service,Propeller x2,3.4,20311.56,37.3,,TEC-101
WO-000314,VEH-0508,24/12/2024 00:00,Routine Inspection,NA,6.1,INR 10509.47,86.7,,TEC-045
WO-000315,VEH-0508,22-06-2024,Frame Repair,"Brake Pads, Fluid",-,45042.0,20.3,yes,TEC-187
WO-000316,VEH-0508,05/04/2024 00:00,Landing Gear Fix,Battery Pack,7.7,INR 2578.15,83.3,N,TEC-103
WO-000317,VEH-0518,21/03/2025 00:00,Brake Pad Replacement,Landing Skid,4.7,7933.21,92.9,no,TEC-167
WO-000318,VEH-0518,17/02/2024 00:00,Tyre Change,,13.8,10912.23,95.8,,TEC-060
WO-000319,VEH-0518,27/02/2025 00:00,Propeller Replacement,Battery Pack,6.1,26352.89,55.2,no,TEC-026
WO-000320,VEH-0518,30-06-2025,Routine Inspection,"Brake Pads, Fluid",4.8,29268.64,34.0,no,TEC-205
WO-000321,VEH-0518,19-02-2025,Engine Service,Propeller x2,5.7,"47,204.37",81.6,Y,TEC-088
WO-000322,VEH-0434,06-02-2025,Landing Gear Fix,Propeller x2,12.1,39665.26,32.9,no,TEC-172
WO-000323,VEH-0434,05-06-2024,Firmware Update,"Motor, ESC",5.7,INR 36144.03,86.2,,TEC-106
WO-000324,VEH-0434,06/03/2025 00:00,Motor Overhaul,Propeller x2,5.3,47184.76,33.4,,TEC-208
WO-000325,VEH-0434,11/04/2024 00:00,Tyre Change,Battery Pack,8.5,25250.18,73.9,yes,TEC-128
WO-000326,VEH-0434,19-04-2025,Battery Pack Swap,Battery Pack,8.3,"38,048.47",67.8,N,TEC-202
WO-000327,VEH-0434,22/12/2024 00:00,Battery Pack Swap,,9.0,13957.77,28.3,yes,TEC-003
WO-000328,VEH-0246,02/04/2024 00:00,Tyre Change,NA,3.4,INR 16528.82,90.0,N,TEC-153
WO-000329,VEH-0246,31/10/2024 00:00,Brake Pad Replacement,Battery Pack,0.6,37309.96,54.0,no,TEC-041
WO-000330,VEH-0246,13-02-2025,Motor Overhaul,Battery Pack,13.6,"43,880.26",73.6,yes,TEC-145
WO-000331,VEH-0246,2024-03-01 00:00:00,Motor Overhaul,Propeller x2,11.7,"36,859.02",69.8,yes,TEC-065
WO-000332,VEH-0399,2025-02-25 00:00:00,Tyre Change,Propeller x2,13.5,"2,468.90",63.5,Y,TEC-102
WO-000333,VEH-0399,14-06-2024,Motor Overhaul,,10.6,43315.14,8.9,N,TEC-157
WO-000334,VEH-0399,04-03-2025,Brake Pad Replacement,NA,2.0,19934.56,95.6,N,TEC-206
WO-000335,VEH-0399,16/03/2024 00:00,Frame Repair,Landing Skid,5.1,INR 29121.05,22.0,,TEC-033
WO-000336,VEH-0399,30/05/2025 00:00,Tyre Change,,2.0,"37,220.76",65.5,Y,TEC-119
WO-000337,VEH-0399,03-01-2024,Brake Pad Replacement,Propeller x2,5.4,INR 19871.09,60.4,,TEC-003
WO-000338,VEH-0076,11-01-2025,Routine Inspection,"Brake Pads, Fluid",11.4,"25,706.09",62.4,Y,TEC-166
WO-000339,VEH-0076,16-06-2025,Battery Pack Swap,"Motor, ESC",11.4,"3,180.56",67.4,yes,TEC-185
WO-000340,VEH-0076,2024-03-18 00:00:00,Motor Overhaul,Propeller x2,2.5,47935.86,54.1,yes,TEC-042
WO-000341,VEH-0076,28/07/2024 00:00,Landing Gear Fix,"Brake Pads, Fluid",2.9,"30,094.73",82.2,Y,TEC-148
WO-000342,VEH-0383,31/03/2024 00:00,Engine Service,Battery Pack,10.1,INR 2608.28,44.1,yes,TEC-030
WO-000343,VEH-0711,2024-02-15 00:00:00,Motor Overhaul,"Brake Pads, Fluid",4.0,19185.28,51.4,no,TEC-193
WO-000344,VEH-0711,2024-05-14 00:00:00,Landing Gear Fix,"Motor, ESC",12.0,INR 16620.49,8.8,N,TEC-012
WO-000345,VEH-0711,24-07-2024,Brake Pad Replacement,NA,1.9,INR 11816.46,73.1,,TEC-051
WO-000346,VEH-0711,23-04-2024,Frame Repair,"Motor, ESC",6.2,INR 36494.10,69.9,no,TEC-118
WO-000347,VEH-0711,24/06/2024 00:00,Frame Repair,Landing Skid,3.5,"33,633.33",46.8,,TEC-068
WO-000348,VEH-0711,02-06-2025,Frame Repair,Battery Pack,9.0,INR 6845.43,87.9,,TEC-163
WO-000349,VEH-0658,2024-04-09 00:00:00,Frame Repair,"Motor, ESC",13.6,INR 38081.77,36.2,Y,TEC-198
WO-000350,VEH-0296,2024-08-13 00:00:00,Brake Pad Replacement,Battery Pack,10.0,6276.8,35.4,,TEC-030
WO-000351,VEH-0296,2025-01-24 00:00:00,Motor Overhaul,NA,8.4,20555.09,32.9,,TEC-036
WO-000352,VEH-0631,2024-06-29 00:00:00,Engine Service,Battery Pack,8.4,INR 38625.83,70.8,,TEC-126
WO-000353,VEH-0622,2024-07-06 00:00:00,Tyre Change,Propeller x2,11.0,16078.89,27.1,Y,TEC-122
WO-000354,VEH-0622,19-01-2024,Brake Pad Replacement,,11.1,INR 37198.00,51.2,Y,TEC-066
WO-000355,VEH-0501,20/02/2024 00:00,Routine Inspection,Landing Skid,7.6,32629.79,64.5,yes,TEC-055
WO-000356,VEH-0501,01-02-2025,Landing Gear Fix,"Brake Pads, Fluid",10.7,39416.32,84.0,yes,TEC-220
WO-000357,VEH-0505,24-04-2025,Motor Overhaul,Propeller x2,1.2,INR 47009.05,89.4,yes,TEC-142
WO-000358,VEH-0133,2025-03-25 00:00:00,Brake Pad Replacement,NA,9.0,"40,419.01",8.9,yes,TEC-180
WO-000359,VEH-0248,18-01-2024,Landing Gear Fix,Battery Pack,9.4,INR 41150.37,67.1,no,TEC-100
WO-000360,VEH-0248,2025-05-02 00:00:00,Propeller Replacement,"Brake Pads, Fluid",3.4,"36,146.54",10.0,N,TEC-133
WO-000361,VEH-0660,29/10/2024 00:00,Tyre Change,Propeller x2,2.4,42210.09,2.5,no,TEC-150
WO-000362,VEH-0660,2024-06-21 00:00:00,Landing Gear Fix,Propeller x2,5.5,INR 6665.48,68.5,yes,TEC-062
WO-000363,VEH-0660,27-02-2024,Firmware Update,NA,6.3,INR 1612.93,16.9,yes,TEC-071
WO-000364,VEH-0200,20-09-2024,Motor Overhaul,Propeller x2,6.5,37511.54,77.1,Y,TEC-217
WO-000365,VEH-0200,2025-06-06 00:00:00,Engine Service,Landing Skid,5.9,11089.82,31.6,N,TEC-067
WO-000366,VEH-0200,19-03-2024,Battery Pack Swap,Propeller x2,7.3,INR 7755.58,38.2,Y,TEC-025
WO-000367,VEH-0200,21-08-2024,Firmware Update,NA,10.9,"6,265.58",26.7,Y,TEC-147
WO-000368,VEH-0733,19-06-2024,Landing Gear Fix,NA,8.9,39770.37,18.4,,TEC-146
WO-000369,VEH-0733,2025-02-07 00:00:00,Engine Service,NA,7.5,"21,110.07",2.2,no,TEC-074
WO-000370,VEH-0733,06/01/2025 00:00,Tyre Change,"Motor, ESC",  ,INR 34499.02,85.5,no,TEC-189
WO-000371,VEH-0733,15/04/2025 00:00,Routine Inspection,"Motor, ESC",8.0,INR 40088.45,79.9,N,TEC-135
WO-000372,VEH-0733,15/02/2025 00:00,Routine Inspection,Battery Pack,6.6,19855.93,89.2,no,TEC-038
WO-000373,VEH-0637,2024-07-05 00:00:00,Motor Overhaul,"Motor, ESC",13.8,"7,193.76",1.0,N,TEC-145
WO-000374,VEH-0637,24-02-2024,Firmware Update,"Motor, ESC",12.2,10641.58,44.0,N,TEC-011
WO-000375,VEH-0637,03-06-2025,Propeller Replacement,Landing Skid,8.5,"30,246.76",48.5,yes,TEC-042
WO-000376,VEH-0637,01-06-2024,Landing Gear Fix,"Motor, ESC",10.3,INR 3190.71,51.3,no,TEC-148
WO-000377,VEH-0637,12-05-2025,Propeller Replacement,Landing Skid,9.0,41565.29,17.8,N,TEC-037
WO-000378,VEH-0614,05-04-2025,Brake Pad Replacement,,0.7,"43,228.13",29.5,,TEC-144
WO-000379,VEH-0614,13/12/2024 00:00,Brake Pad Replacement,Landing Skid,8.8,22557.32,49.6,no,TEC-092
WO-000380,VEH-0614,31/12/2024 00:00,Brake Pad Replacement,Propeller x2,0.9,INR 44060.04,30.6,,TEC-027
WO-000381,VEH-0210,2025-04-26 00:00:00,Firmware Update,Landing Skid,12.4,"26,374.56",22.4,no,TEC-172
WO-000382,VEH-0210,17/06/2024 00:00,Brake Pad Replacement,Propeller x2,13.8,12611.99,8.7,N,TEC-014
WO-000383,VEH-0210,2024-06-26 00:00:00,Frame Repair,Battery Pack,5.1,33758.79,44.2,yes,TEC-062
WO-000384,VEH-0210,2025-05-05 00:00:00,Firmware Update,"Motor, ESC",11.3,"24,991.79",30.1,N,TEC-160
WO-000385,VEH-0516,12/06/2025 00:00,Engine Service,"Motor, ESC",5.7,INR 25058.97,24.6,yes,TEC-128
WO-000386,VEH-0726,2024-02-07 00:00:00,Routine Inspection,"Brake Pads, Fluid",8.1,INR 43219.40,86.5,yes,TEC-062
WO-000387,VEH-0319,17-12-2024,Routine Inspection,Propeller x2,1.9,INR 30700.39,65.1,,TEC-103
WO-000388,VEH-0319,2025-01-04 00:00:00,Tyre Change,Propeller x2,4.4,INR 33727.36,76.9,no,TEC-009
WO-000389,VEH-0319,2025-05-26 00:00:00,Frame Repair,Landing Skid,11.2,"37,021.88",19.4,yes,TEC-044
WO-000390,VEH-0319,2025-03-26 00:00:00,Frame Repair,,9.6,32388.11,50.2,,TEC-065
WO-000391,VEH-0319,05-06-2024,Motor Overhaul,Propeller x2,12.3,INR 16564.10,3.6,,TEC-004
WO-000392,VEH-0319,2024-12-05 00:00:00,Battery Pack Swap,Landing Skid,4.9,26590.57,61.3,Y,TEC-033
WO-000393,VEH-0026,31/03/2025 00:00,Motor Overhaul,"Motor, ESC",5.5,47471.27,84.1,no,TEC-109
WO-000394,VEH-0279,16-05-2025,Brake Pad Replacement,Propeller x2,7.3,INR 22983.73,69.9,N,TEC-184
WO-000395,VEH-0279,18/12/2024 00:00,Brake Pad Replacement,NA,12.0,3382.88,26.0,,TEC-220
WO-000396,VEH-0403,11/10/2024 00:00,Landing Gear Fix,NA,7.0,44079.4,13.6,Y,TEC-129
WO-000397,VEH-0403,15-04-2024,Motor Overhaul,Landing Skid,7.6,"35,264.58",60.5,N,TEC-134
WO-000398,VEH-0431,05/05/2025 00:00,Frame Repair,Landing Skid,13.2,"2,553.21",84.9,no,TEC-188
WO-000399,VEH-0431,18-02-2024,Propeller Replacement,Propeller x2,2.7,29693.14,73.0,,TEC-196
WO-000400,VEH-0431,19-03-2024,Battery Pack Swap,"Motor, ESC",0.9,"19,746.27",50.5,Y,TEC-100
WO-000401,VEH-0431,16/05/2024 00:00,Frame Repair,,7.1,"15,141.77",49.5,N,TEC-156
WO-000402,VEH-0431,05-04-2024,Firmware Update,Landing Skid,2.4,47990.81,15.2,yes,TEC-052
WO-000403,VEH-0431,12/03/2025 00:00,Battery Pack Swap,NA,2.9,"47,997.36",22.4,N,TEC-138
WO-000404,VEH-0504,14-09-2024,Firmware Update,,13.7,41682.67,17.6,,TEC-019
WO-000405,VEH-0504,2025-06-28 00:00:00,Motor Overhaul,Propeller x2,8.5,12996.11,16.8,Y,TEC-032
WO-000406,VEH-0504,25-01-2025,Brake Pad Replacement,Propeller x2,0.7,"30,977.87",33.2,N,TEC-175
WO-000407,VEH-0504,21/11/2024 00:00,Engine Service,NA,7.2,INR 29881.36,8.1,Y,TEC-086
WO-000408,VEH-0504,2024-09-11 00:00:00,Tyre Change,NA,11.4,"42,587.48",53.8,,TEC-208
WO-000409,VEH-0193,2025-04-27 00:00:00,Brake Pad Replacement,"Brake Pads, Fluid",4.5,INR 6759.78,76.6,no,TEC-066
WO-000410,VEH-9872,10-04-2024,Routine Inspection,Propeller x2,5.7,"35,769.75",1.9,N,TEC-124
WO-000411,VEH-0193,2025-06-02 00:00:00,Engine Service,Propeller x2,5.8,880.96,40.5,yes,TEC-095
WO-000412,VEH-0193,2025-04-18 00:00:00,Tyre Change,Landing Skid,unknown,4462.75,37.4,,TEC-024
WO-000413,VEH-0193,13-08-2024,Firmware Update,Propeller x2,6.6,"5,387.86",32.4,Y,TEC-053
WO-000414,VEH-0193,27-06-2025,Brake Pad Replacement,"Motor, ESC",1.3,"2,586.97",68.9,Y,TEC-124
WO-000415,VEH-0715,14-08-2024,Engine Service,"Motor, ESC",10.4,INR 24622.53,2.0,,TEC-074
WO-000416,VEH-0715,12-09-2024,Engine Service,Battery Pack,5.1,"20,004.04",57.9,,TEC-127
WO-000417,VEH-0715,11/02/2024 00:00,Battery Pack Swap,"Motor, ESC",13.3,INR 27959.14,22.2,yes,TEC-013
WO-000418,VEH-0715,19/02/2025 00:00,Routine Inspection,Propeller x2,8.4,INR 926.08,60.3,,TEC-173
WO-000419,VEH-0032,2024-08-14 00:00:00,Routine Inspection,NA,1.9,"41,221.06",62.9,no,TEC-020
WO-000420,VEH-0032,17/03/2025 00:00,Frame Repair,"Brake Pads, Fluid",6.9,11792.12,57.4,yes,TEC-055
WO-000421,VEH-0032,2024-06-15 00:00:00,Engine Service,Landing Skid,5.1,"43,249.10",54.7,N,TEC-109
WO-000422,VEH-0032,25-02-2025,Landing Gear Fix,,10.1,"30,465.23",77.6,Y,TEC-154
WO-000423,VEH-0709,30-08-2024,Firmware Update,,3.6,INR 26590.44,40.0,Y,TEC-177
WO-000424,VEH-0709,07/02/2025 00:00,Firmware Update,Landing Skid,4.8,10889.11,92.8,yes,TEC-102
WO-000425,VEH-0709,27-02-2025,Brake Pad Replacement,Battery Pack,13.6,46363.29,95.6,N,TEC-220
WO-000426,VEH-0709,06/08/2024 00:00,Routine Inspection,,4.7,"5,059.78",65.6,yes,TEC-163
WO-000427,VEH-0083,2025-04-10 00:00:00,Frame Repair,,12.1,INR 30445.25,85.0,,TEC-102
WO-000428,VEH-0172,29/09/2024 00:00,Routine Inspection,"Motor, ESC",8.1,"5,376.25",52.4,no,TEC-039
WO-000429,VEH-0172,07/05/2024 00:00,Firmware Update,"Brake Pads, Fluid",3.1,"45,619.53",87.8,Y,TEC-069
WO-000430,VEH-0172,06/01/2024 00:00,Routine Inspection,"Motor, ESC",11.7,36728.8,67.1,,TEC-203
WO-000431,VEH-0172,2024-02-21 00:00:00,Battery Pack Swap,"Motor, ESC",-,47806.95,73.7,yes,TEC-080
WO-000432,VEH-0699,05-03-2025,Landing Gear Fix,Battery Pack,4.6,INR 21876.62,71.5,,TEC-068
WO-000433,VEH-0699,20/02/2025 00:00,Propeller Replacement,Battery Pack,8.3,"18,854.11",12.1,N,TEC-139
WO-000434,VEH-0297,15/03/2025 00:00,Frame Repair,NA,6.0,INR 29657.16,93.7,yes,TEC-166
WO-000435,VEH-0557,10-05-2024,Engine Service,Battery Pack,11.7,INR 8268.17,48.4,no,TEC-210
WO-000436,VEH-0557,2024-01-04 00:00:00,Routine Inspection,"Brake Pads, Fluid",11.4,"29,633.67",71.9,N,TEC-029
WO-000437,VEH-0695,21/11/2024 00:00,Motor Overhaul,,0.5,"24,361.75",19.0,no,TEC-180
WO-000438,VEH-0695,19/03/2024 00:00,Landing Gear Fix,Landing Skid,8.0,"21,614.52",35.0,yes,TEC-120
WO-000439,VEH-0695,17/09/2024 00:00,Landing Gear Fix,Propeller x2,2.5,INR 32892.21,14.8,no,TEC-090
WO-000440,VEH-0270,11-05-2024,Battery Pack Swap,"Motor, ESC",9.7,INR 4618.43,15.1,N,TEC-021
WO-000441,VEH-0270,19-08-2024,Tyre Change,"Brake Pads, Fluid",11.2,INR 38955.49,77.1,no,TEC-055
WO-000442,VEH-0169,19/11/2024 00:00,Engine Service,"Motor, ESC",9.1,INR 12752.60,42.0,yes,TEC-010
WO-000443,VEH-0701,23/05/2024 00:00,Firmware Update,,11.2,"37,451.16",32.7,yes,TEC-135
WO-000444,VEH-0701,16-12-2024,Tyre Change,"Motor, ESC",2.6,INR 11161.65,79.0,N,TEC-081
WO-000445,VEH-0701,2025-02-18 00:00:00,Engine Service,Landing Skid,4.1,INR 10615.99,69.2,,TEC-155
WO-000446,VEH-0701,13/03/2025 00:00,Firmware Update,Battery Pack,12.3,INR 45626.51,84.1,yes,TEC-164
WO-000447,VEH-0701,16-12-2024,Frame Repair,NA,6.5,12562.19,62.7,,TEC-128
WO-000448,VEH-0701,2024-09-23 00:00:00,Routine Inspection,Propeller x2,1.7,INR 11202.87,51.8,,TEC-169
WO-000449,VEH-0406,29-11-2024,Engine Service,Landing Skid,13.5,INR 24503.52,79.5,Y,TEC-205
WO-000450,VEH-0406,16/06/2024 00:00,Battery Pack Swap,Propeller x2,6.1,"40,197.05",91.0,no,TEC-087
WO-000451,VEH-0406,28/12/2024 00:00,Firmware Update,NA,12.1,25712.91,45.9,yes,TEC-033
WO-000452,VEH-0406,2024-01-13 00:00:00,Tyre Change,"Brake Pads, Fluid",13.6,"20,784.22",83.0,N,TEC-068
WO-000453,VEH-0406,15-01-2024,Routine Inspection,Landing Skid,11.8,INR 17795.99,21.9,,TEC-010
WO-000454,VEH-0008,24-05-2025,Routine Inspection,"Brake Pads, Fluid",11.3,11459.74,44.3,,TEC-187
WO-000455,VEH-0008,31-08-2024,Tyre Change,NA,4.2,INR 42220.19,37.0,no,TEC-058
WO-000456,VEH-0008,2024-04-01 00:00:00,Brake Pad Replacement,Propeller x2,9.9,"43,223.66",66.9,,TEC-195
WO-000457,VEH-0008,2024-02-09 00:00:00,Motor Overhaul,NA,10.4,INR 43738.65,54.6,Y,TEC-141
WO-000458,VEH-0456,22-03-2024,Frame Repair,Landing Skid,12.2,"8,046.51",61.9,,TEC-012
WO-000459,VEH-0456,19/04/2025 00:00,Motor Overhaul,,5.1,"5,788.32",79.9,Y,TEC-192
WO-000460,VEH-0456,01-11-2024,Motor Overhaul,,12.0,INR 3801.63,15.6,yes,TEC-077
WO-000461,VEH-0456,2024-11-16 00:00:00,Routine Inspection,,10.6,18634.12,75.1,no,TEC-052
WO-000462,VEH-0456,29-01-2024,Tyre Change,,13.3,"33,151.24",66.2,yes,TEC-122
WO-000463,VEH-0449,15/09/2024 00:00,Routine Inspection,Battery Pack,12.0,"30,645.88",68.0,N,TEC-142
WO-000464,VEH-0449,2025-01-27 00:00:00,Firmware Update,"Motor, ESC",4.7,INR 43495.11,33.0,Y,TEC-193
WO-000465,VEH-0449,05-05-2025,Battery Pack Swap,Landing Skid,13.4,"36,559.52",68.8,Y,TEC-112
WO-000466,VEH-0449,17-07-2024,Firmware Update,"Motor, ESC",7.8,INR 47418.04,48.8,,TEC-042
WO-000467,VEH-0449,03-05-2025,Landing Gear Fix,"Brake Pads, Fluid",4.7,"44,340.69",23.9,yes,TEC-060
WO-000468,VEH-0449,08-09-2024,Tyre Change,,9.2,INR 26199.58,25.5,no,TEC-100
WO-000469,VEH-0064,30/03/2025 00:00,Brake Pad Replacement,"Brake Pads, Fluid",10.0,INR 13299.40,56.5,yes,TEC-118
WO-000470,VEH-0064,19/07/2024 00:00,Brake Pad Replacement,Propeller x2,12.0,INR 12949.88,7.9,,TEC-067
WO-000471,VEH-0064,01-11-2024,Frame Repair,Landing Skid,4.0,"35,203.77",65.5,no,TEC-088
WO-000472,VEH-0064,31/12/2024 00:00,Landing Gear Fix,NA,3.9,INR 31768.00,86.6,no,TEC-099
WO-000473,VEH-0064,2025-03-25 00:00:00,Frame Repair,Battery Pack,12.5,"35,513.65",9.6,no,TEC-078
WO-000474,VEH-0064,02-07-2024,Brake Pad Replacement,NA,8.2,"4,557.50",85.7,Y,TEC-090
WO-000475,VEH-0459,2025-03-24 00:00:00,Landing Gear Fix,NA,13.0,INR 44370.95,72.6,Y,TEC-094
WO-000476,VEH-9980,14/04/2024 00:00,Landing Gear Fix,"Motor, ESC",12.9,26292.23,54.7,,TEC-173
WO-000477,VEH-0459,2025-06-07 00:00:00,Battery Pack Swap,Propeller x2,1.8,INR 3060.00,7.7,yes,TEC-131
WO-000478,VEH-0459,02/04/2024 00:00,Tyre Change,Battery Pack,N/A,6628.5,32.5,no,TEC-156
WO-000479,VEH-0459,21/04/2025 00:00,Frame Repair,Battery Pack,8.6,INR 41264.32,26.1,N,TEC-106
WO-000480,VEH-0459,2024-11-09 00:00:00,Frame Repair,Battery Pack,10.6,INR 28042.95,21.6,no,TEC-148
WO-000481,VEH-0450,03-12-2024,Engine Service,Landing Skid,N/A,29773.64,73.0,yes,TEC-034
WO-000482,VEH-0305,2024-07-25 00:00:00,Engine Service,"Motor, ESC",3.8,767.59,33.4,,TEC-121
WO-000483,VEH-0305,21-01-2024,Tyre Change,"Brake Pads, Fluid",12.1,"19,009.75",76.2,Y,TEC-190
WO-000484,VEH-0305,08/02/2024 00:00,Engine Service,NA,12.8,"15,896.13",92.5,no,TEC-186
WO-000485,VEH-0305,2024-11-14 00:00:00,Frame Repair,"Brake Pads, Fluid",11.1,39498.97,41.0,no,TEC-127
WO-000486,VEH-0305,2024-06-12 00:00:00,Engine Service,,3.7,INR 17957.79,56.2,no,TEC-193
WO-000487,VEH-0305,2024-01-27 00:00:00,Frame Repair,Landing Skid,10.2,5573.81,44.9,,TEC-085
WO-000488,VEH-0470,2024-08-03 00:00:00,Engine Service,Propeller x2,11.7,"12,036.41",7.1,,TEC-110
WO-000489,VEH-0485,26/08/2024 00:00,Routine Inspection,"Motor, ESC",4.1,INR 20448.45,36.8,Y,TEC-128
WO-000490,VEH-0485,2024-10-25 00:00:00,Frame Repair,"Brake Pads, Fluid",9.3,"45,493.58",34.7,Y,TEC-185
WO-000491,VEH-0485,18-02-2024,Firmware Update,Landing Skid,13.0,"42,951.05",24.6,no,TEC-211
WO-000492,VEH-0485,18/02/2024 00:00,Brake Pad Replacement,Propeller x2,7.4,"22,521.61",88.0,no,TEC-202
WO-000493,VEH-0485,21-01-2025,Brake Pad Replacement,Battery Pack,12.9,INR 39654.74,72.5,yes,TEC-136
WO-000494,VEH-0157,10-02-2024,Propeller Replacement,Battery Pack,7.5,INR 35532.87,47.4,Y,TEC-177
WO-000495,VEH-0157,2024-12-04 00:00:00,Propeller Replacement,"Motor, ESC",1.6,INR 45304.55,39.6,yes,TEC-026
WO-000496,VEH-0157,2024-05-27 00:00:00,Firmware Update,,-,INR 23300.86,5.5,,TEC-136
WO-000497,VEH-0157,10-05-2025,Engine Service,NA,14.0,29507.49,52.6,Y,TEC-126
WO-000498,VEH-0157,09/08/2024 00:00,Routine Inspection,Battery Pack,10.6,6093.92,3.3,no,TEC-056
WO-000499,VEH-0157,2025-04-13 00:00:00,Tyre Change,NA,3.5,31565.99,61.8,N,TEC-127
WO-000500,VEH-0514,18-03-2025,Routine Inspection,"Brake Pads, Fluid",5.3,14226.48,45.8,yes,TEC-214
WO-000501,VEH-0514,07-12-2024,Routine Inspection,"Brake Pads, Fluid",7.3,"34,768.50",27.8,yes,TEC-150
WO-000502,VEH-0514,2024-06-08 00:00:00,Brake Pad Replacement,"Brake Pads, Fluid",2.8,INR 27223.93,91.0,,TEC-147
WO-000503,VEH-0514,24-08-2024,Motor Overhaul,Battery Pack,11.7,"13,660.59",46.4,N,TEC-072
WO-000504,VEH-0514,2025-07-02 00:00:00,Landing Gear Fix,Landing Skid,8.1,31342.3,18.5,N,TEC-091
WO-000505,VEH-0559,06-02-2024,Brake Pad Replacement,Landing Skid,9.3,INR 25195.90,75.9,Y,TEC-206
WO-000506,VEH-0559,12/10/2024 00:00,Landing Gear Fix,Landing Skid,3.4,"38,051.47",74.0,N,TEC-172
WO-000507,VEH-0094,13-08-2024,Motor Overhaul,Landing Skid,3.2,"40,196.28",28.3,,TEC-134
WO-000508,VEH-0094,29/04/2025 00:00,Landing Gear Fix,Propeller x2,4.5,"42,145.91",71.3,,TEC-112
WO-000509,VEH-0094,13-08-2024,Propeller Replacement,Battery Pack,10.6,29605.85,23.6,yes,TEC-190
WO-000510,VEH-0094,16/10/2024 00:00,Propeller Replacement,Landing Skid,7.0,"32,219.67",53.3,N,TEC-190
WO-000511,VEH-0094,21/10/2024 00:00,Landing Gear Fix,Battery Pack,4.2,"27,311.61",2.9,N,TEC-163
WO-000512,VEH-0094,2025-05-11 00:00:00,Landing Gear Fix,Propeller x2,4.6,INR 2227.69,91.9,N,TEC-125
WO-000513,VEH-0252,28-09-2024,Brake Pad Replacement,Propeller x2,10.2,INR 26182.71,76.8,no,TEC-108
WO-000514,VEH-0252,10-02-2025,Engine Service,Propeller x2,N/A,29232.17,57.7,Y,TEC-116
WO-000515,VEH-0252,19/01/2025 00:00,Propeller Replacement,"Brake Pads, Fluid",4.1,45268.33,35.3,N,TEC-201
WO-000516,VEH-0252,01-05-2025,Tyre Change,Propeller x2,12.7,46108.49,41.9,Y,TEC-126
WO-000517,VEH-0252,2025-04-28 00:00:00,Brake Pad Replacement,Propeller x2,2.0,5992.07,11.0,,TEC-046
WO-000518,VEH-0252,2025-01-29 00:00:00,Propeller Replacement,"Brake Pads, Fluid",N/A,"19,809.19",19.7,Y,TEC-146
WO-000519,VEH-0099,15/03/2025 00:00,Routine Inspection,Propeller x2,8.2,10720.81,6.5,,TEC-126
WO-000520,VEH-0099,2024-09-02 00:00:00,Brake Pad Replacement,Landing Skid,12.5,INR 10409.85,5.7,N,TEC-127
WO-000521,VEH-0099,07/09/2024 00:00,Brake Pad Replacement,Landing Skid,1.6,INR 45668.34,12.2,Y,TEC-034
WO-000522,VEH-0099,27/06/2024 00:00,Brake Pad Replacement,Battery Pack,12.1,INR 3322.04,4.1,no,TEC-089
WO-000523,VEH-0031,01-04-2024,Battery Pack Swap,Battery Pack,0.8,"18,227.14",47.2,N,TEC-106
WO-000524,VEH-0031,2024-05-17 00:00:00,Landing Gear Fix,Propeller x2,6.3,INR 31364.65,7.9,,TEC-136
WO-000525,VEH-0031,2024-10-18 00:00:00,Engine Service,NA,12.1,INR 8951.46,71.0,no,TEC-149
WO-000526,VEH-0031,19-03-2025,Battery Pack Swap,NA,null,15376.0,23.1,,TEC-027
WO-000527,VEH-0457,2024-08-02 00:00:00,Landing Gear Fix,Landing Skid,5.3,27367.06,33.0,N,TEC-132
WO-000528,VEH-0130,17-03-2025,Brake Pad Replacement,NA,2.7,40928.82,65.9,yes,TEC-190
WO-000529,VEH-0130,2025-04-11 00:00:00,Engine Service,Propeller x2,12.8,"42,533.20",48.1,yes,TEC-120
WO-000530,VEH-0130,2025-04-16 00:00:00,Propeller Replacement,Battery Pack,9.5,12622.78,60.0,yes,TEC-203
WO-000531,VEH-0247,2025-04-11 00:00:00,Brake Pad Replacement,NA,8.2,"42,737.45",16.6,,TEC-220
WO-000532,VEH-0247,24-04-2024,Routine Inspection,Battery Pack,11.4,"36,946.32",35.0,yes,TEC-213
WO-000533,VEH-0219,16/05/2025 00:00,Firmware Update,"Brake Pads, Fluid",3.1,12980.72,9.5,,TEC-197
WO-000534,VEH-0219,2025-02-16 00:00:00,Battery Pack Swap,NA,5.7,"15,961.72",10.8,Y,TEC-078
WO-000535,VEH-0219,2025-02-04 00:00:00,Engine Service,,4.4,24742.17,68.8,no,TEC-103
WO-000536,VEH-0219,20/08/2024 00:00,Routine Inspection,NA,5.1,27665.32,32.3,,TEC-116
WO-000537,VEH-0219,2025-05-01 00:00:00,Motor Overhaul,Propeller x2,5.5,"24,556.48",18.1,Y,TEC-173
WO-000538,VEH-0610,2024-08-06 00:00:00,Propeller Replacement,Propeller x2,10.8,INR 45060.98,15.4,yes,TEC-011
WO-000539,VEH-0610,30-08-2024,Propeller Replacement,Battery Pack,11.8,18143.91,92.2,N,TEC-078
WO-000540,VEH-0610,2025-06-15 00:00:00,Engine Service,Battery Pack,6.5,15228.05,29.0,N,TEC-023
WO-000541,VEH-0610,28-03-2024,Tyre Change,Battery Pack,4.2,INR 43791.89,74.1,,TEC-160
WO-000542,VEH-0610,2024-03-01 00:00:00,Brake Pad Replacement,,N/A,INR 19460.12,95.2,Y,TEC-204
WO-000543,VEH-0610,11/05/2024 00:00,Brake Pad Replacement,"Brake Pads, Fluid",2.9,"6,718.27",81.6,N,TEC-173
WO-000544,VEH-0107,2024-10-17 00:00:00,Engine Service,,12.7,37892.28,21.2,yes,TEC-008
WO-000545,VEH-0107,2024-11-08 00:00:00,Propeller Replacement,"Brake Pads, Fluid",1.8,8482.39,33.7,,TEC-090
WO-000546,VEH-0107,05-04-2025,Landing Gear Fix,,1.7,INR 20398.93,82.2,N,TEC-039
WO-000547,VEH-0107,2024-06-22 00:00:00,Engine Service,Battery Pack,13.3,INR 6315.39,54.9,no,TEC-089
WO-000548,VEH-0178,29-11-2024,Firmware Update,Battery Pack,6.5,"45,327.04",47.6,N,TEC-214
WO-000549,VEH-0178,22-07-2024,Battery Pack Swap,Landing Skid,11.6,INR 11756.62,67.8,,TEC-119
WO-000550,VEH-0178,17/05/2024 00:00,Frame Repair,"Motor, ESC",9.0,"3,904.39",38.6,no,TEC-139
WO-000551,VEH-0178,06-05-2025,Tyre Change,NA,8.5,21523.9,26.5,yes,TEC-022
WO-000552,VEH-0178,2025-04-20 00:00:00,Landing Gear Fix,Landing Skid,1.1,7728.79,34.1,yes,TEC-026
WO-000553,VEH-0616,2024-03-21 00:00:00,Tyre Change,"Motor, ESC",  ,INR 3626.03,27.3,Y,TEC-174
WO-000554,VEH-0616,05-10-2024,Brake Pad Replacement,Propeller x2,2.9,47282.93,79.9,,TEC-055
WO-000555,VEH-0616,2024-05-17 00:00:00,Engine Service,Battery Pack,5.3,22016.11,45.6,Y,TEC-160
WO-000556,VEH-0616,2024-07-31 00:00:00,Landing Gear Fix,NA,7.9,19718.39,44.6,yes,TEC-110
WO-000557,VEH-0616,24/12/2024 00:00,Landing Gear Fix,NA,12.3,19877.99,4.4,yes,TEC-148
WO-000558,VEH-0616,26/01/2025 00:00,Landing Gear Fix,,9.0,40170.64,45.7,yes,TEC-107
WO-000559,VEH-0689,2024-01-06 00:00:00,Landing Gear Fix,Landing Skid,5.7,15016.52,70.5,no,TEC-151
WO-000560,VEH-0689,15/05/2025 00:00,Battery Pack Swap,Propeller x2,13.2,INR 36535.25,91.4,Y,TEC-174
WO-000561,VEH-0689,2025-06-22 00:00:00,Brake Pad Replacement,"Brake Pads, Fluid",13.4,"25,083.86",54.8,N,TEC-014
WO-000562,VEH-0689,18-03-2024,Frame Repair,,9.5,INR 13855.20,5.0,no,TEC-006
WO-000563,VEH-0131,22-06-2024,Brake Pad Replacement,Landing Skid,11.3,"26,191.98",7.7,N,TEC-046
WO-000564,VEH-0131,2025-03-04 00:00:00,Engine Service,Landing Skid,6.0,"4,483.18",43.5,N,TEC-032
WO-000565,VEH-0131,2025-04-26 00:00:00,Landing Gear Fix,Propeller x2,3.6,"6,658.46",64.2,Y,TEC-032
WO-000566,VEH-0131,2024-03-25 00:00:00,Motor Overhaul,Battery Pack,7.4,1209.89,39.2,yes,TEC-024
WO-000567,VEH-0131,2024-05-01 00:00:00,Routine Inspection,Propeller x2,6.1,35147.25,65.8,Y,TEC-219
WO-000568,VEH-0131,24/01/2025 00:00,Frame Repair,"Motor, ESC",,708.5,4.8,,TEC-103
WO-000569,VEH-0440,27/11/2024 00:00,Propeller Replacement,Propeller x2,3.6,4927.73,64.0,no,TEC-120
WO-000570,VEH-0301,2024-01-06 00:00:00,Landing Gear Fix,"Brake Pads, Fluid",0.8,INR 18560.31,80.9,no,TEC-162
WO-000571,VEH-9761,2024-07-28 00:00:00,Firmware Update,,3.8,"20,270.13",41.1,no,TEC-173
WO-000572,VEH-0152,2024-06-01 00:00:00,Routine Inspection,,7.2,"26,987.57",13.1,,TEC-200
WO-000573,VEH-0152,2025-01-20 00:00:00,Routine Inspection,"Motor, ESC",5.5,"6,858.54",9.8,,TEC-189
WO-000574,VEH-0152,2024-01-29 00:00:00,Landing Gear Fix,"Motor, ESC",4.4,"30,576.03",27.6,N,TEC-018
WO-000575,VEH-0152,05/01/2025 00:00,Propeller Replacement,,12.6,INR 15841.41,66.2,N,TEC-169
WO-000576,VEH-9822,2024-05-30 00:00:00,Motor Overhaul,,13.7,"35,868.14",84.9,Y,TEC-086
WO-000577,VEH-0152,10-05-2024,Battery Pack Swap,Propeller x2,6.0,41389.9,86.8,yes,TEC-016
WO-000578,VEH-0253,2024-04-28 00:00:00,Frame Repair,Propeller x2,2.5,6254.92,71.3,,TEC-104
WO-000579,VEH-0005,03-01-2024,Landing Gear Fix,Landing Skid,5.2,INR 30728.38,31.1,Y,TEC-056
WO-000580,VEH-0005,13/02/2024 00:00,Frame Repair,"Brake Pads, Fluid",-,"32,205.20",55.7,no,TEC-075
WO-000581,VEH-0005,05-10-2024,Frame Repair,Propeller x2,12.2,"24,556.06",87.5,no,TEC-161
WO-000582,VEH-0005,2024-10-20 00:00:00,Battery Pack Swap,"Motor, ESC",11.6,"19,545.47",40.8,,TEC-058
WO-000583,VEH-0648,19-05-2025,Engine Service,"Brake Pads, Fluid",9.9,33571.8,55.2,Y,TEC-125
WO-000584,VEH-0648,10-10-2024,Routine Inspection,,2.0,31875.61,71.1,N,TEC-073
WO-000585,VEH-0648,12/09/2024 00:00,Tyre Change,Landing Skid,1.7,INR 32891.60,13.3,,TEC-145
WO-000586,VEH-0729,19-04-2025,Tyre Change,"Motor, ESC",7.2,27323.05,14.9,Y,TEC-047
WO-000587,VEH-0343,07-07-2024,Firmware Update,NA,0.7,"37,862.04",7.4,N,TEC-032
WO-000588,VEH-0343,29-03-2024,Firmware Update,Battery Pack,  ,26706.0,22.3,Y,TEC-111
WO-000589,VEH-0343,2024-12-16 00:00:00,Routine Inspection,Propeller x2,1.9,37893.87,93.2,,TEC-073
WO-000590,VEH-0343,2025-03-04 00:00:00,Landing Gear Fix,Landing Skid,6.2,"46,081.99",9.4,yes,TEC-031
WO-000591,VEH-0619,19/08/2024 00:00,Engine Service,Battery Pack,4.4,"20,406.49",86.0,no,TEC-019
WO-000592,VEH-0619,22-06-2024,Battery Pack Swap,"Motor, ESC",6.0,20304.3,84.7,no,TEC-146
WO-000593,VEH-0506,08-04-2024,Tyre Change,"Motor, ESC",9.6,7189.17,16.8,yes,TEC-003
WO-000594,VEH-0506,08-03-2025,Propeller Replacement,"Motor, ESC",1.5,INR 29623.26,15.4,Y,TEC-048
WO-000595,VEH-0506,24-06-2025,Tyre Change,NA,7.3,"22,407.42",26.8,Y,TEC-144
WO-000596,VEH-0506,08/09/2024 00:00,Brake Pad Replacement,,3.6,47103.84,62.4,N,TEC-146
WO-000597,VEH-0268,01-01-2025,Brake Pad Replacement,Landing Skid,10.2,14861.57,76.6,yes,TEC-023
WO-000598,VEH-0268,02-05-2025,Firmware Update,Battery Pack,4.4,INR 32640.82,1.5,N,TEC-015
WO-000599,VEH-0268,2025-06-05 00:00:00,Firmware Update,"Motor, ESC",9.6,INR 40290.56,79.6,,TEC-063
WO-000600,VEH-0268,04-06-2024,Frame Repair,,6.8,18262.87,65.4,no,TEC-027
WO-000601,VEH-0268,22/07/2024 00:00,Motor Overhaul,NA,6.1,"39,693.32",64.4,N,TEC-003
WO-000602,VEH-0268,05-10-2024,Landing Gear Fix,"Brake Pads, Fluid",12.1,"46,162.28",28.4,no,TEC-154
WO-000603,VEH-0051,05-08-2024,Propeller Replacement,"Motor, ESC",10.2,41113.16,22.7,yes,TEC-123
WO-000604,VEH-0051,12/12/2024 00:00,Propeller Replacement,Landing Skid,7.9,INR 13493.23,37.6,N,TEC-139
WO-000605,VEH-0051,24/02/2025 00:00,Routine Inspection,"Brake Pads, Fluid",4.7,"40,724.67",76.3,no,TEC-142
WO-000606,VEH-0051,07/04/2025 00:00,Firmware Update,Battery Pack,4.7,"23,303.27",18.8,,TEC-100
WO-000607,VEH-0051,30/05/2024 00:00,Routine Inspection,Battery Pack,8.0,"9,299.28",48.6,yes,TEC-007
WO-000608,VEH-0065,30-04-2024,Engine Service,,8.9,INR 9503.58,70.5,N,TEC-210
WO-000609,VEH-0065,2024-02-07 00:00:00,Firmware Update,NA,3.1,25542.3,3.7,N,TEC-024
WO-000610,VEH-0688,2025-03-08 00:00:00,Brake Pad Replacement,Propeller x2,7.3,40573.9,62.1,N,TEC-044
WO-000611,VEH-0688,2025-04-05 00:00:00,Landing Gear Fix,Battery Pack,2.0,7425.74,69.1,,TEC-071
WO-000612,VEH-0688,2024-09-13 00:00:00,Firmware Update,,8.5,"39,124.60",38.3,Y,TEC-054
WO-000613,VEH-0688,22-04-2025,Propeller Replacement,NA,7.3,46227.01,27.9,no,TEC-094
WO-000614,VEH-0688,05-04-2025,Firmware Update,,13.8,"28,840.19",29.5,no,TEC-137
WO-000615,VEH-0601,07/11/2024 00:00,Frame Repair,NA,11.5,INR 37817.69,36.6,Y,TEC-126
WO-000616,VEH-0601,28-04-2025,Landing Gear Fix,NA,7.0,"26,599.60",38.3,no,TEC-119
WO-000617,VEH-0601,28/09/2024 00:00,Landing Gear Fix,Propeller x2,4.9,"13,056.34",51.6,Y,TEC-094
WO-000618,VEH-0601,2025-06-19 00:00:00,Battery Pack Swap,"Brake Pads, Fluid",10.7,INR 46614.82,18.1,,TEC-149
WO-000619,VEH-0261,09/06/2024 00:00,Frame Repair,,10.4,"2,374.12",19.5,yes,TEC-040
WO-000620,VEH-0261,14-11-2024,Motor Overhaul,"Brake Pads, Fluid",9.3,INR 1712.90,39.3,,TEC-087
WO-000621,VEH-0261,27-01-2024,Brake Pad Replacement,NA,9.6,INR 1044.03,66.7,,TEC-062
WO-000622,VEH-0261,2025-02-28 00:00:00,Frame Repair,,10.2,"31,794.42",10.8,no,TEC-175
WO-000623,VEH-0261,06-06-2025,Engine Service,,12.2,"31,341.89",65.4,N,TEC-162
WO-000624,VEH-0261,19/12/2024 00:00,Battery Pack Swap,"Motor, ESC",10.7,INR 28945.90,58.2,,TEC-088
WO-000625,VEH-9057,12-09-2024,Tyre Change,"Brake Pads, Fluid",6.8,INR 10661.74,32.6,N,TEC-179
WO-000626,VEH-0158,2024-11-06 00:00:00,Tyre Change,NA,6.8,21248.47,4.9,yes,TEC-162
WO-000627,VEH-0158,25/07/2024 00:00,Motor Overhaul,Landing Skid,5.9,INR 42852.70,6.2,no,TEC-075
WO-000628,VEH-0158,22/07/2024 00:00,Routine Inspection,Battery Pack,7.3,"39,808.99",81.5,,TEC-066
WO-000629,VEH-0212,15-03-2024,Routine Inspection,"Motor, ESC",12.7,INR 7184.31,1.6,yes,TEC-129
WO-000630,VEH-0212,2025-03-22 00:00:00,Tyre Change,Battery Pack,unknown,"36,233.05",76.4,no,TEC-047
WO-000631,VEH-0212,05/01/2024 00:00,Landing Gear Fix,NA,11.0,31958.73,74.9,Y,TEC-137
WO-000632,VEH-0003,2024-04-21 00:00:00,Tyre Change,"Motor, ESC",6.3,INR 11613.22,6.1,no,TEC-149
WO-000633,VEH-0003,2024-03-24 00:00:00,Brake Pad Replacement,,1.5,38631.81,64.6,no,TEC-159
WO-000634,VEH-0003,24-03-2024,Engine Service,Landing Skid,8.4,23065.23,15.8,no,TEC-027
WO-000635,VEH-0003,06/05/2024 00:00,Engine Service,NA,  ,"5,785.75",2.8,yes,TEC-213
WO-000636,VEH-0003,24/09/2024 00:00,Propeller Replacement,"Motor, ESC",N/A,INR 4820.92,77.7,no,TEC-177
WO-000637,VEH-0003,03-01-2024,Propeller Replacement,Propeller x2,,30691.59,79.4,no,TEC-148
WO-000638,VEH-0659,26-08-2024,Engine Service,"Brake Pads, Fluid",6.1,20236.97,31.4,yes,TEC-009
WO-000639,VEH-0659,12/02/2024 00:00,Propeller Replacement,"Brake Pads, Fluid",2.7,INR 18003.78,37.8,N,TEC-094
WO-000640,VEH-0129,2024-06-06 00:00:00,Propeller Replacement,"Motor, ESC",11.1,"1,007.00",11.5,N,TEC-157
WO-000641,VEH-9128,06-08-2024,Tyre Change,Landing Skid,5.5,29908.17,8.4,,TEC-189
WO-000642,VEH-0731,08-04-2025,Brake Pad Replacement,NA,1.5,"39,380.60",10.4,,TEC-072
WO-000643,VEH-0731,05/03/2024 00:00,Battery Pack Swap,"Motor, ESC",2.5,"46,086.28",85.8,N,TEC-012
WO-000644,VEH-0436,07/01/2024 00:00,Propeller Replacement,"Motor, ESC",12.9,INR 45023.50,61.1,no,TEC-050
WO-000645,VEH-0082,16-08-2024,Landing Gear Fix,,3.0,INR 7228.61,13.7,,TEC-162
WO-000646,VEH-0082,24-05-2025,Firmware Update,"Brake Pads, Fluid",11.3,47232.95,83.7,no,TEC-014
WO-000647,VEH-0264,02/11/2024 00:00,Motor Overhaul,"Brake Pads, Fluid",6.2,39581.33,30.4,no,TEC-218
WO-000648,VEH-0264,16-02-2024,Firmware Update,Battery Pack,11.1,36964.05,32.0,,TEC-206
WO-000649,VEH-0264,01/02/2025 00:00,Brake Pad Replacement,Battery Pack,1.2,INR 9418.70,15.1,no,TEC-049
WO-000650,VEH-0264,2025-02-22 00:00:00,Engine Service,"Brake Pads, Fluid",5.1,"13,650.32",30.7,,TEC-199
WO-000651,VEH-0588,10/04/2025 00:00,Brake Pad Replacement,NA,1.6,28512.33,55.0,,TEC-120
WO-000652,VEH-0588,2024-02-18 00:00:00,Motor Overhaul,"Brake Pads, Fluid",8.3,36167.69,50.2,yes,TEC-157
WO-000653,VEH-0588,20-04-2024,Routine Inspection,Propeller x2,13.9,14389.1,28.3,no,TEC-185
WO-000654,VEH-0588,01-07-2024,Motor Overhaul,"Brake Pads, Fluid",6.7,8152.05,68.7,yes,TEC-190
WO-000655,VEH-0588,2024-06-05 00:00:00,Propeller Replacement,"Brake Pads, Fluid",2.9,45120.71,8.3,no,TEC-148
WO-000656,VEH-0588,12/08/2024 00:00,Brake Pad Replacement,Landing Skid,2.6,7987.62,2.5,yes,TEC-045
WO-000657,VEH-0353,27-07-2024,Brake Pad Replacement,NA,9.4,INR 26781.05,10.0,N,TEC-083
WO-000658,VEH-0353,2024-04-07 00:00:00,Battery Pack Swap,"Motor, ESC",4.4,INR 5427.89,78.7,yes,TEC-084
WO-000659,VEH-0353,02-06-2025,Landing Gear Fix,"Motor, ESC",9.3,"27,097.78",7.8,yes,TEC-011
WO-000660,VEH-0353,22/11/2024 00:00,Tyre Change,"Brake Pads, Fluid",9.8,INR 19125.84,22.9,N,TEC-175
WO-000661,VEH-0353,2024-07-13 00:00:00,Tyre Change,"Brake Pads, Fluid",11.4,INR 14424.53,6.0,Y,TEC-174
WO-000662,VEH-0353,2024-02-23 00:00:00,Tyre Change,,12.5,"5,967.68",27.9,N,TEC-128
WO-000663,VEH-0620,18/03/2024 00:00,Propeller Replacement,,2.8,INR 11775.24,59.3,,TEC-099
WO-000664,VEH-0620,31-01-2024,Firmware Update,Landing Skid,12.3,7657.12,14.8,,TEC-125
WO-000665,VEH-0620,17/02/2025 00:00,Motor Overhaul,Battery Pack,1.5,21567.69,14.2,Y,TEC-005
WO-000666,VEH-0620,03/06/2025 00:00,Engine Service,"Brake Pads, Fluid",9.2,41266.48,50.1,,TEC-155
WO-000667,VEH-0620,2024-12-29 00:00:00,Engine Service,Battery Pack,9.3,INR 17293.01,74.5,N,TEC-127
WO-000668,VEH-0620,17-10-2024,Engine Service,Landing Skid,9.3,INR 35509.02,5.6,no,TEC-163
WO-000669,VEH-0650,2025-02-17 00:00:00,Routine Inspection,,8.5,"36,218.47",79.4,no,TEC-131
WO-000670,VEH-0527,2024-08-18 00:00:00,Battery Pack Swap,Propeller x2,8.3,"11,962.99",91.4,yes,TEC-008
WO-000671,VEH-0527,29/12/2024 00:00,Frame Repair,"Motor, ESC",4.8,20450.92,95.9,no,TEC-035
WO-000672,VEH-0527,28-02-2025,Firmware Update,,3.6,25360.74,23.5,Y,TEC-206
WO-000673,VEH-0675,12-01-2024,Tyre Change,"Motor, ESC",9.5,"32,989.32",52.3,Y,TEC-087
WO-000674,VEH-0135,03/04/2025 00:00,Brake Pad Replacement,"Brake Pads, Fluid",7.7,11899.7,65.3,no,TEC-178
WO-000675,VEH-0484,15-08-2024,Motor Overhaul,Battery Pack,11.3,"40,421.75",56.8,yes,TEC-165
WO-000676,VEH-0484,09-01-2025,Landing Gear Fix,NA,6.9,INR 33734.34,13.3,Y,TEC-217
WO-000677,VEH-0723,08/12/2024 00:00,Motor Overhaul,Battery Pack,8.3,"9,107.76",51.9,yes,TEC-062
WO-000678,VEH-0723,11/04/2024 00:00,Firmware Update,NA,4.6,INR 7816.25,70.9,yes,TEC-039
WO-000679,VEH-0723,07-12-2024,Battery Pack Swap,Battery Pack,13.2,16928.45,76.1,Y,TEC-151
WO-000680,VEH-0723,2024-08-07 00:00:00,Firmware Update,Landing Skid,8.5,38222.79,15.7,no,TEC-040
WO-000681,VEH-0544,01-12-2024,Tyre Change,Battery Pack,2.7,40989.25,80.3,Y,TEC-169
WO-000682,VEH-0544,2025-04-27 00:00:00,Landing Gear Fix,"Brake Pads, Fluid",10.7,5344.72,61.2,no,TEC-108
WO-000683,VEH-0544,17-09-2024,Frame Repair,Propeller x2,10.4,6664.29,38.8,,TEC-164
WO-000684,VEH-0544,02-03-2024,Propeller Replacement,NA,8.5,"19,463.26",68.2,yes,TEC-084
WO-000685,VEH-0544,27-04-2024,Firmware Update,"Motor, ESC",6.2,"3,540.41",11.2,Y,TEC-109
WO-000686,VEH-0544,18/01/2024 00:00,Frame Repair,,13.0,1478.66,41.8,N,TEC-014
WO-000687,VEH-0678,06/06/2025 00:00,Landing Gear Fix,"Motor, ESC",null,"6,835.02",93.1,yes,TEC-018
WO-000688,VEH-0678,14-10-2024,Frame Repair,"Motor, ESC",13.6,15188.82,30.0,no,TEC-091
WO-000689,VEH-0678,28-03-2024,Landing Gear Fix,"Brake Pads, Fluid",8.5,INR 40462.22,1.0,N,TEC-165
WO-000690,VEH-0678,2024-07-11 00:00:00,Propeller Replacement,NA,3.2,47897.61,2.1,no,TEC-167
WO-000691,VEH-0713,2024-09-16 00:00:00,Landing Gear Fix,"Motor, ESC",2.7,"16,815.55",62.8,N,TEC-208
WO-000692,VEH-0713,29-06-2024,Routine Inspection,Battery Pack,9.8,25451.14,70.5,no,TEC-205
WO-000693,VEH-0377,01-01-2024,Propeller Replacement,Propeller x2,6.2,36692.02,49.1,Y,TEC-094
WO-000694,VEH-0490,2024-12-11 00:00:00,Frame Repair,"Motor, ESC",4.6,"15,291.53",30.0,yes,TEC-032
WO-000695,VEH-0490,28/11/2024 00:00,Motor Overhaul,Landing Skid,6.7,30507.34,21.8,N,TEC-094
WO-000696,VEH-0490,18/08/2024 00:00,Battery Pack Swap,Propeller x2,10.4,INR 10330.71,72.8,yes,TEC-098
WO-000697,VEH-0490,2025-02-13 00:00:00,Brake Pad Replacement,NA,12.5,22104.6,53.8,,TEC-217
WO-000698,VEH-0373,12-06-2025,Engine Service,"Brake Pads, Fluid",,"18,560.09",36.6,no,TEC-076
WO-000699,VEH-0373,2024-12-16 00:00:00,Engine Service,"Motor, ESC",1.4,"11,066.92",62.8,,TEC-006
WO-000700,VEH-0373,09/07/2024 00:00,Frame Repair,"Brake Pads, Fluid",10.2,INR 23784.97,29.2,,TEC-041
WO-000701,VEH-0482,06/03/2025 00:00,Tyre Change,,13.7,"4,697.89",14.5,yes,TEC-033
WO-000702,VEH-0068,2024-04-12 00:00:00,Engine Service,Propeller x2,7.1,INR 26806.19,57.6,,TEC-080
WO-000703,VEH-0068,2024-07-06 00:00:00,Routine Inspection,NA,2.1,"5,158.67",25.3,yes,TEC-218
WO-000704,VEH-0068,28/02/2025 00:00,Landing Gear Fix,Propeller x2,8.2,41488.81,61.3,,TEC-080
WO-000705,VEH-0068,14-08-2024,Propeller Replacement,Propeller x2,7.8,INR 21087.23,7.6,Y,TEC-172
WO-000706,VEH-0469,2025-06-13 00:00:00,Landing Gear Fix,Battery Pack,11.8,INR 26746.75,81.7,N,TEC-217
WO-000707,VEH-0469,2024-02-18 00:00:00,Motor Overhaul,Landing Skid,7.1,16128.05,83.9,N,TEC-104
WO-000708,VEH-0469,02/03/2025 00:00,Brake Pad Replacement,"Motor, ESC",3.0,17964.79,6.2,N,TEC-073
WO-000709,VEH-0469,2024-10-17 00:00:00,Firmware Update,"Motor, ESC",11.3,43603.49,95.8,,TEC-155
WO-000710,VEH-0469,2024-04-20 00:00:00,Brake Pad Replacement,"Brake Pads, Fluid",,INR 17280.24,31.3,yes,TEC-162
WO-000711,VEH-0346,2024-04-12 00:00:00,Frame Repair,"Brake Pads, Fluid",10.8,"47,574.96",59.1,yes,TEC-173
WO-000712,VEH-0346,2025-01-09 00:00:00,Tyre Change,NA,6.3,INR 8896.09,24.0,N,TEC-072
WO-000713,VEH-0447,02/11/2024 00:00,Engine Service,Propeller x2,10.2,INR 27258.55,31.9,yes,TEC-138
WO-000714,VEH-0447,2025-05-20 00:00:00,Landing Gear Fix,"Motor, ESC",-,17250.11,57.0,Y,TEC-062
WO-000715,VEH-0447,20-09-2024,Battery Pack Swap,Propeller x2,13.1,"43,174.00",76.7,Y,TEC-040
WO-000716,VEH-0447,16/10/2024 00:00,Motor Overhaul,,1.0,INR 44870.79,46.0,yes,TEC-114
WO-000717,VEH-0414,2025-04-26 00:00:00,Tyre Change,Propeller x2,8.2,"46,043.61",75.3,,TEC-004
WO-000718,VEH-0414,11/11/2024 00:00,Routine Inspection,"Brake Pads, Fluid",3.3,"38,960.83",2.6,N,TEC-117
WO-000719,VEH-0414,05-12-2024,Frame Repair,Propeller x2,  ,36603.63,90.9,Y,TEC-148
WO-000720,VEH-0414,25-02-2024,Tyre Change,"Motor, ESC",10.9,720.35,66.1,no,TEC-017
WO-000721,VEH-0414,2024-01-23 00:00:00,Motor Overhaul,Battery Pack,13.0,"47,962.13",3.6,,TEC-128
WO-000722,VEH-0462,05-06-2025,Frame Repair,Landing Skid,2.9,21363.79,87.0,N,TEC-027
WO-000723,VEH-0555,2024-07-16 00:00:00,Frame Repair,Battery Pack,3.8,22025.58,36.5,no,TEC-103
WO-000724,VEH-0555,05-01-2025,Firmware Update,"Brake Pads, Fluid",13.5,INR 19763.49,62.5,yes,TEC-090
WO-000725,VEH-0555,15-07-2024,Landing Gear Fix,NA,12.0,"41,270.98",89.0,Y,TEC-027
WO-000726,VEH-0555,2025-04-19 00:00:00,Battery Pack Swap,Propeller x2,10.5,INR 15017.52,14.9,N,TEC-106
WO-000727,VEH-0555,13-05-2025,Engine Service,Propeller x2,7.4,"9,955.84",4.3,yes,TEC-018
WO-000728,VEH-0555,2024-03-21 00:00:00,Brake Pad Replacement,"Motor, ESC",11.5,"29,286.71",14.0,no,TEC-218
WO-000729,VEH-0300,2025-05-03 00:00:00,Landing Gear Fix,Propeller x2,1.0,15117.33,78.8,no,TEC-137
WO-000730,VEH-0300,03-03-2025,Landing Gear Fix,NA,7.4,"25,821.77",22.6,Y,TEC-186
WO-000731,VEH-0300,06-07-2024,Brake Pad Replacement,Propeller x2,1.5,21871.52,69.9,no,TEC-037
WO-000732,VEH-0300,30-10-2024,Propeller Replacement,"Motor, ESC",12.2,"18,748.00",70.4,,TEC-010
WO-000733,VEH-0300,05-08-2024,Brake Pad Replacement,Landing Skid,0.6,INR 30572.33,73.6,,TEC-008
WO-000734,VEH-0320,26-05-2025,Battery Pack Swap,Landing Skid,12.1,INR 37643.26,92.7,N,TEC-027
WO-000735,VEH-9823,2025-05-06 00:00:00,Battery Pack Swap,Propeller x2,1.5,INR 18410.47,34.0,N,TEC-204
WO-000736,VEH-0320,28-05-2024,Frame Repair,NA,12.4,6238.13,2.8,yes,TEC-047
WO-000737,VEH-0320,12-11-2024,Landing Gear Fix,,5.1,"37,941.49",17.7,no,TEC-066
WO-000738,VEH-0320,2024-08-15 00:00:00,Propeller Replacement,NA,6.4,"31,008.30",71.4,,TEC-200
WO-000739,VEH-0320,03/12/2024 00:00,Frame Repair,Propeller x2,9.1,INR 41836.09,3.2,N,TEC-220
WO-000740,VEH-0309,2025-03-26 00:00:00,Motor Overhaul,Landing Skid,  ,24459.18,84.2,,TEC-024
WO-000741,VEH-0347,2025-02-05 00:00:00,Firmware Update,,13.1,INR 6094.18,53.4,no,TEC-088
WO-000742,VEH-0347,30-03-2024,Propeller Replacement,NA,7.9,INR 20748.82,88.3,,TEC-085
WO-000743,VEH-0347,13-06-2024,Frame Repair,NA,8.5,25957.09,25.2,no,TEC-098
WO-000744,VEH-0347,06/01/2024 00:00,Routine Inspection,Landing Skid,7.1,"11,836.36",67.8,no,TEC-139
WO-000745,VEH-0347,24/03/2025 00:00,Tyre Change,"Brake Pads, Fluid",10.1,INR 18336.29,29.8,,TEC-002
WO-000746,VEH-0347,17-04-2025,Propeller Replacement,"Brake Pads, Fluid",9.9,INR 46577.95,52.6,yes,TEC-170
WO-000747,VEH-0671,02/05/2025 00:00,Routine Inspection,,1.6,25549.18,87.8,yes,TEC-057
WO-000748,VEH-0671,2025-05-16 00:00:00,Motor Overhaul,"Brake Pads, Fluid",7.8,18226.07,48.1,yes,TEC-211
WO-000749,VEH-0625,08/12/2024 00:00,Engine Service,"Motor, ESC",10.0,"22,790.49",57.5,N,TEC-176
WO-000750,VEH-0625,26-02-2024,Tyre Change,,6.4,INR 43653.49,40.3,,TEC-166
WO-000751,VEH-0625,27/07/2024 00:00,Routine Inspection,Battery Pack,4.1,26792.48,21.1,no,TEC-055
WO-000752,VEH-0625,2024-12-04 00:00:00,Battery Pack Swap,Propeller x2,8.2,22209.42,20.1,Y,TEC-106
WO-000753,VEH-0625,20-05-2025,Tyre Change,"Motor, ESC",0.9,INR 45201.72,73.5,Y,TEC-110
WO-000754,VEH-0625,14/03/2025 00:00,Propeller Replacement,,11.1,3939.98,64.9,N,TEC-109
WO-000755,VEH-0337,2024-12-21 00:00:00,Brake Pad Replacement,"Brake Pads, Fluid",10.3,"38,746.90",64.9,no,TEC-044
WO-000756,VEH-0186,04-06-2024,Routine Inspection,Landing Skid,7.0,INR 20428.55,73.9,no,TEC-110
WO-000757,VEH-0534,2024-08-04 00:00:00,Firmware Update,,8.2,3269.07,73.6,,TEC-095
WO-000758,VEH-0534,28/08/2024 00:00,Firmware Update,Battery Pack,3.9,INR 37840.73,8.8,Y,TEC-033
WO-000759,VEH-0534,2024-01-11 00:00:00,Propeller Replacement,Landing Skid,3.7,"17,927.32",58.0,N,TEC-071
WO-000760,VEH-0534,13/08/2024 00:00,Frame Repair,Landing Skid,1.1,INR 35602.63,16.4,no,TEC-179
WO-000761,VEH-0534,09/06/2024 00:00,Engine Service,NA,4.6,INR 20721.27,76.0,no,TEC-012
WO-000762,VEH-0534,21-06-2024,Routine Inspection,"Brake Pads, Fluid",7.8,"17,667.44",56.0,Y,TEC-218
WO-000763,VEH-0226,2024-12-22 00:00:00,Motor Overhaul,Propeller x2,4.3,INR 14304.98,52.6,no,TEC-131
WO-000764,VEH-0226,07-04-2025,Propeller Replacement,Propeller x2,8.9,34151.39,20.9,yes,TEC-039
WO-000765,VEH-0332,19-11-2024,Frame Repair,"Brake Pads, Fluid",0.6,"17,158.81",18.2,yes,TEC-045
WO-000766,VEH-0332,02-05-2025,Routine Inspection,,2.4,"22,648.55",22.7,no,TEC-191
WO-000767,VEH-0332,13-04-2024,Frame Repair,,3.0,"20,946.07",86.5,no,TEC-072
WO-000768,VEH-9785,07/03/2024 00:00,Routine Inspection,NA,1.0,INR 14008.29,45.0,N,TEC-031
WO-000769,VEH-0332,2024-12-24 00:00:00,Landing Gear Fix,NA,3.2,"45,821.56",94.5,,TEC-145
WO-000770,VEH-9378,2025-03-12 00:00:00,Frame Repair,,11.3,INR 4049.05,22.3,,TEC-200
WO-000771,VEH-0635,2024-07-17 00:00:00,Routine Inspection,Propeller x2,1.2,INR 35047.80,89.8,no,TEC-195
WO-000772,VEH-0566,26-10-2024,Routine Inspection,NA,1.6,46903.52,7.9,yes,TEC-029
WO-000773,VEH-0566,29/04/2025 00:00,Brake Pad Replacement,Battery Pack,3.3,"25,652.75",33.4,no,TEC-010
WO-000774,VEH-0566,12-09-2024,Engine Service,,8.1,"3,968.73",82.8,N,TEC-179
WO-000775,VEH-0566,06/08/2024 00:00,Propeller Replacement,"Brake Pads, Fluid",11.5,"23,673.84",24.4,yes,TEC-192
WO-000776,VEH-0643,24/12/2024 00:00,Frame Repair,,12.5,"10,254.92",42.0,,TEC-167
WO-000777,VEH-0643,23/01/2024 00:00,Routine Inspection,"Brake Pads, Fluid",13.2,"6,326.50",15.7,yes,TEC-101
WO-000778,VEH-0643,2024-09-12 00:00:00,Battery Pack Swap,Landing Skid,9.7,36347.19,34.7,yes,TEC-145
WO-000779,VEH-0375,26-09-2024,Tyre Change,,12.4,INR 1349.37,7.1,no,TEC-174
WO-000780,VEH-0375,2025-03-01 00:00:00,Frame Repair,Battery Pack,13.2,INR 13987.24,37.1,Y,TEC-146
WO-000781,VEH-0375,27-10-2024,Engine Service,Propeller x2,8.4,INR 10282.09,80.0,yes,TEC-108
WO-000782,VEH-0375,12/09/2024 00:00,Firmware Update,,3.6,INR 27454.73,87.5,Y,TEC-110
WO-000783,VEH-0375,2024-03-21 00:00:00,Tyre Change,,10.6,INR 33426.39,43.4,Y,TEC-118
WO-000784,VEH-0375,30/08/2024 00:00,Brake Pad Replacement,NA,8.9,INR 19415.68,23.9,no,TEC-026
WO-000785,VEH-0438,2025-06-08 00:00:00,Landing Gear Fix,Landing Skid,12.5,"5,998.83",90.2,,TEC-067
WO-000786,VEH-0140,12/09/2024 00:00,Routine Inspection,,12.9,4811.03,13.1,,TEC-161
WO-000787,VEH-0140,18-06-2025,Landing Gear Fix,Battery Pack,10.4,INR 35633.19,58.5,yes,TEC-024
WO-000788,VEH-0140,2024-06-14 00:00:00,Routine Inspection,Landing Skid,6.1,11743.58,49.5,no,TEC-045
WO-000789,VEH-0140,19-11-2024,Motor Overhaul,,9.0,"41,270.03",88.3,,TEC-202
WO-000790,VEH-0140,17-03-2025,Propeller Replacement,Battery Pack,7.0,7848.95,86.2,N,TEC-047
WO-000791,VEH-0696,2025-02-13 00:00:00,Landing Gear Fix,Propeller x2,2.7,"15,780.62",10.0,no,TEC-029
WO-000792,VEH-0696,2025-06-19 00:00:00,Motor Overhaul,Battery Pack,13.3,"23,454.45",17.0,Y,TEC-039
WO-000793,VEH-0696,07/01/2025 00:00,Brake Pad Replacement,"Brake Pads, Fluid",10.7,INR 32388.41,21.0,no,TEC-066
WO-000794,VEH-0696,2025-05-11 00:00:00,Routine Inspection,Landing Skid,9.5,43989.0,50.9,Y,TEC-087
WO-000795,VEH-0696,2024-10-07 00:00:00,Battery Pack Swap,"Motor, ESC",2.2,5904.16,25.9,yes,TEC-194
WO-000796,VEH-0696,26/02/2024 00:00,Engine Service,"Brake Pads, Fluid",4.0,6548.84,36.8,no,TEC-098
WO-000797,VEH-0363,22-06-2024,Motor Overhaul,,N/A,"33,910.70",82.0,Y,TEC-079
WO-000798,VEH-0363,28/06/2024 00:00,Battery Pack Swap,Propeller x2,11.9,INR 41793.91,24.0,,TEC-010
WO-000799,VEH-0363,15/12/2024 00:00,Battery Pack Swap,NA,6.4,"3,157.05",9.0,Y,TEC-133
WO-000800,VEH-0363,05-07-2024,Propeller Replacement,"Motor, ESC",9.3,13428.65,16.1,N,TEC-031
WO-000801,VEH-0321,2024-01-31 00:00:00,Brake Pad Replacement,,12.2,3694.79,12.1,,TEC-190
WO-000802,VEH-0321,2024-03-18 00:00:00,Tyre Change,NA,9.3,26232.85,43.6,Y,TEC-163
WO-000803,VEH-0321,2024-09-09 00:00:00,Battery Pack Swap,NA,6.4,2020.94,82.5,N,TEC-035
WO-000804,VEH-0154,05/03/2024 00:00,Tyre Change,"Brake Pads, Fluid",2.7,20085.59,68.4,Y,TEC-014
WO-000805,VEH-0154,25/04/2024 00:00,Engine Service,NA,9.5,INR 22561.61,8.7,,TEC-155
WO-000806,VEH-0154,2024-04-01 00:00:00,Engine Service,"Motor, ESC",1.8,"40,791.56",27.2,no,TEC-129
WO-000807,VEH-0154,09/02/2025 00:00,Engine Service,Landing Skid,5.5,"31,883.08",74.9,yes,TEC-119
WO-000808,VEH-0154,2024-04-18 00:00:00,Frame Repair,,8.3,"33,159.14",16.3,yes,TEC-063
WO-000809,VEH-9581,13-03-2024,Firmware Update,"Brake Pads, Fluid",4.6,41249.4,43.9,Y,TEC-106
WO-000810,VEH-0223,05/07/2024 00:00,Routine Inspection,Landing Skid,11.3,22184.24,18.7,no,TEC-138
WO-000811,VEH-0223,2025-03-16 00:00:00,Routine Inspection,Landing Skid,0.6,"6,449.61",43.9,N,TEC-212
WO-000812,VEH-0223,25/03/2024 00:00,Engine Service,"Brake Pads, Fluid",8.1,45887.91,36.1,no,TEC-170
WO-000813,VEH-0223,01-12-2024,Motor Overhaul,Battery Pack,5.3,33930.68,21.7,no,TEC-184
WO-000814,VEH-0106,13-11-2024,Landing Gear Fix,NA,13.5,"40,923.96",74.9,,TEC-051
WO-000815,VEH-0106,27/09/2024 00:00,Brake Pad Replacement,,11.4,"14,059.74",41.6,Y,TEC-039
WO-000816,VEH-0106,24-10-2024,Propeller Replacement,Propeller x2,4.0,INR 15141.25,70.0,no,TEC-084
WO-000817,VEH-0443,2024-03-12 00:00:00,Tyre Change,Propeller x2,2.7,41640.68,88.7,N,TEC-151
WO-000818,VEH-0443,03-04-2024,Motor Overhaul,NA,12.4,31120.47,51.6,,TEC-007
WO-000819,VEH-0443,27/09/2024 00:00,Frame Repair,NA,4.8,26959.75,53.1,,TEC-122
WO-000820,VEH-0443,01/09/2024 00:00,Brake Pad Replacement,Propeller x2,7.5,INR 607.24,6.2,yes,TEC-009
WO-000821,VEH-0564,04/01/2024 00:00,Brake Pad Replacement,Landing Skid,12.8,30277.39,78.8,N,TEC-112
WO-000822,VEH-0564,2024-10-10 00:00:00,Propeller Replacement,"Motor, ESC",1.7,"41,860.50",64.6,N,TEC-034
WO-000823,VEH-0564,17/05/2024 00:00,Routine Inspection,Propeller x2,NA,39046.59,29.2,Y,TEC-065
WO-000824,VEH-0564,20/01/2025 00:00,Firmware Update,Landing Skid,12.3,"40,922.00",86.5,,TEC-087
WO-000825,VEH-0564,2024-10-29 00:00:00,Firmware Update,"Brake Pads, Fluid",NA,"21,441.80",93.5,no,TEC-163
WO-000826,VEH-0526,08/01/2025 00:00,Motor Overhaul,Propeller x2,0.9,"25,338.30",54.6,,TEC-116
WO-000827,VEH-0526,05/02/2025 00:00,Routine Inspection,,3.2,"14,308.35",60.4,yes,TEC-121
WO-000828,VEH-0324,08-02-2024,Battery Pack Swap,Battery Pack,0.7,"21,011.10",8.2,Y,TEC-219
WO-000829,VEH-0324,2024-06-06 00:00:00,Motor Overhaul,NA,5.2,7428.68,27.7,no,TEC-013
WO-000830,VEH-0324,02/03/2024 00:00,Landing Gear Fix,Battery Pack,2.1,"19,063.54",95.2,,TEC-091
WO-000831,VEH-0324,25-10-2024,Battery Pack Swap,Propeller x2,7.0,7719.37,3.9,yes,TEC-038
WO-000832,VEH-0324,2024-10-29 00:00:00,Motor Overhaul,"Brake Pads, Fluid",2.9,20115.61,95.6,no,TEC-176
WO-000833,VEH-0476,2024-04-04 00:00:00,Brake Pad Replacement,"Brake Pads, Fluid",3.3,INR 3897.32,49.7,yes,TEC-030
WO-000834,VEH-0692,01-11-2024,Battery Pack Swap,NA,5.6,INR 17798.65,59.0,Y,TEC-055
WO-000835,VEH-0692,2024-03-08 00:00:00,Routine Inspection,Landing Skid,6.5,INR 26813.78,32.2,,TEC-085
WO-000836,VEH-0014,15/12/2024 00:00,Landing Gear Fix,"Brake Pads, Fluid",7.1,23773.02,68.1,no,TEC-189
WO-000837,VEH-0014,2025-05-25 00:00:00,Tyre Change,Battery Pack,9.2,INR 38016.28,88.6,no,TEC-067
WO-000838,VEH-0014,17/06/2024 00:00,Propeller Replacement,Propeller x2,6.4,"18,863.07",79.3,Y,TEC-074
WO-000839,VEH-0014,08-01-2025,Engine Service,NA,2.7,INR 46799.48,42.6,no,TEC-160
WO-000840,VEH-0233,18-04-2024,Brake Pad Replacement,,0.5,INR 22384.69,57.2,N,TEC-047
WO-000841,VEH-0233,14/02/2024 00:00,Tyre Change,Battery Pack,10.8,INR 18615.33,9.9,no,TEC-019
WO-000842,VEH-0233,2024-04-20 00:00:00,Routine Inspection,Battery Pack,NA,4923.87,39.0,Y,TEC-118
WO-000843,VEH-0233,2024-03-11 00:00:00,Frame Repair,,3.1,INR 12404.47,73.5,no,TEC-195
WO-000844,VEH-0233,2024-12-30 00:00:00,Propeller Replacement,"Motor, ESC",11.9,8623.23,49.3,yes,TEC-070
WO-000845,VEH-0203,10/04/2024 00:00,Battery Pack Swap,,3.6,6920.55,37.8,yes,TEC-122
WO-000846,VEH-0203,13/01/2024 00:00,Frame Repair,Propeller x2,NA,"9,525.51",41.6,Y,TEC-064
WO-000847,VEH-0369,2024-09-08 00:00:00,Frame Repair,Propeller x2,10.0,15223.1,23.8,Y,TEC-052
WO-000848,VEH-0369,21/08/2024 00:00,Propeller Replacement,NA,12.8,"6,794.81",81.2,N,TEC-043
WO-000849,VEH-0369,15-05-2025,Brake Pad Replacement,NA,3.7,INR 29327.62,48.8,Y,TEC-074
WO-000850,VEH-0215,2024-09-28 00:00:00,Engine Service,Landing Skid,6.8,INR 1134.97,4.5,N,TEC-016
WO-000851,VEH-0215,13/01/2024 00:00,Landing Gear Fix,Battery Pack,5.6,"37,645.11",84.8,,TEC-210
WO-000852,VEH-0215,2025-01-03 00:00:00,Brake Pad Replacement,"Motor, ESC",13.3,"32,803.19",44.2,Y,TEC-169
WO-000853,VEH-0215,2025-03-22 00:00:00,Engine Service,"Brake Pads, Fluid",14.0,"35,449.74",95.0,no,TEC-052
WO-000854,VEH-0641,2024-10-19 00:00:00,Routine Inspection,NA,6.5,INR 25700.02,93.9,N,TEC-007
WO-000855,VEH-0254,2024-08-06 00:00:00,Tyre Change,NA,6.5,INR 39664.28,58.2,,TEC-143
WO-000856,VEH-0254,2025-06-25 00:00:00,Engine Service,,13.8,"22,181.30",7.3,no,TEC-016
WO-000857,VEH-0254,07/05/2025 00:00,Tyre Change,"Motor, ESC",11.8,42840.61,93.1,Y,TEC-114
WO-000858,VEH-0706,06-06-2025,Motor Overhaul,Landing Skid,6.5,"32,849.94",15.7,N,TEC-036
WO-000859,VEH-0706,2025-05-15 00:00:00,Propeller Replacement,NA,10.8,"16,700.77",38.0,Y,TEC-160
WO-000860,VEH-0706,22-04-2025,Frame Repair,Landing Skid,2.1,"34,617.64",77.8,N,TEC-154
WO-000861,VEH-0552,30-07-2024,Propeller Replacement,Landing Skid,10.5,INR 24501.23,46.7,Y,TEC-072
WO-000862,VEH-0552,31/10/2024 00:00,Landing Gear Fix,"Brake Pads, Fluid",1.2,INR 22126.58,77.9,yes,TEC-061
WO-000863,VEH-9073,2025-01-02 00:00:00,Motor Overhaul,"Brake Pads, Fluid",12.8,INR 22900.92,27.1,yes,TEC-176
WO-000864,VEH-0552,21-05-2024,Landing Gear Fix,NA,-,INR 34659.28,38.7,yes,TEC-190
WO-000865,VEH-0016,30/09/2024 00:00,Tyre Change,"Brake Pads, Fluid",5.7,11182.36,78.4,yes,TEC-067
WO-000866,VEH-0016,25/01/2024 00:00,Tyre Change,Battery Pack,2.6,28540.62,45.5,,TEC-175
WO-000867,VEH-0016,17/03/2025 00:00,Firmware Update,,7.4,"33,099.36",39.7,,TEC-012
WO-000868,VEH-0617,2024-08-04 00:00:00,Routine Inspection,"Brake Pads, Fluid",3.2,21920.05,4.9,,TEC-204
WO-000869,VEH-9493,2024-07-12 00:00:00,Routine Inspection,"Motor, ESC",9.5,INR 47688.45,87.2,yes,TEC-192
WO-000870,VEH-0104,18-05-2024,Brake Pad Replacement,"Brake Pads, Fluid",10.0,"4,973.32",36.3,Y,TEC-209
WO-000871,VEH-0104,01/04/2024 00:00,Tyre Change,Propeller x2,2.8,INR 28550.83,52.1,yes,TEC-052
WO-000872,VEH-0104,2025-05-17 00:00:00,Firmware Update,"Brake Pads, Fluid",8.8,40602.83,59.9,no,TEC-205
WO-000873,VEH-0341,05-05-2024,Firmware Update,"Motor, ESC",13.2,18006.69,19.7,Y,TEC-107
WO-000874,VEH-0341,25-01-2024,Firmware Update,Battery Pack,2.0,15832.46,37.5,,TEC-160
WO-000875,VEH-0517,2024-02-25 00:00:00,Motor Overhaul,NA,9.5,INR 31435.83,38.3,yes,TEC-207
WO-000876,VEH-0517,30-01-2024,Propeller Replacement,"Motor, ESC",11.3,860.06,74.5,,TEC-143
WO-000877,VEH-0517,25-09-2024,Firmware Update,,4.1,19342.24,66.0,,TEC-069
WO-000878,VEH-0517,2025-03-31 00:00:00,Landing Gear Fix,NA,7.9,"37,209.68",45.3,Y,TEC-175
WO-000879,VEH-0707,30-05-2024,Firmware Update,,11.1,"9,238.61",76.2,no,TEC-078
WO-000880,VEH-0707,24/07/2024 00:00,Firmware Update,"Motor, ESC",1.6,INR 7313.02,31.6,yes,TEC-175
WO-000881,VEH-0707,25/10/2024 00:00,Firmware Update,"Brake Pads, Fluid",2.0,13279.26,52.6,N,TEC-180
WO-000882,VEH-0707,05-04-2024,Firmware Update,Landing Skid,0.6,13014.1,60.0,no,TEC-173
WO-000883,VEH-0707,2024-07-29 00:00:00,Engine Service,"Motor, ESC",7.9,"10,862.08",84.1,Y,TEC-168
WO-000884,VEH-0707,17/03/2024 00:00,Tyre Change,,7.5,INR 20296.73,30.8,Y,TEC-051
WO-000885,VEH-0388,19/01/2025 00:00,Engine Service,NA,5.0,"44,209.18",29.2,N,TEC-101
WO-000886,VEH-0388,10-04-2024,Motor Overhaul,"Brake Pads, Fluid",8.8,13603.39,49.7,,TEC-071
WO-000887,VEH-0388,17-12-2024,Routine Inspection,,10.4,"26,864.45",54.7,N,TEC-157
WO-000888,VEH-0388,2024-08-29 00:00:00,Battery Pack Swap,,3.1,INR 46814.35,20.2,N,TEC-117
WO-000889,VEH-0388,2025-01-09 00:00:00,Routine Inspection,NA,4.4,INR 27674.49,57.7,,TEC-124
WO-000890,VEH-0388,2025-04-21 00:00:00,Brake Pad Replacement,NA,9.6,"23,542.22",33.1,no,TEC-207
WO-000891,VEH-0307,02-10-2024,Firmware Update,,5.9,"15,708.69",35.0,Y,TEC-097
WO-000892,VEH-0307,24/01/2025 00:00,Firmware Update,Propeller x2,10.2,47230.24,48.1,,TEC-048
WO-000893,VEH-0307,2024-10-21 00:00:00,Brake Pad Replacement,Propeller x2,9.4,35399.28,21.9,Y,TEC-098
WO-000894,VEH-0067,04-08-2024,Routine Inspection,Battery Pack,0.5,"12,578.08",53.4,Y,TEC-182
WO-000895,VEH-0067,2024-03-10 00:00:00,Frame Repair,Battery Pack,11.5,"24,072.30",62.1,,TEC-176
WO-000896,VEH-0067,18/02/2025 00:00,Engine Service,"Motor, ESC",3.7,"41,010.37",71.1,N,TEC-023
WO-000897,VEH-0067,01/05/2025 00:00,Frame Repair,"Motor, ESC",13.0,21330.01,27.8,,TEC-204
WO-000898,VEH-0067,2024-06-24 00:00:00,Routine Inspection,NA,9.8,23547.28,82.6,N,TEC-106
WO-000899,VEH-0271,2024-04-10 00:00:00,Firmware Update,"Brake Pads, Fluid",3.3,30352.32,74.4,Y,TEC-197
WO-000900,VEH-0271,22/03/2024 00:00,Firmware Update,Propeller x2,4.0,"41,627.74",74.7,,TEC-142
WO-000901,VEH-0271,12-04-2025,Battery Pack Swap,,2.9,INR 18866.11,90.2,yes,TEC-101
WO-000902,VEH-0271,10-08-2024,Brake Pad Replacement,"Brake Pads, Fluid",13.6,"13,202.06",61.9,,TEC-182
WO-000903,VEH-0639,20-09-2024,Frame Repair,"Motor, ESC",12.7,INR 40574.79,12.5,,TEC-220
WO-000904,VEH-0639,16-08-2024,Propeller Replacement,Landing Skid,0.9,"34,611.57",19.4,yes,TEC-208
WO-000905,VEH-0639,2025-06-02 00:00:00,Battery Pack Swap,NA,3.7,"47,139.90",50.0,no,TEC-046
WO-000906,VEH-0639,08/03/2024 00:00,Tyre Change,NA,8.9,37470.63,62.3,N,TEC-058
WO-000907,VEH-0427,09/02/2024 00:00,Engine Service,Propeller x2,7.6,"20,596.99",6.2,yes,TEC-165
WO-000908,VEH-0427,12-03-2024,Frame Repair,NA,9.8,"14,601.99",43.9,no,TEC-205
WO-000909,VEH-0427,09/02/2024 00:00,Brake Pad Replacement,Battery Pack,5.1,47582.75,10.1,,TEC-164
WO-000910,VEH-0427,26-02-2024,Routine Inspection,Propeller x2,10.1,"31,801.78",52.5,,TEC-111
WO-000911,VEH-0427,10/11/2024 00:00,Battery Pack Swap,Landing Skid,10.8,"20,080.75",39.1,no,TEC-206
WO-000912,VEH-0100,11/01/2024 00:00,Routine Inspection,NA,2.5,INR 11355.23,42.6,Y,TEC-168
WO-000913,VEH-0100,16-06-2024,Brake Pad Replacement,"Brake Pads, Fluid",,"26,553.40",17.1,Y,TEC-107
WO-000914,VEH-0100,07/03/2025 00:00,Battery Pack Swap,"Brake Pads, Fluid",5.7,19337.85,90.0,yes,TEC-218
WO-000915,VEH-0100,2025-01-13 00:00:00,Routine Inspection,"Motor, ESC",10.2,INR 2937.66,64.6,no,TEC-194
WO-000916,VEH-0100,08/04/2024 00:00,Landing Gear Fix,Battery Pack,7.8,10926.84,20.3,no,TEC-102
WO-000917,VEH-0047,17/01/2025 00:00,Tyre Change,"Motor, ESC",2.1,"6,676.42",23.3,Y,TEC-149
WO-000918,VEH-0047,2025-02-18 00:00:00,Motor Overhaul,Battery Pack,6.1,"6,023.68",26.5,N,TEC-046
WO-000919,VEH-0156,17-01-2024,Motor Overhaul,"Motor, ESC",2.9,12542.06,71.5,N,TEC-036
WO-000920,VEH-0156,25/04/2024 00:00,Motor Overhaul,Battery Pack,4.2,"6,270.30",62.1,yes,TEC-016
WO-000921,VEH-0058,2025-06-06 00:00:00,Firmware Update,Battery Pack,10.3,INR 1846.02,87.9,no,TEC-193
WO-000922,VEH-0585,14/08/2024 00:00,Battery Pack Swap,"Brake Pads, Fluid",2.9,1927.01,76.9,Y,TEC-084
WO-000923,VEH-0585,2025-03-30 00:00:00,Motor Overhaul,Battery Pack,10.1,13800.72,15.7,Y,TEC-110
WO-000924,VEH-0683,2025-06-14 00:00:00,Motor Overhaul,Propeller x2,11.7,35889.33,42.0,no,TEC-104
WO-000925,VEH-0683,2024-01-01 00:00:00,Firmware Update,,6.3,4112.56,29.1,N,TEC-096
WO-000926,VEH-0256,21-01-2025,Brake Pad Replacement,,6.2,40856.13,32.3,N,TEC-211
WO-000927,VEH-0256,12-04-2025,Tyre Change,Propeller x2,1.5,"19,272.83",42.0,no,TEC-165
WO-000928,VEH-0256,22-12-2024,Routine Inspection,"Motor, ESC",10.1,7132.36,50.9,no,TEC-099
WO-000929,VEH-9438,20/11/2024 00:00,Motor Overhaul,NA,5.4,14610.7,7.6,yes,TEC-141
WO-000930,VEH-0256,2024-09-02 00:00:00,Firmware Update,,7.7,INR 29037.24,52.9,N,TEC-134
WO-000931,VEH-0039,2024-04-20 00:00:00,Landing Gear Fix,"Brake Pads, Fluid",3.1,INR 45623.49,44.0,yes,TEC-116
WO-000932,VEH-0039,28/07/2024 00:00,Engine Service,Landing Skid,11.3,INR 14323.83,32.7,Y,TEC-100
WO-000933,VEH-0590,2024-06-01 00:00:00,Frame Repair,Landing Skid,12.1,INR 39598.22,82.2,,TEC-199
WO-000934,VEH-0590,05/05/2025 00:00,Propeller Replacement,Landing Skid,13.6,31325.29,96.0,N,TEC-127
WO-000935,VEH-0590,31/03/2025 00:00,Tyre Change,"Motor, ESC",6.5,INR 16995.57,53.5,no,TEC-075
WO-000936,VEH-0590,05/01/2024 00:00,Landing Gear Fix,"Brake Pads, Fluid",3.5,"42,711.26",45.6,yes,TEC-154
WO-000937,VEH-0590,2025-05-26 00:00:00,Frame Repair,Landing Skid,,"45,361.03",33.5,N,TEC-119
WO-000938,VEH-0410,21-04-2025,Brake Pad Replacement,Propeller x2,1.5,"39,683.97",77.5,no,TEC-125
WO-000939,VEH-0410,17-12-2024,Motor Overhaul,NA,8.7,INR 34245.44,72.0,no,TEC-220
WO-000940,VEH-0410,20/06/2024 00:00,Firmware Update,Landing Skid,12.3,"13,735.16",65.5,,TEC-123
WO-000941,VEH-0410,21/04/2024 00:00,Routine Inspection,,4.7,INR 34525.60,12.2,,TEC-095
WO-000942,VEH-0410,2024-10-05 00:00:00,Motor Overhaul,Propeller x2,11.7,INR 28831.59,69.4,no,TEC-012
WO-000943,VEH-0086,2024-01-26 00:00:00,Firmware Update,"Brake Pads, Fluid",3.0,"35,994.19",6.0,Y,TEC-009
WO-000944,VEH-0086,02/04/2025 00:00,Propeller Replacement,NA,0.6,3224.89,57.3,no,TEC-185
WO-000945,VEH-0344,15/07/2024 00:00,Propeller Replacement,Propeller x2,4.8,"32,636.59",72.3,,TEC-163
WO-000946,VEH-0344,2024-07-31 00:00:00,Brake Pad Replacement,NA,3.7,19053.62,60.4,yes,TEC-143
WO-000947,VEH-0091,03/01/2024 00:00,Propeller Replacement,"Brake Pads, Fluid",4.4,30774.39,8.8,,TEC-124
WO-000948,VEH-0091,14-02-2024,Motor Overhaul,Propeller x2,0.8,"33,548.90",61.6,N,TEC-196
WO-000949,VEH-0654,22/12/2024 00:00,Firmware Update,,7.7,INR 739.02,1.3,Y,TEC-022
WO-000950,VEH-0654,2024-01-18 00:00:00,Motor Overhaul,Propeller x2,3.6,"33,061.15",31.4,no,TEC-076
WO-000951,VEH-0654,20/02/2025 00:00,Propeller Replacement,Battery Pack,13.4,INR 12674.88,83.8,N,TEC-132
WO-000952,VEH-0044,12-01-2024,Battery Pack Swap,,1.5,658.58,18.6,,TEC-105
WO-000953,VEH-0044,24-12-2024,Tyre Change,Battery Pack,11.7,"8,997.70",59.7,no,TEC-171
WO-000954,VEH-0044,30/11/2024 00:00,Firmware Update,"Brake Pads, Fluid",4.2,36948.86,32.3,yes,TEC-120
WO-000955,VEH-0044,2024-08-30 00:00:00,Engine Service,,1.0,"7,640.27",87.9,no,TEC-014
WO-000956,VEH-0044,2024-11-15 00:00:00,Motor Overhaul,Propeller x2,5.6,16207.03,39.5,no,TEC-168
WO-000957,VEH-0112,2025-06-10 00:00:00,Routine Inspection,Landing Skid,10.0,"43,555.59",59.8,no,TEC-114
WO-000958,VEH-0722,14-11-2024,Motor Overhaul,NA,2.2,33316.56,71.1,N,TEC-133
WO-000959,VEH-0722,02-05-2025,Battery Pack Swap,Battery Pack,6.8,"27,026.23",7.7,N,TEC-062
WO-000960,VEH-0722,24-11-2024,Firmware Update,Landing Skid,3.6,"11,891.45",69.0,,TEC-048
WO-000961,VEH-0722,11/01/2024 00:00,Brake Pad Replacement,Battery Pack,8.4,INR 15291.70,56.6,yes,TEC-070
WO-000962,VEH-0722,2024-02-06 00:00:00,Battery Pack Swap,Battery Pack,2.9,"20,011.47",60.8,Y,TEC-028
WO-000963,VEH-0722,2024-03-31 00:00:00,Propeller Replacement,NA,1.2,"46,408.40",22.0,,TEC-180
WO-000964,VEH-0092,07/09/2024 00:00,Routine Inspection,NA,3.9,36382.25,37.5,no,TEC-037
WO-000965,VEH-0092,08/04/2024 00:00,Routine Inspection,Battery Pack,3.3,46314.51,16.4,N,TEC-103
WO-000966,VEH-0092,16-03-2025,Brake Pad Replacement,Landing Skid,3.0,"29,339.43",28.6,N,TEC-123
WO-000967,VEH-0498,23/11/2024 00:00,Battery Pack Swap,"Motor, ESC",2.6,"17,724.64",69.1,,TEC-152
WO-000968,VEH-0115,25/02/2025 00:00,Frame Repair,,1.9,"8,295.69",57.8,N,TEC-086
WO-000969,VEH-0115,26/09/2024 00:00,Propeller Replacement,Battery Pack,1.3,"6,736.06",95.4,,TEC-091
WO-000970,VEH-0115,2025-05-24 00:00:00,Engine Service,,3.1,43639.36,36.0,N,TEC-210
WO-000971,VEH-0115,27/06/2025 00:00,Firmware Update,"Motor, ESC",8.0,INR 10607.01,29.5,,TEC-045
WO-000972,VEH-0115,20-02-2025,Firmware Update,,6.3,47549.39,21.1,yes,TEC-011
WO-000973,VEH-0259,07-04-2025,Motor Overhaul,NA,3.2,39806.51,63.1,yes,TEC-010
WO-000974,VEH-0259,03-03-2025,Frame Repair,,9.3,20315.12,7.1,yes,TEC-056
WO-000975,VEH-0259,02-01-2024,Motor Overhaul,"Motor, ESC",12.0,INR 23478.54,86.0,,TEC-125
WO-000976,VEH-0259,2025-05-31 00:00:00,Brake Pad Replacement,,3.5,43332.03,40.2,N,TEC-051
WO-000977,VEH-0109,02/11/2024 00:00,Firmware Update,,10.5,INR 36455.58,66.8,N,TEC-120
WO-000978,VEH-0437,2025-02-18 00:00:00,Firmware Update,"Brake Pads, Fluid",5.3,36830.4,66.7,Y,TEC-096
WO-000979,VEH-0437,05-03-2024,Motor Overhaul,Battery Pack,5.1,16581.26,53.6,Y,TEC-109
WO-000980,VEH-0437,13/01/2025 00:00,Firmware Update,"Motor, ESC",7.1,19927.66,54.0,,TEC-162
WO-000981,VEH-0437,04-02-2024,Landing Gear Fix,Propeller x2,12.3,INR 8355.46,35.8,Y,TEC-101
WO-000982,VEH-0155,03-11-2024,Frame Repair,"Motor, ESC",3.7,39597.24,21.7,N,TEC-089
WO-000983,VEH-0155,2024-04-02 00:00:00,Routine Inspection,Battery Pack,2.7,"40,952.63",43.6,yes,TEC-032
WO-000984,VEH-0155,04/02/2025 00:00,Engine Service,Propeller x2,11.9,INR 19036.75,15.2,N,TEC-159
WO-000985,VEH-0649,31-05-2024,Motor Overhaul,Battery Pack,8.6,"3,788.46",90.5,N,TEC-102
WO-000986,VEH-0649,12-09-2024,Brake Pad Replacement,,1.6,"13,398.20",86.3,yes,TEC-089
WO-000987,VEH-0649,02-12-2024,Brake Pad Replacement,Battery Pack,9.8,"3,655.54",31.1,yes,TEC-098
WO-000988,VEH-0649,23-11-2024,Firmware Update,Propeller x2,12.1,"26,265.99",74.5,yes,TEC-201
WO-000989,VEH-0649,25/08/2024 00:00,Routine Inspection,,7.6,29182.99,35.8,N,TEC-109
WO-000990,VEH-0266,2024-11-30 00:00:00,Landing Gear Fix,,7.4,"31,103.03",64.6,Y,TEC-063
WO-000991,VEH-0266,19-02-2024,Tyre Change,Propeller x2,5.2,19278.88,49.4,Y,TEC-191
WO-000992,VEH-0266,14-12-2024,Battery Pack Swap,"Motor, ESC",3.3,3854.94,78.9,,TEC-195
WO-000993,VEH-0266,12-04-2025,Brake Pad Replacement,Battery Pack,2.1,3091.53,10.5,Y,TEC-049
WO-000994,VEH-0266,21-01-2025,Brake Pad Replacement,NA,4.8,INR 13203.31,32.5,N,TEC-007
WO-000995,VEH-0266,05-06-2024,Engine Service,NA,4.9,"40,611.61",37.4,N,TEC-164
WO-000996,VEH-0258,29/06/2025 00:00,Routine Inspection,Landing Skid,3.6,"17,650.78",40.3,,TEC-138
WO-000997,VEH-0258,2025-02-18 00:00:00,Frame Repair,Battery Pack,4.6,"4,449.51",64.1,N,TEC-115
WO-000998,VEH-0258,2025-03-18 00:00:00,Engine Service,Battery Pack,8.1,INR 21756.71,36.0,Y,TEC-094
WO-000999,VEH-0258,2024-02-09 00:00:00,Battery Pack Swap,"Brake Pads, Fluid",1.7,"21,023.14",31.9,,TEC-037
WO-001000,VEH-0700,2025-03-31 00:00:00,Routine Inspection,Landing Skid,0.5,4559.74,65.2,yes,TEC-116
WO-001001,VEH-0700,2025-06-21 00:00:00,Battery Pack Swap,Landing Skid,3.0,INR 39849.78,1.1,,TEC-035
WO-001002,VEH-0700,07-08-2024,Brake Pad Replacement,NA,4.8,INR 5393.48,58.5,,TEC-001
WO-001003,VEH-0700,2024-11-26 00:00:00,Engine Service,,6.9,INR 5896.98,95.0,Y,TEC-080
WO-001004,VEH-0700,02-03-2024,Brake Pad Replacement,"Motor, ESC",6.2,INR 7027.96,2.8,no,TEC-058
WO-001005,VEH-0415,2024-01-31 00:00:00,Propeller Replacement,"Brake Pads, Fluid",11.3,"31,435.97",26.8,,TEC-165
WO-001006,VEH-0415,27/03/2025 00:00,Propeller Replacement,Battery Pack,3.0,"47,770.04",1.7,N,TEC-054
WO-001007,VEH-0415,28/01/2024 00:00,Motor Overhaul,"Brake Pads, Fluid",11.7,INR 5361.40,83.8,yes,TEC-187
WO-001008,VEH-0415,02/08/2024 00:00,Firmware Update,Battery Pack,5.5,5894.73,62.1,no,TEC-002
WO-001009,VEH-0415,2024-10-31 00:00:00,Engine Service,"Motor, ESC",4.9,46472.95,66.0,,TEC-063
WO-001010,VEH-0458,2024-01-24 00:00:00,Engine Service,"Motor, ESC",6.0,INR 44394.38,91.6,no,TEC-096
WO-001011,VEH-0458,12-01-2025,Propeller Replacement,Battery Pack,5.7,35230.9,31.2,yes,TEC-090
WO-001012,VEH-0458,29-01-2025,Brake Pad Replacement,"Motor, ESC",,45490.94,13.2,,TEC-183
WO-001013,VEH-0451,02-07-2024,Propeller Replacement,Landing Skid,3.8,14047.19,48.1,N,TEC-001
WO-001014,VEH-0451,2024-10-17 00:00:00,Landing Gear Fix,Propeller x2,13.8,10320.63,5.3,Y,TEC-197
WO-001015,VEH-0451,01-03-2024,Landing Gear Fix,Propeller x2,4.1,INR 12746.79,33.5,,TEC-112
WO-001016,VEH-0451,30/10/2024 00:00,Firmware Update,Landing Skid,1.5,6349.32,43.9,no,TEC-218
WO-001017,VEH-0451,02-12-2024,Firmware Update,NA,1.3,16793.8,6.3,yes,TEC-057
WO-001018,VEH-0105,2024-06-13 00:00:00,Engine Service,Landing Skid,2.4,"12,252.65",87.2,N,TEC-028
WO-001019,VEH-0496,24-09-2024,Propeller Replacement,"Motor, ESC",3.0,9725.8,92.0,no,TEC-180
WO-001020,VEH-0496,2024-04-05 00:00:00,Engine Service,Landing Skid,8.6,18852.15,49.2,no,TEC-076
WO-001021,VEH-0496,27/05/2025 00:00,Propeller Replacement,"Brake Pads, Fluid",12.5,INR 826.74,41.3,no,TEC-217
WO-001022,VEH-0496,09-05-2025,Firmware Update,Propeller x2,6.7,"32,305.31",34.1,yes,TEC-210
WO-001023,VEH-0496,17/02/2024 00:00,Battery Pack Swap,Propeller x2,6.7,44078.67,71.6,N,TEC-190
WO-001024,VEH-0496,2024-08-11 00:00:00,Frame Repair,Landing Skid,N/A,INR 47608.13,37.8,yes,TEC-165
WO-001025,VEH-0331,15/05/2024 00:00,Landing Gear Fix,"Motor, ESC",12.8,46710.53,81.6,N,TEC-029
WO-001026,VEH-0331,26/05/2024 00:00,Motor Overhaul,"Motor, ESC",N/A,INR 45979.86,52.1,yes,TEC-189
WO-001027,VEH-0331,25-01-2025,Landing Gear Fix,Landing Skid,12.4,3575.3,72.8,no,TEC-048
WO-001028,VEH-0331,2024-07-07 00:00:00,Engine Service,"Brake Pads, Fluid",2.5,"22,204.60",72.2,,TEC-002
WO-001029,VEH-0331,2025-06-28 00:00:00,Motor Overhaul,"Brake Pads, Fluid",1.4,"23,228.68",16.0,yes,TEC-107
WO-001030,VEH-0331,24-04-2024,Battery Pack Swap,NA,6.6,INR 14341.63,83.4,,TEC-104
WO-001031,VEH-0338,2024-12-24 00:00:00,Motor Overhaul,Battery Pack,N/A,"20,270.96",10.6,N,TEC-029
WO-001032,VEH-0338,2024-12-15 00:00:00,Motor Overhaul,Propeller x2,6.8,42859.08,89.8,Y,TEC-129
WO-001033,VEH-0481,2024-08-24 00:00:00,Battery Pack Swap,"Motor, ESC",11.9,INR 44329.97,44.7,no,TEC-021
WO-001034,VEH-0454,03/03/2025 00:00,Brake Pad Replacement,,4.1,25224.12,7.4,N,TEC-061
WO-001035,VEH-0379,06/07/2024 00:00,Landing Gear Fix,Battery Pack,6.4,24350.37,26.5,,TEC-193
WO-001036,VEH-0379,2024-08-08 00:00:00,Brake Pad Replacement,Propeller x2,5.2,16746.55,77.4,Y,TEC-066
WO-001037,VEH-0379,16-01-2025,Engine Service,"Brake Pads, Fluid",12.9,12313.83,65.6,no,TEC-066
WO-001038,VEH-0087,20/05/2025 00:00,Battery Pack Swap,Landing Skid,5.2,41813.49,11.6,Y,TEC-155
WO-001039,VEH-0087,2024-02-17 00:00:00,Firmware Update,NA,7.3,INR 27197.12,31.8,,TEC-174
WO-001040,VEH-0607,21-02-2025,Landing Gear Fix,NA,1.8,"32,026.16",29.4,yes,TEC-215
WO-001041,VEH-0607,10-10-2024,Motor Overhaul,Landing Skid,4.2,INR 1719.31,84.9,N,TEC-018
WO-001042,VEH-0607,18-04-2025,Firmware Update,Landing Skid,12.3,15876.94,14.9,yes,TEC-071
WO-001043,VEH-0607,2025-05-26 00:00:00,Battery Pack Swap,"Motor, ESC",14.0,INR 24894.76,68.6,N,TEC-011
WO-001044,VEH-0607,13/07/2024 00:00,Motor Overhaul,,11.8,7802.85,55.5,Y,TEC-120
WO-001045,VEH-0110,2024-07-04 00:00:00,Battery Pack Swap,Battery Pack,11.7,INR 18007.25,43.8,Y,TEC-182
WO-001046,VEH-0110,07/04/2025 00:00,Brake Pad Replacement,"Brake Pads, Fluid",,23438.72,32.8,N,TEC-129
WO-001047,VEH-0110,19/11/2024 00:00,Frame Repair,Battery Pack,5.5,"42,233.27",12.0,,TEC-052
WO-001048,VEH-0110,25-12-2024,Frame Repair,Battery Pack,7.5,INR 625.78,14.1,Y,TEC-191
WO-001049,VEH-0110,23/08/2024 00:00,Routine Inspection,Propeller x2,5.8,"6,082.39",84.9,yes,TEC-013
WO-001050,VEH-0533,29-04-2024,Brake Pad Replacement,,13.2,INR 47683.09,61.4,N,TEC-211
WO-001051,VEH-0314,15-03-2025,Routine Inspection,Landing Skid,6.4,"37,821.69",93.7,Y,TEC-030
WO-001052,VEH-0314,2024-11-25 00:00:00,Battery Pack Swap,NA,6.3,"2,542.39",16.3,Y,TEC-093
WO-001053,VEH-0314,16/06/2025 00:00,Routine Inspection,Propeller x2,8.8,INR 46071.44,65.1,yes,TEC-025
WO-001054,VEH-0314,2024-06-04 00:00:00,Firmware Update,Battery Pack,11.8,47454.08,91.9,N,TEC-215
WO-001055,VEH-0314,16/05/2025 00:00,Frame Repair,Battery Pack,10.1,3016.93,57.9,yes,TEC-106
WO-001056,VEH-0314,21-06-2025,Motor Overhaul,Propeller x2,12.1,6857.33,79.3,yes,TEC-056
WO-001057,VEH-0029,01-11-2024,Frame Repair,Landing Skid,4.1,"18,188.89",49.1,yes,TEC-135
WO-001058,VEH-0029,18-04-2024,Tyre Change,Landing Skid,1.6,INR 14840.40,52.3,no,TEC-196
WO-001059,VEH-0029,05/10/2024 00:00,Frame Repair,Battery Pack,1.1,INR 7469.70,38.9,,TEC-087
WO-001060,VEH-0029,19-07-2024,Engine Service,Battery Pack,6.9,INR 42984.54,87.9,,TEC-208
WO-001061,VEH-0029,09-12-2024,Frame Repair,Landing Skid,0.9,INR 9307.62,27.0,N,TEC-075
WO-001062,VEH-0144,2024-03-04 00:00:00,Brake Pad Replacement,Propeller x2,8.7,"20,300.88",70.9,no,TEC-162
WO-001063,VEH-0313,2025-04-25 00:00:00,Engine Service,Landing Skid,6.7,44023.68,7.0,yes,TEC-008
WO-001064,VEH-0313,07/11/2024 00:00,Battery Pack Swap,Landing Skid,,11070.67,13.6,Y,TEC-122
WO-001065,VEH-0313,23/03/2025 00:00,Battery Pack Swap,Landing Skid,8.2,INR 2030.46,66.3,no,TEC-014
WO-001066,VEH-0313,2024-10-01 00:00:00,Tyre Change,Landing Skid,12.0,INR 34052.91,95.5,N,TEC-151
WO-001067,VEH-0313,2024-01-13 00:00:00,Motor Overhaul,"Motor, ESC",3.7,40199.63,41.0,yes,TEC-131
WO-001068,VEH-0269,2024-05-03 00:00:00,Propeller Replacement,"Brake Pads, Fluid",0.7,INR 12018.42,75.7,,TEC-211
WO-001069,VEH-0269,13-09-2024,Brake Pad Replacement,Landing Skid,5.6,INR 6302.87,93.0,Y,TEC-202
WO-001070,VEH-0269,30/07/2024 00:00,Engine Service,NA,11.8,"38,027.70",38.7,N,TEC-025
WO-001071,VEH-0269,2025-02-26 00:00:00,Brake Pad Replacement,NA,12.8,3172.05,9.0,N,TEC-029
WO-001072,VEH-0269,06/01/2024 00:00,Motor Overhaul,,5.2,"2,427.94",18.6,,TEC-152
WO-001073,VEH-0213,30/06/2024 00:00,Battery Pack Swap,"Motor, ESC",7.9,6866.85,37.5,Y,TEC-154
WO-001074,VEH-0673,13/05/2024 00:00,Routine Inspection,"Motor, ESC",13.2,25106.15,70.4,N,TEC-116
WO-001075,VEH-0673,2024-05-21 00:00:00,Routine Inspection,NA,5.6,INR 30659.36,63.3,Y,TEC-136
WO-001076,VEH-0673,2024-01-14 00:00:00,Battery Pack Swap,,0.5,INR 9687.88,69.6,N,TEC-165
WO-001077,VEH-0673,26-04-2025,Propeller Replacement,NA,N/A,INR 3124.09,63.0,N,TEC-121
WO-001078,VEH-0705,09/01/2024 00:00,Engine Service,Landing Skid,12.7,27056.39,63.4,yes,TEC-090
WO-001079,VEH-0705,20/12/2024 00:00,Firmware Update,Propeller x2,10.9,INR 24339.86,90.6,no,TEC-169
WO-001080,VEH-0705,07-08-2024,Propeller Replacement,"Motor, ESC",1.0,INR 11323.44,69.0,,TEC-214
WO-001081,VEH-0705,01-03-2024,Propeller Replacement,Propeller x2,6.1,"20,218.93",36.3,yes,TEC-068
WO-001082,VEH-0705,08/09/2024 00:00,Propeller Replacement,Propeller x2,9.5,INR 24888.34,26.2,,TEC-207
WO-001083,VEH-0705,17-10-2024,Firmware Update,Landing Skid,8.1,"6,010.67",79.7,N,TEC-209
WO-001084,VEH-0679,19-09-2024,Motor Overhaul,"Brake Pads, Fluid",5.4,933.11,16.9,no,TEC-121
WO-001085,VEH-0679,2025-03-05 00:00:00,Battery Pack Swap,"Motor, ESC",4.7,"31,873.46",83.5,no,TEC-070
WO-001086,VEH-0679,12-05-2025,Firmware Update,Propeller x2,3.5,INR 43674.11,22.6,Y,TEC-081
WO-001087,VEH-0679,29/08/2024 00:00,Tyre Change,Battery Pack,1.0,31759.1,84.1,N,TEC-010
WO-001088,VEH-0679,08-12-2024,Frame Repair,,9.4,INR 31629.85,94.9,yes,TEC-129
WO-001089,VEH-0679,16/02/2025 00:00,Firmware Update,"Motor, ESC",N/A,INR 20142.27,84.9,Y,TEC-045
WO-001090,VEH-0183,2024-10-13 00:00:00,Routine Inspection,,12.1,47188.02,72.0,N,TEC-052
WO-001091,VEH-0183,19/09/2024 00:00,Brake Pad Replacement,Landing Skid,3.7,INR 10146.22,85.0,no,TEC-131
WO-001092,VEH-0183,2025-03-17 00:00:00,Frame Repair,"Brake Pads, Fluid",11.4,20646.96,82.6,no,TEC-057
WO-001093,VEH-0183,2024-05-02 00:00:00,Routine Inspection,,4.5,"20,358.33",4.9,yes,TEC-156
WO-001094,VEH-0183,12-02-2025,Battery Pack Swap,Propeller x2,11.9,14704.48,2.5,N,TEC-166
WO-001095,VEH-0183,2024-02-01 00:00:00,Landing Gear Fix,Battery Pack,7.3,"21,061.30",57.8,Y,TEC-186
WO-001096,VEH-0471,12/06/2025 00:00,Motor Overhaul,"Brake Pads, Fluid",11.2,INR 12852.89,56.2,Y,TEC-191
WO-001097,VEH-0471,19/11/2024 00:00,Engine Service,Landing Skid,8.1,INR 37702.16,62.4,,TEC-108
WO-001098,VEH-0471,28/02/2025 00:00,Frame Repair,NA,2.1,"5,290.66",83.5,no,TEC-013
WO-001099,VEH-0471,2025-04-21 00:00:00,Motor Overhaul,,6.7,INR 15176.85,71.6,Y,TEC-181
WO-001100,VEH-0471,09-08-2024,Frame Repair,Landing Skid,7.9,35527.03,59.5,no,TEC-103
WO-001101,VEH-0181,31-03-2024,Brake Pad Replacement,Propeller x2,11.4,"31,616.72",83.2,Y,TEC-203
WO-001102,VEH-0472,2024-09-22 00:00:00,Tyre Change,"Motor, ESC",8.9,INR 11405.23,76.4,no,TEC-081
WO-001103,VEH-0472,03/03/2025 00:00,Propeller Replacement,"Brake Pads, Fluid",2.0,"2,235.08",25.6,,TEC-186
WO-001104,VEH-0472,22/10/2024 00:00,Brake Pad Replacement,"Brake Pads, Fluid",11.2,11266.69,94.6,yes,TEC-059
WO-001105,VEH-0472,03-03-2025,Propeller Replacement,"Brake Pads, Fluid",1.8,43844.16,69.0,,TEC-196
WO-001106,VEH-0472,13/05/2024 00:00,Landing Gear Fix,"Brake Pads, Fluid",  ,INR 989.48,88.6,no,TEC-176
WO-001107,VEH-0472,2024-02-13 00:00:00,Tyre Change,"Brake Pads, Fluid",2.7,33166.19,11.5,yes,TEC-220
WO-001108,VEH-0021,26-10-2024,Routine Inspection,Propeller x2,12.5,11460.63,28.7,Y,TEC-163
WO-001109,VEH-0021,29/10/2024 00:00,Brake Pad Replacement,Landing Skid,3.1,INR 43516.19,67.6,yes,TEC-203
WO-001110,VEH-0021,2024-02-18 00:00:00,Routine Inspection,Landing Skid,NA,"19,276.53",83.6,Y,TEC-177
WO-001111,VEH-0288,08-01-2024,Brake Pad Replacement,Propeller x2,2.2,3479.43,62.5,N,TEC-153
WO-001112,VEH-0288,19-01-2025,Propeller Replacement,Battery Pack,13.2,"14,886.78",58.5,,TEC-031
WO-001113,VEH-0088,2024-02-17 00:00:00,Tyre Change,Battery Pack,12.2,31853.05,55.1,Y,TEC-200
WO-001114,VEH-0088,2024-09-27 00:00:00,Engine Service,Battery Pack,11.0,"5,455.89",65.7,,TEC-201
WO-001115,VEH-0088,2024-12-11 00:00:00,Brake Pad Replacement,NA,6.5,24085.04,5.8,yes,TEC-054
WO-001116,VEH-0088,02-07-2024,Engine Service,"Motor, ESC",6.4,11763.71,7.3,,TEC-150
WO-001117,VEH-0088,11/05/2024 00:00,Frame Repair,Propeller x2,4.5,"29,985.56",58.0,,TEC-154
WO-001118,VEH-0088,2025-02-17 00:00:00,Landing Gear Fix,"Brake Pads, Fluid",0.5,INR 29471.72,9.7,no,TEC-051
WO-001119,VEH-0282,29-04-2024,Battery Pack Swap,Battery Pack,13.1,"24,417.53",33.4,no,TEC-209
WO-001120,VEH-0282,14-09-2024,Brake Pad Replacement,Battery Pack,13.3,46420.24,38.2,yes,TEC-211
WO-001121,VEH-0282,23-10-2024,Propeller Replacement,NA,6.6,INR 29749.39,58.5,no,TEC-016
WO-001122,VEH-0282,17/01/2024 00:00,Routine Inspection,,7.7,"20,302.37",26.5,yes,TEC-109
WO-001123,VEH-0282,11-07-2024,Tyre Change,Landing Skid,3.9,45863.06,12.7,,TEC-114
WO-001124,VEH-0446,16/01/2025 00:00,Routine Inspection,Propeller x2,N/A,INR 10994.32,1.2,,TEC-067
WO-001125,VEH-0446,2024-01-29 00:00:00,Frame Repair,"Brake Pads, Fluid",12.1,25283.85,68.7,no,TEC-146
WO-001126,VEH-0541,27/01/2024 00:00,Battery Pack Swap,NA,6.8,4951.43,62.8,yes,TEC-154
WO-001127,VEH-0541,18-09-2024,Motor Overhaul,NA,1.4,"43,976.34",91.9,N,TEC-045
WO-001128,VEH-0486,06/02/2024 00:00,Landing Gear Fix,"Brake Pads, Fluid",5.2,INR 26252.73,85.8,yes,TEC-052
WO-001129,VEH-0486,29-06-2024,Firmware Update,Battery Pack,3.4,31971.95,88.5,Y,TEC-114
WO-001130,VEH-0486,06/01/2025 00:00,Frame Repair,Battery Pack,12.0,"26,190.22",46.6,,TEC-170
WO-001131,VEH-0407,19/02/2024 00:00,Tyre Change,NA,4.4,"4,064.70",9.0,no,TEC-044
WO-001132,VEH-0407,05/03/2024 00:00,Brake Pad Replacement,"Motor, ESC",3.7,INR 21839.68,14.8,Y,TEC-014
WO-001133,VEH-0571,08/11/2024 00:00,Propeller Replacement,"Brake Pads, Fluid",11.8,28499.87,25.3,no,TEC-054
WO-001134,VEH-0571,2024-01-26 00:00:00,Brake Pad Replacement,,7.7,"14,643.74",33.0,yes,TEC-163
WO-001135,VEH-0571,07-02-2024,Propeller Replacement,NA,5.8,INR 47074.37,90.3,,TEC-166
WO-001136,VEH-0571,2025-03-05 00:00:00,Landing Gear Fix,"Motor, ESC",2.3,16794.49,78.4,yes,TEC-009
WO-001137,VEH-0263,2024-06-13 00:00:00,Engine Service,"Brake Pads, Fluid",11.8,INR 46316.38,69.0,N,TEC-152
WO-001138,VEH-0263,08/12/2024 00:00,Frame Repair,Propeller x2,8.4,"32,520.51",29.5,,TEC-126
WO-001139,VEH-0263,2024-03-06 00:00:00,Landing Gear Fix,Battery Pack,8.0,31625.36,68.4,no,TEC-168
WO-001140,VEH-0263,10/05/2025 00:00,Battery Pack Swap,"Motor, ESC",1.6,31103.17,75.1,N,TEC-057
WO-001141,VEH-0263,15-11-2024,Brake Pad Replacement,NA,12.1,4362.09,2.7,yes,TEC-037
WO-001142,VEH-0370,24/09/2024 00:00,Tyre Change,"Brake Pads, Fluid",  ,"4,434.08",4.5,Y,TEC-042
WO-001143,VEH-0370,13-02-2025,Brake Pad Replacement,"Motor, ESC",3.2,INR 12692.87,87.7,yes,TEC-108
WO-001144,VEH-0370,26-04-2024,Propeller Replacement,Battery Pack,2.0,32274.9,24.0,no,TEC-114
WO-001145,VEH-0370,2024-05-13 00:00:00,Motor Overhaul,Propeller x2,9.6,43113.89,93.0,yes,TEC-218
WO-001146,VEH-0290,2025-04-17 00:00:00,Motor Overhaul,Propeller x2,1.8,INR 4515.65,28.6,yes,TEC-157
WO-001147,VEH-0290,2024-12-29 00:00:00,Landing Gear Fix,Landing Skid,10.0,"20,812.08",24.1,Y,TEC-077
WO-001148,VEH-0038,04/04/2024 00:00,Landing Gear Fix,,6.4,INR 46056.69,3.7,no,TEC-046
WO-001149,VEH-0038,03/05/2025 00:00,Frame Repair,"Motor, ESC",12.7,"10,577.04",83.8,,TEC-153
WO-001150,VEH-0038,22/07/2024 00:00,Frame Repair,Propeller x2,6.4,INR 30127.51,49.1,Y,TEC-022
WO-001151,VEH-0038,26/07/2024 00:00,Engine Service,Battery Pack,4.3,INR 11786.82,57.4,,TEC-068
WO-001152,VEH-0038,05-05-2024,Tyre Change,NA,13.1,"19,495.67",62.8,N,TEC-010
WO-001153,VEH-0378,02-01-2024,Landing Gear Fix,NA,7.4,1535.39,31.8,yes,TEC-186
WO-001154,VEH-0378,04-06-2024,Frame Repair,"Brake Pads, Fluid",10.9,INR 35752.88,40.3,yes,TEC-215
WO-001155,VEH-0378,21/12/2024 00:00,Tyre Change,"Motor, ESC",4.9,INR 29782.96,23.2,Y,TEC-013
WO-001156,VEH-0378,14/04/2024 00:00,Battery Pack Swap,NA,13.9,INR 47861.66,83.7,no,TEC-024
WO-001157,VEH-0378,2025-04-03 00:00:00,Landing Gear Fix,"Brake Pads, Fluid",13.2,31049.62,68.5,Y,TEC-020
WO-001158,VEH-0684,03-07-2024,Brake Pad Replacement,,4.5,"15,512.38",2.8,no,TEC-183
WO-001159,VEH-0684,25-02-2024,Frame Repair,NA,  ,"17,420.41",70.0,no,TEC-191
WO-001160,VEH-0684,2024-08-10 00:00:00,Tyre Change,"Motor, ESC",7.1,"32,883.12",4.9,Y,TEC-188
WO-001161,VEH-0684,31/08/2024 00:00,Routine Inspection,,3.2,"28,933.01",80.3,Y,TEC-118
WO-001162,VEH-0684,2025-03-19 00:00:00,Engine Service,Battery Pack,3.8,2659.19,30.7,Y,TEC-144
WO-001163,VEH-0366,2024-05-26 00:00:00,Propeller Replacement,Battery Pack,6.9,25495.69,79.4,,TEC-110
WO-001164,VEH-0366,21-02-2024,Firmware Update,,7.9,INR 9210.09,50.4,Y,TEC-100
WO-001165,VEH-0366,2025-06-05 00:00:00,Brake Pad Replacement,Battery Pack,9.0,INR 15651.05,1.9,N,TEC-045
WO-001166,VEH-9151,30-10-2024,Engine Service,Propeller x2,13.1,INR 3951.98,1.8,N,TEC-179
WO-001167,VEH-0366,2025-03-25 00:00:00,Landing Gear Fix,Battery Pack,2.4,INR 47049.17,82.0,no,TEC-084
WO-001168,VEH-0022,04/04/2024 00:00,Propeller Replacement,Propeller x2,3.5,37526.76,79.6,N,TEC-097
WO-001169,VEH-0022,2024-09-03 00:00:00,Brake Pad Replacement,"Brake Pads, Fluid",11.0,"35,445.62",21.3,N,TEC-158
WO-001170,VEH-0022,06-03-2024,Frame Repair,NA,4.5,19936.53,30.9,N,TEC-155
WO-001171,VEH-0022,30/05/2025 00:00,Brake Pad Replacement,Battery Pack,2.6,INR 40194.65,24.1,no,TEC-171
WO-001172,VEH-0022,18/10/2024 00:00,Tyre Change,NA,8.9,24210.23,86.8,Y,TEC-161
WO-001173,VEH-0568,10-11-2024,Propeller Replacement,"Brake Pads, Fluid",1.3,32978.67,81.6,N,TEC-079
WO-001174,VEH-0568,29/10/2024 00:00,Landing Gear Fix,Propeller x2,8.9,40093.34,33.2,yes,TEC-105
WO-001175,VEH-0568,2024-05-01 00:00:00,Brake Pad Replacement,"Brake Pads, Fluid",3.6,"38,509.67",62.9,no,TEC-033
WO-001176,VEH-0568,03-06-2024,Routine Inspection,NA,12.1,"17,826.76",3.9,Y,TEC-174
WO-001177,VEH-0568,15/11/2024 00:00,Engine Service,"Motor, ESC",10.2,23680.28,21.6,no,TEC-152
WO-001178,VEH-0582,2024-05-08 00:00:00,Frame Repair,Landing Skid,9.6,INR 2439.42,25.0,no,TEC-002
WO-001179,VEH-0582,30-06-2025,Firmware Update,NA,11.0,"34,402.28",20.5,,TEC-090
WO-001180,VEH-0582,05/06/2025 00:00,Landing Gear Fix,,N/A,INR 14853.91,95.4,no,TEC-142
WO-001181,VEH-0547,21/08/2024 00:00,Motor Overhaul,Battery Pack,12.6,21558.15,56.2,N,TEC-016
WO-001182,VEH-0547,2024-10-13 00:00:00,Firmware Update,"Brake Pads, Fluid",13.0,33540.52,13.0,yes,TEC-179
WO-001183,VEH-0547,2025-06-14 00:00:00,Battery Pack Swap,NA,6.5,INR 12754.57,18.7,no,TEC-171
WO-001184,VEH-0547,05/06/2025 00:00,Landing Gear Fix,Propeller x2,3.1,"10,280.26",2.1,Y,TEC-218
WO-001185,VEH-0547,31-01-2025,Engine Service,Landing Skid,2.0,22197.44,72.1,N,TEC-013
WO-001186,VEH-0547,07/03/2024 00:00,Engine Service,Landing Skid,1.0,INR 19174.47,2.7,Y,TEC-022
WO-001187,VEH-0665,28/03/2025 00:00,Frame Repair,"Motor, ESC",4.3,"15,623.50",51.3,Y,TEC-149
WO-001188,VEH-0606,2024-08-28 00:00:00,Landing Gear Fix,,9.2,39341.46,16.0,yes,TEC-107
WO-001189,VEH-0122,2025-05-20 00:00:00,Frame Repair,,2.7,INR 40802.02,45.5,yes,TEC-075
WO-001190,VEH-0686,23-02-2025,Motor Overhaul,NA,13.2,44611.25,32.1,no,TEC-171
WO-001191,VEH-0686,12-01-2025,Battery Pack Swap,,9.5,26681.47,85.7,no,TEC-126
WO-001192,VEH-0576,11/06/2025 00:00,Landing Gear Fix,Propeller x2,1.6,INR 38049.64,8.7,no,TEC-110
WO-001193,VEH-0576,01-02-2024,Landing Gear Fix,Battery Pack,0.8,13914.45,13.0,no,TEC-190
WO-001194,VEH-0075,16/04/2025 00:00,Brake Pad Replacement,"Motor, ESC",2.5,18054.72,19.5,yes,TEC-096
WO-001195,VEH-0075,2024-06-20 00:00:00,Firmware Update,Landing Skid,11.0,"7,093.00",34.3,Y,TEC-193
WO-001196,VEH-0075,23-12-2024,Battery Pack Swap,"Brake Pads, Fluid",11.9,INR 38112.36,42.3,,TEC-119
WO-001197,VEH-0075,07-06-2025,Landing Gear Fix,"Brake Pads, Fluid",12.2,"30,143.42",83.2,N,TEC-217
WO-001198,VEH-0075,2024-03-18 00:00:00,Battery Pack Swap,NA,8.4,INR 32285.10,52.3,N,TEC-164
WO-001199,VEH-0075,05/09/2024 00:00,Propeller Replacement,Landing Skid,12.5,INR 26550.53,17.0,no,TEC-135
WO-001200,VEH-0589,06-01-2025,Brake Pad Replacement,"Motor, ESC",3.3,"7,858.36",39.1,,TEC-048
WO-001201,VEH-0392,2024-11-05 00:00:00,Firmware Update,NA,6.1,INR 7883.00,45.5,Y,TEC-008
WO-001202,VEH-0392,16-02-2024,Propeller Replacement,NA,6.5,44139.63,66.2,yes,TEC-014
WO-001203,VEH-0392,28-08-2024,Frame Repair,,12.3,INR 12359.62,41.0,Y,TEC-184
WO-001204,VEH-0392,01-10-2024,Landing Gear Fix,Propeller x2,2.0,INR 15161.34,3.1,yes,TEC-113
WO-001205,VEH-0392,2025-05-16 00:00:00,Brake Pad Replacement,NA,11.3,3303.05,55.8,N,TEC-181
WO-001206,VEH-0392,11-01-2025,Routine Inspection,Battery Pack,3.4,21466.4,52.6,,TEC-213
WO-001207,VEH-0698,18-05-2025,Firmware Update,NA,10.8,"32,490.82",4.0,yes,TEC-024
WO-001208,VEH-0698,16/02/2025 00:00,Propeller Replacement,"Brake Pads, Fluid",0.6,38135.68,15.9,N,TEC-036
WO-001209,VEH-0354,29-07-2024,Landing Gear Fix,Propeller x2,5.8,INR 46399.23,86.3,Y,TEC-031
WO-001210,VEH-0354,14/03/2025 00:00,Brake Pad Replacement,"Brake Pads, Fluid",4.7,INR 3253.57,54.5,Y,TEC-053
WO-001211,VEH-0354,26/04/2024 00:00,Routine Inspection,NA,11.1,INR 13789.56,1.9,Y,TEC-099
WO-001212,VEH-0080,22-06-2024,Engine Service,NA,10.3,INR 39152.30,24.9,no,TEC-085
WO-001213,VEH-0080,18/01/2024 00:00,Propeller Replacement,"Motor, ESC",6.2,5792.36,14.6,no,TEC-125
WO-001214,VEH-0080,10/02/2024 00:00,Frame Repair,NA,8.4,INR 10724.36,33.8,N,TEC-065
WO-001215,VEH-0529,26-02-2024,Propeller Replacement,Landing Skid,13.1,27864.66,8.5,no,TEC-105
WO-001216,VEH-0529,27-04-2024,Routine Inspection,Landing Skid,0.8,"46,883.23",59.2,yes,TEC-153
WO-001217,VEH-0529,19/12/2024 00:00,Frame Repair,"Motor, ESC",7.4,"38,781.14",54.6,yes,TEC-184
WO-001218,VEH-0529,2024-10-16 00:00:00,Frame Repair,NA,2.8,30906.9,82.8,N,TEC-173
WO-001219,VEH-0529,31-01-2025,Brake Pad Replacement,"Brake Pads, Fluid",1.3,INR 16909.26,28.2,no,TEC-006
WO-001220,VEH-0529,18/02/2025 00:00,Brake Pad Replacement,Battery Pack,3.6,16246.21,61.3,Y,TEC-056
WO-001221,VEH-0280,2024-11-30 00:00:00,Battery Pack Swap,"Motor, ESC",12.2,INR 25998.24,1.1,,TEC-086
WO-001222,VEH-0280,24-02-2024,Propeller Replacement,NA,2.5,40588.69,57.9,no,TEC-049
WO-001223,VEH-0280,09/01/2024 00:00,Battery Pack Swap,NA,3.4,INR 41237.06,21.5,N,TEC-080
WO-001224,VEH-0280,30/04/2025 00:00,Brake Pad Replacement,"Motor, ESC",7.1,23383.99,85.2,yes,TEC-079
WO-001225,VEH-0280,22-05-2025,Landing Gear Fix,Battery Pack,5.7,44603.91,73.7,yes,TEC-101
WO-001226,VEH-0286,16-02-2025,Propeller Replacement,,11.3,33466.14,85.1,yes,TEC-116
WO-001227,VEH-0273,15/07/2024 00:00,Routine Inspection,Battery Pack,2.1,18437.9,18.8,yes,TEC-141
WO-001228,VEH-0273,2024-07-08 00:00:00,Motor Overhaul,Landing Skid,6.9,"4,049.09",25.3,yes,TEC-069
WO-001229,VEH-0273,26/09/2024 00:00,Engine Service,"Motor, ESC",4.6,"47,900.22",10.5,,TEC-158
WO-001230,VEH-0273,24-06-2024,Tyre Change,Propeller x2,10.7,27042.52,27.2,,TEC-147
WO-001231,VEH-0273,2025-06-17 00:00:00,Landing Gear Fix,"Brake Pads, Fluid",6.6,INR 21385.78,8.0,,TEC-141
WO-001232,VEH-0273,01-05-2024,Routine Inspection,Propeller x2,11.7,"11,099.76",49.3,Y,TEC-075
WO-001233,VEH-0618,26/04/2025 00:00,Battery Pack Swap,Propeller x2,1.6,INR 41059.02,43.7,no,TEC-164
WO-001234,VEH-0618,13/06/2025 00:00,Frame Repair,"Brake Pads, Fluid",11.3,24568.67,23.2,yes,TEC-176
WO-001235,VEH-0618,28/07/2024 00:00,Motor Overhaul,"Motor, ESC",10.7,"32,901.90",62.6,,TEC-131
WO-001236,VEH-0618,2024-06-24 00:00:00,Battery Pack Swap,Propeller x2,13.3,INR 19172.59,91.9,Y,TEC-011
WO-001237,VEH-0513,2024-07-20 00:00:00,Battery Pack Swap,Battery Pack,13.5,22668.82,29.2,no,TEC-202
WO-001238,VEH-0126,10/12/2024 00:00,Brake Pad Replacement,"Motor, ESC",6.5,29878.23,89.5,,TEC-104
WO-001239,VEH-0126,25-05-2024,Tyre Change,NA,8.1,"7,856.48",89.7,,TEC-166
WO-001240,VEH-0126,27/12/2024 00:00,Brake Pad Replacement,Battery Pack,10.5,34933.16,62.7,yes,TEC-118
WO-001241,VEH-0126,04/12/2024 00:00,Propeller Replacement,"Brake Pads, Fluid",3.7,10823.57,39.0,Y,TEC-064
WO-001242,VEH-0382,29/01/2025 00:00,Propeller Replacement,"Motor, ESC",8.3,46336.42,6.4,,TEC-006
WO-001243,VEH-0382,05-01-2025,Propeller Replacement,"Motor, ESC",3.6,"13,479.38",15.1,no,TEC-155
WO-001244,VEH-0382,2024-10-04 00:00:00,Battery Pack Swap,"Brake Pads, Fluid",9.9,46116.76,42.2,Y,TEC-165
WO-001245,VEH-0342,23-05-2025,Routine Inspection,NA,10.1,38641.9,35.7,yes,TEC-164
WO-001246,VEH-0342,25-02-2024,Frame Repair,"Motor, ESC",N/A,"2,077.86",54.8,N,TEC-106
WO-001247,VEH-0342,08-11-2024,Frame Repair,Propeller x2,0.5,13163.46,80.1,,TEC-005
WO-001248,VEH-0342,13/03/2025 00:00,Motor Overhaul,"Motor, ESC",3.7,"12,244.64",26.8,N,TEC-110
WO-001249,VEH-0342,11/06/2024 00:00,Firmware Update,Landing Skid,4.4,"41,955.29",13.4,yes,TEC-138
WO-001250,VEH-0342,16-02-2025,Landing Gear Fix,NA,10.1,"39,465.47",91.9,no,TEC-079
WO-001251,VEH-0153,06-01-2025,Propeller Replacement,,11.5,"38,783.43",10.0,Y,TEC-092
WO-001252,VEH-0153,14-04-2025,Engine Service,"Brake Pads, Fluid",1.2,INR 44729.26,33.9,no,TEC-135
WO-001253,VEH-0153,02/02/2025 00:00,Landing Gear Fix,"Brake Pads, Fluid",9.7,28076.76,46.0,,TEC-086
WO-001254,VEH-0153,10/01/2024 00:00,Brake Pad Replacement,"Motor, ESC",3.1,27463.37,37.6,no,TEC-209
WO-001255,VEH-0424,05-10-2024,Tyre Change,Landing Skid,4.1,INR 31613.34,12.8,,TEC-216
WO-001256,VEH-0424,08/12/2024 00:00,Frame Repair,,8.7,"14,780.32",82.2,N,TEC-118
WO-001257,VEH-0424,20/05/2025 00:00,Brake Pad Replacement,,13.9,"26,930.52",4.7,,TEC-068
WO-001258,VEH-0424,15/07/2024 00:00,Routine Inspection,Landing Skid,12.2,14561.22,82.5,no,TEC-166
WO-001259,VEH-0424,08/08/2024 00:00,Battery Pack Swap,NA,9.3,INR 40038.24,89.1,yes,TEC-160
WO-001260,VEH-0690,2024-04-11 00:00:00,Motor Overhaul,Propeller x2,5.6,"37,483.77",92.5,N,TEC-062
WO-001261,VEH-0690,2024-09-03 00:00:00,Landing Gear Fix,Propeller x2,unknown,INR 28906.29,53.6,N,TEC-202
WO-001262,VEH-0690,25-06-2024,Brake Pad Replacement,Battery Pack,3.5,INR 13882.51,7.3,yes,TEC-132
WO-001263,VEH-0690,02-07-2025,Routine Inspection,,5.8,6749.85,11.0,no,TEC-137
WO-001264,VEH-0690,2025-02-09 00:00:00,Tyre Change,NA,3.6,45864.01,35.9,Y,TEC-010
WO-001265,VEH-0719,2024-02-06 00:00:00,Routine Inspection,"Motor, ESC",3.4,INR 43338.33,43.1,yes,TEC-182
WO-001266,VEH-0719,12-03-2025,Routine Inspection,Propeller x2,1.5,2869.26,28.2,Y,TEC-072
WO-001267,VEH-0509,2024-01-31 00:00:00,Firmware Update,Landing Skid,3.9,"8,782.14",14.9,N,TEC-220
WO-001268,VEH-0509,2024-02-22 00:00:00,Frame Repair,Propeller x2,9.3,18013.07,19.1,yes,TEC-082
WO-001269,VEH-0509,20/04/2025 00:00,Motor Overhaul,"Brake Pads, Fluid",4.9,787.57,16.7,Y,TEC-110
WO-001270,VEH-0598,05-06-2024,Tyre Change,Battery Pack,1.0,INR 1470.08,79.6,,TEC-183
WO-001271,VEH-0598,09-06-2024,Brake Pad Replacement,Battery Pack,4.4,9745.51,73.4,N,TEC-147
WO-001272,VEH-0598,04/06/2024 00:00,Propeller Replacement,Landing Skid,8.7,"3,411.78",48.4,,TEC-036
WO-001273,VEH-0598,17-02-2025,Battery Pack Swap,Propeller x2,5.4,24329.77,24.4,no,TEC-132
WO-001274,VEH-0598,2024-02-07 00:00:00,Frame Repair,NA,3.0,INR 26875.52,8.3,yes,TEC-115
WO-001275,VEH-0598,25-10-2024,Engine Service,"Motor, ESC",12.3,INR 28736.07,46.6,no,TEC-142
WO-001276,VEH-0137,2024-10-22 00:00:00,Motor Overhaul,"Motor, ESC",12.6,INR 19850.96,55.3,yes,TEC-153
WO-001277,VEH-0473,06/05/2025 00:00,Landing Gear Fix,Battery Pack,13.5,35359.4,45.8,,TEC-062
WO-001278,VEH-0473,2024-01-11 00:00:00,Tyre Change,"Brake Pads, Fluid",9.5,INR 16198.69,46.5,,TEC-155
WO-001279,VEH-0473,15-02-2024,Battery Pack Swap,"Motor, ESC",11.0,INR 33214.23,30.8,N,TEC-219
WO-001280,VEH-0055,19-10-2024,Motor Overhaul,Battery Pack,2.4,"38,887.07",7.6,,TEC-158
WO-001281,VEH-0055,2024-01-26 00:00:00,Engine Service,"Motor, ESC",null,INR 37550.08,38.5,yes,TEC-149
WO-001282,VEH-0055,16-10-2024,Brake Pad Replacement,Landing Skid,9.7,"28,782.03",20.8,yes,TEC-051
WO-001283,VEH-0361,01/03/2024 00:00,Frame Repair,Propeller x2,6.5,"30,078.22",14.5,Y,TEC-125
WO-001284,VEH-0361,19/08/2024 00:00,Motor Overhaul,Landing Skid,6.0,32435.55,41.2,N,TEC-083
WO-001285,VEH-0361,14/05/2025 00:00,Motor Overhaul,Battery Pack,13.5,INR 29341.36,17.2,Y,TEC-135
WO-001286,VEH-0361,30/06/2024 00:00,Firmware Update,Propeller x2,0.7,22110.1,79.3,N,TEC-030
WO-001287,VEH-0361,23/03/2025 00:00,Propeller Replacement,NA,5.1,INR 22863.78,64.0,no,TEC-157
WO-001288,VEH-0361,21-02-2024,Battery Pack Swap,Propeller x2,3.1,"9,951.19",43.7,N,TEC-028
WO-001289,VEH-0096,27/04/2025 00:00,Tyre Change,"Brake Pads, Fluid",7.1,INR 25206.21,33.4,yes,TEC-076
WO-001290,VEH-0096,2024-11-24 00:00:00,Routine Inspection,"Motor, ESC",0.5,10414.61,87.8,,TEC-058
WO-001291,VEH-0010,27/08/2024 00:00,Tyre Change,Propeller x2,11.4,INR 16798.96,50.3,yes,TEC-126
WO-001292,VEH-0042,13/01/2024 00:00,Tyre Change,Battery Pack,5.9,"44,192.81",77.9,Y,TEC-217
WO-001293,VEH-0306,10/02/2024 00:00,Battery Pack Swap,,13.7,INR 23439.20,8.6,no,TEC-183
WO-001294,VEH-0306,23/03/2025 00:00,Engine Service,Propeller x2,12.4,6482.06,92.1,Y,TEC-183
WO-001295,VEH-0306,09/03/2024 00:00,Propeller Replacement,Battery Pack,7.1,"11,669.53",48.8,,TEC-111
WO-001296,VEH-0306,04-02-2025,Frame Repair,"Motor, ESC",-,"41,191.65",49.7,,TEC-025
WO-001297,VEH-0306,14-01-2025,Propeller Replacement,"Motor, ESC",11.2,3757.79,92.6,,TEC-087
WO-001298,VEH-0218,22-01-2025,Propeller Replacement,"Motor, ESC",11.7,4612.23,10.1,Y,TEC-161
WO-001299,VEH-0218,17/06/2024 00:00,Firmware Update,Battery Pack,13.5,6329.27,54.6,,TEC-091
WO-001300,VEH-0218,07/09/2024 00:00,Frame Repair,Battery Pack,5.7,4636.44,66.4,no,TEC-126
WO-001301,VEH-0423,15-01-2025,Propeller Replacement,Landing Skid,8.4,"2,033.18",10.6,N,TEC-005
WO-001302,VEH-0423,14-10-2024,Tyre Change,Battery Pack,NA,"33,842.53",73.6,no,TEC-009
WO-001303,VEH-0423,02/01/2025 00:00,Battery Pack Swap,NA,0.7,"43,545.96",11.0,no,TEC-017
WO-001304,VEH-0423,29-01-2024,Firmware Update,"Motor, ESC",5.8,45686.46,63.1,no,TEC-073
WO-001305,VEH-0423,2024-12-26 00:00:00,Landing Gear Fix,"Motor, ESC",3.1,"28,719.81",36.4,Y,TEC-199
WO-001306,VEH-0423,2024-02-21 00:00:00,Engine Service,"Brake Pads, Fluid",1.3,25555.37,28.5,no,TEC-059
WO-001307,VEH-0041,26-06-2025,Landing Gear Fix,Landing Skid,4.7,INR 23378.04,49.4,,TEC-163
WO-001308,VEH-0041,18-03-2024,Engine Service,,9.9,INR 26528.29,47.1,,TEC-051
WO-001309,VEH-0609,27-10-2024,Firmware Update,"Brake Pads, Fluid",13.1,36422.6,92.3,yes,TEC-173
WO-001310,VEH-0697,09-01-2025,Frame Repair,,6.1,"39,276.70",13.9,N,TEC-173
WO-001311,VEH-0697,20/03/2025 00:00,Propeller Replacement,Battery Pack,5.8,9783.81,44.7,,TEC-014
WO-001312,VEH-0697,05-03-2024,Frame Repair,NA,5.3,INR 18238.35,50.2,Y,TEC-196
WO-001313,VEH-0697,2024-03-14 00:00:00,Motor Overhaul,"Brake Pads, Fluid",4.5,"39,048.24",52.7,,TEC-059
WO-001314,VEH-0697,19/07/2024 00:00,Landing Gear Fix,Landing Skid,5.7,INR 44218.30,65.0,,TEC-108
WO-001315,VEH-0697,25-06-2024,Tyre Change,Landing Skid,4.7,46463.27,21.7,N,TEC-160
WO-001316,VEH-0043,19/11/2024 00:00,Propeller Replacement,Landing Skid,6.1,INR 35291.39,30.7,yes,TEC-189
WO-001317,VEH-0043,16/02/2024 00:00,Landing Gear Fix,Battery Pack,6.3,"28,186.66",62.0,Y,TEC-177
WO-001318,VEH-0043,2024-05-10 00:00:00,Brake Pad Replacement,Battery Pack,8.1,44556.42,34.7,yes,TEC-112
WO-001319,VEH-0043,05-12-2024,Battery Pack Swap,"Motor, ESC",4.8,"38,597.95",47.0,no,TEC-156
WO-001320,VEH-0412,2024-07-22 00:00:00,Propeller Replacement,Battery Pack,4.3,8448.27,29.9,yes,TEC-104
WO-001321,VEH-0412,2025-03-13 00:00:00,Tyre Change,Landing Skid,8.8,18911.29,79.0,Y,TEC-085
WO-001322,VEH-0412,18/10/2024 00:00,Brake Pad Replacement,Landing Skid,4.9,38931.39,49.9,Y,TEC-202
WO-001323,VEH-0007,2025-01-31 00:00:00,Tyre Change,"Brake Pads, Fluid",10.6,21194.62,74.4,Y,TEC-097
WO-001324,VEH-0007,23-03-2024,Routine Inspection,,7.0,6176.62,47.6,yes,TEC-023
WO-001325,VEH-0007,06-09-2024,Battery Pack Swap,Battery Pack,0.7,"27,591.05",33.2,,TEC-199
WO-001326,VEH-0390,2025-06-22 00:00:00,Tyre Change,"Brake Pads, Fluid",9.3,INR 1320.89,81.8,Y,TEC-055
WO-001327,VEH-0390,2025-05-25 00:00:00,Routine Inspection,Landing Skid,5.8,29859.64,32.1,yes,TEC-015
WO-001328,VEH-0390,19-07-2024,Propeller Replacement,"Brake Pads, Fluid",1.0,"42,427.32",76.9,Y,TEC-144
WO-001329,VEH-0390,20/02/2025 00:00,Propeller Replacement,Propeller x2,6.0,16127.94,44.5,no,TEC-090
WO-001330,VEH-0390,15/02/2025 00:00,Engine Service,Battery Pack,6.8,"45,137.24",61.7,N,TEC-192
WO-001331,VEH-0531,2024-06-21 00:00:00,Engine Service,"Motor, ESC",12.6,21343.32,14.4,N,TEC-033
WO-001332,VEH-0531,2024-11-20 00:00:00,Brake Pad Replacement,Landing Skid,11.2,"32,670.27",87.8,no,TEC-167
WO-001333,VEH-0627,24/08/2024 00:00,Motor Overhaul,Propeller x2,12.0,"2,937.61",58.6,N,TEC-014
WO-001334,VEH-0627,12/04/2025 00:00,Brake Pad Replacement,Battery Pack,1.9,"33,610.30",71.6,yes,TEC-006
WO-001335,VEH-0627,18-09-2024,Firmware Update,,5.6,"1,317.28",40.5,no,TEC-032
WO-001336,VEH-0627,28/03/2024 00:00,Brake Pad Replacement,Landing Skid,12.7,INR 14495.65,10.6,,TEC-108
WO-001337,VEH-0287,02/03/2024 00:00,Firmware Update,Propeller x2,3.9,"14,950.86",67.6,no,TEC-125
WO-001338,VEH-0287,2024-08-16 00:00:00,Frame Repair,NA,1.9,INR 8966.90,56.9,no,TEC-080
WO-001339,VEH-0287,22/09/2024 00:00,Brake Pad Replacement,"Motor, ESC",5.1,INR 6530.44,18.4,,TEC-157
WO-001340,VEH-0287,23-12-2024,Battery Pack Swap,NA,4.8,INR 6237.93,10.4,,TEC-142
WO-001341,VEH-0287,2024-08-03 00:00:00,Landing Gear Fix,Landing Skid,13.6,9319.36,48.4,yes,TEC-214
WO-001342,VEH-0287,09-04-2025,Motor Overhaul,"Brake Pads, Fluid",10.2,28939.47,6.8,no,TEC-003
WO-001343,VEH-0398,09-01-2025,Brake Pad Replacement,,9.5,13768.33,36.4,no,TEC-008
WO-001344,VEH-0398,05-04-2024,Propeller Replacement,Landing Skid,4.1,"38,894.83",95.8,N,TEC-215
WO-001345,VEH-0398,26-06-2024,Frame Repair,,5.8,44848.82,11.0,yes,TEC-185
WO-001346,VEH-0398,31/10/2024 00:00,Propeller Replacement,Propeller x2,3.2,15510.35,59.9,yes,TEC-204
WO-001347,VEH-0702,28/09/2024 00:00,Battery Pack Swap,,13.8,"9,438.51",48.5,Y,TEC-009
WO-001348,VEH-0702,29-07-2024,Motor Overhaul,Landing Skid,7.0,"21,275.32",34.9,Y,TEC-200
WO-001349,VEH-0702,31/08/2024 00:00,Firmware Update,Propeller x2,3.1,"34,295.75",9.6,,TEC-109
WO-001350,VEH-0198,06/05/2025 00:00,Motor Overhaul,"Brake Pads, Fluid",9.8,6385.47,82.9,,TEC-038
WO-001351,VEH-0198,2024-11-26 00:00:00,Tyre Change,Landing Skid,13.5,"38,863.22",26.1,N,TEC-179
WO-001352,VEH-0056,07/01/2025 00:00,Propeller Replacement,"Brake Pads, Fluid",10.9,41731.9,5.2,no,TEC-085
WO-001353,VEH-0056,2024-12-17 00:00:00,Landing Gear Fix,Propeller x2,5.6,"45,177.00",27.3,Y,TEC-053
WO-001354,VEH-0056,01-09-2024,Motor Overhaul,NA,3.2,37074.99,1.2,,TEC-146
WO-001355,VEH-0056,14-07-2024,Motor Overhaul,"Brake Pads, Fluid",4.1,23650.97,49.1,,TEC-218
WO-001356,VEH-0056,19/01/2025 00:00,Frame Repair,Propeller x2,10.2,18510.05,92.8,N,TEC-199
WO-001357,VEH-0368,06/06/2025 00:00,Engine Service,"Motor, ESC",0.9,18311.26,2.9,,TEC-006
WO-001358,VEH-0368,28/04/2024 00:00,Routine Inspection,,6.9,"44,280.47",16.0,,TEC-004
WO-001359,VEH-0368,13/07/2024 00:00,Landing Gear Fix,"Brake Pads, Fluid",7.9,INR 9728.97,59.8,yes,TEC-148
WO-001360,VEH-0561,18-03-2025,Landing Gear Fix,Landing Skid,0.7,"6,300.46",81.7,,TEC-079
WO-001361,VEH-0561,26-05-2024,Brake Pad Replacement,NA,7.5,4012.4,92.8,no,TEC-087
WO-001362,VEH-0291,2024-05-19 00:00:00,Routine Inspection,"Motor, ESC",1.0,"10,473.92",76.7,Y,TEC-036
WO-001363,VEH-0291,2025-03-28 00:00:00,Landing Gear Fix,"Brake Pads, Fluid",2.0,21828.81,49.6,N,TEC-155
WO-001364,VEH-0291,19/03/2025 00:00,Battery Pack Swap,"Motor, ESC",1.2,7661.25,5.8,N,TEC-165
WO-001365,VEH-0291,07-11-2024,Propeller Replacement,"Brake Pads, Fluid",3.6,5847.99,94.6,,TEC-047
WO-001366,VEH-0291,03-04-2025,Propeller Replacement,Propeller x2,6.4,INR 13303.45,26.2,Y,TEC-005
WO-001367,VEH-0277,2024-07-21 00:00:00,Tyre Change,NA,11.5,"16,391.29",70.6,N,TEC-026
WO-001368,VEH-0277,2025-02-12 00:00:00,Motor Overhaul,,1.8,25942.41,64.2,Y,TEC-139
WO-001369,VEH-0277,2024-03-24 00:00:00,Propeller Replacement,Landing Skid,13.3,INR 37848.26,87.6,yes,TEC-170
WO-001370,VEH-0277,05/11/2024 00:00,Landing Gear Fix,,1.8,INR 23088.44,87.2,yes,TEC-041
WO-001371,VEH-0277,26/05/2024 00:00,Landing Gear Fix,Propeller x2,5.5,INR 28454.46,79.1,N,TEC-060
WO-001372,VEH-0532,04/12/2024 00:00,Frame Repair,,4.2,INR 30496.87,56.6,N,TEC-056
WO-001373,VEH-0187,19/12/2024 00:00,Frame Repair,"Motor, ESC",10.6,"4,429.41",82.7,Y,TEC-080
WO-001374,VEH-0187,2024-01-20 00:00:00,Frame Repair,"Brake Pads, Fluid",2.9,41248.89,20.6,,TEC-038
WO-001375,VEH-0187,31/12/2024 00:00,Firmware Update,"Brake Pads, Fluid",7.1,"18,467.06",47.5,no,TEC-157
WO-001376,VEH-0460,26-07-2024,Routine Inspection,Battery Pack,4.4,INR 19439.50,43.8,,TEC-180
WO-001377,VEH-0322,11-04-2025,Propeller Replacement,,3.1,INR 43683.93,12.9,no,TEC-053
WO-001378,VEH-0322,03-03-2024,Tyre Change,"Brake Pads, Fluid",5.9,INR 16867.40,76.2,no,TEC-218
WO-001379,VEH-0322,26-01-2024,Brake Pad Replacement,Propeller x2,11.8,INR 7402.37,71.4,yes,TEC-054
WO-001380,VEH-0001,12/01/2024 00:00,Routine Inspection,,2.1,"5,847.03",40.3,,TEC-220
WO-001381,VEH-0001,19/12/2024 00:00,Brake Pad Replacement,,7.7,INR 6114.57,40.6,N,TEC-149
WO-001382,VEH-0001,2024-01-14 00:00:00,Battery Pack Swap,"Brake Pads, Fluid",1.9,40042.72,85.3,Y,TEC-200
WO-001383,VEH-0001,2024-03-07 00:00:00,Tyre Change,Propeller x2,10.5,INR 32144.85,80.4,N,TEC-083
WO-001384,VEH-0001,2025-05-04 00:00:00,Propeller Replacement,,4.7,"38,495.45",78.2,N,TEC-039
WO-001385,VEH-9153,11/05/2025 00:00,Brake Pad Replacement,Battery Pack,2.5,47832.82,39.2,N,TEC-155
WO-001386,VEH-0312,04-01-2025,Firmware Update,"Motor, ESC",5.7,"6,656.40",66.0,yes,TEC-211
WO-001387,VEH-0312,2025-03-22 00:00:00,Landing Gear Fix,NA,3.4,20240.39,62.0,N,TEC-011
WO-001388,VEH-0312,2024-11-25 00:00:00,Motor Overhaul,NA,5.4,INR 12740.29,81.0,yes,TEC-020
WO-001389,VEH-0214,24/02/2025 00:00,Propeller Replacement,"Brake Pads, Fluid",1.7,"5,643.10",13.0,,TEC-131
WO-001390,VEH-0045,08/06/2024 00:00,Brake Pad Replacement,"Brake Pads, Fluid",5.6,INR 37421.95,91.4,,TEC-201
WO-001391,VEH-0045,01/08/2024 00:00,Tyre Change,Propeller x2,9.7,26054.38,35.9,,TEC-058
WO-001392,VEH-0045,17-08-2024,Routine Inspection,"Brake Pads, Fluid",3.6,30852.39,18.6,yes,TEC-216
WO-001393,VEH-0402,30-07-2024,Battery Pack Swap,Battery Pack,12.7,"36,900.64",32.2,N,TEC-034
WO-001394,VEH-0402,2024-12-25 00:00:00,Motor Overhaul,Landing Skid,5.1,"24,658.39",53.2,no,TEC-029
WO-001395,VEH-0315,02-12-2024,Propeller Replacement,NA,8.8,"42,611.52",61.4,no,TEC-044
WO-001396,VEH-0315,10/03/2025 00:00,Landing Gear Fix,Landing Skid,1.4,"22,486.42",68.4,no,TEC-060
WO-001397,VEH-0315,23-08-2024,Battery Pack Swap,Battery Pack,7.9,INR 12250.47,63.2,,TEC-110
WO-001398,VEH-0315,02-04-2024,Battery Pack Swap,,9.1,INR 5909.39,78.4,no,TEC-132
WO-001399,VEH-0006,18-04-2024,Propeller Replacement,"Motor, ESC",12.6,INR 26249.64,48.0,yes,TEC-094
WO-001400,VEH-0006,10/07/2024 00:00,Brake Pad Replacement,Landing Skid,6.9,18937.55,69.4,yes,TEC-134
WO-001401,VEH-0006,2024-01-28 00:00:00,Tyre Change,,12.7,7155.91,91.0,Y,TEC-014
WO-001402,VEH-0237,11-09-2024,Engine Service,Landing Skid,7.3,3595.25,83.5,yes,TEC-102
WO-001403,VEH-0237,2025-06-09 00:00:00,Battery Pack Swap,Battery Pack,1.0,INR 23311.16,88.8,,TEC-039
WO-001404,VEH-0237,2025-05-13 00:00:00,Propeller Replacement,"Brake Pads, Fluid",7.7,INR 8738.53,91.9,no,TEC-122
WO-001405,VEH-0444,09/05/2025 00:00,Frame Repair,Battery Pack,11.1,46574.38,10.5,Y,TEC-025
WO-001406,VEH-0444,2024-02-03 00:00:00,Battery Pack Swap,Landing Skid,10.8,"18,920.57",60.9,Y,TEC-038
WO-001407,VEH-0049,25-05-2025,Motor Overhaul,Propeller x2,12.7,7719.2,49.4,Y,TEC-101
WO-001408,VEH-0049,15/04/2024 00:00,Brake Pad Replacement,,2.8,INR 31319.31,88.0,,TEC-096
WO-001409,VEH-0049,26-08-2024,Landing Gear Fix,"Motor, ESC",10.5,"36,895.03",85.1,,TEC-001
WO-001410,VEH-0049,13-11-2024,Battery Pack Swap,NA,6.0,INR 1415.70,50.7,,TEC-144
WO-001411,VEH-0049,2024-12-14 00:00:00,Engine Service,"Brake Pads, Fluid",1.9,47381.31,76.6,Y,TEC-078
WO-001412,VEH-0025,2025-05-28 00:00:00,Routine Inspection,"Motor, ESC",0.8,INR 40239.00,22.6,no,TEC-068
WO-001413,VEH-0025,18/02/2025 00:00,Firmware Update,Battery Pack,1.9,"4,485.32",39.9,Y,TEC-141
WO-001414,VEH-0009,19-04-2025,Tyre Change,"Brake Pads, Fluid",1.1,"41,293.52",63.6,Y,TEC-048
WO-001415,VEH-0009,17/09/2024 00:00,Brake Pad Replacement,Propeller x2,  ,INR 21753.17,41.4,no,TEC-183
WO-001416,VEH-0009,2024-11-25 00:00:00,Battery Pack Swap,Propeller x2,10.3,INR 45369.94,7.0,no,TEC-108
WO-001417,VEH-0009,13-04-2025,Firmware Update,NA,-,INR 38154.42,52.4,N,TEC-130
WO-001418,VEH-0624,2024-09-22 00:00:00,Motor Overhaul,NA,9.5,16985.79,62.9,,TEC-047
WO-001419,VEH-0624,01/06/2025 00:00,Battery Pack Swap,"Brake Pads, Fluid",10.6,"36,148.24",31.2,N,TEC-018
WO-001420,VEH-0624,20-06-2024,Brake Pad Replacement,Landing Skid,10.2,27868.46,54.9,Y,TEC-212
WO-001421,VEH-0358,03-04-2025,Propeller Replacement,Propeller x2,11.0,"23,710.90",91.0,,TEC-102
WO-001422,VEH-0358,26-03-2024,Tyre Change,NA,8.3,INR 2875.92,14.6,Y,TEC-080
WO-001423,VEH-0358,12-01-2024,Routine Inspection,Propeller x2,9.6,INR 22632.50,81.6,Y,TEC-185
WO-001424,VEH-0358,04/05/2025 00:00,Propeller Replacement,Propeller x2,6.3,INR 34521.07,54.2,Y,TEC-177
WO-001425,VEH-0050,14/11/2024 00:00,Engine Service,,3.6,"44,167.23",13.3,,TEC-192
WO-001426,VEH-0050,04-01-2025,Landing Gear Fix,Landing Skid,13.9,10582.21,24.2,,TEC-166
WO-001427,VEH-0050,31-05-2025,Propeller Replacement,,6.0,INR 12838.30,83.8,,TEC-198
WO-001428,VEH-0666,31/12/2024 00:00,Firmware Update,Battery Pack,9.9,INR 31949.44,55.7,yes,TEC-066
WO-001429,VEH-0666,28/02/2024 00:00,Routine Inspection,NA,N/A,22176.62,84.1,N,TEC-007
WO-001430,VEH-0292,07/09/2024 00:00,Firmware Update,Landing Skid,8.6,"31,796.14",64.5,Y,TEC-178
WO-001431,VEH-0512,2024-10-10 00:00:00,Motor Overhaul,Landing Skid,7.4,42363.7,16.2,yes,TEC-112
WO-001432,VEH-0512,31/12/2024 00:00,Firmware Update,NA,9.8,3373.98,82.0,Y,TEC-085
WO-001433,VEH-0512,05/06/2024 00:00,Firmware Update,NA,12.6,13899.49,65.1,,TEC-073
WO-001434,VEH-0512,25/04/2024 00:00,Frame Repair,NA,8.3,INR 41920.34,14.2,Y,TEC-085
WO-001435,VEH-0512,03/02/2025 00:00,Frame Repair,Battery Pack,9.7,"1,424.39",78.4,Y,TEC-186
WO-001436,VEH-0371,2024-03-26 00:00:00,Routine Inspection,"Brake Pads, Fluid",N/A,8965.18,56.8,,TEC-005
WO-001437,VEH-0371,24/11/2024 00:00,Landing Gear Fix,Propeller x2,5.7,"5,492.30",40.4,Y,TEC-013
WO-001438,VEH-0371,18-02-2025,Firmware Update,NA,,17775.89,38.2,,TEC-002
WO-001439,VEH-0670,08/07/2024 00:00,Tyre Change,"Brake Pads, Fluid",5.0,"46,611.90",35.5,Y,TEC-003
WO-001440,VEH-0670,2024-02-07 00:00:00,Propeller Replacement,"Brake Pads, Fluid",8.0,"19,404.32",27.0,no,TEC-023
WO-001441,VEH-0670,10-08-2024,Battery Pack Swap,Battery Pack,7.9,INR 23922.40,32.0,,TEC-041
WO-001442,VEH-0670,02-09-2024,Firmware Update,Propeller x2,6.6,25066.99,38.1,,TEC-154
WO-001443,VEH-0670,02/07/2024 00:00,Tyre Change,"Brake Pads, Fluid",7.3,8031.44,27.4,no,TEC-183
WO-001444,VEH-0708,08/02/2025 00:00,Frame Repair,Landing Skid,5.5,INR 29679.11,66.1,,TEC-187
WO-001445,VEH-0708,31-07-2024,Propeller Replacement,Landing Skid,0.7,"19,628.79",73.6,yes,TEC-082
WO-001446,VEH-0708,13/11/2024 00:00,Routine Inspection,Landing Skid,6.1,"16,019.12",32.0,no,TEC-073
WO-001447,VEH-0708,2024-05-23 00:00:00,Propeller Replacement,Propeller x2,2.2,INR 33417.15,3.7,no,TEC-042
WO-001448,VEH-0708,2024-08-27 00:00:00,Motor Overhaul,"Motor, ESC",6.2,INR 22055.70,4.0,Y,TEC-150
WO-001449,VEH-0708,2024-12-25 00:00:00,Routine Inspection,,9.2,INR 17068.62,41.1,no,TEC-056
WO-001450,VEH-0667,25-04-2025,Landing Gear Fix,"Brake Pads, Fluid",11.3,INR 26841.38,39.0,yes,TEC-206
WO-001451,VEH-0667,07/03/2025 00:00,Battery Pack Swap,Battery Pack,2.8,INR 24842.25,7.5,yes,TEC-120
WO-001452,VEH-0667,2024-10-06 00:00:00,Brake Pad Replacement,Battery Pack,13.9,INR 30891.50,88.0,,TEC-213
WO-001453,VEH-0667,2024-03-24 00:00:00,Routine Inspection,"Brake Pads, Fluid",7.4,16732.71,67.5,yes,TEC-174
WO-001454,VEH-0667,2024-08-19 00:00:00,Landing Gear Fix,,13.3,INR 8989.03,38.7,Y,TEC-156
WO-001455,VEH-0428,25-06-2025,Firmware Update,Landing Skid,8.8,"29,833.37",82.3,Y,TEC-066
WO-001456,VEH-0428,2024-02-20 00:00:00,Brake Pad Replacement,Landing Skid,2.0,4893.55,86.2,no,TEC-052
WO-001457,VEH-0428,04/10/2024 00:00,Tyre Change,"Motor, ESC",10.7,"28,988.54",24.3,Y,TEC-132
WO-001458,VEH-0428,17-12-2024,Tyre Change,"Motor, ESC",3.2,"30,126.37",53.5,,TEC-176
WO-001459,VEH-0428,27/12/2024 00:00,Frame Repair,NA,4.8,"41,079.62",88.4,Y,TEC-074
WO-001460,VEH-0230,13-09-2024,Landing Gear Fix,,3.6,13714.78,78.4,no,TEC-174
WO-001461,VEH-0230,19-07-2024,Firmware Update,NA,11.1,23107.21,3.3,N,TEC-110
WO-001462,VEH-0230,2024-12-02 00:00:00,Motor Overhaul,Battery Pack,13.7,43467.07,43.1,yes,TEC-099
WO-001463,VEH-0230,26-12-2024,Battery Pack Swap,NA,6.0,1825.17,81.9,yes,TEC-140
WO-001464,VEH-0230,27/04/2024 00:00,Landing Gear Fix,"Brake Pads, Fluid",6.7,"13,386.83",28.6,Y,TEC-207
WO-001465,VEH-0230,12-04-2025,Brake Pad Replacement,"Motor, ESC",8.7,INR 34470.94,24.2,yes,TEC-107
WO-001466,VEH-0560,2024-08-15 00:00:00,Battery Pack Swap,NA,3.0,15463.01,73.5,yes,TEC-046
WO-001467,VEH-0560,2025-06-08 00:00:00,Routine Inspection,"Motor, ESC",11.0,13977.03,51.6,Y,TEC-168
WO-001468,VEH-0113,13-02-2024,Battery Pack Swap,Battery Pack,13.6,"8,630.28",26.6,no,TEC-194
WO-001469,VEH-0113,28-02-2025,Motor Overhaul,"Motor, ESC",13.7,INR 27257.74,2.5,yes,TEC-057
WO-001470,VEH-0113,03/02/2025 00:00,Motor Overhaul,Battery Pack,10.8,"41,719.26",18.3,yes,TEC-078
WO-001471,VEH-0348,2024-08-20 00:00:00,Brake Pad Replacement,Landing Skid,2.3,18278.2,32.5,no,TEC-117
WO-001472,VEH-0348,2025-02-16 00:00:00,Routine Inspection,Propeller x2,10.9,"41,380.91",55.3,,TEC-194
WO-001473,VEH-0260,2024-08-12 00:00:00,Motor Overhaul,Landing Skid,11.3,INR 27718.44,89.4,,TEC-105
WO-001474,VEH-0260,03-12-2024,Propeller Replacement,Battery Pack,13.9,11772.28,40.8,no,TEC-214
WO-001475,VEH-0260,26/07/2024 00:00,Engine Service,,11.9,INR 27291.51,32.9,Y,TEC-095
WO-001476,VEH-0608,30-01-2024,Motor Overhaul,"Brake Pads, Fluid",4.9,12990.2,48.1,N,TEC-041
WO-001477,VEH-0608,2024-05-20 00:00:00,Landing Gear Fix,"Motor, ESC",12.0,21411.46,64.7,Y,TEC-116
WO-001478,VEH-0608,2024-06-01 00:00:00,Routine Inspection,Propeller x2,1.7,41646.06,73.1,yes,TEC-200
WO-001479,VEH-0608,2024-04-12 00:00:00,Routine Inspection,Landing Skid,2.5,15592.58,66.1,yes,TEC-210
WO-001480,VEH-0608,31/03/2024 00:00,Landing Gear Fix,Battery Pack,12.0,INR 5737.16,7.6,N,TEC-143
WO-001481,VEH-0180,31/03/2024 00:00,Battery Pack Swap,Propeller x2,9.9,5671.17,88.1,Y,TEC-162
WO-001482,VEH-0081,2024-04-16 00:00:00,Tyre Change,,11.6,1398.83,87.0,N,TEC-123
WO-001483,VEH-0081,26/11/2024 00:00,Motor Overhaul,,13.6,40554.35,19.0,Y,TEC-033
WO-001484,VEH-0205,18/03/2024 00:00,Firmware Update,"Brake Pads, Fluid",8.1,19035.49,91.7,yes,TEC-096
WO-001485,VEH-0205,16-08-2024,Routine Inspection,"Motor, ESC",10.0,40798.8,95.8,no,TEC-132
WO-001486,VEH-0205,07/08/2024 00:00,Tyre Change,NA,8.6,INR 26885.04,94.7,,TEC-211
WO-001487,VEH-0205,27/02/2025 00:00,Engine Service,Propeller x2,1.2,INR 4141.57,25.1,no,TEC-029
WO-001488,VEH-0205,27-06-2024,Landing Gear Fix,"Brake Pads, Fluid",8.3,11847.12,15.5,Y,TEC-031
WO-001489,VEH-0205,2024-02-16 00:00:00,Motor Overhaul,"Motor, ESC",11.7,"14,607.33",95.2,no,TEC-108
WO-001490,VEH-0376,15-05-2025,Battery Pack Swap,Propeller x2,11.5,"19,537.16",82.9,N,TEC-048
WO-001491,VEH-0376,27-08-2024,Firmware Update,"Brake Pads, Fluid",7.2,INR 15416.49,87.3,,TEC-050
WO-001492,VEH-0376,01/10/2024 00:00,Brake Pad Replacement,,4.7,"39,972.09",2.4,yes,TEC-057
WO-001493,VEH-0376,12-04-2024,Battery Pack Swap,"Motor, ESC",12.6,"29,697.51",37.7,Y,TEC-081
WO-001494,VEH-0326,2024-05-03 00:00:00,Tyre Change,Battery Pack,10.0,INR 29493.69,44.7,no,TEC-140
WO-001495,VEH-0326,15/09/2024 00:00,Motor Overhaul,Battery Pack,9.9,"30,780.26",84.4,,TEC-205
WO-001496,VEH-0326,2024-09-21 00:00:00,Engine Service,"Brake Pads, Fluid",5.1,INR 5589.57,73.0,N,TEC-082
WO-001497,VEH-0326,2024-03-13 00:00:00,Propeller Replacement,,8.5,25641.17,69.9,yes,TEC-193
WO-001498,VEH-0326,22-03-2024,Routine Inspection,Landing Skid,2.4,"44,007.94",15.4,yes,TEC-056
WO-001499,VEH-0326,03-03-2024,Battery Pack Swap,Propeller x2,N/A,INR 14100.53,43.2,yes,TEC-146
WO-001500,VEH-0079,2025-06-18 00:00:00,Motor Overhaul,"Motor, ESC",9.9,"6,161.99",52.1,,TEC-082
WO-001501,VEH-0079,16-05-2024,Propeller Replacement,"Motor, ESC",1.4,12349.08,44.1,Y,TEC-109
WO-001502,VEH-0079,2024-07-17 00:00:00,Battery Pack Swap,,4.2,"37,229.53",34.1,N,TEC-140
WO-001503,VEH-0276,11/09/2024 00:00,Battery Pack Swap,"Brake Pads, Fluid",0.5,"27,152.54",37.4,Y,TEC-007
WO-001504,VEH-0276,13-05-2025,Frame Repair,Landing Skid,2.5,45816.25,22.4,,TEC-097
WO-001505,VEH-0276,09-06-2024,Propeller Replacement,Propeller x2,6.5,INR 28641.36,91.0,yes,TEC-185
WO-001506,VEH-0276,2025-01-23 00:00:00,Motor Overhaul,NA,3.2,"15,295.83",18.6,N,TEC-047
WO-001507,VEH-0276,26-05-2025,Firmware Update,Propeller x2,2.1,INR 28076.20,2.6,no,TEC-088
WO-001508,VEH-0328,2024-10-20 00:00:00,Routine Inspection,Propeller x2,3.8,INR 29770.32,90.8,Y,TEC-131
WO-001509,VEH-0328,15-02-2025,Routine Inspection,Propeller x2,11.9,INR 15227.93,35.9,N,TEC-035
WO-001510,VEH-0195,2024-11-15 00:00:00,Motor Overhaul,Propeller x2,1.0,INR 29404.50,84.0,N,TEC-084
WO-001511,VEH-0195,2024-08-16 00:00:00,Propeller Replacement,,2.2,"46,350.03",87.4,,TEC-125
WO-001512,VEH-0195,22-02-2025,Engine Service,NA,6.6,"25,319.39",91.1,,TEC-069
WO-001513,VEH-0195,2025-03-11 00:00:00,Firmware Update,NA,1.1,43086.43,73.8,,TEC-160
WO-001514,VEH-0120,11-06-2024,Motor Overhaul,"Motor, ESC",N/A,"1,513.51",85.8,Y,TEC-094
WO-001515,VEH-0120,27/02/2024 00:00,Frame Repair,Propeller x2,4.3,"26,494.59",34.4,yes,TEC-056
WO-001516,VEH-0120,30/12/2024 00:00,Motor Overhaul,Propeller x2,6.2,INR 14729.52,49.7,no,TEC-003
WO-001517,VEH-0120,2024-10-09 00:00:00,Tyre Change,Battery Pack,12.5,INR 39097.58,25.9,Y,TEC-147
WO-001518,VEH-0120,16-09-2024,Motor Overhaul,Battery Pack,7.1,"4,451.88",84.6,N,TEC-033
WO-001519,VEH-0545,30/11/2024 00:00,Landing Gear Fix,Battery Pack,4.6,42228.0,3.0,no,TEC-177
WO-001520,VEH-0545,25/11/2024 00:00,Propeller Replacement,"Brake Pads, Fluid",12.2,18850.45,10.1,no,TEC-128
WO-001521,VEH-0545,2025-02-18 00:00:00,Motor Overhaul,"Brake Pads, Fluid",1.6,47844.86,66.4,,TEC-152
WO-001522,VEH-0545,28-01-2024,Propeller Replacement,"Brake Pads, Fluid",1.2,32412.16,60.4,,TEC-175
WO-001523,VEH-0474,2025-02-08 00:00:00,Brake Pad Replacement,"Brake Pads, Fluid",13.9,"26,175.60",71.7,yes,TEC-110
WO-001524,VEH-0474,2025-05-16 00:00:00,Frame Repair,NA,3.8,INR 39387.85,84.5,no,TEC-195
WO-001525,VEH-0474,14-04-2025,Motor Overhaul,"Motor, ESC",4.7,"16,496.28",4.4,no,TEC-084
WO-001526,VEH-0474,01-06-2025,Firmware Update,"Motor, ESC",9.3,INR 11005.92,76.6,Y,TEC-075
WO-001527,VEH-0488,08/04/2024 00:00,Firmware Update,Battery Pack,12.3,"33,276.02",24.0,N,TEC-042
WO-001528,VEH-0488,21/11/2024 00:00,Brake Pad Replacement,Battery Pack,4.9,47434.82,36.1,yes,TEC-014
WO-001529,VEH-0040,07/07/2024 00:00,Firmware Update,"Motor, ESC",0.5,INR 40440.25,9.4,,TEC-020
WO-001530,VEH-0543,12/05/2025 00:00,Engine Service,"Motor, ESC",2.6,INR 17480.89,55.5,yes,TEC-057
WO-001531,VEH-0543,17/03/2024 00:00,Motor Overhaul,"Motor, ESC",3.1,"24,640.94",72.0,Y,TEC-204
WO-001532,VEH-0543,2024-08-18 00:00:00,Firmware Update,,6.0,"33,654.33",63.0,,TEC-155
WO-001533,VEH-0567,2024-12-06 00:00:00,Brake Pad Replacement,,1.0,"41,708.45",9.9,Y,TEC-146
WO-001534,VEH-0567,16-08-2024,Tyre Change,Landing Skid,10.9,39781.73,27.5,,TEC-158
WO-001535,VEH-0208,2024-01-27 00:00:00,Landing Gear Fix,Landing Skid,7.2,29634.05,35.1,,TEC-070
WO-001536,VEH-0578,2024-04-25 00:00:00,Battery Pack Swap,NA,1.1,"21,260.94",10.8,N,TEC-206
WO-001537,VEH-0060,2024-07-02 00:00:00,Tyre Change,Propeller x2,5.5,INR 8359.47,65.7,no,TEC-080
WO-001538,VEH-0060,19-04-2025,Routine Inspection,"Motor, ESC",0.6,11389.35,49.4,N,TEC-081
WO-001539,VEH-0060,19/03/2024 00:00,Motor Overhaul,"Motor, ESC",1.4,INR 24349.18,76.1,no,TEC-176
WO-001540,VEH-0060,2024-03-12 00:00:00,Firmware Update,NA,6.1,INR 17767.61,27.2,Y,TEC-202
WO-001541,VEH-9794,2024-02-06 00:00:00,Routine Inspection,Battery Pack,3.3,"42,824.71",14.2,Y,TEC-014
WO-001542,VEH-0525,11/06/2024 00:00,Engine Service,"Brake Pads, Fluid",12.1,INR 5459.59,15.6,Y,TEC-194
WO-001543,VEH-0525,26-07-2024,Routine Inspection,NA,5.0,4043.56,32.1,N,TEC-178
WO-001544,VEH-0525,05-01-2024,Frame Repair,NA,3.1,45123.81,77.2,no,TEC-024
WO-001545,VEH-0583,2025-06-12 00:00:00,Propeller Replacement,Propeller x2,6.1,INR 13372.58,25.2,yes,TEC-116
WO-001546,VEH-0621,28/08/2024 00:00,Brake Pad Replacement,"Motor, ESC",5.8,32935.86,21.1,,TEC-058
WO-001547,VEH-0621,2024-10-11 00:00:00,Tyre Change,Landing Skid,12.1,15316.29,34.8,,TEC-049
WO-001548,VEH-0072,25-06-2025,Engine Service,Propeller x2,5.3,"27,239.19",46.8,Y,TEC-033
WO-001549,VEH-0072,21-10-2024,Brake Pad Replacement,,N/A,"39,072.15",11.4,N,TEC-078
WO-001550,VEH-0466,2024-03-19 00:00:00,Tyre Change,Battery Pack,13.7,26589.08,79.2,no,TEC-028
WO-001551,VEH-0466,27-07-2024,Routine Inspection,,7.2,35732.0,42.2,yes,TEC-075
WO-001552,VEH-0466,21-04-2024,Tyre Change,Battery Pack,12.8,INR 39488.45,9.2,Y,TEC-122
WO-001553,VEH-0466,21/06/2025 00:00,Engine Service,Landing Skid,11.2,INR 32784.45,14.4,no,TEC-163
WO-001554,VEH-0466,2025-03-07 00:00:00,Firmware Update,Propeller x2,7.8,8258.64,60.0,,TEC-091
WO-001555,VEH-0466,2024-01-30 00:00:00,Frame Repair,"Brake Pads, Fluid",5.7,3010.13,15.1,Y,TEC-150
WO-001556,VEH-0053,06-04-2024,Tyre Change,Propeller x2,7.6,INR 40466.40,84.4,Y,TEC-041
WO-001557,VEH-0053,24-07-2024,Propeller Replacement,"Motor, ESC",8.5,36226.53,39.0,,TEC-117
WO-001558,VEH-0053,14-10-2024,Landing Gear Fix,"Brake Pads, Fluid",8.6,12018.55,18.2,Y,TEC-093
WO-001559,VEH-0492,14/03/2025 00:00,Landing Gear Fix,Battery Pack,6.5,25021.17,93.6,,TEC-008
WO-001560,VEH-0492,06/03/2024 00:00,Routine Inspection,"Brake Pads, Fluid",3.0,28568.87,35.4,yes,TEC-088
WO-001561,VEH-0017,10-11-2024,Tyre Change,"Brake Pads, Fluid",6.1,INR 2427.96,9.8,Y,TEC-139
WO-001562,VEH-0017,2025-04-04 00:00:00,Propeller Replacement,"Brake Pads, Fluid",12.9,47747.57,24.2,no,TEC-040
WO-001563,VEH-0017,19/05/2024 00:00,Firmware Update,Battery Pack,5.5,"32,951.11",86.7,,TEC-053
WO-001564,VEH-0017,02-09-2024,Firmware Update,,4.2,12151.77,56.2,Y,TEC-128
WO-001565,VEH-0017,12/01/2024 00:00,Motor Overhaul,"Motor, ESC",6.5,INR 31942.92,18.8,Y,TEC-054
WO-001566,VEH-0577,2024-05-28 00:00:00,Tyre Change,Propeller x2,0.6,35595.36,23.0,yes,TEC-063
WO-001567,VEH-0577,2024-08-25 00:00:00,Tyre Change,"Motor, ESC",7.6,28839.01,78.5,N,TEC-116
WO-001568,VEH-0393,12/04/2025 00:00,Propeller Replacement,"Brake Pads, Fluid",7.4,"45,111.32",83.3,yes,TEC-113
WO-001569,VEH-0393,2024-07-24 00:00:00,Propeller Replacement,"Motor, ESC",3.7,40339.0,58.0,yes,TEC-108
WO-001570,VEH-0386,2025-06-15 00:00:00,Battery Pack Swap,Battery Pack,12.2,"13,270.86",82.1,,TEC-188
WO-001571,VEH-0445,17-10-2024,Routine Inspection,Propeller x2,9.6,INR 34590.83,26.3,Y,TEC-216
WO-001572,VEH-0445,04-02-2024,Brake Pad Replacement,NA,5.5,17461.31,49.0,yes,TEC-107
WO-001573,VEH-0445,26/05/2025 00:00,Routine Inspection,"Motor, ESC",8.7,INR 27268.80,28.7,,TEC-148
WO-001574,VEH-0445,2025-01-31 00:00:00,Engine Service,"Brake Pads, Fluid",2.4,"47,712.75",38.1,N,TEC-030
WO-001575,VEH-0445,20/08/2024 00:00,Brake Pad Replacement,Propeller x2,4.8,17587.39,37.5,Y,TEC-014
WO-001576,VEH-0445,04/12/2024 00:00,Brake Pad Replacement,,11.1,34772.41,38.9,yes,TEC-046
WO-001577,VEH-0238,2025-05-26 00:00:00,Routine Inspection,"Motor, ESC",11.0,"41,369.38",6.5,no,TEC-010
WO-001578,VEH-0238,2024-10-26 00:00:00,Battery Pack Swap,Propeller x2,10.1,INR 1292.18,77.9,no,TEC-188
WO-001579,VEH-0281,2025-04-02 00:00:00,Landing Gear Fix,,9.4,"28,127.48",84.9,no,TEC-137
WO-001580,VEH-0281,2024-03-21 00:00:00,Propeller Replacement,NA,8.5,INR 29406.30,1.2,,TEC-112
WO-001581,VEH-0281,2024-01-23 00:00:00,Brake Pad Replacement,,3.6,"37,000.81",4.9,,TEC-069
WO-001582,VEH-0281,09-05-2025,Tyre Change,"Brake Pads, Fluid",6.7,INR 25534.06,17.6,,TEC-189
WO-001583,VEH-0281,16-02-2024,Brake Pad Replacement,Battery Pack,-,"36,198.40",4.0,N,TEC-048
WO-001584,VEH-0413,04-11-2024,Routine Inspection,"Brake Pads, Fluid",12.6,36894.1,12.3,Y,TEC-088
WO-001585,VEH-0413,22-08-2024,Tyre Change,"Motor, ESC",8.4,39893.71,61.3,yes,TEC-200
WO-001586,VEH-0413,02-01-2025,Brake Pad Replacement,Propeller x2,6.8,"27,431.49",51.6,no,TEC-189
WO-001587,VEH-0028,07/07/2024 00:00,Engine Service,"Brake Pads, Fluid",3.2,10056.84,85.2,yes,TEC-204
WO-001588,VEH-0028,18/01/2024 00:00,Landing Gear Fix,"Brake Pads, Fluid",13.6,"12,915.22",91.2,,TEC-184
WO-001589,VEH-0028,2024-01-02 00:00:00,Routine Inspection,,5.6,INR 20728.76,16.4,yes,TEC-095
WO-001590,VEH-0728,16/04/2025 00:00,Brake Pad Replacement,Landing Skid,11.7,11499.9,35.3,no,TEC-102
WO-001591,VEH-0728,12/03/2024 00:00,Firmware Update,,10.3,28462.68,26.6,no,TEC-215
WO-001592,VEH-0728,2024-07-06 00:00:00,Routine Inspection,"Brake Pads, Fluid",1.0,"39,944.66",58.2,Y,TEC-102
WO-001593,VEH-0728,26/03/2025 00:00,Landing Gear Fix,Landing Skid,7.8,"25,030.23",73.8,yes,TEC-142
WO-001594,VEH-0728,12/05/2024 00:00,Routine Inspection,"Brake Pads, Fluid",4.2,INR 20667.82,16.1,yes,TEC-085
WO-001595,VEH-0184,20/10/2024 00:00,Motor Overhaul,"Brake Pads, Fluid",3.4,31201.42,40.4,no,TEC-164
WO-001596,VEH-0483,06/06/2024 00:00,Propeller Replacement,"Brake Pads, Fluid",3.6,INR 40061.26,38.1,no,TEC-177
WO-001597,VEH-0483,2024-07-10 00:00:00,Routine Inspection,,7.9,35245.88,61.4,no,TEC-203
WO-001598,VEH-0483,2024-07-20 00:00:00,Tyre Change,"Brake Pads, Fluid",4.6,24877.29,24.9,,TEC-177
WO-001599,VEH-0483,22-04-2024,Battery Pack Swap,Landing Skid,1.4,"25,067.12",90.9,,TEC-158
WO-001600,VEH-0483,03/06/2025 00:00,Battery Pack Swap,Battery Pack,2.5,2578.46,74.4,Y,TEC-116
WO-001601,VEH-0597,22-04-2024,Tyre Change,"Brake Pads, Fluid",9.5,5300.33,9.7,Y,TEC-216
WO-001602,VEH-0661,09/10/2024 00:00,Tyre Change,Battery Pack,-,INR 33769.06,34.6,yes,TEC-178
WO-001603,VEH-0170,18/10/2024 00:00,Engine Service,NA,13.5,"25,233.36",13.4,yes,TEC-091
WO-001604,VEH-0170,28/03/2024 00:00,Brake Pad Replacement,NA,4.5,17264.53,78.2,yes,TEC-092
WO-001605,VEH-0149,2024-07-14 00:00:00,Battery Pack Swap,NA,10.2,18455.09,84.0,no,TEC-120
WO-001606,VEH-0070,05-03-2024,Routine Inspection,,4.4,38752.05,68.2,no,TEC-071
WO-001607,VEH-0070,2025-04-17 00:00:00,Engine Service,,2.3,INR 14876.10,79.5,yes,TEC-015
WO-001608,VEH-0070,2025-04-08 00:00:00,Brake Pad Replacement,"Motor, ESC",13.6,INR 23574.27,61.0,,TEC-014
WO-001609,VEH-0070,2024-08-19 00:00:00,Engine Service,"Brake Pads, Fluid",4.6,3354.06,47.5,Y,TEC-027
WO-001610,VEH-0070,12/10/2024 00:00,Tyre Change,"Motor, ESC",8.8,INR 40700.77,46.2,no,TEC-093
WO-001611,VEH-0318,09/09/2024 00:00,Brake Pad Replacement,NA,12.7,42631.34,54.5,N,TEC-012
WO-001612,VEH-0318,26-07-2024,Brake Pad Replacement,Battery Pack,13.3,INR 27060.18,95.4,yes,TEC-042
WO-001613,VEH-0318,08/10/2024 00:00,Battery Pack Swap,"Motor, ESC",2.4,33574.03,33.0,Y,TEC-074
WO-001614,VEH-0318,06-10-2024,Landing Gear Fix,NA,9.7,INR 33276.76,13.9,Y,TEC-211
WO-001615,VEH-0318,17/04/2025 00:00,Landing Gear Fix,NA,8.4,INR 5133.24,60.7,yes,TEC-180
WO-001616,VEH-0318,2025-04-14 00:00:00,Routine Inspection,Landing Skid,3.8,INR 37409.69,87.7,no,TEC-155
WO-001617,VEH-0102,2025-01-25 00:00:00,Routine Inspection,"Brake Pads, Fluid",11.1,10034.59,38.7,no,TEC-044
WO-001618,VEH-0102,13/04/2024 00:00,Tyre Change,Propeller x2,0.7,INR 28799.17,94.2,,TEC-209
WO-001619,VEH-0102,2024-11-29 00:00:00,Tyre Change,"Motor, ESC",11.9,9205.8,76.5,yes,TEC-209
WO-001620,VEH-0546,08/05/2025 00:00,Engine Service,NA,10.7,INR 41853.39,82.9,Y,TEC-157
WO-001621,VEH-0546,10-06-2024,Battery Pack Swap,NA,6.7,INR 42323.85,33.2,Y,TEC-031
WO-001622,VEH-0546,12-09-2024,Propeller Replacement,NA,5.2,"22,898.76",14.5,yes,TEC-015
WO-001623,VEH-0546,2025-05-13 00:00:00,Brake Pad Replacement,Landing Skid,11.4,INR 11004.36,16.7,Y,TEC-160
WO-001624,VEH-0546,07-02-2025,Motor Overhaul,NA,8.4,INR 34765.81,70.9,Y,TEC-188
WO-001625,VEH-0546,2024-03-20 00:00:00,Frame Repair,Propeller x2,null,INR 41428.36,21.3,Y,TEC-166
WO-001626,VEH-0455,2024-04-28 00:00:00,Engine Service,Battery Pack,7.1,"29,496.73",88.9,,TEC-099
WO-001627,VEH-0455,2024-11-23 00:00:00,Tyre Change,NA,5.1,"16,337.50",52.8,Y,TEC-178
WO-001628,VEH-0455,01-01-2024,Routine Inspection,Landing Skid,6.4,INR 33703.16,13.2,Y,TEC-128
WO-001629,VEH-0455,25/06/2025 00:00,Routine Inspection,Battery Pack,8.3,"29,371.79",73.7,no,TEC-056
WO-001630,VEH-9201,05-05-2024,Propeller Replacement,NA,11.7,2432.6,93.9,no,TEC-130
WO-001631,VEH-0455,2024-05-05 00:00:00,Motor Overhaul,Battery Pack,6.1,16066.09,72.0,no,TEC-116
WO-001632,VEH-0117,23/02/2024 00:00,Engine Service,Propeller x2,,INR 16582.28,23.8,N,TEC-040
WO-001633,VEH-0117,2024-01-02 00:00:00,Landing Gear Fix,Propeller x2,10.6,"10,992.82",23.8,N,TEC-017
WO-001634,VEH-0117,31/01/2024 00:00,Battery Pack Swap,"Brake Pads, Fluid",1.9,31746.13,34.6,yes,TEC-073
WO-001635,VEH-0117,26/01/2024 00:00,Engine Service,"Motor, ESC",10.5,INR 16453.08,65.4,yes,TEC-076
WO-001636,VEH-0417,30-08-2024,Motor Overhaul,"Brake Pads, Fluid",10.5,"31,139.82",72.9,yes,TEC-005
WO-001637,VEH-0417,2024-01-31 00:00:00,Battery Pack Swap,Landing Skid,1.4,42766.01,18.3,yes,TEC-058
WO-001638,VEH-0417,2025-01-14 00:00:00,Routine Inspection,,4.8,INR 39832.16,46.1,yes,TEC-012
WO-001639,VEH-0417,06-05-2024,Tyre Change,Propeller x2,10.1,INR 14721.48,39.0,yes,TEC-201
WO-001640,VEH-0417,11-04-2025,Frame Repair,"Brake Pads, Fluid",13.9,"40,100.20",54.4,,TEC-208
WO-001641,VEH-0629,02/09/2024 00:00,Tyre Change,Battery Pack,1.8,9194.85,4.9,no,TEC-176
WO-001642,VEH-0629,2025-04-25 00:00:00,Tyre Change,Landing Skid,13.8,INR 25349.71,44.6,no,TEC-052
WO-001643,VEH-0027,2025-03-14 00:00:00,Routine Inspection,NA,1.3,33282.14,53.5,,TEC-002
WO-001644,VEH-0027,23/11/2024 00:00,Landing Gear Fix,"Brake Pads, Fluid",2.0,INR 41764.16,36.3,,TEC-090
WO-001645,VEH-0206,11-07-2024,Engine Service,Battery Pack,1.5,INR 31292.04,68.3,no,TEC-021
WO-001646,VEH-0206,16/09/2024 00:00,Motor Overhaul,NA,8.0,INR 39164.11,79.9,,TEC-108
WO-001647,VEH-0206,31-10-2024,Routine Inspection,"Motor, ESC",4.3,INR 35948.21,32.1,no,TEC-045
WO-001648,VEH-0206,2025-01-02 00:00:00,Landing Gear Fix,NA,4.8,42155.97,94.7,yes,TEC-067
WO-001649,VEH-0569,2024-01-06 00:00:00,Engine Service,Battery Pack,4.7,33909.17,21.1,yes,TEC-184
WO-001650,VEH-0569,29-07-2024,Brake Pad Replacement,Battery Pack,6.2,INR 21457.92,16.4,yes,TEC-136
WO-001651,VEH-0569,02/08/2024 00:00,Brake Pad Replacement,,4.2,"35,269.70",8.7,,TEC-195
WO-001652,VEH-0569,10-05-2024,Landing Gear Fix,Landing Skid,1.9,INR 16643.23,8.6,Y,TEC-183
WO-001653,VEH-0569,2024-05-16 00:00:00,Frame Repair,Landing Skid,10.1,"45,616.96",48.5,no,TEC-138
WO-001654,VEH-0569,28-05-2024,Frame Repair,"Motor, ESC",11.3,"28,753.46",67.4,no,TEC-198
WO-001655,VEH-0168,07/03/2025 00:00,Tyre Change,NA,5.4,INR 32846.25,63.3,Y,TEC-126
WO-001656,VEH-0168,13-09-2024,Brake Pad Replacement,Battery Pack,10.1,INR 2284.95,26.0,N,TEC-177
WO-001657,VEH-0004,24/03/2024 00:00,Motor Overhaul,"Brake Pads, Fluid",1.1,"14,703.94",21.4,N,TEC-054
WO-001658,VEH-0004,2024-01-01 00:00:00,Propeller Replacement,Propeller x2,13.6,"18,608.65",20.6,Y,TEC-120
WO-001659,VEH-0004,19/11/2024 00:00,Routine Inspection,,10.0,INR 33356.43,76.5,Y,TEC-059
WO-001660,VEH-0611,13/04/2025 00:00,Frame Repair,Battery Pack,10.7,17170.06,47.9,yes,TEC-080
WO-001661,VEH-0611,13-03-2024,Routine Inspection,,9.7,"33,578.86",12.1,Y,TEC-093
WO-001662,VEH-0558,08-08-2024,Tyre Change,"Brake Pads, Fluid",2.0,INR 31688.93,20.7,Y,TEC-072
WO-001663,VEH-0558,25/04/2024 00:00,Propeller Replacement,Propeller x2,5.1,"10,913.44",28.3,no,TEC-100
WO-001664,VEH-0558,07-04-2024,Landing Gear Fix,Battery Pack,8.9,13993.15,36.2,,TEC-006
WO-001665,VEH-0558,14/05/2024 00:00,Routine Inspection,"Brake Pads, Fluid",3.9,"10,071.48",46.3,no,TEC-052
WO-001666,VEH-0558,23/02/2024 00:00,Frame Repair,"Brake Pads, Fluid",2.7,7181.06,52.6,no,TEC-069
WO-001667,VEH-0558,30/05/2024 00:00,Engine Service,Landing Skid,5.2,INR 5731.65,21.1,N,TEC-063
WO-001668,VEH-0595,2025-06-27 00:00:00,Routine Inspection,"Brake Pads, Fluid",0.9,"36,982.16",44.6,no,TEC-067
WO-001669,VEH-0595,18-06-2024,Battery Pack Swap,Propeller x2,4.7,27266.99,11.7,no,TEC-171
WO-001670,VEH-0595,17/06/2024 00:00,Brake Pad Replacement,,12.5,INR 3214.80,23.4,yes,TEC-038
WO-001671,VEH-0595,2024-01-16 00:00:00,Routine Inspection,"Brake Pads, Fluid",2.3,43189.12,64.8,Y,TEC-026
WO-001672,VEH-0595,27-06-2025,Tyre Change,"Brake Pads, Fluid",3.5,INR 28713.13,92.0,no,TEC-105
WO-001673,VEH-0595,2025-02-12 00:00:00,Motor Overhaul,Battery Pack,12.3,"3,392.15",33.3,N,TEC-078
WO-001674,VEH-0400,26-01-2024,Firmware Update,"Brake Pads, Fluid",2.1,INR 39515.73,28.0,yes,TEC-218
WO-001675,VEH-0539,25/07/2024 00:00,Brake Pad Replacement,Landing Skid,9.9,15104.58,59.5,no,TEC-160
WO-001676,VEH-0539,20/05/2025 00:00,Firmware Update,Propeller x2,3.1,INR 46880.05,24.5,N,TEC-046
WO-001677,VEH-0539,11/03/2024 00:00,Motor Overhaul,NA,10.1,24406.86,24.9,yes,TEC-111
WO-001678,VEH-0539,18/10/2024 00:00,Landing Gear Fix,NA,0.8,"36,127.29",29.7,yes,TEC-211
WO-001679,VEH-0551,09-04-2024,Routine Inspection,"Brake Pads, Fluid",11.5,INR 41809.07,69.4,Y,TEC-201
WO-001680,VEH-0551,14-11-2024,Frame Repair,"Brake Pads, Fluid",8.9,17540.82,23.2,no,TEC-211
WO-001681,VEH-0623,2024-03-21 00:00:00,Tyre Change,Battery Pack,13.1,INR 4878.71,64.2,no,TEC-161
WO-001682,VEH-0623,12/04/2024 00:00,Frame Repair,Propeller x2,13.8,38330.07,84.1,,TEC-113
WO-001683,VEH-0623,22/01/2024 00:00,Landing Gear Fix,Battery Pack,6.1,INR 34884.21,88.4,no,TEC-104
WO-001684,VEH-0623,2024-11-23 00:00:00,Frame Repair,Propeller x2,0.6,INR 21251.08,90.3,Y,TEC-016
WO-001685,VEH-0623,26/07/2024 00:00,Propeller Replacement,Battery Pack,7.5,INR 5398.90,22.4,N,TEC-161
WO-001686,VEH-0175,28-09-2024,Motor Overhaul,"Brake Pads, Fluid",10.6,33306.98,48.1,,TEC-097
WO-001687,VEH-0175,18/03/2025 00:00,Engine Service,Landing Skid,9.7,"1,189.58",23.3,no,TEC-213
WO-001688,VEH-0175,2025-06-10 00:00:00,Frame Repair,Battery Pack,6.5,INR 11104.25,71.4,yes,TEC-058
WO-001689,VEH-0285,15-06-2024,Routine Inspection,Landing Skid,12.5,INR 27136.70,53.5,N,TEC-114
WO-001690,VEH-0285,03-02-2024,Battery Pack Swap,Landing Skid,8.4,44960.55,2.1,no,TEC-071
WO-001691,VEH-0285,02-07-2024,Tyre Change,Battery Pack,9.8,"32,543.62",15.2,,TEC-131
WO-001692,VEH-0693,29-10-2024,Landing Gear Fix,Battery Pack,7.8,"43,742.04",40.6,Y,TEC-009
WO-001693,VEH-0693,10-07-2024,Frame Repair,"Brake Pads, Fluid",3.5,20629.51,92.8,no,TEC-127
WO-001694,VEH-0693,11/05/2025 00:00,Battery Pack Swap,Propeller x2,6.7,INR 17741.74,33.7,N,TEC-158
WO-001695,VEH-0693,02/07/2024 00:00,Brake Pad Replacement,"Brake Pads, Fluid",1.1,INR 28062.37,57.7,yes,TEC-202
WO-001696,VEH-9981,16/03/2024 00:00,Firmware Update,NA,8.5,"5,457.72",86.8,yes,TEC-196
WO-001697,VEH-0452,06-05-2025,Landing Gear Fix,Battery Pack,7.3,28197.28,9.4,no,TEC-079
WO-001698,VEH-0452,2024-07-20 00:00:00,Landing Gear Fix,Propeller x2,1.3,40191.32,71.4,Y,TEC-002
WO-001699,VEH-0452,23-12-2024,Firmware Update,Propeller x2,4.4,INR 901.64,78.6,Y,TEC-049
WO-001700,VEH-0452,2025-05-23 00:00:00,Propeller Replacement,"Brake Pads, Fluid",13.4,"24,291.93",26.2,yes,TEC-073
WO-001701,VEH-0452,10/01/2024 00:00,Landing Gear Fix,Battery Pack,3.4,"19,566.28",63.8,Y,TEC-087
WO-001702,VEH-0452,2024-10-15 00:00:00,Engine Service,Landing Skid,13.9,INR 35582.61,27.8,Y,TEC-016
WO-001703,VEH-0441,2025-06-02 00:00:00,Battery Pack Swap,NA,11.6,INR 41028.61,22.9,Y,TEC-166
WO-001704,VEH-0727,07/03/2025 00:00,Motor Overhaul,Battery Pack,12.3,39235.42,92.0,yes,TEC-001
WO-001705,VEH-0727,2024-03-25 00:00:00,Battery Pack Swap,NA,1.0,4643.21,29.4,no,TEC-001
WO-001706,VEH-0727,16-05-2025,Routine Inspection,Landing Skid,11.2,41706.44,60.9,,TEC-125
WO-001707,VEH-0727,2025-01-16 00:00:00,Firmware Update,Propeller x2,12.7,"19,020.76",1.6,no,TEC-173
WO-001708,VEH-0727,20/12/2024 00:00,Propeller Replacement,"Brake Pads, Fluid",12.0,"20,288.96",65.4,no,TEC-019
WO-001709,VEH-0727,2024-09-13 00:00:00,Motor Overhaul,NA,6.1,"10,841.63",63.6,no,TEC-154
WO-001710,VEH-0668,30/01/2024 00:00,Motor Overhaul,NA,9.9,39140.56,50.2,no,TEC-186
WO-001711,VEH-0668,04/06/2025 00:00,Motor Overhaul,Landing Skid,11.5,19913.55,44.5,,TEC-132
WO-001712,VEH-0668,21/02/2024 00:00,Propeller Replacement,Battery Pack,11.2,14078.96,16.4,yes,TEC-021
WO-001713,VEH-0668,13-04-2024,Brake Pad Replacement,,12.2,"28,723.27",87.0,,TEC-086
WO-001714,VEH-0668,2024-01-24 00:00:00,Firmware Update,,11.8,"15,014.19",2.1,Y,TEC-017
WO-001715,VEH-0668,31-12-2024,Engine Service,Battery Pack,6.8,3120.95,5.9,yes,TEC-024
WO-001716,VEH-0350,22/01/2025 00:00,Engine Service,"Motor, ESC",4.1,"26,826.68",39.4,,TEC-179
WO-001717,VEH-0298,12/03/2025 00:00,Propeller Replacement,Battery Pack,12.3,INR 1853.77,45.6,no,TEC-185
WO-001718,VEH-0298,17/05/2024 00:00,Firmware Update,Propeller x2,7.8,INR 30103.37,17.3,,TEC-215
WO-001719,VEH-0298,20-04-2025,Landing Gear Fix,Propeller x2,unknown,INR 41255.33,53.7,no,TEC-220
WO-001720,VEH-0612,2025-04-12 00:00:00,Landing Gear Fix,Propeller x2,3.2,27475.07,39.7,N,TEC-198
WO-001721,VEH-0613,15-12-2024,Tyre Change,,12.7,28599.12,61.9,yes,TEC-197
WO-001722,VEH-0613,2024-04-25 00:00:00,Firmware Update,NA,10.3,INR 42034.14,15.6,N,TEC-187
WO-001723,VEH-0613,07/05/2024 00:00,Propeller Replacement,,unknown,INR 14339.16,27.0,Y,TEC-030
WO-001724,VEH-0613,27-02-2024,Tyre Change,Propeller x2,11.5,"14,777.46",69.7,Y,TEC-176
WO-001725,VEH-0613,23/11/2024 00:00,Engine Service,"Brake Pads, Fluid",2.1,19832.16,51.1,,TEC-203
WO-001726,VEH-0613,2024-12-07 00:00:00,Engine Service,"Brake Pads, Fluid",4.8,42928.93,25.7,yes,TEC-135
WO-001727,VEH-0024,15/03/2024 00:00,Brake Pad Replacement,,5.3,INR 46288.72,58.2,Y,TEC-083
WO-001728,VEH-0024,12/10/2024 00:00,Tyre Change,"Brake Pads, Fluid",11.7,26699.86,9.7,,TEC-146
WO-001729,VEH-0391,2025-05-20 00:00:00,Engine Service,Battery Pack,0.9,"33,251.00",20.5,N,TEC-047
WO-001730,VEH-0159,31-03-2025,Brake Pad Replacement,NA,3.2,40350.28,52.0,Y,TEC-111
WO-001731,VEH-0159,18-03-2025,Battery Pack Swap,Battery Pack,-,"37,917.55",16.8,no,TEC-163
WO-001732,VEH-0159,2025-06-30 00:00:00,Motor Overhaul,,5.0,38409.53,41.4,N,TEC-046
WO-001733,VEH-0550,2025-05-28 00:00:00,Motor Overhaul,Propeller x2,9.8,INR 16010.61,70.5,N,TEC-062
WO-001734,VEH-0550,26-10-2024,Frame Repair,NA,5.4,"30,245.78",36.6,Y,TEC-198
WO-001735,VEH-9493,20/03/2024 00:00,Firmware Update,Battery Pack,2.6,32754.21,89.7,N,TEC-150
WO-001736,VEH-0550,2024-06-09 00:00:00,Engine Service,Battery Pack,13.6,"16,085.44",89.5,no,TEC-122
WO-001737,VEH-0581,2024-11-21 00:00:00,Propeller Replacement,NA,13.4,INR 41259.36,95.0,,TEC-089
WO-001738,VEH-0317,14/10/2024 00:00,Landing Gear Fix,,11.7,INR 7128.50,56.4,N,TEC-051
WO-001739,VEH-0570,2024-08-10 00:00:00,Landing Gear Fix,Propeller x2,6.8,"36,851.23",28.6,yes,TEC-029
WO-001740,VEH-0570,2024-01-25 00:00:00,Tyre Change,Battery Pack,8.8,INR 5922.59,89.4,N,TEC-026
WO-001741,VEH-0570,2025-04-27 00:00:00,Engine Service,Battery Pack,13.2,INR 44044.79,28.8,Y,TEC-061
WO-001742,VEH-0570,12/04/2025 00:00,Brake Pad Replacement,Landing Skid,8.7,INR 46214.97,49.3,yes,TEC-037
WO-001743,VEH-0570,2024-08-12 00:00:00,Propeller Replacement,"Brake Pads, Fluid",12.6,14710.29,87.3,no,TEC-003
WO-001744,VEH-0570,05-08-2024,Brake Pad Replacement,NA,4.9,INR 1446.24,17.4,yes,TEC-066
WO-001745,VEH-0426,28-05-2025,Motor Overhaul,Propeller x2,3.6,INR 47183.19,53.1,N,TEC-048
WO-001746,VEH-0426,2025-05-22 00:00:00,Battery Pack Swap,,7.2,INR 26635.17,26.7,no,TEC-035
WO-001747,VEH-0426,07/09/2024 00:00,Brake Pad Replacement,Propeller x2,8.2,34299.52,67.9,N,TEC-220
WO-001748,VEH-0421,29/05/2024 00:00,Engine Service,Battery Pack,4.1,"36,680.66",93.8,,TEC-121
WO-001749,VEH-0579,13-05-2024,Motor Overhaul,"Motor, ESC",12.2,INR 41646.84,9.1,Y,TEC-092
WO-001750,VEH-0579,29/12/2024 00:00,Tyre Change,,1.4,16103.34,87.8,no,TEC-100
WO-001751,VEH-0036,2025-02-28 00:00:00,Propeller Replacement,NA,  ,25311.48,26.4,N,TEC-163
WO-001752,VEH-0507,2025-01-22 00:00:00,Propeller Replacement,"Brake Pads, Fluid",4.7,32698.7,85.7,no,TEC-182
WO-001753,VEH-0074,19-03-2024,Routine Inspection,Landing Skid,8.1,"37,576.03",42.5,no,TEC-012
WO-001754,VEH-0074,18-03-2025,Brake Pad Replacement,Propeller x2,11.8,INR 8127.40,83.0,N,TEC-038
WO-001755,VEH-0148,05-05-2024,Propeller Replacement,Battery Pack,8.8,INR 42487.95,73.0,Y,TEC-186
WO-001756,VEH-0148,22-04-2024,Brake Pad Replacement,"Motor, ESC",8.3,"41,729.25",91.9,no,TEC-215
WO-001757,VEH-0148,24-05-2025,Firmware Update,NA,4.5,"35,979.91",41.5,yes,TEC-056
WO-001758,VEH-0148,13-06-2024,Landing Gear Fix,Propeller x2,10.5,"13,857.10",70.3,no,TEC-191
WO-001759,VEH-0235,2024-06-24 00:00:00,Motor Overhaul,Propeller x2,8.4,"9,286.05",59.0,N,TEC-008
WO-001760,VEH-0235,2024-03-09 00:00:00,Tyre Change,"Motor, ESC",9.5,INR 45960.89,71.0,Y,TEC-158
WO-001761,VEH-0640,30-07-2024,Frame Repair,,12.9,INR 10770.13,53.0,N,TEC-112
WO-001762,VEH-0553,2025-03-04 00:00:00,Motor Overhaul,Propeller x2,3.3,INR 11911.65,88.8,Y,TEC-105
WO-001763,VEH-0553,18/01/2025 00:00,Tyre Change,"Brake Pads, Fluid",6.7,"2,281.51",35.7,no,TEC-056
WO-001764,VEH-0553,2024-08-27 00:00:00,Brake Pad Replacement,Landing Skid,1.3,"4,935.43",78.2,no,TEC-067
WO-001765,VEH-0573,2024-01-08 00:00:00,Tyre Change,"Brake Pads, Fluid",7.4,"42,031.64",37.8,yes,TEC-067
WO-001766,VEH-0573,10-12-2024,Battery Pack Swap,Propeller x2,12.7,28152.92,51.3,,TEC-195
WO-001767,VEH-0573,27/03/2024 00:00,Brake Pad Replacement,"Brake Pads, Fluid",11.9,"41,243.87",90.9,yes,TEC-116
WO-001768,VEH-0573,21/08/2024 00:00,Frame Repair,Landing Skid,1.7,31661.26,48.4,no,TEC-048
WO-001769,VEH-0573,26-02-2024,Frame Repair,"Motor, ESC",4.3,23836.87,23.9,N,TEC-056
WO-001770,VEH-0573,2024-07-01 00:00:00,Engine Service,NA,6.4,26637.06,5.0,,TEC-187
WO-001771,VEH-0222,2024-12-11 00:00:00,Frame Repair,NA,4.6,27803.81,88.2,no,TEC-126
WO-001772,VEH-0222,19-04-2025,Motor Overhaul,,8.6,INR 16723.81,24.7,N,TEC-051
WO-001773,VEH-0222,21/05/2024 00:00,Routine Inspection,"Motor, ESC",5.2,"27,595.55",9.9,,TEC-075
WO-001774,VEH-0222,10/04/2025 00:00,Landing Gear Fix,"Motor, ESC",4.3,INR 16855.91,56.2,yes,TEC-147
WO-001775,VEH-0147,09-01-2025,Motor Overhaul,Landing Skid,6.8,"17,704.85",47.3,N,TEC-068
WO-001776,VEH-0147,04-05-2025,Landing Gear Fix,NA,12.1,3792.97,85.5,N,TEC-016
WO-001777,VEH-0685,27-11-2024,Routine Inspection,"Brake Pads, Fluid",1.7,27302.32,19.7,Y,TEC-045
WO-001778,VEH-0685,2025-05-18 00:00:00,Brake Pad Replacement,Propeller x2,2.8,INR 30540.72,95.1,no,TEC-111
WO-001779,VEH-0685,18/01/2024 00:00,Frame Repair,"Brake Pads, Fluid",7.1,12840.19,72.8,Y,TEC-212
WO-001780,VEH-0685,24/05/2025 00:00,Battery Pack Swap,Landing Skid,7.0,"17,895.22",34.4,no,TEC-137
WO-001781,VEH-0685,17/09/2024 00:00,Firmware Update,Propeller x2,9.8,"6,746.64",74.7,yes,TEC-078
WO-001782,VEH-0734,2025-03-24 00:00:00,Firmware Update,Battery Pack,2.4,"32,542.59",48.1,N,TEC-098
WO-001783,VEH-0734,2024-06-04 00:00:00,Routine Inspection,NA,2.9,"28,458.64",49.9,yes,TEC-091
WO-001784,VEH-0408,24/11/2024 00:00,Frame Repair,"Motor, ESC",13.3,33476.28,5.2,no,TEC-197
WO-001785,VEH-0408,22-01-2025,Frame Repair,Battery Pack,1.1,47759.73,36.2,Y,TEC-177
WO-001786,VEH-0408,14-01-2025,Battery Pack Swap,"Motor, ESC",9.6,INR 7406.91,89.1,no,TEC-069
WO-001787,VEH-0304,2024-01-25 00:00:00,Tyre Change,Landing Skid,3.8,INR 11638.84,71.5,N,TEC-040
WO-001788,VEH-0304,2024-05-02 00:00:00,Brake Pad Replacement,Propeller x2,1.9,40888.78,95.3,N,TEC-132
WO-001789,VEH-0355,28/01/2025 00:00,Tyre Change,Battery Pack,7.3,"27,778.55",88.0,Y,TEC-017
WO-001790,VEH-0355,2024-05-20 00:00:00,Battery Pack Swap,Propeller x2,7.9,INR 17746.58,2.8,yes,TEC-121
WO-001791,VEH-0355,27/02/2024 00:00,Motor Overhaul,,10.7,INR 18997.01,53.5,no,TEC-218
WO-001792,VEH-0500,26-04-2025,Landing Gear Fix,"Motor, ESC",6.4,INR 47545.15,25.5,Y,TEC-012
WO-001793,VEH-0500,16-11-2024,Tyre Change,"Brake Pads, Fluid",13.8,38937.12,88.2,yes,TEC-201
WO-001794,VEH-0500,2024-03-27 00:00:00,Battery Pack Swap,,6.9,"10,671.96",20.5,Y,TEC-122
WO-001795,VEH-0500,08/06/2024 00:00,Engine Service,Battery Pack,8.1,INR 17556.44,38.8,,TEC-100
WO-001796,VEH-0500,17/09/2024 00:00,Engine Service,NA,1.4,23694.2,31.3,no,TEC-191
WO-001797,VEH-0500,2025-06-13 00:00:00,Brake Pad Replacement,NA,9.7,"34,639.59",67.3,yes,TEC-197
WO-001798,VEH-0062,2024-10-27 00:00:00,Propeller Replacement,,11.6,INR 27623.48,52.0,yes,TEC-144
WO-001799,VEH-0062,27/02/2025 00:00,Engine Service,"Motor, ESC",1.2,"45,872.51",85.1,Y,TEC-093
WO-001800,VEH-0735,13/11/2024 00:00,Engine Service,"Motor, ESC",7.3,"13,981.20",90.8,Y,TEC-059
WO-001801,VEH-0735,17/08/2024 00:00,Engine Service,Landing Skid,3.5,24806.35,29.6,yes,TEC-006
WO-001802,VEH-0600,2025-01-18 00:00:00,Propeller Replacement,Propeller x2,0.5,27638.27,32.1,yes,TEC-034
WO-001803,VEH-0600,21-10-2024,Propeller Replacement,,8.2,3528.64,10.7,no,TEC-217
WO-001804,VEH-0063,03-10-2024,Engine Service,"Brake Pads, Fluid",5.2,INR 23068.02,7.7,no,TEC-155
WO-001805,VEH-0063,10/01/2025 00:00,Motor Overhaul,Landing Skid,10.0,INR 16062.14,19.8,,TEC-156
WO-001806,VEH-0240,2024-07-31 00:00:00,Tyre Change,"Motor, ESC",4.3,INR 21319.80,17.4,yes,TEC-026
WO-001807,VEH-0240,08-10-2024,Firmware Update,Battery Pack,8.5,"1,262.60",46.7,yes,TEC-014
WO-001808,VEH-0240,21/02/2024 00:00,Firmware Update,"Brake Pads, Fluid",7.0,INR 19167.43,47.6,Y,TEC-114
WO-001809,VEH-0240,25/02/2025 00:00,Battery Pack Swap,Battery Pack,3.1,"20,881.24",61.2,,TEC-220
WO-001810,VEH-0240,20/10/2024 00:00,Routine Inspection,Propeller x2,,"8,440.78",65.7,yes,TEC-210
WO-001811,VEH-0240,14-03-2024,Brake Pad Replacement,"Motor, ESC",4.0,"15,675.48",29.6,,TEC-049
WO-001812,VEH-0653,29/03/2025 00:00,Battery Pack Swap,Landing Skid,12.8,19817.1,42.0,Y,TEC-037
WO-001813,VEH-0653,29/03/2025 00:00,Motor Overhaul,Landing Skid,1.5,INR 29873.32,12.5,yes,TEC-115
WO-001814,VEH-0653,2024-08-22 00:00:00,Motor Overhaul,Battery Pack,NA,INR 30564.13,53.9,N,TEC-167
WO-001815,VEH-0653,2024-02-26 00:00:00,Frame Repair,,10.0,3578.49,83.0,yes,TEC-146
WO-001816,VEH-0389,01-07-2025,Firmware Update,,9.0,INR 39402.43,53.8,N,TEC-012
WO-001817,VEH-0389,02-02-2024,Battery Pack Swap,Propeller x2,9.9,INR 40852.34,50.6,no,TEC-136
WO-001818,VEH-0093,21-10-2024,Landing Gear Fix,NA,6.8,"43,241.63",53.9,yes,TEC-150
WO-001819,VEH-0093,27/12/2024 00:00,Tyre Change,Landing Skid,5.2,"3,495.28",89.4,Y,TEC-111
WO-001820,VEH-0093,05-05-2024,Landing Gear Fix,Landing Skid,3.2,38206.67,63.3,no,TEC-075
WO-001821,VEH-0628,14/09/2024 00:00,Propeller Replacement,Landing Skid,0.5,"1,447.70",32.8,N,TEC-095
WO-001822,VEH-0628,29-06-2025,Firmware Update,Landing Skid,7.6,18327.73,27.8,,TEC-008
WO-001823,VEH-0188,2024-11-08 00:00:00,Landing Gear Fix,"Motor, ESC",8.3,INR 36362.82,16.6,N,TEC-220
WO-001824,VEH-0188,01/10/2024 00:00,Propeller Replacement,Battery Pack,4.3,26362.91,93.5,N,TEC-030
WO-001825,VEH-0188,24/05/2025 00:00,Frame Repair,Landing Skid,1.4,"26,973.21",32.8,no,TEC-180
WO-001826,VEH-0340,05/03/2024 00:00,Engine Service,"Motor, ESC",11.2,INR 3700.76,2.5,yes,TEC-004
WO-001827,VEH-0340,30-12-2024,Brake Pad Replacement,Propeller x2,7.0,"38,568.29",41.8,,TEC-071
WO-001828,VEH-0340,28-04-2025,Engine Service,Landing Skid,13.2,"44,412.19",12.4,Y,TEC-009
WO-001829,VEH-0340,2024-04-27 00:00:00,Motor Overhaul,Landing Skid,5.3,46581.17,56.6,N,TEC-076
WO-001830,VEH-0308,22/11/2024 00:00,Frame Repair,,5.6,39099.12,78.0,N,TEC-121
WO-001831,VEH-0308,26-11-2024,Landing Gear Fix,,4.8,41569.56,50.5,yes,TEC-131
WO-001832,VEH-0174,2024-04-05 00:00:00,Firmware Update,Landing Skid,7.1,10380.3,50.7,no,TEC-002
WO-001833,VEH-0217,2025-01-11 00:00:00,Brake Pad Replacement,,13.6,"6,915.01",76.6,N,TEC-026
WO-001834,VEH-0217,20-05-2025,Routine Inspection,Battery Pack,8.7,25729.65,86.5,no,TEC-114
WO-001835,VEH-0125,25/01/2025 00:00,Engine Service,"Brake Pads, Fluid",3.2,"47,008.79",34.8,Y,TEC-201
WO-001836,VEH-0084,08/11/2024 00:00,Motor Overhaul,"Motor, ESC",7.3,"27,169.37",86.4,N,TEC-001
WO-001837,VEH-0267,30-08-2024,Brake Pad Replacement,"Brake Pads, Fluid",3.4,21897.42,4.7,no,TEC-158
WO-001838,VEH-0267,29-06-2025,Engine Service,Battery Pack,1.1,34583.92,16.5,no,TEC-102
WO-001839,VEH-0267,22-04-2024,Propeller Replacement,"Brake Pads, Fluid",2.7,"8,017.02",70.8,N,TEC-012
WO-001840,VEH-0179,22/06/2025 00:00,Landing Gear Fix,Landing Skid,11.6,35985.4,43.6,,TEC-170
WO-001841,VEH-0335,15-07-2024,Frame Repair,"Motor, ESC",9.7,INR 5196.23,57.3,,TEC-184
WO-001842,VEH-0335,02/06/2025 00:00,Propeller Replacement,Propeller x2,3.3,INR 6935.88,80.8,,TEC-053
WO-001843,VEH-0335,11/03/2024 00:00,Firmware Update,"Motor, ESC",4.9,37410.76,56.7,Y,TEC-125
WO-001844,VEH-0335,2024-09-22 00:00:00,Propeller Replacement,NA,2.1,"11,045.19",81.7,no,TEC-143
WO-001845,VEH-0335,2024-05-12 00:00:00,Landing Gear Fix,NA,9.4,"14,938.11",86.2,Y,TEC-217
WO-001846,VEH-0602,14-12-2024,Battery Pack Swap,Propeller x2,10.0,18332.09,18.1,,TEC-062
WO-001847,VEH-0602,01-02-2025,Frame Repair,NA,10.2,"18,794.80",24.9,N,TEC-081
WO-001848,VEH-0602,29/02/2024 00:00,Engine Service,Battery Pack,2.4,"32,004.20",78.9,Y,TEC-024
WO-001849,VEH-0602,14/06/2024 00:00,Frame Repair,"Motor, ESC",7.6,"23,859.36",3.1,no,TEC-181
WO-001850,VEH-0602,22-05-2024,Brake Pad Replacement,Landing Skid,10.3,3979.0,30.8,no,TEC-174
WO-001851,VEH-0479,2024-02-09 00:00:00,Engine Service,NA,9.3,INR 35952.61,81.2,Y,TEC-012
WO-001852,VEH-0479,18/01/2024 00:00,Landing Gear Fix,Landing Skid,8.5,INR 16349.46,23.3,N,TEC-217
WO-001853,VEH-0479,2024-02-10 00:00:00,Firmware Update,"Motor, ESC",13.6,33903.33,50.5,Y,TEC-063
WO-001854,VEH-0479,2024-10-19 00:00:00,Frame Repair,NA,2.2,INR 42075.84,51.8,,TEC-192
WO-001855,VEH-0479,18-06-2025,Firmware Update,NA,4.6,28289.03,36.0,N,TEC-193
WO-001856,VEH-0467,17/01/2025 00:00,Frame Repair,Battery Pack,7.4,INR 38167.50,35.1,yes,TEC-108
WO-001857,VEH-0177,09-01-2025,Tyre Change,Landing Skid,9.2,31323.05,68.8,yes,TEC-098
WO-001858,VEH-0177,2025-01-30 00:00:00,Tyre Change,"Brake Pads, Fluid",13.1,INR 36668.21,7.7,no,TEC-186
WO-001859,VEH-0694,2025-04-03 00:00:00,Motor Overhaul,Battery Pack,6.7,INR 37885.33,62.4,Y,TEC-069
WO-001860,VEH-0694,03/03/2024 00:00,Firmware Update,NA,1.5,INR 21800.69,74.8,no,TEC-202
WO-001861,VEH-0694,03-02-2024,Tyre Change,"Motor, ESC",6.4,5304.72,23.9,Y,TEC-158
WO-001862,VEH-0694,07-09-2024,Engine Service,"Brake Pads, Fluid",10.2,INR 42357.64,84.2,,TEC-020
WO-001863,VEH-0089,2024-09-19 00:00:00,Brake Pad Replacement,"Motor, ESC",8.4,"1,583.92",27.6,Y,TEC-190
WO-001864,VEH-0089,10/12/2024 00:00,Routine Inspection,Battery Pack,4.6,15144.53,34.7,N,TEC-085
WO-001865,VEH-0089,27/02/2024 00:00,Battery Pack Swap,"Brake Pads, Fluid",8.5,44500.33,55.7,yes,TEC-157
WO-001866,VEH-0089,31-03-2025,Firmware Update,Propeller x2,9.6,32360.11,4.1,N,TEC-182
WO-001867,VEH-0089,29/03/2024 00:00,Tyre Change,Landing Skid,5.8,"2,730.01",91.1,Y,TEC-146
WO-001868,VEH-9258,2024-01-24 00:00:00,Engine Service,Propeller x2,10.5,24290.52,87.1,N,TEC-201
WO-001869,VEH-0642,20-05-2024,Brake Pad Replacement,"Motor, ESC",5.1,"13,905.88",92.9,yes,TEC-072
WO-001870,VEH-0642,2024-03-16 00:00:00,Routine Inspection,,10.6,26838.28,48.7,,TEC-164
WO-001871,VEH-0642,2024-12-18 00:00:00,Firmware Update,Propeller x2,1.3,INR 47094.09,79.5,N,TEC-107
WO-001872,VEH-0642,10-09-2024,Propeller Replacement,"Brake Pads, Fluid",3.9,INR 31081.33,11.2,no,TEC-008
WO-001873,VEH-0642,2024-12-07 00:00:00,Motor Overhaul,Battery Pack,11.6,21827.96,36.4,,TEC-046
WO-001874,VEH-0185,2024-07-30 00:00:00,Frame Repair,,8.2,INR 44919.53,88.1,N,TEC-075
WO-001875,VEH-0197,05/09/2024 00:00,Tyre Change,Propeller x2,7.7,INR 7488.43,55.2,yes,TEC-137
WO-001876,VEH-0197,2025-03-29 00:00:00,Propeller Replacement,Battery Pack,11.4,INR 33541.10,10.8,Y,TEC-154
WO-001877,VEH-0197,2025-02-18 00:00:00,Firmware Update,Battery Pack,8.4,40805.86,80.4,N,TEC-146
WO-001878,VEH-0197,2024-02-23 00:00:00,Landing Gear Fix,Propeller x2,8.9,46942.65,83.7,no,TEC-012
WO-001879,VEH-0197,2024-11-16 00:00:00,Landing Gear Fix,NA,7.3,"46,710.48",67.6,,TEC-014
WO-001880,VEH-0197,22/11/2024 00:00,Engine Service,,12.1,39538.72,40.0,,TEC-006
WO-001881,VEH-0372,16/03/2025 00:00,Battery Pack Swap,Landing Skid,4.3,"47,322.48",69.4,no,TEC-158
WO-001882,VEH-0372,2025-02-13 00:00:00,Battery Pack Swap,"Motor, ESC",5.6,7482.06,83.7,no,TEC-020
WO-001883,VEH-0372,29-10-2024,Battery Pack Swap,Battery Pack,6.6,INR 14165.08,91.3,yes,TEC-033
WO-001884,VEH-0372,13/06/2024 00:00,Tyre Change,Propeller x2,8.8,18053.77,62.0,N,TEC-144
WO-001885,VEH-0655,14/03/2024 00:00,Frame Repair,NA,5.8,INR 7651.90,79.0,yes,TEC-187
WO-001886,VEH-0655,26/10/2024 00:00,Propeller Replacement,"Brake Pads, Fluid",6.8,INR 16564.87,47.8,,TEC-038
WO-001887,VEH-0655,01/04/2025 00:00,Firmware Update,Landing Skid,12.0,9742.78,48.9,Y,TEC-130
WO-001888,VEH-0655,2024-07-15 00:00:00,Brake Pad Replacement,"Motor, ESC",5.8,INR 20459.02,24.9,Y,TEC-041
WO-001889,VEH-0575,06/08/2024 00:00,Landing Gear Fix,"Brake Pads, Fluid",3.4,INR 25950.27,32.0,yes,TEC-069
WO-001890,VEH-0575,01/01/2024 00:00,Frame Repair,"Motor, ESC",3.0,25107.1,33.1,yes,TEC-043
WO-001891,VEH-0575,2024-11-05 00:00:00,Motor Overhaul,,4.6,1963.1,8.8,,TEC-030
WO-001892,VEH-0575,10-01-2024,Routine Inspection,"Brake Pads, Fluid",11.7,"3,741.32",51.0,,TEC-006
WO-001893,VEH-0294,2025-03-18 00:00:00,Engine Service,Battery Pack,9.0,17599.19,12.7,Y,TEC-043
WO-001894,VEH-0294,26/05/2024 00:00,Battery Pack Swap,"Motor, ESC",12.0,"11,333.47",2.5,no,TEC-173
WO-001895,VEH-0294,23-03-2024,Routine Inspection,Landing Skid,13.8,INR 45950.04,9.3,N,TEC-091
WO-001896,VEH-0294,2024-06-26 00:00:00,Landing Gear Fix,,5.4,"14,174.90",48.0,no,TEC-071
WO-001897,VEH-0394,03-09-2024,Tyre Change,Propeller x2,5.0,7687.17,30.9,,TEC-016
WO-001898,VEH-0394,19/04/2025 00:00,Motor Overhaul,NA,10.4,"18,462.17",90.4,Y,TEC-198
WO-001899,VEH-0394,2025-02-25 00:00:00,Battery Pack Swap,Propeller x2,10.5,"20,875.34",87.2,N,TEC-141
WO-001900,VEH-0394,13-06-2025,Brake Pad Replacement,Propeller x2,2.3,"28,684.70",25.9,no,TEC-064
WO-001901,VEH-0394,02/08/2024 00:00,Brake Pad Replacement,Battery Pack,5.1,INR 6242.31,65.7,Y,TEC-172
WO-001902,VEH-0037,29-06-2024,Battery Pack Swap,NA,13.2,21608.67,58.1,Y,TEC-034
WO-001903,VEH-0037,2024-12-05 00:00:00,Routine Inspection,"Motor, ESC",12.3,"38,899.43",90.3,no,TEC-036
WO-001904,VEH-0037,31-03-2025,Landing Gear Fix,NA,4.9,"29,533.67",40.0,yes,TEC-213
WO-001905,VEH-0323,12-03-2025,Propeller Replacement,Landing Skid,3.0,15936.76,77.5,no,TEC-208
WO-001906,VEH-0323,28-09-2024,Engine Service,,2.4,17507.74,80.6,no,TEC-156
WO-001907,VEH-0323,06/05/2024 00:00,Frame Repair,"Brake Pads, Fluid",4.5,"23,727.04",61.5,no,TEC-210
WO-001908,VEH-0202,2024-05-27 00:00:00,Frame Repair,Landing Skid,8.5,INR 37337.10,67.3,yes,TEC-041
WO-001909,VEH-0202,17/05/2024 00:00,Routine Inspection,Propeller x2,11.2,"35,704.29",8.2,no,TEC-006
WO-001910,VEH-0202,2024-05-13 00:00:00,Routine Inspection,NA,9.1,INR 2390.77,6.4,yes,TEC-129
WO-001911,VEH-0714,09/11/2024 00:00,Frame Repair,Propeller x2,4.4,871.32,74.8,N,TEC-013
WO-001912,VEH-0714,29/04/2024 00:00,Frame Repair,Propeller x2,5.6,9721.95,15.4,N,TEC-005
WO-001913,VEH-0714,24/01/2025 00:00,Battery Pack Swap,Propeller x2,13.0,31067.23,26.0,N,TEC-035
WO-001914,VEH-0714,26/02/2024 00:00,Battery Pack Swap,NA,7.3,INR 30991.86,91.4,Y,TEC-161
WO-001915,VEH-0714,01-06-2024,Engine Service,"Motor, ESC",4.8,"26,232.02",68.1,,TEC-117
WO-001916,VEH-0265,30/06/2024 00:00,Battery Pack Swap,Landing Skid,0.7,"41,039.96",61.1,yes,TEC-097
WO-001917,VEH-0265,16-04-2024,Propeller Replacement,Landing Skid,2.0,29785.23,38.7,Y,TEC-081
WO-001918,VEH-0265,04-04-2024,Battery Pack Swap,"Motor, ESC",5.8,"17,957.60",6.1,N,TEC-192
WO-001919,VEH-0265,2024-02-11 00:00:00,Battery Pack Swap,Propeller x2,8.8,42887.4,27.7,Y,TEC-034
WO-001920,VEH-0725,2024-03-08 00:00:00,Brake Pad Replacement,Landing Skid,2.3,INR 20941.31,11.0,no,TEC-079
WO-001921,VEH-0138,19-02-2025,Routine Inspection,Landing Skid,13.3,8843.45,74.1,no,TEC-101
WO-001922,VEH-0138,02-02-2025,Tyre Change,NA,4.4,INR 9982.97,64.8,Y,TEC-101
WO-001923,VEH-0720,15-01-2025,Firmware Update,NA,6.2,"9,582.42",21.4,N,TEC-123
WO-001924,VEH-0720,01/09/2024 00:00,Landing Gear Fix,NA,-,7991.3,64.9,yes,TEC-074
WO-001925,VEH-0720,26/10/2024 00:00,Motor Overhaul,"Motor, ESC",11.5,5755.03,94.4,no,TEC-154
WO-001926,VEH-0720,27/04/2024 00:00,Routine Inspection,"Motor, ESC",8.5,16732.87,45.9,yes,TEC-099
WO-001927,VEH-0720,15/09/2024 00:00,Propeller Replacement,"Brake Pads, Fluid",10.2,INR 35830.24,41.3,,TEC-174
WO-001928,VEH-0721,13-08-2024,Landing Gear Fix,Landing Skid,,18853.16,34.3,yes,TEC-096
WO-001929,VEH-0721,2025-06-29 00:00:00,Tyre Change,Battery Pack,2.8,INR 41258.16,1.2,no,TEC-213
WO-001930,VEH-0721,2025-03-31 00:00:00,Routine Inspection,"Brake Pads, Fluid",3.4,"19,203.61",68.6,no,TEC-118
WO-001931,VEH-0721,23/05/2025 00:00,Motor Overhaul,Landing Skid,10.7,"34,282.37",14.0,yes,TEC-174
WO-001932,VEH-0721,16-03-2025,Landing Gear Fix,NA,4.7,INR 29524.02,48.0,yes,TEC-146
WO-001933,VEH-0721,13-02-2025,Landing Gear Fix,Propeller x2,3.5,"3,054.04",47.1,Y,TEC-082
WO-001934,VEH-0160,05/08/2024 00:00,Frame Repair,Propeller x2,5.4,37856.96,16.7,N,TEC-163
WO-001935,VEH-0160,02/03/2025 00:00,Propeller Replacement,Propeller x2,12.5,INR 27294.55,59.1,no,TEC-054
WO-001936,VEH-0244,11-04-2025,Battery Pack Swap,"Brake Pads, Fluid",9.7,15780.41,33.2,yes,TEC-024
WO-001937,VEH-0244,27/04/2025 00:00,Propeller Replacement,Battery Pack,1.2,INR 10747.53,8.9,,TEC-111
WO-001938,VEH-0244,03/05/2025 00:00,Engine Service,Landing Skid,0.7,36813.2,82.6,Y,TEC-050
WO-001939,VEH-0244,2025-04-13 00:00:00,Tyre Change,,  ,19401.4,35.9,,TEC-097
WO-001940,VEH-0244,09/11/2024 00:00,Tyre Change,,10.4,26427.61,84.6,no,TEC-214
WO-001941,VEH-0572,2025-05-01 00:00:00,Battery Pack Swap,NA,7.0,"29,121.30",16.4,N,TEC-142
WO-001942,VEH-0572,24-04-2024,Motor Overhaul,NA,10.1,36162.46,28.5,Y,TEC-087
WO-001943,VEH-0572,16/08/2024 00:00,Engine Service,NA,6.0,INR 36201.41,22.8,yes,TEC-193
WO-001944,VEH-0572,11-08-2024,Engine Service,"Motor, ESC",7.8,20649.46,59.4,no,TEC-146
WO-001945,VEH-0572,30/06/2024 00:00,Brake Pad Replacement,Battery Pack,5.0,INR 21161.26,69.7,yes,TEC-204
WO-001946,VEH-0572,01/09/2024 00:00,Engine Service,NA,7.2,32775.84,18.4,N,TEC-016
WO-001947,VEH-0420,30/11/2024 00:00,Firmware Update,NA,6.3,INR 38197.97,34.1,yes,TEC-179
WO-001948,VEH-0420,24-08-2024,Routine Inspection,NA,2.5,33570.67,17.6,,TEC-165
WO-001949,VEH-0420,17-04-2024,Landing Gear Fix,NA,6.8,"1,964.50",60.0,yes,TEC-034
WO-001950,VEH-0420,10-02-2025,Landing Gear Fix,"Brake Pads, Fluid",4.3,"43,692.65",86.6,yes,TEC-082
WO-001951,VEH-0574,05/08/2024 00:00,Firmware Update,"Brake Pads, Fluid",3.4,INR 4927.79,45.0,Y,TEC-120
WO-001952,VEH-9152,30/11/2024 00:00,Frame Repair,,9.8,INR 41525.03,78.6,no,TEC-108
WO-001953,VEH-0574,2024-04-11 00:00:00,Propeller Replacement,"Brake Pads, Fluid",11.6,INR 43586.03,48.5,Y,TEC-060
WO-001954,VEH-0574,19-06-2025,Engine Service,NA,10.3,12307.03,87.6,no,TEC-089
WO-001955,VEH-0574,25/08/2024 00:00,Motor Overhaul,Battery Pack,12.2,"30,601.89",39.0,N,TEC-100
WO-001956,VEH-0574,30-06-2024,Propeller Replacement,NA,3.1,"5,920.35",76.6,N,TEC-102
WO-001957,VEH-0111,2024-04-14 00:00:00,Motor Overhaul,NA,12.4,INR 16009.32,32.4,no,TEC-198
WO-001958,VEH-0111,28/03/2024 00:00,Tyre Change,"Brake Pads, Fluid",9.2,36992.39,27.5,,TEC-060
WO-001959,VEH-0098,22/01/2024 00:00,Motor Overhaul,Landing Skid,,"5,267.99",7.9,yes,TEC-213
WO-001960,VEH-0351,2024-02-17 00:00:00,Propeller Replacement,Propeller x2,10.3,INR 31835.68,43.4,N,TEC-082
WO-001961,VEH-0351,09/04/2025 00:00,Tyre Change,"Motor, ESC",3.0,INR 44509.92,26.5,Y,TEC-211
WO-001962,VEH-0351,2024-04-23 00:00:00,Propeller Replacement,Battery Pack,13.1,INR 24023.28,62.2,,TEC-091
WO-001963,VEH-0411,01-07-2025,Motor Overhaul,Landing Skid,7.9,"11,870.37",90.0,no,TEC-146
WO-001964,VEH-0411,06-03-2024,Propeller Replacement,Landing Skid,13.4,"15,708.88",7.3,N,TEC-180
WO-001965,VEH-0411,2025-03-21 00:00:00,Frame Repair,"Motor, ESC",5.4,INR 9948.90,58.1,yes,TEC-135
WO-001966,VEH-0411,19-05-2025,Tyre Change,"Brake Pads, Fluid",13.8,28593.14,68.6,no,TEC-040
WO-001967,VEH-0432,23/05/2025 00:00,Routine Inspection,NA,10.5,"12,691.46",78.8,,TEC-176
WO-001968,VEH-0432,28-04-2025,Routine Inspection,Propeller x2,9.6,18315.55,32.8,Y,TEC-215
WO-001969,VEH-0432,01-04-2025,Tyre Change,NA,6.7,38756.56,65.9,yes,TEC-112
WO-001970,VEH-0432,02/04/2025 00:00,Frame Repair,NA,1.6,24701.77,40.0,Y,TEC-172
WO-001971,VEH-0638,20-08-2024,Routine Inspection,Propeller x2,13.2,"5,592.22",68.5,,TEC-051
WO-001972,VEH-0349,21-05-2025,Frame Repair,"Brake Pads, Fluid",4.7,41877.97,42.1,yes,TEC-011
WO-001973,VEH-0349,14/02/2025 00:00,Battery Pack Swap,NA,12.9,"8,336.98",27.9,N,TEC-201
WO-001974,VEH-0435,11/01/2024 00:00,Brake Pad Replacement,Propeller x2,5.2,41435.02,27.1,yes,TEC-006
WO-001975,VEH-0435,27-01-2025,Tyre Change,"Brake Pads, Fluid",7.0,22873.39,37.8,Y,TEC-194
WO-001976,VEH-0435,23/03/2025 00:00,Firmware Update,,1.3,INR 6565.52,78.6,N,TEC-036
WO-001977,VEH-0435,2024-06-29 00:00:00,Engine Service,Landing Skid,2.7,45062.51,47.5,,TEC-083
WO-001978,VEH-0435,14-08-2024,Battery Pack Swap,Battery Pack,13.8,INR 37089.82,23.4,,TEC-105
WO-001979,VEH-0409,03-02-2025,Frame Repair,"Brake Pads, Fluid",2.9,"3,412.35",22.8,no,TEC-160
WO-001980,VEH-0409,16-06-2025,Routine Inspection,,11.0,INR 24013.46,19.6,no,TEC-015
WO-001981,VEH-0405,14/10/2024 00:00,Landing Gear Fix,Battery Pack,5.9,32680.97,40.9,yes,TEC-206
WO-001982,VEH-9109,26-10-2024,Firmware Update,NA,13.9,"13,649.07",54.5,N,TEC-018
WO-001983,VEH-0515,2024-01-15 00:00:00,Landing Gear Fix,Landing Skid,12.3,INR 28119.94,67.5,,TEC-125
WO-001984,VEH-0645,2024-11-27 00:00:00,Landing Gear Fix,"Motor, ESC",6.9,"31,421.83",61.1,yes,TEC-017
WO-001985,VEH-0669,2025-03-19 00:00:00,Motor Overhaul,,7.4,"9,173.48",52.2,no,TEC-188
WO-001986,VEH-0669,01-02-2024,Firmware Update,Propeller x2,4.1,37846.45,48.2,yes,TEC-118
WO-001987,VEH-0669,2024-01-23 00:00:00,Routine Inspection,,3.9,INR 33327.87,33.7,no,TEC-180
WO-001988,VEH-0448,2024-04-23 00:00:00,Frame Repair,NA,13.6,33630.3,55.5,yes,TEC-149
WO-001989,VEH-0448,2025-04-14 00:00:00,Tyre Change,,3.4,"44,972.71",2.0,N,TEC-091
WO-001990,VEH-0565,28-05-2024,Frame Repair,Propeller x2,8.6,INR 36839.86,93.5,yes,TEC-006
WO-001991,VEH-0565,10-10-2024,Motor Overhaul,NA,1.4,25148.52,86.4,no,TEC-102
WO-001992,VEH-0189,06-03-2024,Tyre Change,Propeller x2,6.4,"22,447.71",43.4,no,TEC-002
WO-001993,VEH-0189,20/05/2024 00:00,Battery Pack Swap,Propeller x2,0.5,INR 40130.66,93.8,N,TEC-066
WO-001994,VEH-0189,24/09/2024 00:00,Brake Pad Replacement,"Motor, ESC",3.9,INR 40868.89,74.8,,TEC-073
WO-001995,VEH-0189,07-08-2024,Motor Overhaul,Landing Skid,7.2,INR 16327.47,18.1,,TEC-128
WO-001996,VEH-0189,2024-02-12 00:00:00,Motor Overhaul,Propeller x2,6.3,"24,641.45",31.8,no,TEC-058
WO-001997,VEH-0703,15/02/2025 00:00,Landing Gear Fix,Propeller x2,5.6,44902.69,47.0,no,TEC-129
WO-001998,VEH-0703,07/03/2025 00:00,Brake Pad Replacement,NA,6.5,46906.82,19.5,no,TEC-168
WO-001999,VEH-0703,26/10/2024 00:00,Tyre Change,Propeller x2,5.5,20290.99,42.6,yes,TEC-120
WO-002000,VEH-0703,16/01/2025 00:00,Landing Gear Fix,Battery Pack,1.4,"4,137.09",43.5,yes,TEC-127
WO-002001,VEH-0703,11/10/2024 00:00,Brake Pad Replacement,Battery Pack,8.3,"1,012.76",82.5,N,TEC-055
WO-002002,VEH-0604,04-09-2024,Firmware Update,"Motor, ESC",6.9,INR 25159.56,11.8,N,TEC-088
WO-002003,VEH-0604,05/09/2024 00:00,Tyre Change,"Brake Pads, Fluid",7.7,INR 31703.52,59.2,N,TEC-156
WO-002004,VEH-0604,16-02-2025,Brake Pad Replacement,NA,5.3,INR 5841.94,28.8,yes,TEC-044
WO-002005,VEH-0302,03-01-2024,Battery Pack Swap,NA,0.8,INR 6936.98,11.7,Y,TEC-149
WO-002006,VEH-0605,05-05-2025,Tyre Change,NA,5.4,INR 1673.37,34.2,Y,TEC-208
WO-002007,VEH-0605,24-03-2025,Routine Inspection,Battery Pack,11.6,9381.27,38.3,,TEC-057
WO-002008,VEH-0605,10-07-2024,Frame Repair,Battery Pack,6.3,23146.45,34.1,no,TEC-068
WO-002009,VEH-0732,2024-06-18 00:00:00,Firmware Update,NA,3.8,43258.07,41.8,no,TEC-133
WO-002010,VEH-0732,2025-04-17 00:00:00,Battery Pack Swap,NA,2.1,16175.97,23.2,no,TEC-218
WO-002011,VEH-0732,2024-01-29 00:00:00,Firmware Update,"Motor, ESC",1.9,"25,830.94",34.9,N,TEC-103
WO-002012,VEH-0732,17/04/2024 00:00,Battery Pack Swap,Propeller x2,4.7,"30,878.70",65.9,no,TEC-068
WO-002013,VEH-0732,30-04-2025,Motor Overhaul,Battery Pack,10.5,INR 32995.68,73.1,N,TEC-127
WO-002014,VEH-0732,08-01-2024,Battery Pack Swap,"Brake Pads, Fluid",2.7,6893.8,88.4,yes,TEC-080
WO-001241,VEH-0126,04/12/2024 00:00,Propeller Replacement,"Brake Pads, Fluid",3.7,10823.57,39.0,Y,TEC-064
WO-001330,VEH-0390,15/02/2025 00:00,Engine Service,Battery Pack,6.8,"45,137.24",61.7,N,TEC-192
WO-001335,VEH-0627,18-09-2024,Firmware Update,,5.6,"1,317.28",40.5,no,TEC-032
WO-000201,VEH-0530,09/01/2025 00:00,Brake Pad Replacement,Propeller x2,1.4,INR 9123.35,84.6,no,TEC-071
WO-000241,VEH-0499,18-12-2024,Brake Pad Replacement,Battery Pack,3.9,"6,620.43",15.4,yes,TEC-164
WO-001346,VEH-0398,31/10/2024 00:00,Propeller Replacement,Propeller x2,3.2,15510.35,59.9,yes,TEC-204
WO-000590,VEH-0343,2025-03-04 00:00:00,Landing Gear Fix,Landing Skid,6.2,"46,081.99",9.4,yes,TEC-031
WO-001772,VEH-0222,19-04-2025,Motor Overhaul,,8.6,INR 16723.81,24.7,N,TEC-051
WO-000640,VEH-0129,2024-06-06 00:00:00,Propeller Replacement,"Motor, ESC",11.1,"1,007.00",11.5,N,TEC-157
WO-001237,VEH-0513,2024-07-20 00:00:00,Battery Pack Swap,Battery Pack,13.5,22668.82,29.2,no,TEC-202
WO-000721,VEH-0414,2024-01-23 00:00:00,Motor Overhaul,Battery Pack,13.0,"47,962.13",3.6,,TEC-128
WO-000085,VEH-0231,28/05/2025 00:00,Engine Service,Battery Pack,5.1,INR 33253.35,57.7,Y,TEC-176
WO-000228,VEH-0128,24/01/2025 00:00,Frame Repair,Landing Skid,6.9,"45,290.91",22.6,no,TEC-159
WO-000023,VEH-0310,07/02/2025 00:00,Engine Service,NA,4.8,"19,075.68",42.7,Y,TEC-059
WO-001509,VEH-0328,15-02-2025,Routine Inspection,Propeller x2,11.9,INR 15227.93,35.9,N,TEC-035
WO-000781,VEH-0375,27-10-2024,Engine Service,Propeller x2,8.4,INR 10282.09,80.0,yes,TEC-108
WO-001130,VEH-0486,06/01/2025 00:00,Frame Repair,Battery Pack,12.0,"26,190.22",46.6,,TEC-170
WO-001399,VEH-0006,18-04-2024,Propeller Replacement,"Motor, ESC",12.6,INR 26249.64,48.0,yes,TEC-094
WO-000614,VEH-0688,05-04-2025,Firmware Update,,13.8,"28,840.19",29.5,no,TEC-137
WO-000232,VEH-0404,26/07/2024 00:00,Tyre Change,Battery Pack,4.1,"22,885.31",19.4,,TEC-061
WO-001297,VEH-0306,14-01-2025,Propeller Replacement,"Motor, ESC",11.2,3757.79,92.6,,TEC-087
WO-001775,VEH-0147,09-01-2025,Motor Overhaul,Landing Skid,6.8,"17,704.85",47.3,N,TEC-068
WO-001943,VEH-0572,16/08/2024 00:00,Engine Service,NA,6.0,INR 36201.41,22.8,yes,TEC-193
WO-001608,VEH-0070,2025-04-08 00:00:00,Brake Pad Replacement,"Motor, ESC",13.6,INR 23574.27,61.0,,TEC-014
WO-000331,VEH-0246,2024-03-01 00:00:00,Motor Overhaul,Propeller x2,11.7,"36,859.02",69.8,yes,TEC-065
WO-000471,VEH-0064,01-11-2024,Frame Repair,Landing Skid,4.0,"35,203.77",65.5,no,TEC-088
WO-000208,VEH-0272,05-07-2024,Motor Overhaul,Landing Skid,2.2,"39,667.62",85.8,,TEC-205
WO-000084,VEH-0231,22-05-2025,Engine Service,Landing Skid,0.8,"30,442.72",10.9,,TEC-021
WO-001492,VEH-0376,01/10/2024 00:00,Brake Pad Replacement,,4.7,"39,972.09",2.4,yes,TEC-057
WO-001119,VEH-0282,29-04-2024,Battery Pack Swap,Battery Pack,13.1,"24,417.53",33.4,no,TEC-209
WO-000644,VEH-0436,07/01/2024 00:00,Propeller Replacement,"Motor, ESC",12.9,INR 45023.50,61.1,no,TEC-050
WO-001139,VEH-0263,2024-03-06 00:00:00,Landing Gear Fix,Battery Pack,8.0,31625.36,68.4,no,TEC-168
WO-000130,VEH-0118,2024-04-26 00:00:00,Firmware Update,Landing Skid,4.3,"6,955.46",46.3,yes,TEC-171
WO-001819,VEH-0093,27/12/2024 00:00,Tyre Change,Landing Skid,5.2,"3,495.28",89.4,Y,TEC-111
WO-000036,VEH-0365,17/06/2024 00:00,Battery Pack Swap,Propeller x2,3.9,"6,918.38",81.2,yes,TEC-076
WO-001712,VEH-0668,21/02/2024 00:00,Propeller Replacement,Battery Pack,11.2,14078.96,16.4,yes,TEC-021
WO-000006,VEH-0562,2024-08-08 00:00:00,Propeller Replacement,,4.8,INR 15061.16,81.3,,TEC-065
WO-001655,VEH-0168,07/03/2025 00:00,Tyre Change,NA,5.4,INR 32846.25,63.3,Y,TEC-126
WO-001827,VEH-0340,30-12-2024,Brake Pad Replacement,Propeller x2,7.0,"38,568.29",41.8,,TEC-071
WO-001944,VEH-0572,11-08-2024,Engine Service,"Motor, ESC",7.8,20649.46,59.4,no,TEC-146
WO-000953,VEH-0044,24-12-2024,Tyre Change,Battery Pack,11.7,"8,997.70",59.7,no,TEC-171
WO-001706,VEH-0727,16-05-2025,Routine Inspection,Landing Skid,11.2,41706.44,60.9,,TEC-125
WO-000490,VEH-0485,2024-10-25 00:00:00,Frame Repair,"Brake Pads, Fluid",9.3,"45,493.58",34.7,Y,TEC-185
WO-001473,VEH-0260,2024-08-12 00:00:00,Motor Overhaul,Landing Skid,11.3,INR 27718.44,89.4,,TEC-105
WO-001071,VEH-0269,2025-02-26 00:00:00,Brake Pad Replacement,NA,12.8,3172.05,9.0,N,TEC-029
WO-000954,VEH-0044,30/11/2024 00:00,Firmware Update,"Brake Pads, Fluid",4.2,36948.86,32.3,yes,TEC-120
WO-000419,VEH-0032,2024-08-14 00:00:00,Routine Inspection,NA,1.9,"41,221.06",62.9,no,TEC-020
WO-000317,VEH-0518,21/03/2025 00:00,Brake Pad Replacement,Landing Skid,4.7,7933.21,92.9,no,TEC-167
WO-000541,VEH-0610,28-03-2024,Tyre Change,Battery Pack,4.2,INR 43791.89,74.1,,TEC-160
WO-000108,VEH-0030,02-07-2024,Brake Pad Replacement,,6.8,"13,207.51",56.3,N,TEC-027
WO-000526,VEH-0031,19-03-2025,Battery Pack Swap,NA,null,15376.0,23.1,,TEC-027
WO-001122,VEH-0282,17/01/2024 00:00,Routine Inspection,,7.7,"20,302.37",26.5,yes,TEC-109
WO-000171,VEH-0251,2024-06-28 00:00:00,Propeller Replacement,"Brake Pads, Fluid",4.0,INR 24569.07,90.8,,TEC-160
WO-000291,VEH-0013,23/02/2025 00:00,Brake Pad Replacement,NA,4.1,44623.81,50.9,yes,TEC-076
WO-001612,VEH-0318,26-07-2024,Brake Pad Replacement,Battery Pack,13.3,INR 27060.18,95.4,yes,TEC-042
WO-001125,VEH-0446,2024-01-29 00:00:00,Frame Repair,"Brake Pads, Fluid",12.1,25283.85,68.7,no,TEC-146
WO-000710,VEH-0469,2024-04-20 00:00:00,Brake Pad Replacement,"Brake Pads, Fluid",,INR 17280.24,31.3,yes,TEC-162
WO-000025,VEH-0480,2024-02-01 00:00:00,Firmware Update,Battery Pack,4.4,INR 1084.97,8.9,Y,TEC-150
WO-000347,VEH-0711,24/06/2024 00:00,Frame Repair,Landing Skid,3.5,"33,633.33",46.8,,TEC-068
WO-000322,VEH-0434,06-02-2025,Landing Gear Fix,Propeller x2,12.1,39665.26,32.9,no,TEC-172
