Date,City Name,temp,Temp Unit,humidity_%,Precipitation (mm),wind_speed_kmph,Visibility_KM,condition,storm_alert
01-01-2024,Chennai,65.3,F,58,1.6,26.6,8.6,Cloudy,N
02-01-2024,Chennai,87.7,F,77,1.7,14.2,9.3,Clear,N
2024-01-03,Chennai,25.8,C,39,0.8,28.3,4.2,Clear,N
04-01-2024,Chennai,77.1,F,61,2.0,30.2,4.0,CLEAR,N
05-01-2024,Chennai,24.2,C,96,1.8,23.0,9.4,Sunny,N
06-01-2024,Chennai,80.4,F,36,0.1,12.0,8.7,Clear,N
2024-01-07,Chennai,22.9,,86,1.8,24.9,4.1,Cloudy,N
2024-01-08,Chennai,22.9,,50,38.4,2.7,8.8,Heavy Rain,N
09-01-2024,Chennai,27.1,,75,30.2,35.1,9.9,Thunderstorm,yes
2024-01-10,Chennai,27.0,,86,1.1,39.7,10.8,Clear,N
11-01-2024,Chennai,23.4,C,56,1.8,2.0,11.6,Clear,N
12-01-2024,Chennai,29.5,,74,1.9,2.3,1.9,Fog,N
2024-01-13,Chennai,31.5,,96,1.2,20.0,9.0,Clear,N
14-01-2024,Chennai,24.5,C,96,1.0,29.2,10.2,clear,N
15-01-2024,Chennai,24.4,C,52,1.1,18.8,8.3,Cloudy,N
2024-01-16,Chennai,23.1,,61,0.4,21.2,9.2,clear,N
2024-01-17,Chennai,26.6,,35,1.8,33.7,5.9,Sunny,N
18-01-2024,Chennai,26.7,C,44,1.5,18.4,9.6,Clear,N
19-01-2024,Chennai,22.5,C,NA,0.6,19.8,7.9,clear,N
20-01-2024,Chennai,23.4,C,70,0.7,35.1,11.6,Cloudy,N
21-01-2024,Chennai,28.3,,62,0.1,44.8,6.6,clear,N
22-01-2024,Chennai,28.8,C,70,0.4,17.4,7.2,Cloudy,N
23-01-2024,Chennai,28.5,C,28,1.2,31.1,5.7,CLEAR,N
2024-01-24,Chennai,86.0,F,54,1.4,25.7,6.6,Cloudy,N
25-01-2024,Chennai,29.9,C,81,64.4,33.1,10.5,Heavy Rain,Y
26-01-2024,Chennai,25.1,C,89,0.8,36.7,5.6,Cloudy,N
2024-01-27,Chennai,82.0,F,74,1.4,43.9,9.4,Clear,N
2024-01-28,Chennai,25.5,C,41,0.9,8.7,2.0,Fog,N
2024-01-29,Chennai,93.2,F,75,68.9,42.2,5.1,Rain,yes
30-01-2024,Chennai,25.8,C,89,0.4,42.0,6.9,Clear,N
2024-01-31,Chennai,28.2,C,85,68.0,7.0,6.6,rain,
2024-02-01,Chennai,72.0,F,94,1.0,19.9,6.6,Cloudy,N
02-02-2024,Chennai,79.4,F,64,1.7,37.2,8.7,Cloudy,N
03-02-2024,Chennai,27.0,C,79,1.8,26.0,6.7,Clear,N
2024-02-04,Chennai,33.4,,30,111.4,38.3,10.1,Rain,N
05-02-2024,Chennai,28.9,C,67,0.2,36.9,0.8,Fog,N
2024-02-06,Chennai,27.1,C,46,1.0,30.8,7.2,Cloudy,N
07-02-2024,Chennai,29.9,C,64,104.8,12.7,8.6,Heavy Rain,Y
08-02-2024,Chennai,33.4,,36,0.1,44.1,11.3,Cloudy,N
09-02-2024,Chennai,27.0,C,,0.7,32.6,11.5,Sunny,N
10-02-2024,Chennai,null,C,NA,2.0,29.5,6.9,Cloudy,N
2024-02-12,Chennai,25.4,C,82,1.5,12.2,11.5,Clear,N
13-02-2024,Chennai,26.2,C,42,1.8,31.5,11.8,clear,N
2024-02-14,Chennai,28.0,,53,105.2,40.3,10.3,Heavy Rain,N
2024-02-15,Chennai,31.6,,44,0.3,34.6,11.0,Cloudy,N
16-02-2024,Chennai,28.3,C,69,1.5,25.3,4.7,Sunny,N
2024-02-17,Chennai,31.3,C,71,68.9,6.8,9.1,Rain,N
18-02-2024,Chennai,30.2,C,49,113.7,17.2,9.9,Heavy Rain,Y
19-02-2024,Chennai,32.8,C,35,82.7,23.5,5.6,Heavy Rain,Y
20-02-2024,Chennai,36.3,,54,0.4,44.2,2.7,Fog,N
21-02-2024,Chennai,30.8,,40,1.4,35.5,7.2,Cloudy,N
22-02-2024,Chennai,25.6,C,30,1.6,2.3,11.8,Sunny,N
23-02-2024,Chennai,35.6,C,97,0.3,41.5,4.9,Clear,N
24-02-2024,Chennai,26.1,,60,49.7,11.2,4.9,Rain,N
2024-02-25,Chennai,27.9,C,37,111.2,24.5,4.8,Rain,no
26-02-2024,Chennai,30.6,C,56,0.5,33.4,6.4,Cloudy,N
27-02-2024,Chennai,29.1,,58,33.7,4.0,11.1,Heavy Rain,N
2024-02-28,Chennai,29.8,C,49,1.3,39.5,8.3,Clear,N
2024-02-29,Chennai,31.4,C,56,1.7,32.8,8.2,Cloudy,N
2024-03-01,Chennai,35.5,,74,91.4,36.4,4.8,Rain,N
2024-03-02,Chennai,27.6,C,94,2.0,17.4,1.3,Fog,N
2024-03-03,Chennai,32.7,C,38,0.9,29.9,6.6,Clear,N
04-03-2024,Chennai,29.5,C,88,0.5,5.1,6.6,Clear,N
05-03-2024,Chennai,28.4,C,42,0.1,23.4,0.9,Fog,N
06-03-2024,Chennai,31.0,C,68,61.9,43.5,7.6,Heavy Rain,
2024-03-07,Chennai,34.9,C,  ,1.1,5.6,2.3,Fog,N
2024-03-08,Chennai,33.4,C,57,0.5,34.7,9.2,Sunny,N
09-03-2024,Chennai,32.5,,77,0.5,6.4,8.6,Cloudy,N
2024-03-10,Chennai,29.9,C,79,1.1,3.3,6.6,Clear,N
11-03-2024,Chennai,NA,C,46,1.7,36.4,10.7,CLEAR,N
2024-03-12,Chennai,30.3,C,87,9.8,7.2,7.0,Rain,N
2024-03-13,Chennai,31.2,C,94,108.4,23.0,9.7,Heavy Rain,
14-03-2024,Chennai,28.2,C,91,67.7,37.1,11.0,rain,no
15-03-2024,Chennai,34.2,,94,0.3,39.9,6.8,clear,N
2024-03-16,Chennai,30.2,C,36,70.6,42.5,10.0,Rain,N
2024-03-17,Chennai,27.8,C,32,0.3,44.7,8.2,Clear,N
2024-03-18,Chennai,29.2,,50,0.1,22.5,1.6,Fog,N
19-03-2024,Chennai,35.9,C,90,53.5,41.8,7.6,rain,Y
2024-03-20,Chennai,34.4,C,64,0.1,33.4,7.0,Clear,N
2024-03-21,Chennai,26.9,C,42,0.3,21.8,11.4,Cloudy,N
2024-03-22,Chennai,30.9,,92,1.6,35.5,9.8,Clear,N
2024-03-23,Chennai,32.1,C,81,1.6,7.0,8.9,Cloudy,N
24-03-2024,Chennai,30.2,C,36,0.8,19.6,9.1,Sunny,N
25-03-2024,Chennai,37.1,C,93,43.9,45.0,9.3,Thunderstorm,Y
26-03-2024,Chennai,37.2,C,34,0.1,15.7,0.6,Fog,N
27-03-2024,Chennai,32.5,,60,0.8,38.3,6.1,Cloudy,N
28-03-2024,Chennai,32.8,,44,0.7,13.4,6.0,Clear,N
2024-03-29,Chennai,29.4,,52,53.5,32.5,10.0,Thunderstorm,no
30-03-2024,Chennai,31.9,C,58,96.7,11.0,9.1,Thunderstorm,Y
2024-03-31,Chennai,85.2,,94,0.3,23.8,8.0,Cloudy,N
2024-04-01,Chennai,N/A,C,70,0.8,29.1,7.4,Clear,N
2024-04-02,Chennai,96.1,,90,1.4,33.4,7.3,Cloudy,N
03-04-2024,Chennai,30.5,,47,1.1,38.4,9.1,Sunny,N
04-04-2024,Chennai,28.3,C,54,0.8,37.5,11.0,Sunny,N
05-04-2024,Chennai,33.6,,45,1.0,10.3,9.4,Cloudy,N
2024-04-06,Chennai,36.4,,63,0.0,20.1,8.3,Sunny,N
2024-04-07,Chennai,25.6,C,,1.9,22.8,4.5,Clear,N
2024-04-08,Chennai,33.1,,82,0.2,13.3,10.7,Sunny,N
2024-04-09,Chennai,30.4,,35,0.7,12.3,7.9,Sunny,N
2024-04-10,Chennai,28.5,C,66,88.0,35.5,5.9,Thunderstorm,N
11-04-2024,Chennai,28.5,C,58,0.7,24.5,11.9,Clear,N
2024-04-12,Chennai,28.2,,94,99.4,38.9,9.3,Rain,N
2024-04-13,Chennai,30.3,,unknown,1.7,33.6,9.0,Cloudy,N
2024-04-14,Chennai,34.1,,61,1.1,40.6,5.8,Clear,N
2024-04-15,Chennai,94.5,F,60,0.5,23.4,8.7,Clear,N
16-04-2024,Chennai,28.6,C,87,1.0,15.9,11.0,Clear,N
2024-04-17,Chennai,36.3,C,96,1.9,6.4,2.4,Fog,N
18-04-2024,Chennai,36.6,C,46,90.9,3.4,11.0,Thunderstorm,Y
2024-04-19,Chennai,32.1,,43,0.9,12.8,2.5,Fog,N
2024-04-20,Chennai,30.3,C,72,44.7,17.7,4.4,Thunderstorm,N
21-04-2024,Chennai,31.2,,90,1.6,19.8,10.5,Cloudy,N
2024-04-22,Chennai,31.6,C,91,40.4,26.1,10.5,Rain,N
23-04-2024,Chennai,28.6,C,unknown,1.9,37.0,11.2,Cloudy,N
2024-04-24,Chennai,86.9,F,49,0.4,14.7,8.4,Clear,N
2024-04-25,Chennai,34.4,,76,1.1,10.8,6.0,Cloudy,N
26-04-2024,Chennai,35.5,C,90,1.6,20.9,9.5,Clear,N
27-04-2024,Chennai,35.1,C,56,0.9,43.6,10.9,Clear,N
28-04-2024,Chennai,30.7,C,47,0.9,22.6,3.0,Fog,N
29-04-2024,Chennai,27.7,,94,1.2,26.3,9.8,Clear,N
30-04-2024,Chennai,29.5,C,36,0.5,20.9,10.7,Sunny,N
01-05-2024,Chennai,35.0,C,84,1.8,40.7,1.3,Fog,N
02-05-2024,Chennai,25.8,,56,0.1,37.4,7.4,clear,N
2024-05-03,Chennai,32.0,,81,0.7,34.9,11.5,clear,N
05-05-2024,Chennai,82.3,,60,0.8,36.8,6.3,Cloudy,N
2024-05-06,Chennai,31.2,C,49,0.7,31.0,5.7,Cloudy,N
2024-05-07,Chennai,34.8,C,54,1.8,9.6,5.4,Sunny,N
08-05-2024,Chennai,38.5,C,71,0.9,38.0,7.8,Clear,N
2024-05-09,Chennai,26.8,,97,45.1,36.7,4.1,Heavy Rain,N
10-05-2024,Chennai,29.7,C,43,1.8,12.4,10.9,Clear,N
2024-05-11,Chennai,25.5,C,64,1.7,26.4,6.2,Cloudy,N
2024-05-12,Chennai,34.6,C,69,0.4,15.1,4.5,Cloudy,N
13-05-2024,Chennai,32.6,C,31,1.2,31.9,10.7,Sunny,N
2024-05-14,Chennai,33.1,,76,1.7,40.9,9.7,Cloudy,N
2024-05-15,Chennai,32.9,C,75,1.8,17.9,11.0,Cloudy,N
2024-05-16,Chennai,29.5,C,71,0.0,30.8,1.3,Fog,N
17-05-2024,Chennai,88.7,F,93,0.7,19.9,10.1,Cloudy,N
18-05-2024,Chennai,25.0,C,60,1.5,27.2,11.5,Cloudy,N
19-05-2024,Chennai,26.8,,,1.3,32.0,9.9,Clear,N
20-05-2024,Chennai,32.4,C,31,67.7,21.8,10.7,Thunderstorm,Y
2024-05-21,Chennai,79.4,F,76,0.7,41.8,1.9,Fog,N
2024-05-22,Chennai,27.4,C,57,0.1,13.3,4.8,Cloudy,N
2024-05-23,Chennai,27.0,C,35,17.4,-,5.6,Rain,no
2024-05-24,Chennai,31.9,,45,85.4,33.4,6.2,rain,N
2024-05-25,Chennai,30.5,C,34,1.9,6.6,7.7,clear,N
26-05-2024,Chennai,27.1,C,41,1.4,35.7,10.4,Clear,N
27-05-2024,Chennai,31.6,C,45,0.1,38.2,11.7,Clear,N
28-05-2024,Chennai,29.4,C,43,0.4,31.9,1.4,Fog,N
29-05-2024,Chennai,27.0,C,89,1.7,26.4,11.0,Sunny,N
30-05-2024,Chennai,27.4,C,76,85.9,15.5,10.4,Rain,yes
2024-05-31,Chennai,32.1,,74,0.9,41.4,4.1,Clear,N
01-06-2024,Chennai,77.4,F,49,0.3,30.2,6.6,clear,N
2024-06-02,Chennai,28.1,C,86,0.6,35.1,10.8,Cloudy,N
03-06-2024,Chennai,32.6,C,66,1.4,NA,9.8,Sunny,N
2024-06-04,Chennai,26.2,C,52,0.5,32.9,4.2,Clear,N
2024-06-05,Chennai,30.7,C,34,0.6,43.4,6.0,Cloudy,N
2024-06-06,Chennai,22.8,C,60,19.4,36.2,5.7,Heavy Rain,
2024-06-07,Chennai,23.5,C,44,0.5,24.3,6.3,Sunny,N
08-06-2024,Chennai,24.1,C,77,0.0,8.1,5.1,Sunny,N
2024-06-09,Chennai,26.5,,59,105.9,23.2,7.8,Heavy Rain,
10-06-2024,Chennai,23.2,C,69,1.6,15.9,7.0,CLEAR,N
11-06-2024,Chennai,26.3,C,51,0.0,N/A,6.2,CLEAR,N
2024-06-12,Chennai,26.8,C,32,74.0,27.1,6.6,Thunderstorm,Y
2024-06-13,Chennai,27.5,,66,41.2,16.1,4.9,Rain,yes
14-06-2024,Chennai,27.9,,48,103.2,34.8,7.6,Rain,no
2024-06-15,Chennai,23.2,C,83,1.3,28.2,8.0,Cloudy,N
16-06-2024,Chennai,27.7,,31,95.4,16.0,10.6,rain,yes
17-06-2024,Chennai,80.3,F,31,1.6,null,6.4,Clear,N
18-06-2024,Chennai,27.3,C,32,0.0,6.5,6.5,Sunny,N
19-06-2024,Chennai,25.6,C,60,1.4,39.4,9.6,Cloudy,N
20-06-2024,Chennai,30.5,,72,1.4,37.9,7.1,Cloudy,N
21-06-2024,Chennai,26.3,C,72,0.5,31.6,2.6,Fog,N
2024-06-22,Chennai,29.0,,82,0.5,25.6,1.6,Fog,N
23-06-2024,Chennai,23.4,C,45,0.4,6.5,0.7,Fog,N
2024-06-24,Chennai,28.6,C,50,61.8,12.5,11.3,Heavy Rain,N
25-06-2024,Chennai,27.0,C,52,0.7,3.1,12.0,Cloudy,N
26-06-2024,Chennai,70.1,,45,54.3,36.9,10.2,Rain,Y
2024-06-27,Chennai,23.7,C,29,1.8,34.3,11.5,Clear,N
2024-06-28,Chennai,26.6,C,34,1.6,null,5.3,CLEAR,N
29-06-2024,Chennai,19.5,C,89,1.3,19.6,4.2,Clear,N
30-06-2024,Chennai,21.6,C,77,1.2,43.6,11.6,CLEAR,N
01-07-2024,Chennai,28.3,C,40,80.3,27.1,5.8,Rain,no
2024-07-02,Chennai,75.6,,40,1.4,null,10.5,Clear,N
03-07-2024,Chennai,18.5,C,42,1.2,25.6,2.8,Fog,N
04-07-2024,Chennai,24.0,,85,0.2,5.1,7.5,Sunny,N
2024-07-05,Chennai,24.3,C,76,0.7,38.5,5.0,Clear,N
2024-07-06,Chennai,74.6,F,52,1.6,44.4,6.0,CLEAR,N
07-07-2024,Chennai,25.1,C,54,0.2,32.0,5.0,Cloudy,N
2024-07-08,Chennai,20.6,C,57,1.5,12.1,11.1,Cloudy,N
09-07-2024,Chennai,25.9,C,,68.7,13.6,6.5,Rain,no
2024-07-10,Chennai,unknown,F,59,36.6,22.7,6.2,Rain,Y
11-07-2024,Chennai,22.1,C,92,101.4,12.2,9.1,Rain,yes
2024-07-12,Chennai,19.6,C,88,0.8,9.0,9.7,Clear,N
13-07-2024,Chennai,19.6,C,67,1.6,34.4,7.6,Cloudy,N
14-07-2024,Chennai,24.0,C,70,51.1,12.5,8.7,Rain,N
2024-07-15,Chennai,20.8,,54,1.5,28.7,6.3,CLEAR,N
16-07-2024,Chennai,21.4,C,93,0.5,26.1,5.5,Clear,N
2024-07-18,Chennai,19.3,C,57,25.8,36.0,9.0,Heavy Rain,Y
19-07-2024,Chennai,15.1,C,51,0.1,5.6,8.4,Clear,N
2024-07-20,Chennai,20.1,C,49,0.6,26.3,2.5,Fog,N
21-07-2024,Chennai,18.8,C,68,2.0,25.9,7.3,Sunny,N
2024-07-22,Chennai,25.2,C,49,1.9,37.7,7.7,Sunny,N
2024-07-23,Chennai,16.6,C,31,0.8,2.6,9.6,clear,N
2024-07-24,Chennai,24.1,C,47,0.3,33.9,7.3,CLEAR,N
2024-07-25,Chennai,20.3,,53,19.7,6.9,8.0,Thunderstorm,N
2024-07-26,Chennai,19.9,C,78,0.9,38.9,10.5,Clear,N
27-07-2024,Chennai,27.9,C,69,0.5,28.0,6.3,Cloudy,N
28-07-2024,Chennai,18.9,C,48,1.1,13.7,9.1,clear,N
29-07-2024,Chennai,18.0,,51,1.3,22.0,4.4,Cloudy,N
30-07-2024,Chennai,22.1,,65,0.5,5.0,2.3,Fog,N
01-08-2024,Chennai,58.8,,82,1.4,43.8,4.4,Sunny,N
02-08-2024,Chennai,23.8,C,80,1.7,15.0,1.8,Fog,N
03-08-2024,Chennai,17.9,C,69,0.1,13.8,6.3,Clear,N
04-08-2024,Chennai,70.7,F,74,0.4,40.7,6.0,Cloudy,N
05-08-2024,Chennai,22.6,C,68,0.3,24.0,2.2,Fog,N
2024-08-06,Chennai,22.0,C,56,2.0,29.0,4.1,CLEAR,N
2024-08-07,Chennai,22.0,,28,1.2,27.3,5.0,Cloudy,N
2024-08-08,Chennai,19.7,C,83,1.1,10.9,1.7,Fog,N
2024-08-09,Chennai,17.7,,71,1.5,34.7,5.5,Clear,N
10-08-2024,Chennai,15.0,,85,0.7,16.2,5.9,Sunny,N
2024-08-11,Chennai,15.1,C,91,118.1,32.3,9.9,rain,Y
2024-08-12,Chennai,18.0,,95,39.3,22.2,5.0,Rain,N
13-08-2024,Chennai,23.2,,93,0.4,3.8,4.5,Cloudy,N
2024-08-14,Chennai,20.0,C,41,0.1,2.5,6.0,Sunny,N
15-08-2024,Chennai,22.9,,28,101.9,41.1,7.6,rain,no
2024-08-16,Chennai,21.1,C,75,1.0,35.3,6.4,Cloudy,N
17-08-2024,Chennai,14.4,,37,1.3,23.0,11.6,clear,N
18-08-2024,Chennai,23.2,C,91,1.3,35.0,8.9,CLEAR,N
2024-08-19,Chennai,63.1,F,88,1.6,-,10.3,Cloudy,N
2024-08-20,Chennai,14.2,C,47,1.4,11.6,7.8,Clear,N
2024-08-22,Chennai,74.2,F,87,0.3,28.0,5.3,clear,N
23-08-2024,Chennai,15.8,C,96,0.7,7.0,5.3,Clear,N
24-08-2024,Chennai,69.7,,87,94.8,27.0,10.5,rain,N
25-08-2024,Chennai,15.0,C,82,0.8,20.2,11.7,CLEAR,N
26-08-2024,Chennai,14.9,C,72,87.2,27.4,6.0,Rain,N
2024-08-27,Chennai,13.0,C,39,24.9,28.5,10.0,Heavy Rain,no
28-08-2024,Chennai,8.7,,55,1.2,20.0,6.9,Cloudy,N
2024-08-29,Chennai,16.1,C,85,0.5,3.1,4.7,clear,N
30-08-2024,Chennai,18.2,C,33,1.0,38.6,11.2,Clear,N
2024-08-31,Chennai,15.1,C,83,85.2,41.3,6.0,Rain,Y
01-09-2024,Chennai,20.9,,83,95.4,35.7,9.0,Heavy Rain,N
02-09-2024,Chennai,19.7,C,53,0.1,44.5,4.2,Cloudy,N
03-09-2024,Chennai,16.6,C,54,0.0,10.8,2.9,Fog,N
04-09-2024,Chennai,21.2,,32,1.5,26.9,2.2,Fog,N
2024-09-05,Chennai,20.3,C,46,27.0,39.2,4.2,Rain,
06-09-2024,Chennai,17.2,C,56,0.1,24.6,10.8,clear,N
07-09-2024,Chennai,66.2,F,50,1.7,38.9,4.2,Clear,N
2024-09-08,Chennai,11.0,C,85,62.8,9.4,10.3,rain,no
2024-09-09,Chennai,14.9,,28,1.3,9.6,9.9,Sunny,N
2024-09-10,Chennai,18.9,C,40,1.8,34.8,11.1,Clear,N
2024-09-11,Chennai,17.9,C,49,1.0,38.8,11.5,Clear,N
2024-09-12,Chennai,18.0,C,53,41.8,21.6,8.0,Thunderstorm,N
13-09-2024,Chennai,65.2,F,59,1.2,39.8,11.4,Cloudy,N
2024-09-14,Chennai,54.6,F,31,1.1,17.9,5.3,Clear,N
2024-09-15,Chennai,19.9,C,98,0.7,27.6,1.7,Fog,N
2024-09-17,Chennai,16.7,C,-,92.8,26.7,10.0,Thunderstorm,N
2024-09-18,Chennai,19.3,C,97,0.0,38.5,11.8,Clear,N
19-09-2024,Chennai,63.6,F,31,1.7,3.2,6.4,Clear,N
20-09-2024,Chennai,13.7,C,42,1.0,28.9,10.9,Clear,N
21-09-2024,Chennai,15.9,,87,28.8,7.2,6.6,Rain,
2024-09-22,Chennai,14.9,C,35,1.8,20.6,11.0,Clear,N
23-09-2024,Chennai,12.4,C,87,1.6,19.6,7.7,Sunny,N
24-09-2024,Chennai,14.0,C,40,0.8,2.0,5.1,clear,N
2024-09-25,Chennai,9.9,C,90,0.2,21.2,9.1,Cloudy,N
26-09-2024,Chennai,18.1,C,38,2.0,4.3,11.1,Sunny,N
27-09-2024,Chennai,15.4,,93,1.2,18.0,7.6,CLEAR,N
28-09-2024,Chennai,11.6,C,49,1.3,29.6,10.5,Clear,N
29-09-2024,Chennai,12.9,C,31,1.6,6.1,9.4,Sunny,N
30-09-2024,Chennai,20.0,,46,54.8,18.0,9.5,Rain,Y
2024-10-01,Chennai,17.4,C,83,0.6,37.3,8.1,Clear,N
2024-10-02,Chennai,15.0,C,79,1.5,42.1,8.9,Cloudy,N
2024-10-03,Chennai,16.5,C,76,0.8,41.5,4.2,Sunny,N
2024-10-04,Chennai,17.7,C,93,0.7,25.1,10.7,Cloudy,N
05-10-2024,Chennai,59.9,F,32,0.1,15.8,7.9,Clear,N
06-10-2024,Chennai,17.6,,77,1.3,28.9,6.9,Clear,N
2024-10-07,Chennai,16.8,,58,0.7,2.1,8.5,Cloudy,N
08-10-2024,Chennai,14.6,C,30,0.0,21.2,8.7,Sunny,N
09-10-2024,Chennai,14.8,C,94,1.5,2.3,6.7,Cloudy,N
10-10-2024,Chennai,13.2,C,51,0.4,40.9,10.7,Clear,N
11-10-2024,Chennai,15.8,C,29,1.3,17.4,7.2,Cloudy,N
12-10-2024,Chennai,15.1,C,69,92.7,13.0,7.5,rain,yes
2024-10-13,Chennai,15.3,C,96,1.4,12.7,5.5,Cloudy,N
14-10-2024,Chennai,18.8,C,67,0.4,23.3,11.4,Clear,N
15-10-2024,Chennai,16.9,C,67,0.3,32.2,1.4,Fog,N
2024-10-16,Chennai,13.3,C,96,17.1,11.3,10.5,Thunderstorm,N
2024-10-17,Chennai,15.9,C,48,0.6,31.0,9.8,Cloudy,N
2024-10-18,Chennai,14.3,,92,0.9,14.5,1.5,Fog,N
19-10-2024,Chennai,63.2,F,60,0.3,24.1,5.5,Clear,N
2024-10-20,Chennai,17.8,,85,0.4,33.3,11.8,CLEAR,N
21-10-2024,Chennai,16.6,C,49,74.4,6.5,10.3,Rain,yes
2024-10-22,Chennai,22.7,C,91,1.1,44.9,4.4,Cloudy,N
23-10-2024,Chennai,11.3,,44,44.0,39.6,9.1,Heavy Rain,N
24-10-2024,Chennai,13.5,C,34,1.2,5.6,10.8,Clear,N
25-10-2024,Chennai,24.4,C,34,1.0,13.5,11.9,Sunny,N
26-10-2024,Chennai,13.6,C,31,0.5,21.1,9.6,Sunny,N
27-10-2024,Chennai,19.3,C,38,0.0,10.3,9.4,Cloudy,N
28-10-2024,Chennai,13.0,,41,1.8,17.1,1.5,Fog,N
29-10-2024,Chennai,13.7,,89,0.8,12.4,8.3,Clear,N
30-10-2024,Chennai,62.7,F,31,0.6,26.1,8.9,Clear,N
31-10-2024,Chennai,15.7,C,  ,0.9,5.5,5.0,Clear,N
2024-11-01,Chennai,17.3,C,86,36.7,23.4,6.6,Heavy Rain,N
02-11-2024,Chennai,14.4,C,86,1.3,14.6,5.4,Cloudy,N
03-11-2024,Chennai,12.7,C,93,0.7,15.4,4.4,Clear,N
04-11-2024,Chennai,14.0,C,42,0.0,14.4,10.9,Clear,N
05-11-2024,Chennai,20.1,C,78,1.7,19.5,7.0,Sunny,N
06-11-2024,Chennai,19.7,C,84,0.6,32.8,9.7,Sunny,N
2024-11-07,Chennai,17.9,C,unknown,1.8,34.7,1.7,Fog,N
08-11-2024,Chennai,20.4,,71,1.5,16.8,10.0,Cloudy,N
10-11-2024,Chennai,65.5,F,53,113.1,29.7,9.0,Thunderstorm,N
11-11-2024,Chennai,14.6,,73,39.1,25.5,10.6,Rain,yes
12-11-2024,Chennai,12.3,C,79,55.8,35.6,4.9,rain,no
2024-11-13,Chennai,19.1,C,57,1.8,37.0,11.2,Clear,N
14-11-2024,Chennai,16.7,C,78,0.7,31.0,8.1,Cloudy,N
2024-11-15,Chennai,18.9,,84,8.1,25.9,11.5,Thunderstorm,Y
2024-11-16,Chennai,13.5,,38,1.1,17.6,10.0,Cloudy,N
2024-11-17,Chennai,18.3,C,77,23.2,12.8,8.1,Thunderstorm,no
18-11-2024,Chennai,27.5,C,70,1.1,8.3,9.1,Cloudy,N
19-11-2024,Chennai,22.1,C,91,1.6,44.9,11.0,Cloudy,N
20-11-2024,Chennai,67.2,,90,95.6,11.1,8.8,Rain,N
2024-11-21,Chennai,16.7,C,94,39.0,41.0,11.7,Heavy Rain,
2024-11-22,Chennai,18.7,C,95,0.6,18.9,4.3,Sunny,N
2024-11-23,Chennai,-,C,61,0.3,23.9,1.1,Fog,N
24-11-2024,Chennai,21.7,C,79,0.4,12.6,8.4,Cloudy,N
2024-11-25,Chennai,10.7,C,49,2.0,16.3,6.9,Clear,N
26-11-2024,Chennai,17.5,,44,1.3,19.4,5.8,Clear,N
27-11-2024,Chennai,14.4,,74,73.0,15.8,9.4,Heavy Rain,
28-11-2024,Chennai,18.8,C,45,0.7,43.4,6.4,Sunny,N
2024-11-29,Chennai,25.2,,58,1.8,25.3,7.3,clear,N
30-11-2024,Chennai,19.2,,34,0.9,24.3,11.1,Cloudy,N
2024-12-01,Chennai,23.0,C,53,0.4,11.0,9.0,Clear,N
2024-12-02,Chennai,18.0,C,92,55.0,24.3,9.3,rain,N
03-12-2024,Chennai,63.3,F,41,80.1,26.0,7.3,rain,Y
2024-12-04,Chennai,73.3,F,60,99.9,28.6,5.1,Rain,yes
06-12-2024,Chennai,18.7,C,47,0.2,40.8,2.8,Fog,N
2024-12-07,Chennai,22.2,C,52,1.5,19.7,9.7,clear,N
2024-12-08,Chennai,18.3,C,68,1.2,19.8,4.6,CLEAR,N
09-12-2024,Chennai,19.6,C,42,1.2,12.2,4.9,Sunny,N
10-12-2024,Chennai,68.2,F,66,0.5,38.1,10.2,Cloudy,N
11-12-2024,Chennai,18.8,C,52,1.6,10.0,5.5,Sunny,N
12-12-2024,Chennai,19.4,C,36,91.2,6.9,11.5,rain,N
2024-12-13,Chennai,17.3,C,86,0.2,38.3,11.0,Clear,N
14-12-2024,Chennai,21.3,C,51,75.2,42.5,7.4,Rain,no
2024-12-15,Chennai,24.0,,46,0.5,34.7,5.3,Clear,N
16-12-2024,Chennai,21.3,C,68,0.7,18.0,7.9,Cloudy,N
17-12-2024,Chennai,20.3,C,38,0.1,22.6,9.2,Cloudy,N
18-12-2024,Chennai,69.6,F,33,0.0,24.8,9.1,Clear,N
19-12-2024,Chennai,23.4,,87,1.3,27.7,10.0,Cloudy,N
20-12-2024,Chennai,26.5,C,90,74.0,3.5,6.1,Rain,
21-12-2024,Chennai,18.4,C,80,1.5,10.4,6.9,Cloudy,N
2024-12-23,Chennai,19.8,,86,0.3,22.5,8.2,clear,N
2024-12-24,Chennai,N/A,C,62,1.2,42.8,6.4,Sunny,N
2024-12-25,Chennai,73.6,,93,68.6,41.0,7.9,Rain,N
2024-12-26,Chennai,23.7,C,40,1.8,37.5,6.6,Cloudy,N
27-12-2024,Chennai,25.9,C,39,0.7,43.0,6.7,clear,N
28-12-2024,Chennai,22.4,C,47,0.4,8.2,5.0,CLEAR,N
2024-12-29,Chennai,21.5,C,80,38.3,19.7,4.5,Heavy Rain,N
30-12-2024,Chennai,21.4,,43,1.7,20.3,11.3,Cloudy,N
2024-12-31,Chennai,28.9,C,87,1.6,26.9,7.2,Clear,N
01-01-2025,Chennai,29.4,C,63,1.4,26.1,10.5,CLEAR,N
02-01-2025,Chennai,19.3,C,37,1.4,20.5,6.6,Sunny,N
03-01-2025,Chennai,25.4,,80,73.2,32.4,4.4,rain,no
2025-01-04,Chennai,74.8,F,30,1.9,26.7,9.8,Clear,N
2025-01-05,Chennai,23.4,C,44,1.7,14.6,10.2,Clear,N
06-01-2025,Chennai,22.3,C,96,69.5,43.3,7.7,Rain,no
07-01-2025,Chennai,22.5,C,71,54.8,8.9,6.5,Thunderstorm,N
2025-01-08,Chennai,29.1,C,95,0.9,6.5,6.4,clear,N
09-01-2025,Chennai,76.3,F,33,0.1,27.4,9.8,CLEAR,N
10-01-2025,Chennai,29.8,C,29,0.9,31.3,4.9,Cloudy,N
11-01-2025,Chennai,21.4,C,43,1.4,16.6,6.1,clear,N
2025-01-12,Chennai,24.3,C,34,10.7,5.8,9.1,Rain,N
13-01-2025,Chennai,26.1,C,88,0.4,18.1,10.0,Cloudy,N
2025-01-14,Chennai,25.8,C,89,1.7,19.0,10.1,Clear,N
2025-01-15,Chennai,26.8,,87,1.9,38.9,11.2,Clear,N
2025-01-16,Chennai,26.0,C,37,104.3,13.7,4.4,Rain,N
17-01-2025,Chennai,26.8,C,83,1.4,30.6,7.5,Clear,N
18-01-2025,Chennai,25.3,,63,0.6,19.9,11.1,Clear,N
19-01-2025,Chennai,81.4,,75,0.8,23.7,6.3,Clear,N
2025-01-20,Chennai,28.2,C,43,19.1,21.0,5.7,Heavy Rain,Y
2025-01-21,Chennai,30.4,C,64,1.8,5.8,5.4,Sunny,N
22-01-2025,Chennai,78.9,F,59,0.8,23.9,7.6,Clear,N
2025-01-23,Chennai,,C,50,1.0,5.9,9.2,Sunny,N
2025-01-24,Chennai,78.9,F,42,1.9,11.5,4.8,CLEAR,N
2025-01-25,Chennai,25.5,C,42,24.9,24.8,11.6,Heavy Rain,N
26-01-2025,Chennai,29.8,C,30,0.8,28.2,8.1,CLEAR,N
27-01-2025,Chennai,22.6,C,68,1.3,8.1,4.3,Clear,N
2025-01-28,Chennai,24.1,C,66,19.8,13.0,4.8,rain,N
2025-01-29,Chennai,26.9,C,63,44.2,29.2,6.6,Heavy Rain,N
30-01-2025,Chennai,30.6,C,49,104.9,8.2,5.4,Rain,yes
2025-01-31,Chennai,21.0,C,78,0.7,34.6,6.7,Clear,N
01-02-2025,Chennai,27.8,C,44,0.0,27.2,2.2,Fog,N
2025-02-02,Chennai,78.4,F,89,74.5,7.2,4.9,Rain,no
03-02-2025,Chennai,22.3,,69,0.3,35.6,8.0,Cloudy,N
04-02-2025,Chennai,26.0,C,83,1.9,22.1,9.9,Cloudy,N
2025-02-05,Chennai,26.8,C,54,1.8,43.8,1.4,Fog,N
2025-02-06,Chennai,24.6,C,73,16.7,39.3,9.3,rain,N
07-02-2025,Chennai,30.1,C,39,22.1,24.5,7.3,Rain,Y
08-02-2025,Chennai,79.2,F,88,1.4,30.7,4.8,Sunny,N
09-02-2025,Chennai,28.1,,61,0.5,7.4,6.2,Cloudy,N
2025-02-10,Chennai,34.0,C,90,82.5,18.7,4.0,Rain,N
11-02-2025,Chennai,31.4,C,84,1.1,18.9,10.0,CLEAR,N
12-02-2025,Chennai,30.3,,N/A,1.0,12.0,4.1,Cloudy,N
13-02-2025,Chennai,85.5,F,77,0.5,30.6,10.8,Clear,N
14-02-2025,Chennai,28.9,C,41,45.0,22.2,11.5,Rain,
15-02-2025,Chennai,32.2,C,41,0.0,6.4,5.2,Cloudy,N
16-02-2025,Chennai,28.8,C,74,0.3,41.8,4.4,Clear,N
2025-02-17,Chennai,86.5,,31,0.4,34.7,7.5,Clear,N
2025-02-18,Chennai,28.0,C,53,0.4,20.1,5.4,Cloudy,N
19-02-2025,Chennai,23.3,,33,1.2,17.4,10.9,Clear,N
2025-02-20,Chennai,37.2,,74,1.7,43.6,12.0,clear,N
2025-02-21,Chennai,N/A,C,61,41.8,35.5,11.2,Heavy Rain,yes
2025-02-23,Chennai,31.2,C,42,0.7,44.2,11.4,clear,N
2025-02-24,Chennai,30.7,C,54,0.6,16.8,5.5,clear,N
2025-02-25,Chennai,null,,83,108.5,16.7,6.9,rain,N
2025-02-26,Chennai,25.3,,52,0.8,18.3,8.0,clear,N
2025-02-27,Chennai,28.5,C,51,98.7,11.6,10.8,Rain,N
2025-02-28,Chennai,30.4,C,94,1.8,8.6,8.7,Clear,N
01-03-2025,Chennai,36.7,C,84,1.2,3.6,9.6,Clear,N
2025-03-02,Chennai,27.9,C,86,0.7,unknown,5.8,Cloudy,N
2025-03-03,Chennai,36.9,,40,89.0,21.7,10.7,Thunderstorm,N
04-03-2025,Chennai,29.5,,65,1.1,21.8,2.5,Fog,N
05-03-2025,Chennai,34.0,C,78,40.2,14.6,8.8,Thunderstorm,Y
06-03-2025,Chennai,30.0,,42,1.4,24.2,10.7,Cloudy,N
2025-03-07,Chennai,93.0,,68,71.9,37.0,7.9,Rain,N
2025-03-08,Chennai,34.4,,88,0.1,41.9,7.1,Clear,N
2025-03-09,Chennai,29.0,,29,1.0,41.5,6.2,Sunny,N
2025-03-10,Chennai,34.2,,89,7.3,3.9,7.2,Thunderstorm,N
11-03-2025,Chennai,28.9,,86,1.0,4.9,6.2,Clear,N
2025-03-12,Chennai,31.6,C,32,0.6,10.4,10.4,Clear,N
2025-03-13,Chennai,94.1,F,94,0.8,8.4,9.2,Clear,N
2025-03-14,Chennai,30.2,C,48,0.8,44.3,6.7,Sunny,N
2025-03-15,Chennai,27.8,,98,42.3,21.6,6.6,Rain,Y
2025-03-16,Chennai,33.9,,54,26.6,37.5,7.7,Heavy Rain,yes
2025-03-17,Chennai,30.1,,37,0.8,11.2,6.9,Clear,N
2025-03-18,Chennai,34.4,C,87,0.3,10.6,9.3,Clear,N
19-03-2025,Chennai,32.5,C,29,1.9,2.5,6.7,Sunny,N
2025-03-20,Chennai,28.7,,94,0.8,35.0,8.2,Sunny,N
21-03-2025,Chennai,28.1,C,28,99.1,40.3,4.9,Thunderstorm,N
2025-03-22,Chennai,32.6,C,64,105.0,33.7,9.8,Heavy Rain,yes
23-03-2025,Chennai,32.4,C,48,0.1,27.6,7.2,Clear,N
2025-03-24,Chennai,25.9,C,40,0.7,33.3,10.7,clear,N
25-03-2025,Chennai,92.4,F,83,0.8,30.0,10.9,Clear,N
2025-03-26,Chennai,32.2,C,38,0.9,12.9,11.2,Clear,N
2025-03-27,Chennai,29.3,C,30,1.3,13.1,8.1,Sunny,N
2025-03-28,Chennai,26.7,C,38,66.7,40.9,8.3,Heavy Rain,N
2025-03-29,Chennai,88.3,,72,1.9,39.0,8.9,Cloudy,N
30-03-2025,Chennai,31.0,,91,1.9,9.2,7.1,Clear,N
31-03-2025,Chennai,100.2,,95,1.3,34.7,4.1,Cloudy,N
2025-04-01,Chennai,30.1,,50,1.3,10.8,10.8,Clear,N
2025-04-02,Chennai,28.1,C,39,1.9,25.7,11.4,Cloudy,N
03-04-2025,Chennai,31.4,C,64,1.3,15.7,11.3,Cloudy,N
04-04-2025,Chennai,34.6,,38,1.4,32.6,11.0,Cloudy,N
2025-04-05,Chennai,29.0,C,70,1.2,24.9,9.1,Cloudy,N
06-04-2025,Chennai,31.5,C,54,0.7,34.2,7.7,CLEAR,N
2025-04-07,Chennai,30.3,C,77,35.0,15.8,4.5,Rain,N
08-04-2025,Chennai,32.1,,40,113.8,24.4,6.8,Thunderstorm,N
09-04-2025,Chennai,33.2,C,82,101.6,9.0,9.7,Thunderstorm,yes
2025-04-10,Chennai,30.0,C,38,0.5,4.5,1.0,Fog,N
11-04-2025,Chennai,34.0,C,70,60.9,7.1,6.2,Thunderstorm,yes
12-04-2025,Chennai,32.5,C,78,0.2,30.9,6.7,Clear,N
2025-04-13,Chennai,NA,C,53,1.8,35.1,8.1,Clear,N
2025-04-14,Chennai,88.9,,62,1.5,37.0,11.1,Clear,N
15-04-2025,Chennai,35.9,C,54,1.5,27.8,9.0,CLEAR,N
2025-04-16,Chennai,33.6,,-,1.2,24.2,8.2,Clear,N
17-04-2025,Chennai,31.0,C,67,1.0,23.0,9.0,Clear,N
18-04-2025,Chennai,33.9,C,76,0.4,30.8,4.7,Cloudy,N
2025-04-19,Chennai,89.3,F,39,0.4,32.4,4.6,Sunny,N
2025-04-20,Chennai,N/A,,78,1.7,10.0,4.6,Cloudy,N
2025-04-21,Chennai,21.6,C,62,78.1,21.2,7.3,Thunderstorm,N
2025-04-22,Chennai,30.4,,55,1.1,24.8,0.7,Fog,N
23-04-2025,Chennai,31.9,C,71,1.5,7.9,9.7,clear,N
2025-04-24,Chennai,31.2,C,91,0.0,8.8,10.3,CLEAR,N
25-04-2025,Chennai,27.6,C,85,0.6,14.8,10.3,Cloudy,N
2025-04-26,Chennai,32.4,C,42,19.5,27.5,4.8,Thunderstorm,N
27-04-2025,Chennai,30.3,C,51,13.8,24.6,8.5,Rain,Y
28-04-2025,Chennai,28.0,,86,10.2,4.5,7.0,Heavy Rain,
29-04-2025,Chennai,33.6,C,85,1.7,6.0,0.7,Fog,N
30-04-2025,Chennai,36.0,C,68,2.0,  ,4.1,Cloudy,N
2025-05-01,Chennai,93.9,F,59,1.2,24.2,8.5,Cloudy,N
02-05-2025,Chennai,29.0,,61,1.0,23.5,5.0,Clear,N
03-05-2025,Chennai,31.8,,84,1.3,24.8,7.1,Cloudy,N
04-05-2025,Chennai,80.3,F,54,0.8,10.2,5.9,CLEAR,N
2025-05-05,Chennai,31.0,C,49,1.8,38.8,4.0,Clear,N
06-05-2025,Chennai,36.8,C,55,112.7,3.0,6.5,Rain,N
07-05-2025,Chennai,29.2,C,49,23.8,4.9,9.8,Thunderstorm,no
08-05-2025,Chennai,31.2,C,NA,1.4,33.1,5.9,Clear,N
2025-05-09,Chennai,30.4,,66,64.3,29.7,11.6,Rain,Y
2025-05-10,Chennai,33.4,C,73,84.4,35.9,9.0,Thunderstorm,N
2025-05-11,Chennai,35.8,C,87,106.5,36.1,7.2,Thunderstorm,N
2025-05-12,Chennai,33.8,C,54,0.5,22.2,8.7,Cloudy,N
13-05-2025,Chennai,32.0,C,68,0.8,29.1,10.9,Cloudy,N
14-05-2025,Chennai,75.5,,39,79.9,26.2,10.3,Rain,N
15-05-2025,Chennai,25.1,C,41,0.9,12.4,11.9,Clear,N
16-05-2025,Chennai,28.0,C,62,1.2,9.8,10.5,Cloudy,N
17-05-2025,Chennai,30.1,C,84,1.6,27.1,8.8,Cloudy,N
2025-05-18,Chennai,28.4,C,71,1.3,31.8,7.7,Sunny,N
2025-05-19,Chennai,85.0,F,28,0.2,13.4,8.8,Clear,N
2025-05-20,Chennai,26.5,C,87,1.0,-,4.8,Sunny,N
21-05-2025,Chennai,33.6,C,29,0.5,28.0,9.8,Clear,N
22-05-2025,Chennai,26.4,C,72,0.4,35.3,4.0,Clear,N
23-05-2025,Chennai,28.9,C,65,1.7,19.5,1.0,Fog,N
2025-05-24,Chennai,28.8,,47,0.1,N/A,11.9,Cloudy,N
2025-05-25,Chennai,31.4,C,86,0.8,25.1,10.4,Cloudy,N
26-05-2025,Chennai,-,,62,1.9,33.7,9.2,Cloudy,N
27-05-2025,Chennai,31.7,C,42,50.4,10.6,11.7,Rain,N
2025-05-28,Chennai,31.6,C,82,0.6,16.9,10.0,Sunny,N
29-05-2025,Chennai,29.7,C,38,0.6,14.3,7.0,clear,N
2025-05-30,Chennai,31.3,C,87,1.6,26.7,5.7,Clear,N
31-05-2025,Chennai,27.9,C,63,0.6,22.3,9.4,Sunny,N
01-06-2025,Chennai,29.8,C,29,0.4,10.4,11.9,Cloudy,N
2025-06-03,Chennai,19.2,C,31,1.8,14.9,10.3,Clear,N
2025-06-04,Chennai,30.5,C,70,15.0,2.0,9.9,Rain,yes
2025-06-05,Chennai,88.4,F,60,88.9,16.8,7.5,Thunderstorm,yes
2025-06-06,Chennai,25.1,C,64,1.9,43.9,5.8,Clear,N
07-06-2025,Chennai,30.7,,33,37.8,31.6,5.0,Heavy Rain,N
08-06-2025,Chennai,24.6,C,70,1.9,34.2,2.9,Fog,N
2025-06-09,Chennai,27.1,C,59,59.3,11.5,6.9,rain,no
10-06-2025,Chennai,25.9,C,30,0.9,30.4,8.4,CLEAR,N
11-06-2025,Chennai,28.9,C,30,1.5,24.6,6.5,Clear,N
12-06-2025,Chennai,26.7,,86,1.7,37.5,4.3,Sunny,N
13-06-2025,Chennai,26.1,C,58,1.4,35.0,11.1,Sunny,N
2025-06-14,Chennai,78.0,F,78,0.0,2.3,10.2,Clear,N
2025-06-15,Chennai,26.7,C,52,0.5,33.9,0.7,Fog,N
2025-06-16,Chennai,23.0,C,28,25.8,18.7,5.7,Heavy Rain,
17-06-2025,Chennai,23.5,C,50,2.0,35.3,11.0,Sunny,N
2025-06-18,Chennai,24.9,C,46,46.4,11.6,11.6,Rain,yes
2025-06-19,Chennai,26.9,,75,37.1,37.8,9.8,Rain,no
20-06-2025,Chennai,25.2,C,49,1.1,3.6,6.9,Clear,N
21-06-2025,Chennai,23.2,,59,0.0,5.3,11.6,clear,N
22-06-2025,Chennai,unknown,C,92,1.7,18.5,10.3,Cloudy,N
23-06-2025,Chennai,24.9,C,29,1.5,32.4,8.4,Cloudy,N
2025-06-24,Chennai,70.7,F,39,17.6,36.7,6.5,Rain,N
2025-06-25,Chennai,81.6,,48,1.2,7.2,0.7,Fog,N
26-06-2025,Chennai,21.1,C,unknown,25.1,13.4,4.2,Rain,no
2025-06-27,Chennai,75.3,F,41,0.5,27.1,8.3,Clear,N
28-06-2025,Chennai,23.8,C,46,1.3,26.0,2.7,Fog,N
29-06-2025,Chennai,23.3,C,71,1.2,8.3,9.4,Cloudy,N
30-06-2025,Chennai,24.0,C,56,2.0,35.7,11.4,Cloudy,N
01-07-2025,Chennai,23.0,C,84,61.9,23.5,8.8,rain,
01-01-2024,Coimbatore,19.6,,57,1.3,16.7,8.0,Clear,N
02-01-2024,Coimbatore,-,,51,62.3,15.8,11.8,Rain,Y
2024-01-03,Coimbatore,24.8,C,82,117.5,25.2,4.4,Heavy Rain,N
04-01-2024,Coimbatore,26.8,,74,1.6,38.6,10.2,Sunny,N
05-01-2024,Coimbatore,28.4,,46,0.1,33.7,5.6,Clear,N
06-01-2024,Coimbatore,22.9,,86,19.8,43.7,4.4,Thunderstorm,N
07-01-2024,Coimbatore,28.1,C,80,1.7,41.3,6.9,Clear,N
08-01-2024,Coimbatore,18.2,C,,1.9,2.7,5.7,clear,N
2024-01-09,Coimbatore,25.1,C,89,0.9,41.0,9.0,Cloudy,N
10-01-2024,Coimbatore,25.4,C,49,0.3,18.0,7.2,Cloudy,N
2024-01-11,Coimbatore,25.0,C,91,1.0,44.5,10.4,Clear,N
12-01-2024,Coimbatore,78.7,F,83,107.9,35.9,9.8,Rain,N
13-01-2024,Coimbatore,73.6,F,94,36.2,14.3,11.9,Rain,no
14-01-2024,Coimbatore,87.2,F,88,0.3,40.0,7.6,Cloudy,N
15-01-2024,Coimbatore,26.2,C,57,74.7,33.3,9.6,Rain,yes
16-01-2024,Coimbatore,77.4,,95,0.6,16.8,6.5,Sunny,N
2024-01-17,Coimbatore,25.0,C,32,2.0,31.3,11.5,Clear,N
18-01-2024,Coimbatore,24.5,C,54,0.5,30.4,2.6,Fog,N
19-01-2024,Coimbatore,23.9,,65,0.6,37.2,8.6,Cloudy,N
2024-01-20,Coimbatore,22.3,,47,0.4,17.8,6.5,Sunny,N
2024-01-21,Coimbatore,29.1,C,39,44.6,29.9,7.4,Heavy Rain,Y
2024-01-23,Coimbatore,26.5,C,68,73.6,40.9,8.9,Rain,Y
2024-01-24,Coimbatore,26.9,,  ,29.2,2.4,5.3,rain,no
2024-01-25,Coimbatore,32.0,C,80,1.5,18.8,2.8,Fog,N
26-01-2024,Coimbatore,25.7,,55,60.9,3.8,7.1,Heavy Rain,N
27-01-2024,Coimbatore,82.6,,39,19.5,39.0,8.5,Heavy Rain,N
2024-01-28,Coimbatore,76.1,F,58,0.8,13.6,6.0,Cloudy,N
29-01-2024,Coimbatore,32.6,C,40,0.2,30.9,10.0,Clear,N
30-01-2024,Coimbatore,25.0,,48,1.7,7.1,5.9,clear,N
31-01-2024,Coimbatore,88.7,F,71,103.3,5.9,4.6,Rain,
01-02-2024,Coimbatore,30.1,,46,43.9,unknown,11.4,Thunderstorm,Y
2024-02-02,Coimbatore,30.2,C,68,0.2,9.9,10.1,Cloudy,N
03-02-2024,Coimbatore,32.9,C,75,40.2,42.8,10.4,Rain,no
2024-02-04,Coimbatore,30.8,C,43,1.7,27.2,11.8,Cloudy,N
2024-02-05,Coimbatore,72.3,F,28,0.4,32.4,9.0,Clear,N
2024-02-06,Coimbatore,31.5,C,65,0.3,20.2,11.8,Sunny,N
2024-02-07,Coimbatore,26.6,C,84,1.8,2.1,8.8,CLEAR,N
08-02-2024,Coimbatore,30.8,,62,0.7,26.9,4.6,Cloudy,N
2024-02-10,Coimbatore,24.3,C,53,0.9,31.8,9.8,Clear,N
11-02-2024,Coimbatore,29.8,,31,0.5,28.6,11.2,Sunny,N
12-02-2024,Coimbatore,33.4,,75,1.2,38.9,5.9,Cloudy,N
13-02-2024,Coimbatore,36.8,C,58,93.9,43.7,8.0,Heavy Rain,
2024-02-14,Coimbatore,83.6,F,45,1.8,43.8,11.1,CLEAR,N
2024-02-15,Coimbatore,24.9,,54,0.3,23.2,6.0,clear,N
16-02-2024,Coimbatore,29.5,,90,1.2,30.7,2.8,Fog,N
17-02-2024,Coimbatore,21.9,C,81,105.2,43.3,9.3,Rain,N
2024-02-18,Coimbatore,33.1,C,98,1.8,33.1,11.2,Clear,N
2024-02-19,Coimbatore,31.0,C,82,61.7,26.7,6.7,Rain,N
2024-02-20,Coimbatore,31.1,C,41,0.1,34.8,8.4,Clear,N
21-02-2024,Coimbatore,31.4,C,50,119.3,23.5,4.6,Heavy Rain,N
2024-02-22,Coimbatore,27.6,C,77,2.0,40.3,4.2,Clear,N
23-02-2024,Coimbatore,30.7,,85,0.7,33.2,11.9,Clear,N
24-02-2024,Coimbatore,90.6,,80,83.8,20.9,9.6,Thunderstorm,N
25-02-2024,Coimbatore,27.0,C,81,1.5,22.6,8.3,Clear,N
2024-02-26,Coimbatore,37.4,C,53,0.6,32.0,10.7,Clear,N
27-02-2024,Coimbatore,30.8,C,90,0.2,37.8,2.3,Fog,N
2024-02-29,Coimbatore,30.8,C,68,57.0,6.5,7.6,Rain,yes
2024-03-01,Coimbatore,29.8,C,  ,0.8,33.9,11.3,Cloudy,N
2024-03-02,Coimbatore,83.9,F,81,1.8,41.3,5.2,Clear,N
2024-03-03,Coimbatore,29.9,C,96,20.2,13.7,9.2,Rain,Y
2024-03-04,Coimbatore,32.3,C,88,1.1,39.5,11.4,Sunny,N
2024-03-05,Coimbatore,35.1,C,64,38.1,10.7,6.8,Rain,yes
2024-03-06,Coimbatore,29.4,C,38,0.3,30.1,4.2,Cloudy,N
07-03-2024,Coimbatore,32.8,,55,0.6,25.3,10.6,Clear,N
2024-03-08,Coimbatore,30.3,C,91,0.3,39.4,7.7,CLEAR,N
09-03-2024,Coimbatore,33.5,C,43,0.7,15.2,6.5,Clear,N
10-03-2024,Coimbatore,28.0,,61,109.3,32.2,4.3,Rain,N
2024-03-11,Coimbatore,36.1,C,87,1.5,21.3,10.5,Sunny,N
2024-03-12,Coimbatore,31.2,C,38,0.4,26.4,5.6,Clear,N
2024-03-13,Coimbatore,32.0,C,46,0.7,6.2,6.5,clear,N
14-03-2024,Coimbatore,31.3,C,57,1.3,34.1,9.4,Clear,N
2024-03-15,Coimbatore,33.2,C,96,86.2,7.9,10.5,Rain,N
16-03-2024,Coimbatore,31.2,C,82,20.0,42.0,5.3,Rain,N
2024-03-17,Coimbatore,32.2,,85,0.0,9.0,6.8,Clear,N
18-03-2024,Coimbatore,30.8,C,85,1.2,8.6,10.5,Clear,N
2024-03-19,Coimbatore,33.4,C,35,0.5,36.6,9.5,clear,N
21-03-2024,Coimbatore,31.0,C,90,106.0,34.1,9.0,rain,N
2024-03-23,Coimbatore,31.1,C,73,13.1,21.8,4.8,Thunderstorm,yes
24-03-2024,Coimbatore,32.5,C,89,1.6,23.2,5.5,Clear,N
2024-03-25,Coimbatore,29.1,,30,19.5,11.1,9.4,Rain,N
2024-03-26,Coimbatore,29.6,C,69,0.5,44.3,10.9,Clear,N
27-03-2024,Coimbatore,97.3,,29,0.7,3.7,0.4,Fog,N
2024-03-28,Coimbatore,36.3,C,76,111.0,26.7,7.5,Thunderstorm,N
2024-03-29,Coimbatore,26.1,C,48,0.0,22.2,10.3,Cloudy,N
30-03-2024,Coimbatore,31.2,C,92,0.6,9.8,4.8,Cloudy,N
31-03-2024,Coimbatore,34.5,,95,0.1,34.9,6.1,Sunny,N
2024-04-01,Coimbatore,32.5,C,49,1.6,25.2,10.5,Cloudy,N
2024-04-02,Coimbatore,32.5,C,67,1.0,28.5,1.5,Fog,N
2024-04-03,Coimbatore,32.6,C,29,89.6,28.0,10.1,rain,yes
2024-04-05,Coimbatore,33.6,C,91,1.7,20.2,6.3,Clear,N
06-04-2024,Coimbatore,34.0,C,33,0.7,19.1,9.2,Clear,N
2024-04-07,Coimbatore,30.9,C,57,86.8,5.8,6.7,Thunderstorm,yes
08-04-2024,Coimbatore,29.7,C,56,44.6,31.8,9.2,Rain,
09-04-2024,Coimbatore,36.6,,35,1.5,35.9,8.6,Clear,N
10-04-2024,Coimbatore,33.3,C,46,1.6,42.8,4.6,Clear,N
11-04-2024,Coimbatore,34.5,C,67,9.6,33.6,10.6,Heavy Rain,Y
12-04-2024,Coimbatore,27.5,,68,0.0,25.3,5.8,clear,N
13-04-2024,Coimbatore,31.7,C,69,82.9,8.7,4.8,Heavy Rain,Y
2024-04-14,Coimbatore,28.8,,83,0.1,22.9,7.3,Cloudy,N
15-04-2024,Coimbatore,94.6,F,NA,53.0,14.0,9.1,Thunderstorm,no
2024-04-16,Coimbatore,29.8,C,51,1.0,35.4,10.7,Cloudy,N
17-04-2024,Coimbatore,34.8,,46,0.5,7.2,8.3,Clear,N
18-04-2024,Coimbatore,  ,,93,0.7,35.2,6.3,Clear,N
19-04-2024,Coimbatore,30.9,C,73,1.2,16.6,7.5,Sunny,N
21-04-2024,Coimbatore,26.6,,51,1.0,27.3,6.4,Clear,N
22-04-2024,Coimbatore,30.6,C,51,116.2,35.4,8.8,Rain,no
2024-04-23,Coimbatore,28.1,C,33,1.2,41.3,10.1,Cloudy,N
24-04-2024,Coimbatore,31.0,C,92,1.9,28.9,6.5,Cloudy,N
26-04-2024,Coimbatore,28.3,C,95,0.4,39.9,8.8,Sunny,N
27-04-2024,Coimbatore,33.9,,48,85.8,20.3,7.1,Thunderstorm,N
2024-04-28,Coimbatore,90.3,F,80,1.4,22.2,7.8,Clear,N
2024-04-29,Coimbatore,34.2,C,81,97.7,4.2,7.8,Heavy Rain,yes
30-04-2024,Coimbatore,27.9,C,90,1.7,12.7,8.6,clear,N
2024-05-01,Coimbatore,32.6,C,97,110.7,9.9,9.2,Rain,
02-05-2024,Coimbatore,25.2,C,31,1.4,9.2,6.2,clear,N
2024-05-03,Coimbatore,34.1,C,38,1.1,43.1,11.9,Cloudy,N
04-05-2024,Coimbatore,84.1,F,77,108.1,13.4,11.6,Heavy Rain,N
05-05-2024,Coimbatore,91.3,F,36,1.8,41.7,7.2,Clear,N
06-05-2024,Coimbatore,25.4,,29,1.5,5.9,4.0,Clear,N
2024-05-07,Coimbatore,32.5,,67,0.4,42.3,10.1,Sunny,N
08-05-2024,Coimbatore,88.2,F,58,1.9,30.7,4.7,Clear,N
2024-05-09,Coimbatore,28.5,C,87,87.2,10.8,5.1,Heavy Rain,
11-05-2024,Coimbatore,31.5,C,67,14.1,16.6,8.4,rain,
12-05-2024,Coimbatore,33.9,C,82,117.9,4.3,7.9,Heavy Rain,yes
13-05-2024,Coimbatore,24.5,C,45,1.8,41.6,1.1,Fog,N
14-05-2024,Coimbatore,28.9,,32,0.9,24.9,9.1,Cloudy,N
15-05-2024,Coimbatore,27.1,C,35,74.1,3.4,8.9,Rain,Y
16-05-2024,Coimbatore,29.1,C,47,2.0,28.5,10.0,Cloudy,N
17-05-2024,Coimbatore,30.9,C,36,1.3,12.5,6.3,Clear,N
2024-05-18,Coimbatore,25.6,C,62,0.3,8.8,11.0,Clear,N
2024-05-19,Coimbatore,26.3,C,80,1.5,24.8,11.8,Clear,N
20-05-2024,Coimbatore,34.5,C,76,1.0,35.4,11.9,Clear,N
2024-05-21,Coimbatore,32.9,C,67,0.7,5.7,1.9,Fog,N
2024-05-22,Coimbatore,28.8,C,94,1.7,16.3,5.9,Cloudy,N
2024-05-24,Coimbatore,29.0,C,60,1.8,12.3,7.9,Sunny,N
2024-05-25,Coimbatore,28.1,C,31,68.6,8.2,4.3,rain,N
2024-05-26,Coimbatore,38.3,C,98,44.4,42.7,8.7,Rain,yes
27-05-2024,Coimbatore,30.3,C,35,66.2,42.3,10.3,Thunderstorm,Y
2024-05-28,Coimbatore,26.3,,89,58.9,38.2,7.1,Heavy Rain,no
29-05-2024,Coimbatore,69.7,F,90,2.0,14.2,9.5,Cloudy,N
30-05-2024,Coimbatore,23.3,C,64,1.3,,4.4,Cloudy,N
31-05-2024,Coimbatore,31.5,,52,37.4,44.3,10.8,Rain,N
01-06-2024,Coimbatore,25.9,C,61,25.7,19.9,9.3,Rain,
2024-06-02,Coimbatore,34.2,C,N/A,0.8,24.0,8.9,clear,N
03-06-2024,Coimbatore,26.7,,40,0.7,38.9,5.1,Clear,N
04-06-2024,Coimbatore,32.6,C,36,29.8,25.1,4.9,Heavy Rain,Y
2024-06-05,Coimbatore,25.5,C,40,0.5,35.3,10.6,Clear,N
08-06-2024,Coimbatore,24.1,C,68,1.4,27.8,4.8,Clear,N
2024-06-09,Coimbatore,26.2,C,95,1.1,27.1,11.3,Clear,N
10-06-2024,Coimbatore,27.0,C,42,1.8,28.0,9.4,clear,N
2024-06-11,Coimbatore,30.6,C,84,1.0,36.8,10.5,CLEAR,N
2024-06-12,Coimbatore,72.9,F,69,1.4,4.6,5.0,Cloudy,N
2024-06-13,Coimbatore,21.6,C,81,1.2,25.3,0.4,Fog,N
14-06-2024,Coimbatore,26.3,C,64,1.3,22.4,11.7,Cloudy,N
15-06-2024,Coimbatore,29.6,C,62,1.0,16.1,10.2,Clear,N
16-06-2024,Coimbatore,27.9,,47,0.1,null,8.1,Clear,N
17-06-2024,Coimbatore,21.6,C,67,0.3,37.1,11.1,Cloudy,N
2024-06-18,Coimbatore,29.6,,53,1.2,19.9,11.4,Cloudy,N
2024-06-19,Coimbatore,22.2,C,45,119.4,42.6,6.3,Heavy Rain,N
20-06-2024,Coimbatore,27.6,C,null,55.9,5.7,9.9,Rain,N
21-06-2024,Coimbatore,27.9,C,66,1.4,19.2,9.1,Cloudy,N
22-06-2024,Coimbatore,23.5,,69,1.8,38.1,1.5,Fog,N
2024-06-23,Coimbatore,26.3,,96,91.5,34.8,10.3,Rain,Y
2024-06-24,Coimbatore,23.1,C,87,1.4,21.5,7.1,Clear,N
2024-06-25,Coimbatore,23.9,C,49,26.1,4.8,6.5,Rain,N
26-06-2024,Coimbatore,28.9,,93,1.1,10.4,10.9,Cloudy,N
27-06-2024,Coimbatore,29.8,C,61,1.5,33.1,0.7,Fog,N
2024-06-28,Coimbatore,21.7,C,85,0.1,25.5,0.5,Fog,N
29-06-2024,Coimbatore,16.1,C,33,1.5,44.8,4.8,Cloudy,N
2024-06-30,Coimbatore,80.2,,65,0.2,23.2,6.8,Sunny,N
2024-07-01,Coimbatore,-,C,80,39.8,44.4,5.1,Heavy Rain,N
02-07-2024,Coimbatore,  ,C,58,0.0,19.2,10.8,Cloudy,N
03-07-2024,Coimbatore,21.4,,92,0.1,35.1,11.5,Sunny,N
2024-07-04,Coimbatore,25.9,C,92,0.2,39.3,9.8,Sunny,N
05-07-2024,Coimbatore,25.5,C,null,11.4,30.3,11.0,Thunderstorm,N
06-07-2024,Coimbatore,82.6,F,NA,77.5,28.6,7.7,Rain,N
2024-07-07,Coimbatore,78.5,,43,1.8,14.0,11.6,Cloudy,N
08-07-2024,Coimbatore,18.0,C,34,0.6,32.5,7.8,Clear,N
2024-07-09,Coimbatore,27.0,C,45,0.3,25.8,6.4,clear,N
2024-07-10,Coimbatore,16.7,,98,118.2,4.1,8.2,rain,yes
2024-07-11,Coimbatore,71.5,F,33,1.9,36.3,0.8,Fog,N
2024-07-13,Coimbatore,24.8,,78,0.5,15.2,2.8,Fog,N
2024-07-14,Coimbatore,79.4,F,81,16.5,20.2,11.0,rain,
15-07-2024,Coimbatore,18.3,C,74,24.5,11.8,10.3,Heavy Rain,N
16-07-2024,Coimbatore,28.2,C,50,69.9,21.3,5.4,Thunderstorm,
17-07-2024,Coimbatore,22.3,,81,1.0,24.3,4.1,clear,N
18-07-2024,Coimbatore,20.5,C,87,1.5,11.4,10.3,Cloudy,N
19-07-2024,Coimbatore,23.5,C,75,47.3,6.4,5.7,Rain,N
20-07-2024,Coimbatore,16.6,C,85,1.0,19.8,7.8,Cloudy,N
21-07-2024,Coimbatore,16.8,C,36,1.9,23.4,4.8,CLEAR,N
22-07-2024,Coimbatore,68.8,F,-,101.2,38.5,5.5,Rain,N
2024-07-23,Coimbatore,21.9,,28,0.8,36.8,7.4,Clear,N
2024-07-24,Coimbatore,16.0,C,-,0.8,33.0,10.6,Cloudy,N
25-07-2024,Coimbatore,18.6,C,39,1.1,31.6,8.3,Clear,N
2024-07-26,Coimbatore,22.5,C,46,0.3,11.9,9.8,Cloudy,N
2024-07-27,Coimbatore,unknown,C,41,1.8,37.8,5.0,Clear,N
28-07-2024,Coimbatore,65.8,,87,21.0,7.4,9.4,Rain,N
29-07-2024,Coimbatore,72.6,F,unknown,1.4,19.0,10.9,Clear,N
30-07-2024,Coimbatore,21.3,C,74,64.3,32.5,6.9,Rain,
2024-07-31,Coimbatore,20.9,C,72,1.4,33.0,7.5,Clear,N
2024-08-01,Coimbatore,18.9,C,63,2.0,7.0,8.0,clear,N
2024-08-02,Coimbatore,21.2,,64,11.2,35.0,6.1,Heavy Rain,no
03-08-2024,Coimbatore,23.5,C,36,0.4,34.3,4.1,Sunny,N
2024-08-04,Coimbatore,19.2,,93,78.4,3.0,11.3,Heavy Rain,N
2024-08-05,Coimbatore,17.5,C,44,1.7,35.3,8.3,clear,N
06-08-2024,Coimbatore,72.6,,47,1.0,8.9,6.6,Clear,N
2024-08-07,Coimbatore,12.9,C,35,1.1,  ,6.1,Clear,N
2024-08-08,Coimbatore,17.9,C,73,0.5,27.4,7.0,Cloudy,N
09-08-2024,Coimbatore,18.5,C,37,12.7,37.6,5.6,Heavy Rain,N
2024-08-10,Coimbatore,16.7,C,96,43.3,24.5,11.1,Rain,no
11-08-2024,Coimbatore,59.0,F,74,84.6,42.2,4.3,rain,N
12-08-2024,Coimbatore,19.6,C,83,36.9,37.1,7.9,Thunderstorm,yes
13-08-2024,Coimbatore,19.4,C,78,118.2,37.8,10.5,Rain,N
2024-08-14,Coimbatore,16.3,C,80,0.6,19.9,8.9,Cloudy,N
15-08-2024,Coimbatore,10.5,C,32,1.8,12.1,10.9,Cloudy,N
2024-08-16,Coimbatore,17.7,C,70,54.2,25.8,10.0,Rain,
2024-08-17,Coimbatore,19.7,C,45,1.8,13.1,10.0,Sunny,N
18-08-2024,Coimbatore,16.7,,63,6.9,18.1,4.0,Rain,N
2024-08-19,Coimbatore,18.4,,79,36.3,4.4,7.7,Rain,N
2024-08-20,Coimbatore,19.1,,47,0.4,2.3,10.5,Cloudy,N
2024-08-21,Coimbatore,22.6,C,59,1.7,12.1,2.8,Fog,N
2024-08-22,Coimbatore,18.0,C,73,0.2,36.3,9.8,Cloudy,N
23-08-2024,Coimbatore,53.5,F,-,1.5,32.7,4.4,Sunny,N
24-08-2024,Coimbatore,12.8,C,90,105.3,24.9,11.4,Heavy Rain,N
2024-08-25,Coimbatore,18.2,,79,0.6,6.6,10.5,Sunny,N
26-08-2024,Coimbatore,15.3,,N/A,10.7,12.7,11.8,Rain,N
27-08-2024,Coimbatore,21.8,,40,0.0,39.4,11.1,Clear,N
2024-08-28,Coimbatore,17.8,C,93,0.8,21.7,8.2,Sunny,N
29-08-2024,Coimbatore,17.0,C,89,1.5,30.7,8.2,Clear,N
2024-08-30,Coimbatore,17.0,C,44,1.8,2.8,10.6,CLEAR,N
2024-08-31,Coimbatore,13.5,,51,60.0,30.7,11.2,Thunderstorm,N
2024-09-01,Coimbatore,15.7,,83,0.7,6.0,9.1,Cloudy,N
02-09-2024,Coimbatore,18.9,,28,0.5,14.9,5.7,clear,N
2024-09-03,Coimbatore,10.4,C,,1.6,20.6,9.2,Clear,N
04-09-2024,Coimbatore,17.7,C,97,1.7,18.4,5.3,Clear,N
05-09-2024,Coimbatore,19.5,C,88,1.0,8.4,7.6,Clear,N
06-09-2024,Coimbatore,13.6,,50,0.5,20.7,6.7,Clear,N
2024-09-07,Coimbatore,64.1,F,42,0.8,37.3,10.3,Cloudy,N
2024-09-08,Coimbatore,14.9,C,95,1.9,27.6,5.1,CLEAR,N
2024-09-09,Coimbatore,18.1,C,38,1.2,28.5,10.4,Clear,N
10-09-2024,Coimbatore,9.3,,62,0.9,26.9,7.0,Clear,N
2024-09-11,Coimbatore,18.4,C,70,1.4,6.5,7.4,Clear,N
2024-09-12,Coimbatore,62.1,,null,0.9,15.2,6.0,Clear,N
2024-09-13,Coimbatore,18.7,C,70,0.0,30.3,6.5,clear,N
2024-09-14,Coimbatore,16.1,C,80,0.5,24.9,4.6,Clear,N
2024-09-15,Coimbatore,13.6,C,52,1.1,31.3,11.2,Cloudy,N
16-09-2024,Coimbatore,16.8,C,34,1.3,3.8,6.8,Clear,N
17-09-2024,Coimbatore,17.8,C,69,51.7,28.9,8.6,rain,N
18-09-2024,Coimbatore,12.5,C,79,0.5,13.0,10.9,Cloudy,N
19-09-2024,Coimbatore,17.5,,31,0.7,32.2,5.3,Clear,N
2024-09-20,Coimbatore,16.5,C,46,41.8,31.4,5.7,Rain,
2024-09-21,Coimbatore,14.8,C,28,1.7,13.0,7.7,Clear,N
22-09-2024,Coimbatore,17.6,C,75,1.4,13.6,5.2,Cloudy,N
23-09-2024,Coimbatore,19.0,C,75,0.6,23.7,10.0,Cloudy,N
24-09-2024,Coimbatore,18.5,C,53,61.6,41.3,8.5,Rain,N
25-09-2024,Coimbatore,18.2,C,44,0.2,39.5,6.7,clear,N
2024-09-26,Coimbatore,15.6,C,88,1.0,11.1,1.3,Fog,N
2024-09-27,Coimbatore,17.5,C,48,26.3,2.0,8.0,Rain,N
2024-09-28,Coimbatore,12.9,C,72,0.4,10.1,5.4,Clear,N
29-09-2024,Coimbatore,13.6,C,  ,1.3,35.1,11.3,Cloudy,N
30-09-2024,Coimbatore,18.1,,60,0.4,11.7,7.2,Sunny,N
01-10-2024,Coimbatore,11.8,,45,99.6,44.0,11.0,Rain,N
2024-10-02,Coimbatore,16.0,C,34,1.4,17.8,1.2,Fog,N
2024-10-03,Coimbatore,19.5,C,90,40.2,9.3,9.5,rain,
04-10-2024,Coimbatore,15.5,C,47,1.0,44.2,0.8,Fog,N
2024-10-05,Coimbatore,15.4,C,50,22.7,16.4,7.8,Heavy Rain,
06-10-2024,Coimbatore,12.8,C,91,0.5,43.4,7.9,clear,N
2024-10-07,Coimbatore,12.2,C,41,107.1,15.5,4.6,Rain,Y
09-10-2024,Coimbatore,18.5,C,86,0.5,27.7,4.9,Cloudy,N
2024-10-10,Coimbatore,50.2,F,90,12.2,20.7,6.7,Heavy Rain,N
11-10-2024,Coimbatore,20.2,C,52,110.7,38.6,8.3,Heavy Rain,Y
12-10-2024,Coimbatore,14.7,C,63,0.7,15.3,8.8,Clear,N
2024-10-13,Coimbatore,55.5,F,96,6.3,20.3,11.7,Rain,
2024-10-14,Coimbatore,15.8,C,88,0.7,32.0,5.3,CLEAR,N
2024-10-15,Coimbatore,15.3,,28,21.2,38.9,7.3,rain,
16-10-2024,Coimbatore,19.1,,71,0.1,null,11.2,Cloudy,N
17-10-2024,Coimbatore,19.7,C,62,1.3,16.3,4.2,Clear,N
2024-10-18,Coimbatore,17.5,C,94,20.8,37.5,6.5,Rain,N
2024-10-19,Coimbatore,19.9,C,73,106.3,29.0,4.2,Thunderstorm,N
20-10-2024,Coimbatore,56.5,F,95,1.0,9.6,10.8,Clear,N
21-10-2024,Coimbatore,16.3,,85,1.1,34.9,10.6,Clear,N
22-10-2024,Coimbatore,25.1,,58,0.2,2.0,9.5,Sunny,N
23-10-2024,Coimbatore,17.7,C,70,118.3,3.0,9.6,Thunderstorm,N
2024-10-24,Coimbatore,59.3,F,52,1.6,5.0,2.6,Fog,N
25-10-2024,Coimbatore,68.2,F,45,57.7,11.2,6.6,Rain,yes
2024-10-26,Coimbatore,14.9,C,53,107.9,42.9,9.6,rain,yes
27-10-2024,Coimbatore,11.2,,46,1.8,33.6,11.4,Clear,N
2024-10-28,Coimbatore,13.4,C,83,86.7,2.9,8.6,Heavy Rain,
29-10-2024,Coimbatore,54.5,,31,1.2,36.8,8.2,Clear,N
30-10-2024,Coimbatore,64.2,F,31,1.0,20.7,5.0,clear,N
31-10-2024,Coimbatore,59.4,F,36,1.8,13.0,8.5,Clear,N
01-11-2024,Coimbatore,14.7,,85,1.5,18.7,11.1,Clear,N
02-11-2024,Coimbatore,15.4,,52,1.8,27.3,4.4,Cloudy,N
03-11-2024,Coimbatore,19.2,C,76,1.6,34.1,4.8,Cloudy,N
04-11-2024,Coimbatore,20.0,C,29,1.2,30.4,8.5,Clear,N
05-11-2024,Coimbatore,13.3,,80,0.3,36.0,4.8,Clear,N
06-11-2024,Coimbatore,18.0,C,35,1.7,2.7,8.3,Cloudy,N
07-11-2024,Coimbatore,19.5,C,65,0.6,10.0,11.2,Sunny,N
2024-11-08,Coimbatore,20.1,C,89,0.6,31.7,7.6,CLEAR,N
10-11-2024,Coimbatore,20.2,,87,0.5,43.6,4.1,Sunny,N
2024-11-11,Coimbatore,27.1,C,50,85.5,6.1,7.3,Heavy Rain,N
12-11-2024,Coimbatore,66.7,F,  ,91.3,36.4,8.3,Thunderstorm,N
2024-11-13,Coimbatore,15.2,C,43,21.0,3.3,5.9,Rain,N
14-11-2024,Coimbatore,16.0,C,97,1.0,17.7,4.3,Sunny,N
15-11-2024,Coimbatore,21.3,C,36,0.8,34.6,7.6,CLEAR,N
2024-11-16,Coimbatore,21.7,C,87,0.4,18.1,9.6,Cloudy,N
17-11-2024,Coimbatore,17.1,,34,1.1,21.7,5.7,Cloudy,N
18-11-2024,Coimbatore,65.7,,43,108.9,21.2,5.5,Heavy Rain,Y
19-11-2024,Coimbatore,unknown,,38,1.1,28.1,10.0,Clear,N
20-11-2024,Coimbatore,21.7,C,86,0.4,8.5,5.9,Clear,N
21-11-2024,Coimbatore,22.4,C,83,1.4,25.2,11.5,Clear,N
2024-11-22,Coimbatore,61.4,F,29,102.0,4.0,9.7,Rain,N
24-11-2024,Coimbatore,69.3,,79,0.7,22.1,9.5,Sunny,N
25-11-2024,Coimbatore,24.9,C,null,1.3,24.4,11.5,Clear,N
26-11-2024,Coimbatore,17.1,C,47,1.3,12.4,12.0,Cloudy,N
27-11-2024,Coimbatore,20.0,C,93,0.4,22.5,8.8,Clear,N
28-11-2024,Coimbatore,24.4,C,93,9.0,  ,11.9,Rain,N
29-11-2024,Coimbatore,23.3,C,31,1.8,12.5,6.2,Cloudy,N
30-11-2024,Coimbatore,18.9,C,83,98.3,39.8,10.7,Heavy Rain,no
01-12-2024,Coimbatore,19.9,C,82,1.8,32.5,8.4,Clear,N
02-12-2024,Coimbatore,19.5,C,35,1.9,19.2,4.7,Clear,N
03-12-2024,Coimbatore,21.3,C,57,1.4,5.1,6.3,Cloudy,N
04-12-2024,Coimbatore,60.5,F,60,0.2,23.7,7.5,Clear,N
2024-12-05,Coimbatore,22.2,C,33,0.7,23.5,11.9,Clear,N
06-12-2024,Coimbatore,71.2,F,34,1.4,18.6,6.1,Clear,N
2024-12-07,Coimbatore,73.8,,37,1.7,34.9,9.7,Sunny,N
2024-12-08,Coimbatore,19.1,C,63,0.1,9.5,0.8,Fog,N
2024-12-09,Coimbatore,18.5,C,87,2.0,4.8,11.0,Clear,N
10-12-2024,Coimbatore,19.7,C,null,0.1,43.7,10.8,Sunny,N
11-12-2024,Coimbatore,26.8,C,98,0.5,44.6,4.6,Cloudy,N
12-12-2024,Coimbatore,71.8,F,59,46.9,8.5,8.6,Thunderstorm,Y
13-12-2024,Coimbatore,65.7,F,80,1.1,41.1,7.1,Clear,N
14-12-2024,Coimbatore,21.2,C,49,69.6,34.5,6.5,Rain,Y
2024-12-15,Coimbatore,21.5,C,62,1.8,24.5,9.7,Cloudy,N
16-12-2024,Coimbatore,66.6,F,45,0.5,34.5,10.7,Clear,N
2024-12-17,Coimbatore,14.8,C,44,22.0,27.1,9.5,rain,N
18-12-2024,Coimbatore,18.6,C,73,0.1,24.2,8.4,Clear,N
19-12-2024,Coimbatore,69.7,F,81,1.7,22.4,9.6,clear,N
2024-12-20,Coimbatore,22.2,C,92,0.8,32.6,7.7,Cloudy,N
2024-12-21,Coimbatore,24.6,,70,1.0,39.1,3.0,Fog,N
2024-12-22,Coimbatore,67.2,F,84,1.3,35.1,10.5,Cloudy,N
23-12-2024,Coimbatore,23.2,,63,0.7,44.7,11.1,Cloudy,N
2024-12-24,Coimbatore,70.8,,87,0.4,2.4,10.7,clear,N
25-12-2024,Coimbatore,24.2,C,55,33.4,7.4,11.7,Rain,yes
2024-12-26,Coimbatore,24.8,C,46,75.6,9.2,8.6,Rain,Y
2024-12-27,Coimbatore,24.5,C,54,12.0,41.3,7.0,Rain,yes
28-12-2024,Coimbatore,31.3,,34,1.6,28.6,7.0,clear,N
29-12-2024,Coimbatore,21.4,C,61,22.2,38.2,11.4,rain,N
2024-12-30,Coimbatore,23.5,,78,5.2,37.8,8.2,Heavy Rain,Y
31-12-2024,Coimbatore,22.4,C,46,1.8,25.1,10.4,Cloudy,N
2025-01-01,Coimbatore,20.8,C,49,51.5,18.6,7.5,Rain,N
02-01-2025,Coimbatore,24.7,C,31,0.6,23.1,6.9,clear,N
2025-01-03,Coimbatore,24.5,C,43,22.5,32.7,5.7,rain,yes
2025-01-04,Coimbatore,22.5,C,62,1.0,27.5,5.3,Clear,N
2025-01-05,Coimbatore,24.6,C,49,1.3,32.0,4.1,Cloudy,N
2025-01-06,Coimbatore,24.7,C,79,1.1,12.9,9.8,Sunny,N
2025-01-07,Coimbatore,20.9,,97,1.5,17.3,10.7,clear,N
2025-01-08,Coimbatore,74.0,,35,0.3,40.6,9.3,Clear,N
2025-01-09,Coimbatore,25.5,C,68,1.1,34.4,6.9,CLEAR,N
2025-01-10,Coimbatore,26.8,C,58,1.5,41.8,11.2,Clear,N
2025-01-11,Coimbatore,78.8,,51,10.0,24.1,4.9,Rain,no
12-01-2025,Coimbatore,29.7,C,58,1.0,8.5,4.7,Clear,N
2025-01-13,Coimbatore,30.3,,81,107.0,11.2,11.5,rain,
14-01-2025,Coimbatore,29.2,C,94,5.7,34.6,8.6,Heavy Rain,N
15-01-2025,Coimbatore,24.6,C,66,1.2,36.8,9.9,Cloudy,N
2025-01-16,Coimbatore,25.7,C,85,1.6,6.9,6.8,Cloudy,N
17-01-2025,Coimbatore,28.7,C,73,2.0,19.2,11.8,Clear,N
2025-01-18,Coimbatore,85.8,F,47,0.3,17.2,1.5,Fog,N
2025-01-19,Coimbatore,25.8,C,97,0.6,4.9,1.0,Fog,N
2025-01-20,Coimbatore,26.0,C,35,110.4,9.2,9.4,Thunderstorm,N
21-01-2025,Coimbatore,26.0,C,71,57.2,30.3,6.3,Heavy Rain,N
22-01-2025,Coimbatore,24.8,C,35,1.5,4.9,4.6,Cloudy,N
23-01-2025,Coimbatore,25.6,,75,0.6,5.7,5.6,Sunny,N
24-01-2025,Coimbatore,30.4,C,59,1.5,16.7,7.7,CLEAR,N
2025-01-25,Coimbatore,26.8,C,28,1.4,8.7,8.7,Sunny,N
26-01-2025,Coimbatore,32.6,C,29,16.2,25.4,9.9,rain,N
2025-01-27,Coimbatore,29.2,,51,0.8,3.5,4.9,Cloudy,N
28-01-2025,Coimbatore,88.2,,68,0.8,11.6,2.9,Fog,N
2025-01-29,Coimbatore,30.4,C,,27.3,9.6,11.3,Thunderstorm,N
2025-01-30,Coimbatore,29.4,C,68,27.6,15.5,11.0,Heavy Rain,no
2025-01-31,Coimbatore,80.7,F,94,0.4,2.3,8.8,Clear,N
01-02-2025,Coimbatore,32.3,C,47,1.9,39.8,9.5,CLEAR,N
2025-02-02,Coimbatore,28.6,C,78,48.6,33.3,4.5,Heavy Rain,Y
2025-02-03,Coimbatore,30.3,C,74,0.8,9.5,10.7,Cloudy,N
04-02-2025,Coimbatore,25.8,C,85,1.7,18.6,8.4,Clear,N
2025-02-05,Coimbatore,28.2,,60,43.0,44.4,8.6,Heavy Rain,no
06-02-2025,Coimbatore,,C,41,1.4,26.4,4.8,Cloudy,N
2025-02-07,Coimbatore,31.8,C,63,117.2,11.9,11.0,Rain,N
2025-02-08,Coimbatore,91.2,F,86,0.0,5.6,9.8,Cloudy,N
09-02-2025,Coimbatore,29.6,C,93,1.4,20.2,5.2,Clear,N
10-02-2025,Coimbatore,32.8,C,72,9.4,30.7,9.3,Rain,N
2025-02-11,Coimbatore,31.5,C,44,1.6,34.6,5.7,Clear,N
2025-02-12,Coimbatore,30.6,C,30,77.1,40.4,9.3,Rain,no
2025-02-13,Coimbatore,28.4,C,46,79.3,20.6,11.6,rain,no
14-02-2025,Coimbatore,32.2,,57,1.0,11.6,6.3,Clear,N
2025-02-15,Coimbatore,28.4,,54,109.5,23.1,4.3,rain,N
2025-02-16,Coimbatore,32.8,,91,23.8,2.8,8.3,Rain,N
2025-02-17,Coimbatore,27.3,C,50,11.6,40.3,6.3,Rain,no
18-02-2025,Coimbatore,28.1,C,41,0.9,24.0,8.4,Cloudy,N
2025-02-19,Coimbatore,31.9,C,30,0.7,34.5,1.1,Fog,N
2025-02-20,Coimbatore,29.6,,44,0.2,9.6,4.4,Cloudy,N
2025-02-21,Coimbatore,32.8,,89,64.7,N/A,10.2,Rain,
2025-02-22,Coimbatore,86.3,,71,2.0,3.3,6.7,Clear,N
23-02-2025,Coimbatore,33.0,,60,82.6,5.7,7.6,Rain,
24-02-2025,Coimbatore,27.1,C,79,0.6,19.3,7.6,Cloudy,N
25-02-2025,Coimbatore,34.8,C,28,96.4,33.5,4.2,Heavy Rain,N
26-02-2025,Coimbatore,29.5,,75,1.6,30.8,4.8,clear,N
27-02-2025,Coimbatore,29.6,,28,24.5,34.0,7.1,Rain,Y
2025-02-28,Coimbatore,35.3,C,76,101.0,33.2,5.4,Rain,no
01-03-2025,Coimbatore,null,C,65,2.0,37.9,11.1,Clear,N
02-03-2025,Coimbatore,  ,C,31,1.9,29.6,10.2,Sunny,N
03-03-2025,Coimbatore,32.4,C,98,1.9,31.1,5.7,Clear,N
2025-03-04,Coimbatore,34.0,,49,0.9,22.6,7.5,clear,N
2025-03-05,Coimbatore,32.5,C,63,1.1,24.1,7.1,Cloudy,N
2025-03-07,Coimbatore,31.3,,57,34.2,27.4,7.2,Rain,no
2025-03-08,Coimbatore,101.1,,35,119.2,5.8,8.8,Rain,N
2025-03-09,Coimbatore,83.0,F,67,0.2,2.8,6.5,clear,N
2025-03-10,Coimbatore,29.7,C,64,117.9,13.6,5.0,Thunderstorm,N
2025-03-11,Coimbatore,77.1,,72,1.4,11.6,9.5,Cloudy,N
2025-03-12,Coimbatore,29.4,C,55,1.1,44.5,7.2,Clear,N
14-03-2025,Coimbatore,32.8,C,54,0.2,23.2,4.5,Clear,N
15-03-2025,Coimbatore,98.2,,82,0.2,40.0,4.9,Clear,N
2025-03-16,Coimbatore,93.9,F,40,0.9,21.3,8.1,Clear,N
2025-03-17,Coimbatore,30.6,C,29,1.0,42.0,5.9,Clear,N
2025-03-18,Coimbatore,33.0,,NA,0.4,43.8,6.7,Clear,N
2025-03-19,Coimbatore,32.6,C,56,1.0,5.1,10.3,Cloudy,N
20-03-2025,Coimbatore,31.3,,44,57.0,42.2,4.6,Rain,N
2025-03-22,Coimbatore,31.9,,81,0.3,37.1,11.4,Clear,N
2025-03-23,Coimbatore,32.5,,54,0.1,38.7,2.2,Fog,N
24-03-2025,Coimbatore,40.0,,76,52.8,34.7,7.2,Rain,N
2025-03-25,Coimbatore,26.3,,79,70.4,38.3,11.2,Rain,N
2025-03-26,Coimbatore,33.7,C,51,37.1,31.2,6.4,Rain,
2025-03-27,Coimbatore,27.7,C,64,1.5,44.8,7.9,Clear,N
2025-03-28,Coimbatore,34.2,C,69,0.1,9.9,10.2,Clear,N
2025-03-29,Coimbatore,31.4,C,33,0.6,unknown,9.5,Cloudy,N
2025-03-30,Coimbatore,33.4,,45,23.1,36.4,9.4,Heavy Rain,yes
2025-03-31,Coimbatore,31.6,C,34,2.0,8.2,0.6,Fog,N
2025-04-01,Coimbatore,29.5,C,94,1.7,32.4,4.2,CLEAR,N
02-04-2025,Coimbatore,31.2,,48,0.8,18.5,7.3,Cloudy,N
03-04-2025,Coimbatore,32.4,C,28,110.1,32.6,7.6,Thunderstorm,N
04-04-2025,Coimbatore,33.8,C,30,24.1,37.9,10.9,Rain,N
05-04-2025,Coimbatore,29.9,C,68,1.3,22.1,11.0,Sunny,N
06-04-2025,Coimbatore,33.5,C,59,1.3,13.3,10.0,Cloudy,N
2025-04-07,Coimbatore,34.0,,96,0.2,11.2,6.2,CLEAR,N
2025-04-08,Coimbatore,86.2,F,58,57.2,33.9,5.0,Thunderstorm,no
2025-04-09,Coimbatore,-,,77,2.0,6.7,5.7,Cloudy,N
10-04-2025,Coimbatore,87.3,F,31,26.1,8.9,10.3,rain,
11-04-2025,Coimbatore,84.9,F,81,0.4,4.6,9.0,Cloudy,N
2025-04-12,Coimbatore,28.2,C,79,1.4,43.2,11.6,CLEAR,N
13-04-2025,Coimbatore,36.5,C,NA,0.4,31.2,8.0,CLEAR,N
2025-04-14,Coimbatore,30.5,C,79,0.5,36.4,7.8,Cloudy,N
15-04-2025,Coimbatore,90.9,,96,1.8,15.5,1.4,Fog,N
16-04-2025,Coimbatore,30.9,C,54,1.8,25.7,8.4,Sunny,N
17-04-2025,Coimbatore,30.2,C,77,1.0,37.1,9.5,Cloudy,N
2025-04-19,Coimbatore,33.3,C,49,14.4,23.5,9.3,Rain,
2025-04-20,Coimbatore,31.2,C,62,1.1,43.4,11.5,Cloudy,N
2025-04-21,Coimbatore,28.7,C,31,114.7,18.5,11.9,rain,N
22-04-2025,Coimbatore,29.3,C,75,19.5,12.1,11.8,Heavy Rain,
23-04-2025,Coimbatore,24.5,,54,1.5,36.4,7.4,Clear,N
2025-04-24,Coimbatore,92.9,,69,1.2,2.1,9.1,Clear,N
25-04-2025,Coimbatore,32.6,C,78,6.4,15.4,8.6,Rain,yes
2025-04-26,Coimbatore,33.3,C,68,0.5,21.8,9.0,clear,N
27-04-2025,Coimbatore,32.5,C,68,0.4,30.1,5.8,Clear,N
28-04-2025,Coimbatore,30.8,C,52,0.9,31.8,5.6,Sunny,N
2025-04-29,Coimbatore,33.4,C,32,0.9,27.4,11.9,Clear,N
2025-04-30,Coimbatore,30.4,C,79,0.7,34.2,10.3,Clear,N
2025-05-01,Coimbatore,27.6,,93,0.3,9.4,8.4,clear,N
02-05-2025,Coimbatore,88.3,F,88,0.9,28.6,10.2,Cloudy,N
03-05-2025,Coimbatore,28.2,C,61,0.1,39.1,6.6,Clear,N
04-05-2025,Coimbatore,34.9,C,36,67.5,35.7,7.8,Thunderstorm,no
2025-05-05,Coimbatore,31.8,C,94,1.7,29.6,1.5,Fog,N
2025-05-06,Coimbatore,26.0,C,52,19.1,12.0,8.4,Heavy Rain,
2025-05-07,Coimbatore,34.1,C,32,0.4,17.2,10.0,Clear,N
2025-05-08,Coimbatore,33.2,C,86,0.6,29.2,10.1,Clear,N
2025-05-09,Coimbatore,24.5,C,64,0.8,38.3,9.8,Clear,N
2025-05-10,Coimbatore,33.9,C,39,1.5,29.8,11.7,Sunny,N
11-05-2025,Coimbatore,31.5,C,64,1.8,39.3,3.0,Fog,N
2025-05-12,Coimbatore,28.4,C,89,1.6,29.3,8.9,Cloudy,N
13-05-2025,Coimbatore,31.7,C,98,14.5,5.3,11.6,Rain,yes
2025-05-14,Coimbatore,26.3,C,98,0.6,8.1,6.6,Cloudy,N
2025-05-15,Coimbatore,25.5,C,73,1.3,21.5,9.7,CLEAR,N
16-05-2025,Coimbatore,29.0,C,83,0.6,44.7,8.2,Cloudy,N
17-05-2025,Coimbatore,29.5,,75,81.7,5.3,11.3,Rain,yes
18-05-2025,Coimbatore,25.1,C,40,42.6,3.0,5.1,Heavy Rain,N
19-05-2025,Coimbatore,24.9,,65,0.2,12.2,9.2,Cloudy,N
2025-05-20,Coimbatore,28.7,C,76,0.3,41.5,10.6,Sunny,N
2025-05-21,Coimbatore,30.5,,28,1.2,13.2,7.1,clear,N
22-05-2025,Coimbatore,28.4,C,  ,79.2,19.2,7.7,Rain,yes
2025-05-23,Coimbatore,33.9,C,35,0.7,23.0,11.4,Cloudy,N
2025-05-24,Coimbatore,29.2,C,40,0.6,9.0,5.1,Clear,N
25-05-2025,Coimbatore,29.3,C,85,1.1,44.0,11.4,Cloudy,N
26-05-2025,Coimbatore,34.4,C,65,1.1,38.1,7.1,Clear,N
27-05-2025,Coimbatore,28.4,,69,92.3,42.4,11.3,rain,Y
2025-05-28,Coimbatore,29.5,C,31,1.3,40.1,9.1,Clear,N
2025-05-29,Coimbatore,25.3,C,88,106.0,41.0,11.4,Rain,yes
30-05-2025,Coimbatore,26.9,C,84,0.4,27.9,5.2,Cloudy,N
31-05-2025,Coimbatore,30.9,,44,69.5,33.2,4.2,Rain,Y
2025-06-01,Coimbatore,null,,42,1.6,null,10.4,Clear,N
2025-06-02,Coimbatore,86.2,F,68,1.8,42.6,5.3,Clear,N
2025-06-03,Coimbatore,32.4,C,55,0.7,17.2,7.6,Clear,N
2025-06-04,Coimbatore,33.8,,69,1.9,3.0,10.6,Clear,N
05-06-2025,Coimbatore,84.5,F,64,0.7,32.0,4.1,Clear,N
06-06-2025,Coimbatore,83.7,F,58,90.9,24.2,11.5,Rain,no
07-06-2025,Coimbatore,28.7,C,71,0.2,4.4,8.6,Clear,N
08-06-2025,Coimbatore,26.2,,60,0.2,5.1,0.5,Fog,N
09-06-2025,Coimbatore,26.3,C,75,8.3,11.9,5.1,Rain,no
10-06-2025,Coimbatore,30.6,C,61,20.0,12.5,6.8,Heavy Rain,Y
2025-06-11,Coimbatore,24.4,C,70,1.6,26.9,11.1,Clear,N
2025-06-12,Coimbatore,79.6,F,53,0.7,13.5,8.3,Cloudy,N
2025-06-13,Coimbatore,24.8,,67,1.2,6.6,2.6,Fog,N
14-06-2025,Coimbatore,23.1,C,42,51.8,5.0,10.7,Thunderstorm,N
2025-06-15,Coimbatore,81.5,F,89,1.3,11.4,10.0,Clear,N
16-06-2025,Coimbatore,22.4,,65,0.7,19.2,7.8,Clear,N
2025-06-17,Coimbatore,23.9,C,74,1.3,40.6,6.7,Clear,N
18-06-2025,Coimbatore,20.4,C,54,0.1,39.8,10.7,Clear,N
2025-06-19,Coimbatore,28.2,C,77,1.5,30.6,2.6,Fog,N
20-06-2025,Coimbatore,31.0,C,93,84.1,11.8,11.3,Thunderstorm,
2025-06-21,Coimbatore,25.5,C,63,103.7,33.0,7.4,rain,Y
2025-06-22,Coimbatore,20.0,C,97,1.9,14.3,11.7,Cloudy,N
2025-06-23,Coimbatore,30.8,C,95,83.7,39.0,10.4,Rain,N
24-06-2025,Coimbatore,24.8,,32,1.8,12.5,9.2,Clear,N
2025-06-25,Coimbatore,25.3,C,93,0.0,3.9,5.9,Sunny,N
26-06-2025,Coimbatore,27.7,C,78,41.0,44.7,8.9,rain,yes
27-06-2025,Coimbatore,83.0,F,35,1.3,26.7,1.8,Fog,N
2025-06-28,Coimbatore,82.5,F,49,1.1,42.4,11.6,Clear,N
29-06-2025,Coimbatore,80.4,F,58,0.3,22.3,11.2,clear,N
30-06-2025,Coimbatore,23.0,C,98,1.7,42.9,10.0,Cloudy,N
2025-07-01,Coimbatore,18.8,C,88,0.5,3.0,6.1,Sunny,N
2024-01-01,Madurai,23.3,,53,0.6,37.6,11.1,Sunny,N
2024-01-02,Madurai,24.9,C,94,0.0,34.8,7.7,clear,N
03-01-2024,Madurai,22.2,C,43,0.6,11.8,4.2,CLEAR,N
04-01-2024,Madurai,24.9,,null,0.5,9.4,8.8,clear,N
2024-01-05,Madurai,78.0,F,76,1.2,43.6,0.8,Fog,N
2024-01-06,Madurai,23.5,C,41,1.1,4.1,10.5,Cloudy,N
2024-01-07,Madurai,25.3,C,71,1.2,8.1,4.8,Cloudy,N
08-01-2024,Madurai,,C,92,0.7,15.1,9.4,CLEAR,N
09-01-2024,Madurai,23.0,C,59,59.5,12.2,8.1,Thunderstorm,yes
2024-01-10,Madurai,80.1,,52,1.9,21.0,8.7,Sunny,N
11-01-2024,Madurai,26.3,C,81,1.4,3.9,9.4,Sunny,N
2024-01-12,Madurai,82.5,F,65,60.4,22.4,10.8,Heavy Rain,N
13-01-2024,Madurai,82.1,,81,71.5,12.0,4.8,Rain,Y
14-01-2024,Madurai,26.3,C,30,0.1,  ,4.3,Clear,N
2024-01-15,Madurai,25.4,C,30,1.8,31.7,9.4,Cloudy,N
2024-01-16,Madurai,27.2,C,81,0.8,8.4,7.3,Clear,N
17-01-2024,Madurai,26.5,,29,1.2,39.7,4.5,Cloudy,N
2024-01-18,Madurai,29.0,,88,1.3,9.2,2.8,Fog,N
2024-01-19,Madurai,22.7,C,37,0.7,44.4,0.7,Fog,N
20-01-2024,Madurai,92.9,F,72,1.7,6.4,6.4,Clear,N
2024-01-21,Madurai,25.4,C,75,0.6,22.8,7.8,Sunny,N
22-01-2024,Madurai,75.2,F,82,0.5,35.7,4.3,Sunny,N
23-01-2024,Madurai,21.8,,93,1.4,43.9,11.7,Sunny,N
2024-01-24,Madurai,26.2,,81,37.8,29.7,9.0,Rain,N
25-01-2024,Madurai,29.4,C,73,0.4,2.7,1.4,Fog,N
26-01-2024,Madurai,79.9,F,89,5.3,24.0,11.0,Thunderstorm,N
27-01-2024,Madurai,24.8,C,52,1.8,7.4,4.5,Clear,N
2024-01-28,Madurai,88.6,F,96,1.6,23.1,6.7,Cloudy,N
2024-01-29,Madurai,26.5,C,45,0.2,22.9,8.2,Sunny,N
2024-01-30,Madurai,30.7,C,71,0.9,5.2,2.2,Fog,N
31-01-2024,Madurai,90.0,F,78,89.8,43.4,5.9,Heavy Rain,N
01-02-2024,Madurai,26.8,C,90,0.9,18.2,6.6,Cloudy,N
2024-02-02,Madurai,25.3,C,60,108.7,23.5,5.9,Heavy Rain,yes
03-02-2024,Madurai,29.6,C,44,66.1,41.6,5.9,Rain,no
2024-02-04,Madurai,25.9,C,72,1.3,7.3,7.0,Cloudy,N
05-02-2024,Madurai,22.9,C,29,1.4,29.2,9.1,Cloudy,N
2024-02-06,Madurai,33.0,C,75,0.1,21.9,11.3,CLEAR,N
07-02-2024,Madurai,82.7,F,67,1.9,35.8,11.4,Sunny,N
08-02-2024,Madurai,27.0,C,57,0.5,7.3,10.1,Sunny,N
2024-02-09,Madurai,NA,F,79,0.4,32.1,11.2,Sunny,N
2024-02-10,Madurai,24.7,,45,114.3,33.9,4.7,Rain,no
11-02-2024,Madurai,31.9,C,87,108.1,18.8,6.5,Rain,no
12-02-2024,Madurai,86.4,F,77,1.9,38.3,8.7,Sunny,N
13-02-2024,Madurai,24.7,C,55,11.8,27.8,11.6,Rain,N
2024-02-14,Madurai,27.8,,38,36.5,11.9,11.7,Thunderstorm,N
15-02-2024,Madurai,29.5,C,62,7.7,2.2,9.5,Heavy Rain,N
2024-02-16,Madurai,35.0,C,36,61.3,27.2,5.0,Heavy Rain,N
2024-02-17,Madurai,34.2,C,53,36.6,41.6,4.2,Thunderstorm,no
18-02-2024,Madurai,33.1,C,30,0.0,22.6,4.3,CLEAR,N
19-02-2024,Madurai,30.0,C,71,89.5,39.5,9.2,rain,no
2024-02-20,Madurai,null,,38,1.0,22.8,8.2,Clear,N
21-02-2024,Madurai,30.1,C,74,0.4,29.4,7.3,Clear,N
22-02-2024,Madurai,27.6,C,76,0.4,37.8,10.7,Clear,N
2024-02-23,Madurai,84.4,F,57,62.7,14.4,7.5,rain,N
24-02-2024,Madurai,37.2,,47,0.4,29.9,7.2,Clear,N
25-02-2024,Madurai,30.5,C,69,104.7,44.2,5.5,Thunderstorm,no
2024-02-26,Madurai,31.3,C,80,0.8,13.5,1.6,Fog,N
27-02-2024,Madurai,25.8,C,44,1.0,30.0,8.8,Clear,N
2024-02-28,Madurai,81.6,F,-,54.9,36.5,6.4,Rain,N
29-02-2024,Madurai,30.5,,39,47.0,41.6,4.7,Heavy Rain,no
01-03-2024,Madurai,29.9,C,28,72.2,19.6,6.3,Rain,Y
2024-03-02,Madurai,31.4,C,65,1.7,17.5,5.9,Clear,N
03-03-2024,Madurai,80.8,,49,98.9,35.9,9.4,Rain,no
04-03-2024,Madurai,34.6,C,97,0.9,43.4,5.3,Sunny,N
05-03-2024,Madurai,31.7,C,82,1.4,19.1,1.2,Fog,N
06-03-2024,Madurai,24.2,C,95,0.8,4.2,2.3,Fog,N
2024-03-07,Madurai,90.5,F,38,0.8,2.3,9.1,Cloudy,N
2024-03-08,Madurai,94.1,F,72,73.3,18.8,5.3,Heavy Rain,no
09-03-2024,Madurai,31.1,C,76,76.5,14.9,8.5,Heavy Rain,N
10-03-2024,Madurai,25.3,,35,0.3,2.6,8.4,Clear,N
11-03-2024,Madurai,96.9,,72,0.1,37.7,11.6,Cloudy,N
12-03-2024,Madurai,29.2,,29,0.1,16.8,11.5,clear,N
2024-03-13,Madurai,29.1,C,42,0.3,33.0,11.5,clear,N
14-03-2024,Madurai,31.1,C,38,1.4,38.9,5.6,Clear,N
2024-03-15,Madurai,88.1,F,93,1.3,41.4,4.5,clear,N
16-03-2024,Madurai,31.9,C,89,23.5,43.8,9.8,rain,yes
2024-03-17,Madurai,35.3,,44,1.7,34.7,11.2,Cloudy,N
2024-03-18,Madurai,31.6,C,53,5.1,5.5,9.4,Rain,
2024-03-19,Madurai,88.5,F,48,0.4,25.1,10.6,Clear,N
20-03-2024,Madurai,89.0,,91,1.0,3.8,5.5,Sunny,N
2024-03-21,Madurai,31.2,C,66,1.1,24.6,5.1,Clear,N
22-03-2024,Madurai,34.1,,28,92.4,15.6,5.5,Thunderstorm,N
23-03-2024,Madurai,32.5,C,50,1.3,14.0,8.2,Sunny,N
24-03-2024,Madurai,30.9,C,39,1.1,10.8,4.2,Sunny,N
2024-03-25,Madurai,30.8,C,51,0.3,30.3,5.1,Cloudy,N
26-03-2024,Madurai,36.0,,94,0.2,16.7,5.9,Cloudy,N
2024-03-27,Madurai,95.0,F,95,0.4,31.2,5.9,Clear,N
28-03-2024,Madurai,36.5,C,92,41.5,14.1,7.0,Rain,Y
29-03-2024,Madurai,35.5,C,36,1.0,38.3,9.6,Sunny,N
30-03-2024,Madurai,34.4,,57,33.8,44.1,9.0,rain,no
31-03-2024,Madurai,33.3,,70,73.9,9.2,11.2,rain,N
01-04-2024,Madurai,29.7,C,72,1.3,43.2,11.2,clear,N
2024-04-02,Madurai,30.6,,83,1.5,8.2,11.6,Clear,N
2024-04-03,Madurai,31.7,C,40,0.6,8.2,10.2,Clear,N
2024-04-04,Madurai,33.8,C,92,79.3,16.3,6.1,Heavy Rain,N
05-04-2024,Madurai,29.3,,95,51.5,27.6,11.6,Rain,yes
06-04-2024,Madurai,30.4,C,83,1.8,20.1,10.4,Sunny,N
07-04-2024,Madurai,29.1,,86,15.5,3.2,9.9,Heavy Rain,N
08-04-2024,Madurai,30.5,C,80,1.4,10.1,6.5,Clear,N
09-04-2024,Madurai,30.5,C,55,1.0,16.8,9.9,Clear,N
10-04-2024,Madurai,32.2,C,67,12.4,21.6,11.6,Heavy Rain,no
2024-04-11,Madurai,30.2,C,59,1.5,28.4,11.0,Cloudy,N
2024-04-14,Madurai,30.8,C,28,55.4,22.5,9.4,Rain,
2024-04-15,Madurai,35.4,,42,62.9,30.2,8.4,Rain,yes
16-04-2024,Madurai,33.0,C,46,1.8,23.6,7.3,Cloudy,N
17-04-2024,Madurai,unknown,C,73,0.5,34.9,7.7,clear,N
2024-04-18,Madurai,36.4,,N/A,1.3,27.1,11.2,clear,N
19-04-2024,Madurai,32.3,C,62,112.2,18.6,10.2,Thunderstorm,N
2024-04-20,Madurai,32.2,C,88,50.2,35.9,10.6,Rain,
2024-04-21,Madurai,36.3,C,73,1.9,11.8,5.4,Cloudy,N
22-04-2024,Madurai,28.6,C,34,1.6,,11.7,Cloudy,N
23-04-2024,Madurai,32.7,C,58,0.2,34.1,4.1,CLEAR,N
2024-04-24,Madurai,34.0,,32,1.5,29.2,8.8,clear,N
25-04-2024,Madurai,30.4,C,43,27.8,13.0,9.1,Heavy Rain,N
2024-04-26,Madurai,33.7,C,44,1.1,18.0,11.3,Clear,N
27-04-2024,Madurai,33.4,C,70,0.4,5.9,9.1,Clear,N
28-04-2024,Madurai,30.8,,36,1.6,44.7,10.4,Clear,N
2024-04-29,Madurai,28.2,C,38,0.9,2.5,1.4,Fog,N
2024-04-30,Madurai,35.2,C,29,1.5,28.1,6.3,Clear,N
01-05-2024,Madurai,34.8,C,72,1.6,40.7,4.2,Cloudy,N
02-05-2024,Madurai,32.5,C,55,38.3,27.3,6.1,Heavy Rain,N
2024-05-03,Madurai,27.2,C,81,70.5,40.0,11.2,Rain,N
04-05-2024,Madurai,30.1,C,63,115.1,37.6,8.1,Heavy Rain,Y
06-05-2024,Madurai,85.1,F,90,90.9,42.7,9.0,Thunderstorm,N
07-05-2024,Madurai,37.4,C,62,1.3,34.5,5.6,Clear,N
2024-05-08,Madurai,28.9,C,31,47.7,4.4,11.4,Thunderstorm,no
09-05-2024,Madurai,31.2,,88,76.5,18.3,8.9,Thunderstorm,N
10-05-2024,Madurai,31.0,C,29,23.3,9.7,9.6,Rain,
2024-05-11,Madurai,30.4,,81,1.7,41.9,5.5,clear,N
2024-05-12,Madurai,28.2,,30,0.3,35.9,6.9,Cloudy,N
13-05-2024,Madurai,29.2,C,62,0.2,25.3,6.7,CLEAR,N
14-05-2024,Madurai,31.4,C,97,1.3,41.5,7.7,Clear,N
2024-05-15,Madurai,27.8,C,39,28.4,17.7,11.9,Heavy Rain,N
16-05-2024,Madurai,27.6,C,79,0.8,39.1,8.5,Cloudy,N
2024-05-17,Madurai,25.9,C,86,0.8,2.4,10.1,CLEAR,N
18-05-2024,Madurai,28.8,C,57,0.8,31.2,5.1,Clear,N
2024-05-19,Madurai,30.4,,74,15.0,21.2,8.0,Thunderstorm,
20-05-2024,Madurai,28.5,C,42,0.3,6.1,10.6,Sunny,N
2024-05-21,Madurai,30.2,C,31,0.4,24.6,6.1,Cloudy,N
22-05-2024,Madurai,24.7,,73,115.2,31.9,6.9,Thunderstorm,yes
2024-05-23,Madurai,26.5,C,40,1.6,24.2,4.0,clear,N
24-05-2024,Madurai,78.8,F,40,0.3,27.8,5.4,Cloudy,N
2024-05-25,Madurai,25.7,C,58,0.2,15.9,10.0,clear,N
26-05-2024,Madurai,27.7,C,36,58.6,14.3,6.7,Rain,yes
27-05-2024,Madurai,26.5,,69,0.4,24.2,2.3,Fog,N
28-05-2024,Madurai,29.1,C,98,1.8,28.4,4.9,Cloudy,N
29-05-2024,Madurai,26.8,,65,83.6,3.5,9.3,Rain,
2024-05-30,Madurai,28.3,C,76,1.7,37.2,5.3,Clear,N
2024-05-31,Madurai,30.6,,46,0.5,40.2,4.5,Clear,N
2024-06-01,Madurai,29.9,C,35,0.0,22.1,11.2,Clear,N
02-06-2024,Madurai,24.3,,59,1.3,37.5,4.8,clear,N
2024-06-03,Madurai,31.9,C,45,23.5,6.4,11.1,Heavy Rain,
04-06-2024,Madurai,25.0,C,31,1.6,unknown,4.6,clear,N
05-06-2024,Madurai,26.8,C,48,38.8,3.6,11.9,Thunderstorm,yes
06-06-2024,Madurai,23.4,,60,72.9,41.6,4.5,rain,yes
07-06-2024,Madurai,23.5,C,37,0.3,16.0,10.1,Sunny,N
2024-06-08,Madurai,25.3,,33,1.0,40.5,7.8,Sunny,N
2024-06-09,Madurai,26.7,C,92,101.4,44.0,4.9,Thunderstorm,
2024-06-10,Madurai,24.7,C,75,52.4,44.4,9.8,Heavy Rain,N
2024-06-11,Madurai,24.7,C,88,95.2,27.3,7.9,Thunderstorm,N
2024-06-12,Madurai,28.6,,33,0.7,20.9,9.6,Clear,N
13-06-2024,Madurai,29.0,C,87,112.1,2.8,10.4,Rain,N
14-06-2024,Madurai,25.3,C,87,49.2,12.9,9.9,rain,Y
2024-06-15,Madurai,71.5,F,45,1.1,9.5,6.5,Cloudy,N
16-06-2024,Madurai,32.9,C,70,0.4,21.0,10.8,clear,N
17-06-2024,Madurai,23.8,C,45,93.7,17.1,6.8,Heavy Rain,N
18-06-2024,Madurai,23.9,,41,0.0,4.2,9.9,Cloudy,N
19-06-2024,Madurai,27.6,C,44,0.6,10.6,5.3,Clear,N
20-06-2024,Madurai,27.2,C,71,52.3,25.5,6.0,Rain,yes
21-06-2024,Madurai,31.8,,49,0.8,20.5,11.7,Cloudy,N
22-06-2024,Madurai,78.6,F,81,1.7,35.9,8.2,Sunny,N
23-06-2024,Madurai,25.4,C,41,22.0,12.8,8.9,Rain,yes
24-06-2024,Madurai,27.6,C,33,0.4,27.5,6.7,Cloudy,N
2024-06-25,Madurai,28.4,C,79,22.5,29.6,8.6,Rain,yes
26-06-2024,Madurai,24.7,C,44,0.7,44.0,7.8,Clear,N
2024-06-27,Madurai,20.7,C,66,0.2,41.0,10.2,Clear,N
28-06-2024,Madurai,21.6,C,59,1.2,19.9,10.2,Clear,N
29-06-2024,Madurai,26.6,C,98,32.6,28.7,4.8,rain,N
30-06-2024,Madurai,28.5,C,72,30.8,24.7,4.9,Rain,yes
2024-07-01,Madurai,21.0,C,32,1.1,7.6,7.3,Cloudy,N
02-07-2024,Madurai,27.1,C,NA,1.1,8.3,9.0,clear,N
03-07-2024,Madurai,21.3,C,56,62.4,7.9,8.0,Rain,
04-07-2024,Madurai,26.9,,81,1.6,13.6,2.0,Fog,N
2024-07-05,Madurai,23.0,C,54,1.5,11.2,8.6,CLEAR,N
06-07-2024,Madurai,20.6,C,38,0.8,41.3,4.5,Clear,N
2024-07-07,Madurai,26.6,C,93,1.7,40.5,11.7,Cloudy,N
08-07-2024,Madurai,70.4,,55,0.0,27.1,6.6,Cloudy,N
09-07-2024,Madurai,21.7,C,69,0.4,16.9,11.5,Clear,N
2024-07-10,Madurai,24.0,,38,106.1,44.4,11.9,Rain,N
2024-07-11,Madurai,N/A,C,52,1.7,36.8,7.8,Sunny,N
2024-07-12,Madurai,,C,63,1.0,37.7,7.9,Sunny,N
13-07-2024,Madurai,N/A,C,61,0.9,34.9,9.7,Cloudy,N
2024-07-14,Madurai,24.1,C,71,1.0,9.4,11.3,Cloudy,N
15-07-2024,Madurai,19.1,C,null,0.5,24.7,6.9,Clear,N
16-07-2024,Madurai,27.9,C,85,102.5,22.0,4.9,Thunderstorm,
17-07-2024,Madurai,73.2,F,61,0.3,22.5,4.7,clear,N
18-07-2024,Madurai,25.1,C,67,1.3,25.9,9.9,Clear,N
19-07-2024,Madurai,24.2,C,78,0.5,32.5,11.2,Clear,N
20-07-2024,Madurai,22.2,C,49,0.1,10.3,7.9,Cloudy,N
2024-07-21,Madurai,23.6,,69,108.3,6.8,10.0,Thunderstorm,no
22-07-2024,Madurai,20.1,C,62,1.9,9.9,11.3,clear,N
23-07-2024,Madurai,20.4,,69,1.6,2.9,2.4,Fog,N
2024-07-24,Madurai,63.6,F,84,1.9,30.2,6.2,Clear,N
25-07-2024,Madurai,22.9,C,74,1.2,35.6,11.1,Sunny,N
26-07-2024,Madurai,18.5,C,84,0.6,14.1,10.8,Cloudy,N
2024-07-27,Madurai,69.4,,89,1.7,21.6,1.0,Fog,N
2024-07-28,Madurai,24.7,C,89,1.9,9.2,5.3,Clear,N
29-07-2024,Madurai,15.3,,73,80.6,22.9,7.7,Rain,N
30-07-2024,Madurai,16.6,C,56,18.4,36.7,8.7,Rain,
2024-07-31,Madurai,21.7,C,74,46.7,17.5,6.9,Thunderstorm,N
02-08-2024,Madurai,19.8,C,41,0.8,40.7,8.1,Clear,N
2024-08-03,Madurai,25.4,,76,1.0,6.2,9.5,Clear,N
04-08-2024,Madurai,19.8,C,92,55.0,32.1,7.0,Rain,no
2024-08-05,Madurai,13.2,,,1.5,24.5,8.1,Sunny,N
2024-08-06,Madurai,62.8,F,43,1.2,11.8,4.6,Clear,N
07-08-2024,Madurai,19.3,C,85,1.6,6.3,9.6,Clear,N
2024-08-08,Madurai,,,49,0.7,20.5,11.6,Clear,N
09-08-2024,Madurai,21.1,C,93,38.2,44.5,4.0,Rain,no
10-08-2024,Madurai,61.0,F,90,1.3,41.5,9.5,Cloudy,N
11-08-2024,Madurai,16.6,C,49,54.3,15.4,8.5,rain,no
2024-08-12,Madurai,21.2,C,33,1.6,9.8,9.7,Cloudy,N
14-08-2024,Madurai,22.8,,77,51.3,27.4,8.4,Rain,
15-08-2024,Madurai,19.6,C,unknown,12.1,12.6,6.6,Thunderstorm,N
2024-08-16,Madurai,20.5,C,37,0.9,44.7,6.6,clear,N
17-08-2024,Madurai,15.6,C,63,1.7,5.3,4.9,Cloudy,N
18-08-2024,Madurai,18.9,C,41,1.7,23.6,11.2,Cloudy,N
20-08-2024,Madurai,24.2,C,47,1.5,35.5,1.6,Fog,N
21-08-2024,Madurai,17.5,,73,0.7,9.1,6.1,CLEAR,N
2024-08-22,Madurai,18.4,C,86,0.8,38.7,11.6,Cloudy,N
2024-08-23,Madurai,17.7,C,53,0.2,24.0,2.4,Fog,N
2024-08-24,Madurai,16.3,C,69,0.1,21.8,4.4,Cloudy,N
2024-08-25,Madurai,15.7,C,45,0.5,40.5,2.0,Fog,N
26-08-2024,Madurai,18.0,,46,107.5,41.1,8.1,rain,no
2024-08-27,Madurai,16.6,C,68,0.8,2.6,7.5,Clear,N
2024-08-28,Madurai,18.1,C,null,64.1,13.3,10.2,rain,N
2024-08-29,Madurai,,,56,0.2,34.2,9.5,clear,N
2024-08-30,Madurai,61.1,F,92,0.8,43.2,8.8,Cloudy,N
31-08-2024,Madurai,60.1,,62,0.9,27.2,8.1,Sunny,N
2024-09-01,Madurai,12.2,C,29,1.7,24.8,10.9,Cloudy,N
02-09-2024,Madurai,16.8,C,61,0.6,8.1,11.8,Sunny,N
03-09-2024,Madurai,17.8,C,46,0.2,12.0,8.9,Clear,N
2024-09-04,Madurai,18.4,,39,1.6,9.3,7.0,Sunny,N
05-09-2024,Madurai,13.9,C,37,0.9,37.9,9.1,Cloudy,N
2024-09-06,Madurai,12.3,C,90,0.4,33.8,6.0,CLEAR,N
2024-09-07,Madurai,13.1,C,95,0.8,25.0,5.2,Sunny,N
2024-09-08,Madurai,15.9,C,75,0.7,26.0,7.7,Cloudy,N
2024-09-09,Madurai,58.3,F,48,1.8,15.1,10.0,Cloudy,N
10-09-2024,Madurai,-,C,49,30.0,17.1,4.0,Heavy Rain,yes
11-09-2024,Madurai,21.1,C,58,0.1,11.7,10.9,Sunny,N
12-09-2024,Madurai,10.7,C,50,0.1,30.6,5.2,Sunny,N
13-09-2024,Madurai,56.4,,80,1.9,23.8,8.2,Sunny,N
2024-09-14,Madurai,16.8,C,80,1.3,2.3,7.5,Cloudy,N
15-09-2024,Madurai,15.0,C,78,0.8,30.6,10.3,Clear,N
2024-09-16,Madurai,15.1,C,72,93.7,40.9,10.0,Heavy Rain,no
2024-09-17,Madurai,15.4,C,33,1.4,44.5,7.6,Clear,N
18-09-2024,Madurai,14.5,C,42,1.1,27.7,7.5,Cloudy,N
19-09-2024,Madurai,19.0,C,83,0.6,20.5,6.3,Cloudy,N
20-09-2024,Madurai,21.3,C,39,94.3,29.9,5.5,Heavy Rain,no
2024-09-21,Madurai,17.8,C,28,1.1,24.5,1.1,Fog,N
22-09-2024,Madurai,64.6,F,48,0.1,16.1,8.7,Cloudy,N
2024-09-23,Madurai,13.8,C,68,97.7,37.4,11.4,rain,Y
24-09-2024,Madurai,13.3,,80,1.9,36.0,1.9,Fog,N
25-09-2024,Madurai,21.0,,97,0.4,2.0,5.6,Sunny,N
2024-09-26,Madurai,11.0,C,37,0.6,5.0,4.5,Clear,N
2024-09-27,Madurai,13.6,C,89,1.0,25.9,9.8,Clear,N
2024-09-28,Madurai,18.2,C,46,99.7,26.3,10.9,Rain,
29-09-2024,Madurai,66.9,F,77,0.0,25.5,8.0,Clear,N
2024-09-30,Madurai,16.0,,43,0.8,3.9,6.5,Clear,N
01-10-2024,Madurai,14.6,C,42,1.6,5.4,6.4,Cloudy,N
2024-10-02,Madurai,13.9,C,38,0.9,39.6,9.5,Cloudy,N
2024-10-03,Madurai,25.0,C,47,35.3,35.7,6.7,Rain,no
04-10-2024,Madurai,16.4,C,86,1.4,24.7,6.3,Sunny,N
2024-10-05,Madurai,10.9,C,82,1.8,3.3,6.0,Clear,N
07-10-2024,Madurai,20.9,C,84,0.5,10.3,8.1,Sunny,N
08-10-2024,Madurai,15.0,C,74,14.8,43.2,6.9,Heavy Rain,N
09-10-2024,Madurai,14.3,C,66,1.4,36.7,6.0,Clear,N
10-10-2024,Madurai,13.6,C,58,54.8,31.1,4.8,Thunderstorm,N
2024-10-11,Madurai,14.7,C,45,101.4,14.3,6.4,Heavy Rain,N
2024-10-12,Madurai,18.9,C,52,0.7,40.7,9.5,Clear,N
13-10-2024,Madurai,12.9,C,75,1.2,13.0,4.6,Sunny,N
14-10-2024,Madurai,14.6,C,63,1.2,40.7,11.8,Clear,N
15-10-2024,Madurai,18.7,C,97,0.5,4.1,6.2,Cloudy,N
2024-10-16,Madurai,17.9,C,37,0.1,36.1,7.5,Cloudy,N
2024-10-17,Madurai,16.9,,33,1.3,44.2,5.1,Cloudy,N
18-10-2024,Madurai,60.0,F,45,35.4,27.9,6.7,Thunderstorm,N
19-10-2024,Madurai,66.3,F,62,1.7,30.8,5.1,Cloudy,N
20-10-2024,Madurai,15.4,C,53,0.3,27.5,11.7,CLEAR,N
2024-10-21,Madurai,15.6,C,91,1.6,N/A,8.1,Clear,N
22-10-2024,Madurai,19.5,C,51,1.0,36.3,12.0,clear,N
23-10-2024,Madurai,15.8,C,43,1.4,27.6,11.4,Cloudy,N
24-10-2024,Madurai,19.1,C,31,78.3,28.2,6.9,rain,no
2024-10-25,Madurai,59.5,,31,0.6,13.2,7.1,Clear,N
26-10-2024,Madurai,56.6,F,90,1.6,21.0,4.1,Clear,N
2024-10-27,Madurai,14.5,C,74,27.2,9.2,8.7,Thunderstorm,
2024-10-28,Madurai,17.8,,32,1.4,26.4,5.8,Clear,N
29-10-2024,Madurai,17.6,C,38,1.5,11.1,7.3,Sunny,N
30-10-2024,Madurai,20.3,C,41,89.9,5.9,6.9,Rain,
2024-10-31,Madurai,17.4,C,54,1.0,21.4,10.0,Clear,N
2024-11-01,Madurai,17.0,C,64,0.3,36.0,4.6,Clear,N
02-11-2024,Madurai,18.9,C,53,0.2,4.9,4.9,Cloudy,N
2024-11-03,Madurai,15.7,C,55,0.2,27.3,5.5,clear,N
2024-11-04,Madurai,20.0,,47,0.6,26.2,8.5,Clear,N
05-11-2024,Madurai,56.3,F,28,1.6,7.7,7.3,Cloudy,N
2024-11-06,Madurai,20.9,C,54,97.1,28.5,11.7,rain,yes
2024-11-07,Madurai,12.9,C,62,0.3,27.7,8.2,Clear,N
08-11-2024,Madurai,17.0,C,32,97.1,41.2,6.8,rain,N
09-11-2024,Madurai,64.3,F,76,0.3,4.4,4.3,clear,N
2024-11-10,Madurai,16.5,,-,1.6,40.4,5.6,Clear,N
2024-11-11,Madurai,13.6,C,87,1.1,24.6,9.3,Clear,N
12-11-2024,Madurai,20.9,C,45,0.2,14.6,4.4,Sunny,N
2024-11-13,Madurai,NA,C,52,24.0,40.3,9.9,Thunderstorm,
2024-11-14,Madurai,77.3,F,44,94.1,7.7,9.3,Rain,N
2024-11-15,Madurai,N/A,C,43,0.6,38.7,11.2,Clear,N
16-11-2024,Madurai,15.6,C,94,0.1,23.3,6.1,Clear,N
2024-11-17,Madurai,N/A,C,64,0.3,27.1,9.8,Cloudy,N
18-11-2024,Madurai,24.6,C,61,1.6,34.6,2.0,Fog,N
19-11-2024,Madurai,14.7,C,77,76.4,18.7,7.9,Rain,N
2024-11-20,Madurai,16.6,,54,0.2,29.2,10.8,clear,N
21-11-2024,Madurai,18.9,C,77,1.3,15.2,5.3,Cloudy,N
23-11-2024,Madurai,14.2,,59,1.8,41.3,5.8,Clear,N
24-11-2024,Madurai,21.9,C,74,1.1,10.7,11.0,Sunny,N
25-11-2024,Madurai,17.7,C,61,1.5,36.1,9.5,Cloudy,N
2024-11-26,Madurai,67.7,F,53,83.0,3.8,9.6,Thunderstorm,yes
27-11-2024,Madurai,NA,C,89,0.4,6.0,8.1,Clear,N
2024-11-28,Madurai,67.7,F,62,0.6,12.7,6.2,Sunny,N
2024-11-29,Madurai,19.0,C,47,0.4,30.9,9.5,Clear,N
30-11-2024,Madurai,18.9,C,38,0.3,38.0,11.4,Clear,N
01-12-2024,Madurai,21.4,C,94,11.8,17.3,4.3,Rain,yes
2024-12-02,Madurai,19.9,C,81,0.4,35.1,11.9,Cloudy,N
03-12-2024,Madurai,19.2,C,92,114.3,7.4,4.1,Rain,Y
04-12-2024,Madurai,22.0,C,73,74.2,18.2,7.6,Thunderstorm,no
2024-12-05,Madurai,20.6,C,N/A,70.3,42.6,9.0,Rain,Y
06-12-2024,Madurai,22.6,C,37,34.4,39.3,5.9,Rain,no
2024-12-07,Madurai,21.5,C,84,93.1,35.6,9.4,Rain,
08-12-2024,Madurai,-,C,55,1.8,36.4,6.5,Clear,N
2024-12-09,Madurai,19.0,,56,99.4,35.0,6.7,rain,no
2024-12-10,Madurai,16.5,C,77,34.0,34.6,8.6,rain,N
2024-12-11,Madurai,26.6,C,83,1.3,13.2,4.7,Clear,N
2024-12-12,Madurai,19.5,C,65,1.8,9.0,7.0,Clear,N
2024-12-13,Madurai,26.0,C,87,1.8,8.0,12.0,Cloudy,N
14-12-2024,Madurai,18.1,,60,64.6,42.8,5.4,Rain,N
15-12-2024,Madurai,  ,C,40,49.6,44.1,10.1,rain,N
16-12-2024,Madurai,21.1,C,90,1.4,38.8,7.9,Clear,N
17-12-2024,Madurai,21.5,C,86,2.0,6.2,0.7,Fog,N
2024-12-18,Madurai,19.6,C,55,0.5,11.6,10.1,Sunny,N
2024-12-19,Madurai,63.5,F,75,1.6,16.1,4.4,Clear,N
20-12-2024,Madurai,27.2,C,85,0.9,16.1,8.2,Cloudy,N
2024-12-21,Madurai,19.9,C,95,1.2,27.7,4.2,Cloudy,N
23-12-2024,Madurai,19.9,C,84,0.2,19.2,10.2,clear,N
24-12-2024,Madurai,18.4,C,56,0.7,13.9,9.9,clear,N
2024-12-25,Madurai,25.1,C,49,1.6,38.1,11.2,Clear,N
2024-12-26,Madurai,26.9,,72,98.1,23.6,9.9,Heavy Rain,Y
2024-12-27,Madurai,22.9,C,53,70.9,38.2,7.7,Rain,N
2024-12-28,Madurai,27.1,C,59,0.2,8.3,8.3,Clear,N
2024-12-29,Madurai,24.6,C,74,36.3,41.6,10.8,Rain,N
2024-12-30,Madurai,25.1,C,66,1.3,9.2,4.3,Sunny,N
2024-12-31,Madurai,,C,64,43.3,9.6,5.0,Thunderstorm,Y
2025-01-01,Madurai,28.3,C,91,1.0,23.4,9.8,Clear,N
02-01-2025,Madurai,24.0,C,94,10.4,4.1,7.3,Rain,no
03-01-2025,Madurai,24.8,C,33,62.6,6.2,7.8,Heavy Rain,N
04-01-2025,Madurai,25.2,C,30,112.1,23.3,4.3,Heavy Rain,N
2025-01-05,Madurai,26.7,,31,1.0,7.4,5.5,Cloudy,N
2025-01-06,Madurai,81.0,,85,0.5,26.6,1.9,Fog,N
07-01-2025,Madurai,  ,C,95,1.2,13.1,5.7,Cloudy,N
08-01-2025,Madurai,77.6,F,82,1.8,20.6,4.9,Clear,N
2025-01-09,Madurai,24.9,C,38,0.6,3.3,5.5,Cloudy,N
2025-01-10,Madurai,24.2,C,96,116.3,5.7,6.8,Rain,yes
11-01-2025,Madurai,28.2,,86,2.0,15.5,7.7,Cloudy,N
2025-01-12,Madurai,21.7,,58,0.7,4.0,10.5,Sunny,N
13-01-2025,Madurai,28.8,C,41,53.1,18.6,6.2,Rain,
2025-01-14,Madurai,24.3,,34,0.6,17.2,10.2,Cloudy,N
15-01-2025,Madurai,67.9,,38,1.2,34.5,5.8,Clear,N
2025-01-16,Madurai,-,C,50,0.5,36.1,6.8,Clear,N
2025-01-17,Madurai,26.1,C,97,31.6,15.5,7.2,Rain,N
18-01-2025,Madurai,26.8,,91,0.8,22.9,11.3,Sunny,N
2025-01-19,Madurai,74.3,F,37,1.9,5.8,7.8,Sunny,N
20-01-2025,Madurai,25.4,C,87,1.6,11.3,4.8,Clear,N
2025-01-21,Madurai,33.2,C,44,0.3,33.2,9.1,clear,N
2025-01-22,Madurai,81.4,,  ,1.2,35.1,0.9,Fog,N
23-01-2025,Madurai,23.8,,55,71.6,5.6,9.2,Heavy Rain,yes
2025-01-24,Madurai,29.5,C,35,0.0,6.0,9.2,Sunny,N
2025-01-25,Madurai,30.8,C,76,1.4,27.7,6.8,Cloudy,N
26-01-2025,Madurai,31.6,C,81,1.2,17.5,7.0,Cloudy,N
28-01-2025,Madurai,91.4,,78,0.9,13.4,10.5,Cloudy,N
29-01-2025,Madurai,27.1,,44,1.7,40.7,9.1,Cloudy,N
2025-01-30,Madurai,28.7,,63,64.5,39.8,5.4,Thunderstorm,
31-01-2025,Madurai,31.0,C,63,5.4,6.0,10.0,Rain,
01-02-2025,Madurai,27.3,C,-,16.6,8.2,11.3,Heavy Rain,Y
02-02-2025,Madurai,31.7,C,37,0.5,null,6.9,Clear,N
2025-02-03,Madurai,27.4,C,39,1.3,21.1,7.5,clear,N
2025-02-04,Madurai,  ,C,95,1.4,2.3,11.1,clear,N
2025-02-05,Madurai,28.0,C,87,1.1,30.3,4.8,Cloudy,N
06-02-2025,Madurai,,C,78,11.6,12.3,10.9,Rain,N
2025-02-07,Madurai,28.8,C,48,1.5,23.7,8.6,Cloudy,N
2025-02-08,Madurai,87.4,,41,118.5,34.4,7.9,rain,N
10-02-2025,Madurai,27.8,,92,57.6,13.4,10.7,rain,no
2025-02-11,Madurai,27.9,C,52,1.0,27.5,10.8,clear,N
12-02-2025,Madurai,27.2,C,83,0.8,17.4,4.9,Cloudy,N
13-02-2025,Madurai,23.8,C,-,1.4,21.4,10.2,Clear,N
14-02-2025,Madurai,26.7,,51,0.8,38.3,7.6,Clear,N
15-02-2025,Madurai,null,,58,0.9,22.2,8.6,CLEAR,N
16-02-2025,Madurai,28.2,C,67,1.2,20.5,8.0,Clear,N
17-02-2025,Madurai,29.2,C,91,22.4,14.5,6.7,Heavy Rain,Y
2025-02-18,Madurai,28.7,C,70,1.8,43.9,8.3,clear,N
2025-02-19,Madurai,33.2,,92,0.4,12.8,10.2,Clear,N
2025-02-20,Madurai,29.4,,57,0.3,22.3,8.5,Cloudy,N
2025-02-21,Madurai,33.2,,38,31.8,41.9,6.4,Rain,
22-02-2025,Madurai,94.1,,28,0.8,44.4,7.1,Clear,N
2025-02-23,Madurai,28.1,C,46,1.2,  ,1.4,Fog,N
24-02-2025,Madurai,28.4,C,66,65.0,36.8,9.1,Rain,N
2025-02-25,Madurai,33.5,C,52,0.8,5.2,9.1,CLEAR,N
26-02-2025,Madurai,30.4,C,44,0.3,16.6,2.2,Fog,N
27-02-2025,Madurai,33.1,C,72,0.2,43.0,8.3,Cloudy,N
2025-02-28,Madurai,31.9,C,60,59.3,26.4,7.7,Rain,no
2025-03-01,Madurai,32.2,C,46,0.5,21.9,6.6,Cloudy,N
2025-03-02,Madurai,79.0,F,34,1.6,33.4,7.6,clear,N
03-03-2025,Madurai,35.3,C,86,40.5,40.7,4.6,Rain,
04-03-2025,Madurai,31.8,C,79,0.7,25.2,9.0,Sunny,N
2025-03-05,Madurai,83.9,F,69,1.0,17.3,11.2,Sunny,N
2025-03-06,Madurai,26.9,,67,0.0,12.2,10.8,Clear,N
2025-03-07,Madurai,98.0,F,78,86.3,2.5,9.9,Rain,N
2025-03-08,Madurai,30.6,C,65,1.5,12.7,6.8,Clear,N
09-03-2025,Madurai,29.2,C,72,1.3,9.1,5.7,clear,N
10-03-2025,Madurai,30.8,C,89,1.3,33.3,1.2,Fog,N
2025-03-11,Madurai,33.4,,32,1.8,37.7,8.0,CLEAR,N
2025-03-12,Madurai,28.9,C,84,0.1,30.7,6.5,Clear,N
2025-03-13,Madurai,31.6,C,  ,38.5,22.5,6.1,rain,N
14-03-2025,Madurai,32.0,C,33,11.4,19.8,9.1,Thunderstorm,no
2025-03-15,Madurai,36.2,C,92,38.0,19.8,9.7,Rain,Y
16-03-2025,Madurai,26.8,C,30,0.8,6.1,10.2,Clear,N
2025-03-17,Madurai,33.0,C,86,0.4,37.8,7.9,CLEAR,N
18-03-2025,Madurai,33.7,,85,0.5,27.0,8.1,Clear,N
19-03-2025,Madurai,28.2,C,,114.9,3.1,5.3,Heavy Rain,N
2025-03-20,Madurai,33.8,,60,0.3,32.2,6.2,Sunny,N
2025-03-21,Madurai,85.1,F,68,1.7,14.2,7.2,Clear,N
22-03-2025,Madurai,36.4,C,67,62.7,41.5,11.6,Thunderstorm,yes
23-03-2025,Madurai,32.9,C,58,19.6,19.7,9.2,Thunderstorm,yes
2025-03-24,Madurai,32.9,,N/A,1.2,25.2,11.9,Clear,N
25-03-2025,Madurai,36.1,C,59,0.2,43.2,7.2,Sunny,N
2025-03-26,Madurai,33.2,,63,1.4,40.7,5.6,Sunny,N
2025-03-28,Madurai,30.8,C,36,1.9,30.1,9.8,Cloudy,N
29-03-2025,Madurai,27.6,C,57,0.5,39.7,1.0,Fog,N
30-03-2025,Madurai,27.5,C,-,1.0,5.4,11.6,clear,N
31-03-2025,Madurai,34.0,C,74,64.8,15.3,5.3,Rain,N
01-04-2025,Madurai,35.8,,NA,100.8,30.3,5.1,rain,yes
2025-04-02,Madurai,32.5,C,96,0.5,18.7,8.1,Sunny,N
03-04-2025,Madurai,30.2,C,89,0.7,4.5,7.4,Cloudy,N
2025-04-04,Madurai,31.4,,37,80.7,3.2,9.8,Thunderstorm,yes
2025-04-05,Madurai,29.1,C,95,52.2,20.9,4.4,Rain,N
06-04-2025,Madurai,29.1,C,30,65.4,37.9,10.6,Heavy Rain,Y
07-04-2025,Madurai,29.6,C,  ,1.2,29.4,6.3,clear,N
2025-04-08,Madurai,101.3,F,65,1.4,29.8,4.1,Cloudy,N
09-04-2025,Madurai,33.9,C,51,98.2,9.7,10.1,Heavy Rain,N
2025-04-10,Madurai,29.6,C,N/A,0.0,41.1,10.8,CLEAR,N
2025-04-11,Madurai,32.3,,82,1.4,13.0,10.0,CLEAR,N
2025-04-12,Madurai,85.9,,37,0.8,37.4,2.7,Fog,N
2025-04-13,Madurai,33.4,C,47,0.2,15.7,10.6,CLEAR,N
14-04-2025,Madurai,80.8,F,86,1.2,14.4,7.1,Sunny,N
2025-04-15,Madurai,33.2,C,93,2.0,14.5,8.1,CLEAR,N
16-04-2025,Madurai,29.9,C,37,1.5,28.4,8.8,Cloudy,N
17-04-2025,Madurai,28.9,,76,0.4,8.7,2.7,Fog,N
2025-04-18,Madurai,34.0,C,59,6.0,42.9,11.9,Heavy Rain,
2025-04-19,Madurai,29.1,C,73,0.2,24.3,11.2,clear,N
20-04-2025,Madurai,33.0,C,40,1.8,12.2,6.5,Clear,N
21-04-2025,Madurai,28.6,,66,0.1,32.4,7.2,Clear,N
22-04-2025,Madurai,34.7,C,58,44.1,20.4,6.5,Rain,
23-04-2025,Madurai,24.8,,74,1.0,20.9,8.1,CLEAR,N
24-04-2025,Madurai,30.4,C,75,2.0,,10.6,Cloudy,N
2025-04-25,Madurai,28.0,C,87,0.1,30.1,4.2,Cloudy,N
2025-04-26,Madurai,32.0,C,94,0.8,10.7,7.2,Clear,N
27-04-2025,Madurai,28.6,C,90,0.0,33.8,9.9,Sunny,N
28-04-2025,Madurai,34.2,,45,1.7,28.9,2.5,Fog,N
30-04-2025,Madurai,30.6,C,97,0.8,13.9,11.7,Clear,N
2025-05-01,Madurai,28.3,C,56,0.8,21.0,5.2,Clear,N
02-05-2025,Madurai,29.9,C,87,0.6,36.9,7.0,Sunny,N
2025-05-03,Madurai,35.6,C,95,0.9,4.9,10.5,clear,N
04-05-2025,Madurai,28.1,,86,0.6,17.5,5.8,Clear,N
2025-05-05,Madurai,35.1,,79,95.0,30.3,9.2,Thunderstorm,Y
2025-05-06,Madurai,37.4,C,81,1.6,30.2,5.1,Clear,N
07-05-2025,Madurai,24.9,C,73,1.1,20.5,5.7,Clear,N
08-05-2025,Madurai,94.9,,92,0.3,22.0,10.4,Sunny,N
09-05-2025,Madurai,35.5,C,77,1.7,38.3,6.0,Sunny,N
10-05-2025,Madurai,27.7,C,64,15.0,5.3,5.0,Rain,N
11-05-2025,Madurai,26.5,C,50,77.6,30.7,8.8,rain,N
12-05-2025,Madurai,30.7,C,59,0.0,21.4,10.3,Clear,N
13-05-2025,Madurai,27.7,C,51,0.2,8.3,7.9,Clear,N
2025-05-14,Madurai,29.6,,79,0.9,11.8,5.1,Sunny,N
15-05-2025,Madurai,26.3,C,78,34.8,27.9,11.3,Heavy Rain,N
16-05-2025,Madurai,37.5,C,42,59.3,18.5,5.9,Rain,N
17-05-2025,Madurai,30.0,C,81,1.0,34.5,8.9,Cloudy,N
18-05-2025,Madurai,33.3,C,67,1.1,42.6,9.1,Clear,N
2025-05-19,Madurai,92.4,F,88,46.9,44.6,8.7,Heavy Rain,Y
20-05-2025,Madurai,30.3,,68,32.2,2.6,4.3,rain,no
2025-05-21,Madurai,79.2,,  ,1.1,34.2,11.3,Cloudy,N
2025-05-22,Madurai,26.4,C,88,0.9,42.3,6.0,CLEAR,N
23-05-2025,Madurai,27.8,,97,69.7,10.2,7.9,rain,N
24-05-2025,Madurai,30.0,,95,0.2,17.1,9.8,Cloudy,N
25-05-2025,Madurai,32.3,C,80,1.5,39.5,4.4,Clear,N
2025-05-26,Madurai,,,65,1.1,25.6,5.2,clear,N
27-05-2025,Madurai,29.3,,77,65.8,15.9,11.5,Rain,N
28-05-2025,Madurai,31.6,,50,1.8,15.2,9.9,Cloudy,N
2025-05-29,Madurai,31.3,C,39,35.3,42.4,6.0,Rain,N
2025-05-30,Madurai,83.0,F,61,1.4,7.2,9.9,Clear,N
2025-06-01,Madurai,24.2,C,29,2.0,32.3,10.1,Cloudy,N
02-06-2025,Madurai,26.3,C,72,1.0,2.1,4.1,Clear,N
03-06-2025,Madurai,25.7,C,80,1.7,11.7,10.5,Clear,N
04-06-2025,Madurai,28.1,,67,19.8,37.1,11.9,Thunderstorm,
05-06-2025,Madurai,82.5,,77,77.4,12.4,10.4,Heavy Rain,no
06-06-2025,Madurai,25.7,C,N/A,0.7,19.7,7.0,clear,N
2025-06-07,Madurai,25.7,C,63,0.3,42.3,8.7,clear,N
08-06-2025,Madurai,25.4,C,65,0.2,28.5,4.4,Sunny,N
2025-06-09,Madurai,24.0,C,58,1.9,23.8,4.5,Sunny,N
10-06-2025,Madurai,27.3,,90,66.0,24.1,8.3,Rain,no
11-06-2025,Madurai,26.7,C,37,1.4,36.6,6.4,Clear,N
12-06-2025,Madurai,28.8,C,47,0.6,38.2,7.8,CLEAR,N
2025-06-13,Madurai,26.8,C,46,81.1,42.8,6.1,rain,
14-06-2025,Madurai,76.4,F,60,1.9,37.2,10.1,Clear,N
2025-06-15,Madurai,28.3,C,67,0.1,9.9,5.6,clear,N
2025-06-16,Madurai,21.1,C,33,0.2,43.3,6.7,Clear,N
2025-06-17,Madurai,25.5,,55,2.0,2.1,6.8,Clear,N
18-06-2025,Madurai,27.1,C,62,2.0,44.3,10.4,Sunny,N
2025-06-19,Madurai,26.9,C,84,0.2,43.5,6.4,Cloudy,N
20-06-2025,Madurai,24.3,,92,1.3,21.4,8.3,Clear,N
21-06-2025,Madurai,35.4,C,32,89.1,4.0,5.2,Rain,N
2025-06-22,Madurai,24.4,C,38,44.0,5.5,9.9,Heavy Rain,N
23-06-2025,Madurai,26.2,,76,0.4,23.5,6.2,CLEAR,N
24-06-2025,Madurai,23.0,C,64,0.4,2.1,11.0,Clear,N
2025-06-25,Madurai,22.9,C,51,1.3,7.8,10.5,Clear,N
2025-06-26,Madurai,27.5,,87,0.9,31.0,5.9,Clear,N
27-06-2025,Madurai,21.1,,57,0.2,30.1,6.2,CLEAR,N
28-06-2025,Madurai,81.0,F,52,1.3,44.3,5.7,Cloudy,N
29-06-2025,Madurai,22.3,C,38,0.0,13.6,5.3,Clear,N
2025-06-30,Madurai,23.2,C,N/A,0.0,36.7,4.1,Clear,N
2025-07-01,Madurai,23.8,C,36,37.7,6.4,4.5,Rain,N
01-01-2024,Bengaluru,25.1,,81,1.1,unknown,4.6,Cloudy,N
2024-01-02,Bengaluru,21.7,C,49,13.5,17.9,10.2,Heavy Rain,yes
03-01-2024,Bengaluru,72.8,,95,43.3,35.9,7.0,Rain,yes
2024-01-04,Bengaluru,24.5,C,84,0.1,17.8,6.2,Clear,N
2024-01-05,Bengaluru,19.3,C,58,1.6,N/A,9.1,Clear,N
06-01-2024,Bengaluru,24.4,C,70,28.1,6.8,7.3,Heavy Rain,N
07-01-2024,Bengaluru,25.3,,70,1.8,7.2,7.2,Clear,N
2024-01-08,Bengaluru,76.2,,44,0.9,6.2,1.9,Fog,N
2024-01-09,Bengaluru,87.8,F,98,74.7,44.8,6.8,Heavy Rain,N
10-01-2024,Bengaluru,23.4,C,42,1.0,36.2,11.9,Clear,N
11-01-2024,Bengaluru,22.5,C,86,0.1,4.8,5.4,Cloudy,N
12-01-2024,Bengaluru,26.2,C,58,1.7,32.1,6.9,Clear,N
2024-01-13,Bengaluru,22.6,C,61,54.4,30.4,5.4,Rain,N
2024-01-14,Bengaluru,26.5,C,92,31.4,41.2,11.5,rain,yes
2024-01-15,Bengaluru,26.0,C,91,1.2,44.0,10.7,Cloudy,N
16-01-2024,Bengaluru,24.0,C,32,0.6,42.9,6.0,Cloudy,N
2024-01-17,Bengaluru,26.1,C,36,57.7,26.0,10.0,Heavy Rain,N
2024-01-18,Bengaluru,24.6,C,34,1.1,36.6,4.2,Sunny,N
2024-01-19,Bengaluru,23.2,,91,0.9,8.2,11.0,clear,N
2024-01-20,Bengaluru,23.2,C,85,96.8,33.4,9.6,Rain,N
2024-01-21,Bengaluru,27.0,C,85,0.6,16.2,2.2,Fog,N
2024-01-22,Bengaluru,26.0,C,80,5.2,-,11.1,Rain,
2024-01-23,Bengaluru,27.4,C,N/A,62.1,20.6,9.3,Rain,N
24-01-2024,Bengaluru,25.5,C,50,1.8,  ,5.6,Sunny,N
2024-01-25,Bengaluru,23.0,,49,0.0,11.1,11.9,Sunny,N
26-01-2024,Bengaluru,29.1,C,41,0.5,44.9,6.2,clear,N
2024-01-27,Bengaluru,26.9,C,72,40.6,27.4,9.2,Heavy Rain,yes
28-01-2024,Bengaluru,27.6,C,69,0.5,35.9,3.0,Fog,N
29-01-2024,Bengaluru,34.6,C,  ,0.8,25.3,6.1,clear,N
2024-01-30,Bengaluru,81.6,,78,1.2,3.6,8.6,Cloudy,N
2024-01-31,Bengaluru,30.2,C,61,0.1,19.6,2.8,Fog,N
2024-02-01,Bengaluru,27.1,C,66,47.6,9.1,11.8,rain,
02-02-2024,Bengaluru,28.8,C,54,56.8,19.5,9.5,rain,no
2024-02-03,Bengaluru,28.3,C,55,0.2,37.8,5.7,Cloudy,N
04-02-2024,Bengaluru,29.5,C,81,1.3,44.1,7.8,Sunny,N
2024-02-05,Bengaluru,28.2,,-,46.8,-,10.0,Heavy Rain,N
2024-02-06,Bengaluru,30.3,C,92,1.2,43.8,9.8,Clear,N
2024-02-07,Bengaluru,27.5,C,64,1.6,30.9,8.2,Clear,N
08-02-2024,Bengaluru,23.9,C,36,0.6,2.2,11.5,Sunny,N
2024-02-09,Bengaluru,27.9,C,64,0.3,25.2,10.8,Cloudy,N
2024-02-10,Bengaluru,28.7,C,89,0.1,42.3,6.8,Cloudy,N
2024-02-11,Bengaluru,85.2,F,57,1.5,24.1,1.0,Fog,N
12-02-2024,Bengaluru,28.8,C,61,0.7,9.7,4.9,Sunny,N
13-02-2024,Bengaluru,90.0,F,85,0.1,19.5,7.5,Clear,N
14-02-2024,Bengaluru,32.0,C,36,1.4,33.7,6.7,clear,N
15-02-2024,Bengaluru,31.6,C,43,0.7,30.1,5.1,Clear,N
2024-02-16,Bengaluru,27.9,C,84,0.6,42.1,10.5,clear,N
2024-02-17,Bengaluru,31.6,C,59,32.4,22.0,4.4,Rain,N
18-02-2024,Bengaluru,28.9,,56,1.2,3.8,11.6,Clear,N
19-02-2024,Bengaluru,28.0,C,63,0.8,4.4,7.9,Cloudy,N
20-02-2024,Bengaluru,29.8,C,95,0.1,10.5,7.1,CLEAR,N
2024-02-21,Bengaluru,27.7,C,51,47.2,35.7,5.5,Heavy Rain,
22-02-2024,Bengaluru,28.7,C,84,1.0,2.1,5.5,Sunny,N
23-02-2024,Bengaluru,28.2,C,44,1.5,38.7,2.7,Fog,N
2024-02-24,Bengaluru,30.1,C,75,33.0,28.5,6.8,Rain,yes
25-02-2024,Bengaluru,30.1,C,94,1.6,36.6,5.8,Clear,N
26-02-2024,Bengaluru,27.8,,39,1.7,29.0,4.5,Sunny,N
2024-02-27,Bengaluru,32.1,C,55,75.5,17.1,8.4,Heavy Rain,Y
2024-02-28,Bengaluru,95.8,F,39,1.7,17.4,6.0,Sunny,N
2024-02-29,Bengaluru,30.0,C,83,0.9,28.0,8.0,Sunny,N
2024-03-01,Bengaluru,29.7,C,92,1.8,37.1,4.1,clear,N
2024-03-02,Bengaluru,38.1,C,97,0.8,21.2,6.3,Sunny,N
03-03-2024,Bengaluru,29.3,C,31,32.1,40.7,8.9,Rain,N
2024-03-04,Bengaluru,31.5,C,45,1.0,41.3,8.1,Cloudy,N
2024-03-05,Bengaluru,33.9,C,92,1.5,26.1,7.1,Clear,N
2024-03-06,Bengaluru,31.6,C,34,1.1,19.8,4.4,Clear,N
07-03-2024,Bengaluru,30.4,,71,0.9,44.2,7.3,Cloudy,N
08-03-2024,Bengaluru,28.0,C,96,0.8,37.2,1.6,Fog,N
09-03-2024,Bengaluru,30.7,C,79,0.6,unknown,8.1,Sunny,N
2024-03-10,Bengaluru,31.8,C,45,0.9,4.3,1.1,Fog,N
2024-03-12,Bengaluru,34.4,,93,0.2,25.3,9.3,Cloudy,N
2024-03-13,Bengaluru,35.1,C,68,95.2,36.7,11.4,Rain,N
14-03-2024,Bengaluru,29.9,C,35,0.0,33.3,7.6,Clear,N
15-03-2024,Bengaluru,33.5,C,53,0.3,unknown,9.6,Cloudy,N
2024-03-16,Bengaluru,27.2,C,85,104.4,28.0,11.7,Rain,no
18-03-2024,Bengaluru,31.7,C,NA,83.6,30.1,5.0,Rain,yes
2024-03-19,Bengaluru,36.0,C,65,0.1,43.3,5.5,Clear,N
2024-03-20,Bengaluru,25.6,C,57,0.9,26.8,4.9,Clear,N
21-03-2024,Bengaluru,33.6,C,98,1.3,5.3,9.9,clear,N
2024-03-22,Bengaluru,34.1,C,53,0.2,41.5,6.1,clear,N
23-03-2024,Bengaluru,29.0,C,59,1.4,6.7,10.1,Clear,N
2024-03-24,Bengaluru,34.0,C,63,42.4,39.9,9.8,Rain,no
25-03-2024,Bengaluru,31.4,,35,1.8,40.3,4.3,Clear,N
26-03-2024,Bengaluru,34.2,C,34,76.0,13.2,4.1,Heavy Rain,Y
2024-03-27,Bengaluru,36.8,,40,1.2,39.0,5.1,Cloudy,N
28-03-2024,Bengaluru,30.7,,36,0.8,31.8,5.1,CLEAR,N
29-03-2024,Bengaluru,32.9,C,72,1.0,6.4,2.8,Fog,N
30-03-2024,Bengaluru,93.3,,91,0.3,32.2,6.9,Cloudy,N
31-03-2024,Bengaluru,93.2,F,73,1.7,34.1,5.8,Cloudy,N
01-04-2024,Bengaluru,34.2,C,54,41.4,37.5,9.6,Rain,Y
2024-04-02,Bengaluru,31.6,C,65,0.7,17.9,7.9,Clear,N
2024-04-03,Bengaluru,31.8,C,57,0.4,15.5,8.0,Clear,N
2024-04-04,Bengaluru,35.9,C,92,0.5,43.2,6.6,Sunny,N
05-04-2024,Bengaluru,30.3,C,40,88.9,39.1,4.1,Rain,yes
06-04-2024,Bengaluru,36.7,C,35,0.9,24.5,7.6,Cloudy,N
07-04-2024,Bengaluru,32.4,,70,64.8,9.3,10.8,Rain,
08-04-2024,Bengaluru,30.0,C,68,0.8,37.0,9.8,clear,N
09-04-2024,Bengaluru,33.8,,31,114.5,30.5,4.8,Heavy Rain,N
2024-04-10,Bengaluru,87.5,F,51,82.2,29.4,4.8,Thunderstorm,N
11-04-2024,Bengaluru,34.0,C,84,0.9,5.4,9.2,Sunny,N
2024-04-12,Bengaluru,30.1,C,43,0.6,34.4,7.8,CLEAR,N
2024-04-13,Bengaluru,87.0,,66,0.2,null,1.3,Fog,N
14-04-2024,Bengaluru,36.5,C,29,1.5,12.0,9.7,Sunny,N
16-04-2024,Bengaluru,33.5,C,34,57.6,16.8,4.9,Rain,
2024-04-17,Bengaluru,28.0,,98,0.7,33.8,6.9,Clear,N
2024-04-18,Bengaluru,31.6,C,67,107.2,34.1,5.9,Rain,N
19-04-2024,Bengaluru,25.6,C,67,81.3,25.5,9.1,Rain,
2024-04-20,Bengaluru,33.5,,57,86.3,10.8,7.5,Rain,yes
2024-04-21,Bengaluru,28.9,C,56,0.1,23.0,10.9,Clear,N
2024-04-22,Bengaluru,78.3,,82,0.5,41.1,6.6,Cloudy,N
2024-04-23,Bengaluru,29.6,C,74,0.8,9.2,4.8,Cloudy,N
24-04-2024,Bengaluru,31.5,C,47,1.0,31.0,6.9,Sunny,N
25-04-2024,Bengaluru,32.0,C,32,86.2,31.3,6.9,Rain,Y
26-04-2024,Bengaluru,29.7,C,70,1.3,31.7,4.2,Clear,N
27-04-2024,Bengaluru,31.1,C,51,0.4,29.5,8.0,Clear,N
28-04-2024,Bengaluru,31.9,C,39,0.4,10.9,8.8,Sunny,N
29-04-2024,Bengaluru,88.2,,60,1.6,9.3,7.3,Cloudy,N
2024-04-30,Bengaluru,27.4,C,64,97.6,20.3,11.8,Thunderstorm,N
2024-05-01,Bengaluru,32.6,,65,0.2,18.3,7.1,Clear,N
2024-05-02,Bengaluru,unknown,,89,0.8,31.3,1.4,Fog,N
03-05-2024,Bengaluru,32.1,C,71,0.4,17.0,4.0,Sunny,N
2024-05-04,Bengaluru,38.5,C,41,0.1,43.3,10.1,Clear,N
05-05-2024,Bengaluru,92.0,F,68,0.1,44.2,1.0,Fog,N
06-05-2024,Bengaluru,34.3,C,37,0.4,41.7,5.5,clear,N
07-05-2024,Bengaluru,,C,85,29.9,37.0,4.4,Rain,N
08-05-2024,Bengaluru,28.6,C,84,112.0,22.6,11.1,Rain,
09-05-2024,Bengaluru,32.0,,87,1.9,38.2,6.0,Sunny,N
2024-05-10,Bengaluru,33.4,C,75,0.9,3.8,11.3,Clear,N
2024-05-11,Bengaluru,33.1,C,97,0.6,9.5,5.5,Clear,N
2024-05-12,Bengaluru,27.4,C,67,0.8,3.2,6.1,Clear,N
13-05-2024,Bengaluru,null,C,97,1.5,40.1,8.1,Clear,N
2024-05-14,Bengaluru,25.7,C,81,0.5,28.3,11.0,clear,N
2024-05-15,Bengaluru,29.7,,40,78.9,8.9,6.4,Thunderstorm,N
16-05-2024,Bengaluru,29.5,,42,0.7,14.8,8.5,Cloudy,N
2024-05-17,Bengaluru,31.7,C,71,1.9,20.3,9.2,Clear,N
18-05-2024,Bengaluru,28.8,,86,70.0,37.6,9.7,Heavy Rain,no
19-05-2024,Bengaluru,30.8,C,93,38.7,unknown,7.0,Rain,no
20-05-2024,Bengaluru,null,C,82,0.5,14.5,9.8,Cloudy,N
21-05-2024,Bengaluru,34.0,C,91,1.0,23.6,8.2,Sunny,N
22-05-2024,Bengaluru,30.0,,38,0.8,18.1,9.4,Clear,N
23-05-2024,Bengaluru,NA,F,78,84.4,41.0,10.7,Thunderstorm,yes
2024-05-24,Bengaluru,unknown,F,59,1.5,21.6,11.7,Sunny,N
25-05-2024,Bengaluru,31.8,,null,1.9,8.2,11.7,Cloudy,N
26-05-2024,Bengaluru,31.4,C,97,0.0,23.7,8.9,Cloudy,N
27-05-2024,Bengaluru,28.4,,61,1.3,10.2,4.0,Clear,N
2024-05-28,Bengaluru,29.7,C,32,0.8,40.1,6.4,Sunny,N
29-05-2024,Bengaluru,31.6,,28,2.0,40.8,3.0,Fog,N
30-05-2024,Bengaluru,23.1,C,92,0.9,38.3,4.8,Clear,N
2024-05-31,Bengaluru,80.0,F,35,74.2,5.0,11.1,Thunderstorm,no
01-06-2024,Bengaluru,21.7,C,65,1.1,14.0,2.3,Fog,N
02-06-2024,Bengaluru,35.0,C,74,0.3,11.7,11.2,Clear,N
2024-06-03,Bengaluru,26.7,,96,0.8,30.7,9.7,Cloudy,N
2024-06-04,Bengaluru,28.1,C,87,0.7,10.9,9.1,Clear,N
05-06-2024,Bengaluru,32.1,C,36,1.8,41.8,5.5,Clear,N
2024-06-06,Bengaluru,24.0,C,86,1.4,38.3,8.7,Cloudy,N
2024-06-07,Bengaluru,79.1,F,53,1.3,9.7,5.9,clear,N
08-06-2024,Bengaluru,80.7,F,72,0.5,31.4,8.0,CLEAR,N
09-06-2024,Bengaluru,31.3,C,78,64.6,18.4,9.8,Heavy Rain,N
10-06-2024,Bengaluru,26.7,,85,1.6,6.5,10.1,Clear,N
2024-06-11,Bengaluru,29.1,,35,0.5,10.3,8.2,Cloudy,N
12-06-2024,Bengaluru,17.7,C,81,1.8,11.8,1.2,Fog,N
2024-06-13,Bengaluru,28.9,C,35,1.0,14.9,6.7,Sunny,N
2024-06-14,Bengaluru,83.9,F,71,1.0,40.8,10.7,Cloudy,N
15-06-2024,Bengaluru,82.0,F,97,1.9,24.7,8.4,CLEAR,N
2024-06-16,Bengaluru,31.3,C,90,1.4,19.6,10.6,Clear,N
17-06-2024,Bengaluru,22.2,C,49,0.1,24.4,8.6,Cloudy,N
2024-06-18,Bengaluru,25.8,C,38,0.2,41.1,10.3,Clear,N
19-06-2024,Bengaluru,28.9,C,63,19.6,43.9,8.3,Rain,yes
2024-06-20,Bengaluru,24.6,C,68,65.2,2.0,9.3,Heavy Rain,yes
21-06-2024,Bengaluru,26.6,C,39,51.3,15.9,9.2,rain,Y
22-06-2024,Bengaluru,24.1,C,30,0.4,37.4,7.8,Cloudy,N
23-06-2024,Bengaluru,32.7,C,85,1.7,24.4,6.1,Clear,N
24-06-2024,Bengaluru,25.8,C,80,36.3,31.7,9.7,Rain,N
25-06-2024,Bengaluru,24.3,,43,1.1,34.4,9.5,Sunny,N
26-06-2024,Bengaluru,26.6,C,28,17.7,38.5,8.0,Rain,Y
27-06-2024,Bengaluru,72.5,,45,0.1,9.1,10.4,Clear,N
28-06-2024,Bengaluru,72.6,,77,0.2,10.2,7.7,Clear,N
29-06-2024,Bengaluru,23.4,C,51,0.2,21.3,7.4,clear,N
2024-06-30,Bengaluru,28.1,C,77,1.7,43.1,8.9,Cloudy,N
01-07-2024,Bengaluru,25.0,C,86,118.0,34.5,11.1,Thunderstorm,
02-07-2024,Bengaluru,77.5,F,59,0.9,11.9,0.3,Fog,N
03-07-2024,Bengaluru,19.9,,55,1.1,36.6,10.0,Clear,N
2024-07-04,Bengaluru,20.0,C,87,1.0,13.1,0.9,Fog,N
05-07-2024,Bengaluru,25.1,C,45,0.3,31.4,4.4,Cloudy,N
2024-07-06,Bengaluru,27.1,C,46,1.4,31.8,7.7,Cloudy,N
2024-07-07,Bengaluru,74.9,,71,1.7,35.6,2.3,Fog,N
2024-07-08,Bengaluru,26.4,C,84,0.8,44.6,8.1,Cloudy,N
2024-07-09,Bengaluru,23.9,C,57,0.1,8.6,10.2,Clear,N
10-07-2024,Bengaluru,77.2,F,72,0.5,20.4,4.3,Clear,N
2024-07-11,Bengaluru,24.6,C,32,1.5,15.1,4.2,Cloudy,N
2024-07-12,Bengaluru,25.8,C,43,0.3,7.2,5.3,Clear,N
13-07-2024,Bengaluru,25.2,,37,0.0,10.1,11.9,Clear,N
2024-07-14,Bengaluru,22.9,C,78,10.2,24.5,11.7,Rain,Y
2024-07-15,Bengaluru,79.5,F,53,88.9,22.6,9.4,Heavy Rain,
2024-07-16,Bengaluru,25.7,,46,0.9,18.9,6.6,clear,N
17-07-2024,Bengaluru,19.3,,74,1.4,27.9,4.5,Clear,N
2024-07-18,Bengaluru,17.0,,29,1.0,12.6,10.4,Clear,N
2024-07-19,Bengaluru,null,,87,1.1,4.1,10.6,Clear,N
20-07-2024,Bengaluru,23.6,,45,60.6,31.5,6.4,Heavy Rain,N
21-07-2024,Bengaluru,21.7,C,48,2.0,19.9,1.5,Fog,N
2024-07-22,Bengaluru,21.5,C,35,1.0,20.6,1.6,Fog,N
2024-07-23,Bengaluru,19.9,,49,0.3,42.9,7.4,Cloudy,N
24-07-2024,Bengaluru,null,,54,0.4,6.3,9.5,clear,N
2024-07-25,Bengaluru,18.7,C,98,0.0,7.6,4.7,Sunny,N
2024-07-26,Bengaluru,18.3,,85,116.2,14.2,6.9,Rain,N
2024-07-27,Bengaluru,16.7,C,84,69.2,2.1,5.6,Rain,N
2024-07-28,Bengaluru,15.2,C,28,0.5,36.1,11.2,Clear,N
29-07-2024,Bengaluru,25.3,,32,0.4,30.5,8.2,Clear,N
2024-07-30,Bengaluru,24.1,C,72,1.8,11.3,5.0,CLEAR,N
31-07-2024,Bengaluru,24.3,,48,83.6,39.5,8.4,rain,no
01-08-2024,Bengaluru,16.2,C,38,72.8,24.1,12.0,Rain,N
2024-08-02,Bengaluru,19.1,C,95,86.7,10.0,6.1,Rain,no
03-08-2024,Bengaluru,22.0,C,69,0.5,20.6,5.5,clear,N
2024-08-04,Bengaluru,24.7,C,64,1.3,39.3,8.8,clear,N
2024-08-05,Bengaluru,19.4,C,88,0.6,39.1,4.8,Clear,N
06-08-2024,Bengaluru,20.2,,68,0.3,35.7,11.2,Sunny,N
2024-08-07,Bengaluru,17.3,C,40,50.5,10.7,6.8,Rain,yes
2024-08-08,Bengaluru,21.9,C,58,0.4,30.3,11.1,Clear,N
09-08-2024,Bengaluru,null,,69,23.1,28.0,11.3,Rain,no
10-08-2024,Bengaluru,17.4,,69,1.0,6.0,10.2,Clear,N
2024-08-11,Bengaluru,15.8,C,83,1.8,25.2,5.4,CLEAR,N
12-08-2024,Bengaluru,21.5,C,51,63.3,5.1,6.7,Rain,
13-08-2024,Bengaluru,23.0,C,36,0.8,19.4,10.0,Sunny,N
14-08-2024,Bengaluru,17.0,,39,1.4,40.2,8.2,Clear,N
15-08-2024,Bengaluru,19.3,C,87,0.3,6.4,6.9,Cloudy,N
2024-08-17,Bengaluru,20.2,C,96,0.7,16.9,10.3,Clear,N
2024-08-18,Bengaluru,19.7,C,46,55.2,20.4,5.1,Rain,N
2024-08-19,Bengaluru,  ,C,57,0.8,13.9,7.6,Clear,N
20-08-2024,Bengaluru,20.3,C,56,0.5,20.4,8.4,Sunny,N
21-08-2024,Bengaluru,13.9,C,52,0.6,9.0,4.9,Clear,N
22-08-2024,Bengaluru,24.9,C,77,0.7,13.7,10.8,CLEAR,N
23-08-2024,Bengaluru,14.1,C,64,1.7,33.6,11.4,Sunny,N
24-08-2024,Bengaluru,13.4,C,79,0.2,42.3,1.7,Fog,N
2024-08-25,Bengaluru,56.8,F,81,0.1,25.7,10.3,clear,N
26-08-2024,Bengaluru,16.0,C,71,1.1,5.4,7.0,clear,N
2024-08-27,Bengaluru,16.5,C,32,100.2,40.6,8.9,Rain,
28-08-2024,Bengaluru,20.7,,65,0.6,21.3,5.8,Clear,N
2024-08-29,Bengaluru,23.6,C,76,0.3,21.3,10.1,Cloudy,N
30-08-2024,Bengaluru,16.5,C,79,0.4,34.7,10.1,CLEAR,N
31-08-2024,Bengaluru,17.8,C,84,0.4,16.6,5.0,Clear,N
01-09-2024,Bengaluru,17.7,C,82,0.2,39.0,11.7,Cloudy,N
02-09-2024,Bengaluru,14.1,C,98,0.7,27.5,5.4,CLEAR,N
03-09-2024,Bengaluru,15.5,C,58,81.9,16.2,9.6,Rain,
04-09-2024,Bengaluru,59.5,F,88,1.9,33.4,11.5,Cloudy,N
2024-09-05,Bengaluru,66.2,F,68,1.2,23.1,8.5,Cloudy,N
2024-09-06,Bengaluru,13.3,C,64,0.2,28.8,9.6,clear,N
2024-09-07,Bengaluru,21.5,,52,1.3,25.9,10.2,clear,N
08-09-2024,Bengaluru,17.8,,30,1.2,19.6,9.1,Clear,N
2024-09-09,Bengaluru,17.7,,79,64.7,26.2,7.0,Rain,N
10-09-2024,Bengaluru,18.5,C,78,1.6,32.9,2.9,Fog,N
2024-09-11,Bengaluru,21.0,,76,1.7,9.9,8.4,Clear,N
12-09-2024,Bengaluru,15.8,,85,0.1,41.8,10.4,Cloudy,N
13-09-2024,Bengaluru,15.3,,64,117.2,42.5,7.2,Rain,N
14-09-2024,Bengaluru,20.7,C,65,0.9,44.0,7.4,CLEAR,N
2024-09-15,Bengaluru,13.2,C,36,1.5,14.3,9.7,Clear,N
2024-09-16,Bengaluru,15.1,C,87,114.3,14.5,4.5,Heavy Rain,N
17-09-2024,Bengaluru,15.1,C,96,2.0,42.0,9.0,Clear,N
18-09-2024,Bengaluru,21.2,C,61,0.7,39.9,8.9,Cloudy,N
19-09-2024,Bengaluru,N/A,C,45,1.4,39.6,8.6,Clear,N
20-09-2024,Bengaluru,16.6,C,70,28.1,7.0,5.0,Rain,N
21-09-2024,Bengaluru,21.2,C,92,1.9,42.8,10.5,clear,N
2024-09-22,Bengaluru,71.0,,76,69.1,15.9,10.6,Rain,N
2024-09-23,Bengaluru,11.5,C,64,0.9,23.5,5.5,Clear,N
24-09-2024,Bengaluru,13.2,,63,31.4,36.6,7.8,Heavy Rain,yes
2024-09-25,Bengaluru,20.8,C,68,36.4,4.8,4.2,Heavy Rain,N
26-09-2024,Bengaluru,16.9,C,N/A,117.1,35.5,9.8,Heavy Rain,no
2024-09-27,Bengaluru,19.9,C,97,1.1,42.4,7.2,Cloudy,N
28-09-2024,Bengaluru,17.8,C,53,0.5,12.2,5.2,Clear,N
29-09-2024,Bengaluru,15.8,,34,0.4,28.8,8.6,Clear,N
2024-09-30,Bengaluru,15.6,,63,0.2,34.7,2.3,Fog,N
2024-10-01,Bengaluru,18.6,,49,17.7,36.7,7.7,rain,N
2024-10-02,Bengaluru,19.7,C,74,0.8,32.9,5.8,Cloudy,N
03-10-2024,Bengaluru,20.7,,46,1.1,37.3,6.2,Clear,N
04-10-2024,Bengaluru,63.7,F,45,0.0,13.0,4.8,Clear,N
2024-10-05,Bengaluru,18.4,C,48,0.9,6.6,8.8,Cloudy,N
2024-10-06,Bengaluru,17.1,C,61,1.2,38.2,8.9,Clear,N
2024-10-07,Bengaluru,16.2,C,69,1.1,29.0,9.2,Cloudy,N
2024-10-08,Bengaluru,17.1,C,51,64.1,3.6,6.1,rain,Y
2024-10-09,Bengaluru,58.7,F,47,101.0,23.6,10.5,Rain,
2024-10-10,Bengaluru,N/A,,79,7.3,16.3,5.1,rain,Y
2024-10-11,Bengaluru,12.0,,94,1.8,null,7.1,Clear,N
12-10-2024,Bengaluru,8.8,C,52,1.7,21.5,7.4,CLEAR,N
13-10-2024,Bengaluru,14.3,C,31,26.1,37.8,7.5,Rain,
2024-10-14,Bengaluru,9.9,C,88,1.2,40.2,10.8,Clear,N
15-10-2024,Bengaluru,20.8,,77,1.7,44.1,8.3,clear,N
2024-10-16,Bengaluru,15.2,C,73,1.7,12.7,9.1,Clear,N
17-10-2024,Bengaluru,16.8,,54,38.8,27.4,6.1,Heavy Rain,
18-10-2024,Bengaluru,NA,,65,71.0,12.4,9.9,Thunderstorm,yes
2024-10-19,Bengaluru,17.2,C,NA,72.5,31.4,5.0,rain,
2024-10-20,Bengaluru,69.0,F,45,0.5,22.2,6.1,Cloudy,N
21-10-2024,Bengaluru,64.1,F,77,89.8,4.0,9.6,Thunderstorm,no
2024-10-22,Bengaluru,12.4,C,91,0.4,9.6,8.8,Cloudy,N
2024-10-23,Bengaluru,16.2,C,42,1.6,N/A,8.0,Cloudy,N
24-10-2024,Bengaluru,21.3,C,87,68.5,33.1,8.6,Heavy Rain,N
2024-10-25,Bengaluru,22.7,,75,1.5,16.9,4.4,Cloudy,N
2024-10-26,Bengaluru,21.6,C,46,1.3,4.7,5.0,Cloudy,N
27-10-2024,Bengaluru,64.7,,86,115.7,42.9,10.4,rain,no
2024-10-28,Bengaluru,15.7,,80,0.9,26.4,4.8,Clear,N
29-10-2024,Bengaluru,16.7,C,59,5.2,39.6,4.1,Rain,yes
30-10-2024,Bengaluru,15.5,,82,1.9,24.8,4.4,clear,N
2024-10-31,Bengaluru,16.4,C,46,1.4,34.5,2.9,Fog,N
2024-11-01,Bengaluru,13.3,C,null,62.9,7.0,5.5,Thunderstorm,N
2024-11-02,Bengaluru,14.8,,90,27.2,24.9,7.4,Heavy Rain,yes
2024-11-03,Bengaluru,19.2,C,42,0.7,7.5,5.0,clear,N
2024-11-06,Bengaluru,18.9,C,41,0.1,5.7,12.0,Sunny,N
2024-11-07,Bengaluru,18.2,C,43,13.8,26.2,7.8,rain,Y
2024-11-08,Bengaluru,12.0,C,33,1.8,37.2,9.2,Cloudy,N
2024-11-09,Bengaluru,8.9,C,77,1.3,29.2,5.3,Clear,N
10-11-2024,Bengaluru,14.4,C,45,1.0,42.8,8.8,Clear,N
2024-11-11,Bengaluru,75.9,F,58,65.4,22.7,10.3,Heavy Rain,Y
12-11-2024,Bengaluru,22.0,C,29,8.3,18.2,9.4,Rain,no
2024-11-13,Bengaluru,18.8,C,67,0.0,29.2,10.2,Clear,N
2024-11-14,Bengaluru,21.0,,46,38.5,43.0,7.8,Rain,no
2024-11-15,Bengaluru,NA,C,43,0.4,8.9,6.5,Cloudy,N
2024-11-16,Bengaluru,19.6,C,83,93.0,37.6,5.2,Rain,N
2024-11-17,Bengaluru,11.8,,43,0.7,23.9,7.3,clear,N
18-11-2024,Bengaluru,18.6,,93,0.8,34.4,6.9,Cloudy,N
2024-11-19,Bengaluru,19.0,C,38,0.0,31.2,4.3,clear,N
20-11-2024,Bengaluru,15.9,C,82,17.3,17.8,9.6,Rain,N
2024-11-21,Bengaluru,20.2,,76,35.2,16.8,5.7,Heavy Rain,no
2024-11-22,Bengaluru,17.4,,71,0.2,9.9,4.9,Clear,N
2024-11-23,Bengaluru,,F,40,0.8,44.2,9.5,Clear,N
24-11-2024,Bengaluru,16.9,C,70,15.5,23.6,8.9,Heavy Rain,N
2024-11-25,Bengaluru,null,C,68,0.8,5.9,4.8,Clear,N
2024-11-26,Bengaluru,17.3,C,30,34.8,43.0,6.1,Thunderstorm,yes
2024-11-27,Bengaluru,19.9,C,53,1.8,15.5,12.0,Clear,N
2024-11-28,Bengaluru,17.1,C,57,0.0,15.8,4.2,Cloudy,N
29-11-2024,Bengaluru,15.8,C,77,1.6,33.2,5.2,CLEAR,N
2024-11-30,Bengaluru,18.0,C,86,1.4,10.8,10.4,Clear,N
2024-12-01,Bengaluru,22.2,C,53,1.2,43.6,4.4,CLEAR,N
2024-12-03,Bengaluru,21.1,,63,1.9,19.1,7.0,Clear,N
04-12-2024,Bengaluru,78.1,,N/A,2.0,13.9,7.4,Cloudy,N
2024-12-05,Bengaluru,NA,,71,0.7,26.9,11.8,Clear,N
2024-12-06,Bengaluru,20.9,,61,1.5,2.4,4.6,clear,N
2024-12-07,Bengaluru,21.3,C,67,0.1,36.0,0.5,Fog,N
08-12-2024,Bengaluru,17.7,C,81,0.1,10.6,9.7,Cloudy,N
09-12-2024,Bengaluru,64.6,,58,86.9,42.7,11.5,Heavy Rain,Y
2024-12-10,Bengaluru,28.5,,30,0.9,-,10.7,Clear,N
2024-12-11,Bengaluru,16.6,C,59,0.5,43.1,11.6,Clear,N
12-12-2024,Bengaluru,23.2,C,87,1.3,17.5,10.6,Sunny,N
15-12-2024,Bengaluru,24.7,,74,1.3,42.8,10.1,clear,N
2024-12-16,Bengaluru,22.8,,59,1.7,36.7,10.7,Cloudy,N
2024-12-17,Bengaluru,65.1,F,88,0.8,40.8,8.0,Clear,N
18-12-2024,Bengaluru,23.5,,86,118.0,8.8,5.4,rain,
2024-12-19,Bengaluru,23.7,C,55,1.3,35.4,11.6,Cloudy,N
2024-12-20,Bengaluru,76.7,,73,98.6,  ,8.8,Rain,
2024-12-21,Bengaluru,24.2,C,96,74.0,5.8,8.0,Rain,Y
22-12-2024,Bengaluru,25.9,C,98,0.2,25.0,6.5,Cloudy,N
23-12-2024,Bengaluru,25.5,,90,32.7,3.1,10.1,Rain,
24-12-2024,Bengaluru,-,C,42,101.1,18.9,10.9,Rain,yes
25-12-2024,Bengaluru,23.7,C,41,111.8,17.4,5.1,Heavy Rain,yes
26-12-2024,Bengaluru,23.0,,46,51.4,2.1,10.2,Rain,no
2024-12-27,Bengaluru,22.4,,55,41.1,34.2,9.5,Thunderstorm,yes
28-12-2024,Bengaluru,28.0,C,60,1.3,18.4,6.3,Sunny,N
2024-12-29,Bengaluru,22.8,C,65,64.1,20.6,5.5,Rain,N
30-12-2024,Bengaluru,21.1,C,82,17.9,4.7,4.2,Rain,
31-12-2024,Bengaluru,26.2,C,93,0.7,11.4,2.5,Fog,N
2025-01-01,Bengaluru,19.4,,44,67.6,36.7,6.7,Rain,N
2025-01-02,Bengaluru,76.5,F,97,65.3,33.9,6.2,Rain,
03-01-2025,Bengaluru,78.0,F,90,0.1,12.9,4.5,Sunny,N
2025-01-04,Bengaluru,24.3,,N/A,0.9,3.3,7.1,Cloudy,N
05-01-2025,Bengaluru,23.6,C,93,41.5,42.9,4.5,Thunderstorm,N
2025-01-06,Bengaluru,null,C,97,64.5,43.1,8.6,Rain,no
2025-01-07,Bengaluru,34.0,C,92,119.6,19.4,5.0,Heavy Rain,Y
08-01-2025,Bengaluru,18.7,C,,67.8,23.4,7.4,Thunderstorm,N
2025-01-09,Bengaluru,24.6,C,45,0.1,6.8,0.5,Fog,N
2025-01-10,Bengaluru,25.2,C,36,1.9,39.1,10.0,Clear,N
2025-01-11,Bengaluru,23.7,C,85,1.0,13.9,9.3,Cloudy,N
2025-01-12,Bengaluru,27.2,C,58,1.2,27.1,7.1,Cloudy,N
13-01-2025,Bengaluru,23.3,C,null,0.7,null,2.8,Fog,N
14-01-2025,Bengaluru,26.6,C,53,0.1,33.5,11.0,Sunny,N
2025-01-16,Bengaluru,24.0,,45,0.3,42.9,10.1,Sunny,N
17-01-2025,Bengaluru,22.1,C,54,1.5,28.0,9.0,Clear,N
18-01-2025,Bengaluru,31.1,C,51,1.9,11.6,10.4,Cloudy,N
19-01-2025,Bengaluru,26.1,,89,88.9,2.7,9.6,Rain,yes
2025-01-20,Bengaluru,26.3,C,67,70.3,41.5,8.2,rain,N
21-01-2025,Bengaluru,32.8,C,35,74.3,24.5,4.0,Rain,no
2025-01-22,Bengaluru,31.0,C,53,0.4,30.1,6.9,Cloudy,N
23-01-2025,Bengaluru,78.7,F,69,1.2,13.6,10.0,Sunny,N
2025-01-24,Bengaluru,26.2,C,51,84.4,41.1,9.2,rain,
2025-01-25,Bengaluru,29.0,,72,0.5,36.3,9.9,Cloudy,N
2025-01-26,Bengaluru,76.3,F,35,0.8,23.9,5.6,Clear,N
27-01-2025,Bengaluru,26.9,C,36,1.8,9.3,4.1,Sunny,N
2025-01-28,Bengaluru,81.3,,82,1.6,22.8,7.3,Clear,N
2025-01-29,Bengaluru,28.5,C,63,48.3,31.8,7.9,Rain,Y
30-01-2025,Bengaluru,29.5,C,61,1.1,24.2,10.5,Clear,N
31-01-2025,Bengaluru,28.9,C,61,1.3,9.5,8.5,Cloudy,N
01-02-2025,Bengaluru,25.5,C,  ,0.8,18.6,4.2,Sunny,N
2025-02-02,Bengaluru,25.9,,76,0.5,8.4,8.4,clear,N
03-02-2025,Bengaluru,32.9,C,36,0.2,8.0,10.6,Clear,N
04-02-2025,Bengaluru,32.3,C,46,86.9,26.8,10.3,Thunderstorm,
05-02-2025,Bengaluru,31.6,C,29,0.1,2.8,6.8,Clear,N
06-02-2025,Bengaluru,32.9,C,57,0.5,23.4,8.4,Sunny,N
07-02-2025,Bengaluru,32.7,C,32,1.6,16.1,2.1,Fog,N
2025-02-08,Bengaluru,NA,,  ,0.7,4.3,5.4,Clear,N
09-02-2025,Bengaluru,29.8,,96,0.3,37.7,11.4,Clear,N
10-02-2025,Bengaluru,  ,C,56,0.1,40.1,10.2,Cloudy,N
11-02-2025,Bengaluru,24.3,C,60,0.6,43.9,5.6,Cloudy,N
12-02-2025,Bengaluru,29.4,,91,0.2,42.5,1.8,Fog,N
2025-02-13,Bengaluru,29.1,,66,1.0,41.3,10.2,Cloudy,N
2025-02-14,Bengaluru,81.0,F,60,1.5,9.0,6.3,Cloudy,N
15-02-2025,Bengaluru,31.0,C,91,38.6,14.3,10.5,Heavy Rain,N
16-02-2025,Bengaluru,28.0,,58,1.4,41.3,10.3,clear,N
17-02-2025,Bengaluru,32.3,C,59,0.4,10.2,5.9,Clear,N
2025-02-18,Bengaluru,36.0,C,67,0.6,23.4,2.9,Fog,N
19-02-2025,Bengaluru,27.7,C,89,0.8,3.1,7.3,Clear,N
20-02-2025,Bengaluru,84.4,,50,1.9,43.4,11.0,Cloudy,N
2025-02-21,Bengaluru,,C,95,1.3,39.5,9.1,Cloudy,N
22-02-2025,Bengaluru,30.5,C,85,0.9,7.7,5.2,Clear,N
2025-02-23,Bengaluru,29.6,C,62,1.6,3.9,4.1,Sunny,N
24-02-2025,Bengaluru,26.9,C,44,1.5,36.7,8.7,Cloudy,N
25-02-2025,Bengaluru,22.1,C,46,89.4,44.5,5.3,Rain,N
26-02-2025,Bengaluru,  ,C,57,0.4,29.0,6.6,Sunny,N
2025-02-27,Bengaluru,29.2,C,37,82.9,14.9,11.1,Rain,no
2025-02-28,Bengaluru,35.7,C,90,1.3,24.5,5.8,Clear,N
01-03-2025,Bengaluru,32.9,,37,1.7,24.2,12.0,Clear,N
2025-03-02,Bengaluru,24.3,C,73,1.4,43.3,11.8,Cloudy,N
03-03-2025,Bengaluru,28.0,,87,9.1,29.7,6.6,Heavy Rain,Y
04-03-2025,Bengaluru,31.2,C,74,78.6,9.4,9.3,Heavy Rain,N
2025-03-05,Bengaluru,28.8,C,55,0.0,44.2,5.5,Clear,N
2025-03-06,Bengaluru,82.9,,81,1.9,32.7,8.6,clear,N
07-03-2025,Bengaluru,28.4,C,73,103.2,14.6,4.3,Rain,N
2025-03-08,Bengaluru,93.4,F,40,2.0,6.5,7.8,Clear,N
09-03-2025,Bengaluru,30.5,,95,24.0,24.7,9.7,Rain,N
2025-03-10,Bengaluru,34.5,C,47,0.9,12.1,6.7,Clear,N
11-03-2025,Bengaluru,35.7,C,50,93.3,37.2,9.7,Heavy Rain,N
12-03-2025,Bengaluru,34.7,C,  ,23.9,27.9,10.2,Thunderstorm,
2025-03-13,Bengaluru,29.6,C,34,0.6,29.3,5.7,Clear,N
2025-03-14,Bengaluru,31.2,,97,0.2,21.9,11.7,Clear,N
2025-03-15,Bengaluru,33.1,C,56,0.6,35.5,2.4,Fog,N
2025-03-16,Bengaluru,30.1,,41,0.6,37.5,5.8,clear,N
17-03-2025,Bengaluru,26.0,,98,33.7,43.9,6.5,Rain,N
18-03-2025,Bengaluru,31.0,C,71,0.8,10.4,5.9,CLEAR,N
2025-03-19,Bengaluru,29.8,C,51,0.4,16.0,1.2,Fog,N
20-03-2025,Bengaluru,28.6,C,89,74.6,3.5,8.5,Rain,Y
2025-03-21,Bengaluru,,,91,1.8,8.4,6.2,Cloudy,N
2025-03-22,Bengaluru,33.1,C,71,114.3,14.1,7.3,Rain,N
23-03-2025,Bengaluru,31.7,C,86,91.3,9.1,4.8,Thunderstorm,Y
2025-03-24,Bengaluru,37.8,C,31,0.2,28.3,7.7,Cloudy,N
25-03-2025,Bengaluru,30.2,C,67,1.2,43.8,2.0,Fog,N
26-03-2025,Bengaluru,32.3,,64,0.6,40.8,8.0,Cloudy,N
27-03-2025,Bengaluru,33.1,,92,0.4,16.7,1.0,Fog,N
2025-03-28,Bengaluru,28.2,,45,1.2,13.3,6.3,Clear,N
2025-03-29,Bengaluru,34.6,,42,1.1,28.4,9.7,Clear,N
2025-03-30,Bengaluru,31.9,,98,1.0,38.4,7.4,Clear,N
31-03-2025,Bengaluru,30.8,C,66,1.2,2.7,1.7,Fog,N
2025-04-01,Bengaluru,93.4,F,88,0.3,8.1,11.2,Sunny,N
2025-04-02,Bengaluru,30.8,,51,35.0,31.2,5.5,rain,
03-04-2025,Bengaluru,32.2,C,57,1.2,23.8,7.1,Clear,N
04-04-2025,Bengaluru,34.7,C,32,38.1,3.6,4.8,Rain,Y
05-04-2025,Bengaluru,35.3,C,31,1.6,20.1,5.7,Clear,N
2025-04-06,Bengaluru,32.1,C,94,0.5,19.6,7.6,Cloudy,N
07-04-2025,Bengaluru,34.6,C,71,0.5,22.2,11.8,Clear,N
08-04-2025,Bengaluru,35.6,,89,27.6,14.7,5.0,Heavy Rain,N
09-04-2025,Bengaluru,33.4,,58,1.0,36.3,10.3,Clear,N
10-04-2025,Bengaluru,88.1,F,45,0.8,42.0,10.8,Cloudy,N
11-04-2025,Bengaluru,32.6,C,42,0.7,39.5,11.1,Cloudy,N
2025-04-12,Bengaluru,93.6,F,65,0.5,14.9,4.1,Clear,N
13-04-2025,Bengaluru,90.8,F,87,1.0,11.6,7.1,Sunny,N
14-04-2025,Bengaluru,32.9,C,85,1.0,17.4,0.6,Fog,N
2025-04-15,Bengaluru,37.2,,46,0.1,34.0,10.2,Clear,N
2025-04-16,Bengaluru,35.4,C,58,85.8,4.8,11.5,Rain,yes
2025-04-17,Bengaluru,29.2,C,  ,1.1,41.7,2.5,Fog,N
2025-04-18,Bengaluru,31.8,C,95,78.6,32.1,8.2,Heavy Rain,N
19-04-2025,Bengaluru,25.2,,91,1.0,44.0,6.3,clear,N
2025-04-20,Bengaluru,31.5,C,37,5.5,45.0,10.6,Thunderstorm,Y
21-04-2025,Bengaluru,30.5,,34,0.3,17.5,10.1,clear,N
22-04-2025,Bengaluru,28.9,,90,1.5,19.5,5.0,Sunny,N
2025-04-23,Bengaluru,31.4,C,76,35.5,3.4,7.7,Rain,N
24-04-2025,Bengaluru,29.6,C,38,0.0,37.6,4.8,Sunny,N
25-04-2025,Bengaluru,34.4,,41,103.7,6.3,7.0,rain,no
26-04-2025,Bengaluru,39.7,C,45,0.7,40.1,6.8,Cloudy,N
27-04-2025,Bengaluru,27.5,,49,0.5,12.4,5.5,Cloudy,N
2025-04-28,Bengaluru,35.0,,81,65.2,40.9,4.1,Thunderstorm,N
2025-04-29,Bengaluru,28.3,C,84,0.8,32.8,7.5,clear,N
30-04-2025,Bengaluru,29.4,C,96,105.0,4.1,10.5,Rain,N
01-05-2025,Bengaluru,31.1,C,67,1.5,35.3,5.6,Cloudy,N
2025-05-02,Bengaluru,N/A,F,98,1.7,17.3,8.9,Clear,N
03-05-2025,Bengaluru,29.2,C,43,1.6,20.0,11.5,Cloudy,N
2025-05-04,Bengaluru,32.3,C,48,17.3,18.1,11.1,Heavy Rain,N
2025-05-05,Bengaluru,29.3,,85,1.9,42.4,4.0,Cloudy,N
06-05-2025,Bengaluru,33.8,C,30,2.0,9.2,6.1,clear,N
07-05-2025,Bengaluru,26.1,C,36,0.6,30.8,0.3,Fog,N
08-05-2025,Bengaluru,28.8,C,56,0.7,10.2,6.7,Clear,N
2025-05-09,Bengaluru,27.6,C,57,0.2,29.5,8.8,Clear,N
10-05-2025,Bengaluru,33.2,,70,1.9,3.4,10.2,CLEAR,N
11-05-2025,Bengaluru,29.1,C,49,51.3,9.1,9.4,Rain,Y
2025-05-12,Bengaluru,26.4,C,56,0.3,5.7,9.3,Clear,N
13-05-2025,Bengaluru,35.5,C,41,0.9,6.5,8.5,Clear,N
2025-05-14,Bengaluru,27.2,C,77,0.1,8.2,6.3,Cloudy,N
15-05-2025,Bengaluru,84.0,F,65,0.5,6.9,7.8,Cloudy,N
17-05-2025,Bengaluru,26.2,C,null,0.3,12.7,9.0,Cloudy,N
18-05-2025,Bengaluru,31.7,,30,74.7,19.5,8.3,rain,
2025-05-19,Bengaluru,92.7,F,96,0.8,20.0,2.4,Fog,N
2025-05-20,Bengaluru,29.6,C,46,0.4,30.1,5.1,Sunny,N
2025-05-21,Bengaluru,34.1,C,53,87.6,28.7,6.4,Rain,
2025-05-22,Bengaluru,32.7,C,41,67.4,24.2,6.3,Heavy Rain,no
2025-05-23,Bengaluru,25.8,C,49,48.1,26.2,7.4,Thunderstorm,no
2025-05-24,Bengaluru,26.8,C,66,1.8,7.3,4.8,Cloudy,N
2025-05-25,Bengaluru,27.8,C,33,1.2,4.3,11.1,Cloudy,N
2025-05-26,Bengaluru,24.5,C,52,0.9,22.9,7.3,Clear,N
2025-05-27,Bengaluru,24.8,C,50,105.7,29.1,11.7,Heavy Rain,yes
28-05-2025,Bengaluru,31.2,C,89,71.6,9.5,8.8,Rain,N
2025-05-29,Bengaluru,75.6,F,63,99.5,18.3,9.7,Thunderstorm,Y
30-05-2025,Bengaluru,null,C,32,86.7,23.8,5.1,Thunderstorm,
2025-05-31,Bengaluru,26.9,C,NA,0.4,27.3,4.4,CLEAR,N
01-06-2025,Bengaluru,26.2,C,55,21.4,6.1,5.6,Thunderstorm,N
2025-06-02,Bengaluru,24.2,C,35,14.6,18.9,11.9,Rain,N
2025-06-03,Bengaluru,23.9,C,53,1.4,41.8,4.7,Cloudy,N
2025-06-04,Bengaluru,26.8,C,39,1.9,9.7,7.9,Clear,N
05-06-2025,Bengaluru,24.9,C,89,112.8,26.8,10.8,Heavy Rain,yes
2025-06-06,Bengaluru,26.6,C,45,108.0,6.8,9.2,rain,no
07-06-2025,Bengaluru,25.0,C,90,0.8,39.2,7.0,Clear,N
2025-06-08,Bengaluru,26.1,C,41,0.2,8.1,6.5,Clear,N
2025-06-09,Bengaluru,72.8,F,51,0.7,N/A,7.8,Clear,N
10-06-2025,Bengaluru,22.4,C,62,74.2,34.2,10.9,Thunderstorm,no
11-06-2025,Bengaluru,25.0,C,44,93.3,13.2,6.3,Rain,
12-06-2025,Bengaluru,23.7,C,38,92.5,40.9,9.0,Heavy Rain,N
13-06-2025,Bengaluru,23.1,C,88,83.8,30.4,6.6,Heavy Rain,no
14-06-2025,Bengaluru,29.3,C,53,0.6,29.5,4.8,Clear,N
2025-06-15,Bengaluru,24.8,C,38,97.2,43.6,9.3,rain,yes
16-06-2025,Bengaluru,28.6,C,84,1.1,12.8,9.0,Clear,N
17-06-2025,Bengaluru,72.2,,40,0.2,4.8,5.5,Sunny,N
2025-06-18,Bengaluru,20.3,C,71,1.3,10.5,10.8,Cloudy,N
2025-06-19,Bengaluru,23.8,C,84,1.5,9.2,8.4,Cloudy,N
20-06-2025,Bengaluru,29.9,C,89,1.7,42.4,7.7,Clear,N
21-06-2025,Bengaluru,25.9,C,29,1.4,7.9,8.3,Cloudy,N
2025-06-22,Bengaluru,unknown,C,90,1.5,6.4,4.1,Clear,N
2025-06-23,Bengaluru,29.2,C,83,96.8,17.5,8.2,Rain,N
24-06-2025,Bengaluru,26.1,,66,99.0,18.1,6.0,Heavy Rain,
25-06-2025,Bengaluru,26.6,C,51,34.7,21.8,7.6,Rain,
2025-06-26,Bengaluru,27.1,C,86,0.9,4.4,7.2,Sunny,N
27-06-2025,Bengaluru,30.4,,32,0.9,24.9,7.8,Sunny,N
28-06-2025,Bengaluru,23.3,C,41,1.5,44.4,10.3,Clear,N
29-06-2025,Bengaluru,25.0,,59,30.6,35.2,7.6,Rain,N
2025-06-30,Bengaluru,32.4,,75,17.3,35.6,5.4,Heavy Rain,no
01-07-2025,Bengaluru,23.3,C,62,1.6,19.3,5.8,Clear,N
2024-01-01,Mysuru,21.1,C,58,0.6,34.3,6.3,Clear,N
2024-01-02,Mysuru,26.8,,NA,6.8,40.4,6.8,Thunderstorm,
03-01-2024,Mysuru,24.7,C,53,0.0,19.1,4.8,Clear,N
2024-01-04,Mysuru,26.0,C,95,1.9,43.4,4.6,Cloudy,N
05-01-2024,Mysuru,23.6,C,76,1.9,32.2,5.1,Cloudy,N
06-01-2024,Mysuru,74.5,,97,1.7,29.4,4.9,clear,N
2024-01-07,Mysuru,N/A,,66,0.9,31.8,5.2,clear,N
2024-01-08,Mysuru,25.7,C,93,0.0,5.1,0.8,Fog,N
2024-01-09,Mysuru,25.9,C,87,69.4,41.8,7.6,Rain,
11-01-2024,Mysuru,26.4,C,88,34.5,23.0,7.8,rain,N
12-01-2024,Mysuru,80.5,,77,0.5,8.8,5.8,CLEAR,N
2024-01-13,Mysuru,28.9,C,73,1.1,27.0,4.2,Cloudy,N
2024-01-14,Mysuru,29.9,C,66,0.7,21.4,5.8,Sunny,N
15-01-2024,Mysuru,27.6,C,32,1.8,33.3,4.8,Clear,N
16-01-2024,Mysuru,25.4,C,79,0.0,37.4,5.1,CLEAR,N
17-01-2024,Mysuru,31.7,C,72,101.4,29.8,7.1,rain,Y
2024-01-18,Mysuru,27.8,C,94,0.4,31.1,5.8,Clear,N
19-01-2024,Mysuru,27.4,C,32,98.8,17.9,11.9,Rain,N
2024-01-20,Mysuru,29.3,C,97,92.3,19.7,11.9,Rain,yes
2024-01-21,Mysuru,25.7,C,34,0.3,11.1,11.6,Clear,N
22-01-2024,Mysuru,23.8,C,73,100.6,9.9,8.1,Rain,
23-01-2024,Mysuru,26.8,,38,0.8,13.5,6.9,Cloudy,N
24-01-2024,Mysuru,27.2,C,52,0.1,33.6,11.9,Cloudy,N
2024-01-25,Mysuru,26.3,C,34,0.8,37.1,9.3,Clear,N
26-01-2024,Mysuru,91.6,F,null,17.8,26.1,11.7,rain,
27-01-2024,Mysuru,34.9,C,41,1.0,21.7,6.0,Cloudy,N
28-01-2024,Mysuru,28.9,,98,1.9,10.5,8.9,Cloudy,N
29-01-2024,Mysuru,25.8,C,98,84.8,41.1,10.5,Heavy Rain,N
30-01-2024,Mysuru,24.0,C,66,43.6,34.9,7.4,Heavy Rain,Y
2024-01-31,Mysuru,27.4,,76,1.1,23.1,10.0,Sunny,N
01-02-2024,Mysuru,32.4,C,84,1.6,8.3,0.5,Fog,N
03-02-2024,Mysuru,27.2,C,57,1.4,6.3,10.9,Cloudy,N
2024-02-04,Mysuru,27.5,C,91,1.0,27.8,10.5,Clear,N
2024-02-05,Mysuru,24.3,C,62,1.3,18.6,11.2,Clear,N
06-02-2024,Mysuru,30.5,C,76,1.9,25.6,11.9,Sunny,N
07-02-2024,Mysuru,31.0,C,94,1.5,22.2,10.0,Cloudy,N
2024-02-08,Mysuru,30.1,C,81,0.5,43.5,0.4,Fog,N
09-02-2024,Mysuru,83.1,F,unknown,1.5,44.7,10.0,Cloudy,N
2024-02-10,Mysuru,32.0,,75,0.3,3.8,1.3,Fog,N
2024-02-11,Mysuru,30.2,C,38,75.3,19.2,7.9,Rain,N
12-02-2024,Mysuru,31.6,C,46,1.3,21.0,2.0,Fog,N
13-02-2024,Mysuru,26.5,,39,8.0,21.0,6.4,Heavy Rain,
2024-02-14,Mysuru,33.7,C,53,0.9,9.7,6.2,Clear,N
2024-02-15,Mysuru,30.5,C,95,1.4,3.5,5.7,Cloudy,N
16-02-2024,Mysuru,29.3,C,46,0.6,7.3,4.5,Clear,N
2024-02-17,Mysuru,27.9,C,69,1.2,38.0,6.5,Clear,N
2024-02-18,Mysuru,28.8,C,94,0.9,40.4,10.1,Clear,N
2024-02-19,Mysuru,31.4,,44,0.8,35.6,7.0,Cloudy,N
20-02-2024,Mysuru,28.4,C,84,0.3,3.7,8.4,Clear,N
2024-02-21,Mysuru,26.4,,46,1.5,23.6,5.4,Cloudy,N
2024-02-22,Mysuru,33.3,,68,69.6,7.2,4.6,Rain,N
23-02-2024,Mysuru,23.4,C,78,60.8,33.8,4.4,Thunderstorm,yes
2024-02-24,Mysuru,33.0,C,44,96.9,13.6,8.8,Thunderstorm,Y
25-02-2024,Mysuru,33.8,C,NA,1.9,40.5,8.4,CLEAR,N
2024-02-26,Mysuru,35.3,,NA,0.6,35.0,7.9,Clear,N
27-02-2024,Mysuru,28.4,C,50,1.2,15.5,4.1,Cloudy,N
28-02-2024,Mysuru,84.9,F,98,88.0,28.4,11.8,Rain,
29-02-2024,Mysuru,29.8,,85,1.3,41.0,6.3,Sunny,N
01-03-2024,Mysuru,36.3,C,42,1.4,9.0,10.7,Clear,N
02-03-2024,Mysuru,28.9,C,54,0.0,14.9,7.2,Sunny,N
2024-03-03,Mysuru,29.2,C,91,1.4,36.0,10.6,Clear,N
04-03-2024,Mysuru,85.4,F,43,99.4,18.3,9.7,Rain,N
2024-03-05,Mysuru,32.5,C,55,0.2,23.3,8.1,Cloudy,N
06-03-2024,Mysuru,29.1,C,97,0.9,26.8,5.9,clear,N
2024-03-07,Mysuru,33.7,C,77,0.6,4.4,1.0,Fog,N
2024-03-08,Mysuru,30.8,C,30,1.7,41.4,10.0,Cloudy,N
09-03-2024,Mysuru,31.0,C,28,1.9,10.1,9.6,Clear,N
10-03-2024,Mysuru,34.8,C,54,0.6,17.6,4.4,Clear,N
2024-03-11,Mysuru,26.4,C,43,0.8,11.1,5.0,Clear,N
12-03-2024,Mysuru,32.6,C,62,75.6,25.4,11.2,rain,
2024-03-13,Mysuru,32.2,C,49,0.6,5.1,10.0,Clear,N
14-03-2024,Mysuru,32.3,,73,6.6,34.8,9.7,Thunderstorm,N
2024-03-15,Mysuru,33.0,C,46,1.1,38.5,7.8,clear,N
2024-03-16,Mysuru,38.5,C,40,0.0,21.2,5.2,Clear,N
2024-03-17,Mysuru,35.2,C,34,39.3,2.8,10.8,Heavy Rain,yes
2024-03-18,Mysuru,30.6,C,67,1.6,4.1,10.8,clear,N
2024-03-19,Mysuru,35.1,C,49,0.8,9.4,2.5,Fog,N
2024-03-20,Mysuru,29.8,C,81,0.3,17.3,5.2,clear,N
2024-03-21,Mysuru,34.8,C,34,2.0,4.0,8.5,Cloudy,N
2024-03-22,Mysuru,35.3,,29,1.3,18.0,5.6,Cloudy,N
23-03-2024,Mysuru,33.8,C,69,0.2,29.9,9.2,Cloudy,N
24-03-2024,Mysuru,36.9,,null,102.8,37.3,10.8,rain,N
2024-03-25,Mysuru,31.3,,55,19.8,5.4,10.8,Rain,N
26-03-2024,Mysuru,96.2,F,95,0.1,41.3,8.8,CLEAR,N
27-03-2024,Mysuru,39.6,,68,0.7,5.7,7.1,Clear,N
28-03-2024,Mysuru,36.0,C,70,0.5,33.9,4.6,Cloudy,N
29-03-2024,Mysuru,35.9,C,  ,1.4,14.6,4.2,Sunny,N
30-03-2024,Mysuru,NA,C,53,1.3,14.5,9.9,Clear,N
2024-03-31,Mysuru,31.4,C,54,1.1,40.3,4.5,Cloudy,N
2024-04-01,Mysuru,33.0,C,null,0.9,18.0,11.7,Clear,N
2024-04-02,Mysuru,94.1,F,42,1.8,26.8,9.0,CLEAR,N
03-04-2024,Mysuru,38.3,C,45,0.9,19.5,8.7,Clear,N
04-04-2024,Mysuru,31.1,,47,0.8,12.2,4.6,Sunny,N
05-04-2024,Mysuru,36.4,C,86,35.7,12.8,11.0,Rain,N
2024-04-06,Mysuru,24.6,C,43,0.5,25.5,7.5,CLEAR,N
2024-04-07,Mysuru,32.6,C,88,0.9,44.9,1.5,Fog,N
2024-04-08,Mysuru,28.4,C,91,1.3,6.2,8.2,Clear,N
2024-04-09,Mysuru,31.1,C,90,91.6,6.1,8.8,Rain,N
10-04-2024,Mysuru,33.4,C,45,1.4,7.3,11.7,Cloudy,N
11-04-2024,Mysuru,30.1,,58,20.1,15.2,8.7,Rain,Y
12-04-2024,Mysuru,79.2,F,84,92.1,42.8,10.9,Rain,yes
2024-04-13,Mysuru,84.5,,37,1.9,3.4,9.4,Clear,N
2024-04-14,Mysuru,32.8,,52,0.4,15.1,7.2,Clear,N
2024-04-15,Mysuru,NA,C,30,0.7,9.5,4.7,Clear,N
2024-04-16,Mysuru,27.4,C,30,0.9,31.6,4.4,Cloudy,N
2024-04-17,Mysuru,27.1,,40,1.6,39.1,10.6,Clear,N
2024-04-18,Mysuru,33.8,,43,48.2,26.4,9.0,Rain,N
19-04-2024,Mysuru,26.9,,34,0.8,4.0,4.9,Cloudy,N
20-04-2024,Mysuru,31.6,C,98,0.1,35.4,8.4,CLEAR,N
2024-04-21,Mysuru,24.9,,74,1.8,5.4,7.7,clear,N
22-04-2024,Mysuru,34.7,C,84,8.8,16.3,5.1,rain,N
2024-04-23,Mysuru,30.2,C,54,1.8,13.3,11.5,clear,N
24-04-2024,Mysuru,26.4,C,95,0.5,15.0,7.4,Clear,N
25-04-2024,Mysuru,33.4,C,29,1.3,42.3,9.5,Cloudy,N
2024-04-26,Mysuru,31.9,,61,0.7,3.3,8.5,Clear,N
27-04-2024,Mysuru,31.2,,70,1.4,5.8,5.0,Clear,N
28-04-2024,Mysuru,28.3,C,81,0.9,30.0,9.9,Clear,N
29-04-2024,Mysuru,29.2,C,38,0.3,42.8,8.6,Clear,N
30-04-2024,Mysuru,31.6,,41,1.8,2.3,4.7,CLEAR,N
01-05-2024,Mysuru,31.5,C,69,76.0,14.0,9.2,Thunderstorm,Y
02-05-2024,Mysuru,34.9,,63,1.4,31.2,7.7,Sunny,N
03-05-2024,Mysuru,27.2,,45,88.8,26.0,7.0,rain,
04-05-2024,Mysuru,96.0,F,75,1.8,32.4,8.9,Clear,N
2024-05-05,Mysuru,33.5,,36,1.4,13.7,11.1,clear,N
06-05-2024,Mysuru,30.4,C,88,43.6,23.9,5.0,Rain,yes
2024-05-07,Mysuru,33.6,C,44,68.1,31.8,10.6,Thunderstorm,N
2024-05-08,Mysuru,33.1,,48,98.4,8.6,11.9,Rain,yes
2024-05-09,Mysuru,25.8,,76,0.7,21.1,7.3,CLEAR,N
2024-05-10,Mysuru,25.7,C,43,35.8,6.8,4.8,Rain,N
11-05-2024,Mysuru,38.1,C,57,1.2,11.5,11.0,Cloudy,N
2024-05-12,Mysuru,30.4,C,77,0.8,42.9,1.6,Fog,N
14-05-2024,Mysuru,30.9,C,39,1.5,13.9,11.7,Clear,N
2024-05-15,Mysuru,25.7,C,58,0.9,-,11.3,Cloudy,N
2024-05-16,Mysuru,81.0,,36,1.4,10.2,9.6,Cloudy,N
2024-05-17,Mysuru,86.9,F,59,100.5,19.2,7.2,rain,N
18-05-2024,Mysuru,30.8,C,36,94.3,14.2,6.4,Rain,
19-05-2024,Mysuru,26.8,C,40,64.6,40.5,9.7,Rain,N
2024-05-20,Mysuru,28.6,C,34,1.8,28.3,5.3,Sunny,N
2024-05-21,Mysuru,86.6,F,55,1.3,8.1,9.0,Cloudy,N
2024-05-24,Mysuru,  ,C,41,16.4,18.8,10.5,Heavy Rain,no
25-05-2024,Mysuru,29.6,,67,1.8,26.8,10.9,Cloudy,N
26-05-2024,Mysuru,27.2,C,63,0.3,35.9,5.6,clear,N
27-05-2024,Mysuru,81.7,F,58,0.4,41.6,5.0,Clear,N
28-05-2024,Mysuru,31.2,C,61,0.1,9.4,6.5,clear,N
29-05-2024,Mysuru,33.7,C,NA,1.6,37.7,11.4,clear,N
2024-05-30,Mysuru,24.2,,46,2.0,22.3,9.7,CLEAR,N
2024-06-01,Mysuru,29.7,C,40,2.0,7.1,1.8,Fog,N
02-06-2024,Mysuru,27.2,,89,1.4,29.9,10.8,Sunny,N
2024-06-03,Mysuru,34.6,C,42,1.4,28.9,8.2,Clear,N
2024-06-04,Mysuru,29.3,C,97,2.0,9.4,10.9,Sunny,N
05-06-2024,Mysuru,27.3,C,56,0.8,39.5,10.1,Cloudy,N
06-06-2024,Mysuru,28.0,C,73,74.3,37.0,8.9,Rain,yes
07-06-2024,Mysuru,26.2,C,45,0.4,14.7,10.1,Clear,N
2024-06-08,Mysuru,90.1,,68,0.0,22.9,8.8,Clear,N
2024-06-09,Mysuru,31.2,C,54,24.1,36.2,8.5,Rain,
10-06-2024,Mysuru,25.0,C,35,63.7,36.2,9.6,Rain,Y
2024-06-11,Mysuru,30.1,C,47,0.8,20.2,4.9,Clear,N
2024-06-12,Mysuru,24.1,,52,1.0,37.0,11.6,Clear,N
2024-06-13,Mysuru,78.4,F,71,77.0,NA,11.9,rain,Y
2024-06-14,Mysuru,20.9,C,68,0.8,15.2,11.3,Clear,N
2024-06-15,Mysuru,26.8,C,69,1.5,18.4,5.1,Cloudy,N
16-06-2024,Mysuru,29.1,C,N/A,1.1,24.9,4.9,Cloudy,N
17-06-2024,Mysuru,30.2,,82,78.5,19.9,11.8,Heavy Rain,Y
2024-06-18,Mysuru,20.1,C,28,0.4,44.9,10.5,Clear,N
19-06-2024,Mysuru,26.5,C,42,0.2,35.9,11.6,Cloudy,N
2024-06-20,Mysuru,29.0,C,NA,1.0,41.4,3.0,Fog,N
21-06-2024,Mysuru,24.4,C,32,0.7,21.0,1.6,Fog,N
2024-06-22,Mysuru,31.0,C,46,89.3,22.0,6.3,rain,yes
2024-06-23,Mysuru,27.9,C,43,1.5,33.3,10.3,Clear,N
2024-06-24,Mysuru,25.3,C,29,0.1,40.6,9.4,Cloudy,N
25-06-2024,Mysuru,26.3,C,61,1.0,35.9,6.7,Sunny,N
2024-06-26,Mysuru,24.9,C,57,1.2,8.8,4.8,Clear,N
2024-06-27,Mysuru,22.9,C,34,0.1,43.8,7.9,clear,N
2024-06-28,Mysuru,22.9,,70,98.2,2.8,7.6,Heavy Rain,N
29-06-2024,Mysuru,20.8,C,50,89.1,13.9,10.4,Rain,N
2024-06-30,Mysuru,26.3,C,80,0.7,27.7,8.9,Cloudy,N
2024-07-01,Mysuru,22.1,,58,0.1,25.1,8.7,Cloudy,N
02-07-2024,Mysuru,19.3,C,52,101.2,29.9,8.5,Heavy Rain,no
03-07-2024,Mysuru,26.4,C,64,1.0,40.7,6.7,Cloudy,N
04-07-2024,Mysuru,73.8,F,85,1.4,9.4,1.3,Fog,N
2024-07-05,Mysuru,19.6,C,  ,28.8,2.4,10.8,Rain,Y
06-07-2024,Mysuru,23.1,C,62,0.1,22.4,9.3,Clear,N
07-07-2024,Mysuru,23.1,C,69,0.7,26.8,10.3,Cloudy,N
2024-07-08,Mysuru,17.8,C,54,1.6,24.1,11.0,Clear,N
09-07-2024,Mysuru,26.3,C,40,1.1,41.8,10.6,Clear,N
10-07-2024,Mysuru,23.2,C,72,40.0,44.9,7.3,Heavy Rain,Y
11-07-2024,Mysuru,20.3,,60,96.5,11.4,8.0,Heavy Rain,
12-07-2024,Mysuru,20.3,C,64,1.1,5.3,8.7,Clear,N
2024-07-13,Mysuru,21.8,C,79,0.1,38.1,9.8,Clear,N
2024-07-14,Mysuru,14.0,,,1.5,21.0,10.5,Clear,N
2024-07-15,Mysuru,22.2,C,79,1.9,14.6,9.2,Cloudy,N
16-07-2024,Mysuru,19.4,C,64,98.2,17.1,8.2,Rain,yes
2024-07-18,Mysuru,23.6,C,49,0.9,15.4,9.5,clear,N
19-07-2024,Mysuru,21.9,C,98,1.5,null,4.7,Cloudy,N
20-07-2024,Mysuru,27.1,,42,0.0,12.4,6.0,Clear,N
21-07-2024,Mysuru,18.1,C,29,0.6,,6.6,Sunny,N
22-07-2024,Mysuru,76.7,,79,0.3,27.9,10.2,Cloudy,N
2024-07-23,Mysuru,67.0,F,53,1.8,14.9,9.4,Clear,N
24-07-2024,Mysuru,17.7,C,null,0.6,28.6,5.8,Cloudy,N
2024-07-25,Mysuru,77.7,F,69,102.6,14.6,5.8,Rain,no
2024-07-26,Mysuru,20.6,C,85,72.8,38.5,8.9,Thunderstorm,yes
2024-07-27,Mysuru,20.4,C,88,1.3,43.2,10.7,CLEAR,N
28-07-2024,Mysuru,15.5,C,94,0.8,4.4,0.7,Fog,N
2024-07-29,Mysuru,18.3,C,55,1.9,8.2,8.6,clear,N
30-07-2024,Mysuru,21.9,C,92,0.8,3.3,1.3,Fog,N
31-07-2024,Mysuru,15.1,C,null,1.6,12.8,7.8,clear,N
01-08-2024,Mysuru,18.7,C,46,31.9,13.0,5.6,rain,yes
02-08-2024,Mysuru,20.0,C,64,1.8,40.8,10.6,Cloudy,N
2024-08-03,Mysuru,20.5,C,66,0.3,8.4,0.6,Fog,N
2024-08-04,Mysuru,67.1,F,86,0.9,37.2,9.4,Sunny,N
05-08-2024,Mysuru,16.6,C,85,0.7,2.0,5.5,CLEAR,N
06-08-2024,Mysuru,18.7,C,54,1.7,10.4,9.8,Clear,N
2024-08-07,Mysuru,16.9,,81,5.1,8.4,7.4,Heavy Rain,N
2024-08-08,Mysuru,75.0,F,28,1.4,19.9,4.9,Cloudy,N
09-08-2024,Mysuru,N/A,C,30,0.8,10.8,11.3,Sunny,N
10-08-2024,Mysuru,17.1,C,52,0.7,39.7,7.2,clear,N
11-08-2024,Mysuru,18.1,,32,1.3,37.8,4.6,Cloudy,N
12-08-2024,Mysuru,23.0,C,56,1.2,14.8,11.2,clear,N
13-08-2024,Mysuru,67.0,F,57,1.7,12.7,4.2,Cloudy,N
14-08-2024,Mysuru,21.7,,30,5.2,11.7,9.1,Heavy Rain,yes
2024-08-15,Mysuru,19.1,C,86,2.0,37.3,0.9,Fog,N
2024-08-16,Mysuru,18.7,C,58,1.9,33.2,11.5,Cloudy,N
2024-08-17,Mysuru,21.0,,unknown,0.5,7.7,11.7,Cloudy,N
18-08-2024,Mysuru,16.4,C,83,106.2,7.7,10.3,Thunderstorm,no
2024-08-19,Mysuru,17.7,C,28,1.2,26.1,4.3,Cloudy,N
2024-08-20,Mysuru,18.0,,85,1.4,11.5,11.0,Sunny,N
21-08-2024,Mysuru,21.5,C,38,0.9,16.1,8.1,Cloudy,N
2024-08-22,Mysuru,17.6,C,47,110.7,32.7,6.7,Rain,
23-08-2024,Mysuru,19.1,,54,0.8,28.0,9.0,clear,N
2024-08-24,Mysuru,22.6,C,88,7.6,34.7,9.5,rain,N
2024-08-25,Mysuru,23.2,,35,1.9,7.5,9.1,Cloudy,N
26-08-2024,Mysuru,17.9,C,42,39.9,10.2,9.8,Heavy Rain,Y
2024-08-27,Mysuru,71.5,F,49,0.2,38.9,5.5,Clear,N
28-08-2024,Mysuru,19.7,C,78,1.7,9.9,8.8,clear,N
2024-08-29,Mysuru,19.7,,58,1.9,28.3,4.9,Clear,N
2024-08-30,Mysuru,15.3,C,43,1.5,4.9,11.1,clear,N
2024-08-31,Mysuru,22.2,C,91,1.6,7.0,9.4,Cloudy,N
01-09-2024,Mysuru,16.3,C,79,0.1,14.0,9.6,Sunny,N
02-09-2024,Mysuru,20.4,C,70,108.7,20.8,10.5,Rain,Y
2024-09-03,Mysuru,23.0,C,98,35.2,40.9,6.0,Rain,N
2024-09-04,Mysuru,57.1,F,59,1.3,20.6,4.7,Cloudy,N
2024-09-05,Mysuru,20.0,C,68,0.5,3.6,10.8,Cloudy,N
06-09-2024,Mysuru,17.5,C,69,1.6,2.3,1.4,Fog,N
2024-09-07,Mysuru,15.7,,97,1.4,22.0,8.7,Sunny,N
08-09-2024,Mysuru,21.4,,89,87.3,33.5,9.7,rain,yes
09-09-2024,Mysuru,18.8,C,91,1.8,7.7,10.7,Clear,N
10-09-2024,Mysuru,14.3,C,76,0.8,17.7,6.7,Clear,N
11-09-2024,Mysuru,15.2,C,63,1.6,15.1,1.9,Fog,N
12-09-2024,Mysuru,17.2,C,86,1.1,25.8,4.3,Sunny,N
2024-09-13,Mysuru,15.7,C,85,0.1,11.9,7.9,Cloudy,N
14-09-2024,Mysuru,16.9,C,46,1.9,28.3,7.3,Clear,N
15-09-2024,Mysuru,20.2,C,41,2.0,43.7,6.9,Sunny,N
2024-09-16,Mysuru,18.8,C,92,82.0,9.4,5.5,rain,no
17-09-2024,Mysuru,62.7,F,44,1.5,4.5,10.8,Clear,N
2024-09-18,Mysuru,15.9,C,92,0.5,12.9,9.7,Clear,N
2024-09-19,Mysuru,19.5,C,85,1.5,30.6,7.9,Clear,N
20-09-2024,Mysuru,58.2,F,52,0.1,37.1,10.1,clear,N
2024-09-21,Mysuru,18.5,C,76,0.8,13.4,11.0,Clear,N
22-09-2024,Mysuru,15.5,C,83,1.8,35.4,11.7,Clear,N
23-09-2024,Mysuru,-,C,86,22.7,20.7,4.6,Thunderstorm,N
24-09-2024,Mysuru,12.4,C,36,1.8,39.7,11.8,Clear,N
2024-09-25,Mysuru,16.0,,49,30.1,5.2,10.7,Heavy Rain,
2024-09-26,Mysuru,16.9,C,48,0.9,2.9,9.8,Cloudy,N
2024-09-27,Mysuru,NA,C,81,0.2,32.6,6.9,Clear,N
28-09-2024,Mysuru,17.3,C,39,0.3,6.0,4.8,Sunny,N
29-09-2024,Mysuru,16.3,C,66,1.1,30.7,7.9,CLEAR,N
30-09-2024,Mysuru,17.8,C,67,1.7,40.7,6.8,Cloudy,N
01-10-2024,Mysuru,7.8,C,57,1.1,15.4,11.2,Clear,N
02-10-2024,Mysuru,12.1,,94,1.1,33.9,6.0,Cloudy,N
03-10-2024,Mysuru,12.9,,95,1.6,42.7,9.7,Cloudy,N
04-10-2024,Mysuru,20.9,C,  ,77.6,28.9,4.3,Rain,N
2024-10-05,Mysuru,17.2,C,46,58.2,3.8,8.6,Rain,N
2024-10-06,Mysuru,15.1,C,75,0.3,24.9,4.5,Clear,N
07-10-2024,Mysuru,15.8,C,32,0.3,28.0,6.4,Sunny,N
2024-10-08,Mysuru,13.4,C,47,1.0,30.3,8.3,Clear,N
2024-10-09,Mysuru,15.0,,69,1.2,38.2,8.3,Cloudy,N
2024-10-10,Mysuru,16.8,C,40,0.8,6.5,10.8,Clear,N
11-10-2024,Mysuru,14.5,C,52,68.0,42.0,9.7,rain,N
12-10-2024,Mysuru,16.6,C,62,115.9,29.2,8.9,Thunderstorm,no
2024-10-13,Mysuru,-,C,  ,32.2,10.8,10.5,Thunderstorm,N
2024-10-14,Mysuru,13.9,C,51,1.8,36.2,11.3,clear,N
15-10-2024,Mysuru,19.5,,58,2.0,41.6,11.0,clear,N
2024-10-16,Mysuru,16.6,C,87,0.2,26.7,11.0,Cloudy,N
17-10-2024,Mysuru,11.7,C,89,85.4,23.3,11.8,Rain,N
18-10-2024,Mysuru,19.0,,56,68.8,31.4,7.5,Thunderstorm,yes
19-10-2024,Mysuru,23.9,C,52,54.3,28.0,11.9,rain,
2024-10-20,Mysuru,18.9,,75,1.4,13.5,1.5,Fog,N
2024-10-21,Mysuru,11.6,C,31,0.4,35.0,1.7,Fog,N
2024-10-22,Mysuru,21.5,C,29,0.8,36.5,8.4,Clear,N
2024-10-23,Mysuru,18.4,,75,1.0,40.4,9.6,clear,N
24-10-2024,Mysuru,21.6,C,55,15.1,18.8,5.1,Heavy Rain,
25-10-2024,Mysuru,65.6,,73,1.9,16.3,5.7,Clear,N
2024-10-26,Mysuru,20.2,C,35,1.6,23.6,6.2,Clear,N
27-10-2024,Mysuru,15.9,C,68,59.0,38.7,9.2,Thunderstorm,N
2024-10-28,Mysuru,10.9,,60,1.0,21.8,4.5,Sunny,N
2024-10-29,Mysuru,13.8,C,82,0.4,14.8,9.5,clear,N
30-10-2024,Mysuru,17.8,C,82,19.5,27.7,6.1,Thunderstorm,no
31-10-2024,Mysuru,14.9,,67,113.6,19.6,6.3,Rain,N
2024-11-01,Mysuru,14.4,C,35,95.0,23.5,8.5,Thunderstorm,N
02-11-2024,Mysuru,22.7,C,82,1.8,10.0,8.4,CLEAR,N
2024-11-03,Mysuru,17.0,C,42,39.4,41.5,10.7,Heavy Rain,
2024-11-04,Mysuru,19.2,C,57,1.7,2.5,9.2,Clear,N
05-11-2024,Mysuru,17.3,C,58,1.5,39.8,5.3,Clear,N
2024-11-06,Mysuru,73.5,F,50,0.2,15.3,4.3,Clear,N
2024-11-07,Mysuru,17.9,C,79,0.3,36.6,8.8,CLEAR,N
08-11-2024,Mysuru,19.1,,47,76.1,13.3,4.8,Rain,yes
2024-11-09,Mysuru,19.9,C,81,0.5,40.5,2.4,Fog,N
2024-11-10,Mysuru,12.0,C,63,1.7,32.7,1.2,Fog,N
2024-11-11,Mysuru,-,F,48,0.4,3.2,11.4,Clear,N
2024-11-12,Mysuru,19.7,C,92,1.7,29.8,2.6,Fog,N
13-11-2024,Mysuru,18.2,C,74,1.2,5.9,5.3,Cloudy,N
14-11-2024,Mysuru,20.2,C,57,69.8,24.8,8.1,Thunderstorm,Y
15-11-2024,Mysuru,20.1,C,35,1.8,15.7,6.2,clear,N
2024-11-16,Mysuru,18.0,C,94,8.2,21.8,9.8,Heavy Rain,N
2024-11-18,Mysuru,18.8,C,70,0.1,6.4,7.8,Cloudy,N
19-11-2024,Mysuru,22.1,,34,1.1,38.6,2.3,Fog,N
20-11-2024,Mysuru,20.6,,71,1.2,15.1,2.4,Fog,N
21-11-2024,Mysuru,20.2,C,88,72.3,12.9,11.6,Rain,
2024-11-22,Mysuru,14.5,,49,1.0,39.1,6.6,Cloudy,N
23-11-2024,Mysuru,14.1,C,93,0.6,44.8,4.3,Cloudy,N
24-11-2024,Mysuru,18.1,,96,23.9,8.2,10.3,Rain,yes
25-11-2024,Mysuru,20.7,,96,0.0,22.2,7.3,Cloudy,N
2024-11-26,Mysuru,21.6,C,56,56.3,37.0,9.7,Rain,yes
27-11-2024,Mysuru,21.5,C,53,0.2,6.5,10.0,Cloudy,N
28-11-2024,Mysuru,20.3,C,81,15.1,23.3,8.0,Thunderstorm,no
2024-11-29,Mysuru,17.9,C,48,0.9,44.1,10.3,Cloudy,N
30-11-2024,Mysuru,19.0,C,85,8.6,9.1,7.4,Rain,N
2024-12-02,Mysuru,16.4,C,64,95.4,2.2,10.3,Thunderstorm,N
2024-12-03,Mysuru,19.1,,53,0.3,23.4,5.4,Clear,N
04-12-2024,Mysuru,22.0,C,30,80.0,35.7,8.9,rain,no
2024-12-05,Mysuru,24.1,C,40,0.7,34.8,4.8,Sunny,N
06-12-2024,Mysuru,18.5,C,30,1.6,  ,10.2,Sunny,N
07-12-2024,Mysuru,19.4,C,63,0.4,33.1,11.1,Cloudy,N
2024-12-08,Mysuru,22.3,C,28,20.8,44.0,5.7,Rain,Y
09-12-2024,Mysuru,24.5,C,43,1.8,22.1,6.4,clear,N
2024-12-10,Mysuru,24.3,,88,50.0,34.7,6.4,Rain,
2024-12-11,Mysuru,19.4,,69,86.1,35.9,8.0,Thunderstorm,N
2024-12-12,Mysuru,23.2,C,82,106.6,5.2,4.1,Heavy Rain,N
2024-12-13,Mysuru,76.4,,85,89.4,43.7,9.5,Rain,Y
14-12-2024,Mysuru,64.8,,71,119.4,36.5,10.7,Rain,N
2024-12-15,Mysuru,22.5,C,73,2.0,21.0,10.6,Clear,N
16-12-2024,Mysuru,18.5,C,93,0.4,19.2,4.7,Sunny,N
17-12-2024,Mysuru,22.1,C,53,1.2,11.6,1.4,Fog,N
2024-12-18,Mysuru,23.9,C,66,1.8,43.3,5.8,Cloudy,N
19-12-2024,Mysuru,22.2,C,50,89.6,39.3,10.8,Thunderstorm,no
2024-12-20,Mysuru,25.8,C,72,1.4,27.1,5.9,Clear,N
2024-12-21,Mysuru,22.6,C,28,0.1,24.5,10.7,Clear,N
2024-12-22,Mysuru,25.1,C,69,0.2,16.0,9.4,Clear,N
2024-12-23,Mysuru,25.1,C,72,0.4,26.9,6.2,Cloudy,N
24-12-2024,Mysuru,22.8,C,76,1.2,21.0,5.0,Sunny,N
25-12-2024,Mysuru,21.8,C,80,0.5,17.4,8.7,clear,N
2024-12-26,Mysuru,22.6,,46,1.3,17.7,4.8,clear,N
27-12-2024,Mysuru,24.7,C,96,1.9,13.8,9.1,Clear,N
2024-12-28,Mysuru,29.0,C,46,1.4,23.4,6.0,Cloudy,N
29-12-2024,Mysuru,21.5,C,67,1.6,20.2,9.9,Sunny,N
2024-12-30,Mysuru,24.0,,71,57.9,40.1,7.9,Rain,yes
31-12-2024,Mysuru,21.2,C,74,1.5,43.8,9.1,Sunny,N
01-01-2025,Mysuru,20.7,C,60,0.7,5.7,5.3,Cloudy,N
02-01-2025,Mysuru,20.3,C,56,0.9,33.4,2.1,Fog,N
2025-01-03,Mysuru,25.3,C,58,22.2,13.1,8.2,Rain,
04-01-2025,Mysuru,77.5,F,80,0.2,N/A,9.1,Clear,N
2025-01-05,Mysuru,72.0,F,42,46.3,5.3,10.8,Rain,N
06-01-2025,Mysuru,26.4,C,70,79.7,24.0,5.2,Heavy Rain,N
2025-01-07,Mysuru,27.8,C,50,83.5,24.5,11.3,Rain,no
08-01-2025,Mysuru,32.4,C,N/A,98.7,22.4,10.3,Rain,N
2025-01-09,Mysuru,28.6,C,82,0.5,43.9,0.7,Fog,N
2025-01-10,Mysuru,25.0,C,46,0.3,5.1,1.7,Fog,N
11-01-2025,Mysuru,21.5,,47,1.2,3.9,4.3,Sunny,N
2025-01-12,Mysuru,28.9,C,49,0.8,16.3,1.5,Fog,N
2025-01-13,Mysuru,24.5,C,98,1.5,2.3,4.9,Cloudy,N
14-01-2025,Mysuru,76.2,F,73,0.9,25.7,9.1,Cloudy,N
2025-01-15,Mysuru,30.1,C,53,0.2,12.8,6.8,Sunny,N
16-01-2025,Mysuru,23.6,C,75,0.1,34.3,11.6,Cloudy,N
2025-01-17,Mysuru,,F,51,2.0,26.9,9.5,Cloudy,N
2025-01-18,Mysuru,24.0,C,85,52.9,6.0,10.4,Rain,N
2025-01-19,Mysuru,22.6,C,38,104.9,31.4,9.5,Rain,no
20-01-2025,Mysuru,76.1,F,72,78.5,5.0,12.0,rain,
21-01-2025,Mysuru,24.5,C,65,72.2,41.6,5.1,Rain,
22-01-2025,Mysuru,23.7,C,62,77.7,9.5,4.5,Rain,Y
2025-01-23,Mysuru,25.0,C,96,0.5,9.7,1.1,Fog,N
2025-01-24,Mysuru,23.9,C,45,15.0,11.2,5.0,Rain,Y
2025-01-25,Mysuru,unknown,C,72,1.2,11.2,11.3,Clear,N
26-01-2025,Mysuru,30.2,C,41,1.6,NA,9.1,Clear,N
2025-01-27,Mysuru,25.8,C,96,0.9,44.1,4.9,Cloudy,N
28-01-2025,Mysuru,83.1,,,0.6,2.8,4.7,Sunny,N
2025-01-29,Mysuru,80.6,F,N/A,1.0,22.5,10.6,Cloudy,N
2025-01-30,Mysuru,30.4,,33,0.8,31.7,10.0,Clear,N
31-01-2025,Mysuru,28.1,C,35,1.7,13.3,8.3,clear,N
2025-02-01,Mysuru,27.0,C,32,1.4,30.8,9.4,Clear,N
02-02-2025,Mysuru,25.8,,38,0.4,41.3,9.6,Clear,N
03-02-2025,Mysuru,28.9,,51,64.2,44.6,7.5,rain,N
04-02-2025,Mysuru,24.2,C,39,57.0,36.4,8.2,rain,N
05-02-2025,Mysuru,31.4,C,81,0.9,40.8,8.4,Sunny,N
2025-02-06,Mysuru,28.9,C,93,1.3,30.9,6.5,Clear,N
07-02-2025,Mysuru,30.2,C,33,93.8,37.6,10.4,Rain,N
2025-02-08,Mysuru,31.6,,41,1.0,21.0,7.2,Cloudy,N
09-02-2025,Mysuru,32.7,C,55,38.4,6.3,10.5,rain,Y
2025-02-10,Mysuru,31.3,C,40,20.2,4.7,9.5,Rain,yes
2025-02-11,Mysuru,27.4,C,97,0.9,16.2,8.4,Cloudy,N
2025-02-12,Mysuru,33.0,,96,0.6,25.4,7.4,Cloudy,N
2025-02-13,Mysuru,30.1,C,64,1.9,13.0,6.2,Sunny,N
2025-02-14,Mysuru,28.1,C,82,1.2,17.9,5.6,CLEAR,N
15-02-2025,Mysuru,30.3,C,54,73.3,8.8,8.3,Rain,
2025-02-16,Mysuru,31.5,C,51,0.5,38.8,6.1,Cloudy,N
2025-02-17,Mysuru,33.1,,86,0.1,30.7,7.2,clear,N
2025-02-18,Mysuru,24.3,C,32,2.0,15.6,6.6,Cloudy,N
2025-02-19,Mysuru,27.9,C,73,1.2,15.4,11.4,Clear,N
2025-02-20,Mysuru,33.9,C,75,1.1,10.3,9.8,Clear,N
2025-02-22,Mysuru,85.2,F,81,39.3,25.4,4.4,Rain,no
23-02-2025,Mysuru,32.6,C,90,0.1,40.5,4.4,Clear,N
2025-02-24,Mysuru,33.4,C,41,47.7,19.1,10.5,Rain,yes
25-02-2025,Mysuru,31.2,C,60,0.7,18.1,4.3,CLEAR,N
2025-02-26,Mysuru,26.5,C,33,0.4,17.2,8.6,Clear,N
2025-02-27,Mysuru,26.8,C,71,109.4,18.3,10.4,Rain,N
28-02-2025,Mysuru,33.1,C,61,0.1,24.4,6.6,Clear,N
01-03-2025,Mysuru,86.5,,31,1.5,28.0,6.7,Clear,N
2025-03-02,Mysuru,39.0,C,46,1.0,6.9,11.0,Clear,N
03-03-2025,Mysuru,28.9,C,50,1.2,5.0,4.1,Sunny,N
2025-03-04,Mysuru,27.7,C,83,1.7,32.5,7.4,Clear,N
2025-03-05,Mysuru,89.0,F,35,1.1,6.3,6.6,Clear,N
06-03-2025,Mysuru,33.7,,42,49.3,40.9,8.6,Rain,N
07-03-2025,Mysuru,29.6,C,82,0.6,40.0,7.0,Clear,N
2025-03-08,Mysuru,30.7,,96,1.9,2.4,1.2,Fog,N
2025-03-09,Mysuru,30.5,,55,1.2,32.8,6.7,Sunny,N
2025-03-10,Mysuru,87.4,F,56,1.5,41.5,9.4,Cloudy,N
11-03-2025,Mysuru,35.3,C,90,64.6,4.1,10.9,Thunderstorm,
2025-03-12,Mysuru,29.9,C,66,0.8,41.0,4.6,Clear,N
13-03-2025,Mysuru,30.7,C,34,72.2,28.0,4.2,Rain,N
2025-03-14,Mysuru,32.4,C,76,59.3,28.1,4.6,Rain,yes
2025-03-15,Mysuru,31.9,C,89,29.5,5.5,4.5,rain,N
2025-03-16,Mysuru,28.9,C,75,92.4,10.6,8.6,Rain,N
2025-03-17,Mysuru,34.3,C,37,0.3,44.2,4.8,Clear,N
18-03-2025,Mysuru,31.8,C,49,1.1,21.1,8.9,Clear,N
19-03-2025,Mysuru,34.2,C,60,0.4,32.9,9.4,Clear,N
20-03-2025,Mysuru,35.6,,60,0.9,17.7,10.7,Cloudy,N
2025-03-22,Mysuru,34.4,C,57,1.5,30.6,5.0,Clear,N
23-03-2025,Mysuru,29.5,C,72,16.3,40.3,8.9,Rain,N
24-03-2025,Mysuru,34.1,C,50,0.1,31.8,7.8,Clear,N
2025-03-25,Mysuru,90.8,F,49,0.6,40.1,7.1,Clear,N
2025-03-26,Mysuru,32.2,C,63,49.1,10.1,6.7,Thunderstorm,N
2025-03-27,Mysuru,30.3,,46,0.0,14.7,7.4,Cloudy,N
28-03-2025,Mysuru,-,C,95,1.7,2.3,7.2,Cloudy,N
2025-03-29,Mysuru,26.4,C,42,108.5,13.5,7.4,Rain,
30-03-2025,Mysuru,27.7,C,60,1.3,11.0,9.6,Cloudy,N
2025-03-31,Mysuru,32.0,C,56,1.0,23.1,11.9,clear,N
2025-04-01,Mysuru,33.2,C,70,110.2,4.0,9.9,Rain,no
2025-04-02,Mysuru,27.4,C,77,1.6,35.2,6.3,clear,N
2025-04-03,Mysuru,29.6,,unknown,1.9,10.3,7.6,Clear,N
2025-04-04,Mysuru,31.1,C,97,1.2,2.8,10.8,clear,N
2025-04-06,Mysuru,32.0,,87,1.0,7.1,11.3,Cloudy,N
07-04-2025,Mysuru,30.5,C,79,0.9,34.6,11.4,clear,N
2025-04-08,Mysuru,26.6,,31,0.0,6.1,10.4,Clear,N
09-04-2025,Mysuru,89.0,,49,43.0,22.4,11.1,Rain,yes
2025-04-10,Mysuru,34.1,C,56,0.6,44.2,2.4,Fog,N
2025-04-11,Mysuru,30.5,C,34,90.3,22.2,6.0,Rain,
12-04-2025,Mysuru,31.6,,66,8.8,31.8,9.9,Rain,no
2025-04-13,Mysuru,35.7,,73,1.0,15.5,4.9,Sunny,N
15-04-2025,Mysuru,33.1,C,75,47.1,39.9,8.8,Rain,yes
2025-04-16,Mysuru,35.9,C,69,2.0,5.9,9.2,Clear,N
17-04-2025,Mysuru,31.8,,37,113.2,29.8,5.2,Rain,N
18-04-2025,Mysuru,34.9,C,34,0.9,10.5,8.3,Sunny,N
2025-04-19,Mysuru,85.9,F,93,108.9,3.1,11.6,Rain,N
2025-04-20,Mysuru,35.1,C,50,1.2,3.8,1.4,Fog,N
21-04-2025,Mysuru,78.8,,57,73.4,43.4,11.2,rain,no
2025-04-22,Mysuru,33.7,,96,1.4,14.7,6.0,Cloudy,N
23-04-2025,Mysuru,31.7,C,57,0.5,16.1,11.8,Clear,N
2025-04-24,Mysuru,35.1,C,79,1.4,15.5,4.9,clear,N
2025-04-25,Mysuru,28.8,,29,1.2,3.7,5.6,Clear,N
2025-04-26,Mysuru,29.4,,83,0.4,37.6,9.9,Cloudy,N
27-04-2025,Mysuru,25.9,C,61,1.4,30.0,2.8,Fog,N
2025-04-28,Mysuru,31.6,C,35,0.5,33.6,8.1,Cloudy,N
2025-04-29,Mysuru,unknown,,93,106.4,6.4,4.5,Rain,N
2025-04-30,Mysuru,31.1,,45,1.5,16.8,11.1,Sunny,N
2025-05-01,Mysuru,37.9,C,87,0.7,19.8,1.2,Fog,N
2025-05-02,Mysuru,33.1,C,28,0.9,37.3,10.2,clear,N
2025-05-03,Mysuru,32.8,C,58,1.8,44.2,9.0,Cloudy,N
2025-05-04,Mysuru,27.1,C,72,0.6,2.7,9.6,Cloudy,N
05-05-2025,Mysuru,31.7,C,56,0.6,41.1,10.8,clear,N
06-05-2025,Mysuru,28.7,C,85,1.0,35.0,11.2,Cloudy,N
2025-05-07,Mysuru,80.6,F,39,45.2,35.5,10.8,Rain,no
08-05-2025,Mysuru,86.8,F,72,111.2,34.8,8.9,rain,
2025-05-09,Mysuru,27.2,C,84,0.9,44.5,10.9,Cloudy,N
2025-05-10,Mysuru,31.2,C,49,1.7,41.3,8.4,Clear,N
11-05-2025,Mysuru,24.7,C,61,87.5,14.0,9.3,Heavy Rain,
12-05-2025,Mysuru,90.1,F,47,0.9,8.3,5.1,Clear,N
13-05-2025,Mysuru,29.5,C,60,88.7,40.9,5.1,Heavy Rain,
2025-05-14,Mysuru,32.0,C,30,0.6,5.7,9.7,clear,N
2025-05-15,Mysuru,30.8,C,97,1.2,27.6,6.3,Clear,N
2025-05-16,Mysuru,29.3,C,62,0.2,19.5,7.8,clear,N
17-05-2025,Mysuru,null,,51,1.3,9.1,11.3,Cloudy,N
2025-05-18,Mysuru,29.1,C,51,99.1,2.7,8.0,Heavy Rain,N
19-05-2025,Mysuru,29.3,C,41,0.9,17.3,7.3,Clear,N
2025-05-20,Mysuru,25.3,,91,1.9,34.1,4.1,Sunny,N
21-05-2025,Mysuru,25.7,C,88,1.4,25.8,7.3,Cloudy,N
2025-05-22,Mysuru,84.6,F,55,103.2,29.9,6.5,Rain,
2025-05-23,Mysuru,29.9,C,52,1.0,4.3,5.0,Cloudy,N
2025-05-24,Mysuru,79.6,F,74,0.1,5.4,10.7,Sunny,N
2025-05-25,Mysuru,27.5,,50,1.6,10.0,7.1,Cloudy,N
2025-05-26,Mysuru,85.3,F,35,63.5,34.2,5.2,Rain,
2025-05-27,Mysuru,21.5,C,unknown,1.6,27.1,5.1,clear,N
28-05-2025,Mysuru,86.0,F,88,0.0,37.7,4.9,CLEAR,N
29-05-2025,Mysuru,28.6,C,88,1.8,31.8,10.5,Clear,N
30-05-2025,Mysuru,30.9,,59,1.3,43.1,8.1,Sunny,N
31-05-2025,Mysuru,24.0,C,83,105.4,28.0,11.4,rain,N
2025-06-01,Mysuru,28.9,C,80,1.6,18.1,7.3,Cloudy,N
02-06-2025,Mysuru,30.5,,70,0.6,36.9,6.6,Cloudy,N
2025-06-03,Mysuru,28.9,C,45,1.4,32.2,4.8,Cloudy,N
2025-06-04,Mysuru,30.2,,71,0.6,40.3,5.3,CLEAR,N
05-06-2025,Mysuru,29.7,,57,1.2,33.3,5.3,Sunny,N
2025-06-06,Mysuru,23.7,C,97,0.8,7.0,10.3,Clear,N
07-06-2025,Mysuru,28.8,C,71,0.7,5.2,5.8,Clear,N
2025-06-08,Mysuru,-,C,39,1.0,17.3,6.4,Cloudy,N
2025-06-09,Mysuru,28.1,C,93,78.5,16.3,9.8,Heavy Rain,N
2025-06-10,Mysuru,24.5,C,29,115.5,28.6,11.7,Heavy Rain,
2025-06-11,Mysuru,29.6,C,35,1.4,  ,4.9,Clear,N
2025-06-12,Mysuru,78.9,F,,1.7,34.7,4.4,Clear,N
2025-06-13,Mysuru,19.5,C,46,0.9,17.2,4.0,clear,N
15-06-2025,Mysuru,24.0,,73,69.9,42.1,6.1,Rain,N
2025-06-16,Mysuru,21.6,C,40,20.6,2.1,9.5,rain,N
17-06-2025,Mysuru,26.7,,58,0.6,32.2,7.9,Cloudy,N
2025-06-18,Mysuru,25.0,C,93,1.0,29.3,5.5,Sunny,N
19-06-2025,Mysuru,25.8,,73,107.6,3.2,4.1,Heavy Rain,
2025-06-20,Mysuru,20.6,C,33,34.0,null,9.5,Heavy Rain,
2025-06-21,Mysuru,27.0,,,1.1,6.6,11.2,clear,N
2025-06-22,Mysuru,27.8,C,34,0.9,23.7,6.1,Clear,N
23-06-2025,Mysuru,74.1,F,48,87.6,28.3,10.5,Thunderstorm,
2025-06-24,Mysuru,76.3,F,45,0.5,29.8,6.3,Clear,N
2025-06-25,Mysuru,29.5,C,94,0.5,10.0,7.5,CLEAR,N
26-06-2025,Mysuru,69.5,,58,0.5,3.7,5.7,Cloudy,N
27-06-2025,Mysuru,24.5,C,85,0.4,38.7,0.8,Fog,N
28-06-2025,Mysuru,26.1,C,64,39.5,43.1,8.9,Thunderstorm,Y
2025-06-29,Mysuru,22.0,C,30,0.3,7.2,5.4,CLEAR,N
2025-06-30,Mysuru,20.8,C,40,70.5,36.5,5.2,Thunderstorm,N
01-07-2025,Mysuru,27.0,,75,0.6,2.8,5.5,Clear,N
2024-01-01,Hyderabad,24.2,C,35,1.4,6.2,4.6,Cloudy,N
2024-01-02,Hyderabad,21.6,,98,1.0,19.0,5.0,Clear,N
2024-01-03,Hyderabad,72.6,F,54,0.1,9.6,6.7,Clear,N
2024-01-04,Hyderabad,67.2,,40,1.4,34.0,8.4,CLEAR,N
05-01-2024,Hyderabad,27.7,C,98,104.8,12.9,11.7,Heavy Rain,yes
06-01-2024,Hyderabad,23.4,C,88,1.2,2.9,1.6,Fog,N
07-01-2024,Hyderabad,74.8,F,77,103.8,22.2,6.1,Rain,no
2024-01-08,Hyderabad,25.6,C,46,1.7,41.5,8.2,Cloudy,N
2024-01-09,Hyderabad,30.0,C,28,1.9,10.4,8.7,Sunny,N
2024-01-10,Hyderabad,23.7,,90,51.2,35.2,6.6,Rain,yes
11-01-2024,Hyderabad,26.2,,29,78.6,16.5,6.8,Rain,N
12-01-2024,Hyderabad,88.1,F,57,1.8,21.4,7.6,clear,N
13-01-2024,Hyderabad,23.3,C,85,1.9,16.5,6.2,Clear,N
2024-01-14,Hyderabad,31.6,C,53,0.6,7.4,8.6,clear,N
2024-01-15,Hyderabad,23.5,C,59,0.1,12.5,11.1,Clear,N
16-01-2024,Hyderabad,81.2,,33,92.7,15.3,7.9,Thunderstorm,no
17-01-2024,Hyderabad,87.7,F,76,1.4,11.9,5.2,Sunny,N
2024-01-18,Hyderabad,29.6,C,61,1.2,23.1,5.1,Cloudy,N
19-01-2024,Hyderabad,94.2,F,76,0.9,34.5,4.1,Cloudy,N
2024-01-20,Hyderabad,27.6,,28,44.4,29.2,5.7,Heavy Rain,N
21-01-2024,Hyderabad,29.3,C,88,29.3,2.6,8.9,Rain,N
22-01-2024,Hyderabad,25.3,C,69,2.0,20.9,8.2,Clear,N
23-01-2024,Hyderabad,31.3,C,71,0.7,39.3,2.1,Fog,N
2024-01-24,Hyderabad,22.9,C,  ,1.5,12.9,6.3,Clear,N
25-01-2024,Hyderabad,28.7,C,84,66.9,33.3,5.3,Thunderstorm,no
26-01-2024,Hyderabad,18.6,,41,93.6,26.1,8.4,Heavy Rain,Y
27-01-2024,Hyderabad,26.6,C,63,58.4,40.8,4.8,Heavy Rain,yes
28-01-2024,Hyderabad,29.0,C,82,0.3,42.4,5.0,Clear,N
2024-01-29,Hyderabad,30.8,C,93,0.3,9.7,11.4,Cloudy,N
30-01-2024,Hyderabad,28.5,,64,1.9,31.7,6.6,Clear,N
31-01-2024,Hyderabad,27.5,C,41,46.4,27.9,5.0,Rain,N
01-02-2024,Hyderabad,29.6,C,56,1.7,11.5,11.8,Sunny,N
02-02-2024,Hyderabad,30.6,,86,1.6,4.8,9.0,Cloudy,N
2024-02-03,Hyderabad,21.4,C,76,29.3,4.9,4.1,Rain,N
2024-02-04,Hyderabad,30.9,C,93,16.5,30.1,12.0,Rain,N
05-02-2024,Hyderabad,28.9,,28,1.0,20.0,2.6,Fog,N
06-02-2024,Hyderabad,30.0,,77,0.3,39.3,10.7,Clear,N
07-02-2024,Hyderabad,37.8,C,67,2.0,11.2,10.6,clear,N
2024-02-08,Hyderabad,33.3,C,57,7.9,26.3,4.9,Rain,no
2024-02-09,Hyderabad,24.4,C,92,5.7,40.7,7.9,Rain,Y
2024-02-10,Hyderabad,26.0,C,65,77.4,44.8,7.9,rain,yes
2024-02-11,Hyderabad,33.2,C,54,0.1,26.3,4.5,Clear,N
2024-02-12,Hyderabad,25.5,C,79,1.5,9.8,8.7,Cloudy,N
13-02-2024,Hyderabad,32.8,,35,0.6,5.1,11.4,Clear,N
14-02-2024,Hyderabad,34.8,C,38,1.8,34.3,10.3,Clear,N
15-02-2024,Hyderabad,31.0,C,54,0.7,4.9,2.6,Fog,N
2024-02-16,Hyderabad,87.2,,47,18.5,14.0,10.7,Rain,N
2024-02-17,Hyderabad,32.5,C,90,1.6,29.2,4.3,Cloudy,N
18-02-2024,Hyderabad,30.1,C,54,0.3,30.0,10.2,Cloudy,N
19-02-2024,Hyderabad,29.3,,79,1.3,5.8,9.4,CLEAR,N
2024-02-20,Hyderabad,84.9,F,58,74.6,2.8,4.6,Heavy Rain,yes
21-02-2024,Hyderabad,29.8,C,70,0.5,13.0,5.1,Cloudy,N
22-02-2024,Hyderabad,27.7,,40,1.2,37.3,9.9,Cloudy,N
23-02-2024,Hyderabad,31.1,C,37,44.0,43.6,4.6,Rain,N
2024-02-24,Hyderabad,30.3,C,45,1.8,13.3,6.4,Clear,N
25-02-2024,Hyderabad,32.0,C,74,0.9,31.9,6.7,Clear,N
26-02-2024,Hyderabad,27.3,C,79,0.6,14.7,10.6,Cloudy,N
27-02-2024,Hyderabad,35.8,,77,1.5,12.5,8.2,Cloudy,N
29-02-2024,Hyderabad,30.8,C,57,1.3,7.8,1.6,Fog,N
01-03-2024,Hyderabad,31.7,C,98,1.8,21.6,11.9,Cloudy,N
2024-03-02,Hyderabad,25.0,C,92,1.1,14.0,5.7,Cloudy,N
2024-03-04,Hyderabad,33.3,,60,1.2,33.4,1.9,Fog,N
05-03-2024,Hyderabad,29.0,C,88,6.0,43.1,9.5,Thunderstorm,N
2024-03-06,Hyderabad,36.2,C,75,0.6,9.3,5.4,Clear,N
2024-03-07,Hyderabad,27.7,C,94,1.5,34.5,8.3,Clear,N
08-03-2024,Hyderabad,30.8,C,85,73.5,36.0,10.8,Heavy Rain,N
2024-03-09,Hyderabad,28.4,C,98,0.8,3.4,5.2,clear,N
2024-03-10,Hyderabad,29.6,,94,2.0,20.6,8.6,Cloudy,N
11-03-2024,Hyderabad,36.3,,95,25.6,unknown,7.1,Heavy Rain,
2024-03-12,Hyderabad,29.2,C,71,0.6,18.9,8.7,Sunny,N
2024-03-13,Hyderabad,88.0,F,88,0.5,16.8,6.7,CLEAR,N
2024-03-14,Hyderabad,30.5,C,75,39.8,19.9,11.5,Rain,no
15-03-2024,Hyderabad,32.5,C,61,7.6,26.0,6.7,Heavy Rain,no
2024-03-16,Hyderabad,29.9,C,76,1.6,4.0,11.5,Cloudy,N
2024-03-17,Hyderabad,30.2,C,43,0.5,19.4,5.9,Clear,N
18-03-2024,Hyderabad,82.3,,33,0.2,7.3,5.6,Clear,N
2024-03-19,Hyderabad,32.9,C,28,112.4,4.8,11.1,Thunderstorm,N
20-03-2024,Hyderabad,35.6,C,97,2.0,36.8,8.0,CLEAR,N
2024-03-21,Hyderabad,40.5,,33,0.4,42.9,4.3,Cloudy,N
2024-03-22,Hyderabad,27.4,C,66,0.8,24.8,8.8,clear,N
23-03-2024,Hyderabad,33.9,C,80,1.5,29.0,11.2,CLEAR,N
24-03-2024,Hyderabad,95.2,F,36,66.0,40.5,4.3,Heavy Rain,Y
25-03-2024,Hyderabad,30.9,C,67,47.4,25.3,11.4,Thunderstorm,Y
2024-03-26,Hyderabad,31.4,C,57,106.8,38.2,9.2,Heavy Rain,
2024-03-27,Hyderabad,35.0,C,79,53.7,22.0,7.5,rain,no
2024-03-28,Hyderabad,88.4,,-,0.8,6.8,4.5,Cloudy,N
2024-03-29,Hyderabad,32.5,C,98,1.4,17.3,4.3,Cloudy,N
30-03-2024,Hyderabad,31.4,C,31,108.9,29.1,7.6,Rain,N
2024-03-31,Hyderabad,91.1,,67,0.4,4.6,5.8,Clear,N
2024-04-01,Hyderabad,32.7,C,60,0.7,2.7,10.0,Clear,N
02-04-2024,Hyderabad,87.9,F,46,0.1,16.7,2.1,Fog,N
03-04-2024,Hyderabad,29.8,,35,1.2,37.0,10.5,Clear,N
04-04-2024,Hyderabad,32.4,C,62,1.9,9.0,10.8,CLEAR,N
05-04-2024,Hyderabad,27.9,,31,1.0,31.3,5.9,Clear,N
2024-04-06,Hyderabad,27.8,C,93,62.2,21.2,11.2,Thunderstorm,N
2024-04-07,Hyderabad,34.3,C,49,0.4,44.3,5.0,Clear,N
08-04-2024,Hyderabad,29.8,,96,0.7,44.8,5.4,Clear,N
09-04-2024,Hyderabad,28.7,C,80,1.0,28.5,10.9,Clear,N
2024-04-10,Hyderabad,26.6,C,86,18.9,22.6,10.7,Rain,no
2024-04-11,Hyderabad,87.7,,96,2.0,40.5,8.5,Sunny,N
2024-04-12,Hyderabad,33.0,C,48,0.1,32.8,5.0,Clear,N
2024-04-13,Hyderabad,34.4,,97,0.9,22.0,11.9,Sunny,N
14-04-2024,Hyderabad,27.0,C,94,0.5,4.5,10.1,Sunny,N
2024-04-15,Hyderabad,  ,,74,1.3,2.1,2.5,Fog,N
16-04-2024,Hyderabad,33.6,C,50,89.7,37.0,7.6,rain,no
17-04-2024,Hyderabad,83.3,F,66,0.1,16.7,5.4,Sunny,N
18-04-2024,Hyderabad,28.2,C,86,1.3,32.0,11.8,Clear,N
19-04-2024,Hyderabad,86.3,F,44,9.6,28.2,4.8,Rain,yes
2024-04-20,Hyderabad,87.4,F,83,43.4,23.7,9.4,Heavy Rain,yes
21-04-2024,Hyderabad,28.2,C,87,0.8,20.3,10.4,Sunny,N
2024-04-22,Hyderabad,29.2,C,65,1.2,16.4,8.0,Sunny,N
23-04-2024,Hyderabad,30.2,C,69,0.1,33.5,9.1,Sunny,N
2024-04-24,Hyderabad,28.9,C,85,2.0,17.3,8.1,Cloudy,N
25-04-2024,Hyderabad,34.4,C,79,94.1,34.9,9.8,Heavy Rain,N
2024-04-26,Hyderabad,29.2,C,65,101.9,4.6,10.5,Rain,no
27-04-2024,Hyderabad,30.9,C,33,8.2,42.4,9.2,Rain,N
2024-04-28,Hyderabad,27.7,,82,0.3,34.4,9.2,Sunny,N
2024-04-29,Hyderabad,30.8,C,null,39.5,32.6,8.7,Thunderstorm,N
30-04-2024,Hyderabad,32.0,C,37,11.0,23.1,5.4,Rain,no
01-05-2024,Hyderabad,32.7,,44,1.8,21.5,11.2,clear,N
2024-05-02,Hyderabad,29.3,C,66,1.0,37.9,6.6,Clear,N
2024-05-03,Hyderabad,27.0,C,73,1.6,2.4,6.7,Clear,N
04-05-2024,Hyderabad,25.2,C,77,0.3,3.1,9.2,Cloudy,N
05-05-2024,Hyderabad,33.8,C,98,0.3,6.4,11.4,CLEAR,N
2024-05-06,Hyderabad,27.5,C,94,1.8,24.4,9.4,Clear,N
07-05-2024,Hyderabad,30.6,C,59,40.1,14.6,7.0,Rain,N
08-05-2024,Hyderabad,29.6,C,92,1.7,13.0,11.0,Clear,N
10-05-2024,Hyderabad,28.1,C,96,1.3,  ,5.0,Sunny,N
11-05-2024,Hyderabad,29.9,C,75,1.8,17.7,6.5,Sunny,N
12-05-2024,Hyderabad,26.3,C,60,1.1,25.2,10.3,Cloudy,N
2024-05-13,Hyderabad,27.6,C,49,0.7,22.1,9.0,Sunny,N
14-05-2024,Hyderabad,26.2,,60,1.6,28.7,3.0,Fog,N
15-05-2024,Hyderabad,23.9,,89,51.4,39.8,10.9,Rain,N
16-05-2024,Hyderabad,25.0,C,82,1.1,13.1,4.3,Clear,N
2024-05-17,Hyderabad,,F,29,0.9,23.5,6.0,Cloudy,N
2024-05-18,Hyderabad,-,C,51,0.3,27.8,7.9,Clear,N
2024-05-19,Hyderabad,31.9,,41,1.9,14.8,2.0,Fog,N
20-05-2024,Hyderabad,31.6,C,53,1.6,29.8,5.9,Sunny,N
21-05-2024,Hyderabad,26.6,C,58,0.3,26.6,4.5,Cloudy,N
2024-05-22,Hyderabad,29.7,,30,0.8,31.4,9.7,Clear,N
23-05-2024,Hyderabad,27.7,C,30,42.6,3.6,10.3,Rain,N
24-05-2024,Hyderabad,29.9,,86,1.0,15.1,6.2,Clear,N
2024-05-25,Hyderabad,30.8,C,60,0.4,17.0,8.0,Cloudy,N
26-05-2024,Hyderabad,32.5,,60,30.2,25.3,10.9,Rain,N
27-05-2024,Hyderabad,32.8,C,42,20.1,17.3,11.6,Heavy Rain,N
2024-05-28,Hyderabad,32.4,C,97,1.7,42.1,4.3,Clear,N
29-05-2024,Hyderabad,27.2,C,83,20.1,16.1,5.4,Rain,
2024-05-30,Hyderabad,30.2,C,45,0.4,32.3,9.9,Clear,N
31-05-2024,Hyderabad,86.8,,39,2.0,44.3,6.0,clear,N
2024-06-01,Hyderabad,30.7,C,41,1.9,9.2,8.0,Clear,N
02-06-2024,Hyderabad,78.3,F,32,0.8,37.1,9.2,Sunny,N
03-06-2024,Hyderabad,22.9,,30,59.7,36.5,10.6,Rain,yes
04-06-2024,Hyderabad,24.3,C,72,77.0,7.7,8.1,Heavy Rain,N
2024-06-05,Hyderabad,25.1,C,32,0.8,25.7,7.7,Sunny,N
06-06-2024,Hyderabad,31.5,C,65,10.8,9.6,5.5,Heavy Rain,no
2024-06-07,Hyderabad,24.3,C,43,1.0,22.0,1.2,Fog,N
2024-06-08,Hyderabad,28.1,C,49,69.9,29.5,5.6,Rain,N
09-06-2024,Hyderabad,25.9,C,64,13.7,8.8,9.9,Rain,N
2024-06-10,Hyderabad,27.4,C,58,1.5,30.0,6.7,Clear,N
11-06-2024,Hyderabad,29.0,C,40,0.8,3.0,11.6,Clear,N
2024-06-12,Hyderabad,28.8,,61,1.5,35.7,5.2,Sunny,N
2024-06-13,Hyderabad,30.0,C,90,0.4,31.3,7.9,Cloudy,N
2024-06-14,Hyderabad,24.9,,84,0.2,43.7,6.2,Clear,N
2024-06-15,Hyderabad,70.6,,67,111.8,38.5,9.1,Rain,Y
2024-06-16,Hyderabad,70.4,,53,1.2,17.6,4.2,Sunny,N
17-06-2024,Hyderabad,28.4,C,30,1.9,44.4,6.5,Cloudy,N
2024-06-18,Hyderabad,23.8,C,45,0.2,20.0,11.9,Sunny,N
19-06-2024,Hyderabad,28.1,C,61,55.5,8.0,9.1,Rain,
20-06-2024,Hyderabad,24.0,C,60,105.5,22.3,6.4,rain,Y
21-06-2024,Hyderabad,26.6,,62,0.5,40.7,11.5,Cloudy,N
2024-06-22,Hyderabad,25.6,C,N/A,0.9,11.3,5.9,Cloudy,N
23-06-2024,Hyderabad,24.8,C,41,0.9,37.3,9.7,Clear,N
24-06-2024,Hyderabad,21.0,C,56,37.2,36.7,10.2,Thunderstorm,N
2024-06-25,Hyderabad,24.0,C,38,1.5,14.4,10.6,clear,N
2024-06-26,Hyderabad,81.5,F,34,1.7,24.1,7.8,Sunny,N
27-06-2024,Hyderabad,23.2,C,79,15.8,44.7,6.6,Thunderstorm,Y
2024-06-28,Hyderabad,24.5,,73,78.7,12.7,4.1,Rain,N
30-06-2024,Hyderabad,21.8,C,53,1.8,3.3,1.2,Fog,N
2024-07-01,Hyderabad,22.2,,93,1.1,35.3,5.4,Clear,N
2024-07-02,Hyderabad,21.7,C,57,0.4,39.0,4.7,Clear,N
03-07-2024,Hyderabad,22.4,,,1.2,43.5,6.1,clear,N
04-07-2024,Hyderabad,74.0,F,98,0.3,null,5.2,Cloudy,N
05-07-2024,Hyderabad,23.3,C,78,1.6,3.8,7.2,Cloudy,N
06-07-2024,Hyderabad,17.0,C,74,103.4,39.1,7.6,Heavy Rain,N
08-07-2024,Hyderabad,24.4,C,29,1.4,28.3,4.4,Clear,N
2024-07-09,Hyderabad,21.8,C,45,0.1,8.0,6.8,Sunny,N
10-07-2024,Hyderabad,20.6,,68,99.3,42.7,9.5,Thunderstorm,Y
11-07-2024,Hyderabad,21.8,,32,0.5,16.1,5.4,Clear,N
2024-07-12,Hyderabad,21.9,,58,101.8,5.5,8.2,Rain,
2024-07-13,Hyderabad,71.1,F,31,7.6,21.9,5.3,Rain,N
14-07-2024,Hyderabad,20.8,C,31,1.6,3.7,2.2,Fog,N
15-07-2024,Hyderabad,21.6,C,67,0.1,18.0,8.1,Cloudy,N
16-07-2024,Hyderabad,76.0,,31,1.9,16.3,8.1,Clear,N
2024-07-17,Hyderabad,27.2,C,37,102.2,44.7,6.4,Thunderstorm,Y
18-07-2024,Hyderabad,24.0,C,46,0.5,34.5,5.5,clear,N
19-07-2024,Hyderabad,23.7,C,48,0.4,32.3,2.7,Fog,N
20-07-2024,Hyderabad,-,C,89,0.6,24.2,7.0,clear,N
2024-07-21,Hyderabad,18.7,C,  ,106.8,33.7,11.9,Rain,N
2024-07-22,Hyderabad,22.0,C,97,14.1,19.1,11.5,Rain,N
23-07-2024,Hyderabad,21.5,C,88,1.2,38.6,9.1,Cloudy,N
2024-07-24,Hyderabad,24.1,C,44,1.0,5.3,4.0,Clear,N
25-07-2024,Hyderabad,18.4,,74,1.8,8.7,7.7,CLEAR,N
26-07-2024,Hyderabad,19.7,C,38,1.1,44.0,9.3,CLEAR,N
2024-07-27,Hyderabad,73.9,F,94,0.7,4.4,7.7,Clear,N
28-07-2024,Hyderabad,20.5,C,88,0.6,2.7,6.1,Cloudy,N
2024-07-29,Hyderabad,21.6,C,82,96.5,8.1,10.8,Rain,Y
30-07-2024,Hyderabad,21.0,C,57,24.6,23.5,10.3,Rain,yes
2024-07-31,Hyderabad,22.4,C,89,1.8,12.1,7.4,Cloudy,N
01-08-2024,Hyderabad,22.4,,95,1.5,11.9,8.8,Cloudy,N
2024-08-02,Hyderabad,20.4,C,85,93.9,43.0,10.1,Rain,
03-08-2024,Hyderabad,15.7,,70,0.0,31.2,2.3,Fog,N
04-08-2024,Hyderabad,13.9,C,63,0.2,27.8,8.1,Cloudy,N
2024-08-05,Hyderabad,13.6,C,59,0.2,2.4,6.7,CLEAR,N
06-08-2024,Hyderabad,18.5,C,88,0.2,18.3,5.8,Sunny,N
07-08-2024,Hyderabad,23.0,,null,0.7,44.7,9.2,Cloudy,N
2024-08-08,Hyderabad,17.9,C,87,1.3,17.2,6.6,Clear,N
09-08-2024,Hyderabad,18.5,,83,7.2,29.3,9.6,Rain,N
2024-08-10,Hyderabad,14.3,C,60,1.1,13.8,5.9,Sunny,N
11-08-2024,Hyderabad,16.7,C,45,0.1,43.2,8.9,Sunny,N
2024-08-12,Hyderabad,16.3,C,41,1.6,28.0,6.6,Cloudy,N
2024-08-13,Hyderabad,21.5,C,64,1.8,22.8,10.1,Clear,N
2024-08-14,Hyderabad,20.0,C,30,1.5,17.2,6.3,Sunny,N
2024-08-15,Hyderabad,21.0,C,95,0.5,22.4,4.3,Clear,N
2024-08-16,Hyderabad,19.5,C,73,0.3,11.3,5.4,Clear,N
17-08-2024,Hyderabad,22.3,C,33,82.1,34.3,8.3,Rain,
18-08-2024,Hyderabad,17.2,C,52,0.8,19.2,4.3,Cloudy,N
19-08-2024,Hyderabad,19.2,C,28,1.4,15.5,5.1,Cloudy,N
20-08-2024,Hyderabad,57.6,F,56,1.7,35.8,6.5,Clear,N
2024-08-21,Hyderabad,19.6,,29,98.3,29.2,5.4,Rain,
2024-08-22,Hyderabad,14.7,C,66,1.4,33.9,8.8,Clear,N
23-08-2024,Hyderabad,17.3,C,67,1.5,34.2,10.7,clear,N
2024-08-24,Hyderabad,18.9,C,90,0.4,39.1,7.4,CLEAR,N
2024-08-25,Hyderabad,23.4,C,40,1.5,15.1,7.9,Cloudy,N
26-08-2024,Hyderabad,15.4,,88,119.4,14.1,4.1,Thunderstorm,
2024-08-27,Hyderabad,13.7,,87,0.8,40.4,9.0,Clear,N
28-08-2024,Hyderabad,14.5,,65,56.8,10.4,10.6,rain,N
2024-08-29,Hyderabad,22.5,C,93,13.2,37.2,5.0,rain,N
2024-08-30,Hyderabad,18.2,,88,1.1,36.5,8.5,Sunny,N
2024-08-31,Hyderabad,16.2,,51,62.7,NA,8.4,Rain,yes
2024-09-01,Hyderabad,72.7,F,47,22.0,12.8,9.0,Rain,Y
02-09-2024,Hyderabad,13.7,C,95,2.0,34.6,10.6,Clear,N
2024-09-03,Hyderabad,18.1,C,29,82.5,30.1,8.6,Rain,N
2024-09-04,Hyderabad,19.2,C,92,1.4,11.6,7.9,Clear,N
2024-09-05,Hyderabad,16.5,C,58,99.8,27.9,11.9,Thunderstorm,no
2024-09-06,Hyderabad,19.4,C,45,21.0,-,4.4,Thunderstorm,Y
07-09-2024,Hyderabad,66.4,F,80,1.7,38.0,10.9,Clear,N
2024-09-08,Hyderabad,18.4,C,44,1.6,10.8,11.1,Cloudy,N
09-09-2024,Hyderabad,15.0,C,49,55.5,11.0,8.0,Thunderstorm,Y
10-09-2024,Hyderabad,unknown,C,92,1.4,32.5,11.5,Sunny,N
11-09-2024,Hyderabad,14.6,C,61,1.2,4.1,9.2,Sunny,N
12-09-2024,Hyderabad,18.6,,88,0.7,22.9,6.5,Sunny,N
13-09-2024,Hyderabad,14.0,C,84,82.4,33.8,11.3,Rain,yes
14-09-2024,Hyderabad,20.6,C,80,1.6,7.4,11.5,Cloudy,N
2024-09-15,Hyderabad,15.3,,76,1.1,18.7,7.1,clear,N
2024-09-16,Hyderabad,14.3,C,93,0.2,26.6,2.1,Fog,N
2024-09-17,Hyderabad,12.7,C,95,1.4,29.5,10.3,CLEAR,N
18-09-2024,Hyderabad,15.7,C,59,0.8,2.1,1.1,Fog,N
19-09-2024,Hyderabad,17.2,C,96,73.0,4.6,8.8,Thunderstorm,no
20-09-2024,Hyderabad,55.7,F,60,61.3,10.9,4.6,Heavy Rain,N
21-09-2024,Hyderabad,21.0,C,88,0.9,6.4,7.1,Clear,N
2024-09-22,Hyderabad,11.5,C,40,0.1,22.9,5.7,Sunny,N
23-09-2024,Hyderabad,21.9,C,97,1.5,26.4,10.7,Cloudy,N
2024-09-24,Hyderabad,12.3,C,87,1.0,18.0,5.2,clear,N
2024-09-25,Hyderabad,14.4,C,61,0.4,40.4,9.8,Cloudy,N
2024-09-26,Hyderabad,18.8,,46,1.6,43.2,5.6,Clear,N
27-09-2024,Hyderabad,18.7,C,31,0.7,13.6,2.2,Fog,N
2024-09-28,Hyderabad,null,C,83,0.2,38.1,7.8,Clear,N
29-09-2024,Hyderabad,17.8,C,59,1.9,43.4,11.0,clear,N
30-09-2024,Hyderabad,18.8,,31,47.0,5.4,4.6,Rain,N
01-10-2024,Hyderabad,18.2,C,85,27.7,22.7,6.3,Rain,N
02-10-2024,Hyderabad,12.9,C,83,0.1,23.7,8.4,Clear,N
05-10-2024,Hyderabad,13.1,C,42,0.2,33.4,11.0,Cloudy,N
06-10-2024,Hyderabad,14.5,C,32,0.3,3.3,4.3,Sunny,N
07-10-2024,Hyderabad,15.8,C,86,0.3,6.1,6.1,Clear,N
2024-10-08,Hyderabad,14.0,C,46,1.5,20.1,2.1,Fog,N
09-10-2024,Hyderabad,14.9,C,78,1.7,33.7,9.7,Clear,N
2024-10-10,Hyderabad,12.3,,59,0.7,28.7,6.5,Clear,N
2024-10-11,Hyderabad,19.5,C,44,0.5,17.7,11.8,Cloudy,N
12-10-2024,Hyderabad,68.4,F,86,1.0,29.6,2.1,Fog,N
2024-10-13,Hyderabad,10.9,C,97,0.0,7.4,4.7,Cloudy,N
2024-10-14,Hyderabad,14.5,C,83,0.4,13.0,5.0,CLEAR,N
2024-10-15,Hyderabad,58.4,,83,37.4,40.1,11.2,rain,
16-10-2024,Hyderabad,54.6,F,57,1.9,31.4,6.6,Cloudy,N
17-10-2024,Hyderabad,13.7,C,55,63.0,32.8,11.1,Heavy Rain,N
2024-10-18,Hyderabad,18.3,C,94,47.8,7.6,9.4,Rain,Y
19-10-2024,Hyderabad,14.9,C,31,1.0,20.4,5.2,Clear,N
20-10-2024,Hyderabad,18.3,C,98,54.6,35.1,8.0,Rain,N
21-10-2024,Hyderabad,11.0,C,81,73.9,39.8,11.9,Rain,no
22-10-2024,Hyderabad,13.6,C,48,1.0,40.0,7.2,Clear,N
23-10-2024,Hyderabad,17.1,C,39,96.5,8.5,4.1,Thunderstorm,no
24-10-2024,Hyderabad,12.9,C,39,0.6,27.4,8.2,Clear,N
25-10-2024,Hyderabad,22.2,C,33,1.5,18.7,5.9,Cloudy,N
26-10-2024,Hyderabad,18.5,C,28,91.7,7.3,5.5,Rain,yes
2024-10-27,Hyderabad,14.8,C,68,0.5,22.0,10.0,Clear,N
28-10-2024,Hyderabad,12.9,C,44,0.9,30.6,6.3,Cloudy,N
29-10-2024,Hyderabad,62.6,F,93,0.5,11.0,0.6,Fog,N
30-10-2024,Hyderabad,61.9,F,73,1.9,42.9,11.6,Cloudy,N
2024-10-31,Hyderabad,16.0,C,82,89.1,42.9,9.2,Heavy Rain,no
2024-11-01,Hyderabad,16.4,C,63,103.1,40.1,7.5,Rain,N
2024-11-02,Hyderabad,13.9,C,56,1.8,33.3,5.0,Clear,N
2024-11-03,Hyderabad,63.8,F,78,1.9,14.3,7.5,Clear,N
2024-11-04,Hyderabad,16.1,C,49,1.2,13.0,6.7,CLEAR,N
2024-11-05,Hyderabad,62.6,F,80,0.1,41.7,7.2,Clear,N
06-11-2024,Hyderabad,14.5,C,53,0.6,22.7,1.2,Fog,N
07-11-2024,Hyderabad,16.3,C,46,0.0,39.2,4.6,Clear,N
2024-11-08,Hyderabad,12.6,C,37,0.8,12.4,10.8,Cloudy,N
2024-11-09,Hyderabad,20.3,,55,74.4,11.6,10.4,Heavy Rain,
2024-11-10,Hyderabad,14.7,C,45,45.5,4.3,7.2,Rain,
2024-11-11,Hyderabad,19.3,,91,1.4,39.2,7.4,Clear,N
2024-11-12,Hyderabad,21.7,,56,0.4,32.7,10.3,clear,N
2024-11-14,Hyderabad,17.6,C,90,1.3,4.8,5.1,Cloudy,N
15-11-2024,Hyderabad,74.8,F,48,34.2,36.2,8.7,Rain,N
2024-11-16,Hyderabad,19.5,C,91,0.9,21.9,7.5,Sunny,N
17-11-2024,Hyderabad,17.2,,45,1.2,23.2,6.5,Cloudy,N
2024-11-18,Hyderabad,21.1,C,44,1.4,17.1,0.4,Fog,N
19-11-2024,Hyderabad,72.7,F,83,1.5,14.9,2.3,Fog,N
2024-11-20,Hyderabad,20.5,C,29,0.3,27.7,5.4,clear,N
21-11-2024,Hyderabad,24.6,C,63,1.5,2.5,9.2,Clear,N
2024-11-22,Hyderabad,74.9,F,85,105.3,42.6,8.9,rain,no
2024-11-23,Hyderabad,22.6,C,30,0.6,16.1,11.1,clear,N
24-11-2024,Hyderabad,18.0,,31,85.0,30.7,6.4,Rain,yes
2024-11-25,Hyderabad,13.7,,88,16.8,16.6,6.8,rain,yes
26-11-2024,Hyderabad,17.3,C,67,0.5,38.7,6.4,Clear,N
2024-11-27,Hyderabad,21.0,,39,1.0,2.9,5.7,Clear,N
2024-11-28,Hyderabad,25.3,C,52,0.6,11.9,5.7,Cloudy,N
2024-11-29,Hyderabad,19.5,,81,0.1,42.1,11.3,CLEAR,N
30-11-2024,Hyderabad,68.8,F,61,71.6,38.2,9.7,Rain,N
01-12-2024,Hyderabad,23.4,C,90,0.9,7.4,4.4,Clear,N
2024-12-02,Hyderabad,19.4,C,94,0.1,29.5,4.2,Cloudy,N
2024-12-03,Hyderabad,19.6,C,34,1.5,3.7,11.6,Clear,N
2024-12-04,Hyderabad,null,C,78,0.1,9.9,11.1,Cloudy,N
2024-12-05,Hyderabad,N/A,F,59,7.8,44.1,6.8,Heavy Rain,N
06-12-2024,Hyderabad,16.4,C,74,0.1,43.2,9.1,Clear,N
07-12-2024,Hyderabad,26.8,,96,88.3,20.6,4.0,Thunderstorm,no
2024-12-08,Hyderabad,23.3,,93,40.8,13.4,11.3,Heavy Rain,yes
2024-12-09,Hyderabad,23.7,C,57,1.6,13.3,9.6,Clear,N
2024-12-10,Hyderabad,24.0,C,55,0.7,21.8,2.4,Fog,N
2024-12-11,Hyderabad,19.9,C,93,1.2,5.2,7.7,clear,N
2024-12-12,Hyderabad,20.7,C,30,0.1,9.5,5.2,Clear,N
13-12-2024,Hyderabad,22.8,,60,1.6,2.2,8.3,Cloudy,N
2024-12-14,Hyderabad,75.2,F,88,70.0,31.7,4.7,rain,
2024-12-15,Hyderabad,68.4,F,90,59.8,29.4,12.0,Rain,Y
2024-12-16,Hyderabad,18.9,C,51,0.5,13.7,6.3,Clear,N
17-12-2024,Hyderabad,21.3,C,81,89.0,7.1,9.1,Rain,yes
2024-12-18,Hyderabad,24.0,C,96,43.1,27.5,6.5,Rain,no
2024-12-19,Hyderabad,17.6,C,47,1.9,15.4,7.8,Clear,N
2024-12-20,Hyderabad,26.8,C,44,1.1,42.8,11.5,Cloudy,N
2024-12-21,Hyderabad,72.7,F,95,0.9,14.0,10.4,Clear,N
2024-12-22,Hyderabad,23.5,,97,0.6,29.4,6.3,Clear,N
23-12-2024,Hyderabad,18.5,,49,17.4,28.3,5.0,Rain,N
2024-12-24,Hyderabad,18.3,C,43,0.6,24.5,5.1,CLEAR,N
2024-12-25,Hyderabad,22.7,C,77,0.4,13.9,10.7,Sunny,N
26-12-2024,Hyderabad,23.9,C,54,101.2,23.6,8.6,Heavy Rain,
2024-12-27,Hyderabad,29.4,C,63,0.4,13.8,10.9,Clear,N
28-12-2024,Hyderabad,unknown,C,50,30.6,22.5,9.7,Rain,no
2024-12-29,Hyderabad,18.3,,88,1.6,32.7,10.9,Clear,N
2024-12-30,Hyderabad,19.6,,88,0.7,42.9,5.7,Cloudy,N
31-12-2024,Hyderabad,20.9,C,47,0.0,31.8,7.6,CLEAR,N
01-01-2025,Hyderabad,24.3,C,98,1.9,40.8,2.0,Fog,N
2025-01-02,Hyderabad,17.9,C,N/A,0.0,6.0,1.2,Fog,N
2025-01-03,Hyderabad,21.9,C,92,22.3,9.4,9.1,Thunderstorm,yes
04-01-2025,Hyderabad,21.8,C,53,1.4,6.8,7.2,Clear,N
2025-01-05,Hyderabad,27.2,,39,1.0,6.1,9.7,Cloudy,N
2025-01-06,Hyderabad,30.7,C,62,1.2,44.6,7.9,Cloudy,N
2025-01-07,Hyderabad,26.8,,41,109.0,6.6,9.7,rain,Y
08-01-2025,Hyderabad,29.0,C,91,0.4,4.1,5.2,Clear,N
09-01-2025,Hyderabad,23.3,C,84,1.3,2.0,6.0,Sunny,N
2025-01-10,Hyderabad,18.7,C,84,1.4,2.6,2.0,Fog,N
2025-01-11,Hyderabad,24.9,C,72,0.6,34.3,6.9,Clear,N
2025-01-12,Hyderabad,25.9,C,89,40.3,11.6,8.3,Thunderstorm,yes
2025-01-13,Hyderabad,25.0,C,34,0.4,43.0,6.2,Clear,N
2025-01-14,Hyderabad,29.0,C,54,0.1,42.1,9.6,Clear,N
15-01-2025,Hyderabad,81.2,,55,1.7,null,4.5,Cloudy,N
2025-01-16,Hyderabad,29.9,C,73,95.4,3.7,6.1,Rain,no
2025-01-17,Hyderabad,81.3,F,60,0.4,31.0,6.8,Clear,N
20-01-2025,Hyderabad,30.0,C,NA,1.8,14.9,8.7,Clear,N
21-01-2025,Hyderabad,28.0,C,79,0.4,,7.2,Clear,N
22-01-2025,Hyderabad,85.1,F,67,28.4,4.0,4.2,rain,Y
2025-01-24,Hyderabad,23.2,C,96,0.8,14.9,10.4,Clear,N
25-01-2025,Hyderabad,28.5,C,98,87.0,2.5,5.9,Rain,
2025-01-26,Hyderabad,24.2,,59,1.7,33.1,4.7,Cloudy,N
27-01-2025,Hyderabad,26.0,C,51,21.2,28.6,5.0,Heavy Rain,N
2025-01-28,Hyderabad,27.4,C,76,1.5,38.5,5.3,Clear,N
2025-01-29,Hyderabad,35.2,,65,0.8,11.4,6.1,clear,N
31-01-2025,Hyderabad,23.8,C,60,5.7,11.1,11.0,Heavy Rain,Y
01-02-2025,Hyderabad,26.8,C,82,0.9,28.0,2.9,Fog,N
2025-02-02,Hyderabad,26.0,C,59,39.5,3.3,8.5,Heavy Rain,N
03-02-2025,Hyderabad,33.3,C,68,0.4,31.2,7.2,Cloudy,N
04-02-2025,Hyderabad,25.5,C,53,0.7,37.4,7.7,Sunny,N
2025-02-05,Hyderabad,29.3,C,37,54.9,8.1,11.2,Heavy Rain,Y
06-02-2025,Hyderabad,75.0,F,42,54.7,35.2,10.4,Rain,N
2025-02-07,Hyderabad,27.1,C,72,0.7,10.2,10.8,Cloudy,N
2025-02-08,Hyderabad,31.4,,37,1.5,39.0,6.1,Clear,N
2025-02-09,Hyderabad,25.0,C,87,1.3,14.5,9.8,Cloudy,N
2025-02-10,Hyderabad,31.6,C,79,1.0,23.0,9.2,Clear,N
11-02-2025,Hyderabad,28.3,,93,112.8,13.8,7.9,Rain,
2025-02-12,Hyderabad,28.7,C,55,58.2,8.8,11.6,Heavy Rain,yes
13-02-2025,Hyderabad,35.1,,42,0.7,4.4,10.9,Cloudy,N
2025-02-14,Hyderabad,36.7,,47,1.1,34.3,8.3,clear,N
15-02-2025,Hyderabad,91.9,F,58,0.2,4.9,0.7,Fog,N
2025-02-16,Hyderabad,26.3,,36,1.3,26.5,4.1,Sunny,N
2025-02-17,Hyderabad,33.4,C,35,1.6,31.5,6.7,Cloudy,N
2025-02-18,Hyderabad,30.7,C,70,1.6,33.3,8.2,Clear,N
19-02-2025,Hyderabad,95.6,F,28,0.7,33.9,1.6,Fog,N
20-02-2025,Hyderabad,31.6,C,44,2.0,29.3,10.0,Cloudy,N
21-02-2025,Hyderabad,30.0,C,39,48.3,28.8,10.2,Rain,Y
2025-02-22,Hyderabad,85.1,F,54,1.3,27.1,6.5,Cloudy,N
2025-02-23,Hyderabad,27.7,C,89,1.0,18.9,6.6,Clear,N
2025-02-24,Hyderabad,23.4,C,90,1.2,38.5,9.8,Cloudy,N
2025-02-25,Hyderabad,29.8,C,39,1.7,NA,10.3,Clear,N
2025-02-26,Hyderabad,26.6,C,48,2.0,7.1,10.4,Sunny,N
2025-02-27,Hyderabad,30.1,C,84,0.2,21.3,11.9,Cloudy,N
2025-02-28,Hyderabad,31.8,,43,0.2,44.5,7.9,Clear,N
01-03-2025,Hyderabad,30.7,C,55,1.0,23.7,9.0,Clear,N
2025-03-02,Hyderabad,29.7,,57,0.0,38.3,9.2,Sunny,N
03-03-2025,Hyderabad,N/A,,32,0.9,22.6,7.7,Clear,N
04-03-2025,Hyderabad,27.3,C,31,1.9,41.3,4.4,Cloudy,N
2025-03-05,Hyderabad,27.8,,30,2.0,8.7,9.2,Clear,N
06-03-2025,Hyderabad,31.6,C,31,1.3,7.8,0.8,Fog,N
2025-03-07,Hyderabad,28.4,C,44,1.4,18.0,1.6,Fog,N
2025-03-08,Hyderabad,80.9,F,34,1.5,6.7,4.5,Cloudy,N
09-03-2025,Hyderabad,31.0,C,76,1.7,36.4,4.0,Cloudy,N
2025-03-10,Hyderabad,32.5,C,37,1.3,29.7,11.4,Clear,N
2025-03-11,Hyderabad,NA,C,47,0.7,31.4,8.4,Clear,N
12-03-2025,Hyderabad,31.2,C,88,32.6,20.4,11.7,Rain,
13-03-2025,Hyderabad,35.7,,90,1.0,35.4,6.6,Sunny,N
14-03-2025,Hyderabad,35.1,,60,1.0,15.7,11.0,clear,N
15-03-2025,Hyderabad,91.1,F,69,0.4,28.2,4.4,clear,N
16-03-2025,Hyderabad,32.2,C,92,30.1,5.9,4.8,Thunderstorm,yes
17-03-2025,Hyderabad,33.5,C,85,1.4,39.1,4.1,Clear,N
2025-03-18,Hyderabad,35.2,C,61,1.8,10.8,6.8,Clear,N
2025-03-19,Hyderabad,28.9,C,58,1.4,33.3,9.7,Clear,N
20-03-2025,Hyderabad,26.7,C,71,0.8,33.6,11.8,clear,N
2025-03-21,Hyderabad,  ,,50,0.6,37.5,5.7,Sunny,N
22-03-2025,Hyderabad,93.3,F,83,1.4,3.8,11.9,Cloudy,N
2025-03-23,Hyderabad,33.7,C,98,1.6,6.3,5.5,Cloudy,N
2025-03-24,Hyderabad,32.0,C,39,1.9,41.7,4.3,Cloudy,N
25-03-2025,Hyderabad,28.4,,90,0.3,40.2,10.8,Clear,N
26-03-2025,Hyderabad,33.0,,89,1.0,29.5,5.6,Sunny,N
27-03-2025,Hyderabad,26.0,C,76,2.0,29.3,7.9,Clear,N
2025-03-28,Hyderabad,33.5,C,43,0.5,37.3,1.2,Fog,N
29-03-2025,Hyderabad,37.5,,68,1.5,24.1,6.5,CLEAR,N
2025-03-30,Hyderabad,32.6,C,76,1.8,8.1,6.6,Clear,N
2025-03-31,Hyderabad,94.7,F,91,119.9,42.7,7.0,Thunderstorm,N
01-04-2025,Hyderabad,28.4,C,36,69.0,16.6,8.1,Heavy Rain,Y
02-04-2025,Hyderabad,92.3,F,52,0.7,31.2,4.5,Clear,N
03-04-2025,Hyderabad,32.4,C,55,1.1,44.1,6.2,Cloudy,N
04-04-2025,Hyderabad,35.8,C,75,0.2,18.8,8.5,clear,N
2025-04-05,Hyderabad,30.1,C,N/A,19.8,24.1,11.4,rain,no
06-04-2025,Hyderabad,85.5,,38,1.1,3.2,7.4,Cloudy,N
07-04-2025,Hyderabad,34.8,,-,51.8,4.9,5.8,Rain,N
2025-04-08,Hyderabad,35.6,C,NA,62.1,24.2,5.5,Heavy Rain,N
2025-04-09,Hyderabad,35.4,C,34,73.0,33.6,8.1,Thunderstorm,Y
10-04-2025,Hyderabad,26.5,C,96,91.1,42.5,8.1,Heavy Rain,
2025-04-11,Hyderabad,26.3,C,29,29.9,12.4,7.8,Rain,N
2025-04-12,Hyderabad,97.4,F,48,80.6,29.0,9.4,Thunderstorm,N
13-04-2025,Hyderabad,31.4,,85,0.6,40.6,7.0,Cloudy,N
2025-04-14,Hyderabad,35.5,C,81,0.3,32.7,11.7,Clear,N
2025-04-15,Hyderabad,  ,,58,0.6,30.6,4.6,Sunny,N
2025-04-16,Hyderabad,34.3,C,45,0.7,42.5,8.9,Clear,N
17-04-2025,Hyderabad,29.2,C,null,1.3,14.2,6.4,Cloudy,N
2025-04-18,Hyderabad,93.1,F,91,90.4,14.6,7.8,Rain,N
2025-04-19,Hyderabad,29.7,C,83,0.7,28.9,8.8,Clear,N
20-04-2025,Hyderabad,NA,C,96,1.6,41.6,6.3,Sunny,N
21-04-2025,Hyderabad,33.6,C,29,0.1,27.4,9.4,Cloudy,N
22-04-2025,Hyderabad,30.4,,52,1.1,38.6,5.8,Cloudy,N
2025-04-23,Hyderabad,84.5,,89,90.9,14.2,6.7,Heavy Rain,Y
24-04-2025,Hyderabad,37.6,C,87,52.1,26.1,8.2,Rain,yes
25-04-2025,Hyderabad,27.8,C,30,55.6,22.8,11.0,Heavy Rain,N
2025-04-26,Hyderabad,32.1,,35,0.2,5.6,5.0,Clear,N
2025-04-27,Hyderabad,24.2,,32,0.9,19.6,5.4,Cloudy,N
28-04-2025,Hyderabad,27.2,C,74,1.5,8.8,6.1,Clear,N
29-04-2025,Hyderabad,30.3,,90,1.2,24.1,5.5,Clear,N
2025-04-30,Hyderabad,29.6,C,78,0.9,13.3,6.9,Sunny,N
01-05-2025,Hyderabad,27.7,C,98,68.5,null,11.4,Rain,N
02-05-2025,Hyderabad,31.0,C,43,1.8,21.7,9.5,clear,N
2025-05-03,Hyderabad,33.1,C,45,79.0,12.8,4.1,Rain,no
2025-05-04,Hyderabad,85.2,,70,1.6,2.6,11.8,Cloudy,N
05-05-2025,Hyderabad,32.6,C,33,1.0,40.5,4.1,Clear,N
2025-05-06,Hyderabad,30.9,C,38,0.7,15.9,4.2,Clear,N
07-05-2025,Hyderabad,28.2,C,34,95.8,37.8,8.1,rain,yes
08-05-2025,Hyderabad,31.3,C,37,0.5,39.1,7.2,Sunny,N
2025-05-09,Hyderabad,N/A,,52,0.1,9.5,5.3,Cloudy,N
2025-05-10,Hyderabad,27.3,C,95,0.3,10.3,7.2,Clear,N
2025-05-11,Hyderabad,27.8,,96,16.4,39.9,10.0,Thunderstorm,N
12-05-2025,Hyderabad,93.1,F,76,1.2,19.4,1.7,Fog,N
13-05-2025,Hyderabad,83.6,,71,0.0,2.6,1.5,Fog,N
2025-05-14,Hyderabad,33.1,,78,95.4,2.3,5.0,Thunderstorm,N
15-05-2025,Hyderabad,34.6,C,62,117.2,42.6,7.5,Thunderstorm,no
2025-05-16,Hyderabad,24.7,,37,0.8,39.8,11.7,Cloudy,N
2025-05-17,Hyderabad,29.8,C,62,0.2,33.3,5.6,Clear,N
2025-05-18,Hyderabad,26.6,C,61,0.4,19.4,4.1,Clear,N
2025-05-19,Hyderabad,33.1,C,60,1.0,4.4,11.8,Clear,N
20-05-2025,Hyderabad,24.8,C,49,1.7,23.1,4.3,Cloudy,N
2025-05-21,Hyderabad,29.3,,70,1.4,8.3,4.4,Cloudy,N
2025-05-22,Hyderabad,31.0,C,46,0.7,41.8,4.4,Clear,N
23-05-2025,Hyderabad,27.9,C,85,1.2,44.0,4.9,Cloudy,N
2025-05-24,Hyderabad,27.5,C,44,1.7,5.9,6.8,CLEAR,N
2025-05-25,Hyderabad,28.1,C,70,0.5,44.6,6.8,Clear,N
26-05-2025,Hyderabad,31.1,,76,0.5,22.4,10.9,Cloudy,N
2025-05-27,Hyderabad,29.3,,84,1.6,11.6,4.0,Cloudy,N
28-05-2025,Hyderabad,28.0,,48,0.8,4.1,0.8,Fog,N
29-05-2025,Hyderabad,34.4,C,55,1.7,NA,6.4,Sunny,N
30-05-2025,Hyderabad,32.1,C,84,27.1,23.6,8.6,Heavy Rain,Y
2025-05-31,Hyderabad,26.0,C,81,0.2,36.7,10.1,Clear,N
2025-06-01,Hyderabad,24.7,C,65,0.0,36.6,11.9,Clear,N
2025-06-02,Hyderabad,25.3,C,75,0.1,8.4,8.8,CLEAR,N
03-06-2025,Hyderabad,26.8,,48,1.1,38.6,4.6,Clear,N
2025-06-04,Hyderabad,28.5,C,46,0.8,19.3,11.1,Sunny,N
05-06-2025,Hyderabad,26.6,C,90,0.5,4.3,4.1,Cloudy,N
06-06-2025,Hyderabad,27.0,C,39,10.4,40.5,9.0,Rain,N
07-06-2025,Hyderabad,23.5,C,73,1.0,18.1,12.0,Cloudy,N
2025-06-08,Hyderabad,24.8,C,42,1.8,39.3,5.0,clear,N
09-06-2025,Hyderabad,25.6,C,63,114.3,19.8,5.7,rain,N
2025-06-10,Hyderabad,24.9,C,66,1.9,26.3,9.4,Cloudy,N
2025-06-11,Hyderabad,31.4,,53,0.5,13.6,8.8,Sunny,N
12-06-2025,Hyderabad,20.3,C,54,24.5,6.1,6.0,Heavy Rain,Y
13-06-2025,Hyderabad,24.4,C,73,50.1,19.8,6.5,Rain,N
2025-06-14,Hyderabad,21.4,C,34,0.6,40.4,8.4,clear,N
2025-06-15,Hyderabad,27.4,C,62,0.7,28.0,8.2,Sunny,N
2025-06-16,Hyderabad,28.3,,43,1.4,36.9,5.8,clear,N
2025-06-17,Hyderabad,27.7,C,65,0.1,40.5,9.4,clear,N
2025-06-18,Hyderabad,30.4,C,70,0.1,15.1,11.7,Clear,N
2025-06-19,Hyderabad,27.5,,NA,0.6,14.8,10.0,Clear,N
2025-06-20,Hyderabad,27.7,C,71,32.3,14.0,7.7,Thunderstorm,
2025-06-21,Hyderabad,28.6,,41,0.3,12.0,6.8,Cloudy,N
2025-06-22,Hyderabad,24.1,C,77,1.2,32.7,8.8,Cloudy,N
23-06-2025,Hyderabad,19.7,C,36,1.3,38.6,4.8,Clear,N
2025-06-24,Hyderabad,22.0,C,41,56.1,2.0,6.7,Rain,Y
25-06-2025,Hyderabad,22.8,C,85,94.5,8.4,7.4,Rain,N
26-06-2025,Hyderabad,24.4,C,91,64.1,7.2,5.2,Thunderstorm,N
2025-06-27,Hyderabad,27.3,C,85,58.1,30.0,11.0,Thunderstorm,N
28-06-2025,Hyderabad,26.4,C,92,79.4,9.1,9.9,Rain,N
2025-06-29,Hyderabad,21.5,C,41,104.4,37.3,9.1,Rain,yes
2025-06-30,Hyderabad,28.1,,unknown,0.9,24.9,9.6,Clear,N
2025-07-01,Hyderabad,21.8,C,71,112.9,13.0,4.8,Heavy Rain,N
01-01-2024,Mumbai,27.3,,57,35.8,7.7,9.3,Rain,yes
2024-01-02,Mumbai,25.0,C,unknown,0.4,41.9,8.0,Cloudy,N
2024-01-03,Mumbai,24.8,C,65,1.6,33.3,7.1,clear,N
04-01-2024,Mumbai,78.5,F,94,0.1,2.3,7.5,Sunny,N
2024-01-05,Mumbai,23.5,C,56,0.8,24.7,9.2,Clear,N
06-01-2024,Mumbai,24.0,,71,87.7,null,9.3,Rain,
2024-01-07,Mumbai,25.3,C,70,1.0,9.2,8.1,Cloudy,N
08-01-2024,Mumbai,22.3,,-,1.9,38.9,7.4,clear,N
09-01-2024,Mumbai,21.3,C,48,1.0,19.1,8.5,Cloudy,N
10-01-2024,Mumbai,28.5,,57,0.6,20.5,10.4,Clear,N
11-01-2024,Mumbai,23.0,C,52,1.8,44.4,4.4,Cloudy,N
2024-01-12,Mumbai,25.1,C,32,1.2,22.8,12.0,Cloudy,N
13-01-2024,Mumbai,33.3,C,68,1.1,13.1,5.6,Clear,N
14-01-2024,Mumbai,28.3,C,38,1.8,35.8,6.3,Sunny,N
2024-01-15,Mumbai,20.0,C,38,0.8,27.6,1.4,Fog,N
16-01-2024,Mumbai,75.9,F,43,1.8,2.8,9.3,Cloudy,N
2024-01-17,Mumbai,27.9,C,61,1.7,30.8,7.9,Clear,N
18-01-2024,Mumbai,25.4,C,33,0.0,39.2,5.7,Cloudy,N
2024-01-20,Mumbai,26.2,,66,96.6,23.0,6.2,Rain,no
2024-01-22,Mumbai,21.2,,64,0.6,12.6,11.8,clear,N
23-01-2024,Mumbai,37.3,C,56,93.1,15.7,11.3,Thunderstorm,no
2024-01-25,Mumbai,28.5,,94,9.5,27.5,11.2,Rain,no
2024-01-26,Mumbai,27.6,C,67,1.3,30.0,2.8,Fog,N
27-01-2024,Mumbai,28.9,,28,1.1,14.4,9.7,Clear,N
28-01-2024,Mumbai,24.8,,92,45.8,39.8,7.6,Heavy Rain,no
29-01-2024,Mumbai,74.2,F,30,87.4,18.1,6.7,Rain,
2024-01-30,Mumbai,30.3,,48,0.0,26.2,4.4,Clear,N
2024-01-31,Mumbai,91.3,F,97,1.7,2.1,7.2,Cloudy,N
01-02-2024,Mumbai,26.1,C,85,1.4,27.0,7.8,Cloudy,N
2024-02-02,Mumbai,69.3,F,68,0.5,40.2,4.3,Sunny,N
2024-02-03,Mumbai,27.1,C,36,1.5,4.8,7.0,Cloudy,N
2024-02-04,Mumbai,29.8,C,58,13.1,43.7,4.6,Rain,N
05-02-2024,Mumbai,79.6,F,74,27.3,21.9,4.4,Rain,Y
2024-02-07,Mumbai,28.4,,92,1.0,22.6,11.3,Cloudy,N
2024-02-08,Mumbai,29.5,,57,0.8,20.3,2.3,Fog,N
2024-02-09,Mumbai,34.2,C,46,1.0,5.2,10.8,Clear,N
10-02-2024,Mumbai,26.5,C,51,1.2,41.7,5.5,Clear,N
2024-02-11,Mumbai,32.1,,93,1.6,30.7,4.5,Clear,N
2024-02-12,Mumbai,31.9,C,45,1.3,34.8,8.7,Clear,N
13-02-2024,Mumbai,32.2,C,44,1.4,19.5,4.8,Cloudy,N
14-02-2024,Mumbai,30.2,C,52,0.6,23.3,9.6,Clear,N
2024-02-15,Mumbai,25.2,C,43,1.0,29.3,5.9,clear,N
16-02-2024,Mumbai,27.5,,81,0.7,15.1,5.1,Clear,N
2024-02-17,Mumbai,32.8,,50,22.1,3.3,7.7,Thunderstorm,N
18-02-2024,Mumbai,80.7,,30,0.5,23.7,9.9,Clear,N
2024-02-19,Mumbai,31.8,,53,1.0,41.5,2.4,Fog,N
20-02-2024,Mumbai,30.1,C,38,0.5,32.7,8.7,Sunny,N
21-02-2024,Mumbai,30.6,C,74,0.1,,5.7,Sunny,N
2024-02-22,Mumbai,79.6,F,47,103.1,23.8,8.7,Rain,
2024-02-23,Mumbai,26.7,,39,0.4,38.3,10.9,Clear,N
2024-02-24,Mumbai,88.5,,56,0.6,31.7,6.3,Sunny,N
2024-02-25,Mumbai,85.0,F,89,0.5,41.1,0.7,Fog,N
26-02-2024,Mumbai,85.7,F,80,1.3,3.4,2.0,Fog,N
27-02-2024,Mumbai,29.6,C,95,0.1,35.9,8.8,Clear,N
2024-02-28,Mumbai,83.6,F,51,24.7,16.1,10.3,Rain,N
2024-02-29,Mumbai,27.8,C,98,0.7,6.3,6.2,Cloudy,N
01-03-2024,Mumbai,33.9,,63,1.5,20.1,8.1,Clear,N
2024-03-02,Mumbai,33.4,C,null,1.6,32.6,5.8,Cloudy,N
2024-03-03,Mumbai,30.7,,92,0.2,12.6,9.1,Clear,N
04-03-2024,Mumbai,30.9,C,52,72.3,24.8,7.7,Rain,N
05-03-2024,Mumbai,34.4,C,58,1.9,33.9,11.5,Clear,N
06-03-2024,Mumbai,32.5,C,68,0.1,34.6,9.5,Clear,N
07-03-2024,Mumbai,30.4,,40,1.6,43.0,5.4,Clear,N
08-03-2024,Mumbai,27.3,C,91,0.9,13.1,7.3,Cloudy,N
09-03-2024,Mumbai,33.4,C,72,105.8,8.4,11.8,Thunderstorm,
10-03-2024,Mumbai,103.9,,86,1.2,24.2,10.9,Cloudy,N
2024-03-11,Mumbai,90.9,F,55,1.4,9.8,0.5,Fog,N
2024-03-12,Mumbai,27.5,C,69,92.7,41.8,7.1,Rain,yes
13-03-2024,Mumbai,NA,C,73,0.7,9.2,10.3,Sunny,N
14-03-2024,Mumbai,35.5,C,93,1.6,5.4,9.5,Clear,N
2024-03-15,Mumbai,29.3,C,93,1.9,6.4,10.8,Clear,N
16-03-2024,Mumbai,32.2,C,82,0.1,8.1,4.3,Clear,N
17-03-2024,Mumbai,80.7,F,96,0.3,8.3,5.6,Clear,N
2024-03-18,Mumbai,30.8,C,76,0.9,11.8,7.6,Clear,N
2024-03-19,Mumbai,32.7,C,59,0.2,31.8,5.1,Clear,N
2024-03-20,Mumbai,33.5,C,88,66.4,35.9,11.2,Heavy Rain,Y
2024-03-21,Mumbai,88.1,F,54,0.5,2.2,8.6,Clear,N
22-03-2024,Mumbai,38.6,C,72,20.9,22.3,11.2,Thunderstorm,N
23-03-2024,Mumbai,32.6,C,58,115.7,21.7,7.0,Heavy Rain,yes
2024-03-24,Mumbai,31.1,,84,2.0,41.2,6.9,Clear,N
25-03-2024,Mumbai,unknown,C,75,0.8,10.1,6.2,Sunny,N
26-03-2024,Mumbai,30.4,C,74,1.4,34.3,1.3,Fog,N
27-03-2024,Mumbai,30.2,C,63,1.1,32.7,11.8,Clear,N
28-03-2024,Mumbai,27.6,,58,94.7,43.8,4.9,Rain,no
2024-03-29,Mumbai,34.3,,63,17.4,39.6,6.2,Rain,no
2024-03-30,Mumbai,34.8,C,35,102.4,19.0,9.0,Heavy Rain,no
2024-03-31,Mumbai,35.8,C,48,1.6,34.4,6.8,Clear,N
2024-04-01,Mumbai,33.1,C,,0.6,35.6,7.8,Clear,N
2024-04-02,Mumbai,36.0,C,75,1.4,28.8,6.3,clear,N
2024-04-03,Mumbai,26.8,C,70,0.4,34.5,5.0,Cloudy,N
04-04-2024,Mumbai,90.1,F,44,0.9,25.2,10.9,Sunny,N
05-04-2024,Mumbai,35.2,C,76,0.7,39.5,4.9,Clear,N
2024-04-06,Mumbai,28.9,C,42,0.7,44.6,8.1,Cloudy,N
2024-04-07,Mumbai,-,,64,44.9,28.4,7.2,Heavy Rain,N
08-04-2024,Mumbai,30.7,C,60,1.4,2.1,8.2,Clear,N
09-04-2024,Mumbai,-,C,76,0.1,7.1,8.6,CLEAR,N
2024-04-10,Mumbai,31.7,C,54,0.7,28.1,8.0,clear,N
2024-04-11,Mumbai,28.3,C,31,109.5,4.1,9.8,rain,yes
2024-04-12,Mumbai,83.6,,92,0.6,20.2,4.4,Clear,N
13-04-2024,Mumbai,29.8,C,61,0.2,36.3,11.8,Sunny,N
2024-04-14,Mumbai,NA,C,85,78.8,37.5,4.6,Heavy Rain,N
2024-04-15,Mumbai,33.8,,93,1.9,40.7,9.7,CLEAR,N
2024-04-16,Mumbai,34.1,,75,1.7,15.5,2.3,Fog,N
17-04-2024,Mumbai,32.7,C,56,0.6,18.9,9.8,Cloudy,N
2024-04-18,Mumbai,88.4,F,83,0.7,35.5,11.0,Clear,N
19-04-2024,Mumbai,36.2,C,73,1.1,20.9,8.8,clear,N
2024-04-20,Mumbai,35.8,C,53,117.0,,4.8,Thunderstorm,
21-04-2024,Mumbai,31.1,,89,2.0,22.4,9.0,CLEAR,N
22-04-2024,Mumbai,30.5,C,73,1.6,5.4,6.5,Sunny,N
23-04-2024,Mumbai,27.5,,80,0.0,4.9,9.6,Clear,N
2024-04-24,Mumbai,28.5,C,62,16.0,41.0,11.3,Rain,yes
25-04-2024,Mumbai,37.4,C,67,1.0,13.2,11.4,Clear,N
2024-04-26,Mumbai,32.2,C,70,1.3,37.6,10.3,Cloudy,N
27-04-2024,Mumbai,33.5,C,55,1.5,42.7,2.3,Fog,N
28-04-2024,Mumbai,29.6,C,87,12.1,31.3,8.3,Rain,N
2024-04-29,Mumbai,29.6,,65,0.1,6.1,6.8,clear,N
2024-04-30,Mumbai,35.1,C,66,1.3,5.2,11.7,Sunny,N
01-05-2024,Mumbai,29.8,C,59,1.2,23.6,9.7,Clear,N
2024-05-02,Mumbai,26.8,C,67,1.6,36.7,9.4,Cloudy,N
2024-05-03,Mumbai,33.3,C,72,0.4,29.6,3.0,Fog,N
04-05-2024,Mumbai,31.0,C,50,1.1,12.9,9.9,Cloudy,N
05-05-2024,Mumbai,34.8,C,86,1.7,35.7,4.9,Sunny,N
2024-05-06,Mumbai,34.3,,96,1.9,32.6,5.1,Clear,N
07-05-2024,Mumbai,28.8,C,51,1.6,21.1,6.7,Clear,N
08-05-2024,Mumbai,30.8,C,83,0.7,29.7,4.5,Sunny,N
2024-05-09,Mumbai,N/A,C,87,0.8,26.7,10.7,clear,N
2024-05-10,Mumbai,86.4,F,98,117.7,19.6,8.5,Thunderstorm,no
11-05-2024,Mumbai,28.8,,58,0.3,28.1,11.6,Cloudy,N
2024-05-12,Mumbai,28.7,,57,0.1,32.0,8.6,Clear,N
13-05-2024,Mumbai,28.8,C,91,106.6,  ,4.1,Heavy Rain,yes
14-05-2024,Mumbai,24.0,C,94,0.1,8.6,7.4,Sunny,N
2024-05-15,Mumbai,25.6,C,75,13.9,26.2,9.9,Rain,no
16-05-2024,Mumbai,33.1,C,60,1.0,35.0,11.9,Clear,N
17-05-2024,Mumbai,28.0,C,51,0.1,34.3,8.2,Cloudy,N
18-05-2024,Mumbai,24.6,C,70,88.8,44.2,6.1,Thunderstorm,yes
2024-05-19,Mumbai,27.4,C,65,1.4,2.3,8.8,Sunny,N
2024-05-20,Mumbai,25.4,C,84,0.7,10.1,9.2,Sunny,N
2024-05-21,Mumbai,29.4,C,46,0.2,43.2,0.7,Fog,N
22-05-2024,Mumbai,31.5,C,52,0.5,18.3,6.2,Clear,N
2024-05-23,Mumbai,28.9,,43,1.2,9.4,4.2,clear,N
24-05-2024,Mumbai,24.0,,41,1.3,29.5,6.3,CLEAR,N
2024-05-25,Mumbai,29.2,,74,87.8,22.7,6.3,Rain,
2024-05-26,Mumbai,32.6,C,96,0.6,12.9,9.2,CLEAR,N
28-05-2024,Mumbai,27.9,,64,1.1,41.0,11.8,Cloudy,N
2024-05-29,Mumbai,25.4,,62,18.0,23.0,10.7,Heavy Rain,no
2024-05-30,Mumbai,26.8,,  ,1.2,43.7,11.5,Cloudy,N
31-05-2024,Mumbai,25.5,C,45,2.0,16.0,9.0,Sunny,N
01-06-2024,Mumbai,29.4,C,53,1.4,35.9,5.3,Clear,N
02-06-2024,Mumbai,87.9,F,  ,1.2,32.6,5.8,Sunny,N
04-06-2024,Mumbai,27.3,C,96,0.4,44.6,10.2,Clear,N
05-06-2024,Mumbai,24.5,,28,1.6,31.1,4.7,Clear,N
2024-06-06,Mumbai,23.1,C,84,116.6,8.3,11.1,Rain,N
07-06-2024,Mumbai,29.1,C,63,1.6,21.4,11.2,Sunny,N
08-06-2024,Mumbai,27.0,C,62,1.0,26.6,8.9,Cloudy,N
09-06-2024,Mumbai,26.8,C,97,0.6,29.4,6.2,Clear,N
10-06-2024,Mumbai,30.7,C,97,0.7,31.4,8.3,Clear,N
11-06-2024,Mumbai,26.0,C,28,0.1,16.9,9.4,Cloudy,N
12-06-2024,Mumbai,24.4,C,84,0.7,28.7,8.0,Sunny,N
13-06-2024,Mumbai,27.1,C,47,1.7,31.7,6.9,Clear,N
14-06-2024,Mumbai,29.1,C,58,1.1,25.5,7.9,Sunny,N
2024-06-15,Mumbai,85.2,F,82,23.3,40.8,6.3,Heavy Rain,Y
16-06-2024,Mumbai,28.1,,,20.5,20.6,7.0,Rain,N
17-06-2024,Mumbai,24.3,C,96,96.4,21.6,11.0,Thunderstorm,N
18-06-2024,Mumbai,26.5,,62,0.6,43.7,10.9,Clear,N
19-06-2024,Mumbai,25.1,C,85,1.4,36.4,9.0,Cloudy,N
20-06-2024,Mumbai,25.2,C,63,1.1,23.8,5.3,clear,N
2024-06-21,Mumbai,23.5,,90,50.3,11.5,4.7,Thunderstorm,yes
2024-06-22,Mumbai,23.2,C,61,1.4,26.1,7.0,Clear,N
23-06-2024,Mumbai,19.1,C,78,0.0,40.1,8.3,Cloudy,N
2024-06-24,Mumbai,25.5,,65,2.0,2.3,6.7,Sunny,N
25-06-2024,Mumbai,30.6,C,93,1.5,40.1,10.6,Sunny,N
26-06-2024,Mumbai,24.6,,38,0.7,17.1,11.3,clear,N
2024-06-27,Mumbai,23.4,C,65,0.1,30.8,9.4,clear,N
2024-06-28,Mumbai,21.0,,54,1.6,39.9,4.2,Clear,N
2024-06-29,Mumbai,80.7,F,43,0.4,NA,10.9,Cloudy,N
2024-06-30,Mumbai,20.2,C,N/A,114.6,44.2,5.9,Heavy Rain,no
01-07-2024,Mumbai,23.9,C,34,60.8,  ,6.4,Rain,
2024-07-02,Mumbai,22.4,C,38,1.9,25.9,0.8,Fog,N
2024-07-03,Mumbai,18.0,C,71,86.9,8.7,9.9,Rain,N
04-07-2024,Mumbai,23.4,,70,19.5,35.4,7.4,rain,
05-07-2024,Mumbai,24.2,C,54,1.1,37.2,5.1,Cloudy,N
06-07-2024,Mumbai,21.9,,72,0.9,30.4,11.2,CLEAR,N
07-07-2024,Mumbai,69.2,,94,1.1,17.5,4.9,Cloudy,N
2024-07-08,Mumbai,27.5,C,53,1.4,13.7,9.2,Clear,N
09-07-2024,Mumbai,26.3,C,33,52.6,12.6,10.7,Heavy Rain,N
10-07-2024,Mumbai,28.0,,84,81.6,28.9,9.7,Rain,yes
2024-07-11,Mumbai,71.8,,53,1.2,5.5,7.3,Clear,N
2024-07-12,Mumbai,22.5,,59,0.9,5.1,10.2,Cloudy,N
13-07-2024,Mumbai,24.1,C,78,58.0,23.2,9.0,rain,
14-07-2024,Mumbai,23.1,C,51,0.2,9.9,4.2,Cloudy,N
2024-07-15,Mumbai,24.8,C,78,47.7,10.6,9.2,Thunderstorm,no
2024-07-16,Mumbai,20.1,C,46,17.8,19.9,5.1,Heavy Rain,Y
17-07-2024,Mumbai,23.4,,43,77.5,19.8,10.3,Heavy Rain,N
18-07-2024,Mumbai,18.3,C,  ,0.1,44.5,4.3,Sunny,N
2024-07-19,Mumbai,66.8,F,36,0.4,9.8,10.2,clear,N
2024-07-20,Mumbai,24.4,,87,1.7,2.0,0.8,Fog,N
21-07-2024,Mumbai,21.4,C,40,70.1,40.0,11.5,Rain,yes
22-07-2024,Mumbai,21.4,C,68,39.9,13.7,5.6,Rain,N
2024-07-23,Mumbai,15.3,C,89,1.2,10.0,7.8,Clear,N
2024-07-24,Mumbai,15.7,C,39,0.4,6.1,4.2,Clear,N
25-07-2024,Mumbai,25.3,C,97,1.2,N/A,11.0,Clear,N
2024-07-26,Mumbai,19.7,,44,1.0,34.0,4.3,CLEAR,N
27-07-2024,Mumbai,19.3,C,60,0.5,31.0,11.1,Clear,N
2024-07-28,Mumbai,18.3,,47,1.4,24.1,5.7,Cloudy,N
29-07-2024,Mumbai,61.6,F,36,45.7,22.4,7.9,Rain,no
2024-07-30,Mumbai,19.6,C,32,1.7,23.6,6.2,Sunny,N
2024-07-31,Mumbai,20.5,,73,0.1,12.7,7.3,Clear,N
01-08-2024,Mumbai,15.5,C,42,19.2,37.4,9.5,Rain,no
2024-08-02,Mumbai,19.5,C,49,112.5,15.4,6.1,Rain,yes
2024-08-03,Mumbai,unknown,F,34,0.6,44.0,8.0,Clear,N
2024-08-04,Mumbai,20.9,C,86,0.4,12.7,4.9,Cloudy,N
2024-08-05,Mumbai,22.4,,84,1.0,32.7,7.6,Cloudy,N
2024-08-06,Mumbai,19.5,C,74,0.7,10.7,8.3,Sunny,N
2024-08-07,Mumbai,23.8,C,29,1.0,43.9,6.4,Clear,N
2024-08-08,Mumbai,21.5,C,30,1.6,6.5,5.5,clear,N
09-08-2024,Mumbai,19.9,C,93,1.2,,1.1,Fog,N
10-08-2024,Mumbai,15.2,,83,70.2,32.4,4.5,Heavy Rain,N
11-08-2024,Mumbai,20.7,,,41.5,31.0,9.5,Heavy Rain,Y
2024-08-12,Mumbai,18.7,C,87,1.8,4.4,7.8,Clear,N
13-08-2024,Mumbai,63.4,F,28,0.8,10.8,6.6,Clear,N
14-08-2024,Mumbai,unknown,C,88,105.4,2.4,9.2,Rain,
15-08-2024,Mumbai,23.5,C,47,18.0,10.6,10.0,Rain,N
2024-08-16,Mumbai,69.8,F,83,0.4,42.5,0.5,Fog,N
2024-08-17,Mumbai,19.0,,78,85.8,28.4,8.8,Heavy Rain,N
18-08-2024,Mumbai,17.8,C,53,0.4,36.6,5.8,Clear,N
19-08-2024,Mumbai,15.5,,28,1.0,2.4,8.9,Cloudy,N
20-08-2024,Mumbai,13.4,C,74,67.9,6.0,9.3,Heavy Rain,no
2024-08-21,Mumbai,14.6,C,90,57.0,25.7,9.8,Rain,N
2024-08-22,Mumbai,18.0,,52,0.1,30.9,4.9,Clear,N
23-08-2024,Mumbai,15.7,,65,0.5,32.8,2.6,Fog,N
24-08-2024,Mumbai,16.1,,36,1.9,25.9,4.8,Sunny,N
2024-08-25,Mumbai,20.3,C,51,5.6,23.3,5.9,rain,N
2024-08-26,Mumbai,20.9,C,53,58.8,3.7,8.9,Heavy Rain,Y
2024-08-27,Mumbai,62.9,F,81,60.7,40.2,10.8,Thunderstorm,
28-08-2024,Mumbai,12.8,C,36,1.5,34.3,11.4,Cloudy,N
29-08-2024,Mumbai,19.5,,,8.9,44.1,12.0,Rain,yes
30-08-2024,Mumbai,18.5,C,38,45.7,11.1,5.6,rain,N
31-08-2024,Mumbai,16.6,C,85,1.5,17.8,5.7,Clear,N
02-09-2024,Mumbai,17.0,C,41,1.7,13.5,2.0,Fog,N
2024-09-03,Mumbai,16.6,C,48,0.9,25.4,11.4,Clear,N
2024-09-04,Mumbai,19.3,C,84,1.9,11.0,6.8,Clear,N
2024-09-05,Mumbai,14.3,C,94,0.7,11.9,5.3,Clear,N
06-09-2024,Mumbai,20.1,,67,1.7,16.4,7.0,Clear,N
2024-09-07,Mumbai,11.3,C,81,0.5,10.4,7.1,clear,N
2024-09-08,Mumbai,11.8,C,62,117.1,14.6,8.5,Heavy Rain,Y
2024-09-09,Mumbai,58.7,F,32,1.1,32.6,4.8,clear,N
2024-09-10,Mumbai,20.6,C,36,1.9,5.0,5.1,Cloudy,N
2024-09-11,Mumbai,15.4,C,75,15.1,37.9,9.0,Rain,Y
2024-09-12,Mumbai,59.8,,38,0.3,21.4,7.7,clear,N
13-09-2024,Mumbai,22.8,C,94,1.2,6.3,4.8,Cloudy,N
14-09-2024,Mumbai,18.0,C,28,1.8,30.2,9.2,Cloudy,N
15-09-2024,Mumbai,17.2,C,49,0.8,34.6,6.0,Clear,N
2024-09-16,Mumbai,20.5,C,87,0.6,24.9,8.7,clear,N
17-09-2024,Mumbai,16.0,C,72,40.6,15.6,7.1,Rain,Y
2024-09-18,Mumbai,14.1,,28,1.1,33.8,7.4,Sunny,N
2024-09-19,Mumbai,16.5,C,31,0.6,27.3,7.0,Cloudy,N
20-09-2024,Mumbai,14.7,C,74,1.3,33.2,11.4,Sunny,N
2024-09-21,Mumbai,13.7,C,68,0.1,38.7,1.1,Fog,N
22-09-2024,Mumbai,16.3,C,55,92.5,14.2,9.0,Rain,yes
23-09-2024,Mumbai,17.7,C,97,1.3,41.0,7.7,Sunny,N
2024-09-24,Mumbai,20.0,,78,1.6,25.0,1.9,Fog,N
25-09-2024,Mumbai,18.8,C,89,15.1,18.9,9.5,Heavy Rain,no
2024-09-26,Mumbai,17.7,,91,89.1,41.9,11.5,rain,
27-09-2024,Mumbai,59.3,F,47,1.3,18.6,10.4,clear,N
28-09-2024,Mumbai,19.1,,63,0.2,16.6,4.4,Clear,N
2024-09-29,Mumbai,14.5,C,75,1.9,29.4,1.7,Fog,N
2024-09-30,Mumbai,9.7,,46,0.9,38.4,10.3,clear,N
01-10-2024,Mumbai,62.7,F,42,0.1,14.0,10.1,Clear,N
2024-10-02,Mumbai,60.3,,31,1.7,13.3,1.6,Fog,N
03-10-2024,Mumbai,17.7,,48,71.7,13.2,10.8,Rain,N
2024-10-04,Mumbai,22.1,C,94,0.5,4.0,4.4,clear,N
2024-10-05,Mumbai,17.5,C,35,1.7,17.6,10.9,Clear,N
06-10-2024,Mumbai,64.1,F,86,34.8,7.0,10.3,Rain,N
07-10-2024,Mumbai,14.5,,56,0.2,39.6,6.3,Cloudy,N
2024-10-08,Mumbai,15.0,C,87,1.0,34.3,10.0,Clear,N
2024-10-09,Mumbai,12.6,,69,98.2,35.0,4.1,Rain,no
2024-10-10,Mumbai,16.8,C,70,1.6,5.8,8.4,Cloudy,N
2024-10-11,Mumbai,16.1,,76,2.0,unknown,2.5,Fog,N
2024-10-12,Mumbai,16.9,C,88,109.0,2.4,9.9,Heavy Rain,N
2024-10-13,Mumbai,54.7,F,44,1.5,23.4,6.8,Clear,N
2024-10-14,Mumbai,15.2,C,84,0.0,26.4,10.1,Cloudy,N
2024-10-15,Mumbai,57.8,F,43,0.3,2.4,4.4,Clear,N
2024-10-16,Mumbai,13.9,,28,1.8,39.6,11.6,CLEAR,N
17-10-2024,Mumbai,19.5,,46,0.2,30.8,6.5,Clear,N
2024-10-18,Mumbai,14.6,C,-,109.9,4.4,4.0,Heavy Rain,N
2024-10-19,Mumbai,19.4,,93,1.6,9.5,11.3,clear,N
20-10-2024,Mumbai,17.0,C,51,106.3,11.5,10.6,Heavy Rain,N
21-10-2024,Mumbai,16.3,C,46,94.2,43.7,11.1,Rain,N
2024-10-22,Mumbai,15.0,C,40,1.7,19.7,5.8,Cloudy,N
23-10-2024,Mumbai,21.1,C,80,1.0,17.1,8.9,Sunny,N
2024-10-24,Mumbai,15.7,C,95,0.0,28.9,10.7,Cloudy,N
25-10-2024,Mumbai,52.9,F,74,75.7,27.1,5.8,Rain,N
2024-10-26,Mumbai,17.6,C,64,2.0,8.9,7.9,Sunny,N
2024-10-27,Mumbai,69.7,F,39,104.7,28.5,8.1,Heavy Rain,N
2024-10-28,Mumbai,18.2,C,44,24.1,12.4,11.4,rain,no
29-10-2024,Mumbai,17.8,,66,85.4,NA,6.3,rain,
2024-10-30,Mumbai,14.0,C,88,1.4,26.2,9.8,Cloudy,N
31-10-2024,Mumbai,17.6,C,74,1.3,21.8,10.0,Clear,N
2024-11-01,Mumbai,15.5,C,97,1.9,22.1,6.3,CLEAR,N
2024-11-02,Mumbai,14.2,,77,1.3,5.7,5.6,Clear,N
03-11-2024,Mumbai,16.8,C,49,0.5,3.7,10.0,Clear,N
2024-11-04,Mumbai,20.2,,79,0.9,15.8,9.1,Cloudy,N
2024-11-05,Mumbai,14.5,C,54,1.7,3.8,4.1,Cloudy,N
2024-11-06,Mumbai,56.8,,95,1.0,34.0,9.7,Cloudy,N
2024-11-07,Mumbai,14.6,C,98,1.3,44.0,6.9,CLEAR,N
2024-11-08,Mumbai,19.5,,95,1.6,16.3,10.7,Sunny,N
2024-11-09,Mumbai,18.3,C,33,92.9,42.8,9.2,Rain,no
10-11-2024,Mumbai,15.0,C,42,47.4,10.8,11.6,Thunderstorm,no
11-11-2024,Mumbai,20.7,C,31,1.6,23.7,0.4,Fog,N
12-11-2024,Mumbai,18.6,C,36,75.7,24.2,11.5,Thunderstorm,
2024-11-13,Mumbai,19.4,C,62,1.9,31.0,2.0,Fog,N
14-11-2024,Mumbai,17.8,C,88,1.6,29.8,7.4,Cloudy,N
2024-11-15,Mumbai,25.1,,38,0.5,27.3,8.0,Cloudy,N
2024-11-16,Mumbai,16.2,,80,46.8,36.6,11.8,Rain,no
2024-11-17,Mumbai,19.4,,68,67.7,24.3,4.4,Thunderstorm,N
2024-11-18,Mumbai,17.5,C,86,1.0,19.2,7.1,clear,N
2024-11-19,Mumbai,17.2,C,56,0.7,44.0,9.2,Cloudy,N
20-11-2024,Mumbai,20.6,,74,0.7,14.3,5.2,Clear,N
2024-11-21,Mumbai,19.5,C,35,37.0,16.8,6.6,Rain,yes
22-11-2024,Mumbai,67.2,,69,1.8,26.4,4.5,Clear,N
23-11-2024,Mumbai,23.3,C,79,48.7,41.1,7.8,Rain,N
2024-11-24,Mumbai,22.0,C,57,1.1,35.1,9.2,Clear,N
2024-11-25,Mumbai,19.2,C,51,67.6,28.0,7.8,rain,Y
2024-11-26,Mumbai,13.3,C,78,1.0,,2.6,Fog,N
2024-11-27,Mumbai,22.8,C,78,52.6,12.4,9.8,Rain,no
28-11-2024,Mumbai,73.5,F,93,0.1,29.6,11.3,Sunny,N
29-11-2024,Mumbai,23.2,C,81,1.8,11.8,11.4,clear,N
30-11-2024,Mumbai,68.7,F,55,1.8,28.6,11.7,Clear,N
2024-12-01,Mumbai,72.5,F,unknown,0.9,11.2,4.6,Sunny,N
2024-12-02,Mumbai,21.1,C,66,2.0,41.8,7.7,Clear,N
2024-12-03,Mumbai,73.3,F,97,1.8,31.1,5.9,Clear,N
2024-12-04,Mumbai,17.1,C,34,24.4,30.9,12.0,Heavy Rain,N
2024-12-05,Mumbai,NA,C,86,0.3,37.7,11.7,Clear,N
2024-12-06,Mumbai,19.2,C,38,0.5,16.3,0.6,Fog,N
07-12-2024,Mumbai,18.5,C,58,1.5,20.2,9.3,Clear,N
2024-12-08,Mumbai,17.7,C,74,1.1,33.8,12.0,Cloudy,N
09-12-2024,Mumbai,70.2,F,55,1.4,42.4,6.2,Cloudy,N
10-12-2024,Mumbai,20.1,C,75,37.7,24.8,6.5,Rain,
2024-12-11,Mumbai,24.0,C,77,0.1,11.3,8.3,Cloudy,N
2024-12-12,Mumbai,-,C,74,67.4,38.3,10.0,Heavy Rain,
13-12-2024,Mumbai,23.6,C,56,1.3,31.7,6.4,Clear,N
14-12-2024,Mumbai,20.4,C,47,32.3,6.9,4.9,rain,
15-12-2024,Mumbai,24.0,C,91,118.6,43.1,10.7,Heavy Rain,Y
16-12-2024,Mumbai,23.2,C,28,0.2,14.2,10.9,Cloudy,N
2024-12-17,Mumbai,21.6,C,95,0.9,27.8,11.4,Clear,N
2024-12-18,Mumbai,21.7,C,81,95.2,12.9,10.1,Rain,N
19-12-2024,Mumbai,20.6,C,32,52.4,25.6,7.6,Rain,
20-12-2024,Mumbai,22.7,,N/A,1.0,39.1,8.2,Cloudy,N
2024-12-21,Mumbai,28.1,C,50,0.1,,6.1,Clear,N
22-12-2024,Mumbai,23.0,,78,1.1,32.7,8.4,Cloudy,N
23-12-2024,Mumbai,74.0,F,76,1.8,13.6,7.9,Sunny,N
24-12-2024,Mumbai,75.3,F,98,1.4,34.2,9.8,Cloudy,N
2024-12-25,Mumbai,26.6,,42,1.1,40.1,1.0,Fog,N
26-12-2024,Mumbai,76.5,F,67,93.7,42.2,10.7,Rain,
2024-12-27,Mumbai,23.8,C,49,0.0,27.7,10.6,Cloudy,N
2024-12-28,Mumbai,71.1,F,48,0.2,37.5,10.9,Clear,N
29-12-2024,Mumbai,24.0,C,60,49.2,3.1,6.9,rain,N
30-12-2024,Mumbai,19.9,C,63,1.2,17.4,6.5,Cloudy,N
31-12-2024,Mumbai,23.9,C,28,104.2,26.9,10.9,Rain,
01-01-2025,Mumbai,17.2,C,46,68.1,36.1,4.8,rain,N
02-01-2025,Mumbai,23.9,,29,0.9,34.9,11.5,Cloudy,N
03-01-2025,Mumbai,76.1,F,71,1.6,18.5,9.3,Cloudy,N
2025-01-04,Mumbai,23.7,C,65,0.0,-,0.3,Fog,N
05-01-2025,Mumbai,19.1,C,32,1.8,40.4,9.3,CLEAR,N
2025-01-06,Mumbai,21.7,C,71,1.5,23.4,10.0,Clear,N
07-01-2025,Mumbai,24.2,C,79,74.8,  ,9.3,rain,N
08-01-2025,Mumbai,19.9,,80,106.0,11.9,4.4,Heavy Rain,yes
09-01-2025,Mumbai,null,F,28,0.4,38.7,7.4,Cloudy,N
2025-01-10,Mumbai,22.4,C,48,1.1,18.9,7.9,Cloudy,N
2025-01-11,Mumbai,28.4,,92,1.9,27.6,0.4,Fog,N
2025-01-12,Mumbai,27.3,,93,1.4,36.4,8.8,Clear,N
2025-01-13,Mumbai,19.1,,92,1.5,40.0,10.2,Clear,N
2025-01-14,Mumbai,29.5,C,NA,0.2,14.6,9.2,Clear,N
2025-01-15,Mumbai,23.7,,74,68.6,4.0,11.2,rain,
2025-01-16,Mumbai,22.1,C,75,0.6,25.9,8.6,Clear,N
2025-01-17,Mumbai,27.8,C,40,62.7,14.9,4.6,Rain,yes
18-01-2025,Mumbai,22.7,C,76,1.4,8.4,6.7,Clear,N
2025-01-19,Mumbai,30.7,C,34,111.8,3.1,4.7,Thunderstorm,yes
2025-01-20,Mumbai,80.3,F,33,1.0,32.4,11.9,Cloudy,N
2025-01-21,Mumbai,32.1,,85,0.7,6.2,0.8,Fog,N
2025-01-22,Mumbai,28.2,C,97,1.6,20.8,10.3,Sunny,N
2025-01-23,Mumbai,31.4,C,98,29.8,39.6,5.0,Heavy Rain,no
24-01-2025,Mumbai,24.4,,79,0.1,13.4,6.5,Cloudy,N
25-01-2025,Mumbai,30.1,C,90,1.2,18.2,6.1,Clear,N
26-01-2025,Mumbai,31.4,C,84,1.7,11.2,7.4,Cloudy,N
2025-01-27,Mumbai,19.1,C,97,1.8,42.5,9.1,clear,N
28-01-2025,Mumbai,32.3,C,83,18.4,34.8,7.2,Thunderstorm,N
2025-01-29,Mumbai,28.7,C,76,1.1,25.5,9.0,Clear,N
2025-01-30,Mumbai,27.6,C,43,0.2,17.1,7.5,Clear,N
2025-02-01,Mumbai,29.4,C,51,1.7,26.3,11.3,Sunny,N
2025-02-02,Mumbai,31.8,C,  ,0.9,2.3,4.1,Cloudy,N
2025-02-03,Mumbai,29.5,C,72,0.4,37.8,4.9,Cloudy,N
04-02-2025,Mumbai,28.0,C,44,0.3,24.4,6.4,Cloudy,N
2025-02-05,Mumbai,29.8,C,68,100.2,32.1,10.7,Rain,
06-02-2025,Mumbai,27.3,C,58,1.2,21.2,6.3,Cloudy,N
2025-02-07,Mumbai,25.9,C,96,1.3,31.2,10.4,Cloudy,N
08-02-2025,Mumbai,26.8,C,68,1.8,20.5,4.5,Cloudy,N
09-02-2025,Mumbai,36.5,C,70,10.8,26.9,6.3,Thunderstorm,N
2025-02-10,Mumbai,27.6,C,54,1.1,31.8,10.3,Cloudy,N
11-02-2025,Mumbai,27.4,C,70,66.0,5.4,11.7,rain,N
12-02-2025,Mumbai,33.1,C,51,44.7,32.5,8.3,Heavy Rain,no
2025-02-13,Mumbai,31.5,C,79,13.6,32.1,8.8,Thunderstorm,no
14-02-2025,Mumbai,30.6,C,68,1.6,34.1,4.8,Cloudy,N
2025-02-15,Mumbai,22.3,C,46,0.9,38.4,10.5,Clear,N
2025-02-17,Mumbai,30.7,C,47,1.0,25.7,6.1,Cloudy,N
18-02-2025,Mumbai,94.3,F,93,1.0,40.5,5.2,Clear,N
2025-02-19,Mumbai,35.1,C,77,1.0,16.3,5.4,Clear,N
2025-02-20,Mumbai,29.2,,45,0.2,6.9,11.9,CLEAR,N
21-02-2025,Mumbai,33.3,,38,1.1,10.6,7.3,Cloudy,N
22-02-2025,Mumbai,29.4,C,91,76.1,23.0,9.4,Rain,N
23-02-2025,Mumbai,28.1,C,98,0.8,44.2,5.9,Cloudy,N
24-02-2025,Mumbai,36.5,,42,1.9,32.9,8.4,Clear,N
2025-02-25,Mumbai,31.7,C,95,23.6,40.7,6.7,Heavy Rain,Y
26-02-2025,Mumbai,28.7,C,66,99.4,6.0,4.2,Rain,
2025-02-27,Mumbai,34.0,,86,0.7,22.0,6.7,Sunny,N
2025-02-28,Mumbai,88.0,F,79,0.7,22.3,8.5,Clear,N
01-03-2025,Mumbai,29.2,C,50,0.8,20.6,9.4,Clear,N
02-03-2025,Mumbai,28.1,C,48,63.6,3.0,7.9,Thunderstorm,yes
03-03-2025,Mumbai,32.3,C,81,0.5,22.2,10.4,Sunny,N
04-03-2025,Mumbai,35.1,,97,1.8,35.2,10.5,Clear,N
05-03-2025,Mumbai,30.7,,48,1.0,4.4,9.7,Cloudy,N
06-03-2025,Mumbai,38.6,C,97,0.1,42.5,10.4,Clear,N
07-03-2025,Mumbai,92.0,F,64,0.5,31.1,4.2,clear,N
08-03-2025,Mumbai,NA,C,43,1.7,33.5,7.9,Sunny,N
09-03-2025,Mumbai,27.1,C,55,0.5,33.4,5.7,Cloudy,N
10-03-2025,Mumbai,31.1,C,44,0.1,30.7,7.5,Clear,N
2025-03-11,Mumbai,34.5,C,84,1.9,31.6,6.3,Clear,N
12-03-2025,Mumbai,30.1,C,75,0.8,13.5,8.9,Clear,N
13-03-2025,Mumbai,29.3,C,69,1.9,43.0,7.4,Cloudy,N
14-03-2025,Mumbai,78.8,F,48,94.3,11.3,9.6,Thunderstorm,Y
2025-03-15,Mumbai,30.3,C,50,1.9,8.6,11.6,Clear,N
2025-03-16,Mumbai,24.7,C,62,1.4,28.8,5.3,Cloudy,N
2025-03-17,Mumbai,31.3,C,60,1.1,12.1,11.3,Cloudy,N
18-03-2025,Mumbai,31.0,,58,61.8,21.9,10.5,Rain,yes
2025-03-19,Mumbai,32.1,C,91,47.2,39.7,6.0,Rain,N
20-03-2025,Mumbai,-,C,39,85.7,35.6,8.7,rain,N
21-03-2025,Mumbai,32.0,C,48,0.9,14.0,11.1,Clear,N
2025-03-22,Mumbai,36.9,C,80,1.0,NA,8.7,clear,N
23-03-2025,Mumbai,33.9,C,30,1.2,10.2,10.5,Clear,N
2025-03-24,Mumbai,33.2,,53,0.5,30.9,6.2,CLEAR,N
2025-03-25,Mumbai,28.1,C,38,0.7,36.8,5.6,Sunny,N
2025-03-26,Mumbai,35.1,,56,0.0,9.1,7.0,Clear,N
2025-03-27,Mumbai,29.4,C,86,0.3,29.5,11.5,Sunny,N
2025-03-28,Mumbai,37.1,C,90,1.4,15.9,6.7,Cloudy,N
29-03-2025,Mumbai,30.9,C,78,1.6,44.7,6.6,Cloudy,N
2025-03-30,Mumbai,31.1,C,54,48.8,23.2,4.1,Rain,Y
2025-03-31,Mumbai,38.1,C,40,0.8,2.8,10.7,Cloudy,N
2025-04-01,Mumbai,30.5,,70,2.0,39.9,10.3,Clear,N
02-04-2025,Mumbai,34.5,C,41,26.2,29.6,10.3,Thunderstorm,N
2025-04-03,Mumbai,86.8,F,93,23.2,38.5,11.8,Thunderstorm,N
04-04-2025,Mumbai,31.5,C,28,64.2,42.2,10.9,rain,N
2025-04-05,Mumbai,30.3,C,30,98.5,33.5,11.4,Rain,no
06-04-2025,Mumbai,32.3,C,39,16.4,23.9,8.2,Rain,Y
2025-04-07,Mumbai,32.6,C,61,0.0,20.0,7.9,Cloudy,N
08-04-2025,Mumbai,30.8,,60,93.6,20.1,11.4,Rain,
2025-04-09,Mumbai,26.1,,61,85.2,28.4,6.3,rain,N
10-04-2025,Mumbai,26.0,C,NA,112.5,27.7,11.9,rain,Y
11-04-2025,Mumbai,32.6,C,43,0.1,14.1,4.7,Cloudy,N
12-04-2025,Mumbai,33.4,C,79,1.8,42.1,9.2,Cloudy,N
13-04-2025,Mumbai,32.4,C,31,1.2,31.2,8.9,CLEAR,N
14-04-2025,Mumbai,33.9,C,72,103.7,24.4,6.6,Rain,yes
15-04-2025,Mumbai,27.8,C,35,0.2,8.8,6.3,Cloudy,N
16-04-2025,Mumbai,29.1,C,53,0.6,26.2,8.5,Sunny,N
2025-04-17,Mumbai,30.5,C,74,0.2,4.2,9.9,Clear,N
18-04-2025,Mumbai,85.7,F,42,1.2,35.4,6.3,Clear,N
19-04-2025,Mumbai,30.4,C,51,50.4,7.9,9.9,Heavy Rain,no
2025-04-20,Mumbai,32.0,,34,0.9,30.3,6.0,Cloudy,N
2025-04-21,Mumbai,36.7,C,87,24.9,39.2,7.0,Rain,
22-04-2025,Mumbai,91.8,F,70,1.7,21.3,8.3,Sunny,N
23-04-2025,Mumbai,26.3,,unknown,2.0,44.0,8.9,CLEAR,N
24-04-2025,Mumbai,29.4,,77,32.4,7.9,4.1,Thunderstorm,N
25-04-2025,Mumbai,26.7,C,41,106.1,35.7,7.2,Rain,
26-04-2025,Mumbai,31.4,C,47,0.4,29.9,0.9,Fog,N
2025-04-27,Mumbai,25.9,C,85,24.6,23.2,11.2,Rain,yes
28-04-2025,Mumbai,  ,C,NA,1.2,15.7,9.4,Sunny,N
2025-04-29,Mumbai,30.3,C,60,1.6,23.7,1.6,Fog,N
2025-04-30,Mumbai,29.9,,87,43.8,13.2,7.8,Rain,
01-05-2025,Mumbai,32.5,C,68,1.7,38.8,1.4,Fog,N
02-05-2025,Mumbai,34.8,,57,1.8,34.3,11.7,Clear,N
03-05-2025,Mumbai,32.9,C,58,0.1,32.7,7.7,Cloudy,N
04-05-2025,Mumbai,30.7,,60,0.3,37.6,7.9,Cloudy,N
2025-05-05,Mumbai,28.2,,73,0.7,32.3,7.2,Clear,N
2025-05-06,Mumbai,33.4,C,39,106.3,37.3,5.2,Thunderstorm,no
2025-05-07,Mumbai,83.0,F,40,1.8,21.9,8.9,Cloudy,N
08-05-2025,Mumbai,25.6,C,66,0.8,24.6,5.7,Clear,N
09-05-2025,Mumbai,95.2,F,30,0.4,31.5,11.0,Sunny,N
2025-05-10,Mumbai,32.9,,93,1.4,36.7,10.5,Cloudy,N
2025-05-11,Mumbai,31.6,C,97,70.4,24.4,4.8,Heavy Rain,Y
12-05-2025,Mumbai,29.8,C,80,1.0,7.3,7.3,Clear,N
2025-05-13,Mumbai,36.5,C,72,0.1,44.2,11.8,clear,N
2025-05-14,Mumbai,28.3,C,47,52.8,27.2,10.2,rain,
15-05-2025,Mumbai,23.9,C,29,1.1,8.9,7.2,Clear,N
2025-05-16,Mumbai,30.2,,NA,1.5,26.6,6.3,Clear,N
2025-05-17,Mumbai,31.1,C,90,1.6,22.6,2.1,Fog,N
18-05-2025,Mumbai,30.1,C,75,1.0,39.1,10.5,Sunny,N
2025-05-19,Mumbai,87.9,,37,0.8,8.0,5.1,CLEAR,N
2025-05-20,Mumbai,30.5,C,51,1.0,3.2,10.1,CLEAR,N
21-05-2025,Mumbai,29.5,,35,78.8,11.8,5.4,Thunderstorm,
2025-05-22,Mumbai,28.4,C,89,0.7,-,5.3,Clear,N
2025-05-23,Mumbai,27.4,,87,21.0,9.6,10.6,Rain,no
24-05-2025,Mumbai,27.5,C,46,11.8,15.7,8.6,Heavy Rain,N
25-05-2025,Mumbai,85.4,F,52,0.6,29.7,6.0,Cloudy,N
2025-05-26,Mumbai,34.3,C,79,0.8,6.6,6.8,Cloudy,N
27-05-2025,Mumbai,29.9,,47,1.7,6.5,8.0,Cloudy,N
28-05-2025,Mumbai,26.6,C,88,2.0,19.6,9.1,Clear,N
2025-05-29,Mumbai,28.5,,70,113.9,20.2,7.6,Rain,N
2025-05-30,Mumbai,24.1,,78,49.9,26.2,4.8,Thunderstorm,
2025-05-31,Mumbai,31.8,C,92,57.0,18.2,6.8,Rain,
2025-06-01,Mumbai,29.2,C,93,0.0,23.0,6.0,Clear,N
02-06-2025,Mumbai,26.9,C,88,9.8,36.1,4.2,Heavy Rain,yes
03-06-2025,Mumbai,27.1,C,80,1.1,7.4,4.8,Clear,N
2025-06-04,Mumbai,31.5,C,44,116.3,37.6,6.0,Heavy Rain,no
05-06-2025,Mumbai,21.1,C,48,0.3,36.0,5.9,Cloudy,N
2025-06-06,Mumbai,78.4,,89,1.8,10.4,7.3,Clear,N
07-06-2025,Mumbai,28.6,,29,32.4,43.6,11.2,Rain,N
08-06-2025,Mumbai,25.7,,32,117.7,29.0,9.6,Rain,N
2025-06-09,Mumbai,23.9,C,90,1.5,31.1,9.1,Cloudy,N
10-06-2025,Mumbai,29.6,C,84,1.7,39.8,10.3,clear,N
11-06-2025,Mumbai,30.8,,63,0.7,20.6,11.8,clear,N
2025-06-12,Mumbai,33.2,C,49,0.3,14.2,6.5,Sunny,N
13-06-2025,Mumbai,26.5,,73,1.1,30.9,8.6,Cloudy,N
14-06-2025,Mumbai,25.5,C,39,0.9,34.5,4.8,Clear,N
15-06-2025,Mumbai,28.6,,,1.7,36.0,1.9,Fog,N
16-06-2025,Mumbai,26.9,C,76,0.2,25.9,10.7,Clear,N
2025-06-17,Mumbai,85.3,,93,1.4,34.7,9.9,CLEAR,N
2025-06-18,Mumbai,20.1,C,50,25.5,14.4,8.7,Rain,N
2025-06-19,Mumbai,70.8,,93,36.8,6.7,9.4,Thunderstorm,N
2025-06-20,Mumbai,31.6,,98,1.8,6.7,5.4,Cloudy,N
21-06-2025,Mumbai,27.5,C,72,0.2,39.3,6.4,Sunny,N
22-06-2025,Mumbai,25.5,,82,1.3,15.5,11.6,Cloudy,N
23-06-2025,Mumbai,27.5,C,94,1.3,44.4,4.2,CLEAR,N
24-06-2025,Mumbai,27.8,C,83,84.5,13.6,4.2,Rain,no
2025-06-25,Mumbai,23.4,,76,68.8,15.0,6.5,rain,N
26-06-2025,Mumbai,22.3,C,45,1.1,29.9,4.2,Sunny,N
27-06-2025,Mumbai,69.3,F,68,0.9,42.9,11.6,Clear,N
2025-06-28,Mumbai,24.6,C,-,100.1,12.6,5.7,Rain,N
29-06-2025,Mumbai,25.7,C,37,1.8,15.9,8.9,Clear,N
30-06-2025,Mumbai,23.2,C,72,0.4,5.5,4.8,Cloudy,N
2025-07-01,Mumbai,76.6,F,66,58.9,11.0,5.1,Rain,N
2024-01-01,Pune,22.7,,75,51.8,33.3,5.2,Rain,Y
2024-01-02,Pune,22.4,C,54,0.7,10.0,8.9,Clear,N
03-01-2024,Pune,21.0,,  ,0.9,42.4,6.0,Clear,N
2024-01-04,Pune,26.1,C,55,0.3,2.4,9.1,Clear,N
2024-01-05,Pune,23.4,C,38,1.4,33.2,11.3,Clear,N
2024-01-06,Pune,24.3,C,44,0.7,12.0,4.1,Cloudy,N
2024-01-07,Pune,23.9,C,61,76.8,13.0,7.3,Heavy Rain,N
08-01-2024,Pune,24.1,C,65,0.8,2.2,11.3,Cloudy,N
2024-01-09,Pune,72.4,F,52,2.0,9.2,10.4,Cloudy,N
2024-01-10,Pune,26.3,C,32,52.9,39.9,8.8,Thunderstorm,N
2024-01-11,Pune,21.2,,93,0.4,5.9,7.6,Sunny,N
2024-01-12,Pune,23.2,C,98,0.8,25.0,10.1,CLEAR,N
2024-01-13,Pune,26.5,C,36,0.7,13.8,7.0,Cloudy,N
2024-01-14,Pune,NA,,79,47.5,44.6,7.0,Rain,N
2024-01-15,Pune,27.8,C,47,0.8,24.7,9.1,Clear,N
2024-01-16,Pune,81.5,F,57,0.9,42.8,10.3,Clear,N
17-01-2024,Pune,25.7,C,68,1.8,12.7,4.6,CLEAR,N
2024-01-18,Pune,28.0,,81,113.9,38.2,5.2,Heavy Rain,yes
2024-01-19,Pune,25.0,C,83,0.5,9.8,5.8,Cloudy,N
20-01-2024,Pune,25.8,C,50,61.2,13.0,5.6,Rain,yes
2024-01-21,Pune,25.6,C,68,14.6,40.7,9.5,Rain,N
2024-01-22,Pune,32.4,C,89,0.5,5.5,8.4,Clear,N
2024-01-23,Pune,27.8,C,80,0.7,8.1,6.1,Sunny,N
2024-01-24,Pune,26.6,C,72,1.7,32.0,5.9,Clear,N
25-01-2024,Pune,24.9,C,36,1.4,7.7,4.1,clear,N
2024-01-26,Pune,26.8,C,57,1.6,34.4,1.4,Fog,N
2024-01-27,Pune,30.7,C,57,32.2,39.9,6.0,Rain,yes
28-01-2024,Pune,-,C,35,45.8,10.3,11.7,Rain,N
29-01-2024,Pune,74.3,,unknown,1.3,5.6,7.0,Sunny,N
30-01-2024,Pune,31.2,,58,0.4,9.1,4.3,Cloudy,N
2024-01-31,Pune,28.7,C,51,84.2,3.6,8.1,rain,yes
01-02-2024,Pune,31.2,C,47,1.3,2.1,1.4,Fog,N
2024-02-02,Pune,23.3,C,50,1.4,15.3,1.9,Fog,N
03-02-2024,Pune,31.1,C,44,59.4,18.3,7.2,Heavy Rain,
04-02-2024,Pune,32.8,C,75,1.7,23.9,11.1,CLEAR,N
05-02-2024,Pune,27.1,C,70,17.0,4.2,4.2,Rain,N
06-02-2024,Pune,26.1,,67,1.3,41.2,11.6,Clear,N
07-02-2024,Pune,26.8,C,86,1.4,7.6,9.9,Cloudy,N
08-02-2024,Pune,27.2,C,unknown,1.3,29.6,1.9,Fog,N
09-02-2024,Pune,27.8,C,47,1.4,5.8,5.4,Cloudy,N
10-02-2024,Pune,83.0,,33,0.8,29.9,5.3,Clear,N
2024-02-11,Pune,81.6,F,80,1.4,25.3,10.2,Cloudy,N
2024-02-12,Pune,85.8,,null,0.0,13.2,5.8,Cloudy,N
2024-02-13,Pune,32.4,C,94,1.2,38.2,9.3,Clear,N
14-02-2024,Pune,27.7,C,88,1.9,6.4,9.9,Clear,N
15-02-2024,Pune,73.1,F,34,1.3,9.1,7.6,Clear,N
16-02-2024,Pune,31.5,,39,1.4,5.5,12.0,Sunny,N
2024-02-17,Pune,34.0,C,69,0.4,8.5,7.7,clear,N
2024-02-18,Pune,31.1,C,74,36.3,19.0,4.4,Thunderstorm,N
2024-02-19,Pune,31.5,C,77,1.2,36.6,9.7,Clear,N
20-02-2024,Pune,91.8,F,92,24.6,NA,6.5,Heavy Rain,yes
2024-02-21,Pune,28.1,C,86,0.6,3.4,6.2,Clear,N
2024-02-22,Pune,29.9,C,83,0.6,40.9,6.7,Cloudy,N
2024-02-23,Pune,33.0,C,50,108.3,41.1,5.2,Rain,N
24-02-2024,Pune,32.4,,52,116.0,14.8,11.8,Heavy Rain,Y
2024-02-25,Pune,29.9,C,89,1.0,15.4,11.7,Clear,N
26-02-2024,Pune,NA,C,45,0.8,5.5,8.4,Cloudy,N
2024-02-27,Pune,32.1,,82,72.1,31.8,5.8,Thunderstorm,N
2024-02-28,Pune,34.8,C,34,100.3,29.8,4.5,Rain,Y
29-02-2024,Pune,31.9,,78,0.8,14.1,9.9,Cloudy,N
01-03-2024,Pune,30.1,C,96,1.5,17.8,8.4,Clear,N
2024-03-02,Pune,31.0,C,38,1.0,38.9,1.1,Fog,N
2024-03-03,Pune,28.9,,91,66.6,31.1,5.7,Thunderstorm,yes
04-03-2024,Pune,91.9,,74,1.4,14.6,8.0,Cloudy,N
2024-03-05,Pune,33.8,C,71,0.9,24.1,4.7,Clear,N
2024-03-06,Pune,93.1,F,74,0.7,32.9,10.1,clear,N
07-03-2024,Pune,27.8,,41,118.0,44.4,4.6,Thunderstorm,yes
08-03-2024,Pune,34.2,C,49,100.3,16.7,11.7,Rain,
2024-03-09,Pune,32.9,,39,1.3,29.3,6.3,Clear,N
2024-03-10,Pune,,,73,0.1,16.1,6.6,Sunny,N
11-03-2024,Pune,30.9,C,31,2.0,13.9,8.1,Cloudy,N
12-03-2024,Pune,32.0,C,56,1.1,10.1,1.3,Fog,N
2024-03-13,Pune,91.3,F,85,1.7,42.2,6.5,clear,N
14-03-2024,Pune,31.0,C,45,1.1,34.5,6.3,Clear,N
2024-03-15,Pune,27.9,C,57,0.5,20.9,5.4,Clear,N
16-03-2024,Pune,33.8,C,83,82.0,24.1,8.8,Rain,N
2024-03-17,Pune,30.4,C,77,1.9,32.5,9.1,Clear,N
2024-03-18,Pune,95.9,,,1.3,9.3,6.6,Sunny,N
2024-03-19,Pune,34.9,C,90,0.5,38.0,5.5,CLEAR,N
2024-03-21,Pune,32.9,C,74,0.7,35.4,11.3,Cloudy,N
22-03-2024,Pune,34.4,C,74,41.4,41.1,10.2,rain,N
23-03-2024,Pune,27.9,C,52,1.6,15.9,7.4,CLEAR,N
24-03-2024,Pune,28.4,C,73,1.4,34.5,8.5,Cloudy,N
25-03-2024,Pune,35.2,C,72,1.3,5.5,4.2,clear,N
26-03-2024,Pune,28.7,,40,0.9,24.2,2.3,Fog,N
27-03-2024,Pune,31.7,,61,1.4,29.4,11.0,Cloudy,N
28-03-2024,Pune,32.1,C,N/A,39.2,2.9,5.2,Heavy Rain,N
2024-03-29,Pune,32.4,C,56,1.6,18.7,5.8,Clear,N
30-03-2024,Pune,31.5,,49,37.2,35.1,5.6,rain,yes
31-03-2024,Pune,37.6,C,40,0.4,32.6,10.5,CLEAR,N
2024-04-01,Pune,28.2,,78,0.7,7.0,8.7,Clear,N
02-04-2024,Pune,27.2,C,42,0.7,17.9,8.2,CLEAR,N
2024-04-03,Pune,30.0,,73,0.6,31.8,10.8,Sunny,N
2024-04-04,Pune,28.1,C,73,1.7,38.6,9.6,Clear,N
05-04-2024,Pune,83.6,F,76,1.3,36.7,9.4,Sunny,N
06-04-2024,Pune,30.8,C,46,58.8,27.4,4.6,Rain,no
2024-04-07,Pune,35.3,,87,0.6,44.1,8.4,Clear,N
2024-04-08,Pune,37.1,C,29,32.5,25.4,11.9,Rain,N
09-04-2024,Pune,35.7,C,28,1.9,36.7,9.9,Cloudy,N
2024-04-10,Pune,34.5,C,98,46.0,26.8,7.2,Rain,
11-04-2024,Pune,33.7,C,75,2.0,37.5,5.3,Cloudy,N
12-04-2024,Pune,31.7,C,43,30.9,15.4,4.5,Thunderstorm,Y
2024-04-13,Pune,30.0,C,92,0.6,6.0,7.1,Cloudy,N
14-04-2024,Pune,35.4,,58,0.1,3.6,7.3,Clear,N
2024-04-15,Pune,30.6,C,70,99.3,11.1,7.3,Rain,Y
16-04-2024,Pune,  ,,91,12.7,21.2,9.9,Rain,N
18-04-2024,Pune,32.7,C,null,93.4,19.0,8.8,Rain,N
2024-04-19,Pune,31.3,C,41,1.2,35.5,6.2,Cloudy,N
21-04-2024,Pune,34.5,C,31,0.4,22.2,5.4,Cloudy,N
22-04-2024,Pune,29.7,,94,0.9,8.8,5.2,Sunny,N
2024-04-23,Pune,30.8,C,41,81.1,28.7,5.0,Rain,Y
2024-04-24,Pune,34.1,C,51,1.9,9.6,10.5,Cloudy,N
25-04-2024,Pune,84.6,,38,0.9,29.5,10.1,Clear,N
2024-04-26,Pune,33.2,C,41,1.0,18.8,7.1,Clear,N
27-04-2024,Pune,33.5,C,64,12.0,21.6,9.2,Rain,N
28-04-2024,Pune,85.9,F,96,80.7,26.5,7.8,Rain,N
2024-04-29,Pune,34.1,,unknown,1.8,26.3,4.5,Clear,N
30-04-2024,Pune,33.9,,71,1.2,22.8,8.5,Clear,N
2024-05-01,Pune,25.5,C,N/A,0.0,13.7,11.8,Sunny,N
2024-05-02,Pune,31.6,C,,0.5,12.4,8.8,Sunny,N
04-05-2024,Pune,25.1,C,93,1.2,37.7,8.5,Clear,N
2024-05-05,Pune,28.7,C,88,1.0,18.2,7.4,Sunny,N
06-05-2024,Pune,31.9,C,58,52.5,39.0,10.8,Rain,N
07-05-2024,Pune,,C,30,1.3,19.0,10.8,CLEAR,N
2024-05-08,Pune,32.0,C,67,1.4,29.7,4.1,Clear,N
09-05-2024,Pune,30.1,C,31,0.1,12.9,8.2,Cloudy,N
10-05-2024,Pune,33.3,C,44,1.3,9.2,9.9,Clear,N
2024-05-11,Pune,29.3,C,96,1.1,18.0,8.7,Clear,N
2024-05-12,Pune,29.4,C,43,1.0,21.3,11.6,Clear,N
2024-05-13,Pune,28.5,C,44,31.2,31.9,5.7,Rain,N
14-05-2024,Pune,32.6,C,45,9.9,33.8,6.9,Rain,N
2024-05-15,Pune,81.5,F,45,1.3,38.4,5.1,CLEAR,N
16-05-2024,Pune,28.2,C,29,1.6,15.4,5.6,Cloudy,N
17-05-2024,Pune,25.3,C,60,91.0,27.5,7.1,Heavy Rain,no
2024-05-18,Pune,83.1,,35,0.8,3.3,4.1,Cloudy,N
2024-05-19,Pune,27.2,C,96,1.0,30.5,5.1,Clear,N
2024-05-20,Pune,25.3,C,95,107.9,42.1,8.1,Rain,
2024-05-21,Pune,28.0,C,94,1.8,41.4,4.3,Cloudy,N
2024-05-22,Pune,28.6,,  ,39.0,20.9,7.2,Rain,yes
23-05-2024,Pune,30.7,C,85,30.7,24.3,7.5,rain,N
24-05-2024,Pune,25.2,C,32,1.4,5.4,6.2,Clear,N
2024-05-25,Pune,30.7,C,73,0.8,27.8,11.4,Clear,N
2024-05-26,Pune,26.0,C,44,0.3,10.2,9.5,clear,N
27-05-2024,Pune,28.5,,38,1.6,26.9,4.8,Clear,N
2024-05-28,Pune,25.4,C,68,104.2,44.3,10.2,Heavy Rain,N
2024-05-30,Pune,31.4,C,31,1.0,28.5,9.1,Clear,N
2024-05-31,Pune,86.7,F,34,8.1,19.6,8.2,Thunderstorm,N
01-06-2024,Pune,30.6,C,70,0.9,44.8,7.7,CLEAR,N
02-06-2024,Pune,29.6,C,34,1.3,8.9,4.9,Cloudy,N
2024-06-03,Pune,28.9,C,59,1.1,26.5,0.6,Fog,N
2024-06-04,Pune,69.1,F,89,0.5,39.9,8.6,Clear,N
2024-06-05,Pune,82.3,F,41,1.5,40.5,9.2,Cloudy,N
06-06-2024,Pune,79.6,F,42,1.3,17.1,4.4,Clear,N
07-06-2024,Pune,28.3,C,87,107.6,28.5,8.0,Rain,N
2024-06-08,Pune,22.4,C,58,1.9,2.6,11.8,clear,N
2024-06-09,Pune,31.1,,30,0.0,27.1,7.8,Cloudy,N
2024-06-10,Pune,27.1,C,30,0.9,14.5,5.6,Clear,N
11-06-2024,Pune,23.3,C,81,35.6,14.7,6.7,Heavy Rain,Y
2024-06-12,Pune,25.8,C,38,1.8,33.4,11.0,clear,N
2024-06-13,Pune,24.3,C,38,1.3,14.0,11.8,Sunny,N
14-06-2024,Pune,26.8,,62,1.8,5.3,10.2,Cloudy,N
15-06-2024,Pune,24.9,C,29,1.2,7.3,5.4,Sunny,N
2024-06-17,Pune,27.5,C,34,1.5,21.3,9.9,Clear,N
18-06-2024,Pune,72.8,F,31,0.9,23.4,8.3,Clear,N
2024-06-19,Pune,26.6,,79,1.4,17.5,9.7,clear,N
2024-06-20,Pune,22.4,C,77,0.9,4.9,8.4,Clear,N
2024-06-21,Pune,76.2,,32,0.1,43.2,7.7,Cloudy,N
22-06-2024,Pune,19.8,C,43,1.4,19.9,9.6,Sunny,N
2024-06-23,Pune,24.9,,89,0.6,null,11.4,clear,N
24-06-2024,Pune,26.4,C,,0.7,32.4,9.0,Sunny,N
2024-06-25,Pune,27.4,C,60,94.7,8.4,8.0,rain,
26-06-2024,Pune,27.5,C,65,1.8,23.0,4.1,Clear,N
27-06-2024,Pune,23.2,C,  ,0.7,15.1,4.6,Cloudy,N
2024-06-28,Pune,28.6,C,96,1.1,32.8,5.2,Clear,N
2024-06-29,Pune,76.9,F,63,81.5,15.0,8.4,Rain,yes
2024-06-30,Pune,23.6,,56,42.2,40.4,7.6,rain,yes
2024-07-01,Pune,28.0,C,56,0.9,8.0,8.4,Clear,N
2024-07-02,Pune,25.3,C,null,0.5,43.5,10.5,Sunny,N
2024-07-03,Pune,25.0,,46,1.0,19.4,9.3,clear,N
04-07-2024,Pune,21.7,,62,53.2,38.5,5.5,rain,N
05-07-2024,Pune,21.5,C,60,1.2,24.5,9.4,Cloudy,N
06-07-2024,Pune,25.9,C,67,0.5,3.8,10.9,Cloudy,N
07-07-2024,Pune,19.2,,38,109.9,10.6,10.6,Rain,N
08-07-2024,Pune,78.1,F,41,87.4,17.8,5.9,Heavy Rain,N
09-07-2024,Pune,84.5,,34,20.0,25.8,6.4,Heavy Rain,Y
10-07-2024,Pune,21.4,C,98,0.5,19.1,7.5,Clear,N
11-07-2024,Pune,18.3,C,97,2.0,25.3,9.7,Clear,N
2024-07-12,Pune,NA,,72,88.1,19.2,6.1,Rain,yes
2024-07-13,Pune,24.3,C,80,1.5,28.3,1.3,Fog,N
14-07-2024,Pune,26.2,C,43,76.0,38.4,9.8,Rain,N
2024-07-15,Pune,22.1,C,  ,0.0,25.7,4.7,Sunny,N
16-07-2024,Pune,22.7,C,73,30.1,32.5,9.1,rain,N
2024-07-17,Pune,24.4,C,47,1.4,38.4,6.3,CLEAR,N
2024-07-18,Pune,20.2,C,73,1.5,31.8,10.4,Sunny,N
2024-07-19,Pune,23.8,C,53,52.1,21.2,5.0,Rain,
20-07-2024,Pune,16.8,C,87,0.9,31.1,8.1,Clear,N
21-07-2024,Pune,19.8,,33,1.9,14.0,7.7,Clear,N
2024-07-22,Pune,15.5,,47,0.5,5.4,0.8,Fog,N
23-07-2024,Pune,18.5,,29,0.5,14.0,9.2,Clear,N
2024-07-24,Pune,20.4,C,49,0.8,22.3,9.6,Clear,N
25-07-2024,Pune,13.5,C,34,91.8,28.4,6.6,Thunderstorm,Y
2024-07-26,Pune,22.6,C,81,0.6,10.5,9.8,Cloudy,N
2024-07-27,Pune,19.9,C,78,24.9,36.0,9.5,Heavy Rain,Y
28-07-2024,Pune,22.8,,29,63.7,40.5,4.3,Heavy Rain,N
29-07-2024,Pune,22.7,C,90,1.9,4.0,9.4,Cloudy,N
30-07-2024,Pune,22.1,,35,1.7,23.6,8.3,clear,N
2024-07-31,Pune,22.2,C,80,77.6,14.3,4.7,Rain,yes
2024-08-01,Pune,69.0,,47,0.3,29.0,4.5,Cloudy,N
02-08-2024,Pune,16.6,C,48,1.7,24.2,9.9,Cloudy,N
2024-08-03,Pune,18.6,C,59,1.7,33.6,6.2,Cloudy,N
2024-08-04,Pune,19.8,C,39,71.3,43.9,7.5,Thunderstorm,Y
05-08-2024,Pune,16.3,,53,1.9,6.2,9.0,Cloudy,N
06-08-2024,Pune,15.5,C,88,1.4,12.4,7.2,Cloudy,N
07-08-2024,Pune,20.1,C,80,0.5,29.9,5.1,CLEAR,N
08-08-2024,Pune,16.5,,31,0.6,2.6,10.8,Clear,N
09-08-2024,Pune,18.6,C,61,1.3,32.6,11.7,CLEAR,N
2024-08-10,Pune,23.7,,34,0.3,26.3,5.4,Clear,N
2024-08-11,Pune,18.6,,60,85.5,37.6,10.8,Heavy Rain,
2024-08-12,Pune,65.1,F,96,0.4,36.8,9.9,CLEAR,N
13-08-2024,Pune,23.3,C,56,1.2,17.7,9.1,Sunny,N
2024-08-14,Pune,19.5,C,94,1.0,3.2,11.3,Sunny,N
2024-08-15,Pune,74.4,,91,1.9,N/A,7.7,Cloudy,N
16-08-2024,Pune,20.6,C,28,87.5,17.4,11.5,Thunderstorm,
17-08-2024,Pune,65.2,F,69,15.6,21.2,7.0,Rain,
18-08-2024,Pune,N/A,C,42,52.0,33.9,11.8,Rain,N
2024-08-19,Pune,18.3,,70,1.0,26.8,9.8,Cloudy,N
20-08-2024,Pune,18.2,C,48,0.5,24.2,6.1,CLEAR,N
2024-08-21,Pune,14.8,,98,0.3,4.1,5.4,Sunny,N
2024-08-22,Pune,22.2,C,90,48.3,41.5,9.1,Rain,Y
23-08-2024,Pune,19.2,C,85,1.8,36.6,4.9,Cloudy,N
2024-08-24,Pune,15.8,C,96,95.5,3.3,9.1,Rain,N
25-08-2024,Pune,14.0,C,N/A,0.5,14.2,8.0,clear,N
26-08-2024,Pune,19.4,C,65,92.1,37.2,7.8,Rain,yes
27-08-2024,Pune,15.4,C,54,1.8,3.1,8.7,Cloudy,N
28-08-2024,Pune,16.8,C,63,1.2,26.4,5.7,Clear,N
29-08-2024,Pune,14.2,C,57,1.8,23.1,5.4,Cloudy,N
30-08-2024,Pune,11.4,,94,0.0,3.9,11.1,Cloudy,N
2024-08-31,Pune,15.2,C,98,1.1,40.9,5.0,Cloudy,N
01-09-2024,Pune,15.7,C,70,2.0,20.6,7.3,Sunny,N
02-09-2024,Pune,21.4,C,51,0.8,33.3,4.0,Cloudy,N
2024-09-03,Pune,18.0,C,41,25.6,39.4,5.5,Heavy Rain,
04-09-2024,Pune,15.2,C,unknown,1.3,8.4,9.3,clear,N
2024-09-05,Pune,18.3,,74,1.7,37.6,10.4,Clear,N
2024-09-06,Pune,19.6,C,84,95.7,17.8,7.0,Thunderstorm,yes
2024-09-07,Pune,20.5,C,70,0.6,26.5,11.4,Clear,N
08-09-2024,Pune,-,C,55,1.7,21.2,0.9,Fog,N
09-09-2024,Pune,18.5,C,93,106.5,28.3,7.2,Rain,Y
10-09-2024,Pune,15.7,C,42,0.5,16.6,6.7,clear,N
2024-09-11,Pune,21.1,C,86,2.0,39.5,10.6,Cloudy,N
12-09-2024,Pune,16.9,C,64,0.3,2.8,7.1,Clear,N
13-09-2024,Pune,16.5,,52,26.2,9.5,9.8,Heavy Rain,no
14-09-2024,Pune,17.7,,48,30.6,7.8,9.4,Rain,N
15-09-2024,Pune,16.5,C,56,24.0,42.3,7.3,Heavy Rain,yes
2024-09-16,Pune,15.1,C,33,58.1,34.0,5.5,Thunderstorm,
17-09-2024,Pune,9.0,C,87,66.2,23.6,6.1,Rain,Y
18-09-2024,Pune,10.2,C,63,0.1,34.8,6.5,Clear,N
19-09-2024,Pune,14.4,C,79,0.3,41.6,9.1,Cloudy,N
2024-09-20,Pune,15.0,,48,1.9,8.3,8.7,Clear,N
2024-09-21,Pune,12.6,,77,0.6,-,6.6,Clear,N
22-09-2024,Pune,17.4,,96,25.7,8.1,5.7,Thunderstorm,
23-09-2024,Pune,18.5,C,57,0.8,3.6,2.8,Fog,N
24-09-2024,Pune,17.5,C,73,1.8,15.7,5.0,Clear,N
25-09-2024,Pune,18.1,C,93,0.0,5.4,4.9,CLEAR,N
26-09-2024,Pune,15.0,C,87,11.0,8.7,5.4,Rain,N
2024-09-27,Pune,16.9,C,95,0.9,28.3,10.2,CLEAR,N
2024-09-28,Pune,16.3,,57,2.0,11.3,4.3,Sunny,N
29-09-2024,Pune,16.0,,42,1.9,41.5,11.7,Cloudy,N
2024-09-30,Pune,16.3,C,84,85.9,5.9,11.9,Rain,N
01-10-2024,Pune,14.4,C,,0.4,9.6,10.6,Cloudy,N
02-10-2024,Pune,16.8,C,56,0.5,33.6,5.0,CLEAR,N
2024-10-03,Pune,19.7,C,84,0.7,12.0,5.3,Cloudy,N
04-10-2024,Pune,12.6,C,67,24.2,33.8,4.9,Rain,Y
2024-10-05,Pune,10.0,C,55,0.7,35.4,4.1,clear,N
2024-10-06,Pune,17.3,,58,0.1,3.2,5.5,clear,N
2024-10-07,Pune,12.4,C,64,0.2,39.3,1.8,Fog,N
08-10-2024,Pune,18.9,,33,1.6,33.2,7.8,Clear,N
09-10-2024,Pune,16.7,C,86,0.8,32.9,8.9,Sunny,N
10-10-2024,Pune,11.6,,84,1.5,26.7,7.1,Clear,N
11-10-2024,Pune,15.5,C,44,1.4,27.1,8.3,clear,N
2024-10-12,Pune,5.6,C,44,7.7,17.3,8.3,Rain,no
13-10-2024,Pune,18.6,C,47,0.8,18.5,9.2,Clear,N
14-10-2024,Pune,17.8,C,80,1.1,39.1,8.6,Cloudy,N
2024-10-15,Pune,12.3,C,33,1.6,13.4,7.8,Clear,N
16-10-2024,Pune,18.1,C,88,1.3,2.1,11.3,Sunny,N
17-10-2024,Pune,14.2,C,88,1.0,12.6,7.1,Clear,N
2024-10-18,Pune,15.0,C,43,0.2,19.3,6.1,Cloudy,N
19-10-2024,Pune,15.8,,-,1.0,24.0,10.8,Clear,N
2024-10-20,Pune,15.8,C,72,0.3,14.9,11.7,Cloudy,N
2024-10-21,Pune,15.8,C,43,0.6,26.6,11.2,Sunny,N
2024-10-22,Pune,18.2,,45,70.6,20.6,9.8,Heavy Rain,no
23-10-2024,Pune,16.0,C,64,104.3,44.3,10.4,Rain,N
24-10-2024,Pune,19.2,,34,1.5,43.8,9.1,clear,N
2024-10-25,Pune,11.2,C,70,19.6,32.6,9.9,Rain,Y
26-10-2024,Pune,17.1,C,85,0.5,40.9,7.1,Clear,N
27-10-2024,Pune,19.1,,32,94.2,3.9,7.4,Rain,
28-10-2024,Pune,17.0,C,48,0.0,14.1,10.2,Clear,N
29-10-2024,Pune,61.3,,56,1.8,44.5,11.1,Cloudy,N
30-10-2024,Pune,58.7,,51,79.9,12.3,10.5,rain,Y
2024-10-31,Pune,21.0,C,44,0.3,44.6,8.1,Clear,N
2024-11-01,Pune,68.3,F,72,108.8,42.0,9.2,Heavy Rain,Y
2024-11-02,Pune,15.2,,78,0.4,29.9,10.8,Clear,N
03-11-2024,Pune,16.0,C,73,60.6,34.4,10.5,rain,N
04-11-2024,Pune,NA,C,81,119.7,41.3,4.6,rain,N
2024-11-05,Pune,16.4,C,43,1.4,21.4,10.7,Clear,N
06-11-2024,Pune,13.8,C,33,0.1,39.4,10.2,Sunny,N
2024-11-07,Pune,16.9,C,  ,1.5,3.3,1.4,Fog,N
08-11-2024,Pune,18.8,C,45,11.0,37.6,9.2,Rain,N
2024-11-09,Pune,17.8,C,39,0.5,44.4,4.2,Clear,N
2024-11-10,Pune,18.5,,85,1.0,42.8,9.2,Cloudy,N
11-11-2024,Pune,16.5,C,64,1.6,39.5,7.5,Clear,N
12-11-2024,Pune,66.9,F,38,0.6,29.7,6.3,Cloudy,N
2024-11-13,Pune,17.2,C,76,1.4,44.5,7.8,Cloudy,N
2024-11-14,Pune,12.6,C,34,0.9,24.5,9.0,Cloudy,N
15-11-2024,Pune,17.6,C,33,0.2,9.8,10.3,Sunny,N
16-11-2024,Pune,18.8,C,49,0.9,44.8,5.7,Clear,N
18-11-2024,Pune,18.3,C,39,1.1,23.1,4.9,Clear,N
2024-11-19,Pune,19.8,,93,0.9,36.9,2.1,Fog,N
2024-11-20,Pune,17.0,C,73,10.2,4.9,11.9,Thunderstorm,N
21-11-2024,Pune,19.6,,59,0.5,7.5,10.4,Clear,N
2024-11-22,Pune,21.7,C,78,0.1,15.3,10.0,Clear,N
2024-11-23,Pune,22.5,C,93,2.0,5.7,4.0,Clear,N
24-11-2024,Pune,21.8,C,74,0.7,6.9,7.3,Cloudy,N
25-11-2024,Pune,71.1,,54,2.0,18.1,7.7,Clear,N
2024-11-26,Pune,16.8,C,70,1.2,39.2,10.8,Clear,N
2024-11-27,Pune,67.4,F,58,1.5,21.3,5.9,CLEAR,N
28-11-2024,Pune,26.1,C,72,0.4,42.6,9.6,Clear,N
29-11-2024,Pune,18.7,C,39,65.8,40.7,6.5,Rain,Y
30-11-2024,Pune,75.2,F,39,101.6,37.9,7.9,Rain,no
2024-12-01,Pune,22.2,C,28,0.5,35.5,8.9,Cloudy,N
2024-12-02,Pune,25.2,,70,1.3,17.8,1.5,Fog,N
03-12-2024,Pune,26.9,C,32,118.2,null,10.1,Thunderstorm,no
04-12-2024,Pune,20.3,,92,1.9,,11.6,clear,N
2024-12-05,Pune,15.9,C,61,0.6,5.1,12.0,Clear,N
06-12-2024,Pune,19.1,C,97,2.0,24.3,4.7,Sunny,N
07-12-2024,Pune,24.3,C,40,1.1,39.1,10.6,Clear,N
08-12-2024,Pune,16.9,C,70,1.8,9.4,12.0,Cloudy,N
09-12-2024,Pune,23.6,,56,0.1,41.0,4.7,Cloudy,N
10-12-2024,Pune,78.4,F,63,1.1,28.2,4.9,Cloudy,N
11-12-2024,Pune,17.4,C,63,1.9,19.3,5.4,Sunny,N
2024-12-12,Pune,22.4,C,52,18.1,15.7,4.3,Heavy Rain,
2024-12-13,Pune,18.6,C,39,15.2,5.2,4.3,Rain,Y
14-12-2024,Pune,28.2,C,92,0.8,6.8,10.9,Cloudy,N
2024-12-15,Pune,21.7,C,82,1.0,9.2,8.0,Clear,N
16-12-2024,Pune,20.0,C,85,0.5,43.0,7.1,CLEAR,N
2024-12-17,Pune,22.7,C,30,0.6,37.3,9.8,Sunny,N
18-12-2024,Pune,26.1,C,42,63.5,14.6,7.8,Rain,Y
2024-12-19,Pune,21.2,C,81,73.6,33.0,7.4,Rain,N
20-12-2024,Pune,17.5,,42,0.5,31.8,6.8,Cloudy,N
21-12-2024,Pune,27.2,C,-,1.5,33.1,8.1,Clear,N
2024-12-22,Pune,75.7,F,89,1.7,9.0,7.1,Clear,N
23-12-2024,Pune,28.1,C,95,0.8,8.0,9.5,Clear,N
2024-12-24,Pune,22.4,,66,1.7,22.0,5.8,Cloudy,N
2024-12-25,Pune,23.9,C,67,1.0,10.3,5.0,CLEAR,N
2024-12-26,Pune,22.1,C,46,31.0,37.1,7.8,Heavy Rain,no
27-12-2024,Pune,25.2,C,93,1.4,2.6,8.4,Clear,N
2024-12-28,Pune,31.9,C,88,2.0,41.0,6.0,Clear,N
29-12-2024,Pune,24.5,C,63,1.4,23.0,6.1,Cloudy,N
2024-12-30,Pune,28.4,C,77,76.7,17.3,5.7,Heavy Rain,Y
31-12-2024,Pune,23.5,C,40,35.5,36.3,7.0,Rain,yes
2025-01-01,Pune,86.7,F,59,2.0,37.5,7.3,Cloudy,N
02-01-2025,Pune,27.4,,82,0.6,33.7,9.2,Clear,N
2025-01-03,Pune,19.8,,72,0.7,21.9,10.6,clear,N
2025-01-04,Pune,23.7,C,30,42.9,34.8,5.7,Thunderstorm,N
2025-01-05,Pune,22.4,C,83,1.8,23.2,10.7,Clear,N
06-01-2025,Pune,32.9,,61,0.2,36.0,5.4,Cloudy,N
07-01-2025,Pune,27.3,C,69,50.1,28.2,7.2,Heavy Rain,no
2025-01-08,Pune,20.6,,28,0.1,34.4,10.4,CLEAR,N
2025-01-09,Pune,25.2,,90,79.4,34.9,4.5,Rain,N
10-01-2025,Pune,28.5,C,30,79.2,31.9,11.7,Rain,yes
2025-01-11,Pune,28.4,C,97,0.4,30.3,4.7,clear,N
2025-01-12,Pune,25.1,,83,0.1,26.9,11.4,clear,N
13-01-2025,Pune,23.2,,34,0.8,26.7,5.0,Clear,N
14-01-2025,Pune,26.5,C,98,0.9,17.5,11.9,Clear,N
2025-01-15,Pune,23.2,C,64,0.1,21.8,4.1,Sunny,N
2025-01-16,Pune,23.5,C,69,56.8,24.7,7.6,Heavy Rain,N
2025-01-17,Pune,25.3,C,65,0.9,44.9,4.2,Sunny,N
2025-01-18,Pune,24.5,C,64,12.7,16.4,11.0,Rain,N
2025-01-19,Pune,27.0,,37,84.7,35.4,7.1,Rain,N
2025-01-20,Pune,27.6,,55,0.5,14.2,9.1,Cloudy,N
21-01-2025,Pune,23.9,C,60,0.2,25.5,7.3,Clear,N
22-01-2025,Pune,25.4,C,94,0.9,null,7.1,CLEAR,N
2025-01-23,Pune,62.1,F,55,1.1,14.5,11.6,Clear,N
2025-01-24,Pune,28.1,,74,0.1,44.1,7.5,CLEAR,N
25-01-2025,Pune,24.4,C,49,0.9,6.9,10.3,clear,N
26-01-2025,Pune,31.4,C,64,1.9,40.5,8.7,Sunny,N
27-01-2025,Pune,28.0,C,42,1.0,3.4,8.7,Clear,N
28-01-2025,Pune,27.5,C,54,0.9,28.4,7.9,Sunny,N
2025-01-29,Pune,27.3,,34,1.2,27.7,8.0,Clear,N
30-01-2025,Pune,24.3,C,68,98.8,32.4,9.5,Rain,
31-01-2025,Pune,33.0,,38,0.2,2.8,11.4,Cloudy,N
2025-02-01,Pune,35.5,C,29,72.0,13.3,9.2,Rain,yes
02-02-2025,Pune,88.6,F,79,71.7,41.4,10.0,Rain,Y
03-02-2025,Pune,27.4,C,95,53.3,4.8,9.3,Rain,N
04-02-2025,Pune,30.0,C,41,1.1,11.5,11.1,Clear,N
05-02-2025,Pune,26.4,C,67,1.3,44.1,10.8,Clear,N
06-02-2025,Pune,77.1,F,53,83.0,30.0,6.2,Rain,yes
07-02-2025,Pune,75.9,F,72,0.7,30.6,6.6,Cloudy,N
2025-02-08,Pune,29.8,C,85,0.0,35.3,5.9,Clear,N
2025-02-09,Pune,24.5,C,76,9.2,8.2,8.8,Rain,yes
10-02-2025,Pune,30.2,,72,1.7,13.9,10.8,Cloudy,N
2025-02-11,Pune,87.2,F,93,0.7,20.6,10.2,Cloudy,N
2025-02-12,Pune,32.1,C,90,1.5,3.1,7.1,Clear,N
2025-02-13,Pune,35.0,C,91,1.8,15.8,5.8,Clear,N
2025-02-14,Pune,31.7,C,96,108.5,12.4,4.1,Rain,Y
15-02-2025,Pune,25.0,C,64,0.7,13.8,9.3,Clear,N
2025-02-16,Pune,37.4,C,45,1.5,43.7,10.4,Clear,N
17-02-2025,Pune,28.8,C,37,1.1,28.1,7.9,Cloudy,N
2025-02-18,Pune,30.8,,unknown,0.9,39.6,11.2,Clear,N
2025-02-19,Pune,24.3,C,50,1.4,33.1,7.7,Cloudy,N
20-02-2025,Pune,28.2,,30,1.3,25.6,10.6,Cloudy,N
21-02-2025,Pune,N/A,C,62,0.9,24.9,4.8,Cloudy,N
2025-02-22,Pune,28.5,C,97,0.4,34.5,5.7,Clear,N
2025-02-23,Pune,22.5,C,36,1.6,33.2,1.0,Fog,N
24-02-2025,Pune,-,F,50,71.7,7.1,9.2,Rain,
25-02-2025,Pune,30.4,C,67,0.1,11.6,10.6,Cloudy,N
26-02-2025,Pune,30.1,,67,23.0,22.5,8.2,Rain,yes
27-02-2025,Pune,28.3,C,59,0.1,26.3,5.7,Cloudy,N
28-02-2025,Pune,81.2,F,36,2.0,43.2,10.2,Clear,N
2025-03-01,Pune,29.4,C,98,54.3,36.3,11.0,Thunderstorm,yes
2025-03-02,Pune,31.7,,78,1.4,33.5,11.0,Sunny,N
03-03-2025,Pune,32.4,C,43,98.9,43.6,10.7,Rain,
04-03-2025,Pune,31.6,,29,0.3,15.1,5.5,Sunny,N
2025-03-05,Pune,34.3,C,66,0.8,23.3,9.4,Cloudy,N
2025-03-06,Pune,32.7,C,80,1.0,2.0,10.5,Sunny,N
07-03-2025,Pune,31.4,C,80,0.3,28.5,11.4,Cloudy,N
08-03-2025,Pune,31.8,C,90,0.5,40.5,8.3,Cloudy,N
09-03-2025,Pune,91.8,F,91,8.1,8.2,6.5,Thunderstorm,N
2025-03-10,Pune,30.8,C,39,1.1,16.1,2.8,Fog,N
2025-03-11,Pune,28.6,,54,1.9,41.5,8.2,Clear,N
2025-03-12,Pune,27.3,C,65,0.5,33.8,9.7,CLEAR,N
2025-03-13,Pune,31.2,C,90,0.5,18.4,10.8,Cloudy,N
2025-03-14,Pune,31.8,,48,52.9,29.4,8.2,Heavy Rain,Y
15-03-2025,Pune,33.7,C,32,0.6,22.0,11.0,CLEAR,N
16-03-2025,Pune,32.0,C,67,22.9,17.9,7.4,Rain,N
17-03-2025,Pune,32.2,C,75,1.9,6.7,9.5,Clear,N
2025-03-18,Pune,94.5,F,33,0.6,33.6,12.0,Sunny,N
2025-03-19,Pune,36.8,C,44,1.9,20.7,6.5,Sunny,N
20-03-2025,Pune,32.2,C,52,34.7,6.1,11.1,Heavy Rain,no
21-03-2025,Pune,32.8,,81,1.7,20.7,8.6,Sunny,N
2025-03-22,Pune,31.9,,46,1.0,33.5,11.0,Cloudy,N
2025-03-23,Pune,28.8,C,94,93.5,24.7,4.2,Rain,N
2025-03-24,Pune,96.0,F,82,0.5,35.4,6.8,clear,N
25-03-2025,Pune,31.5,,31,0.0,24.5,9.2,Sunny,N
26-03-2025,Pune,N/A,,86,106.4,25.9,9.0,Rain,N
2025-03-27,Pune,94.9,F,29,1.3,38.8,5.5,Clear,N
2025-03-28,Pune,33.8,,48,0.7,4.7,7.6,Cloudy,N
29-03-2025,Pune,90.2,,50,56.2,37.1,9.6,Rain,no
30-03-2025,Pune,33.9,C,35,1.4,7.2,2.5,Fog,N
2025-03-31,Pune,28.5,C,44,0.1,24.1,10.8,Clear,N
01-04-2025,Pune,30.8,C,89,1.6,16.9,11.9,Sunny,N
2025-04-02,Pune,28.4,,64,0.2,33.4,7.6,Sunny,N
2025-04-04,Pune,34.2,C,29,0.9,42.3,8.8,clear,N
05-04-2025,Pune,29.3,C,59,102.3,44.8,6.4,Rain,yes
2025-04-06,Pune,31.7,C,42,0.9,38.2,10.5,Sunny,N
2025-04-07,Pune,97.3,,96,19.2,9.0,10.5,rain,N
08-04-2025,Pune,31.7,,68,90.8,27.2,6.4,Heavy Rain,
2025-04-09,Pune,34.3,C,60,1.1,35.9,4.7,Clear,N
2025-04-10,Pune,32.3,,58,1.1,6.4,7.1,Cloudy,N
11-04-2025,Pune,29.8,,96,0.9,34.9,7.3,Sunny,N
12-04-2025,Pune,33.9,,51,0.4,10.3,8.0,Clear,N
2025-04-13,Pune,34.1,C,64,1.1,33.3,5.3,Clear,N
14-04-2025,Pune,32.4,C,59,0.6,35.9,9.6,Clear,N
2025-04-15,Pune,35.1,C,null,0.9,21.8,10.6,Cloudy,N
2025-04-16,Pune,31.1,C,69,83.5,34.5,8.7,Heavy Rain,N
2025-04-17,Pune,32.8,C,78,0.1,19.8,8.1,clear,N
18-04-2025,Pune,27.7,C,94,71.7,15.4,9.4,Thunderstorm,yes
2025-04-20,Pune,27.6,C,58,0.2,11.7,10.1,Clear,N
2025-04-21,Pune,30.2,C,90,1.8,12.3,4.1,Cloudy,N
2025-04-22,Pune,28.1,C,89,101.9,14.4,8.9,Rain,Y
2025-04-23,Pune,34.1,C,64,29.4,12.8,10.5,Heavy Rain,yes
24-04-2025,Pune,38.8,,61,27.9,31.6,10.9,Heavy Rain,
2025-04-25,Pune,30.8,C,93,0.0,26.5,5.6,Cloudy,N
2025-04-26,Pune,30.0,,31,1.2,28.2,4.4,Sunny,N
2025-04-27,Pune,32.1,C,32,1.4,34.5,5.4,Clear,N
28-04-2025,Pune,27.4,,96,0.8,28.4,9.8,Clear,N
29-04-2025,Pune,32.6,C,33,1.8,7.1,0.6,Fog,N
2025-04-30,Pune,33.6,,72,0.9,10.0,0.4,Fog,N
2025-05-01,Pune,27.3,,35,49.0,39.4,8.3,Thunderstorm,yes
02-05-2025,Pune,32.0,C,30,1.6,25.1,10.5,Cloudy,N
03-05-2025,Pune,26.9,,56,50.9,21.1,8.8,Heavy Rain,
2025-05-04,Pune,28.0,C,81,0.6,25.0,10.8,Clear,N
2025-05-05,Pune,30.0,C,52,1.7,17.6,5.1,Clear,N
2025-05-06,Pune,31.5,C,82,112.6,32.9,8.7,Rain,N
2025-05-07,Pune,80.7,,41,0.4,34.1,10.5,Cloudy,N
2025-05-08,Pune,31.2,C,55,0.5,20.8,10.0,CLEAR,N
10-05-2025,Pune,30.5,C,98,1.5,44.7,5.0,Clear,N
11-05-2025,Pune,,,37,0.3,3.0,9.3,clear,N
12-05-2025,Pune,88.4,F,72,0.7,10.2,4.7,Sunny,N
2025-05-14,Pune,86.0,F,82,15.1,27.1,8.9,rain,no
15-05-2025,Pune,32.2,,77,84.9,4.4,5.3,Rain,N
2025-05-16,Pune,23.5,,55,105.3,25.1,8.8,Heavy Rain,N
2025-05-17,Pune,31.0,C,80,90.7,4.2,5.9,Heavy Rain,yes
2025-05-18,Pune,32.0,,70,0.7,42.7,6.8,Cloudy,N
2025-05-19,Pune,23.7,C,71,1.5,14.5,1.2,Fog,N
20-05-2025,Pune,29.5,,37,57.6,14.1,10.0,Heavy Rain,yes
21-05-2025,Pune,25.4,C,59,1.3,3.1,8.5,Clear,N
2025-05-22,Pune,32.5,,42,1.9,  ,7.8,Clear,N
23-05-2025,Pune,28.7,C,64,1.1,34.2,5.9,Sunny,N
2025-05-24,Pune,29.5,,96,0.0,38.5,11.4,Clear,N
2025-05-25,Pune,33.1,C,69,52.6,6.7,4.6,Thunderstorm,
2025-05-26,Pune,82.0,F,74,94.1,17.6,11.4,Rain,N
27-05-2025,Pune,35.1,,81,0.7,25.6,7.9,Cloudy,N
2025-05-28,Pune,78.0,F,91,0.1,8.2,6.1,Sunny,N
2025-05-29,Pune,27.3,C,57,99.2,21.3,6.5,Thunderstorm,no
30-05-2025,Pune,30.2,C,NA,1.2,21.3,5.6,Sunny,N
2025-05-31,Pune,29.5,C,66,89.0,29.4,4.7,Rain,N
01-06-2025,Pune,34.2,C,69,46.8,9.7,4.4,Heavy Rain,N
2025-06-02,Pune,78.2,F,38,34.9,39.3,7.0,Rain,yes
03-06-2025,Pune,28.8,C,72,1.3,25.4,9.2,clear,N
2025-06-04,Pune,29.8,,33,0.1,15.2,6.4,Clear,N
2025-06-05,Pune,25.1,C,75,1.1,14.2,11.6,Clear,N
06-06-2025,Pune,25.5,C,40,1.7,3.8,5.3,Clear,N
2025-06-07,Pune,23.7,C,39,60.5,36.7,10.1,rain,N
08-06-2025,Pune,24.9,C,42,0.1,25.4,4.3,Clear,N
2025-06-09,Pune,26.7,,28,0.8,5.3,9.4,Sunny,N
10-06-2025,Pune,33.2,,45,1.8,43.6,9.3,CLEAR,N
11-06-2025,Pune,22.6,,92,115.1,38.9,9.5,rain,yes
12-06-2025,Pune,27.4,C,67,0.8,17.4,7.6,Cloudy,N
13-06-2025,Pune,87.7,F,,108.2,18.4,8.8,Heavy Rain,Y
14-06-2025,Pune,27.4,,60,1.4,5.4,6.1,Cloudy,N
2025-06-15,Pune,21.0,C,46,1.0,11.6,6.1,Clear,N
16-06-2025,Pune,31.6,C,94,0.1,13.7,12.0,Cloudy,N
17-06-2025,Pune,29.7,C,60,91.0,19.7,7.5,Rain,Y
18-06-2025,Pune,27.8,C,33,110.4,8.6,10.4,Rain,N
2025-06-19,Pune,26.4,C,74,0.5,33.7,11.7,Clear,N
2025-06-20,Pune,29.9,C,71,1.8,11.1,7.7,Clear,N
21-06-2025,Pune,19.5,,42,0.3,36.4,5.3,Clear,N
2025-06-22,Pune,22.8,C,49,12.3,32.0,9.6,Rain,no
23-06-2025,Pune,27.8,C,41,1.3,27.6,7.5,Cloudy,N
2025-06-24,Pune,32.1,,unknown,1.5,37.8,6.9,Cloudy,N
25-06-2025,Pune,25.3,C,66,1.1,26.1,4.6,clear,N
26-06-2025,Pune,23.8,C,29,1.0,14.7,10.1,Cloudy,N
2025-06-27,Pune,24.6,C,97,26.9,22.6,6.3,rain,N
2025-06-28,Pune,23.0,C,,85.3,2.7,10.4,Rain,Y
29-06-2025,Pune,19.1,C,85,0.3,24.9,5.5,Sunny,N
30-06-2025,Pune,24.5,C,80,0.7,20.0,7.1,Sunny,N
01-07-2025,Pune,26.2,C,39,0.4,6.8,8.4,Clear,N
2024-01-01,Delhi,25.4,C,73,1.7,29.3,6.8,Clear,N
02-01-2024,Delhi,26.6,C,86,1.1,unknown,4.5,Cloudy,N
2024-01-03,Delhi,25.3,C,30,1.8,30.6,10.5,Cloudy,N
2024-01-04,Delhi,23.1,,92,0.9,21.2,9.1,Clear,N
05-01-2024,Delhi,72.3,F,40,0.6,31.4,4.4,CLEAR,N
06-01-2024,Delhi,15.0,C,null,0.5,21.3,4.9,Cloudy,N
2024-01-07,Delhi,24.3,C,29,103.5,10.2,4.1,Thunderstorm,
2024-01-08,Delhi,24.1,C,38,0.2,12.6,5.2,Clear,N
2024-01-09,Delhi,29.9,,79,0.6,42.4,4.5,Sunny,N
10-01-2024,Delhi,27.1,C,44,20.1,44.6,4.7,Rain,N
2024-01-11,Delhi,25.8,C,90,109.8,23.0,8.9,Rain,N
2024-01-12,Delhi,24.8,C,50,0.2,12.6,6.3,Cloudy,N
2024-01-13,Delhi,27.7,C,64,0.2,29.1,4.1,Clear,N
14-01-2024,Delhi,NA,,85,0.2,6.3,9.1,Sunny,N
2024-01-15,Delhi,32.5,C,53,1.1,16.8,7.8,Clear,N
16-01-2024,Delhi,22.7,C,85,0.6,31.1,5.3,Clear,N
2024-01-17,Delhi,26.4,,87,1.7,41.9,7.1,Cloudy,N
2024-01-18,Delhi,75.4,F,37,0.1,6.1,4.8,Clear,N
2024-01-19,Delhi,24.8,,97,1.7,33.1,5.1,Clear,N
20-01-2024,Delhi,null,,82,97.1,25.1,8.8,Heavy Rain,no
21-01-2024,Delhi,26.7,C,74,112.3,42.2,8.0,Rain,yes
2024-01-22,Delhi,23.2,C,96,0.5,12.8,4.1,Clear,N
2024-01-23,Delhi,25.0,C,97,0.2,37.1,8.6,Sunny,N
2024-01-24,Delhi,29.6,C,91,105.9,21.6,10.0,Rain,no
25-01-2024,Delhi,75.6,,54,0.2,38.5,9.8,Clear,N
2024-01-26,Delhi,74.3,,42,111.0,18.6,11.1,Rain,
27-01-2024,Delhi,25.2,C,79,55.3,39.7,10.9,Rain,N
2024-01-28,Delhi,28.7,C,37,1.7,17.2,7.0,Clear,N
29-01-2024,Delhi,22.3,C,92,1.8,37.8,4.7,Sunny,N
2024-01-30,Delhi,33.9,,68,26.9,28.7,9.7,rain,Y
2024-01-31,Delhi,27.2,,44,2.0,18.9,8.0,clear,N
01-02-2024,Delhi,26.9,,82,0.3,4.7,11.8,Clear,N
02-02-2024,Delhi,24.9,C,45,1.5,11.7,4.1,Clear,N
03-02-2024,Delhi,28.7,C,53,1.0,34.0,4.9,clear,N
04-02-2024,Delhi,28.7,C,50,1.3,28.3,1.5,Fog,N
2024-02-05,Delhi,24.1,C,68,1.4,43.1,9.4,Cloudy,N
06-02-2024,Delhi,28.4,C,46,0.7,11.6,11.9,Cloudy,N
2024-02-07,Delhi,31.9,C,57,0.1,6.4,5.5,clear,N
08-02-2024,Delhi,25.3,C,87,67.7,35.9,11.5,Rain,N
09-02-2024,Delhi,30.8,C,46,1.7,34.2,7.0,Clear,N
10-02-2024,Delhi,29.7,,74,0.3,29.7,4.1,Clear,N
11-02-2024,Delhi,33.5,C,86,0.5,36.3,6.2,Clear,N
12-02-2024,Delhi,26.9,C,64,1.0,19.5,11.7,Clear,N
13-02-2024,Delhi,26.9,C,81,1.8,20.3,5.4,CLEAR,N
2024-02-14,Delhi,26.9,C,38,0.5,39.9,10.0,Cloudy,N
15-02-2024,Delhi,32.0,C,91,70.8,2.9,7.4,Heavy Rain,N
2024-02-16,Delhi,26.4,C,33,1.8,41.8,11.0,Clear,N
2024-02-17,Delhi,34.6,C,68,1.5,39.6,11.2,Cloudy,N
18-02-2024,Delhi,29.8,C,29,44.7,38.6,9.7,rain,N
19-02-2024,Delhi,31.0,C,NA,19.9,31.1,6.9,Rain,Y
20-02-2024,Delhi,24.2,C,74,72.6,3.1,11.6,Rain,Y
2024-02-21,Delhi,89.5,,30,1.3,29.7,10.8,CLEAR,N
22-02-2024,Delhi,33.4,C,87,0.5,38.9,11.6,Cloudy,N
23-02-2024,Delhi,31.5,C,28,1.9,42.8,9.9,clear,N
2024-02-24,Delhi,31.7,C,50,1.0,28.2,9.4,Sunny,N
25-02-2024,Delhi,24.9,,87,82.8,36.1,6.2,Rain,N
26-02-2024,Delhi,33.1,C,47,59.6,17.1,5.8,Rain,Y
2024-02-27,Delhi,29.1,,82,0.8,9.3,10.7,Clear,N
2024-02-28,Delhi,29.7,C,82,98.1,37.2,4.8,Rain,
2024-02-29,Delhi,23.3,C,98,99.9,12.5,11.9,Thunderstorm,N
2024-03-01,Delhi,29.0,,31,119.0,20.9,6.9,Rain,
2024-03-02,Delhi,31.7,,30,0.5,21.7,9.2,Clear,N
2024-03-03,Delhi,28.2,C,53,74.4,35.7,7.6,Rain,Y
2024-03-04,Delhi,27.4,,32,14.4,33.0,8.4,Rain,yes
2024-03-05,Delhi,36.1,,69,0.3,9.5,11.6,Cloudy,N
06-03-2024,Delhi,34.4,,96,21.3,4.5,7.7,Rain,Y
2024-03-07,Delhi,28.5,C,56,1.2,11.2,8.9,Cloudy,N
2024-03-08,Delhi,26.9,,51,0.4,42.4,8.7,Cloudy,N
2024-03-09,Delhi,30.2,C,43,0.0,25.2,6.2,CLEAR,N
2024-03-10,Delhi,31.1,C,62,91.4,2.3,5.1,Rain,no
2024-03-11,Delhi,29.3,C,78,22.0,31.5,11.6,Thunderstorm,Y
12-03-2024,Delhi,82.8,F,93,0.2,38.6,9.0,Cloudy,N
2024-03-13,Delhi,30.3,,56,0.1,17.7,9.3,clear,N
14-03-2024,Delhi,32.3,C,92,1.5,14.5,0.6,Fog,N
2024-03-15,Delhi,29.0,C,53,0.7,4.6,8.4,Clear,N
16-03-2024,Delhi,35.6,C,70,1.6,19.7,10.9,Cloudy,N
17-03-2024,Delhi,32.3,C,38,0.5,25.6,11.9,Sunny,N
2024-03-18,Delhi,30.8,C,unknown,0.6,13.5,0.8,Fog,N
2024-03-19,Delhi,33.7,,89,1.3,8.0,9.6,Clear,N
20-03-2024,Delhi,34.4,C,45,10.8,23.3,5.9,Rain,no
21-03-2024,Delhi,35.5,C,93,0.4,30.7,5.8,Sunny,N
22-03-2024,Delhi,30.4,C,31,1.1,3.9,4.2,Cloudy,N
23-03-2024,Delhi,33.0,C,61,1.5,29.1,8.7,Cloudy,N
2024-03-24,Delhi,27.1,C,51,1.2,26.3,12.0,clear,N
2024-03-25,Delhi,34.8,,98,0.3,16.4,4.8,CLEAR,N
2024-03-26,Delhi,33.4,,64,0.7,33.1,11.6,Sunny,N
2024-03-27,Delhi,29.8,C,59,1.5,21.4,7.8,clear,N
28-03-2024,Delhi,32.6,C,81,0.5,18.2,9.5,Cloudy,N
2024-03-29,Delhi,34.2,C,69,1.6,3.6,4.4,Clear,N
2024-03-30,Delhi,28.8,C,97,1.3,28.1,4.1,CLEAR,N
31-03-2024,Delhi,86.7,F,65,1.1,5.6,2.5,Fog,N
01-04-2024,Delhi,28.7,,35,1.8,35.8,7.8,Clear,N
2024-04-02,Delhi,27.2,C,98,109.2,7.3,4.8,Rain,N
2024-04-03,Delhi,35.3,C,31,1.9,9.1,8.9,Clear,N
04-04-2024,Delhi,28.8,C,72,1.5,25.3,11.0,Clear,N
05-04-2024,Delhi,37.4,C,73,116.5,24.0,10.3,Heavy Rain,N
06-04-2024,Delhi,30.3,C,35,0.5,21.7,5.3,Clear,N
07-04-2024,Delhi,35.3,C,56,1.9,33.5,8.3,Cloudy,N
08-04-2024,Delhi,94.0,F,57,0.1,16.6,5.6,Clear,N
2024-04-09,Delhi,null,,90,2.0,19.0,5.3,Clear,N
2024-04-10,Delhi,35.5,C,82,0.0,31.1,4.8,clear,N
2024-04-11,Delhi,28.9,C,80,1.7,10.2,8.2,Clear,N
2024-04-12,Delhi,34.0,C,54,118.9,5.0,4.9,Heavy Rain,N
2024-04-13,Delhi,96.9,F,40,0.5,13.0,6.2,CLEAR,N
14-04-2024,Delhi,89.6,F,92,1.8,13.2,11.9,clear,N
2024-04-15,Delhi,35.4,C,98,0.7,25.2,2.2,Fog,N
2024-04-16,Delhi,105.2,F,52,0.9,24.0,12.0,Clear,N
2024-04-17,Delhi,35.7,C,75,74.5,25.9,4.6,Heavy Rain,N
19-04-2024,Delhi,31.5,C,85,0.4,34.0,10.6,Clear,N
2024-04-20,Delhi,30.2,C,78,5.7,18.7,5.9,Rain,Y
21-04-2024,Delhi,32.0,,66,15.6,34.3,5.4,Heavy Rain,Y
22-04-2024,Delhi,26.8,C,95,20.9,43.9,10.9,Thunderstorm,N
23-04-2024,Delhi,27.6,C,46,1.9,34.2,11.9,Clear,N
24-04-2024,Delhi,35.6,C,62,0.1,12.7,8.9,Cloudy,N
25-04-2024,Delhi,32.3,C,55,50.0,20.0,5.5,Heavy Rain,N
2024-04-26,Delhi,29.9,C,85,0.9,14.8,8.5,Cloudy,N
27-04-2024,Delhi,30.8,C,43,0.9,15.6,10.8,Sunny,N
2024-04-28,Delhi,31.6,,42,0.3,7.3,1.4,Fog,N
2024-04-29,Delhi,32.2,,80,2.0,38.9,7.3,Clear,N
30-04-2024,Delhi,31.8,C,49,0.6,22.2,1.8,Fog,N
2024-05-02,Delhi,29.2,C,40,107.2,36.7,10.4,Thunderstorm,N
03-05-2024,Delhi,34.4,C,31,0.2,24.6,10.6,Clear,N
2024-05-04,Delhi,25.0,C,67,1.5,40.9,9.4,Clear,N
2024-05-05,Delhi,20.4,C,72,51.5,24.7,6.1,Rain,N
06-05-2024,Delhi,81.8,F,57,0.7,6.4,1.2,Fog,N
07-05-2024,Delhi,32.9,C,34,1.6,29.4,6.0,Clear,N
2024-05-08,Delhi,26.6,C,78,0.8,42.0,8.9,Cloudy,N
2024-05-09,Delhi,26.5,C,29,80.3,44.6,5.8,Rain,
2024-05-10,Delhi,32.1,,51,35.8,35.2,7.8,Heavy Rain,yes
12-05-2024,Delhi,33.9,C,76,1.3,12.8,2.2,Fog,N
13-05-2024,Delhi,27.3,,97,1.2,7.6,6.7,Cloudy,N
14-05-2024,Delhi,31.7,C,54,53.3,28.5,9.4,Rain,N
2024-05-15,Delhi,30.7,C,33,105.1,30.3,9.5,rain,no
16-05-2024,Delhi,27.8,,73,1.3,15.6,1.7,Fog,N
2024-05-17,Delhi,33.8,C,76,74.4,10.4,7.5,Rain,N
2024-05-18,Delhi,36.0,C,33,2.0,29.9,7.6,Sunny,N
19-05-2024,Delhi,29.0,C,47,10.9,6.4,8.1,Rain,no
2024-05-20,Delhi,32.8,C,40,79.8,19.1,6.5,Rain,
21-05-2024,Delhi,27.2,,32,1.0,40.2,9.8,Clear,N
2024-05-22,Delhi,30.3,C,33,0.3,28.1,11.9,CLEAR,N
2024-05-23,Delhi,25.8,C,57,35.9,18.1,8.1,Rain,yes
24-05-2024,Delhi,27.1,C,29,0.0,44.4,4.7,Sunny,N
2024-05-25,Delhi,31.1,C,95,1.9,12.1,8.5,Clear,N
26-05-2024,Delhi,-,C,36,61.8,32.4,8.0,Rain,Y
27-05-2024,Delhi,86.8,F,68,77.6,11.3,8.8,Heavy Rain,yes
28-05-2024,Delhi,26.8,C,37,0.1,31.3,9.4,clear,N
2024-05-29,Delhi,90.2,F,95,0.6,14.9,4.7,Cloudy,N
2024-05-30,Delhi,31.4,C,57,28.8,5.2,8.1,Rain,
2024-05-31,Delhi,91.5,F,82,0.0,33.9,10.6,Sunny,N
2024-06-01,Delhi,28.6,C,69,112.8,31.0,7.4,Thunderstorm,N
2024-06-02,Delhi,31.4,C,75,70.2,11.0,9.7,Rain,N
2024-06-03,Delhi,33.2,C,64,0.2,34.5,9.7,clear,N
04-06-2024,Delhi,28.6,,67,1.5,35.8,7.5,Cloudy,N
05-06-2024,Delhi,79.6,,,1.0,41.6,12.0,Cloudy,N
2024-06-06,Delhi,31.4,C,64,0.9,4.4,4.2,Cloudy,N
2024-06-07,Delhi,80.8,F,39,0.5,35.0,12.0,Sunny,N
08-06-2024,Delhi,30.1,,37,0.5,6.1,8.4,Cloudy,N
2024-06-09,Delhi,28.5,C,62,0.2,21.7,11.9,Sunny,N
2024-06-10,Delhi,26.7,,59,0.2,16.6,2.1,Fog,N
11-06-2024,Delhi,83.2,,null,1.8,16.3,2.9,Fog,N
12-06-2024,Delhi,null,C,74,0.8,22.7,7.9,CLEAR,N
13-06-2024,Delhi,23.1,C,96,0.7,29.5,1.9,Fog,N
14-06-2024,Delhi,27.4,C,52,1.8,25.3,7.3,CLEAR,N
2024-06-15,Delhi,23.6,C,N/A,0.9,27.3,5.7,Cloudy,N
16-06-2024,Delhi,24.0,C,53,1.3,33.7,5.1,clear,N
2024-06-17,Delhi,67.4,F,53,0.6,6.7,4.7,Clear,N
2024-06-18,Delhi,23.6,C,42,1.2,26.4,10.6,Cloudy,N
19-06-2024,Delhi,25.8,C,68,0.7,23.4,6.4,Clear,N
20-06-2024,Delhi,29.3,C,36,1.0,25.4,4.8,clear,N
2024-06-21,Delhi,21.1,C,41,0.4,10.4,8.4,Cloudy,N
22-06-2024,Delhi,22.6,C,82,0.9,17.9,10.5,Clear,N
2024-06-23,Delhi,23.1,,37,1.7,9.7,7.1,clear,N
2024-06-24,Delhi,21.1,,91,2.0,12.3,5.4,Clear,N
25-06-2024,Delhi,77.7,F,89,0.4,20.9,11.7,Cloudy,N
2024-06-26,Delhi,23.0,,73,1.3,31.9,10.9,Clear,N
27-06-2024,Delhi,27.4,C,56,0.5,13.3,4.5,Clear,N
2024-06-28,Delhi,20.5,C,84,81.4,26.2,8.5,Thunderstorm,N
29-06-2024,Delhi,28.5,,33,1.2,43.7,10.5,Clear,N
30-06-2024,Delhi,70.3,,41,6.1,4.9,7.3,rain,Y
01-07-2024,Delhi,33.2,C,72,82.8,25.2,6.3,Rain,N
02-07-2024,Delhi,23.4,C,56,1.9,27.8,6.0,clear,N
03-07-2024,Delhi,22.5,,NA,1.7,26.6,9.0,Cloudy,N
2024-07-04,Delhi,22.3,,67,1.8,34.8,7.6,Clear,N
2024-07-05,Delhi,22.2,C,81,0.7,43.4,1.8,Fog,N
06-07-2024,Delhi,29.0,C,33,0.1,30.3,7.4,Cloudy,N
2024-07-07,Delhi,80.5,F,57,1.5,4.0,11.6,Clear,N
08-07-2024,Delhi,26.1,C,83,0.2,38.9,11.5,Clear,N
09-07-2024,Delhi,25.6,C,33,53.8,11.9,4.2,rain,N
2024-07-10,Delhi,26.1,C,65,84.6,unknown,9.2,Heavy Rain,N
11-07-2024,Delhi,27.4,C,70,2.0,39.1,10.1,Cloudy,N
12-07-2024,Delhi,27.7,C,44,0.5,10.2,10.5,Clear,N
13-07-2024,Delhi,25.1,,70,0.1,14.5,7.2,clear,N
2024-07-14,Delhi,25.0,C,31,1.0,30.5,5.5,CLEAR,N
15-07-2024,Delhi,25.7,C,63,1.7,N/A,11.8,Sunny,N
2024-07-16,Delhi,19.5,C,58,1.3,34.7,7.9,Sunny,N
17-07-2024,Delhi,79.1,F,47,0.3,42.7,10.1,CLEAR,N
2024-07-18,Delhi,27.3,C,79,2.0,3.2,7.2,clear,N
19-07-2024,Delhi,26.4,C,65,1.1,5.9,6.0,clear,N
2024-07-20,Delhi,22.7,C,97,110.5,41.7,11.7,Rain,Y
2024-07-21,Delhi,  ,,29,0.6,4.7,6.9,clear,N
22-07-2024,Delhi,77.0,F,64,85.3,28.2,8.1,Heavy Rain,
23-07-2024,Delhi,null,F,87,1.0,40.9,2.9,Fog,N
2024-07-24,Delhi,20.3,,96,1.6,13.6,1.3,Fog,N
2024-07-25,Delhi,18.3,C,76,1.4,10.2,6.7,Cloudy,N
26-07-2024,Delhi,19.6,C,81,0.2,5.3,6.6,Cloudy,N
2024-07-27,Delhi,22.8,C,35,110.7,37.1,10.8,Rain,
28-07-2024,Delhi,20.7,C,82,0.6,25.1,4.6,Clear,N
29-07-2024,Delhi,16.7,C,66,0.6,13.7,8.7,Clear,N
30-07-2024,Delhi,23.3,C,75,0.0,9.4,10.1,Clear,N
31-07-2024,Delhi,21.7,C,64,1.5,4.0,9.8,Cloudy,N
01-08-2024,Delhi,17.7,C,65,0.5,36.8,9.3,Cloudy,N
2024-08-02,Delhi,19.1,C,83,69.3,7.9,4.6,Rain,
03-08-2024,Delhi,  ,C,73,62.8,17.7,9.6,Heavy Rain,
04-08-2024,Delhi,24.0,C,91,14.6,18.8,5.8,Thunderstorm,Y
2024-08-05,Delhi,18.9,,65,0.2,16.0,10.3,Clear,N
06-08-2024,Delhi,19.1,C,53,1.5,28.8,4.0,Clear,N
07-08-2024,Delhi,26.0,,71,0.4,7.8,11.7,Sunny,N
2024-08-08,Delhi,69.4,,60,0.1,4.2,4.9,Clear,N
09-08-2024,Delhi,16.3,,95,54.3,29.0,9.0,Thunderstorm,
10-08-2024,Delhi,18.7,C,32,1.0,22.3,9.5,Clear,N
11-08-2024,Delhi,19.5,,60,33.9,38.4,8.2,Thunderstorm,
12-08-2024,Delhi,18.8,C,78,1.7,32.6,4.5,Clear,N
2024-08-13,Delhi,13.7,C,96,1.2,16.1,8.7,Cloudy,N
2024-08-14,Delhi,21.4,C,71,1.9,12.7,7.0,Clear,N
2024-08-15,Delhi,14.8,C,91,1.1,8.4,8.9,Clear,N
2024-08-16,Delhi,21.5,C,43,1.6,16.9,7.2,Cloudy,N
2024-08-17,Delhi,15.3,,71,0.4,33.9,5.8,Cloudy,N
18-08-2024,Delhi,15.8,C,56,0.4,4.9,11.7,Clear,N
19-08-2024,Delhi,13.2,C,57,1.1,30.2,11.1,Clear,N
20-08-2024,Delhi,17.8,,29,76.1,12.8,7.2,Rain,N
2024-08-21,Delhi,17.9,C,28,1.8,14.4,10.8,Clear,N
22-08-2024,Delhi,19.4,C,87,0.5,23.8,2.3,Fog,N
23-08-2024,Delhi,18.3,,92,0.5,24.1,6.6,Cloudy,N
2024-08-24,Delhi,18.0,C,93,54.5,42.2,11.2,Rain,Y
25-08-2024,Delhi,14.5,C,35,1.2,15.4,4.3,Clear,N
26-08-2024,Delhi,19.4,C,29,84.0,43.1,6.8,Heavy Rain,N
27-08-2024,Delhi,11.3,C,62,1.4,21.7,4.5,clear,N
2024-08-28,Delhi,17.4,C,48,1.9,13.2,5.1,clear,N
29-08-2024,Delhi,23.9,C,67,0.7,43.8,9.8,Cloudy,N
30-08-2024,Delhi,19.4,C,54,50.7,40.3,7.6,Rain,N
2024-08-31,Delhi,17.9,C,36,105.7,36.3,10.8,Rain,no
2024-09-01,Delhi,20.1,C,84,1.3,  ,2.3,Fog,N
02-09-2024,Delhi,  ,C,88,31.9,29.8,4.6,Thunderstorm,N
2024-09-03,Delhi,14.3,C,89,1.7,4.0,9.8,Cloudy,N
04-09-2024,Delhi,19.1,C,84,0.7,35.4,6.5,Sunny,N
05-09-2024,Delhi,18.6,C,80,0.8,41.8,10.8,Clear,N
06-09-2024,Delhi,58.7,,58,87.2,43.9,11.3,Rain,N
07-09-2024,Delhi,19.0,C,72,1.2,2.6,4.3,CLEAR,N
08-09-2024,Delhi,14.9,C,79,0.5,33.7,8.3,Cloudy,N
09-09-2024,Delhi,14.7,C,79,0.1,3.1,8.3,Clear,N
2024-09-10,Delhi,16.0,C,67,1.2,5.4,5.9,Clear,N
11-09-2024,Delhi,59.2,F,96,0.3,34.3,8.4,Sunny,N
12-09-2024,Delhi,21.2,C,70,2.0,28.9,4.1,Clear,N
13-09-2024,Delhi,17.5,C,61,115.4,24.0,6.4,Heavy Rain,N
2024-09-14,Delhi,18.7,C,98,0.6,33.1,1.3,Fog,N
15-09-2024,Delhi,52.8,F,57,1.2,19.5,9.7,Clear,N
16-09-2024,Delhi,15.9,C,36,87.5,9.1,11.1,Rain,N
2024-09-17,Delhi,16.7,C,49,1.4,6.9,7.2,Clear,N
2024-09-18,Delhi,16.7,C,61,0.8,13.4,6.9,clear,N
2024-09-19,Delhi,18.3,C,70,1.1,27.4,0.6,Fog,N
2024-09-20,Delhi,13.5,,93,0.5,17.2,11.9,Cloudy,N
21-09-2024,Delhi,17.4,C,46,1.5,19.5,11.3,CLEAR,N
2024-09-22,Delhi,17.0,,95,1.9,16.5,4.4,Cloudy,N
23-09-2024,Delhi,19.1,,50,0.1,43.4,6.2,Clear,N
2024-09-24,Delhi,17.0,C,54,115.8,30.8,8.9,Rain,N
25-09-2024,Delhi,17.8,C,66,64.0,31.0,5.6,Thunderstorm,N
26-09-2024,Delhi,13.0,C,61,0.8,10.8,7.8,Cloudy,N
2024-09-28,Delhi,17.2,C,43,1.0,5.2,9.1,Clear,N
29-09-2024,Delhi,61.6,F,31,1.0,31.9,7.4,Cloudy,N
2024-09-30,Delhi,17.4,C,37,0.8,15.9,4.4,Cloudy,N
2024-10-02,Delhi,15.0,C,72,14.2,33.8,7.2,rain,N
2024-10-03,Delhi,17.0,C,89,0.0,35.7,9.9,Cloudy,N
2024-10-04,Delhi,14.4,C,59,0.3,34.6,5.3,Cloudy,N
2024-10-05,Delhi,13.5,C,56,110.0,12.4,6.7,Rain,no
2024-10-06,Delhi,11.5,C,97,0.2,4.0,5.3,Clear,N
2024-10-07,Delhi,60.0,F,98,35.7,8.8,6.1,Rain,no
2024-10-08,Delhi,17.0,C,35,1.3,8.2,9.6,Clear,N
09-10-2024,Delhi,15.1,C,86,0.4,35.8,2.0,Fog,N
10-10-2024,Delhi,15.7,C,57,1.1,33.7,9.7,Cloudy,N
2024-10-11,Delhi,66.6,F,35,0.3,40.5,4.8,Cloudy,N
12-10-2024,Delhi,58.7,F,NA,1.1,36.1,9.4,Cloudy,N
13-10-2024,Delhi,16.7,C,58,0.9,41.6,6.4,Clear,N
14-10-2024,Delhi,10.9,C,28,0.5,30.2,4.6,Clear,N
2024-10-15,Delhi,15.9,C,38,0.5,38.3,1.0,Fog,N
2024-10-16,Delhi,18.1,C,NA,1.9,40.8,6.7,Cloudy,N
2024-10-17,Delhi,17.1,C,92,81.7,19.4,11.3,Thunderstorm,
18-10-2024,Delhi,61.5,,46,62.2,6.5,10.6,Thunderstorm,no
19-10-2024,Delhi,60.6,F,32,0.3,9.5,7.5,Sunny,N
2024-10-20,Delhi,12.4,C,94,117.2,40.9,9.0,Rain,Y
21-10-2024,Delhi,10.0,C,78,1.8,17.5,4.1,Clear,N
2024-10-22,Delhi,61.0,F,91,91.5,17.9,10.4,Rain,N
23-10-2024,Delhi,20.3,,95,99.2,21.6,11.0,Heavy Rain,N
24-10-2024,Delhi,17.5,C,35,0.3,9.3,6.8,Clear,N
25-10-2024,Delhi,12.4,C,80,0.4,12.9,10.4,Sunny,N
26-10-2024,Delhi,14.0,C,77,0.5,33.6,11.6,Clear,N
2024-10-27,Delhi,19.9,C,40,0.1,4.1,11.5,Sunny,N
28-10-2024,Delhi,20.9,C,83,0.0,11.7,1.4,Fog,N
29-10-2024,Delhi,12.7,C,38,1.8,15.5,4.6,Cloudy,N
30-10-2024,Delhi,17.3,C,98,0.0,15.7,4.9,Clear,N
31-10-2024,Delhi,16.8,C,70,1.1,30.7,6.3,clear,N
01-11-2024,Delhi,11.6,,82,55.7,10.2,5.9,Rain,N
02-11-2024,Delhi,13.9,C,44,0.0,34.8,9.4,Sunny,N
03-11-2024,Delhi,20.5,C,36,0.6,11.4,4.6,Clear,N
04-11-2024,Delhi,17.0,,73,1.4,20.1,6.6,Cloudy,N
05-11-2024,Delhi,19.7,C,98,1.7,24.7,11.5,Clear,N
2024-11-06,Delhi,16.7,C,47,1.6,26.4,4.3,Cloudy,N
07-11-2024,Delhi,67.5,F,67,0.6,39.2,7.6,Sunny,N
08-11-2024,Delhi,18.7,C,67,1.1,5.4,7.3,Clear,N
09-11-2024,Delhi,12.4,C,83,11.3,11.1,8.3,Rain,N
2024-11-10,Delhi,19.3,,60,1.5,21.5,1.8,Fog,N
2024-11-11,Delhi,20.9,,89,1.4,5.8,5.4,Clear,N
12-11-2024,Delhi,24.1,C,97,102.1,6.2,6.9,Heavy Rain,
2024-11-13,Delhi,19.2,C,56,1.4,null,6.1,Clear,N
14-11-2024,Delhi,22.6,,31,44.5,4.1,6.4,Rain,
2024-11-15,Delhi,17.2,C,55,92.0,14.8,8.4,Rain,N
2024-11-16,Delhi,22.0,C,73,2.0,34.4,4.3,Clear,N
17-11-2024,Delhi,57.7,F,62,0.2,43.3,11.6,Clear,N
18-11-2024,Delhi,17.4,,32,0.9,21.9,11.1,Cloudy,N
19-11-2024,Delhi,15.2,,84,0.4,22.8,6.7,Cloudy,N
20-11-2024,Delhi,15.3,,95,16.1,6.7,7.6,Heavy Rain,
21-11-2024,Delhi,14.6,C,62,1.0,23.7,4.6,Cloudy,N
2024-11-22,Delhi,20.0,C,97,0.3,16.0,10.5,clear,N
23-11-2024,Delhi,23.4,C,39,43.4,-,8.2,Heavy Rain,N
24-11-2024,Delhi,20.6,C,49,1.8,22.6,7.1,Clear,N
25-11-2024,Delhi,67.3,,59,1.6,32.2,9.2,Sunny,N
26-11-2024,Delhi,16.6,C,unknown,0.1,5.9,9.9,Cloudy,N
2024-11-27,Delhi,20.7,C,55,0.7,17.0,9.6,CLEAR,N
2024-11-28,Delhi,18.5,C,55,0.1,38.3,6.7,Clear,N
29-11-2024,Delhi,20.5,C,67,0.1,36.0,8.1,Cloudy,N
30-11-2024,Delhi,16.3,C,92,0.2,34.0,5.0,CLEAR,N
2024-12-01,Delhi,21.2,C,36,1.4,18.3,8.4,Sunny,N
02-12-2024,Delhi,19.2,C,94,0.5,9.9,10.0,Clear,N
2024-12-03,Delhi,20.9,C,55,1.9,8.7,1.6,Fog,N
2024-12-04,Delhi,22.7,,73,1.4,41.9,10.1,Clear,N
2024-12-05,Delhi,25.9,C,61,0.4,18.1,7.8,CLEAR,N
06-12-2024,Delhi,20.3,,54,1.6,3.5,5.6,Sunny,N
2024-12-07,Delhi,23.6,,84,19.5,2.6,11.0,Rain,N
2024-12-08,Delhi,21.3,C,85,42.8,23.3,4.9,Heavy Rain,N
09-12-2024,Delhi,70.6,F,41,0.3,16.2,6.6,Cloudy,N
10-12-2024,Delhi,21.7,C,64,71.6,17.3,9.0,Heavy Rain,yes
11-12-2024,Delhi,21.0,C,75,0.6,42.1,10.8,Sunny,N
2024-12-12,Delhi,25.8,C,75,0.2,31.6,8.5,CLEAR,N
2024-12-14,Delhi,20.6,C,50,1.3,14.1,11.3,clear,N
2024-12-15,Delhi,75.7,F,null,74.2,7.0,7.0,rain,no
2024-12-16,Delhi,25.5,C,76,1.6,5.3,6.4,Clear,N
2024-12-17,Delhi,68.7,F,66,1.5,22.5,4.5,Clear,N
18-12-2024,Delhi,21.8,C,28,1.5,37.8,4.3,Clear,N
19-12-2024,Delhi,23.2,,51,0.2,4.2,9.2,Clear,N
20-12-2024,Delhi,24.4,C,77,1.3,6.2,5.7,Clear,N
21-12-2024,Delhi,24.9,C,92,13.5,9.8,9.4,Rain,Y
22-12-2024,Delhi,76.0,F,75,0.0,39.5,12.0,Clear,N
2024-12-23,Delhi,27.2,C,95,0.7,19.5,10.7,clear,N
24-12-2024,Delhi,23.5,C,41,65.3,38.5,7.0,rain,yes
2024-12-25,Delhi,19.9,C,64,113.9,37.0,4.3,Rain,yes
2024-12-26,Delhi,19.8,C,49,7.3,27.6,5.6,Rain,yes
27-12-2024,Delhi,18.4,,79,1.0,4.7,9.2,Sunny,N
28-12-2024,Delhi,19.3,C,73,1.3,22.9,6.3,Clear,N
29-12-2024,Delhi,25.6,C,unknown,0.1,8.6,10.5,CLEAR,N
2024-12-30,Delhi,65.0,F,42,23.3,21.4,10.5,Rain,no
31-12-2024,Delhi,70.3,F,39,1.2,12.1,10.4,Clear,N
01-01-2025,Delhi,NA,C,38,32.7,14.0,5.5,Rain,N
2025-01-02,Delhi,24.1,C,84,69.8,36.6,11.3,Heavy Rain,N
2025-01-03,Delhi,23.9,,75,1.4,16.9,4.0,Sunny,N
04-01-2025,Delhi,22.7,C,69,107.9,,8.9,Rain,no
05-01-2025,Delhi,24.8,C,75,40.9,null,11.2,rain,
06-01-2025,Delhi,22.1,,48,1.4,6.8,10.5,Cloudy,N
07-01-2025,Delhi,72.8,F,45,1.6,22.8,5.8,Sunny,N
2025-01-08,Delhi,23.6,,49,1.7,26.0,8.1,Cloudy,N
09-01-2025,Delhi,24.0,C,67,0.9,13.3,8.6,Clear,N
10-01-2025,Delhi,80.0,F,53,0.6,40.1,11.2,CLEAR,N
2025-01-11,Delhi,26.9,C,96,0.6,39.2,6.5,Cloudy,N
12-01-2025,Delhi,27.7,C,32,69.0,3.2,11.5,Rain,N
13-01-2025,Delhi,28.4,,59,1.8,7.8,8.3,Clear,N
2025-01-14,Delhi,25.6,,62,11.9,30.2,8.9,Rain,no
15-01-2025,Delhi,21.2,C,55,0.1,38.7,6.3,Clear,N
16-01-2025,Delhi,24.6,C,91,2.0,44.1,8.7,CLEAR,N
17-01-2025,Delhi,25.4,C,67,0.2,5.3,4.9,Clear,N
2025-01-18,Delhi,24.1,C,33,0.2,27.7,7.3,CLEAR,N
19-01-2025,Delhi,26.2,C,71,78.7,42.9,6.6,Rain,Y
2025-01-20,Delhi,27.5,C,34,0.8,40.4,5.9,Sunny,N
21-01-2025,Delhi,28.5,C,65,1.4,23.8,10.2,Clear,N
22-01-2025,Delhi,25.2,C,67,1.7,5.3,5.3,Clear,N
2025-01-23,Delhi,20.0,C,50,1.1,21.0,9.6,Clear,N
2025-01-24,Delhi,unknown,,33,1.6,21.8,4.1,Clear,N
2025-01-25,Delhi,70.1,F,47,1.4,5.5,5.4,Cloudy,N
26-01-2025,Delhi,26.4,,62,1.8,28.5,4.6,Cloudy,N
27-01-2025,Delhi,79.4,F,76,55.9,18.2,7.7,Rain,N
2025-01-28,Delhi,28.4,C,74,1.9,16.6,11.2,CLEAR,N
29-01-2025,Delhi,30.1,C,59,81.1,34.2,8.2,Rain,Y
30-01-2025,Delhi,29.8,C,60,0.4,8.9,5.9,Cloudy,N
2025-01-31,Delhi,25.6,C,90,90.3,9.5,11.6,Rain,
01-02-2025,Delhi,24.2,C,66,1.4,35.6,8.6,Cloudy,N
2025-02-02,Delhi,31.7,C,59,84.9,29.2,4.6,Rain,N
2025-02-03,Delhi,77.3,F,80,0.3,21.3,9.6,Sunny,N
2025-02-04,Delhi,26.9,C,61,1.6,25.1,5.4,Clear,N
05-02-2025,Delhi,28.1,C,77,27.2,11.3,5.0,Rain,Y
06-02-2025,Delhi,33.5,C,37,0.7,13.1,4.9,Clear,N
07-02-2025,Delhi,28.2,C,NA,0.3,29.9,4.2,Clear,N
08-02-2025,Delhi,28.8,,63,37.7,29.4,8.0,Rain,
09-02-2025,Delhi,30.1,C,67,43.6,36.2,10.3,Heavy Rain,no
10-02-2025,Delhi,29.5,,61,0.1,36.2,5.5,clear,N
11-02-2025,Delhi,25.9,,69,1.6,14.2,9.8,Sunny,N
12-02-2025,Delhi,28.7,C,33,1.5,27.2,8.3,Cloudy,N
13-02-2025,Delhi,29.1,C,54,10.9,8.2,4.1,Rain,Y
14-02-2025,Delhi,29.4,C,46,23.0,16.3,5.7,Thunderstorm,yes
15-02-2025,Delhi,30.5,C,64,33.5,41.8,9.0,rain,N
2025-02-16,Delhi,27.4,C,95,0.7,40.6,4.4,clear,N
17-02-2025,Delhi,28.0,C,76,0.4,8.1,4.1,Clear,N
2025-02-18,Delhi,25.9,,55,0.3,16.7,5.4,clear,N
19-02-2025,Delhi,29.9,,42,1.1,38.4,0.4,Fog,N
20-02-2025,Delhi,91.6,,43,118.6,23.7,5.7,Rain,N
2025-02-21,Delhi,92.6,F,62,119.6,23.2,8.9,Rain,N
2025-02-22,Delhi,79.5,F,37,1.1,20.3,2.0,Fog,N
2025-02-24,Delhi,32.5,C,96,0.8,10.1,2.0,Fog,N
25-02-2025,Delhi,32.8,C,50,1.8,43.6,10.5,CLEAR,N
26-02-2025,Delhi,26.5,,77,1.7,36.4,6.1,Clear,N
2025-02-27,Delhi,31.5,C,52,0.3,40.0,11.0,Cloudy,N
2025-02-28,Delhi,31.8,C,83,1.9,41.6,8.6,Cloudy,N
01-03-2025,Delhi,27.8,,46,1.4,4.9,1.4,Fog,N
2025-03-02,Delhi,86.7,F,69,0.2,31.3,10.4,Clear,N
2025-03-03,Delhi,34.9,,  ,89.0,43.9,5.2,Rain,no
2025-03-04,Delhi,82.4,,33,0.8,12.0,1.5,Fog,N
2025-03-05,Delhi,null,C,98,75.5,30.8,8.1,Rain,yes
06-03-2025,Delhi,30.3,,74,0.3,4.7,9.5,Cloudy,N
07-03-2025,Delhi,40.4,C,98,0.5,21.6,0.5,Fog,N
08-03-2025,Delhi,34.0,C,87,74.2,26.2,8.6,Rain,Y
09-03-2025,Delhi,32.6,C,45,1.7,25.3,1.9,Fog,N
2025-03-10,Delhi,31.9,,35,1.2,26.8,9.4,Clear,N
11-03-2025,Delhi,39.4,C,38,64.8,10.7,9.8,Rain,
12-03-2025,Delhi,26.7,,40,0.8,32.3,4.4,CLEAR,N
13-03-2025,Delhi,33.8,C,31,0.7,39.8,4.4,Cloudy,N
2025-03-14,Delhi,31.1,C,52,0.2,29.3,6.3,Clear,N
15-03-2025,Delhi,32.5,C,58,1.7,29.5,2.2,Fog,N
16-03-2025,Delhi,33.7,,34,1.4,36.8,1.2,Fog,N
17-03-2025,Delhi,30.0,C,48,0.0,13.4,9.0,Cloudy,N
2025-03-18,Delhi,38.6,C,30,1.9,34.0,5.1,Clear,N
2025-03-19,Delhi,35.8,C,39,89.1,30.6,5.4,Heavy Rain,N
20-03-2025,Delhi,33.0,C,86,6.3,8.7,10.3,Rain,N
21-03-2025,Delhi,27.3,C,38,90.7,10.5,11.6,Thunderstorm,no
2025-03-22,Delhi,33.1,C,82,0.4,2.0,5.4,Cloudy,N
2025-03-23,Delhi,32.4,,80,37.8,30.9,6.8,Rain,N
24-03-2025,Delhi,32.6,C,36,1.7,15.9,6.1,Cloudy,N
2025-03-25,Delhi,30.0,C,unknown,1.2,24.8,4.2,Sunny,N
26-03-2025,Delhi,33.9,,63,0.4,40.9,2.5,Fog,N
2025-03-27,Delhi,29.6,C,55,0.3,2.3,11.7,CLEAR,N
2025-03-28,Delhi,29.4,C,63,1.0,34.2,10.7,Clear,N
29-03-2025,Delhi,95.5,F,38,0.6,4.9,5.3,Cloudy,N
30-03-2025,Delhi,38.8,C,75,48.1,34.2,5.7,Heavy Rain,N
31-03-2025,Delhi,34.3,C,63,1.4,14.1,5.7,CLEAR,N
01-04-2025,Delhi,30.7,,53,1.7,27.3,10.1,clear,N
02-04-2025,Delhi,92.3,F,58,97.4,33.1,10.4,rain,N
03-04-2025,Delhi,34.5,C,40,1.7,22.0,9.2,clear,N
04-04-2025,Delhi,31.5,C,80,86.1,41.8,6.5,Rain,N
05-04-2025,Delhi,33.1,C,79,32.2,18.7,10.5,Rain,Y
2025-04-06,Delhi,27.9,,90,1.0,33.9,9.0,Cloudy,N
2025-04-08,Delhi,32.3,C,38,2.0,13.7,6.9,Clear,N
09-04-2025,Delhi,32.9,C,73,0.8,44.1,10.9,Clear,N
2025-04-10,Delhi,40.0,,95,0.3,11.0,4.5,Sunny,N
2025-04-11,Delhi,30.3,C,68,21.9,13.4,11.8,Rain,N
2025-04-12,Delhi,30.3,C,67,0.5,22.7,11.0,clear,N
2025-04-13,Delhi,29.3,C,  ,0.7,24.9,8.2,Cloudy,N
14-04-2025,Delhi,89.7,F,49,113.7,17.2,6.2,Heavy Rain,N
15-04-2025,Delhi,31.4,C,60,1.2,31.9,8.2,Cloudy,N
2025-04-16,Delhi,30.4,,64,1.7,20.0,8.4,Cloudy,N
2025-04-17,Delhi,25.6,C,37,106.6,18.5,8.7,Heavy Rain,no
2025-04-18,Delhi,28.5,C,92,0.7,10.8,5.0,Cloudy,N
19-04-2025,Delhi,33.4,C,94,0.0,6.5,4.1,Cloudy,N
20-04-2025,Delhi,30.2,C,98,1.9,41.4,5.2,Clear,N
2025-04-21,Delhi,30.1,C,42,12.3,24.1,8.5,rain,N
2025-04-22,Delhi,27.3,C,76,0.1,null,5.5,Cloudy,N
2025-04-23,Delhi,31.5,C,53,0.2,10.3,8.9,Clear,N
24-04-2025,Delhi,30.8,C,91,0.1,2.1,1.7,Fog,N
2025-04-25,Delhi,88.1,F,68,0.0,30.0,11.2,Cloudy,N
2025-04-26,Delhi,93.0,F,74,1.3,44.7,10.9,Cloudy,N
27-04-2025,Delhi,29.6,,88,65.1,25.2,10.0,Heavy Rain,Y
2025-04-28,Delhi,26.5,,49,1.1,41.8,6.7,Clear,N
29-04-2025,Delhi,87.8,F,78,112.1,18.6,10.3,Thunderstorm,N
30-04-2025,Delhi,29.6,C,67,2.0,27.9,9.2,Cloudy,N
2025-05-01,Delhi,25.0,C,54,1.9,7.1,5.6,Clear,N
2025-05-02,Delhi,28.8,C,77,1.7,22.1,10.3,Sunny,N
2025-05-03,Delhi,NA,C,82,1.6,14.6,7.6,Clear,N
2025-05-04,Delhi,30.0,C,72,0.7,18.5,6.2,Sunny,N
2025-05-05,Delhi,31.9,C,77,1.7,37.7,10.8,Sunny,N
06-05-2025,Delhi,33.8,C,89,1.5,33.4,11.1,Cloudy,N
2025-05-07,Delhi,23.6,C,,38.6,21.3,10.3,rain,
08-05-2025,Delhi,32.7,,71,1.3,8.5,7.9,Clear,N
2025-05-09,Delhi,28.2,C,44,1.1,28.6,10.0,clear,N
10-05-2025,Delhi,27.5,,71,0.5,36.8,10.4,Cloudy,N
12-05-2025,Delhi,30.0,C,41,1.8,17.6,9.0,clear,N
13-05-2025,Delhi,32.8,C,44,1.2,5.8,10.6,Cloudy,N
2025-05-14,Delhi,30.2,C,35,6.8,29.8,10.9,Rain,no
15-05-2025,Delhi,31.0,C,29,1.7,27.4,4.4,Sunny,N
16-05-2025,Delhi,25.2,,60,50.9,41.9,5.6,rain,Y
17-05-2025,Delhi,26.7,,74,1.4,26.6,7.2,Sunny,N
18-05-2025,Delhi,27.3,,74,0.6,23.5,1.2,Fog,N
2025-05-19,Delhi,29.6,C,57,0.4,21.7,8.8,Cloudy,N
20-05-2025,Delhi,28.7,,71,18.7,44.2,9.5,Thunderstorm,no
21-05-2025,Delhi,34.7,C,74,117.8,32.7,11.8,rain,N
22-05-2025,Delhi,28.0,C,,1.3,18.5,9.3,clear,N
23-05-2025,Delhi,32.4,C,62,0.7,29.2,4.2,Cloudy,N
2025-05-24,Delhi,34.1,C,50,0.8,2.8,4.3,Cloudy,N
2025-05-25,Delhi,31.5,C,77,1.9,29.9,4.1,Sunny,N
26-05-2025,Delhi,82.7,F,32,1.8,42.2,8.5,Cloudy,N
27-05-2025,Delhi,28.3,C,59,0.3,43.5,5.6,Sunny,N
2025-05-28,Delhi,26.5,C,88,1.8,26.0,8.6,clear,N
2025-05-29,Delhi,72.9,,37,1.0,25.0,7.0,clear,N
2025-05-30,Delhi,84.0,F,32,1.4,39.3,2.3,Fog,N
31-05-2025,Delhi,21.4,C,84,0.0,4.5,4.9,Clear,N
2025-06-01,Delhi,70.8,,36,0.3,6.4,8.4,CLEAR,N
02-06-2025,Delhi,30.3,C,98,0.6,20.4,7.8,Cloudy,N
03-06-2025,Delhi,30.9,C,31,88.5,21.5,4.4,Rain,yes
2025-06-04,Delhi,28.3,C,76,20.3,30.1,4.3,Rain,
05-06-2025,Delhi,25.8,,29,21.7,-,4.3,Rain,no
06-06-2025,Delhi,22.6,,54,2.0,7.2,4.2,Clear,N
07-06-2025,Delhi,26.4,C,94,1.7,44.7,4.1,Cloudy,N
2025-06-08,Delhi,31.6,C,48,1.9,23.1,7.6,clear,N
2025-06-09,Delhi,85.2,F,72,1.2,30.7,4.7,Clear,N
10-06-2025,Delhi,30.9,C,74,0.9,39.4,9.4,Clear,N
11-06-2025,Delhi,26.3,C,null,94.7,4.5,10.9,Rain,N
12-06-2025,Delhi,28.3,C,29,119.0,17.0,11.8,rain,N
2025-06-13,Delhi,25.1,C,62,1.6,43.3,5.0,Clear,N
2025-06-14,Delhi,27.2,,71,112.6,16.3,6.2,rain,N
15-06-2025,Delhi,19.4,,81,0.2,2.2,7.8,Clear,N
2025-06-16,Delhi,22.8,C,74,0.6,36.2,2.3,Fog,N
2025-06-17,Delhi,N/A,C,64,25.8,N/A,4.4,Heavy Rain,Y
2025-06-18,Delhi,79.2,,53,1.7,34.3,8.8,Clear,N
19-06-2025,Delhi,25.2,C,62,70.0,25.1,6.6,Rain,N
20-06-2025,Delhi,25.3,C,37,0.7,43.9,6.2,Cloudy,N
21-06-2025,Delhi,26.1,C,97,1.9,31.7,6.8,Cloudy,N
2025-06-23,Delhi,24.5,,92,1.8,16.3,7.9,Sunny,N
24-06-2025,Delhi,23.5,C,50,113.7,39.5,8.7,Thunderstorm,N
25-06-2025,Delhi,21.8,C,83,1.0,33.0,4.3,Sunny,N
26-06-2025,Delhi,18.3,,47,1.2,29.0,9.1,Clear,N
28-06-2025,Delhi,-,C,67,1.6,17.1,11.6,Clear,N
29-06-2025,Delhi,24.9,C,88,111.9,32.0,9.4,rain,
2025-06-30,Delhi,81.0,F,51,1.9,5.5,6.1,Cloudy,N
2025-07-01,Delhi,28.5,C,33,1.5,19.2,6.5,Sunny,N
2024-01-01,Gurugram,20.9,C,83,27.1,23.8,5.1,Rain,N
02-01-2024,Gurugram,82.7,,96,0.5,8.0,5.8,Cloudy,N
2024-01-03,Gurugram,72.5,,unknown,103.9,22.7,8.4,Thunderstorm,yes
04-01-2024,Gurugram,23.7,C,41,6.7,16.0,10.3,Heavy Rain,Y
05-01-2024,Gurugram,23.3,,,16.6,39.3,6.2,Rain,N
06-01-2024,Gurugram,22.1,C,60,0.6,25.8,10.4,Cloudy,N
2024-01-07,Gurugram,22.5,C,65,0.4,18.3,2.4,Fog,N
2024-01-08,Gurugram,30.1,C,31,0.8,8.1,4.6,Sunny,N
09-01-2024,Gurugram,25.6,C,34,21.0,15.3,10.0,Rain,Y
10-01-2024,Gurugram,25.5,,69,1.0,2.8,6.7,Cloudy,N
2024-01-11,Gurugram,21.3,,36,0.5,17.7,5.8,Cloudy,N
12-01-2024,Gurugram,23.3,C,57,48.0,43.5,9.0,Heavy Rain,Y
13-01-2024,Gurugram,29.2,,35,107.8,25.7,6.9,Heavy Rain,no
14-01-2024,Gurugram,27.8,C,72,0.9,4.5,1.7,Fog,N
2024-01-15,Gurugram,31.8,C,  ,1.9,23.7,11.1,Cloudy,N
16-01-2024,Gurugram,31.2,,33,1.3,28.7,11.9,Cloudy,N
17-01-2024,Gurugram,29.7,C,74,106.2,34.6,9.0,Heavy Rain,N
18-01-2024,Gurugram,23.7,C,28,0.5,23.9,10.9,Cloudy,N
19-01-2024,Gurugram,81.7,F,79,0.8,40.7,4.7,Cloudy,N
20-01-2024,Gurugram,31.7,C,52,0.3,2.2,7.8,CLEAR,N
2024-01-21,Gurugram,31.2,,69,47.0,11.0,11.0,rain,N
22-01-2024,Gurugram,77.5,F,50,0.1,null,4.2,Cloudy,N
23-01-2024,Gurugram,24.9,C,30,1.8,32.5,11.3,Clear,N
2024-01-24,Gurugram,28.7,C,45,1.7,28.1,4.6,Cloudy,N
2024-01-25,Gurugram,82.9,F,76,0.9,32.3,10.9,Cloudy,N
26-01-2024,Gurugram,22.5,C,79,0.9,35.6,4.9,Sunny,N
2024-01-27,Gurugram,30.6,C,31,0.8,7.8,5.5,Clear,N
2024-01-28,Gurugram,26.3,C,92,1.8,37.5,8.9,Sunny,N
2024-01-29,Gurugram,27.1,C,41,0.7,28.5,10.9,Cloudy,N
30-01-2024,Gurugram,29.1,C,41,0.2,28.2,3.0,Fog,N
2024-01-31,Gurugram,29.5,C,46,51.9,4.3,5.0,Rain,N
01-02-2024,Gurugram,28.8,C,66,0.7,25.8,10.8,Clear,N
2024-02-02,Gurugram,25.1,,59,0.6,5.6,9.2,Clear,N
2024-02-03,Gurugram,25.0,,97,82.6,30.9,10.4,Rain,N
2024-02-04,Gurugram,91.5,F,39,0.8,42.5,7.5,Cloudy,N
05-02-2024,Gurugram,26.0,C,74,97.9,38.5,9.8,Rain,N
2024-02-06,Gurugram,23.4,C,NA,0.4,16.3,7.4,clear,N
07-02-2024,Gurugram,26.8,C,78,0.3,39.4,11.3,Cloudy,N
08-02-2024,Gurugram,81.8,F,NA,1.3,30.5,11.5,Clear,N
09-02-2024,Gurugram,24.4,,87,1.3,31.4,8.7,Cloudy,N
10-02-2024,Gurugram,25.7,C,45,1.2,43.0,8.0,Sunny,N
2024-02-11,Gurugram,36.0,C,46,1.2,10.0,4.9,Cloudy,N
12-02-2024,Gurugram,24.3,C,62,1.9,34.6,8.4,Cloudy,N
13-02-2024,Gurugram,32.7,C,69,0.7,23.9,5.8,Cloudy,N
2024-02-14,Gurugram,  ,,63,0.9,38.9,4.9,Cloudy,N
15-02-2024,Gurugram,33.8,C,60,0.5,32.4,10.3,Clear,N
2024-02-16,Gurugram,22.6,C,55,0.0,10.1,4.8,Clear,N
2024-02-17,Gurugram,28.2,,47,1.3,16.7,4.5,Clear,N
2024-02-18,Gurugram,28.8,C,36,1.1,11.1,11.8,Sunny,N
19-02-2024,Gurugram,26.3,C,48,79.7,23.2,8.4,Thunderstorm,
2024-02-20,Gurugram,31.6,,35,1.3,12.6,1.5,Fog,N
21-02-2024,Gurugram,31.3,C,95,1.9,31.6,9.0,Clear,N
23-02-2024,Gurugram,31.6,,68,0.6,4.7,4.7,Cloudy,N
2024-02-24,Gurugram,28.4,C,53,0.6,32.9,2.4,Fog,N
25-02-2024,Gurugram,90.2,F,51,0.8,37.0,5.5,Clear,N
2024-02-26,Gurugram,29.8,C,78,0.7,40.4,0.3,Fog,N
27-02-2024,Gurugram,33.3,,78,0.0,10.8,6.9,Clear,N
28-02-2024,Gurugram,34.1,,84,1.0,6.4,4.3,Cloudy,N
2024-02-29,Gurugram,22.7,,28,0.1,34.8,10.6,Clear,N
2024-03-01,Gurugram,77.7,F,96,48.6,6.7,7.8,Rain,Y
2024-03-02,Gurugram,24.5,,null,1.2,,5.8,Sunny,N
03-03-2024,Gurugram,32.0,C,43,16.5,33.1,9.5,Rain,yes
2024-03-04,Gurugram,34.5,C,98,0.1,20.6,10.3,clear,N
05-03-2024,Gurugram,31.2,C,57,108.1,26.9,8.6,Heavy Rain,
06-03-2024,Gurugram,30.8,C,55,0.7,35.1,11.1,Cloudy,N
07-03-2024,Gurugram,35.3,C,48,0.6,23.3,4.2,Sunny,N
2024-03-09,Gurugram,29.5,C,77,0.9,31.2,4.9,Clear,N
2024-03-10,Gurugram,32.0,C,72,1.9,6.8,7.9,Cloudy,N
11-03-2024,Gurugram,35.5,C,56,0.4,5.5,4.1,Cloudy,N
2024-03-12,Gurugram,31.6,C,82,1.4,14.0,11.4,Sunny,N
2024-03-13,Gurugram,24.3,C,41,1.7,40.7,7.6,Clear,N
14-03-2024,Gurugram,33.2,C,44,1.9,33.3,11.4,Sunny,N
2024-03-15,Gurugram,35.6,C,36,0.8,44.7,4.0,Cloudy,N
16-03-2024,Gurugram,27.2,,45,38.4,10.3,8.6,Rain,yes
2024-03-17,Gurugram,32.6,C,32,1.0,44.3,6.1,Cloudy,N
2024-03-18,Gurugram,36.9,,67,82.7,3.7,4.2,Rain,no
2024-03-19,Gurugram,78.8,F,91,0.6,43.2,9.9,Cloudy,N
2024-03-20,Gurugram,30.7,,73,1.1,2.8,11.2,Clear,N
21-03-2024,Gurugram,29.2,C,68,1.6,20.7,5.8,Cloudy,N
22-03-2024,Gurugram,30.5,C,89,16.9,26.9,4.4,Thunderstorm,
2024-03-23,Gurugram,35.9,C,81,50.9,13.1,7.8,Rain,yes
24-03-2024,Gurugram,79.5,F,97,39.1,22.5,8.5,Rain,yes
25-03-2024,Gurugram,32.8,,54,0.0,33.9,11.8,Clear,N
26-03-2024,Gurugram,30.3,C,67,0.3,16.7,6.7,Clear,N
2024-03-27,Gurugram,27.7,C,66,1.0,11.4,6.2,CLEAR,N
28-03-2024,Gurugram,31.3,C,58,0.0,25.3,5.8,Clear,N
29-03-2024,Gurugram,82.4,F,97,1.5,27.0,11.4,Cloudy,N
2024-03-30,Gurugram,38.5,C,86,0.4,19.9,12.0,clear,N
31-03-2024,Gurugram,32.4,C,38,1.3,35.4,6.3,Clear,N
2024-04-01,Gurugram,31.8,C,44,1.5,16.8,11.5,Cloudy,N
2024-04-02,Gurugram,33.0,C,44,0.3,23.3,7.4,Clear,N
03-04-2024,Gurugram,33.7,C,94,0.0,38.3,8.9,Cloudy,N
2024-04-04,Gurugram,30.2,C,43,12.3,3.0,8.8,Heavy Rain,N
05-04-2024,Gurugram,27.9,C,89,1.4,42.1,8.9,Clear,N
06-04-2024,Gurugram,87.8,F,88,0.9,43.5,8.1,Clear,N
2024-04-07,Gurugram,28.0,C,31,0.0,36.0,7.5,Clear,N
08-04-2024,Gurugram,28.3,C,51,110.2,26.8,7.0,rain,no
09-04-2024,Gurugram,31.3,C,70,90.5,4.9,8.6,Rain,no
10-04-2024,Gurugram,80.8,F,97,1.5,6.4,8.6,Sunny,N
11-04-2024,Gurugram,36.7,C,90,1.5,29.2,11.4,Cloudy,N
12-04-2024,Gurugram,88.6,F,74,1.3,26.8,5.7,Cloudy,N
2024-04-13,Gurugram,29.0,,  ,1.7,12.9,8.9,Cloudy,N
2024-04-14,Gurugram,94.1,F,47,1.6,11.9,10.2,Sunny,N
2024-04-15,Gurugram,37.8,C,70,0.7,23.3,8.4,Sunny,N
2024-04-16,Gurugram,30.2,C,55,1.6,41.3,11.4,Cloudy,N
17-04-2024,Gurugram,33.8,C,33,1.5,10.8,10.0,Clear,N
18-04-2024,Gurugram,35.1,C,86,115.9,23.9,8.8,Rain,N
19-04-2024,Gurugram,32.0,C,82,0.6,20.4,5.1,Clear,N
2024-04-20,Gurugram,26.4,C,70,0.0,36.3,6.5,Clear,N
21-04-2024,Gurugram,34.9,C,86,1.7,12.4,5.3,CLEAR,N
22-04-2024,Gurugram,31.2,C,60,1.5,15.0,10.1,Cloudy,N
2024-04-23,Gurugram,32.8,C,49,106.7,28.4,9.1,Rain,N
2024-04-24,Gurugram,36.2,C,94,1.2,35.3,8.7,Sunny,N
2024-04-25,Gurugram,30.2,C,76,63.7,40.2,7.5,Rain,N
2024-04-26,Gurugram,23.8,C,63,1.4,21.9,4.3,Sunny,N
2024-04-27,Gurugram,33.5,C,94,1.1,17.1,2.6,Fog,N
2024-04-28,Gurugram,31.7,C,84,0.4,14.0,4.5,clear,N
2024-04-29,Gurugram,33.4,C,92,0.7,30.3,10.1,CLEAR,N
2024-04-30,Gurugram,87.2,F,82,62.7,34.6,9.4,Thunderstorm,
2024-05-01,Gurugram,32.5,C,85,79.8,32.4,8.7,Heavy Rain,yes
02-05-2024,Gurugram,24.3,,95,7.1,5.4,7.7,Rain,
2024-05-03,Gurugram,29.4,,49,0.8,17.4,1.7,Fog,N
04-05-2024,Gurugram,91.5,,unknown,0.1,2.7,4.3,Cloudy,N
05-05-2024,Gurugram,28.1,,57,0.4,18.2,10.3,Clear,N
06-05-2024,Gurugram,30.1,,48,1.1,4.6,10.0,Clear,N
2024-05-07,Gurugram,31.5,C,59,1.7,29.8,9.4,Cloudy,N
08-05-2024,Gurugram,27.0,C,47,1.9,29.6,7.3,clear,N
2024-05-09,Gurugram,NA,C,null,0.8,44.3,4.8,Cloudy,N
2024-05-10,Gurugram,31.6,C,87,0.6,5.5,6.8,Clear,N
2024-05-11,Gurugram,88.2,,91,0.4,40.6,7.6,Cloudy,N
2024-05-12,Gurugram,31.5,C,86,58.5,22.4,5.2,Thunderstorm,Y
13-05-2024,Gurugram,37.3,C,37,0.5,25.4,4.6,CLEAR,N
2024-05-14,Gurugram,33.7,,79,0.8,24.1,7.7,Sunny,N
2024-05-15,Gurugram,NA,C,83,0.8,39.9,4.3,Cloudy,N
2024-05-16,Gurugram,32.1,C,92,0.1,25.2,11.2,Clear,N
17-05-2024,Gurugram,29.4,,33,1.0,8.2,1.0,Fog,N
2024-05-18,Gurugram,29.0,C,34,45.3,23.2,4.5,Rain,Y
19-05-2024,Gurugram,76.6,F,53,0.9,28.8,7.4,Clear,N
2024-05-20,Gurugram,85.3,F,89,0.2,12.4,10.5,Clear,N
21-05-2024,Gurugram,29.1,,56,103.7,35.9,5.4,Rain,Y
22-05-2024,Gurugram,25.4,C,93,0.2,33.1,10.3,Clear,N
23-05-2024,Gurugram,unknown,C,85,0.1,31.8,5.7,Clear,N
24-05-2024,Gurugram,80.7,F,51,56.7,33.8,6.0,Rain,N
2024-05-25,Gurugram,28.2,C,32,75.1,10.9,5.4,Rain,N
2024-05-26,Gurugram,26.6,,46,0.7,11.0,2.1,Fog,N
27-05-2024,Gurugram,31.1,C,-,97.7,44.7,4.4,Thunderstorm,no
2024-05-28,Gurugram,24.9,C,60,0.2,20.0,0.8,Fog,N
2024-05-29,Gurugram,25.7,C,48,117.9,16.1,8.6,Heavy Rain,N
30-05-2024,Gurugram,25.1,C,38,1.4,38.9,7.3,Clear,N
31-05-2024,Gurugram,NA,C,77,0.7,9.1,11.4,Cloudy,N
2024-06-01,Gurugram,31.5,C,68,0.3,27.0,10.1,CLEAR,N
2024-06-02,Gurugram,29.9,C,56,1.2,24.3,9.5,Clear,N
2024-06-03,Gurugram,29.8,C,51,81.5,42.1,11.9,Thunderstorm,Y
04-06-2024,Gurugram,24.0,C,45,1.3,42.7,7.5,Cloudy,N
05-06-2024,Gurugram,28.9,C,N/A,118.9,19.2,7.4,Thunderstorm,
2024-06-06,Gurugram,22.7,C,50,102.9,41.5,9.8,Rain,N
07-06-2024,Gurugram,30.8,C,30,1.4,5.1,10.0,CLEAR,N
08-06-2024,Gurugram,22.4,C,64,98.8,35.5,8.7,Rain,yes
09-06-2024,Gurugram,30.8,C,81,1.8,18.3,4.4,Cloudy,N
10-06-2024,Gurugram,89.1,F,90,0.3,18.6,4.3,clear,N
11-06-2024,Gurugram,29.3,C,82,45.6,13.7,4.8,Rain,yes
2024-06-12,Gurugram,27.6,,44,0.3,17.7,6.7,Sunny,N
13-06-2024,Gurugram,25.2,C,79,1.2,8.4,9.5,Sunny,N
14-06-2024,Gurugram,25.4,,57,0.1,19.8,1.8,Fog,N
15-06-2024,Gurugram,23.8,C,50,1.1,11.1,5.5,clear,N
2024-06-16,Gurugram,24.8,C,91,0.7,42.9,8.9,Clear,N
2024-06-17,Gurugram,31.4,C,  ,0.8,11.9,10.3,Clear,N
18-06-2024,Gurugram,28.3,C,65,11.2,26.8,10.7,Heavy Rain,
19-06-2024,Gurugram,24.8,C,89,1.9,39.3,9.6,Cloudy,N
2024-06-20,Gurugram,27.4,C,43,105.1,28.3,7.1,rain,N
21-06-2024,Gurugram,26.3,C,46,1.1,9.3,10.1,CLEAR,N
2024-06-22,Gurugram,25.3,C,96,0.2,41.3,8.6,Cloudy,N
23-06-2024,Gurugram,27.6,C,79,71.4,10.0,5.4,Rain,yes
2024-06-24,Gurugram,24.1,C,55,1.5,2.4,10.3,Clear,N
25-06-2024,Gurugram,30.0,C,49,1.7,25.4,5.8,Clear,N
26-06-2024,Gurugram,30.7,,37,68.6,26.1,10.2,Rain,Y
27-06-2024,Gurugram,24.1,C,98,100.5,41.3,6.2,Rain,Y
28-06-2024,Gurugram,21.8,,52,1.9,18.7,4.7,Cloudy,N
2024-06-29,Gurugram,69.1,F,96,2.0,34.3,4.1,Cloudy,N
30-06-2024,Gurugram,19.0,C,43,33.2,27.9,10.1,Rain,
2024-07-01,Gurugram,23.3,,73,0.1,40.4,3.0,Fog,N
02-07-2024,Gurugram,21.4,C,97,0.1,29.6,9.9,Clear,N
03-07-2024,Gurugram,21.1,C,30,1.4,24.2,4.8,Clear,N
2024-07-04,Gurugram,67.3,F,31,0.1,3.1,10.6,Sunny,N
2024-07-05,Gurugram,25.2,C,30,0.1,23.6,4.4,Cloudy,N
06-07-2024,Gurugram,20.5,C,73,0.1,unknown,4.6,Clear,N
07-07-2024,Gurugram,83.4,F,39,17.5,17.8,9.7,Rain,N
08-07-2024,Gurugram,22.3,C,66,1.2,43.5,1.0,Fog,N
09-07-2024,Gurugram,78.4,,28,0.5,5.8,8.3,Clear,N
10-07-2024,Gurugram,28.5,C,31,0.4,20.9,7.6,Cloudy,N
2024-07-11,Gurugram,21.9,C,95,0.7,39.9,7.0,Clear,N
12-07-2024,Gurugram,19.3,C,45,18.5,19.8,10.5,Thunderstorm,no
2024-07-13,Gurugram,21.5,C,46,47.4,30.0,4.7,Rain,N
14-07-2024,Gurugram,21.0,C,49,1.1,  ,5.6,Clear,N
15-07-2024,Gurugram,23.4,C,52,1.8,19.2,10.9,Cloudy,N
2024-07-16,Gurugram,21.5,C,68,46.9,2.1,6.1,rain,Y
17-07-2024,Gurugram,26.0,C,42,1.9,21.5,7.6,Cloudy,N
2024-07-18,Gurugram,23.5,C,58,1.6,23.1,8.8,Clear,N
2024-07-19,Gurugram,23.0,C,96,80.3,28.4,11.8,Thunderstorm,no
20-07-2024,Gurugram,13.5,C,46,27.2,6.7,7.2,Rain,
2024-07-21,Gurugram,17.9,C,76,1.8,12.2,1.4,Fog,N
22-07-2024,Gurugram,19.8,C,29,0.6,34.2,9.4,Cloudy,N
2024-07-24,Gurugram,66.7,F,44,0.2,19.7,10.7,Sunny,N
25-07-2024,Gurugram,13.2,C,null,0.8,9.2,5.6,Cloudy,N
26-07-2024,Gurugram,22.2,C,53,1.2,24.2,5.6,Sunny,N
27-07-2024,Gurugram,20.7,C,32,1.3,31.5,11.4,Clear,N
29-07-2024,Gurugram,22.6,,41,1.7,44.0,7.7,Cloudy,N
2024-07-30,Gurugram,19.1,,97,23.9,45.0,11.9,Rain,yes
31-07-2024,Gurugram,21.8,C,74,0.2,25.0,11.3,Clear,N
2024-08-01,Gurugram,64.7,F,30,0.1,20.5,2.2,Fog,N
02-08-2024,Gurugram,20.7,C,28,0.0,43.1,11.4,CLEAR,N
03-08-2024,Gurugram,12.1,C,91,0.8,33.3,10.9,Clear,N
2024-08-04,Gurugram,16.6,,82,29.8,13.0,4.9,Rain,
05-08-2024,Gurugram,20.1,C,49,0.6,29.2,11.4,Cloudy,N
2024-08-06,Gurugram,17.3,C,33,91.0,13.8,9.6,Rain,N
07-08-2024,Gurugram,65.5,F,49,0.6,4.7,7.0,Clear,N
2024-08-08,Gurugram,20.7,,68,0.5,34.4,4.3,Sunny,N
2024-08-09,Gurugram,22.6,,  ,1.7,41.4,5.5,Cloudy,N
10-08-2024,Gurugram,18.3,,66,0.7,10.1,11.5,Clear,N
11-08-2024,Gurugram,17.6,C,82,107.5,10.0,5.7,Heavy Rain,yes
12-08-2024,Gurugram,19.2,C,95,1.1,20.1,11.9,Cloudy,N
13-08-2024,Gurugram,18.8,,28,37.1,7.0,6.0,Thunderstorm,N
2024-08-14,Gurugram,25.5,C,33,1.6,34.4,6.3,Clear,N
15-08-2024,Gurugram,18.6,C,35,0.7,31.3,11.9,CLEAR,N
16-08-2024,Gurugram,18.7,C,64,1.6,18.9,7.2,Sunny,N
17-08-2024,Gurugram,24.1,C,55,0.6,23.9,6.9,Clear,N
2024-08-18,Gurugram,15.2,C,40,0.0,26.5,8.1,Clear,N
19-08-2024,Gurugram,11.5,C,86,0.8,38.3,10.6,Sunny,N
2024-08-20,Gurugram,19.5,C,98,0.9,34.5,0.4,Fog,N
2024-08-21,Gurugram,16.8,C,44,0.4,38.7,11.2,Sunny,N
22-08-2024,Gurugram,71.9,F,55,1.2,33.4,5.7,Cloudy,N
2024-08-23,Gurugram,19.2,C,91,0.5,43.0,9.2,Sunny,N
24-08-2024,Gurugram,17.9,C,41,1.9,21.6,11.9,Clear,N
2024-08-25,Gurugram,15.3,,94,83.3,32.4,10.2,Rain,N
2024-08-26,Gurugram,14.4,C,85,29.9,43.2,5.0,Heavy Rain,no
27-08-2024,Gurugram,19.3,C,89,0.1,28.5,9.5,Sunny,N
2024-08-28,Gurugram,64.8,F,89,0.3,29.4,6.7,Clear,N
2024-08-29,Gurugram,13.1,C,91,83.4,27.8,8.6,Heavy Rain,N
2024-08-30,Gurugram,19.0,,42,1.0,NA,4.7,Cloudy,N
31-08-2024,Gurugram,21.8,C,38,56.8,8.6,7.9,Heavy Rain,no
01-09-2024,Gurugram,17.9,C,72,38.2,42.0,8.9,Thunderstorm,N
02-09-2024,Gurugram,15.7,,66,36.8,22.6,6.5,rain,no
03-09-2024,Gurugram,9.9,C,41,38.2,7.3,8.8,Rain,N
04-09-2024,Gurugram,15.6,C,89,0.2,32.8,9.4,Sunny,N
05-09-2024,Gurugram,16.0,C,33,76.3,38.3,5.1,Rain,Y
2024-09-06,Gurugram,18.5,C,67,0.3,44.1,6.2,Clear,N
07-09-2024,Gurugram,17.4,,69,1.2,37.4,8.6,Sunny,N
08-09-2024,Gurugram,12.9,C,46,1.4,26.8,9.3,Clear,N
2024-09-09,Gurugram,17.9,C,36,1.8,28.4,4.2,Cloudy,N
10-09-2024,Gurugram,20.5,C,33,0.9,5.4,8.6,Clear,N
11-09-2024,Gurugram,74.1,F,98,0.9,4.0,4.3,Clear,N
12-09-2024,Gurugram,15.8,C,78,1.2,4.3,4.1,Cloudy,N
13-09-2024,Gurugram,14.1,,86,1.6,4.1,5.4,Cloudy,N
2024-09-14,Gurugram,12.1,C,34,0.4,37.5,8.2,Clear,N
2024-09-15,Gurugram,14.2,C,66,1.9,26.3,11.2,Clear,N
16-09-2024,Gurugram,14.0,C,93,1.2,24.2,7.6,Clear,N
17-09-2024,Gurugram,12.4,C,61,12.0,8.4,4.3,Thunderstorm,N
2024-09-18,Gurugram,21.2,,56,1.7,36.7,7.0,Cloudy,N
19-09-2024,Gurugram,11.6,,77,0.7,14.2,8.0,Clear,N
20-09-2024,Gurugram,10.7,C,41,0.2,31.1,10.6,Cloudy,N
2024-09-21,Gurugram,17.2,,45,115.1,37.3,4.4,Rain,
2024-09-22,Gurugram,20.7,C,94,50.4,6.3,5.3,Rain,N
23-09-2024,Gurugram,4.0,C,40,1.6,19.9,4.5,Clear,N
24-09-2024,Gurugram,18.5,C,55,1.2,14.8,4.3,clear,N
25-09-2024,Gurugram,15.6,C,57,0.2,17.4,5.9,Cloudy,N
26-09-2024,Gurugram,20.7,C,83,0.4,36.0,9.9,Cloudy,N
2024-09-27,Gurugram,13.5,C,94,1.0,31.7,9.7,Clear,N
2024-09-28,Gurugram,12.9,C,94,1.2,14.2,7.1,clear,N
2024-09-29,Gurugram,19.5,C,67,100.9,44.6,8.9,Rain,yes
30-09-2024,Gurugram,19.9,C,40,0.6,31.9,10.9,Clear,N
2024-10-01,Gurugram,16.3,C,43,78.0,40.6,6.5,rain,N
2024-10-02,Gurugram,17.8,C,45,0.5,7.4,11.4,Clear,N
03-10-2024,Gurugram,null,C,30,1.9,4.7,11.2,Clear,N
04-10-2024,Gurugram,-,F,62,0.6,10.7,9.1,Cloudy,N
2024-10-05,Gurugram,19.2,,40,1.0,38.2,11.0,Clear,N
06-10-2024,Gurugram,16.9,,49,86.4,40.9,8.3,Rain,
2024-10-07,Gurugram,59.2,F,83,0.3,34.0,6.6,Cloudy,N
08-10-2024,Gurugram,16.7,C,35,1.1,32.7,1.5,Fog,N
09-10-2024,Gurugram,17.9,C,79,89.7,5.5,11.1,Heavy Rain,N
2024-10-10,Gurugram,11.7,,86,1.3,23.3,1.4,Fog,N
2024-10-11,Gurugram,13.4,,78,0.0,33.5,5.9,Clear,N
2024-10-12,Gurugram,17.1,,40,82.1,18.9,7.7,Rain,
13-10-2024,Gurugram,12.4,C,83,1.5,17.1,6.9,Clear,N
2024-10-14,Gurugram,15.9,,65,1.6,16.4,7.9,clear,N
15-10-2024,Gurugram,11.9,C,93,51.6,2.1,5.0,rain,N
2024-10-18,Gurugram,17.0,C,73,0.4,38.7,6.8,Clear,N
19-10-2024,Gurugram,15.6,C,85,1.2,19.3,9.0,CLEAR,N
2024-10-20,Gurugram,62.3,,69,1.0,9.6,8.1,Clear,N
21-10-2024,Gurugram,14.6,C,68,47.4,5.8,4.3,Heavy Rain,N
22-10-2024,Gurugram,15.4,C,51,0.9,13.4,4.8,Cloudy,N
2024-10-23,Gurugram,25.7,C,76,9.8,4.1,8.7,Heavy Rain,
24-10-2024,Gurugram,16.1,,73,93.3,17.0,11.5,Thunderstorm,yes
25-10-2024,Gurugram,19.9,C,87,0.5,18.5,5.5,Clear,N
26-10-2024,Gurugram,18.9,C,40,0.4,31.4,5.9,Sunny,N
2024-10-27,Gurugram,16.7,,60,0.3,31.4,10.8,Sunny,N
2024-10-28,Gurugram,13.3,C,37,0.4,26.1,11.4,Sunny,N
2024-10-29,Gurugram,14.0,,82,16.7,18.4,8.5,Heavy Rain,N
30-10-2024,Gurugram,16.6,C,93,0.4,9.0,5.4,Cloudy,N
2024-10-31,Gurugram,18.6,C,65,44.5,40.4,7.3,Heavy Rain,N
2024-11-01,Gurugram,18.2,,85,0.7,44.7,7.8,Cloudy,N
02-11-2024,Gurugram,72.0,F,79,0.6,29.3,8.4,Cloudy,N
03-11-2024,Gurugram,63.9,F,53,0.7,17.1,6.9,Clear,N
2024-11-04,Gurugram,54.1,F,92,0.9,34.1,8.4,clear,N
05-11-2024,Gurugram,13.1,C,47,108.2,43.8,5.8,Rain,no
2024-11-06,Gurugram,13.1,C,96,79.1,10.3,11.9,Rain,yes
07-11-2024,Gurugram,19.2,C,73,8.4,25.2,7.4,Rain,N
2024-11-08,Gurugram,17.7,C,67,70.9,38.0,10.3,Heavy Rain,no
09-11-2024,Gurugram,15.6,,38,0.0,7.2,6.9,Clear,N
10-11-2024,Gurugram,62.5,F,94,35.1,29.3,4.8,Thunderstorm,no
11-11-2024,Gurugram,24.9,C,53,1.5,3.4,9.7,Clear,N
12-11-2024,Gurugram,62.6,,null,0.6,13.8,5.1,Clear,N
13-11-2024,Gurugram,19.8,,66,0.5,31.9,10.7,Cloudy,N
2024-11-14,Gurugram,16.5,,null,1.9,22.8,5.7,Cloudy,N
15-11-2024,Gurugram,17.8,C,33,0.5,39.8,4.3,clear,N
16-11-2024,Gurugram,18.4,C,54,28.4,39.7,8.2,Rain,N
2024-11-17,Gurugram,18.9,C,90,0.0,38.1,11.6,Sunny,N
2024-11-18,Gurugram,25.7,C,91,0.1,14.8,9.4,Clear,N
19-11-2024,Gurugram,20.0,C,80,0.2,2.4,6.0,CLEAR,N
2024-11-20,Gurugram,77.1,,88,1.8,21.7,9.2,Clear,N
21-11-2024,Gurugram,20.2,,50,1.2,24.6,11.7,Cloudy,N
2024-11-22,Gurugram,19.9,,28,1.2,30.5,7.0,Cloudy,N
23-11-2024,Gurugram,17.1,,56,0.6,20.3,9.0,Clear,N
24-11-2024,Gurugram,14.7,C,37,1.6,2.7,1.3,Fog,N
25-11-2024,Gurugram,22.0,C,82,1.5,34.5,5.3,Cloudy,N
26-11-2024,Gurugram,11.2,,29,0.5,17.1,0.4,Fog,N
27-11-2024,Gurugram,22.8,C,54,0.9,24.9,2.1,Fog,N
28-11-2024,Gurugram,20.1,C,97,0.8,9.0,9.8,Cloudy,N
2024-11-29,Gurugram,22.0,,67,0.8,42.0,9.8,Clear,N
30-11-2024,Gurugram,22.5,C,66,1.0,27.1,11.3,clear,N
01-12-2024,Gurugram,19.6,C,60,1.4,40.5,4.7,Clear,N
2024-12-02,Gurugram,  ,C,64,47.8,2.0,10.2,Thunderstorm,
04-12-2024,Gurugram,23.7,C,75,1.4,7.3,8.9,Sunny,N
05-12-2024,Gurugram,19.3,,31,108.3,39.4,9.8,Rain,N
2024-12-06,Gurugram,21.6,C,87,0.9,32.6,10.1,Clear,N
2024-12-07,Gurugram,15.2,C,41,0.1,42.7,8.6,Cloudy,N
08-12-2024,Gurugram,16.0,C,74,0.9,37.6,10.8,Cloudy,N
2024-12-09,Gurugram,20.7,,32,0.3,34.2,5.5,Clear,N
10-12-2024,Gurugram,22.6,C,65,1.0,32.8,9.1,Cloudy,N
11-12-2024,Gurugram,16.7,C,32,1.5,2.0,7.9,Cloudy,N
2024-12-12,Gurugram,71.7,,28,1.3,11.0,11.1,Clear,N
2024-12-13,Gurugram,24.8,C,45,109.8,26.0,10.8,Rain,
14-12-2024,Gurugram,20.7,C,80,110.9,44.7,4.5,Rain,Y
2024-12-15,Gurugram,23.6,C,72,1.4,17.7,6.0,CLEAR,N
2024-12-16,Gurugram,26.8,C,51,0.1,27.0,8.1,Cloudy,N
2024-12-17,Gurugram,17.0,C,42,0.5,37.3,9.3,Cloudy,N
18-12-2024,Gurugram,21.6,C,65,74.9,22.9,9.4,Rain,N
2024-12-19,Gurugram,23.4,C,69,0.8,34.9,4.3,Sunny,N
2024-12-20,Gurugram,24.4,C,56,0.1,39.8,10.6,Clear,N
2024-12-21,Gurugram,18.5,C,57,0.3,24.8,11.7,Clear,N
2024-12-22,Gurugram,25.1,C,51,93.6,37.2,5.6,Rain,N
23-12-2024,Gurugram,20.6,C,54,0.8,13.8,7.6,Clear,N
2024-12-24,Gurugram,24.9,,79,0.2,39.2,5.2,CLEAR,N
2024-12-25,Gurugram,24.1,C,49,1.6,5.5,10.1,Cloudy,N
26-12-2024,Gurugram,18.3,C,50,105.9,28.5,6.7,Heavy Rain,yes
27-12-2024,Gurugram,23.2,C,84,80.3,11.2,11.0,Thunderstorm,yes
2024-12-28,Gurugram,25.1,C,74,42.8,8.8,8.2,Rain,N
2024-12-29,Gurugram,23.6,C,70,54.7,25.5,11.9,rain,Y
30-12-2024,Gurugram,28.8,C,28,0.0,43.8,4.4,Clear,N
31-12-2024,Gurugram,26.4,C,60,1.6,5.5,6.7,Clear,N
01-01-2025,Gurugram,22.5,,72,0.6,43.0,4.2,Cloudy,N
02-01-2025,Gurugram,23.0,C,30,0.8,6.1,7.9,Cloudy,N
2025-01-03,Gurugram,22.3,C,40,2.0,8.0,2.1,Fog,N
04-01-2025,Gurugram,27.5,,78,0.3,43.1,4.3,Clear,N
05-01-2025,Gurugram,22.0,C,96,1.4,38.2,4.7,Cloudy,N
2025-01-06,Gurugram,76.0,F,72,11.0,7.4,11.4,Rain,N
2025-01-07,Gurugram,24.1,C,28,0.1,3.5,11.4,Clear,N
08-01-2025,Gurugram,27.3,,52,2.0,42.9,2.8,Fog,N
2025-01-09,Gurugram,30.1,C,91,1.8,NA,11.2,Clear,N
10-01-2025,Gurugram,23.0,,91,0.9,44.1,4.1,Clear,N
2025-01-11,Gurugram,22.1,,47,1.4,34.5,10.9,Sunny,N
12-01-2025,Gurugram,25.8,C,78,11.9,28.6,11.1,Thunderstorm,N
13-01-2025,Gurugram,26.4,,58,0.9,27.9,5.6,Cloudy,N
14-01-2025,Gurugram,27.5,C,,0.2,17.0,6.8,CLEAR,N
2025-01-15,Gurugram,85.2,F,43,0.9,27.5,4.8,Clear,N
2025-01-16,Gurugram,25.7,C,53,75.5,7.3,5.2,Rain,no
2025-01-17,Gurugram,25.2,C,75,0.0,40.4,9.1,Clear,N
2025-01-18,Gurugram,29.4,C,35,0.4,28.2,5.2,Sunny,N
2025-01-19,Gurugram,28.8,C,31,89.5,13.2,9.2,Rain,no
2025-01-20,Gurugram,72.7,F,49,72.8,28.3,4.3,Rain,N
2025-01-21,Gurugram,87.3,,83,68.7,12.6,5.2,Heavy Rain,
2025-01-22,Gurugram,  ,C,57,99.1,43.1,10.7,Rain,
23-01-2025,Gurugram,29.8,,46,64.1,40.4,8.1,Heavy Rain,N
2025-01-24,Gurugram,81.8,F,65,29.5,25.5,6.2,Rain,N
25-01-2025,Gurugram,25.8,C,74,1.4,14.3,11.9,Cloudy,N
2025-01-26,Gurugram,26.3,C,-,0.3,10.7,4.2,Sunny,N
2025-01-27,Gurugram,30.0,,45,1.0,13.7,10.9,Sunny,N
28-01-2025,Gurugram,26.7,C,83,1.1,41.6,9.8,Clear,N
29-01-2025,Gurugram,26.0,C,39,0.1,37.1,10.0,Clear,N
30-01-2025,Gurugram,30.7,C,38,40.7,24.3,5.4,Rain,N
2025-01-31,Gurugram,30.4,C,73,1.2,39.1,9.0,clear,N
2025-02-01,Gurugram,93.2,F,77,32.9,15.8,6.8,Thunderstorm,N
02-02-2025,Gurugram,23.6,C,48,66.9,18.3,5.6,Thunderstorm,yes
03-02-2025,Gurugram,84.5,F,81,25.5,5.9,11.2,Rain,N
2025-02-04,Gurugram,77.5,F,60,0.5,29.7,6.1,Clear,N
2025-02-05,Gurugram,25.2,C,87,62.3,39.2,7.7,Heavy Rain,yes
06-02-2025,Gurugram,29.4,C,58,0.6,6.2,6.2,Sunny,N
2025-02-07,Gurugram,-,,34,1.7,4.4,7.3,Clear,N
2025-02-08,Gurugram,29.5,,83,0.1,26.6,9.6,Clear,N
09-02-2025,Gurugram,78.0,F,49,0.2,8.9,9.3,Clear,N
10-02-2025,Gurugram,25.9,,67,1.4,44.3,6.4,Sunny,N
11-02-2025,Gurugram,29.9,C,96,51.2,21.4,6.6,Thunderstorm,yes
12-02-2025,Gurugram,87.9,F,69,26.1,42.4,7.9,Rain,
2025-02-13,Gurugram,28.8,C,50,94.2,12.5,9.1,Rain,yes
14-02-2025,Gurugram,83.1,F,72,75.4,32.3,9.3,Rain,N
2025-02-15,Gurugram,33.0,C,50,115.7,34.4,10.2,Rain,Y
16-02-2025,Gurugram,33.3,,82,98.7,15.3,8.9,Thunderstorm,
2025-02-17,Gurugram,98.9,F,55,1.2,2.8,0.5,Fog,N
18-02-2025,Gurugram,29.0,C,85,1.8,23.6,10.6,Clear,N
19-02-2025,Gurugram,88.0,F,32,96.1,7.7,7.3,rain,N
20-02-2025,Gurugram,28.9,C,33,0.3,18.5,6.0,Clear,N
21-02-2025,Gurugram,30.5,C,74,1.6,40.0,7.1,clear,N
2025-02-22,Gurugram,29.4,C,80,1.6,12.3,7.2,Cloudy,N
23-02-2025,Gurugram,90.2,F,51,1.8,17.7,6.4,Clear,N
24-02-2025,Gurugram,26.9,C,61,78.7,37.1,4.4,Rain,Y
25-02-2025,Gurugram,31.1,C,58,0.1,2.4,10.4,Clear,N
2025-02-26,Gurugram,25.0,,-,1.7,8.7,10.2,Clear,N
27-02-2025,Gurugram,28.9,C,37,1.4,22.0,8.6,Clear,N
28-02-2025,Gurugram,32.0,C,97,1.7,42.5,7.2,Sunny,N
01-03-2025,Gurugram,27.0,C,28,71.0,20.8,11.2,Thunderstorm,N
2025-03-02,Gurugram,98.1,F,81,36.7,13.2,10.4,Thunderstorm,Y
03-03-2025,Gurugram,29.7,C,66,1.3,19.2,5.0,Cloudy,N
2025-03-04,Gurugram,34.2,,43,1.6,19.9,8.0,Cloudy,N
2025-03-05,Gurugram,29.2,,58,1.3,2.2,11.9,Cloudy,N
06-03-2025,Gurugram,30.2,C,71,86.7,26.5,8.4,Rain,N
07-03-2025,Gurugram,32.5,C,60,24.3,15.8,7.3,Rain,N
2025-03-08,Gurugram,26.4,,73,0.9,26.9,6.1,clear,N
2025-03-09,Gurugram,37.8,C,45,59.3,37.9,10.1,Thunderstorm,yes
2025-03-10,Gurugram,28.6,C,90,1.2,25.6,1.1,Fog,N
2025-03-11,Gurugram,29.7,C,73,1.2,11.1,4.4,Clear,N
2025-03-12,Gurugram,82.9,,73,68.6,17.6,10.9,rain,N
2025-03-13,Gurugram,30.2,,76,1.4,15.6,8.6,Cloudy,N
2025-03-14,Gurugram,34.3,,68,94.1,16.3,5.3,Rain,no
15-03-2025,Gurugram,28.5,C,49,1.2,27.5,9.1,Clear,N
17-03-2025,Gurugram,88.7,,N/A,68.3,3.1,5.6,Rain,N
2025-03-18,Gurugram,33.7,C,44,1.1,22.6,11.7,clear,N
19-03-2025,Gurugram,82.6,F,41,81.8,21.5,8.4,Rain,N
2025-03-20,Gurugram,30.9,C,60,100.3,39.8,11.4,Thunderstorm,N
2025-03-21,Gurugram,33.7,,62,0.2,14.5,9.6,Sunny,N
22-03-2025,Gurugram,32.4,,30,0.5,13.6,4.5,Clear,N
23-03-2025,Gurugram,28.6,C,34,0.5,37.1,10.3,Clear,N
2025-03-24,Gurugram,37.8,C,61,0.6,26.5,7.5,CLEAR,N
25-03-2025,Gurugram,28.5,C,88,119.6,28.2,5.3,Rain,N
26-03-2025,Gurugram,33.3,C,58,0.2,36.5,10.3,Cloudy,N
2025-03-27,Gurugram,90.4,F,77,0.4,42.0,6.2,Cloudy,N
2025-03-28,Gurugram,32.5,C,83,1.4,12.3,8.7,Cloudy,N
2025-03-29,Gurugram,28.8,C,56,0.7,44.4,9.3,Clear,N
2025-03-30,Gurugram,33.7,,53,1.1,9.6,5.3,Clear,N
31-03-2025,Gurugram,37.4,C,43,1.6,42.5,8.4,Clear,N
01-04-2025,Gurugram,33.9,C,34,44.8,18.1,6.9,Heavy Rain,
2025-04-02,Gurugram,31.2,C,43,0.7,14.7,5.9,Cloudy,N
03-04-2025,Gurugram,36.7,,47,53.2,unknown,9.4,Rain,no
04-04-2025,Gurugram,34.1,C,90,64.6,14.6,5.3,Rain,yes
05-04-2025,Gurugram,36.4,,75,0.2,14.9,12.0,Cloudy,N
2025-04-06,Gurugram,25.2,C,31,116.7,19.5,6.6,Rain,N
2025-04-07,Gurugram,36.0,,61,1.6,5.3,11.8,Cloudy,N
08-04-2025,Gurugram,36.0,C,84,32.6,35.3,4.9,rain,
09-04-2025,Gurugram,31.7,C,73,95.8,12.6,8.0,rain,N
2025-04-10,Gurugram,30.6,C,63,1.7,21.6,7.6,Sunny,N
2025-04-11,Gurugram,-,,52,49.7,40.8,5.3,Rain,N
2025-04-12,Gurugram,34.5,,76,0.5,3.1,5.5,Clear,N
13-04-2025,Gurugram,93.1,F,78,51.2,18.4,5.6,Rain,Y
2025-04-14,Gurugram,30.4,C,59,19.7,31.0,6.3,Rain,N
2025-04-15,Gurugram,32.9,,35,1.2,16.0,4.1,Clear,N
2025-04-16,Gurugram,76.2,F,82,1.6,8.8,6.9,Clear,N
2025-04-17,Gurugram,33.1,C,39,0.0,21.1,5.4,CLEAR,N
18-04-2025,Gurugram,27.0,C,38,36.5,13.0,8.4,Rain,no
2025-04-19,Gurugram,32.6,C,76,39.1,16.3,10.1,Heavy Rain,N
2025-04-20,Gurugram,24.8,C,45,0.5,37.3,11.2,clear,N
2025-04-21,Gurugram,81.7,F,39,1.9,7.9,7.7,CLEAR,N
22-04-2025,Gurugram,84.5,,49,1.4,33.1,7.4,CLEAR,N
2025-04-23,Gurugram,32.0,C,55,79.1,30.8,11.9,rain,
2025-04-24,Gurugram,33.0,,45,1.3,24.1,8.1,CLEAR,N
25-04-2025,Gurugram,32.7,C,35,0.3,8.4,8.9,Clear,N
26-04-2025,Gurugram,28.7,C,86,78.2,35.1,9.6,rain,yes
2025-04-27,Gurugram,28.5,C,89,105.5,26.1,11.0,Rain,yes
28-04-2025,Gurugram,32.8,C,86,68.5,37.6,9.5,Rain,Y
29-04-2025,Gurugram,35.1,C,40,61.3,39.3,11.9,Rain,N
2025-04-30,Gurugram,31.7,C,88,0.6,41.0,8.5,Sunny,N
01-05-2025,Gurugram,35.0,,35,0.3,3.8,5.2,Clear,N
02-05-2025,Gurugram,29.5,C,83,0.3,36.8,10.2,Clear,N
2025-05-03,Gurugram,30.5,,73,0.3,29.9,11.7,CLEAR,N
04-05-2025,Gurugram,29.6,C,32,0.9,4.2,7.1,Cloudy,N
05-05-2025,Gurugram,82.9,,74,0.5,2.1,7.5,Sunny,N
06-05-2025,Gurugram,95.5,F,59,1.9,25.8,11.5,Clear,N
2025-05-07,Gurugram,30.5,,37,0.1,26.9,11.7,Clear,N
2025-05-08,Gurugram,35.9,,71,0.3,35.4,10.9,CLEAR,N
2025-05-10,Gurugram,88.3,,94,94.8,18.9,7.8,Thunderstorm,N
2025-05-11,Gurugram,28.1,C,60,1.4,8.1,5.7,Sunny,N
12-05-2025,Gurugram,27.3,C,86,0.3,23.6,8.2,Clear,N
13-05-2025,Gurugram,20.2,C,28,47.3,36.5,10.7,Thunderstorm,Y
14-05-2025,Gurugram,33.9,C,95,1.0,18.9,11.0,clear,N
2025-05-15,Gurugram,31.3,,78,1.2,36.3,11.3,Cloudy,N
16-05-2025,Gurugram,32.1,C,49,69.8,6.3,7.4,Thunderstorm,
17-05-2025,Gurugram,27.6,C,70,109.4,null,4.2,rain,Y
18-05-2025,Gurugram,24.0,C,58,0.1,26.0,6.2,Sunny,N
2025-05-19,Gurugram,84.1,F,55,0.9,30.0,9.4,Cloudy,N
20-05-2025,Gurugram,28.8,C,76,1.8,29.4,5.3,CLEAR,N
2025-05-21,Gurugram,30.0,,N/A,7.7,22.3,8.9,Rain,
22-05-2025,Gurugram,29.3,,95,2.0,21.3,10.2,Clear,N
23-05-2025,Gurugram,29.1,,90,0.3,4.6,10.3,Clear,N
24-05-2025,Gurugram,33.0,C,92,1.4,19.8,4.7,Cloudy,N
25-05-2025,Gurugram,29.3,C,50,115.2,44.9,11.2,Thunderstorm,N
26-05-2025,Gurugram,27.5,C,50,1.4,19.4,2.5,Fog,N
27-05-2025,Gurugram,28.7,C,95,1.6,20.7,10.7,Sunny,N
28-05-2025,Gurugram,30.0,,63,1.5,39.5,10.5,CLEAR,N
29-05-2025,Gurugram,25.0,C,88,0.5,43.0,7.5,Clear,N
2025-05-31,Gurugram,34.5,C,61,1.5,42.1,1.9,Fog,N
01-06-2025,Gurugram,27.0,C,60,1.9,31.8,10.1,clear,N
2025-06-02,Gurugram,30.4,C,91,70.2,41.9,9.3,Rain,N
2025-06-03,Gurugram,32.0,C,56,17.4,12.6,7.9,Rain,N
04-06-2025,Gurugram,24.3,,39,1.3,14.5,11.9,Clear,N
2025-06-06,Gurugram,28.6,C,67,1.9,39.4,2.4,Fog,N
07-06-2025,Gurugram,25.6,C,92,55.8,35.2,4.4,Thunderstorm,Y
2025-06-08,Gurugram,82.1,,81,0.6,3.3,2.6,Fog,N
09-06-2025,Gurugram,85.6,F,51,2.0,40.0,10.5,Clear,N
10-06-2025,Gurugram,26.6,C,47,1.7,35.1,9.1,Sunny,N
11-06-2025,Gurugram,25.1,C,55,1.3,17.6,10.2,Clear,N
2025-06-12,Gurugram,28.5,C,58,1.1,8.1,5.7,Clear,N
2025-06-13,Gurugram,25.8,C,44,52.4,36.8,8.6,Heavy Rain,Y
14-06-2025,Gurugram,26.2,C,71,1.2,4.5,8.5,Clear,N
2025-06-15,Gurugram,86.5,F,69,71.0,32.4,4.6,Heavy Rain,N
16-06-2025,Gurugram,25.9,C,92,0.6,44.1,9.0,Clear,N
17-06-2025,Gurugram,87.6,F,71,32.8,16.6,6.9,Heavy Rain,yes
2025-06-18,Gurugram,30.2,C,88,2.0,4.5,6.1,Cloudy,N
19-06-2025,Gurugram,23.0,,48,0.3,13.8,8.4,Cloudy,N
2025-06-20,Gurugram,24.2,C,92,61.0,26.4,9.0,Thunderstorm,Y
21-06-2025,Gurugram,29.0,C,87,103.4,2.5,10.2,rain,
22-06-2025,Gurugram,20.8,C,62,1.4,30.9,10.4,Cloudy,N
2025-06-23,Gurugram,28.7,C,null,30.3,19.7,8.7,Rain,no
24-06-2025,Gurugram,24.8,,61,103.7,40.0,5.7,Rain,N
25-06-2025,Gurugram,26.1,C,30,0.0,12.6,11.5,clear,N
26-06-2025,Gurugram,21.1,,98,1.7,23.1,8.2,Cloudy,N
27-06-2025,Gurugram,22.7,C,32,0.9,15.6,7.9,clear,N
2025-06-28,Gurugram,19.2,C,90,1.9,11.3,9.9,Clear,N
2025-06-29,Gurugram,80.8,F,88,1.5,16.1,0.7,Fog,N
2025-06-30,Gurugram,18.8,C,91,1.1,5.8,11.6,Cloudy,N
2025-07-01,Gurugram,23.9,C,57,0.1,25.4,10.0,Cloudy,N
01-01-2024,Kolkata,26.2,C,46,0.4,15.0,10.6,clear,N
02-01-2024,Kolkata,24.4,C,79,1.5,27.5,9.3,Clear,N
03-01-2024,Kolkata,25.8,C,83,0.2,21.8,11.4,Clear,N
04-01-2024,Kolkata,74.8,F,92,61.4,17.7,10.5,Heavy Rain,N
05-01-2024,Kolkata,29.6,C,69,0.1,40.7,10.3,Clear,N
2024-01-06,Kolkata,22.6,,68,48.1,35.4,6.4,Rain,N
2024-01-07,Kolkata,27.6,C,45,2.0,39.5,10.6,clear,N
2024-01-08,Kolkata,26.0,C,76,1.2,31.6,8.0,Cloudy,N
2024-01-09,Kolkata,29.4,C,83,1.7,9.4,10.1,Clear,N
10-01-2024,Kolkata,22.0,C,37,47.7,36.0,5.5,Rain,N
2024-01-11,Kolkata,23.9,C,,92.1,35.5,6.9,Rain,Y
2024-01-12,Kolkata,29.9,C,  ,1.9,2.3,1.8,Fog,N
2024-01-13,Kolkata,23.3,C,95,0.2,11.2,7.9,CLEAR,N
2024-01-14,Kolkata,27.8,C,65,22.3,44.5,4.6,Rain,N
15-01-2024,Kolkata,82.0,,80,31.4,9.9,8.3,Rain,Y
16-01-2024,Kolkata,28.9,C,71,1.7,42.1,9.1,Cloudy,N
2024-01-17,Kolkata,27.7,C,30,1.2,8.2,0.9,Fog,N
18-01-2024,Kolkata,27.1,,40,1.1,2.8,9.5,Clear,N
2024-01-19,Kolkata,26.2,C,49,0.5,17.3,8.1,Cloudy,N
20-01-2024,Kolkata,26.8,C,58,47.1,36.7,6.6,Heavy Rain,N
2024-01-21,Kolkata,21.6,C,77,0.9,43.2,1.1,Fog,N
2024-01-22,Kolkata,32.1,C,43,72.3,4.3,8.2,Rain,
23-01-2024,Kolkata,30.2,,37,8.6,8.3,5.6,Heavy Rain,N
2024-01-24,Kolkata,29.1,C,77,1.7,  ,4.2,Clear,N
25-01-2024,Kolkata,21.6,C,57,1.7,35.2,4.7,clear,N
26-01-2024,Kolkata,83.8,F,31,1.0,18.2,7.2,Sunny,N
2024-01-27,Kolkata,27.8,,32,1.7,21.0,9.0,CLEAR,N
2024-01-28,Kolkata,24.9,C,50,0.2,16.8,4.7,Clear,N
2024-01-29,Kolkata,28.3,,82,1.1,40.9,7.0,Clear,N
2024-01-30,Kolkata,31.2,C,unknown,1.2,14.0,0.4,Fog,N
2024-01-31,Kolkata,31.8,C,54,0.6,17.3,9.6,Clear,N
2024-02-01,Kolkata,25.6,C,64,1.2,33.9,6.6,Cloudy,N
2024-02-02,Kolkata,22.7,C,,1.6,31.6,6.5,Clear,N
03-02-2024,Kolkata,26.5,C,63,0.9,35.8,9.1,Clear,N
2024-02-04,Kolkata,28.0,C,37,86.2,12.8,11.4,Thunderstorm,N
2024-02-06,Kolkata,23.8,C,75,82.9,19.7,9.0,Thunderstorm,N
07-02-2024,Kolkata,30.6,C,42,55.2,20.5,5.5,Rain,no
2024-02-08,Kolkata,27.1,C,78,16.2,30.3,4.8,Thunderstorm,N
2024-02-09,Kolkata,23.2,C,65,0.2,13.1,7.1,Clear,N
10-02-2024,Kolkata,33.3,C,76,5.4,38.9,5.2,Thunderstorm,
2024-02-11,Kolkata,28.6,C,67,1.4,26.5,1.9,Fog,N
2024-02-12,Kolkata,28.2,C,81,0.2,19.5,9.4,Clear,N
2024-02-13,Kolkata,34.0,C,33,1.3,33.3,10.5,CLEAR,N
14-02-2024,Kolkata,29.4,C,  ,67.8,38.1,7.7,Rain,N
2024-02-15,Kolkata,,C,97,1.8,6.9,7.6,Clear,N
16-02-2024,Kolkata,29.2,C,95,0.2,28.8,8.8,Clear,N
2024-02-17,Kolkata,34.7,C,54,1.6,38.7,10.7,Cloudy,N
18-02-2024,Kolkata,27.3,C,86,1.1,9.5,4.2,Cloudy,N
19-02-2024,Kolkata,31.7,,57,0.3,33.5,7.5,CLEAR,N
2024-02-20,Kolkata,31.8,C,28,0.9,3.9,4.7,Cloudy,N
21-02-2024,Kolkata,34.4,,46,0.1,26.5,4.6,Cloudy,N
22-02-2024,Kolkata,31.3,C,40,0.8,23.3,11.9,Sunny,N
23-02-2024,Kolkata,28.6,,47,17.5,4.9,10.8,Rain,no
2024-02-24,Kolkata,24.9,C,N/A,39.0,43.8,5.6,Rain,N
2024-02-25,Kolkata,33.3,,37,1.2,26.9,6.7,Cloudy,N
2024-02-26,Kolkata,89.2,F,60,1.3,23.1,5.4,Clear,N
27-02-2024,Kolkata,33.7,C,78,1.5,5.2,5.9,Clear,N
28-02-2024,Kolkata,31.4,C,55,75.1,40.3,11.9,Thunderstorm,no
2024-02-29,Kolkata,30.8,C,69,1.8,16.5,11.9,clear,N
01-03-2024,Kolkata,29.2,C,31,0.5,14.7,11.0,Cloudy,N
2024-03-02,Kolkata,34.8,C,87,1.4,23.7,1.3,Fog,N
2024-03-03,Kolkata,26.4,C,33,1.5,40.7,9.3,Sunny,N
05-03-2024,Kolkata,31.7,C,88,0.4,7.9,7.7,Cloudy,N
2024-03-06,Kolkata,25.8,C,97,0.8,14.1,10.1,Clear,N
2024-03-07,Kolkata,26.8,,84,0.2,31.8,4.8,Cloudy,N
2024-03-08,Kolkata,85.6,F,97,0.8,17.6,5.4,Clear,N
2024-03-09,Kolkata,33.8,C,75,0.4,36.8,7.6,Cloudy,N
10-03-2024,Kolkata,32.1,C,45,1.5,40.1,6.5,clear,N
11-03-2024,Kolkata,31.8,C,43,1.5,30.8,5.4,Sunny,N
12-03-2024,Kolkata,33.6,C,77,5.6,2.2,4.2,Rain,
13-03-2024,Kolkata,29.4,C,66,1.5,14.0,5.6,Cloudy,N
2024-03-14,Kolkata,34.1,C,79,0.5,25.8,11.5,Sunny,N
16-03-2024,Kolkata,35.8,C,57,1.9,5.8,6.6,Clear,N
17-03-2024,Kolkata,31.6,C,35,1.9,38.5,11.0,Clear,N
2024-03-18,Kolkata,27.5,C,88,0.7,20.2,2.7,Fog,N
2024-03-19,Kolkata,30.0,,51,1.6,18.7,6.6,Clear,N
20-03-2024,Kolkata,28.9,C,29,1.3,15.7,10.7,Sunny,N
21-03-2024,Kolkata,34.8,C,83,1.5,20.9,10.6,Cloudy,N
22-03-2024,Kolkata,91.6,,84,23.7,15.1,10.7,rain,
23-03-2024,Kolkata,33.4,,38,0.7,9.7,9.5,Clear,N
24-03-2024,Kolkata,29.4,C,72,1.3,15.6,8.9,Clear,N
25-03-2024,Kolkata,38.9,C,90,51.4,27.5,10.7,Rain,no
26-03-2024,Kolkata,27.2,,72,1.5,32.5,9.1,Clear,N
27-03-2024,Kolkata,34.1,,71,0.5,36.4,9.1,Clear,N
28-03-2024,Kolkata,89.3,F,55,74.3,29.8,11.6,Heavy Rain,yes
2024-03-29,Kolkata,39.6,,38,0.5,35.7,5.3,CLEAR,N
2024-03-30,Kolkata,27.1,C,54,0.4,14.6,11.7,Clear,N
2024-03-31,Kolkata,32.5,C,64,1.7,44.4,2.6,Fog,N
01-04-2024,Kolkata,N/A,,56,58.9,2.8,10.3,Heavy Rain,yes
2024-04-02,Kolkata,29.9,,53,0.9,14.0,6.1,Sunny,N
03-04-2024,Kolkata,79.9,,53,40.1,11.7,9.3,Rain,yes
04-04-2024,Kolkata,34.2,C,65,0.1,19.5,10.3,Clear,N
05-04-2024,Kolkata,32.9,C,70,1.5,37.5,2.0,Fog,N
06-04-2024,Kolkata,-,,42,1.0,24.5,5.3,Cloudy,N
07-04-2024,Kolkata,34.3,C,94,0.7,28.2,0.6,Fog,N
08-04-2024,Kolkata,30.7,C,77,0.3,32.8,5.5,Clear,N
2024-04-09,Kolkata,32.9,C,45,1.5,27.9,9.5,Clear,N
2024-04-10,Kolkata,31.5,C,71,116.8,5.6,4.2,Rain,
11-04-2024,Kolkata,33.9,C,41,0.8,40.1,4.1,Cloudy,N
2024-04-12,Kolkata,29.3,,53,1.9,6.5,6.8,clear,N
13-04-2024,Kolkata,30.2,C,75,64.4,3.5,10.5,Rain,Y
2024-04-15,Kolkata,29.1,C,67,1.9,16.1,9.2,Clear,N
2024-04-16,Kolkata,33.4,C,80,1.2,27.3,11.3,Clear,N
17-04-2024,Kolkata,33.6,C,65,1.7,44.6,10.5,Cloudy,N
2024-04-18,Kolkata,32.8,,38,0.9,9.4,9.0,Clear,N
19-04-2024,Kolkata,31.5,C,67,1.8,11.5,4.2,CLEAR,N
20-04-2024,Kolkata,92.5,F,74,1.6,17.4,8.7,Cloudy,N
2024-04-21,Kolkata,91.7,F,85,0.4,41.5,5.9,Cloudy,N
22-04-2024,Kolkata,  ,C,54,1.4,36.9,10.8,Clear,N
23-04-2024,Kolkata,81.5,,31,1.3,12.7,10.4,Clear,N
24-04-2024,Kolkata,37.1,C,49,67.3,28.5,4.0,Heavy Rain,no
2024-04-25,Kolkata,28.8,C,78,0.5,10.9,6.3,Clear,N
26-04-2024,Kolkata,34.0,C,29,0.6,32.3,4.6,Clear,N
27-04-2024,Kolkata,35.9,C,62,1.5,19.3,10.9,Cloudy,N
28-04-2024,Kolkata,87.7,F,93,1.3,6.6,9.6,Clear,N
29-04-2024,Kolkata,31.5,C,90,38.7,18.8,11.5,Thunderstorm,Y
2024-04-30,Kolkata,27.3,C,N/A,1.0,35.7,7.2,clear,N
2024-05-01,Kolkata,33.4,C,64,1.5,36.4,0.5,Fog,N
2024-05-03,Kolkata,31.9,C,71,88.8,43.1,12.0,Heavy Rain,Y
2024-05-04,Kolkata,30.0,C,84,1.5,6.7,6.1,Cloudy,N
2024-05-05,Kolkata,31.8,C,63,0.5,15.5,1.7,Fog,N
06-05-2024,Kolkata,36.0,C,98,0.2,24.5,4.9,Clear,N
2024-05-07,Kolkata,31.7,C,  ,1.8,24.7,0.5,Fog,N
08-05-2024,Kolkata,81.7,,57,1.2,23.4,5.1,Clear,N
09-05-2024,Kolkata,34.8,C,79,14.8,31.9,5.0,Heavy Rain,N
2024-05-11,Kolkata,29.2,C,42,41.0,12.9,8.1,Thunderstorm,N
12-05-2024,Kolkata,28.5,C,30,1.7,26.5,9.9,Cloudy,N
2024-05-13,Kolkata,34.2,C,59,36.4,5.1,9.1,Rain,N
2024-05-14,Kolkata,26.1,C,92,1.6,37.1,8.3,Clear,N
2024-05-15,Kolkata,32.4,C,58,1.2,22.5,7.8,clear,N
2024-05-16,Kolkata,29.9,C,41,0.2,7.7,11.5,CLEAR,N
2024-05-17,Kolkata,29.7,,96,0.4,43.1,4.4,Cloudy,N
18-05-2024,Kolkata,28.6,C,83,1.6,44.8,8.8,clear,N
19-05-2024,Kolkata,33.5,C,66,1.2,36.7,10.6,Clear,N
2024-05-20,Kolkata,27.7,C,41,0.1,25.1,6.0,Cloudy,N
2024-05-21,Kolkata,30.3,,58,33.3,3.3,10.4,rain,
22-05-2024,Kolkata,32.0,C,71,1.9,4.5,7.0,Cloudy,N
23-05-2024,Kolkata,28.4,C,28,0.1,26.5,1.2,Fog,N
24-05-2024,Kolkata,30.4,C,85,1.4,36.0,10.9,Clear,N
2024-05-25,Kolkata,31.6,,92,17.7,14.1,9.4,Rain,Y
2024-05-26,Kolkata,29.4,C,96,23.9,31.9,8.5,Rain,yes
27-05-2024,Kolkata,26.2,C,-,1.9,21.0,1.3,Fog,N
28-05-2024,Kolkata,75.6,,65,0.8,33.5,8.6,Clear,N
2024-05-29,Kolkata,26.0,,70,23.2,44.3,4.1,Thunderstorm,N
2024-05-30,Kolkata,23.5,C,80,81.5,32.1,9.6,Rain,
31-05-2024,Kolkata,34.6,,35,0.4,39.8,9.0,Cloudy,N
01-06-2024,Kolkata,73.8,F,32,1.4,38.1,9.4,Clear,N
2024-06-02,Kolkata,30.3,C,59,1.9,42.1,6.9,Sunny,N
2024-06-03,Kolkata,27.1,C,46,1.0,36.5,5.6,Cloudy,N
2024-06-05,Kolkata,23.2,C,97,0.0,39.4,6.1,Cloudy,N
2024-06-06,Kolkata,28.2,,75,0.8,42.3,9.0,Clear,N
2024-06-07,Kolkata,28.9,C,32,12.7,19.5,11.4,Thunderstorm,yes
2024-06-08,Kolkata,24.2,C,67,1.1,20.8,4.2,Cloudy,N
2024-06-09,Kolkata,76.8,F,96,62.6,10.8,11.1,Rain,
2024-06-10,Kolkata,null,C,61,0.7,9.3,6.9,Sunny,N
11-06-2024,Kolkata,22.3,C,80,1.2,29.8,8.4,Cloudy,N
12-06-2024,Kolkata,22.0,,48,84.2,25.7,8.3,Rain,no
2024-06-13,Kolkata,27.9,C,35,0.8,20.0,4.6,clear,N
2024-06-14,Kolkata,27.1,,62,0.2,30.7,10.3,clear,N
2024-06-15,Kolkata,25.7,,37,0.1,5.8,10.7,clear,N
16-06-2024,Kolkata,29.9,C,28,0.4,19.3,8.4,Clear,N
2024-06-17,Kolkata,23.1,,42,95.6,21.3,7.6,Rain,N
2024-06-18,Kolkata,20.0,,78,1.1,22.5,9.6,clear,N
2024-06-19,Kolkata,25.1,,79,1.1,4.3,7.9,Cloudy,N
2024-06-20,Kolkata,23.7,,66,63.3,2.3,9.7,rain,
21-06-2024,Kolkata,27.1,C,61,1.7,20.1,5.5,Cloudy,N
2024-06-22,Kolkata,23.5,C,57,0.3,31.0,7.4,Cloudy,N
2024-06-23,Kolkata,25.1,,75,20.0,7.3,6.6,Thunderstorm,N
24-06-2024,Kolkata,17.6,C,50,1.1,38.8,4.1,Clear,N
25-06-2024,Kolkata,unknown,C,55,0.4,4.6,6.0,Cloudy,N
26-06-2024,Kolkata,24.6,C,72,1.3,4.0,7.7,Sunny,N
27-06-2024,Kolkata,21.8,C,61,63.5,22.1,4.8,rain,N
2024-06-28,Kolkata,27.2,C,45,0.1,40.5,11.9,Clear,N
2024-06-29,Kolkata,81.0,F,93,0.8,21.5,10.7,Cloudy,N
30-06-2024,Kolkata,19.9,C,85,0.1,34.6,9.3,Sunny,N
2024-07-01,Kolkata,23.8,C,95,0.9,13.7,1.6,Fog,N
2024-07-02,Kolkata,20.3,,55,1.5,32.1,11.8,Sunny,N
03-07-2024,Kolkata,25.3,C,96,62.3,27.1,6.7,Heavy Rain,N
2024-07-04,Kolkata,28.6,C,47,2.0,6.1,8.8,Clear,N
2024-07-05,Kolkata,26.3,,58,1.1,17.6,11.4,Clear,N
2024-07-06,Kolkata,26.0,C,unknown,1.5,12.0,7.5,Sunny,N
07-07-2024,Kolkata,NA,C,90,18.0,44.3,10.1,Thunderstorm,Y
2024-07-08,Kolkata,unknown,C,61,0.0,unknown,5.5,CLEAR,N
2024-07-09,Kolkata,24.8,,73,0.7,5.2,8.5,Clear,N
10-07-2024,Kolkata,N/A,C,30,0.9,9.4,4.5,Clear,N
2024-07-11,Kolkata,18.7,C,68,52.2,18.8,9.0,Heavy Rain,Y
12-07-2024,Kolkata,25.7,C,57,62.4,12.2,7.2,Rain,N
2024-07-13,Kolkata,20.9,C,77,0.2,12.4,8.1,Clear,N
14-07-2024,Kolkata,22.4,,69,67.8,37.8,9.2,Rain,N
2024-07-15,Kolkata,22.0,C,53,91.8,33.8,10.8,Heavy Rain,Y
2024-07-16,Kolkata,24.5,C,74,103.2,3.5,9.0,Rain,no
17-07-2024,Kolkata,23.8,,78,1.2,7.8,6.0,Cloudy,N
18-07-2024,Kolkata,26.3,C,93,1.2,9.3,6.0,clear,N
19-07-2024,Kolkata,20.5,C,46,1.6,29.9,6.2,Cloudy,N
2024-07-20,Kolkata,17.0,C,84,26.6,22.7,7.8,Rain,N
2024-07-21,Kolkata,18.7,C,51,1.3,27.7,7.9,clear,N
22-07-2024,Kolkata,18.6,C,77,1.7,31.8,9.7,Clear,N
2024-07-23,Kolkata,24.3,C,42,2.0,33.0,5.9,Sunny,N
24-07-2024,Kolkata,null,C,54,0.1,30.4,8.8,Clear,N
2024-07-25,Kolkata,20.9,C,36,25.5,21.2,10.8,Thunderstorm,N
2024-07-26,Kolkata,21.4,,53,15.5,3.0,5.6,Rain,yes
2024-07-27,Kolkata,17.2,C,91,0.4,35.7,5.4,Clear,N
28-07-2024,Kolkata,17.8,C,94,1.5,17.3,10.9,CLEAR,N
29-07-2024,Kolkata,19.0,C,45,0.5,unknown,8.2,Cloudy,N
2024-07-30,Kolkata,14.0,,93,75.8,35.6,4.7,Heavy Rain,
2024-07-31,Kolkata,18.5,C,57,24.5,14.5,11.6,rain,N
2024-08-01,Kolkata,23.9,,82,0.2,14.7,4.9,Clear,N
02-08-2024,Kolkata,17.7,,55,0.8,15.1,11.4,Cloudy,N
03-08-2024,Kolkata,17.8,C,29,1.3,11.4,2.4,Fog,N
04-08-2024,Kolkata,  ,C,55,0.9,40.6,7.1,Clear,N
2024-08-05,Kolkata,21.8,C,54,1.4,10.0,8.6,Cloudy,N
06-08-2024,Kolkata,15.2,C,54,82.0,14.3,8.1,Rain,N
2024-08-07,Kolkata,21.9,C,58,82.1,34.5,8.2,Heavy Rain,
2024-08-08,Kolkata,19.6,C,37,1.2,43.3,10.9,Cloudy,N
2024-08-09,Kolkata,16.9,C,61,107.2,2.7,6.8,Rain,
2024-08-10,Kolkata,22.7,C,88,1.2,42.1,7.7,Sunny,N
2024-08-11,Kolkata,19.9,C,30,31.8,2.2,11.9,Thunderstorm,N
12-08-2024,Kolkata,15.3,C,66,0.2,29.0,10.1,Clear,N
13-08-2024,Kolkata,21.1,C,92,37.2,28.3,9.5,Rain,N
14-08-2024,Kolkata,15.4,C,32,0.5,10.2,8.9,Sunny,N
2024-08-15,Kolkata,66.3,F,36,46.5,11.6,6.8,Heavy Rain,N
2024-08-16,Kolkata,18.2,C,76,0.9,32.6,6.4,Sunny,N
2024-08-17,Kolkata,-,,48,1.6,4.9,11.8,clear,N
18-08-2024,Kolkata,18.5,,55,8.8,14.2,10.1,Rain,Y
19-08-2024,Kolkata,15.6,C,unknown,0.2,38.5,7.0,Clear,N
20-08-2024,Kolkata,59.4,F,58,106.6,12.7,11.0,Thunderstorm,Y
21-08-2024,Kolkata,10.7,C,47,0.4,7.5,7.9,Clear,N
2024-08-22,Kolkata,19.2,C,81,21.2,2.1,6.6,Rain,N
23-08-2024,Kolkata,null,C,-,0.3,43.2,11.8,Cloudy,N
2024-08-24,Kolkata,18.3,,unknown,96.3,16.2,6.8,Heavy Rain,yes
2024-08-25,Kolkata,15.8,C,33,1.2,41.6,2.2,Fog,N
26-08-2024,Kolkata,18.6,,63,1.3,18.4,10.6,Cloudy,N
2024-08-27,Kolkata,18.8,C,75,0.3,11.2,11.0,Clear,N
28-08-2024,Kolkata,18.1,C,58,0.1,20.5,9.1,Cloudy,N
2024-08-29,Kolkata,14.9,C,28,0.1,2.1,4.7,Sunny,N
2024-08-30,Kolkata,14.3,C,36,1.2,28.0,9.3,CLEAR,N
2024-08-31,Kolkata,60.4,F,68,76.7,7.8,10.6,Thunderstorm,N
2024-09-01,Kolkata,16.0,C,86,1.2,30.7,1.4,Fog,N
02-09-2024,Kolkata,17.0,,  ,1.0,23.1,9.7,Clear,N
03-09-2024,Kolkata,14.4,,73,0.8,33.0,7.2,Clear,N
2024-09-04,Kolkata,19.3,,28,51.2,8.4,4.3,Rain,
05-09-2024,Kolkata,15.0,,98,1.6,21.9,6.2,Cloudy,N
06-09-2024,Kolkata,11.4,C,38,1.6,31.9,4.2,Clear,N
2024-09-07,Kolkata,17.9,C,31,115.0,11.2,6.3,Thunderstorm,
2024-09-08,Kolkata,57.7,,88,28.2,35.6,9.9,Rain,N
09-09-2024,Kolkata,57.0,F,49,0.8,15.4,11.4,Clear,N
10-09-2024,Kolkata,20.7,C,81,0.7,3.3,9.7,Clear,N
2024-09-11,Kolkata,12.7,C,,58.5,3.2,11.0,Rain,yes
2024-09-12,Kolkata,9.0,,74,44.3,39.9,8.6,Rain,
13-09-2024,Kolkata,20.1,C,88,59.6,32.4,4.6,Heavy Rain,N
2024-09-14,Kolkata,14.8,C,41,0.8,29.4,1.3,Fog,N
15-09-2024,Kolkata,16.9,C,43,70.1,3.8,6.0,Rain,N
16-09-2024,Kolkata,20.9,,36,1.2,41.1,8.0,Sunny,N
17-09-2024,Kolkata,19.6,C,unknown,1.3,30.0,7.9,Clear,N
2024-09-18,Kolkata,16.6,C,76,0.9,10.6,9.9,Cloudy,N
19-09-2024,Kolkata,12.8,C,36,0.6,8.4,6.0,Cloudy,N
2024-09-20,Kolkata,13.6,,66,0.9,22.7,5.2,Cloudy,N
21-09-2024,Kolkata,15.6,C,67,0.9,44.1,6.3,Sunny,N
2024-09-22,Kolkata,16.7,,,103.4,15.0,7.4,Rain,N
23-09-2024,Kolkata,12.4,C,47,0.6,7.9,5.3,Cloudy,N
24-09-2024,Kolkata,19.0,C,33,0.9,28.6,6.7,Clear,N
25-09-2024,Kolkata,20.7,C,67,1.9,39.4,6.0,clear,N
2024-09-26,Kolkata,16.0,C,57,0.3,14.6,11.7,Cloudy,N
27-09-2024,Kolkata,19.6,,80,1.0,6.7,6.3,Cloudy,N
28-09-2024,Kolkata,15.8,C,91,0.0,6.0,11.2,Cloudy,N
29-09-2024,Kolkata,14.1,C,63,9.9,30.8,10.9,Thunderstorm,N
30-09-2024,Kolkata,13.8,C,91,1.8,7.1,9.1,Cloudy,N
01-10-2024,Kolkata,19.9,C,98,7.4,42.0,7.4,Heavy Rain,Y
2024-10-02,Kolkata,14.1,,41,1.3,44.6,11.1,Cloudy,N
03-10-2024,Kolkata,20.1,,-,114.9,3.9,8.4,Heavy Rain,N
04-10-2024,Kolkata,22.5,C,56,1.9,41.6,7.4,clear,N
05-10-2024,Kolkata,10.9,,61,0.5,18.0,5.8,Sunny,N
06-10-2024,Kolkata,60.6,F,37,0.1,5.7,6.5,Cloudy,N
07-10-2024,Kolkata,12.2,C,90,107.5,19.7,9.3,Heavy Rain,Y
08-10-2024,Kolkata,19.8,C,60,57.9,32.5,6.2,Rain,no
2024-10-09,Kolkata,18.7,C,93,0.2,38.5,10.6,Clear,N
10-10-2024,Kolkata,16.4,C,47,0.9,30.8,7.1,Clear,N
2024-10-11,Kolkata,16.2,C,50,0.6,18.5,7.6,Cloudy,N
12-10-2024,Kolkata,14.1,,32,1.6,4.1,8.4,Cloudy,N
2024-10-13,Kolkata,14.2,C,35,1.4,3.5,9.1,Clear,N
15-10-2024,Kolkata,17.7,,60,1.8,31.6,7.1,Clear,N
2024-10-16,Kolkata,18.8,C,88,1.8,27.0,1.3,Fog,N
17-10-2024,Kolkata,14.2,C,74,1.1,16.2,10.3,clear,N
2024-10-18,Kolkata,7.6,C,36,1.9,6.7,5.4,Clear,N
19-10-2024,Kolkata,15.4,C,unknown,1.5,42.4,7.6,Cloudy,N
2024-10-20,Kolkata,16.9,C,72,0.9,23.0,5.6,Sunny,N
21-10-2024,Kolkata,14.9,C,38,94.4,10.5,9.1,Rain,yes
22-10-2024,Kolkata,20.9,,53,54.2,33.5,7.7,Rain,yes
2024-10-23,Kolkata,56.0,F,93,1.1,28.6,9.6,Cloudy,N
24-10-2024,Kolkata,14.1,C,83,65.5,5.7,8.8,Rain,N
2024-10-25,Kolkata,13.2,C,56,64.3,36.8,8.1,Rain,
2024-10-26,Kolkata,16.7,,30,21.6,18.9,11.3,Rain,N
27-10-2024,Kolkata,12.0,C,68,2.0,25.7,6.5,clear,N
2024-10-28,Kolkata,12.1,C,65,1.1,43.3,1.6,Fog,N
2024-10-29,Kolkata,17.2,C,85,0.7,11.7,11.9,CLEAR,N
30-10-2024,Kolkata,19.5,C,85,0.3,35.2,11.4,Clear,N
2024-10-31,Kolkata,17.5,,77,0.3,42.8,8.2,Sunny,N
2024-11-02,Kolkata,16.3,C,90,0.9,34.2,9.9,Clear,N
2024-11-03,Kolkata,20.8,,45,107.6,11.5,11.8,Heavy Rain,N
04-11-2024,Kolkata,16.1,C,70,0.3,15.2,1.4,Fog,N
05-11-2024,Kolkata,19.1,C,37,0.4,24.2,11.5,Clear,N
2024-11-06,Kolkata,17.7,C,50,0.6,17.6,1.1,Fog,N
07-11-2024,Kolkata,66.6,F,37,112.0,42.8,9.8,Rain,no
08-11-2024,Kolkata,17.4,C,71,1.4,9.4,8.5,Cloudy,N
09-11-2024,Kolkata,19.4,C,45,0.9,2.4,6.3,Cloudy,N
2024-11-10,Kolkata,24.7,,68,1.5,18.0,10.1,Sunny,N
2024-11-11,Kolkata,19.8,C,54,1.2,16.9,8.4,Sunny,N
12-11-2024,Kolkata,18.8,C,28,1.9,27.0,8.7,Clear,N
13-11-2024,Kolkata,15.6,C,29,103.2,17.2,7.2,Rain,N
2024-11-14,Kolkata,58.9,F,65,79.9,3.0,10.7,Heavy Rain,N
2024-11-15,Kolkata,13.3,C,89,0.7,43.8,10.3,Sunny,N
2024-11-17,Kolkata,14.5,C,42,1.2,31.4,6.7,Sunny,N
2024-11-18,Kolkata,75.5,F,50,21.4,41.0,8.8,Rain,yes
19-11-2024,Kolkata,70.1,F,36,0.4,34.2,6.0,Sunny,N
2024-11-20,Kolkata,57.1,,65,1.4,18.9,6.3,Sunny,N
21-11-2024,Kolkata,18.8,,69,103.7,38.9,7.4,Rain,N
22-11-2024,Kolkata,21.5,C,70,2.0,13.2,4.5,Cloudy,N
2024-11-23,Kolkata,,C,74,92.4,12.5,6.3,Rain,yes
24-11-2024,Kolkata,24.5,,33,1.3,25.7,7.2,Cloudy,N
2024-11-25,Kolkata,19.2,C,64,1.8,24.8,7.0,Clear,N
2024-11-26,Kolkata,17.0,C,90,1.5,39.0,4.6,Sunny,N
27-11-2024,Kolkata,20.9,C,72,0.1,34.3,11.7,Cloudy,N
28-11-2024,Kolkata,22.6,,-,59.8,14.6,9.2,Rain,yes
29-11-2024,Kolkata,21.5,C,54,0.8,42.8,4.8,Sunny,N
2024-11-30,Kolkata,23.9,C,68,0.9,33.0,5.9,Clear,N
01-12-2024,Kolkata,21.8,C,80,1.8,27.8,8.4,Clear,N
2024-12-02,Kolkata,19.8,,66,2.0,32.2,10.8,Cloudy,N
03-12-2024,Kolkata,20.4,C,78,1.0,42.8,8.8,Cloudy,N
2024-12-04,Kolkata,22.4,C,32,1.6,21.2,7.7,Cloudy,N
2024-12-05,Kolkata,20.5,C,63,0.9,6.8,9.7,Cloudy,N
06-12-2024,Kolkata,18.1,C,33,9.2,40.0,7.4,Rain,Y
07-12-2024,Kolkata,22.1,,35,1.7,29.2,6.0,Clear,N
08-12-2024,Kolkata,20.0,C,44,97.8,13.2,4.9,Rain,yes
2024-12-09,Kolkata,25.7,C,38,1.2,37.0,2.7,Fog,N
10-12-2024,Kolkata,21.0,C,84,0.2,38.1,4.3,Cloudy,N
11-12-2024,Kolkata,21.7,C,35,1.2,13.3,6.9,Sunny,N
12-12-2024,Kolkata,23.8,C,92,1.0,33.6,11.4,Clear,N
2024-12-13,Kolkata,19.0,C,34,38.3,4.0,11.8,Rain,N
2024-12-14,Kolkata,13.2,,88,1.6,12.9,11.6,Clear,N
2024-12-15,Kolkata,21.0,C,40,117.6,32.2,11.9,Heavy Rain,N
16-12-2024,Kolkata,24.3,C,58,1.0,24.2,6.2,clear,N
17-12-2024,Kolkata,22.3,C,96,0.4,27.4,6.1,CLEAR,N
18-12-2024,Kolkata,19.7,,78,112.2,31.2,8.2,Heavy Rain,
2024-12-19,Kolkata,21.2,C,94,1.9,42.6,2.4,Fog,N
20-12-2024,Kolkata,20.1,C,49,1.2,19.9,11.7,Sunny,N
2024-12-21,Kolkata,77.6,,90,113.4,33.6,8.1,Heavy Rain,no
2024-12-22,Kolkata,23.8,C,33,45.3,25.6,7.9,Thunderstorm,N
23-12-2024,Kolkata,19.5,,86,0.5,6.7,8.0,Cloudy,N
2024-12-24,Kolkata,23.7,C,52,1.4,35.8,7.1,Cloudy,N
25-12-2024,Kolkata,20.4,,67,91.7,NA,9.0,Rain,
26-12-2024,Kolkata,22.7,C,35,99.7,32.3,9.1,Rain,N
27-12-2024,Kolkata,21.6,C,53,1.8,33.3,7.6,Sunny,N
2024-12-28,Kolkata,76.2,F,86,1.4,23.3,9.0,Clear,N
29-12-2024,Kolkata,23.1,C,78,96.9,5.6,7.6,Heavy Rain,yes
30-12-2024,Kolkata,25.9,C,93,1.9,28.6,6.3,Clear,N
2024-12-31,Kolkata,22.3,C,93,1.6,10.8,11.6,Clear,N
2025-01-01,Kolkata,20.3,,40,1.0,8.7,8.5,Clear,N
02-01-2025,Kolkata,25.6,C,-,1.2,25.5,10.1,Clear,N
2025-01-03,Kolkata,22.0,,67,95.0,30.3,7.1,Rain,N
2025-01-04,Kolkata,21.1,C,50,0.9,14.4,2.4,Fog,N
2025-01-05,Kolkata,24.2,C,28,96.9,35.3,9.4,Thunderstorm,N
2025-01-06,Kolkata,82.6,F,31,0.3,40.0,8.0,Clear,N
2025-01-07,Kolkata,25.9,C,59,1.3,17.2,7.8,Cloudy,N
08-01-2025,Kolkata,25.8,,92,96.0,19.3,7.7,Rain,N
09-01-2025,Kolkata,30.4,,66,0.1,7.0,8.4,Clear,N
10-01-2025,Kolkata,24.8,C,85,1.6,44.1,9.8,clear,N
2025-01-11,Kolkata,24.8,C,64,0.6,42.0,7.7,Clear,N
2025-01-12,Kolkata,24.1,C,29,1.7,44.7,11.3,Clear,N
2025-01-13,Kolkata,74.4,,57,1.3,15.4,8.3,Clear,N
14-01-2025,Kolkata,unknown,C,46,0.6,2.6,7.1,Clear,N
2025-01-15,Kolkata,82.9,F,79,0.7,30.7,9.4,clear,N
16-01-2025,Kolkata,26.0,C,37,0.7,N/A,9.3,Clear,N
17-01-2025,Kolkata,,C,30,1.4,15.8,4.0,Clear,N
2025-01-18,Kolkata,27.3,C,67,0.1,38.4,9.3,Clear,N
2025-01-20,Kolkata,24.0,C,32,1.4,28.1,7.1,Clear,N
2025-01-21,Kolkata,29.4,C,89,1.1,15.0,6.7,Clear,N
2025-01-22,Kolkata,26.4,,48,116.6,35.9,10.0,rain,N
23-01-2025,Kolkata,31.6,C,45,1.4,5.7,8.4,Cloudy,N
24-01-2025,Kolkata,25.1,,71,1.1,22.2,2.5,Fog,N
2025-01-25,Kolkata,22.0,C,82,95.4,27.0,9.3,Rain,N
2025-01-26,Kolkata,24.8,C,46,21.2,12.3,5.5,Rain,N
27-01-2025,Kolkata,28.0,,32,0.7,15.4,5.5,Cloudy,N
2025-01-28,Kolkata,24.7,C,53,41.1,19.4,5.2,Rain,no
2025-01-29,Kolkata,29.6,,39,0.7,8.0,9.7,Clear,N
30-01-2025,Kolkata,28.2,C,97,0.3,10.5,11.0,Clear,N
2025-01-31,Kolkata,80.2,F,77,1.8,13.0,6.1,Cloudy,N
2025-02-01,Kolkata,25.0,C,58,1.8,8.8,11.9,Clear,N
02-02-2025,Kolkata,32.7,,96,1.8,28.1,10.7,Sunny,N
03-02-2025,Kolkata,31.5,C,81,7.5,24.0,6.4,Rain,N
04-02-2025,Kolkata,27.8,C,49,0.8,34.0,9.9,Clear,N
2025-02-05,Kolkata,81.0,F,62,0.7,21.9,2.5,Fog,N
06-02-2025,Kolkata,32.6,C,66,91.1,26.6,6.6,rain,N
07-02-2025,Kolkata,31.6,,56,1.8,18.0,4.8,clear,N
2025-02-08,Kolkata,90.7,F,46,74.0,12.0,10.0,Rain,yes
2025-02-09,Kolkata,28.1,C,77,1.7,8.5,4.3,clear,N
10-02-2025,Kolkata,28.7,C,88,1.9,35.2,8.4,Clear,N
2025-02-11,Kolkata,30.6,C,47,34.2,23.3,9.4,Rain,N
2025-02-12,Kolkata,27.2,C,73,1.2,33.8,6.0,Cloudy,N
13-02-2025,Kolkata,24.6,C,29,70.6,4.7,6.7,Thunderstorm,yes
2025-02-14,Kolkata,25.7,C,72,92.8,16.1,5.1,Rain,N
2025-02-15,Kolkata,27.5,,28,1.6,24.2,2.0,Fog,N
16-02-2025,Kolkata,29.2,C,59,1.1,19.6,5.7,CLEAR,N
17-02-2025,Kolkata,29.1,C,81,90.1,37.0,7.2,Thunderstorm,N
18-02-2025,Kolkata,26.7,C,95,1.0,23.2,4.8,clear,N
19-02-2025,Kolkata,27.8,,50,0.5,40.8,8.4,Clear,N
20-02-2025,Kolkata,25.2,C,70,1.1,33.4,6.5,clear,N
21-02-2025,Kolkata,86.9,F,95,1.8,37.3,10.1,clear,N
2025-02-22,Kolkata,29.6,C,47,0.1,37.3,8.3,Cloudy,N
23-02-2025,Kolkata,30.3,,64,0.5,41.1,5.2,Cloudy,N
2025-02-24,Kolkata,78.4,F,72,1.1,22.2,9.3,clear,N
25-02-2025,Kolkata,89.0,F,77,0.3,18.6,5.0,clear,N
26-02-2025,Kolkata,32.4,C,41,0.1,3.1,8.9,Cloudy,N
2025-02-27,Kolkata,32.8,C,48,25.2,38.6,9.6,rain,yes
28-02-2025,Kolkata,26.7,C,39,0.8,43.6,10.1,Clear,N
2025-03-01,Kolkata,32.9,C,35,0.3,18.9,9.1,Clear,N
2025-03-02,Kolkata,28.9,C,53,1.5,-,2.1,Fog,N
2025-03-03,Kolkata,30.7,,58,110.7,35.0,4.3,Heavy Rain,no
2025-03-04,Kolkata,28.3,C,87,0.2,17.7,1.8,Fog,N
2025-03-05,Kolkata,29.1,C,unknown,0.9,8.0,7.2,Cloudy,N
2025-03-06,Kolkata,96.5,F,39,0.7,40.9,11.7,Clear,N
07-03-2025,Kolkata,35.2,C,90,0.2,30.2,11.2,Clear,N
2025-03-08,Kolkata,32.2,C,62,1.1,26.4,8.6,Sunny,N
09-03-2025,Kolkata,28.6,,92,78.3,22.8,8.7,Rain,N
2025-03-10,Kolkata,85.9,F,32,0.7,null,9.4,Cloudy,N
2025-03-11,Kolkata,28.4,C,70,7.6,18.3,5.5,Rain,N
12-03-2025,Kolkata,29.3,C,33,1.2,41.5,5.3,Cloudy,N
13-03-2025,Kolkata,35.6,,75,1.7,7.2,8.3,Cloudy,N
14-03-2025,Kolkata,83.7,F,51,112.6,29.4,8.6,rain,no
2025-03-15,Kolkata,36.1,,93,1.1,16.5,5.0,Cloudy,N
2025-03-16,Kolkata,31.9,C,67,1.1,3.3,11.8,Clear,N
2025-03-17,Kolkata,90.6,F,70,1.5,22.3,2.1,Fog,N
18-03-2025,Kolkata,30.7,C,54,1.5,9.2,12.0,Cloudy,N
19-03-2025,Kolkata,93.5,F,92,1.2,28.4,11.0,Clear,N
20-03-2025,Kolkata,90.2,F,72,0.2,9.7,8.6,Clear,N
2025-03-21,Kolkata,32.6,C,63,0.9,34.3,5.1,Cloudy,N
2025-03-22,Kolkata,36.0,,52,1.3,3.3,11.6,clear,N
23-03-2025,Kolkata,unknown,C,56,0.1,10.6,1.3,Fog,N
2025-03-24,Kolkata,33.7,C,97,1.8,31.1,2.5,Fog,N
2025-03-25,Kolkata,30.6,,46,115.3,38.8,7.6,Heavy Rain,yes
2025-03-26,Kolkata,34.9,,73,1.2,17.9,5.3,Clear,N
27-03-2025,Kolkata,35.5,,36,0.8,43.7,7.6,clear,N
28-03-2025,Kolkata,36.4,C,49,1.0,17.8,5.9,Sunny,N
2025-03-29,Kolkata,33.6,C,92,1.6,42.9,1.2,Fog,N
2025-03-30,Kolkata,29.0,,31,0.2,24.7,7.6,Cloudy,N
31-03-2025,Kolkata,90.5,F,30,12.2,31.3,9.4,Rain,no
01-04-2025,Kolkata,28.5,C,30,0.1,19.2,8.8,Clear,N
02-04-2025,Kolkata,31.2,C,67,0.3,9.1,6.2,CLEAR,N
2025-04-03,Kolkata,29.2,C,86,1.1,25.3,7.0,Cloudy,N
04-04-2025,Kolkata,30.6,C,-,0.9,43.4,9.7,Clear,N
05-04-2025,Kolkata,34.3,C,91,1.1,14.2,5.6,Cloudy,N
2025-04-06,Kolkata,30.8,C,56,65.7,36.9,8.6,Thunderstorm,
07-04-2025,Kolkata,32.6,C,42,0.0,11.2,9.2,Clear,N
08-04-2025,Kolkata,91.6,,40,0.9,16.5,9.0,Cloudy,N
09-04-2025,Kolkata,34.2,C,90,1.6,20.0,6.8,clear,N
10-04-2025,Kolkata,33.3,C,61,0.6,19.3,8.5,Cloudy,N
11-04-2025,Kolkata,27.1,C,80,1.6,43.9,10.0,Clear,N
12-04-2025,Kolkata,35.7,,57,59.2,37.8,9.6,Thunderstorm,Y
13-04-2025,Kolkata,33.4,C,74,81.9,9.0,8.5,Rain,N
2025-04-14,Kolkata,28.1,C,49,1.9,39.1,2.9,Fog,N
2025-04-15,Kolkata,34.8,C,88,0.4,4.3,9.1,clear,N
16-04-2025,Kolkata,31.6,C,49,0.9,27.2,12.0,Sunny,N
2025-04-17,Kolkata,33.5,C,55,0.6,3.9,6.6,Cloudy,N
2025-04-18,Kolkata,30.0,,91,50.7,3.2,6.9,rain,N
19-04-2025,Kolkata,-,C,42,0.9,13.8,10.4,Clear,N
2025-04-20,Kolkata,29.9,C,49,0.6,4.1,6.5,Sunny,N
2025-04-21,Kolkata,null,C,47,1.6,28.4,2.4,Fog,N
2025-04-22,Kolkata,32.7,C,53,0.5,36.4,0.6,Fog,N
23-04-2025,Kolkata,30.5,C,62,18.1,13.3,9.9,Heavy Rain,Y
24-04-2025,Kolkata,31.0,,39,0.7,15.9,1.0,Fog,N
25-04-2025,Kolkata,32.8,C,76,91.5,10.0,9.9,rain,
26-04-2025,Kolkata,31.7,,75,0.6,32.4,5.9,Cloudy,N
2025-04-27,Kolkata,35.1,C,59,18.3,40.8,4.3,Thunderstorm,N
28-04-2025,Kolkata,28.8,,49,0.9,44.0,11.0,Clear,N
29-04-2025,Kolkata,32.0,C,75,56.5,16.3,8.2,Thunderstorm,N
30-04-2025,Kolkata,28.1,C,49,0.0,30.4,6.0,Clear,N
01-05-2025,Kolkata,28.9,C,54,0.6,9.1,5.3,clear,N
02-05-2025,Kolkata,30.8,C,65,25.9,40.9,6.1,rain,yes
2025-05-03,Kolkata,29.3,C,90,102.2,12.1,11.4,Rain,no
2025-05-04,Kolkata,31.3,C,62,0.2,18.4,12.0,Clear,N
2025-05-05,Kolkata,32.8,,48,0.5,36.4,10.6,clear,N
06-05-2025,Kolkata,27.3,C,70,33.2,44.8,8.1,Rain,yes
07-05-2025,Kolkata,30.0,C,48,1.2,14.6,8.9,CLEAR,N
09-05-2025,Kolkata,27.8,C,51,1.1,41.2,9.5,Clear,N
10-05-2025,Kolkata,28.2,,86,0.9,6.6,6.0,Cloudy,N
11-05-2025,Kolkata,31.5,C,32,1.7,31.0,7.4,Cloudy,N
2025-05-12,Kolkata,27.8,C,92,100.0,39.7,11.2,Rain,N
2025-05-13,Kolkata,28.6,C,76,28.8,36.7,6.4,Rain,no
14-05-2025,Kolkata,79.7,,unknown,34.5,17.8,4.8,Rain,N
2025-05-15,Kolkata,81.5,,67,19.1,37.8,8.1,Heavy Rain,N
2025-05-16,Kolkata,24.9,C,90,1.6,43.3,0.5,Fog,N
2025-05-17,Kolkata,28.8,,89,0.7,34.6,9.1,Clear,N
18-05-2025,Kolkata,31.8,C,55,1.4,33.7,10.1,Clear,N
2025-05-19,Kolkata,30.0,C,39,1.8,17.4,5.7,Clear,N
2025-05-20,Kolkata,33.0,C,unknown,0.7,35.9,8.5,Clear,N
2025-05-21,Kolkata,30.3,,33,1.0,13.6,10.2,Clear,N
22-05-2025,Kolkata,28.6,C,62,1.2,25.1,7.8,Clear,N
23-05-2025,Kolkata,31.8,C,55,1.2,18.9,5.8,Cloudy,N
24-05-2025,Kolkata,30.3,,98,8.5,16.1,4.9,Heavy Rain,N
2025-05-25,Kolkata,86.7,F,92,19.2,5.9,5.2,rain,N
2025-05-26,Kolkata,34.9,C,69,72.2,18.0,10.0,Rain,Y
2025-05-27,Kolkata,30.0,,50,0.1,28.5,7.2,Clear,N
28-05-2025,Kolkata,29.4,C,55,68.5,22.6,9.9,Rain,
29-05-2025,Kolkata,36.6,C,71,0.9,14.9,7.6,Clear,N
2025-05-30,Kolkata,27.2,C,85,1.4,33.2,8.2,Clear,N
2025-05-31,Kolkata,31.9,,34,1.0,11.4,4.7,Sunny,N
01-06-2025,Kolkata,27.6,,85,1.9,unknown,9.8,Clear,N
02-06-2025,Kolkata,22.2,C,45,0.2,43.6,11.7,CLEAR,N
03-06-2025,Kolkata,30.6,C,28,40.4,17.7,8.8,rain,N
2025-06-04,Kolkata,26.9,C,76,59.1,21.0,10.4,Thunderstorm,yes
05-06-2025,Kolkata,27.5,C,91,0.1,5.1,10.8,clear,N
2025-06-06,Kolkata,,C,61,1.2,26.3,6.7,Cloudy,N
2025-06-07,Kolkata,80.4,F,66,1.0,33.0,4.6,Cloudy,N
08-06-2025,Kolkata,30.6,C,72,50.3,21.5,5.1,Rain,yes
09-06-2025,Kolkata,27.6,C,88,1.6,38.4,11.9,Sunny,N
10-06-2025,Kolkata,28.7,C,90,1.3,25.7,11.9,clear,N
11-06-2025,Kolkata,24.0,C,83,108.1,9.7,6.7,rain,N
12-06-2025,Kolkata,79.5,F,47,0.1,36.1,1.0,Fog,N
13-06-2025,Kolkata,27.5,C,93,0.3,11.9,9.2,Clear,N
14-06-2025,Kolkata,27.0,,31,0.8,3.8,7.3,CLEAR,N
2025-06-15,Kolkata,22.6,C,null,0.2,2.8,6.6,Clear,N
16-06-2025,Kolkata,24.9,,69,1.2,11.7,8.2,Clear,N
2025-06-17,Kolkata,20.6,C,92,0.5,11.4,9.9,Sunny,N
18-06-2025,Kolkata,28.9,C,67,1.1,7.9,11.0,Clear,N
2025-06-19,Kolkata,27.3,C,52,109.6,4.1,7.5,rain,
2025-06-20,Kolkata,18.3,,93,1.1,14.3,4.6,Cloudy,N
21-06-2025,Kolkata,26.8,,51,1.5,39.5,4.7,Sunny,N
22-06-2025,Kolkata,82.6,F,65,0.2,32.9,11.7,Sunny,N
2025-06-23,Kolkata,24.7,,97,0.7,20.0,8.9,Clear,N
24-06-2025,Kolkata,23.9,,92,110.8,41.2,11.2,Heavy Rain,Y
2025-06-25,Kolkata,24.5,C,34,1.0,7.4,6.6,clear,N
26-06-2025,Kolkata,17.6,C,82,1.3,41.7,11.5,clear,N
2025-06-27,Kolkata,23.9,C,67,0.2,14.1,8.5,Clear,N
28-06-2025,Kolkata,23.0,,31,0.6,33.7,6.0,Clear,N
29-06-2025,Kolkata,29.0,C,67,0.7,16.0,7.2,Clear,N
30-06-2025,Kolkata,17.8,C,51,0.3,21.3,6.3,Clear,N
2025-07-01,Kolkata,26.7,C,87,0.6,30.2,4.2,Cloudy,N
2024-01-01,Ahmedabad,76.7,F,94,60.5,15.0,6.6,Rain,
2024-01-02,Ahmedabad,28.6,C,86,1.8,21.8,9.0,Cloudy,N
03-01-2024,Ahmedabad,,C,50,0.0,15.5,4.6,Clear,N
04-01-2024,Ahmedabad,22.3,C,42,0.6,20.7,6.8,CLEAR,N
05-01-2024,Ahmedabad,23.7,C,75,1.5,37.5,7.5,Clear,N
2024-01-06,Ahmedabad,25.2,C,53,0.5,38.1,9.0,Clear,N
2024-01-07,Ahmedabad,25.1,C,78,1.2,28.1,4.4,Cloudy,N
08-01-2024,Ahmedabad,26.5,C,55,1.9,14.2,8.5,Cloudy,N
09-01-2024,Ahmedabad,26.9,,85,1.4,12.1,4.3,Cloudy,N
10-01-2024,Ahmedabad,30.2,C,48,2.0,33.9,9.2,Cloudy,N
2024-01-11,Ahmedabad,22.7,C,80,1.0,29.2,8.6,clear,N
12-01-2024,Ahmedabad,19.0,C,67,27.3,34.2,9.9,Rain,Y
13-01-2024,Ahmedabad,28.1,C,36,0.6,13.6,11.4,Clear,N
14-01-2024,Ahmedabad,85.0,F,76,0.9,44.5,10.3,Clear,N
2024-01-15,Ahmedabad,19.3,C,83,33.3,29.0,5.3,Rain,Y
2024-01-16,Ahmedabad,33.4,C,83,1.7,24.4,5.4,clear,N
17-01-2024,Ahmedabad,28.5,,54,1.3,19.2,5.3,Clear,N
2024-01-18,Ahmedabad,23.9,C,47,112.2,24.7,8.1,Thunderstorm,
19-01-2024,Ahmedabad,23.8,C,50,40.5,29.6,5.4,Rain,yes
20-01-2024,Ahmedabad,22.0,C,90,2.0,15.1,0.8,Fog,N
2024-01-21,Ahmedabad,81.4,F,70,1.9,11.8,6.6,Sunny,N
22-01-2024,Ahmedabad,26.2,C,N/A,1.9,42.3,9.1,clear,N
2024-01-23,Ahmedabad,28.4,,46,55.5,6.3,8.5,rain,yes
24-01-2024,Ahmedabad,28.1,C,87,0.3,42.8,11.1,Clear,N
2024-01-25,Ahmedabad,25.7,C,57,0.8,21.7,1.7,Fog,N
2024-01-26,Ahmedabad,25.5,C,65,45.4,23.1,6.8,Rain,N
2024-01-27,Ahmedabad,24.0,C,72,0.8,31.2,10.3,Cloudy,N
28-01-2024,Ahmedabad,28.3,C,96,1.2,18.1,8.3,Cloudy,N
29-01-2024,Ahmedabad,23.8,C,63,1.6,36.3,5.3,Clear,N
30-01-2024,Ahmedabad,82.7,F,91,61.4,12.6,8.0,Rain,yes
2024-01-31,Ahmedabad,30.6,C,32,2.0,44.2,5.0,Cloudy,N
01-02-2024,Ahmedabad,29.1,,64,0.3,10.9,8.7,Sunny,N
02-02-2024,Ahmedabad,26.9,C,82,1.0,unknown,7.0,Clear,N
2024-02-03,Ahmedabad,27.9,C,95,1.0,27.4,5.5,Clear,N
2024-02-04,Ahmedabad,26.5,C,64,1.1,39.4,2.0,Fog,N
2024-02-05,Ahmedabad,32.0,,98,1.5,14.1,8.4,Cloudy,N
2024-02-06,Ahmedabad,30.4,C,83,1.3,41.3,5.1,Sunny,N
2024-02-07,Ahmedabad,83.1,F,35,29.4,35.0,6.5,Heavy Rain,
2024-02-08,Ahmedabad,29.1,,76,0.7,26.4,6.6,Cloudy,N
2024-02-09,Ahmedabad,83.4,F,87,80.3,28.5,4.0,Thunderstorm,
2024-02-10,Ahmedabad,27.8,C,86,0.4,37.3,10.2,Sunny,N
2024-02-11,Ahmedabad,33.0,C,86,0.4,29.9,6.8,Clear,N
2024-02-12,Ahmedabad,34.8,C,84,1.9,20.0,5.7,Clear,N
2024-02-13,Ahmedabad,34.4,C,95,0.8,9.3,9.3,Sunny,N
14-02-2024,Ahmedabad,25.0,C,64,1.1,15.2,2.0,Fog,N
2024-02-15,Ahmedabad,27.2,,49,69.2,20.6,8.1,Rain,
16-02-2024,Ahmedabad,24.6,C,59,1.5,39.7,10.4,Clear,N
17-02-2024,Ahmedabad,29.3,,73,0.6,28.1,9.1,Sunny,N
2024-02-18,Ahmedabad,90.4,F,85,0.7,9.6,8.4,Cloudy,N
2024-02-19,Ahmedabad,30.4,C,60,0.1,21.4,4.0,Cloudy,N
20-02-2024,Ahmedabad,26.1,C,40,1.1,23.4,8.2,CLEAR,N
2024-02-21,Ahmedabad,33.2,C,  ,2.0,8.6,11.2,Sunny,N
22-02-2024,Ahmedabad,26.4,C,74,0.1,30.7,10.9,Clear,N
2024-02-23,Ahmedabad,32.1,C,75,40.1,14.6,8.9,Heavy Rain,no
2024-02-24,Ahmedabad,33.7,C,28,0.4,40.8,11.2,Cloudy,N
2024-02-25,Ahmedabad,34.5,,57,1.2,5.4,9.4,CLEAR,N
2024-02-26,Ahmedabad,31.9,C,N/A,0.0,29.4,6.1,Cloudy,N
27-02-2024,Ahmedabad,31.8,C,80,0.2,2.3,4.3,Clear,N
2024-02-28,Ahmedabad,27.7,C,69,1.5,33.0,10.0,Sunny,N
29-02-2024,Ahmedabad,85.3,F,34,0.4,30.4,8.5,Cloudy,N
01-03-2024,Ahmedabad,32.6,C,93,1.5,20.6,5.8,Cloudy,N
2024-03-02,Ahmedabad,32.6,C,70,1.0,21.3,11.8,Clear,N
2024-03-03,Ahmedabad,32.6,,29,100.7,11.4,4.5,Rain,N
04-03-2024,Ahmedabad,29.2,C,49,39.9,8.3,6.4,rain,N
2024-03-05,Ahmedabad,89.1,F,63,8.1,28.6,9.7,Heavy Rain,N
06-03-2024,Ahmedabad,30.6,,79,115.5,35.2,5.8,Rain,N
2024-03-07,Ahmedabad,93.5,F,75,0.6,25.4,4.9,Cloudy,N
2024-03-08,Ahmedabad,36.9,,70,0.1,25.0,5.0,Cloudy,N
2024-03-09,Ahmedabad,33.6,C,67,1.7,20.6,7.1,Cloudy,N
10-03-2024,Ahmedabad,23.2,C,63,1.8,44.1,10.6,clear,N
11-03-2024,Ahmedabad,31.5,C,66,1.0,35.8,4.1,Clear,N
2024-03-12,Ahmedabad,28.0,C,73,0.8,43.2,2.9,Fog,N
13-03-2024,Ahmedabad,33.9,C,52,0.7,8.6,7.5,CLEAR,N
14-03-2024,Ahmedabad,32.4,,29,0.4,8.2,6.1,Clear,N
2024-03-15,Ahmedabad,27.6,,29,1.1,4.3,6.7,Sunny,N
16-03-2024,Ahmedabad,31.5,C,35,1.8,42.2,10.2,Cloudy,N
2024-03-17,Ahmedabad,31.4,C,34,1.5,4.0,1.2,Fog,N
18-03-2024,Ahmedabad,86.2,F,57,1.3,40.8,6.7,Sunny,N
2024-03-19,Ahmedabad,35.3,C,47,0.6,25.4,4.5,Sunny,N
2024-03-20,Ahmedabad,95.3,F,28,115.7,12.1,10.5,Rain,Y
2024-03-21,Ahmedabad,35.1,C,74,51.8,8.7,11.7,Thunderstorm,no
22-03-2024,Ahmedabad,34.2,,89,75.7,16.8,7.3,Thunderstorm,yes
2024-03-23,Ahmedabad,30.0,,43,2.0,15.9,5.7,Clear,N
2024-03-24,Ahmedabad,30.4,,71,60.6,18.8,9.5,Rain,
2024-03-25,Ahmedabad,35.3,C,49,1.0,41.4,9.4,Cloudy,N
26-03-2024,Ahmedabad,84.3,F,56,0.3,24.1,4.8,Cloudy,N
27-03-2024,Ahmedabad,34.1,C,35,0.4,31.1,9.3,Clear,N
28-03-2024,Ahmedabad,34.1,,34,21.8,32.4,11.0,Rain,N
2024-03-29,Ahmedabad,30.8,C,73,0.1,27.7,11.4,Cloudy,N
30-03-2024,Ahmedabad,79.1,,42,24.5,15.3,5.4,Thunderstorm,yes
31-03-2024,Ahmedabad,32.5,C,59,0.3,32.1,10.1,Clear,N
2024-04-01,Ahmedabad,26.7,,98,0.3,29.9,9.6,Sunny,N
2024-04-02,Ahmedabad,26.7,,NA,0.1,3.2,7.1,CLEAR,N
03-04-2024,Ahmedabad,33.9,C,80,0.2,4.7,8.5,CLEAR,N
2024-04-04,Ahmedabad,30.7,C,73,82.4,9.3,10.0,Rain,N
05-04-2024,Ahmedabad,31.7,C,32,1.2,20.4,0.5,Fog,N
2024-04-06,Ahmedabad,36.6,,78,0.5,33.6,8.8,Sunny,N
2024-04-07,Ahmedabad,33.8,C,89,1.9,41.0,6.1,Cloudy,N
2024-04-08,Ahmedabad,31.8,,61,1.4,28.5,9.7,Clear,N
09-04-2024,Ahmedabad,25.5,C,29,0.8,40.2,1.4,Fog,N
10-04-2024,Ahmedabad,27.5,,58,0.8,42.2,5.2,Cloudy,N
2024-04-11,Ahmedabad,31.9,C,29,25.8,20.4,7.7,rain,yes
2024-04-12,Ahmedabad,33.6,C,77,1.1,unknown,11.8,CLEAR,N
13-04-2024,Ahmedabad,29.9,C,56,0.4,2.6,6.3,Cloudy,N
14-04-2024,Ahmedabad,31.5,C,82,94.4,19.6,9.9,Rain,no
2024-04-15,Ahmedabad,30.6,C,36,0.8,10.0,11.7,Clear,N
16-04-2024,Ahmedabad,88.5,F,-,0.1,12.5,9.3,Clear,N
17-04-2024,Ahmedabad,29.8,C,60,1.1,41.8,10.2,Clear,N
18-04-2024,Ahmedabad,89.2,F,56,91.8,20.7,6.8,rain,yes
2024-04-19,Ahmedabad,32.2,C,53,1.5,8.1,11.1,CLEAR,N
20-04-2024,Ahmedabad,34.0,C,,0.6,32.3,6.0,Cloudy,N
21-04-2024,Ahmedabad,25.4,C,75,0.5,14.2,4.2,Clear,N
22-04-2024,Ahmedabad,32.7,C,48,59.7,3.0,4.7,Rain,no
23-04-2024,Ahmedabad,41.4,C,57,1.8,29.4,5.8,Clear,N
2024-04-24,Ahmedabad,31.9,C,57,79.0,12.6,11.1,Heavy Rain,no
2024-04-25,Ahmedabad,28.9,C,85,102.4,34.5,10.5,Rain,yes
2024-04-26,Ahmedabad,79.9,F,55,1.3,39.0,11.8,Cloudy,N
27-04-2024,Ahmedabad,35.0,C,63,1.2,33.3,6.1,clear,N
28-04-2024,Ahmedabad,26.7,C,56,0.8,9.8,2.6,Fog,N
29-04-2024,Ahmedabad,29.4,,33,1.8,11.1,9.3,Clear,N
30-04-2024,Ahmedabad,33.8,C,81,7.6,9.5,7.7,rain,
2024-05-01,Ahmedabad,33.2,,39,34.2,20.0,5.0,Rain,
2024-05-02,Ahmedabad,32.9,,null,88.3,13.4,11.4,Rain,N
2024-05-03,Ahmedabad,32.9,,,107.9,18.7,10.2,rain,no
2024-05-04,Ahmedabad,30.5,C,30,1.9,8.1,1.3,Fog,N
2024-05-05,Ahmedabad,26.2,C,63,101.8,14.5,11.8,Rain,N
2024-05-06,Ahmedabad,29.0,C,50,1.7,32.1,10.7,Cloudy,N
07-05-2024,Ahmedabad,37.4,C,92,1.5,17.2,9.0,Clear,N
2024-05-08,Ahmedabad,27.4,,58,0.0,42.8,11.0,Clear,N
2024-05-09,Ahmedabad,32.3,C,94,92.6,25.2,9.7,Heavy Rain,N
2024-05-10,Ahmedabad,27.3,C,78,0.9,11.6,5.7,Clear,N
2024-05-11,Ahmedabad,27.7,C,62,38.5,31.2,5.9,Rain,Y
12-05-2024,Ahmedabad,85.1,F,58,0.4,38.1,9.3,CLEAR,N
13-05-2024,Ahmedabad,27.5,,85,1.4,32.4,11.8,Clear,N
2024-05-14,Ahmedabad,27.7,C,82,17.6,15.8,7.4,rain,N
2024-05-15,Ahmedabad,29.4,C,81,110.0,14.6,12.0,Thunderstorm,
2024-05-16,Ahmedabad,27.2,,66,0.9,5.3,8.0,Clear,N
2024-05-17,Ahmedabad,29.1,C,97,118.6,18.7,5.4,Heavy Rain,
2024-05-18,Ahmedabad,38.9,C,48,84.8,26.7,4.8,Heavy Rain,
2024-05-20,Ahmedabad,28.4,,62,0.3,27.5,10.3,Clear,N
21-05-2024,Ahmedabad,26.5,C,69,1.1,16.2,4.1,Clear,N
2024-05-22,Ahmedabad,31.4,C,30,1.2,11.0,7.1,Clear,N
23-05-2024,Ahmedabad,29.7,,59,0.1,11.1,9.4,Clear,N
2024-05-24,Ahmedabad,25.6,C,84,14.6,29.9,9.1,rain,Y
25-05-2024,Ahmedabad,82.5,F,73,1.1,17.7,5.0,Cloudy,N
26-05-2024,Ahmedabad,28.5,C,50,73.0,35.9,7.2,Heavy Rain,
27-05-2024,Ahmedabad,78.2,F,NA,1.9,4.4,2.5,Fog,N
2024-05-28,Ahmedabad,29.4,C,95,1.5,6.5,8.1,Cloudy,N
2024-05-29,Ahmedabad,29.2,C,50,1.4,18.2,4.0,Cloudy,N
2024-05-30,Ahmedabad,28.7,,62,90.9,9.9,9.3,Rain,N
31-05-2024,Ahmedabad,87.8,F,50,113.9,36.2,6.2,Rain,no
01-06-2024,Ahmedabad,29.9,C,31,1.0,36.6,4.6,Sunny,N
02-06-2024,Ahmedabad,25.2,C,74,1.7,9.2,4.0,Clear,N
03-06-2024,Ahmedabad,29.7,C,63,111.5,44.0,7.4,Rain,N
2024-06-04,Ahmedabad,NA,C,89,0.5,6.8,6.5,Cloudy,N
2024-06-05,Ahmedabad,29.0,C,95,0.7,12.5,1.5,Fog,N
06-06-2024,Ahmedabad,22.9,C,88,11.5,null,8.4,rain,no
2024-06-07,Ahmedabad,unknown,F,63,0.2,33.7,11.2,clear,N
08-06-2024,Ahmedabad,23.5,,35,1.8,35.0,4.4,Clear,N
09-06-2024,Ahmedabad,22.2,C,58,0.5,38.7,10.7,Clear,N
2024-06-10,Ahmedabad,27.2,C,60,0.3,6.3,11.2,Clear,N
2024-06-11,Ahmedabad,25.1,C,38,0.9,4.5,9.0,Cloudy,N
2024-06-12,Ahmedabad,29.6,C,35,18.1,12.6,10.2,rain,N
2024-06-13,Ahmedabad,23.0,C,69,1.4,33.4,6.4,CLEAR,N
14-06-2024,Ahmedabad,30.3,C,61,1.1,2.3,4.5,Clear,N
2024-06-15,Ahmedabad,29.2,C,46,1.1,8.1,4.5,Cloudy,N
2024-06-16,Ahmedabad,79.2,F,86,1.7,24.9,6.5,Clear,N
17-06-2024,Ahmedabad,25.1,C,45,40.3,14.2,7.5,rain,N
2024-06-18,Ahmedabad,27.5,,56,0.8,22.7,6.1,clear,N
19-06-2024,Ahmedabad,27.6,,37,1.8,6.6,1.9,Fog,N
2024-06-20,Ahmedabad,23.2,C,88,1.0,7.3,6.8,Cloudy,N
21-06-2024,Ahmedabad,20.1,,46,0.2,10.4,1.8,Fog,N
22-06-2024,Ahmedabad,83.5,F,41,0.6,43.1,9.1,Sunny,N
2024-06-23,Ahmedabad,32.2,C,65,2.0,30.3,3.0,Fog,N
2024-06-24,Ahmedabad,23.8,C,90,1.2,15.4,8.7,Clear,N
25-06-2024,Ahmedabad,73.3,F,67,1.1,13.0,7.7,Cloudy,N
2024-06-26,Ahmedabad,27.3,C,58,42.8,37.3,4.7,Rain,N
2024-06-27,Ahmedabad,23.4,,95,33.5,41.4,7.9,Rain,Y
28-06-2024,Ahmedabad,23.1,C,57,27.3,43.3,9.4,rain,N
2024-06-29,Ahmedabad,22.9,,69,1.2,19.4,6.2,clear,N
2024-06-30,Ahmedabad,26.6,,NA,1.3,27.8,11.6,Sunny,N
01-07-2024,Ahmedabad,22.0,,93,1.8,20.2,9.9,Clear,N
02-07-2024,Ahmedabad,22.3,C,28,95.8,12.4,7.3,rain,N
03-07-2024,Ahmedabad,27.5,C,43,1.6,2.6,10.7,clear,N
2024-07-04,Ahmedabad,N/A,C,54,1.3,33.4,5.8,clear,N
05-07-2024,Ahmedabad,26.3,C,92,1.0,36.0,8.1,Clear,N
06-07-2024,Ahmedabad,22.2,C,84,1.2,42.6,5.8,Clear,N
07-07-2024,Ahmedabad,20.6,,36,1.5,30.3,10.9,Clear,N
08-07-2024,Ahmedabad,21.3,C,58,28.6,34.3,11.8,Rain,N
2024-07-09,Ahmedabad,25.4,,53,0.4,19.4,10.5,Clear,N
10-07-2024,Ahmedabad,23.8,C,44,0.5,4.0,7.2,CLEAR,N
2024-07-11,Ahmedabad,26.8,C,96,0.7,6.5,6.4,Clear,N
12-07-2024,Ahmedabad,23.2,C,97,99.2,12.9,7.5,Rain,N
2024-07-13,Ahmedabad,25.5,,33,106.5,29.5,11.9,rain,no
14-07-2024,Ahmedabad,21.9,,41,1.4,39.9,7.1,Cloudy,N
15-07-2024,Ahmedabad,71.8,F,74,0.6,8.3,10.9,Clear,N
2024-07-16,Ahmedabad,28.8,C,65,1.9,,6.0,clear,N
17-07-2024,Ahmedabad,24.9,C,63,0.5,17.2,6.4,Cloudy,N
18-07-2024,Ahmedabad,21.2,C,95,0.7,29.0,10.0,CLEAR,N
2024-07-19,Ahmedabad,21.8,C,95,0.0,27.3,6.4,Clear,N
2024-07-20,Ahmedabad,25.2,C,80,0.5,26.4,5.2,Cloudy,N
21-07-2024,Ahmedabad,18.2,C,72,1.7,11.4,9.4,Clear,N
2024-07-22,Ahmedabad,20.0,C,NA,0.4,31.6,10.0,CLEAR,N
2024-07-24,Ahmedabad,20.8,C,60,1.3,2.7,10.7,Clear,N
25-07-2024,Ahmedabad,20.8,,30,96.2,23.3,5.0,Thunderstorm,Y
26-07-2024,Ahmedabad,24.3,C,89,1.8,36.5,6.3,Clear,N
27-07-2024,Ahmedabad,19.9,C,76,0.3,6.7,6.2,Clear,N
28-07-2024,Ahmedabad,18.8,,75,0.4,39.8,2.1,Fog,N
2024-07-29,Ahmedabad,15.9,,54,1.3,36.4,5.9,Clear,N
30-07-2024,Ahmedabad,22.5,C,54,108.6,13.8,9.5,Rain,N
2024-07-31,Ahmedabad,69.2,,85,1.9,8.2,7.2,clear,N
2024-08-01,Ahmedabad,20.5,C,91,0.2,42.5,8.8,Sunny,N
02-08-2024,Ahmedabad,20.5,C,29,0.4,40.8,8.0,clear,N
2024-08-03,Ahmedabad,25.4,C,95,7.0,15.7,11.4,Rain,N
04-08-2024,Ahmedabad,76.5,F,40,1.7,10.5,10.6,Clear,N
05-08-2024,Ahmedabad,  ,,80,0.7,19.0,11.6,Clear,N
06-08-2024,Ahmedabad,70.8,F,44,0.6,3.4,7.7,clear,N
2024-08-07,Ahmedabad,20.2,C,53,1.2,22.4,11.4,clear,N
2024-08-08,Ahmedabad,20.0,C,59,0.6,10.7,5.0,Clear,N
09-08-2024,Ahmedabad,19.8,,33,1.0,31.3,6.4,Cloudy,N
10-08-2024,Ahmedabad,67.6,F,65,1.8,30.0,2.7,Fog,N
2024-08-11,Ahmedabad,20.1,,80,1.4,22.6,9.6,Clear,N
2024-08-12,Ahmedabad,19.4,C,46,0.4,16.8,7.5,Cloudy,N
2024-08-13,Ahmedabad,17.6,C,56,64.5,37.6,5.5,Thunderstorm,N
14-08-2024,Ahmedabad,61.9,,84,0.8,18.4,4.5,clear,N
15-08-2024,Ahmedabad,16.1,C,34,1.7,7.2,8.2,Cloudy,N
16-08-2024,Ahmedabad,21.6,C,68,1.9,28.9,4.6,Clear,N
17-08-2024,Ahmedabad,25.6,,87,1.6,19.5,11.2,Cloudy,N
2024-08-18,Ahmedabad,20.0,C,92,0.8,14.3,9.4,clear,N
19-08-2024,Ahmedabad,16.4,C,42,0.3,4.6,10.3,Cloudy,N
2024-08-20,Ahmedabad,57.5,,-,0.2,31.9,0.7,Fog,N
21-08-2024,Ahmedabad,61.1,F,NA,25.8,3.1,11.8,Thunderstorm,N
2024-08-22,Ahmedabad,58.0,F,32,1.2,20.1,11.0,Clear,N
23-08-2024,Ahmedabad,20.5,,54,96.6,33.8,9.6,rain,
2024-08-24,Ahmedabad,15.7,,30,46.1,4.4,4.9,Thunderstorm,N
2024-08-25,Ahmedabad,19.0,,85,1.3,19.1,6.6,Sunny,N
26-08-2024,Ahmedabad,19.5,C,39,1.6,16.1,8.7,Cloudy,N
2024-08-27,Ahmedabad,13.3,C,40,1.2,35.5,9.6,Cloudy,N
2024-08-28,Ahmedabad,15.0,C,31,0.5,9.8,9.9,Cloudy,N
29-08-2024,Ahmedabad,62.5,F,43,1.1,40.5,5.6,Clear,N
2024-08-30,Ahmedabad,15.8,C,69,0.9,42.0,10.1,Clear,N
2024-08-31,Ahmedabad,11.1,C,41,1.2,32.9,6.5,CLEAR,N
2024-09-01,Ahmedabad,56.8,,41,0.8,4.6,8.9,Clear,N
02-09-2024,Ahmedabad,13.5,C,98,1.1,3.8,8.7,Clear,N
2024-09-03,Ahmedabad,15.6,,84,1.6,8.3,6.6,Sunny,N
04-09-2024,Ahmedabad,16.0,C,47,90.2,39.5,4.9,Rain,
05-09-2024,Ahmedabad,13.1,C,N/A,0.0,32.1,6.7,Clear,N
2024-09-06,Ahmedabad,21.1,C,76,0.6,18.6,6.7,Cloudy,N
07-09-2024,Ahmedabad,15.5,C,52,97.6,26.0,9.9,Rain,N
08-09-2024,Ahmedabad,15.9,C,50,35.5,27.0,9.9,Thunderstorm,
2024-09-09,Ahmedabad,9.8,C,78,20.5,37.2,5.9,Heavy Rain,no
10-09-2024,Ahmedabad,18.1,C,82,1.5,24.6,10.4,Clear,N
2024-09-11,Ahmedabad,57.4,,N/A,0.2,6.8,8.1,Clear,N
12-09-2024,Ahmedabad,13.5,C,62,12.7,20.1,5.1,Rain,Y
2024-09-13,Ahmedabad,17.3,,52,1.3,43.6,10.2,Clear,N
14-09-2024,Ahmedabad,20.2,,28,38.6,36.2,5.5,Thunderstorm,yes
2024-09-15,Ahmedabad,14.6,,79,0.9,33.8,5.8,Sunny,N
16-09-2024,Ahmedabad,19.5,,29,65.2,27.5,9.9,Heavy Rain,N
2024-09-17,Ahmedabad,14.8,C,72,0.3,41.1,11.5,Cloudy,N
2024-09-18,Ahmedabad,17.9,,35,95.3,21.9,9.2,Rain,yes
19-09-2024,Ahmedabad,16.8,C,55,32.6,41.0,4.6,Heavy Rain,
2024-09-20,Ahmedabad,13.3,C,47,1.0,28.5,11.4,Clear,N
21-09-2024,Ahmedabad,16.1,C,58,2.0,15.9,7.5,Cloudy,N
22-09-2024,Ahmedabad,57.1,F,79,1.8,8.8,10.8,CLEAR,N
23-09-2024,Ahmedabad,17.6,C,80,1.6,4.2,0.7,Fog,N
24-09-2024,Ahmedabad,17.0,C,90,0.8,32.0,7.8,Cloudy,N
2024-09-25,Ahmedabad,17.0,,41,1.4,14.4,10.4,Sunny,N
26-09-2024,Ahmedabad,11.7,C,64,0.7,39.1,8.8,Clear,N
2024-09-27,Ahmedabad,19.6,C,52,115.6,31.1,7.1,Rain,Y
28-09-2024,Ahmedabad,15.9,C,57,21.9,31.4,9.4,Thunderstorm,N
29-09-2024,Ahmedabad,18.7,,46,1.5,13.3,6.8,Clear,N
2024-09-30,Ahmedabad,17.3,C,48,1.6,33.6,10.3,CLEAR,N
01-10-2024,Ahmedabad,15.7,,55,102.0,18.6,10.5,Rain,no
2024-10-02,Ahmedabad,12.7,C,93,5.3,5.6,7.8,Heavy Rain,N
2024-10-03,Ahmedabad,16.1,C,85,1.5,24.6,7.9,Clear,N
2024-10-04,Ahmedabad,10.8,C,71,0.8,11.3,5.5,Clear,N
2024-10-05,Ahmedabad,  ,F,78,1.0,17.4,6.7,Clear,N
06-10-2024,Ahmedabad,11.7,C,28,1.6,14.9,8.3,Sunny,N
07-10-2024,Ahmedabad,16.3,C,38,75.2,19.3,11.0,Rain,no
2024-10-08,Ahmedabad,18.9,,33,67.1,21.3,10.7,Thunderstorm,
2024-10-09,Ahmedabad,52.7,F,62,60.5,23.0,4.4,Thunderstorm,N
2024-10-10,Ahmedabad,18.3,C,74,1.7,35.0,10.9,Sunny,N
2024-10-11,Ahmedabad,15.0,,51,0.4,30.9,9.7,CLEAR,N
2024-10-12,Ahmedabad,15.5,C,53,1.0,4.0,10.2,Clear,N
13-10-2024,Ahmedabad,67.2,F,47,18.3,5.1,9.6,rain,Y
14-10-2024,Ahmedabad,17.6,C,61,0.0,3.9,11.9,CLEAR,N
15-10-2024,Ahmedabad,17.2,C,28,1.5,19.5,10.3,Cloudy,N
16-10-2024,Ahmedabad,14.8,C,54,102.2,26.1,9.5,Rain,
2024-10-17,Ahmedabad,17.0,C,71,0.1,43.0,11.9,Clear,N
18-10-2024,Ahmedabad,15.1,C,68,0.2,41.1,7.4,clear,N
19-10-2024,Ahmedabad,14.7,C,32,90.6,34.6,4.2,Thunderstorm,N
20-10-2024,Ahmedabad,null,F,40,57.7,11.1,11.9,Rain,Y
21-10-2024,Ahmedabad,17.2,C,68,0.8,23.4,11.4,clear,N
2024-10-22,Ahmedabad,21.0,C,66,1.5,17.5,7.0,Cloudy,N
2024-10-24,Ahmedabad,17.0,C,28,1.5,40.4,2.6,Fog,N
2024-10-25,Ahmedabad,17.2,C,46,1.8,7.2,5.5,Clear,N
26-10-2024,Ahmedabad,61.4,F,33,2.0,21.0,11.8,Clear,N
2024-10-27,Ahmedabad,19.3,C,87,2.0,10.3,9.2,Sunny,N
2024-10-28,Ahmedabad,18.0,,69,0.4,5.5,7.7,Clear,N
29-10-2024,Ahmedabad,61.6,F,86,113.8,44.2,7.0,Heavy Rain,yes
2024-10-30,Ahmedabad,20.4,,55,0.4,6.6,8.8,Clear,N
31-10-2024,Ahmedabad,16.0,C,58,0.8,22.6,7.4,Cloudy,N
01-11-2024,Ahmedabad,60.0,,63,1.2,21.7,8.4,Sunny,N
02-11-2024,Ahmedabad,20.9,,88,1.2,34.5,11.7,Clear,N
03-11-2024,Ahmedabad,16.3,C,85,1.4,30.3,9.8,clear,N
2024-11-04,Ahmedabad,21.4,C,41,26.5,27.9,11.5,Thunderstorm,Y
2024-11-05,Ahmedabad,75.7,F,63,42.4,22.2,8.2,Thunderstorm,yes
06-11-2024,Ahmedabad,54.6,F,70,34.5,22.0,11.0,Rain,yes
2024-11-07,Ahmedabad,20.7,C,NA,1.6,14.7,4.1,Cloudy,N
2024-11-08,Ahmedabad,21.8,C,85,0.1,23.3,8.7,Clear,N
09-11-2024,Ahmedabad,18.4,C,28,23.8,35.5,7.1,Thunderstorm,N
2024-11-10,Ahmedabad,23.6,C,82,1.1,10.9,12.0,Clear,N
2024-11-11,Ahmedabad,15.8,C,30,111.0,36.2,4.3,Rain,
12-11-2024,Ahmedabad,77.1,F,55,1.8,10.0,0.7,Fog,N
2024-11-13,Ahmedabad,17.7,C,88,1.7,10.0,7.1,clear,N
2024-11-14,Ahmedabad,19.3,C,40,0.0,2.3,2.3,Fog,N
15-11-2024,Ahmedabad,15.7,C,NA,77.1,12.6,10.5,Rain,Y
16-11-2024,Ahmedabad,18.0,C,92,1.2,30.7,9.6,Sunny,N
2024-11-17,Ahmedabad,10.2,C,41,1.5,36.1,7.6,Cloudy,N
18-11-2024,Ahmedabad,13.8,C,48,1.1,19.1,10.1,clear,N
19-11-2024,Ahmedabad,17.3,C,38,1.8,9.7,4.8,Cloudy,N
2024-11-20,Ahmedabad,66.3,F,34,1.6,41.1,9.1,CLEAR,N
21-11-2024,Ahmedabad,17.1,,77,1.0,27.9,6.8,Cloudy,N
2024-11-22,Ahmedabad,14.8,C,85,1.0,40.9,6.2,Cloudy,N
23-11-2024,Ahmedabad,19.1,,45,0.1,23.7,9.0,Clear,N
24-11-2024,Ahmedabad,21.6,C,35,0.5,44.0,4.1,clear,N
25-11-2024,Ahmedabad,16.1,C,82,85.2,3.7,4.3,Rain,Y
2024-11-26,Ahmedabad,68.1,F,76,1.9,37.5,4.1,Cloudy,N
2024-11-27,Ahmedabad,18.1,,65,0.9,22.4,9.1,Clear,N
28-11-2024,Ahmedabad,69.8,F,N/A,1.8,44.2,1.5,Fog,N
2024-11-29,Ahmedabad,23.0,C,29,0.8,  ,9.5,Cloudy,N
2024-11-30,Ahmedabad,18.3,C,53,76.5,30.3,10.8,Rain,yes
2024-12-01,Ahmedabad,18.3,C,89,0.2,33.1,1.2,Fog,N
2024-12-02,Ahmedabad,23.4,,70,79.5,14.4,4.9,Thunderstorm,
03-12-2024,Ahmedabad,21.3,C,48,0.8,34.5,6.4,Cloudy,N
2024-12-04,Ahmedabad,61.8,,43,1.2,39.8,8.0,Sunny,N
2024-12-05,Ahmedabad,22.1,C,74,1.7,34.9,8.1,Clear,N
2024-12-06,Ahmedabad,16.8,C,78,22.4,2.3,5.7,Rain,
07-12-2024,Ahmedabad,28.9,C,46,1.5,2.8,4.2,Sunny,N
08-12-2024,Ahmedabad,17.3,C,62,0.9,27.8,4.5,Clear,N
09-12-2024,Ahmedabad,23.0,,40,1.5,30.2,4.5,Sunny,N
2024-12-10,Ahmedabad,19.3,,53,44.9,25.1,4.6,Rain,N
2024-12-11,Ahmedabad,24.3,,,1.6,42.4,5.5,Clear,N
2024-12-12,Ahmedabad,19.6,,94,0.1,31.1,6.1,Cloudy,N
2024-12-13,Ahmedabad,18.0,C,56,1.5,11.4,4.9,Sunny,N
14-12-2024,Ahmedabad,19.6,C,46,0.4,11.7,0.8,Fog,N
15-12-2024,Ahmedabad,25.7,C,68,0.6,26.0,9.6,clear,N
2024-12-16,Ahmedabad,18.6,C,42,50.6,20.0,5.7,Rain,yes
17-12-2024,Ahmedabad,24.2,C,60,1.1,35.5,6.1,Cloudy,N
18-12-2024,Ahmedabad,69.3,F,75,1.3,22.4,8.9,CLEAR,N
2024-12-19,Ahmedabad,20.8,C,61,0.9,26.6,4.2,clear,N
20-12-2024,Ahmedabad,27.5,C,36,1.7,3.9,6.2,Sunny,N
21-12-2024,Ahmedabad,  ,C,95,0.1,24.0,6.6,Clear,N
22-12-2024,Ahmedabad,22.6,C,39,0.1,31.2,4.7,CLEAR,N
23-12-2024,Ahmedabad,22.6,C,unknown,0.1,35.0,8.9,Sunny,N
24-12-2024,Ahmedabad,23.7,C,80,110.5,8.5,7.5,Thunderstorm,
25-12-2024,Ahmedabad,19.8,C,30,66.5,17.6,6.6,Rain,yes
26-12-2024,Ahmedabad,16.2,C,34,1.7,3.6,8.8,Cloudy,N
27-12-2024,Ahmedabad,24.8,C,72,1.0,42.4,6.9,Clear,N
28-12-2024,Ahmedabad,,F,34,1.6,26.4,8.3,Clear,N
2024-12-29,Ahmedabad,21.5,C,73,22.0,3.6,9.5,Rain,N
30-12-2024,Ahmedabad,25.3,,73,82.7,33.8,10.1,Rain,N
2024-12-31,Ahmedabad,22.6,,91,84.6,5.5,10.5,Heavy Rain,Y
2025-01-01,Ahmedabad,24.8,C,44,0.7,2.7,4.2,Sunny,N
2025-01-02,Ahmedabad,74.8,F,70,14.4,2.4,8.1,Rain,
03-01-2025,Ahmedabad,73.8,F,66,1.8,9.6,4.9,Cloudy,N
04-01-2025,Ahmedabad,26.8,C,28,1.4,7.6,5.4,Clear,N
2025-01-05,Ahmedabad,25.2,,60,22.6,33.6,9.3,Rain,N
06-01-2025,Ahmedabad,29.1,C,86,104.5,14.8,9.9,Rain,N
07-01-2025,Ahmedabad,23.6,C,77,1.9,36.1,6.5,Cloudy,N
08-01-2025,Ahmedabad,21.4,C,45,70.1,30.6,10.7,Rain,N
09-01-2025,Ahmedabad,22.2,C,40,117.0,5.0,6.8,Rain,Y
2025-01-10,Ahmedabad,23.7,C,31,1.6,21.9,7.2,Cloudy,N
11-01-2025,Ahmedabad,25.7,,96,73.9,6.4,10.6,Heavy Rain,yes
2025-01-12,Ahmedabad,25.1,C,32,1.0,12.8,9.6,clear,N
2025-01-13,Ahmedabad,21.7,C,59,1.9,13.8,5.6,clear,N
2025-01-14,Ahmedabad,21.4,C,29,0.5,42.1,11.3,Clear,N
2025-01-15,Ahmedabad,26.4,C,42,92.3,2.8,11.9,rain,
16-01-2025,Ahmedabad,26.1,C,90,93.9,17.7,7.1,Heavy Rain,N
2025-01-17,Ahmedabad,28.5,,66,14.3,2.5,5.8,Heavy Rain,N
18-01-2025,Ahmedabad,30.6,C,40,0.2,17.9,9.1,Cloudy,N
19-01-2025,Ahmedabad,88.2,,74,1.4,10.5,8.1,Cloudy,N
20-01-2025,Ahmedabad,28.3,C,52,2.0,6.1,4.5,Sunny,N
21-01-2025,Ahmedabad,27.9,,40,2.0,9.5,9.0,Clear,N
2025-01-22,Ahmedabad,24.1,C,69,0.4,28.5,4.0,Clear,N
23-01-2025,Ahmedabad,26.7,C,47,1.7,40.7,10.4,clear,N
2025-01-24,Ahmedabad,23.6,,98,0.8,7.8,11.8,CLEAR,N
2025-01-25,Ahmedabad,24.7,C,65,0.7,39.7,9.6,CLEAR,N
2025-01-26,Ahmedabad,27.3,C,69,0.8,23.2,12.0,Clear,N
2025-01-27,Ahmedabad,24.7,C,34,0.9,35.9,10.7,Clear,N
2025-01-28,Ahmedabad,24.8,C,42,75.0,19.3,6.4,Thunderstorm,N
2025-01-29,Ahmedabad,27.6,C,52,0.2,38.1,1.8,Fog,N
2025-01-30,Ahmedabad,26.5,C,63,2.0,43.1,4.5,Sunny,N
31-01-2025,Ahmedabad,26.8,,31,1.3,30.5,4.5,Clear,N
01-02-2025,Ahmedabad,27.6,C,66,0.8,36.7,4.7,Clear,N
02-02-2025,Ahmedabad,25.5,C,95,21.7,5.9,6.4,Heavy Rain,N
2025-02-03,Ahmedabad,28.4,,92,0.8,4.8,11.5,Sunny,N
04-02-2025,Ahmedabad,25.0,,56,1.3,42.6,4.1,Clear,N
2025-02-05,Ahmedabad,25.5,C,78,1.6,  ,5.3,Cloudy,N
06-02-2025,Ahmedabad,32.9,C,83,52.9,34.7,8.9,rain,N
07-02-2025,Ahmedabad,32.1,C,65,7.0,42.0,5.5,Rain,N
08-02-2025,Ahmedabad,28.6,C,N/A,22.2,38.7,5.3,rain,Y
2025-02-09,Ahmedabad,33.8,C,91,0.1,27.3,4.2,CLEAR,N
2025-02-10,Ahmedabad,30.6,C,69,30.7,6.7,4.7,Rain,Y
11-02-2025,Ahmedabad,26.3,C,61,0.0,8.4,6.9,Cloudy,N
2025-02-12,Ahmedabad,26.0,C,63,1.3,32.4,6.0,Clear,N
13-02-2025,Ahmedabad,27.5,C,66,0.2,40.6,8.9,Sunny,N
14-02-2025,Ahmedabad,27.2,C,71,0.0,26.3,6.3,Clear,N
2025-02-15,Ahmedabad,26.3,C,68,1.8,29.6,9.3,Clear,N
16-02-2025,Ahmedabad,29.5,C,75,38.3,41.7,8.8,rain,N
17-02-2025,Ahmedabad,30.4,C,46,1.7,45.0,9.7,Cloudy,N
18-02-2025,Ahmedabad,31.8,C,45,1.3,5.4,8.2,Clear,N
19-02-2025,Ahmedabad,23.5,C,56,16.9,-,10.3,Heavy Rain,N
20-02-2025,Ahmedabad,34.4,C,75,85.7,41.2,10.1,Thunderstorm,N
2025-02-21,Ahmedabad,32.1,C,39,0.2,31.1,6.1,clear,N
2025-02-22,Ahmedabad,34.5,C,97,0.6,8.6,7.4,Cloudy,N
2025-02-23,Ahmedabad,29.2,C,73,1.6,22.0,10.6,Sunny,N
2025-02-24,Ahmedabad,30.9,C,78,0.1,12.7,7.3,Clear,N
25-02-2025,Ahmedabad,34.1,,85,1.0,5.7,2.6,Fog,N
2025-02-26,Ahmedabad,84.6,F,48,0.0,4.8,4.5,Clear,N
2025-02-27,Ahmedabad,28.1,C,67,65.4,12.1,10.4,Heavy Rain,N
2025-02-28,Ahmedabad,33.9,C,50,74.4,7.1,11.2,Rain,N
01-03-2025,Ahmedabad,88.8,F,30,0.8,33.0,10.3,Clear,N
2025-03-02,Ahmedabad,29.6,,28,0.2,41.3,8.0,clear,N
04-03-2025,Ahmedabad,30.2,C,-,1.3,15.2,7.7,CLEAR,N
2025-03-05,Ahmedabad,32.0,C,45,74.1,26.8,7.0,rain,N
06-03-2025,Ahmedabad,32.6,C,58,1.3,37.2,5.3,Cloudy,N
07-03-2025,Ahmedabad,29.9,C,94,1.5,44.4,9.1,Clear,N
2025-03-08,Ahmedabad,31.1,,91,1.2,6.6,8.3,Clear,N
09-03-2025,Ahmedabad,30.9,,52,113.1,25.9,9.0,Rain,N
10-03-2025,Ahmedabad,31.1,C,85,87.6,33.5,6.0,Rain,
11-03-2025,Ahmedabad,91.6,,98,96.0,24.7,6.6,Thunderstorm,no
12-03-2025,Ahmedabad,35.2,C,84,116.4,null,11.1,Rain,
2025-03-13,Ahmedabad,25.8,C,43,1.5,9.8,11.4,Cloudy,N
14-03-2025,Ahmedabad,30.2,,80,113.5,2.7,11.9,Thunderstorm,
2025-03-15,Ahmedabad,34.0,C,76,0.1,42.1,8.6,Cloudy,N
16-03-2025,Ahmedabad,29.2,C,63,1.5,33.6,4.9,Clear,N
17-03-2025,Ahmedabad,33.1,C,64,1.3,19.9,4.0,Clear,N
2025-03-18,Ahmedabad,86.9,F,71,0.7,35.5,7.7,Clear,N
2025-03-19,Ahmedabad,40.9,,71,0.8,28.0,8.1,Sunny,N
20-03-2025,Ahmedabad,29.8,C,70,1.4,19.2,2.1,Fog,N
2025-03-21,Ahmedabad,31.7,C,47,1.2,27.7,7.7,Cloudy,N
2025-03-22,Ahmedabad,28.3,C,76,2.0,20.5,4.7,Clear,N
23-03-2025,Ahmedabad,30.9,,94,1.8,6.0,6.5,CLEAR,N
24-03-2025,Ahmedabad,28.5,,36,1.2,26.6,8.2,Clear,N
25-03-2025,Ahmedabad,31.8,,61,112.1,20.3,4.9,Rain,N
2025-03-26,Ahmedabad,32.7,C,33,1.0,41.5,11.4,Cloudy,N
2025-03-27,Ahmedabad,93.9,F,95,1.7,29.0,9.0,Clear,N
2025-03-28,Ahmedabad,32.6,C,55,0.0,37.9,5.9,Cloudy,N
2025-03-29,Ahmedabad,35.9,C,32,1.1,38.4,6.1,Clear,N
2025-03-30,Ahmedabad,34.5,C,unknown,1.9,38.9,1.8,Fog,N
2025-04-01,Ahmedabad,35.9,,82,66.1,20.2,5.6,Rain,yes
02-04-2025,Ahmedabad,28.4,C,33,37.7,30.7,9.5,Rain,N
2025-04-03,Ahmedabad,30.3,C,79,0.3,40.4,1.9,Fog,N
2025-04-04,Ahmedabad,35.2,C,36,1.9,10.4,11.3,Cloudy,N
2025-04-05,Ahmedabad,32.2,C,96,0.5,24.5,8.5,Clear,N
2025-04-06,Ahmedabad,33.6,C,43,1.6,2.1,4.9,Sunny,N
07-04-2025,Ahmedabad,29.9,C,35,1.3,33.7,11.7,Sunny,N
2025-04-08,Ahmedabad,33.7,C,75,1.4,34.6,1.2,Fog,N
2025-04-09,Ahmedabad,94.0,F,97,1.5,3.3,11.4,Sunny,N
2025-04-10,Ahmedabad,30.2,C,33,0.3,34.3,9.2,Clear,N
11-04-2025,Ahmedabad,25.8,C,76,1.0,19.5,7.5,Clear,N
2025-04-12,Ahmedabad,unknown,C,49,79.9,33.9,10.9,Heavy Rain,N
2025-04-13,Ahmedabad,35.0,C,39,117.3,19.5,7.8,Rain,
2025-04-14,Ahmedabad,29.7,,61,0.5,NA,4.2,Sunny,N
2025-04-15,Ahmedabad,27.3,C,N/A,1.8,24.5,9.5,Sunny,N
16-04-2025,Ahmedabad,30.0,C,49,0.6,31.3,5.8,Clear,N
17-04-2025,Ahmedabad,28.0,C,41,62.4,33.6,6.6,Thunderstorm,Y
18-04-2025,Ahmedabad,87.7,F,69,1.3,38.8,7.3,Clear,N
19-04-2025,Ahmedabad,31.0,C,36,65.0,37.9,9.6,rain,N
2025-04-20,Ahmedabad,32.8,C,59,76.8,34.5,8.5,Rain,
21-04-2025,Ahmedabad,28.9,,35,0.0,4.0,2.6,Fog,N
22-04-2025,Ahmedabad,26.8,C,97,105.9,39.3,8.1,rain,
23-04-2025,Ahmedabad,38.3,C,34,115.8,10.2,6.7,Thunderstorm,
2025-04-24,Ahmedabad,29.8,C,59,1.9,33.0,11.2,Clear,N
2025-04-25,Ahmedabad,34.3,,60,1.5,28.2,9.5,Clear,N
26-04-2025,Ahmedabad,32.5,C,86,1.7,19.1,11.3,Clear,N
27-04-2025,Ahmedabad,32.0,C,59,1.8,7.0,3.0,Fog,N
2025-04-28,Ahmedabad,31.7,C,75,1.6,21.8,4.4,clear,N
2025-04-29,Ahmedabad,36.5,C,76,80.8,24.4,10.1,rain,
30-04-2025,Ahmedabad,34.9,C,33,1.8,41.8,2.6,Fog,N
01-05-2025,Ahmedabad,32.7,C,94,104.0,3.4,4.3,Heavy Rain,N
2025-05-02,Ahmedabad,-,C,40,0.7,31.7,2.6,Fog,N
03-05-2025,Ahmedabad,36.9,,N/A,94.0,27.1,10.7,Thunderstorm,Y
04-05-2025,Ahmedabad,33.2,C,77,0.6,18.6,7.7,Clear,N
05-05-2025,Ahmedabad,null,C,90,16.6,16.6,10.4,Heavy Rain,N
2025-05-06,Ahmedabad,33.7,C,53,56.4,unknown,9.8,Heavy Rain,
2025-05-07,Ahmedabad,30.9,,39,108.3,17.8,11.0,Rain,
08-05-2025,Ahmedabad,34.3,C,63,0.5,38.9,9.3,Clear,N
09-05-2025,Ahmedabad,30.9,C,60,1.1,23.7,9.2,Cloudy,N
10-05-2025,Ahmedabad,34.2,C,45,0.1,6.2,4.6,Cloudy,N
11-05-2025,Ahmedabad,27.6,C,34,0.4,16.6,7.0,Cloudy,N
12-05-2025,Ahmedabad,25.2,,  ,0.6,5.4,7.3,Clear,N
2025-05-13,Ahmedabad,29.0,C,45,1.6,39.6,5.4,Clear,N
14-05-2025,Ahmedabad,33.3,,32,0.3,2.0,7.5,Cloudy,N
2025-05-15,Ahmedabad,30.6,C,81,1.4,11.1,8.8,Cloudy,N
16-05-2025,Ahmedabad,27.8,C,68,1.9,7.5,6.8,Sunny,N
2025-05-17,Ahmedabad,35.8,C,43,0.3,22.6,10.6,Cloudy,N
18-05-2025,Ahmedabad,96.6,F,56,0.0,29.2,4.6,CLEAR,N
2025-05-19,Ahmedabad,25.8,C,81,1.4,44.1,7.3,Clear,N
20-05-2025,Ahmedabad,,C,43,55.4,4.8,10.2,Thunderstorm,Y
2025-05-21,Ahmedabad,26.6,C,72,1.5,11.4,5.0,Cloudy,N
2025-05-22,Ahmedabad,26.9,C,97,42.2,29.3,11.4,Thunderstorm,N
23-05-2025,Ahmedabad,33.0,C,64,12.5,32.3,10.1,rain,N
24-05-2025,Ahmedabad,24.5,C,NA,95.7,6.5,11.9,Rain,
25-05-2025,Ahmedabad,81.4,,31,1.2,42.4,1.0,Fog,N
26-05-2025,Ahmedabad,29.6,C,90,1.8,17.8,8.2,Clear,N
27-05-2025,Ahmedabad,34.8,,63,1.5,35.3,12.0,Cloudy,N
2025-05-28,Ahmedabad,28.8,C,35,1.6,16.1,11.5,Clear,N
29-05-2025,Ahmedabad,25.6,,91,0.2,27.7,11.1,clear,N
30-05-2025,Ahmedabad,37.4,C,49,1.3,7.8,9.6,Sunny,N
31-05-2025,Ahmedabad,24.3,C,44,2.0,10.7,5.7,CLEAR,N
2025-06-01,Ahmedabad,24.6,,66,1.6,33.3,5.2,Clear,N
2025-06-02,Ahmedabad,25.9,C,76,1.2,30.8,8.2,Clear,N
03-06-2025,Ahmedabad,27.8,C,86,26.2,5.7,5.9,rain,N
2025-06-04,Ahmedabad,32.9,C,70,0.7,18.7,7.9,Clear,N
05-06-2025,Ahmedabad,30.4,C,72,34.2,24.0,8.5,Rain,Y
2025-06-06,Ahmedabad,20.7,,34,1.5,7.1,9.8,Clear,N
07-06-2025,Ahmedabad,27.1,C,57,0.9,38.8,11.7,Cloudy,N
08-06-2025,Ahmedabad,29.2,C,97,0.9,30.5,1.8,Fog,N
2025-06-09,Ahmedabad,24.7,C,69,0.1,27.2,5.1,CLEAR,N
10-06-2025,Ahmedabad,22.4,,65,109.6,33.0,9.9,Thunderstorm,N
11-06-2025,Ahmedabad,22.3,C,78,27.4,3.6,6.0,Rain,yes
12-06-2025,Ahmedabad,26.4,,42,1.2,12.2,10.3,Sunny,N
2025-06-13,Ahmedabad,33.1,,53,89.1,39.5,11.2,Thunderstorm,N
14-06-2025,Ahmedabad,27.9,C,95,53.4,16.2,11.3,Rain,N
2025-06-15,Ahmedabad,-,C,85,1.4,43.6,9.4,Clear,N
2025-06-16,Ahmedabad,26.2,C,45,0.1,11.6,8.1,Cloudy,N
2025-06-17,Ahmedabad,21.1,C,55,1.0,20.1,11.7,Cloudy,N
18-06-2025,Ahmedabad,27.0,,97,1.4,28.4,5.6,clear,N
19-06-2025,Ahmedabad,70.3,,29,98.0,3.5,7.3,Rain,N
2025-06-20,Ahmedabad,24.6,C,49,1.5,36.9,11.6,Clear,N
21-06-2025,Ahmedabad,29.8,,85,0.0,20.1,9.4,Cloudy,N
22-06-2025,Ahmedabad,26.6,,null,88.2,7.6,10.0,Rain,
2025-06-23,Ahmedabad,22.7,,71,67.2,  ,8.2,Rain,yes
2025-06-24,Ahmedabad,27.4,C,92,13.7,21.3,10.4,Rain,no
25-06-2025,Ahmedabad,79.7,F,55,1.7,35.9,11.7,Clear,N
26-06-2025,Ahmedabad,N/A,C,62,98.2,11.0,11.6,Rain,no
2025-06-27,Ahmedabad,73.7,F,79,0.0,13.5,7.7,Clear,N
2025-06-28,Ahmedabad,20.5,,75,1.2,19.8,4.3,CLEAR,N
29-06-2025,Ahmedabad,27.5,,48,1.3,43.5,7.7,clear,N
30-06-2025,Ahmedabad,66.5,F,86,0.6,38.3,7.8,Cloudy,N
2025-07-01,Ahmedabad,25.1,C,36,1.4,26.2,8.9,Cloudy,N
2024-01-01,Jaipur,17.7,,83,26.6,23.8,6.3,rain,
2024-01-02,Jaipur,27.2,C,33,1.2,38.0,7.0,Cloudy,N
2024-01-03,Jaipur,24.4,,91,0.3,NA,9.3,Sunny,N
2024-01-04,Jaipur,27.3,,35,1.1,18.2,4.5,Sunny,N
05-01-2024,Jaipur,20.2,C,63,85.7,21.1,7.7,rain,N
06-01-2024,Jaipur,27.9,,68,1.6,4.8,7.0,Clear,N
07-01-2024,Jaipur,24.6,C,84,38.5,35.5,4.1,Thunderstorm,
2024-01-08,Jaipur,28.9,C,55,1.2,16.1,7.3,Cloudy,N
09-01-2024,Jaipur,28.1,C,61,0.1,14.5,4.7,Clear,N
10-01-2024,Jaipur,23.1,,77,1.7,10.4,1.8,Fog,N
2024-01-11,Jaipur,21.8,C,93,0.6,28.4,5.6,Cloudy,N
12-01-2024,Jaipur,21.9,C,81,12.7,13.6,7.9,Rain,Y
2024-01-13,Jaipur,29.8,C,31,94.0,2.6,9.2,Rain,N
2024-01-14,Jaipur,20.0,C,62,37.7,12.3,11.3,Rain,yes
2024-01-15,Jaipur,23.9,C,92,51.0,28.6,4.2,Thunderstorm,no
2024-01-16,Jaipur,27.3,C,91,1.4,26.8,5.9,Clear,N
17-01-2024,Jaipur,23.9,C,35,0.3,41.9,5.0,Cloudy,N
18-01-2024,Jaipur,30.5,C,80,1.2,3.4,9.9,Clear,N
19-01-2024,Jaipur,29.5,,57,0.3,8.2,5.7,Sunny,N
2024-01-20,Jaipur,25.0,,68,63.3,20.2,11.9,Thunderstorm,N
21-01-2024,Jaipur,28.4,C,47,1.5,41.1,11.9,Sunny,N
22-01-2024,Jaipur,25.5,C,38,1.5,12.2,10.1,Sunny,N
2024-01-23,Jaipur,25.4,C,72,1.5,25.8,7.9,Cloudy,N
2024-01-24,Jaipur,34.2,C,76,35.8,29.5,8.4,Rain,N
25-01-2024,Jaipur,29.0,C,52,1.1,20.6,11.9,Cloudy,N
26-01-2024,Jaipur,30.3,,42,0.8,34.7,11.2,Clear,N
2024-01-28,Jaipur,34.8,C,70,0.4,9.0,6.2,clear,N
2024-01-29,Jaipur,24.3,C,50,25.5,20.9,9.8,Rain,N
2024-01-30,Jaipur,80.9,F,86,0.4,4.1,7.2,Cloudy,N
31-01-2024,Jaipur,24.5,,64,1.2,3.9,4.2,clear,N
01-02-2024,Jaipur,30.8,,79,0.8,27.5,10.0,Cloudy,N
2024-02-02,Jaipur,25.8,C,38,105.2,26.7,8.3,Thunderstorm,N
03-02-2024,Jaipur,24.2,,70,0.6,15.3,11.2,Clear,N
04-02-2024,Jaipur,28.1,C,69,1.8,24.4,11.4,clear,N
05-02-2024,Jaipur,28.9,C,70,30.8,44.6,9.5,Rain,N
2024-02-06,Jaipur,32.6,C,91,0.7,38.3,11.6,Clear,N
07-02-2024,Jaipur,26.7,,96,46.7,17.2,7.3,Heavy Rain,
08-02-2024,Jaipur,30.2,,76,0.8,42.3,9.3,CLEAR,N
09-02-2024,Jaipur,28.3,C,59,1.4,22.3,10.6,Cloudy,N
2024-02-10,Jaipur,30.5,C,42,0.6,20.0,6.4,Cloudy,N
11-02-2024,Jaipur,29.9,C,41,12.9,4.4,5.2,Heavy Rain,no
12-02-2024,Jaipur,26.6,C,60,1.1,39.7,10.5,clear,N
2024-02-13,Jaipur,31.7,C,67,1.7,13.4,8.7,Sunny,N
2024-02-14,Jaipur,28.4,,60,1.7,18.2,8.9,CLEAR,N
2024-02-15,Jaipur,32.1,C,38,1.2,29.7,8.7,Clear,N
16-02-2024,Jaipur,33.7,C,52,0.5,29.6,7.9,Clear,N
17-02-2024,Jaipur,29.6,,65,1.3,4.8,7.9,Clear,N
2024-02-18,Jaipur,27.5,C,81,1.8,16.3,5.8,Clear,N
19-02-2024,Jaipur,30.0,,95,57.4,13.3,10.5,Heavy Rain,Y
20-02-2024,Jaipur,-,C,63,1.1,8.2,10.1,Clear,N
2024-02-21,Jaipur,30.7,C,65,75.3,17.6,9.6,Rain,N
2024-02-22,Jaipur,98.4,F,67,0.6,30.1,11.9,Clear,N
23-02-2024,Jaipur,N/A,,47,111.0,37.1,7.3,Thunderstorm,yes
24-02-2024,Jaipur,34.7,C,42,43.2,35.2,9.8,Heavy Rain,
25-02-2024,Jaipur,30.0,C,28,1.9,23.2,4.5,Cloudy,N
2024-02-26,Jaipur,92.1,F,80,0.9,16.9,0.8,Fog,N
2024-02-27,Jaipur,27.3,,72,0.3,33.8,5.1,Cloudy,N
2024-02-28,Jaipur,29.4,C,29,0.2,43.7,7.5,Clear,N
2024-02-29,Jaipur,31.2,C,91,68.7,18.0,7.9,Thunderstorm,yes
2024-03-01,Jaipur,36.1,C,47,1.1,38.3,11.5,Sunny,N
02-03-2024,Jaipur,35.5,C,95,18.8,2.9,11.6,Rain,yes
03-03-2024,Jaipur,86.9,F,84,1.9,5.3,5.7,Clear,N
04-03-2024,Jaipur,30.4,C,NA,1.8,40.7,7.8,Cloudy,N
2024-03-05,Jaipur,31.2,C,,120.0,17.5,7.6,Heavy Rain,Y
2024-03-06,Jaipur,31.6,,65,0.1,18.0,10.2,Cloudy,N
2024-03-07,Jaipur,33.4,C,46,2.0,4.0,11.8,clear,N
2024-03-08,Jaipur,29.1,C,97,81.2,9.6,7.3,rain,Y
09-03-2024,Jaipur,31.2,C,93,20.5,6.1,8.9,Rain,N
2024-03-10,Jaipur,31.2,C,68,0.6,31.1,10.4,Clear,N
11-03-2024,Jaipur,36.9,,28,84.4,15.1,9.4,Heavy Rain,N
12-03-2024,Jaipur,27.7,C,43,0.3,35.7,10.0,Clear,N
2024-03-13,Jaipur,31.0,C,81,29.0,27.9,7.0,Rain,
14-03-2024,Jaipur,30.6,C,55,100.7,9.7,9.1,Thunderstorm,N
15-03-2024,Jaipur,29.5,,32,0.5,41.7,8.0,Cloudy,N
2024-03-16,Jaipur,27.5,C,68,1.7,35.2,11.9,Cloudy,N
17-03-2024,Jaipur,25.5,C,94,1.7,41.2,6.5,clear,N
18-03-2024,Jaipur,31.7,C,46,1.6,11.5,7.6,Cloudy,N
2024-03-19,Jaipur,38.5,C,30,1.1,31.5,1.8,Fog,N
20-03-2024,Jaipur,93.1,F,46,0.6,25.5,8.0,Clear,N
21-03-2024,Jaipur,28.6,C,29,1.7,2.3,5.2,Cloudy,N
22-03-2024,Jaipur,32.6,C,66,0.2,19.0,7.2,Sunny,N
2024-03-23,Jaipur,30.1,C,38,0.6,5.9,10.6,Clear,N
24-03-2024,Jaipur,30.4,,37,18.9,18.7,6.9,Rain,no
2024-03-25,Jaipur,36.8,C,59,0.3,10.0,8.8,clear,N
26-03-2024,Jaipur,40.5,C,61,58.2,14.7,5.5,Heavy Rain,N
28-03-2024,Jaipur,38.5,C,86,0.9,5.7,10.5,Cloudy,N
2024-03-29,Jaipur,32.9,C,48,1.8,8.8,5.7,Cloudy,N
30-03-2024,Jaipur,35.9,C,47,62.4,36.7,5.3,Thunderstorm,no
2024-03-31,Jaipur,33.0,,72,6.6,20.9,6.5,rain,N
2024-04-03,Jaipur,30.1,C,34,0.4,41.0,9.1,CLEAR,N
2024-04-04,Jaipur,28.4,C,45,0.5,7.0,0.8,Fog,N
05-04-2024,Jaipur,30.2,C,48,0.3,7.8,11.7,Clear,N
07-04-2024,Jaipur,32.0,C,61,79.1,26.5,7.9,Rain,no
08-04-2024,Jaipur,34.4,,67,1.9,16.7,4.3,clear,N
09-04-2024,Jaipur,33.6,,41,0.3,3.7,7.6,Clear,N
10-04-2024,Jaipur,30.1,,57,0.8,36.6,6.8,Clear,N
11-04-2024,Jaipur,87.3,F,77,1.7,33.0,2.6,Fog,N
12-04-2024,Jaipur,30.5,C,76,1.7,44.3,4.8,Clear,N
13-04-2024,Jaipur,87.6,F,82,0.4,27.5,10.9,Clear,N
14-04-2024,Jaipur,36.3,C,38,0.2,-,11.8,Clear,N
2024-04-15,Jaipur,29.2,C,40,1.5,3.9,10.6,Sunny,N
16-04-2024,Jaipur,35.8,C,48,53.2,12.5,4.8,Rain,Y
17-04-2024,Jaipur,37.2,C,47,1.8,43.6,7.8,Clear,N
2024-04-18,Jaipur,32.8,C,66,0.4,31.7,10.4,Cloudy,N
2024-04-19,Jaipur,28.7,C,79,1.0,4.7,5.0,Cloudy,N
2024-04-20,Jaipur,35.5,C,82,0.8,4.4,2.1,Fog,N
21-04-2024,Jaipur,33.5,C,86,114.7,3.4,10.7,Heavy Rain,N
22-04-2024,Jaipur,34.0,C,93,1.2,37.3,0.6,Fog,N
23-04-2024,Jaipur,31.3,C,36,1.1,27.0,4.0,clear,N
24-04-2024,Jaipur,28.2,C,88,93.4,31.7,7.3,Rain,Y
2024-04-25,Jaipur,91.6,F,62,0.9,6.9,2.4,Fog,N
26-04-2024,Jaipur,87.3,F,37,0.9,30.2,6.8,Cloudy,N
2024-04-27,Jaipur,29.0,,95,0.8,35.2,4.9,Cloudy,N
28-04-2024,Jaipur,32.3,C,92,0.3,14.1,4.1,CLEAR,N
29-04-2024,Jaipur,22.0,C,64,93.0,32.1,6.6,rain,
2024-04-30,Jaipur,35.9,C,32,0.0,5.2,6.4,clear,N
02-05-2024,Jaipur,25.6,C,89,0.4,13.4,10.4,Cloudy,N
03-05-2024,Jaipur,29.1,,49,117.5,20.4,4.4,rain,N
04-05-2024,Jaipur,34.9,C,30,78.8,33.2,7.7,Heavy Rain,N
05-05-2024,Jaipur,89.4,F,64,0.6,13.5,10.5,Clear,N
06-05-2024,Jaipur,94.8,F,98,114.2,20.1,4.9,Rain,
2024-05-07,Jaipur,36.0,,87,119.1,17.9,7.3,Rain,N
08-05-2024,Jaipur,33.2,,59,1.6,5.3,5.2,Clear,N
2024-05-09,Jaipur,32.7,C,74,56.7,3.7,10.8,Rain,N
10-05-2024,Jaipur,30.3,C,70,57.7,8.1,10.9,Thunderstorm,N
11-05-2024,Jaipur,29.9,C,98,1.7,36.2,8.1,Sunny,N
12-05-2024,Jaipur,28.9,C,59,0.8,9.5,6.6,Sunny,N
13-05-2024,Jaipur,30.0,C,82,1.3,31.4,6.8,Cloudy,N
2024-05-14,Jaipur,35.7,C,30,0.6,22.0,4.3,Cloudy,N
15-05-2024,Jaipur,86.6,F,58,62.8,19.8,5.4,Rain,N
2024-05-16,Jaipur,25.8,C,77,1.3,41.6,5.4,Clear,N
17-05-2024,Jaipur,30.9,C,77,0.1,26.9,8.6,Cloudy,N
2024-05-18,Jaipur,29.9,,55,1.4,15.7,6.4,Clear,N
2024-05-19,Jaipur,29.5,C,72,1.6,22.0,9.0,Clear,N
20-05-2024,Jaipur,30.9,,57,63.1,43.1,7.2,Rain,yes
2024-05-21,Jaipur,73.8,F,96,1.2,22.9,1.7,Fog,N
22-05-2024,Jaipur,27.2,C,58,85.3,38.2,4.2,Rain,no
2024-05-23,Jaipur,30.0,C,41,116.4,38.8,4.5,Heavy Rain,N
2024-05-24,Jaipur,29.5,C,54,0.2,8.8,5.5,Sunny,N
2024-05-25,Jaipur,32.4,C,32,38.8,38.7,4.7,Rain,N
2024-05-26,Jaipur,28.0,,88,90.2,25.0,7.8,Rain,Y
2024-05-27,Jaipur,25.6,,57,0.1,24.9,6.5,Cloudy,N
2024-05-28,Jaipur,30.1,,50,1.4,22.5,8.5,Clear,N
29-05-2024,Jaipur,29.4,C,97,29.5,24.8,8.2,Heavy Rain,yes
2024-05-30,Jaipur,26.1,,58,70.8,37.1,9.7,Rain,no
2024-05-31,Jaipur,25.1,C,,42.9,10.0,11.1,rain,N
01-06-2024,Jaipur,27.8,C,86,31.3,6.0,9.9,Heavy Rain,N
02-06-2024,Jaipur,unknown,C,85,0.3,19.1,10.9,clear,N
03-06-2024,Jaipur,32.7,C,38,109.0,30.5,8.8,Rain,
2024-06-04,Jaipur,33.8,C,74,0.6,34.1,11.2,CLEAR,N
2024-06-05,Jaipur,29.4,,70,0.7,18.3,9.6,Sunny,N
06-06-2024,Jaipur,90.6,F,86,71.8,38.7,7.8,Thunderstorm,N
2024-06-07,Jaipur,27.4,,59,0.2,27.8,8.2,Cloudy,N
2024-06-08,Jaipur,79.7,F,32,1.7,17.0,4.1,Cloudy,N
09-06-2024,Jaipur,25.5,C,81,1.1,27.2,4.4,Clear,N
2024-06-10,Jaipur,25.6,C,77,104.0,42.2,11.3,Rain,N
11-06-2024,Jaipur,29.2,,89,14.6,33.2,6.8,Heavy Rain,no
2024-06-12,Jaipur,24.3,C,35,28.8,45.0,7.4,Rain,
13-06-2024,Jaipur,31.1,C,48,83.4,38.3,10.5,Rain,N
2024-06-14,Jaipur,27.8,C,74,70.8,6.5,9.0,Rain,Y
2024-06-15,Jaipur,31.5,C,74,33.6,41.3,10.3,Rain,N
2024-06-16,Jaipur,27.0,C,53,0.9,15.0,5.8,CLEAR,N
2024-06-17,Jaipur,29.3,C,46,0.6,16.4,10.9,Clear,N
18-06-2024,Jaipur,23.8,C,48,48.9,12.3,10.8,Heavy Rain,
19-06-2024,Jaipur,24.7,C,82,88.7,39.3,4.4,Rain,
20-06-2024,Jaipur,27.4,C,82,1.0,19.7,9.0,Sunny,N
2024-06-21,Jaipur,21.6,,56,92.7,13.7,10.6,Rain,N
22-06-2024,Jaipur,72.0,,45,1.0,35.5,5.8,Cloudy,N
23-06-2024,Jaipur,28.4,,62,60.1,31.1,8.0,Rain,
2024-06-24,Jaipur,22.6,C,44,0.4,33.5,8.1,Sunny,N
2024-06-25,Jaipur,21.2,C,57,0.7,16.4,8.1,Clear,N
26-06-2024,Jaipur,67.2,F,48,1.7,29.9,2.6,Fog,N
27-06-2024,Jaipur,28.1,C,80,1.8,37.0,4.9,Clear,N
2024-06-28,Jaipur,24.9,C,41,0.9,14.1,5.2,CLEAR,N
2024-06-29,Jaipur,23.5,,74,1.3,23.1,5.4,Clear,N
30-06-2024,Jaipur,23.5,,85,1.2,32.5,5.1,Clear,N
2024-07-01,Jaipur,26.3,,44,1.3,11.8,11.1,clear,N
02-07-2024,Jaipur,81.2,F,42,0.4,16.6,10.9,Clear,N
2024-07-03,Jaipur,75.9,F,37,1.5,11.2,11.0,Cloudy,N
2024-07-04,Jaipur,22.5,C,64,84.7,15.9,11.3,Rain,no
05-07-2024,Jaipur,28.3,C,36,0.9,4.1,8.2,Cloudy,N
06-07-2024,Jaipur,26.5,C,79,1.1,44.6,6.8,Cloudy,N
07-07-2024,Jaipur,24.7,C,63,0.1,28.3,7.4,Cloudy,N
2024-07-08,Jaipur,22.9,C,78,0.2,24.4,6.1,Clear,N
2024-07-09,Jaipur,29.0,C,93,1.9,36.2,2.1,Fog,N
10-07-2024,Jaipur,17.3,C,64,0.7,19.7,4.8,Cloudy,N
2024-07-11,Jaipur,20.0,C,77,112.1,5.5,4.7,Heavy Rain,
2024-07-12,Jaipur,17.1,C,51,1.4,7.2,11.2,Cloudy,N
2024-07-13,Jaipur,68.5,F,44,115.2,30.4,7.1,rain,Y
2024-07-14,Jaipur,27.6,C,64,10.1,37.8,6.7,Thunderstorm,Y
15-07-2024,Jaipur,15.7,C,50,0.3,5.8,8.0,Clear,N
16-07-2024,Jaipur,22.0,C,91,115.7,31.6,5.6,Thunderstorm,
2024-07-17,Jaipur,23.3,C,70,0.1,33.9,7.2,Clear,N
18-07-2024,Jaipur,22.0,,62,1.5,24.2,4.6,Cloudy,N
19-07-2024,Jaipur,23.6,C,84,113.3,19.9,8.1,Thunderstorm,N
2024-07-20,Jaipur,16.2,C,97,40.4,36.9,5.5,Heavy Rain,N
2024-07-21,Jaipur,23.7,C,30,22.5,19.5,7.4,Thunderstorm,
22-07-2024,Jaipur,22.6,C,58,1.2,34.4,5.1,clear,N
2024-07-24,Jaipur,24.5,C,NA,0.6,43.5,5.2,Clear,N
25-07-2024,Jaipur,26.4,C,80,14.7,21.1,4.2,Heavy Rain,
26-07-2024,Jaipur,22.5,,72,0.6,11.7,8.2,Sunny,N
2024-07-27,Jaipur,28.6,C,34,107.2,5.5,5.0,Heavy Rain,Y
28-07-2024,Jaipur,22.9,C,74,105.5,6.5,8.7,rain,N
2024-07-29,Jaipur,27.1,,68,2.0,31.8,4.8,Clear,N
30-07-2024,Jaipur,14.3,C,37,17.2,9.5,10.1,Thunderstorm,Y
2024-07-31,Jaipur,19.0,C,53,39.2,15.3,6.9,Thunderstorm,no
01-08-2024,Jaipur,18.7,,85,1.2,23.2,5.0,Cloudy,N
02-08-2024,Jaipur,24.2,C,71,0.8,29.9,5.3,clear,N
03-08-2024,Jaipur,24.1,,38,83.1,18.6,9.2,Rain,N
2024-08-04,Jaipur,23.0,,64,1.5,16.9,4.1,Cloudy,N
05-08-2024,Jaipur,-,C,73,0.8,18.1,11.0,Clear,N
06-08-2024,Jaipur,-,,98,0.6,9.4,5.1,Sunny,N
2024-08-07,Jaipur,23.2,C,35,81.9,43.9,11.6,Rain,N
08-08-2024,Jaipur,23.9,,80,98.3,35.9,11.5,Thunderstorm,no
2024-08-09,Jaipur,18.7,C,65,2.0,10.1,11.0,CLEAR,N
10-08-2024,Jaipur,19.6,C,84,34.9,10.0,6.2,Rain,no
11-08-2024,Jaipur,18.8,C,42,115.8,38.6,10.9,Heavy Rain,no
12-08-2024,Jaipur,20.5,C,87,1.4,27.8,6.0,Cloudy,N
13-08-2024,Jaipur,16.4,C,78,0.3,29.4,4.2,Clear,N
2024-08-14,Jaipur,18.7,C,85,15.4,4.4,6.8,Rain,
15-08-2024,Jaipur,20.0,C,41,1.7,10.5,7.6,Clear,N
2024-08-16,Jaipur,19.2,C,50,0.6,7.0,6.6,Cloudy,N
2024-08-17,Jaipur,16.8,C,90,0.2,18.0,11.5,Clear,N
2024-08-18,Jaipur,19.5,,59,0.0,43.1,10.5,Cloudy,N
19-08-2024,Jaipur,13.7,,31,1.6,4.5,5.4,Clear,N
20-08-2024,Jaipur,21.3,C,68,63.4,30.5,10.1,Rain,
21-08-2024,Jaipur,16.0,C,85,1.6,32.9,5.9,Clear,N
2024-08-22,Jaipur,71.7,F,91,1.2,40.7,8.9,Clear,N
23-08-2024,Jaipur,21.9,C,69,0.5,26.3,8.2,Cloudy,N
2024-08-24,Jaipur,21.0,C,44,2.0,32.0,10.6,Clear,N
25-08-2024,Jaipur,17.6,C,32,0.8,24.4,11.7,Clear,N
2024-08-26,Jaipur,null,C,33,92.5,25.1,11.5,Thunderstorm,yes
27-08-2024,Jaipur,12.6,C,93,0.1,24.3,11.6,Cloudy,N
28-08-2024,Jaipur,21.8,C,36,92.4,12.5,9.0,Thunderstorm,N
29-08-2024,Jaipur,17.0,,86,114.7,9.5,8.4,Thunderstorm,
30-08-2024,Jaipur,19.9,,45,1.8,27.6,7.3,Sunny,N
2024-08-31,Jaipur,19.8,C,77,0.9,38.0,10.6,Sunny,N
01-09-2024,Jaipur,17.8,,64,0.1,24.9,4.6,Cloudy,N
2024-09-02,Jaipur,14.2,C,35,74.7,41.4,9.0,Thunderstorm,yes
2024-09-03,Jaipur,21.7,C,33,1.3,44.5,6.4,clear,N
04-09-2024,Jaipur,12.3,C,69,1.1,18.5,4.7,Clear,N
2024-09-05,Jaipur,9.8,C,69,0.4,35.8,7.6,Cloudy,N
2024-09-06,Jaipur,16.8,C,55,1.3,20.9,4.7,Cloudy,N
2024-09-07,Jaipur,16.7,C,48,1.2,40.1,8.3,Clear,N
08-09-2024,Jaipur,56.3,,76,0.2,10.6,4.9,Clear,N
2024-09-09,Jaipur,9.7,,63,36.0,31.9,11.8,Rain,N
2024-09-10,Jaipur,11.6,,73,1.7,32.0,5.1,Cloudy,N
2024-09-11,Jaipur,18.6,C,63,0.5,13.9,11.8,Clear,N
12-09-2024,Jaipur,19.7,,60,59.0,  ,11.6,Rain,yes
2024-09-13,Jaipur,12.7,,36,1.4,8.3,6.8,Clear,N
14-09-2024,Jaipur,17.4,,28,0.5,39.8,4.1,Sunny,N
2024-09-15,Jaipur,63.0,F,60,48.9,22.1,6.0,Rain,yes
16-09-2024,Jaipur,15.6,C,92,113.3,11.8,4.5,Thunderstorm,
17-09-2024,Jaipur,15.7,C,89,0.7,40.4,11.3,Sunny,N
19-09-2024,Jaipur,63.0,F,86,0.1,32.1,10.8,Cloudy,N
20-09-2024,Jaipur,13.9,C,47,0.6,37.5,0.6,Fog,N
21-09-2024,Jaipur,11.1,C,90,0.6,30.1,9.8,Sunny,N
2024-09-22,Jaipur,17.8,C,63,1.0,10.0,11.1,CLEAR,N
2024-09-23,Jaipur,6.0,C,39,1.4,22.6,11.6,Clear,N
2024-09-24,Jaipur,17.2,C,N/A,2.0,33.0,6.3,Cloudy,N
25-09-2024,Jaipur,18.6,C,75,0.2,34.2,12.0,Cloudy,N
26-09-2024,Jaipur,63.7,,71,1.8,3.3,9.5,Clear,N
27-09-2024,Jaipur,15.3,C,51,1.7,8.9,6.7,Cloudy,N
2024-09-28,Jaipur,19.1,C,64,1.7,-,6.9,Clear,N
29-09-2024,Jaipur,9.8,C,95,0.8,6.0,6.3,Clear,N
2024-09-30,Jaipur,17.0,C,85,1.8,36.1,10.9,Clear,N
01-10-2024,Jaipur,17.4,C,68,102.6,41.6,7.8,Rain,N
02-10-2024,Jaipur,14.1,C,29,2.0,27.8,4.9,Clear,N
03-10-2024,Jaipur,15.6,C,84,0.2,17.3,9.4,Clear,N
04-10-2024,Jaipur,16.5,C,88,115.7,26.6,6.0,Heavy Rain,no
05-10-2024,Jaipur,18.1,C,95,1.7,29.5,2.0,Fog,N
06-10-2024,Jaipur,15.6,,46,1.3,2.2,2.8,Fog,N
07-10-2024,Jaipur,18.3,,86,1.3,13.1,7.4,Cloudy,N
2024-10-08,Jaipur,16.7,,39,0.7,N/A,7.1,Cloudy,N
09-10-2024,Jaipur,15.7,C,28,34.0,13.2,5.3,Rain,N
10-10-2024,Jaipur,12.3,C,82,0.6,39.1,7.5,CLEAR,N
11-10-2024,Jaipur,17.3,C,92,85.0,4.2,9.7,Rain,yes
2024-10-12,Jaipur,12.9,C,97,0.5,16.5,11.2,Cloudy,N
2024-10-14,Jaipur,17.9,C,63,0.2,6.4,8.5,Cloudy,N
15-10-2024,Jaipur,17.0,C,N/A,81.5,21.8,10.9,Rain,N
16-10-2024,Jaipur,69.3,F,79,0.7,15.1,8.1,Cloudy,N
2024-10-17,Jaipur,18.5,C,75,108.0,8.7,7.5,Rain,N
18-10-2024,Jaipur,11.9,C,42,0.4,34.2,7.6,CLEAR,N
19-10-2024,Jaipur,16.8,C,29,79.3,17.7,7.3,Rain,Y
2024-10-20,Jaipur,19.7,,unknown,57.7,N/A,5.6,Heavy Rain,no
2024-10-21,Jaipur,14.7,C,47,1.8,25.0,9.3,Sunny,N
2024-10-22,Jaipur,19.1,C,92,52.1,31.9,9.6,Thunderstorm,N
2024-10-23,Jaipur,17.8,,81,0.9,3.2,6.4,Cloudy,N
2024-10-24,Jaipur,57.9,F,92,1.5,44.9,7.9,Cloudy,N
2024-10-25,Jaipur,20.0,C,31,103.5,33.1,6.2,Rain,N
26-10-2024,Jaipur,20.7,C,72,1.4,6.4,10.2,Clear,N
2024-10-27,Jaipur,15.6,C,null,39.2,12.4,11.6,Thunderstorm,N
2024-10-28,Jaipur,12.5,,59,0.3,37.5,4.2,clear,N
2024-10-29,Jaipur,18.5,C,50,1.3,41.4,11.5,Clear,N
2024-10-30,Jaipur,17.8,,58,0.4,30.5,6.6,Clear,N
31-10-2024,Jaipur,15.0,,60,110.9,21.2,10.4,Thunderstorm,N
01-11-2024,Jaipur,21.4,C,66,1.4,23.1,3.0,Fog,N
02-11-2024,Jaipur,16.8,C,52,0.5,15.6,9.6,Cloudy,N
03-11-2024,Jaipur,19.4,C,59,0.8,19.3,10.0,Clear,N
04-11-2024,Jaipur,71.1,F,91,0.8,42.9,11.4,clear,N
05-11-2024,Jaipur,17.7,,87,94.1,42.5,9.2,Rain,N
2024-11-06,Jaipur,19.1,C,76,116.9,32.0,10.4,Rain,
2024-11-07,Jaipur,12.0,C,88,1.5,10.5,5.4,Cloudy,N
08-11-2024,Jaipur,unknown,C,78,0.4,37.7,10.0,Clear,N
2024-11-09,Jaipur,20.0,C,81,0.7,6.9,4.3,CLEAR,N
2024-11-10,Jaipur,20.8,C,41,46.7,13.2,4.3,Rain,Y
2024-11-11,Jaipur,22.1,C,48,0.5,26.5,4.0,CLEAR,N
12-11-2024,Jaipur,58.8,,91,0.9,16.6,9.9,Cloudy,N
2024-11-13,Jaipur,19.3,,44,1.1,42.1,4.4,CLEAR,N
14-11-2024,Jaipur,15.4,,79,0.4,25.8,10.7,CLEAR,N
15-11-2024,Jaipur,65.8,F,80,52.6,31.0,5.1,rain,N
2024-11-16,Jaipur,21.3,,87,1.0,2.4,8.1,Clear,N
17-11-2024,Jaipur,65.5,F,82,0.2,18.8,10.2,Cloudy,N
18-11-2024,Jaipur,18.6,,60,0.7,26.4,11.8,Clear,N
19-11-2024,Jaipur,20.8,,84,0.3,20.1,7.1,Cloudy,N
20-11-2024,Jaipur,24.1,C,83,50.5,26.8,6.9,Thunderstorm,N
21-11-2024,Jaipur,15.4,C,61,0.9,30.3,11.8,Clear,N
22-11-2024,Jaipur,20.2,C,93,1.6,8.2,12.0,Cloudy,N
2024-11-23,Jaipur,70.2,F,84,100.0,31.6,6.7,Rain,N
24-11-2024,Jaipur,72.1,,37,1.5,15.9,4.4,clear,N
25-11-2024,Jaipur,20.2,C,53,0.8,null,7.7,Clear,N
26-11-2024,Jaipur,61.7,,30,116.3,32.8,5.5,Rain,N
27-11-2024,Jaipur,60.5,,36,53.1,43.7,10.7,Thunderstorm,N
2024-11-28,Jaipur,20.7,C,49,0.2,14.5,10.2,Sunny,N
29-11-2024,Jaipur,22.0,,85,1.7,23.5,11.7,Clear,N
2024-11-30,Jaipur,19.7,C,35,39.4,40.2,10.9,rain,no
01-12-2024,Jaipur,19.1,C,57,1.5,16.7,5.0,Cloudy,N
2024-12-02,Jaipur,67.5,F,N/A,1.2,10.1,7.9,clear,N
2024-12-03,Jaipur,19.1,C,94,1.9,41.9,0.7,Fog,N
2024-12-04,Jaipur,17.9,C,49,1.7,12.0,8.0,clear,N
2024-12-05,Jaipur,23.6,C,49,0.3,3.5,10.1,Clear,N
06-12-2024,Jaipur,22.7,C,60,1.2,13.9,10.3,Clear,N
2024-12-07,Jaipur,22.9,C,46,1.3,34.7,4.5,clear,N
08-12-2024,Jaipur,70.6,F,59,23.3,11.3,7.9,Heavy Rain,no
2024-12-09,Jaipur,19.6,,55,0.5,3.1,8.4,Cloudy,N
2024-12-10,Jaipur,20.3,C,80,0.2,37.9,4.9,Sunny,N
2024-12-11,Jaipur,21.8,C,49,0.6,38.5,6.4,Clear,N
12-12-2024,Jaipur,24.2,C,95,1.4,30.8,4.4,Clear,N
13-12-2024,Jaipur,-,C,48,12.0,32.4,7.4,rain,N
14-12-2024,Jaipur,19.2,C,28,0.9,33.7,6.2,clear,N
15-12-2024,Jaipur,69.1,F,71,1.0,25.1,5.4,Cloudy,N
16-12-2024,Jaipur,unknown,F,28,1.0,23.8,7.0,Sunny,N
17-12-2024,Jaipur,19.0,C,87,88.3,22.5,5.6,Rain,Y
18-12-2024,Jaipur,20.7,,93,1.5,7.0,11.1,CLEAR,N
19-12-2024,Jaipur,25.0,C,unknown,0.5,15.2,8.9,Cloudy,N
20-12-2024,Jaipur,21.3,C,61,1.5,28.6,6.5,CLEAR,N
21-12-2024,Jaipur,20.7,C,67,0.2,26.5,8.9,Cloudy,N
22-12-2024,Jaipur,22.4,C,96,31.2,36.1,4.1,Rain,N
23-12-2024,Jaipur,24.9,C,96,0.7,13.7,6.2,Clear,N
24-12-2024,Jaipur,26.2,,42,5.1,36.3,5.5,rain,N
2024-12-25,Jaipur,17.7,,98,1.1,7.5,10.2,Clear,N
2024-12-26,Jaipur,24.8,C,71,37.2,31.5,5.5,Rain,N
2024-12-27,Jaipur,73.8,F,90,0.3,36.5,8.5,Clear,N
2024-12-29,Jaipur,24.2,C,31,97.9,27.7,6.1,Rain,N
2024-12-30,Jaipur,25.9,C,88,1.3,17.4,6.5,Clear,N
2024-12-31,Jaipur,18.4,C,92,73.1,12.6,5.5,Rain,no
2025-01-01,Jaipur,unknown,C,  ,98.6,37.3,6.2,Rain,N
02-01-2025,Jaipur,68.4,F,43,119.0,4.0,8.5,rain,N
2025-01-03,Jaipur,28.8,C,42,0.6,44.4,11.5,Cloudy,N
04-01-2025,Jaipur,31.6,C,45,0.0,5.9,1.2,Fog,N
2025-01-05,Jaipur,26.1,C,30,0.3,35.4,5.2,Clear,N
2025-01-06,Jaipur,23.2,C,42,0.1,4.9,6.7,Clear,N
07-01-2025,Jaipur,26.1,,97,104.6,9.5,9.9,Rain,N
2025-01-08,Jaipur,31.7,C,43,1.5,37.5,8.3,CLEAR,N
09-01-2025,Jaipur,27.3,C,44,1.7,2.9,8.4,Clear,N
10-01-2025,Jaipur,20.7,C,88,1.8,17.7,5.5,Sunny,N
11-01-2025,Jaipur,  ,C,55,1.7,37.1,11.8,Cloudy,N
2025-01-12,Jaipur,28.5,C,54,1.7,38.3,8.6,Clear,N
13-01-2025,Jaipur,18.9,,30,0.5,41.8,8.9,Sunny,N
2025-01-14,Jaipur,27.9,,98,0.8,6.0,4.9,Cloudy,N
2025-01-15,Jaipur,27.3,,40,2.0,32.1,6.8,Clear,N
16-01-2025,Jaipur,28.6,C,41,15.7,36.1,5.4,Rain,N
17-01-2025,Jaipur,NA,F,84,0.2,18.7,11.3,Cloudy,N
18-01-2025,Jaipur,27.7,C,79,0.9,35.1,9.6,Cloudy,N
2025-01-19,Jaipur,77.3,,42,1.2,21.0,1.1,Fog,N
20-01-2025,Jaipur,25.9,C,86,0.6,7.3,11.7,Cloudy,N
21-01-2025,Jaipur,31.7,,54,0.4,9.1,9.7,Cloudy,N
22-01-2025,Jaipur,24.8,,32,56.6,5.0,7.3,Thunderstorm,no
23-01-2025,Jaipur,25.5,C,84,27.3,29.2,6.8,Heavy Rain,yes
2025-01-24,Jaipur,25.4,,51,23.3,21.3,10.4,rain,yes
2025-01-25,Jaipur,31.7,,57,0.3,22.4,0.3,Fog,N
2025-01-26,Jaipur,25.5,C,54,0.1,6.8,6.1,clear,N
2025-01-27,Jaipur,29.4,,46,1.3,29.5,4.3,Clear,N
2025-01-28,Jaipur,28.6,,78,7.4,14.4,5.1,Rain,Y
29-01-2025,Jaipur,26.9,C,63,0.5,16.7,2.3,Fog,N
30-01-2025,Jaipur,31.1,C,47,1.3,21.9,11.1,Clear,N
31-01-2025,Jaipur,25.5,C,64,1.8,18.0,7.7,Cloudy,N
2025-02-01,Jaipur,97.5,,52,1.7,15.1,2.8,Fog,N
02-02-2025,Jaipur,27.6,,75,45.2,17.9,7.3,Rain,yes
2025-02-03,Jaipur,31.6,,79,78.3,44.4,5.5,Rain,N
04-02-2025,Jaipur,32.2,C,79,1.5,23.3,5.5,Clear,N
05-02-2025,Jaipur,29.6,C,53,77.5,36.2,5.0,Rain,N
06-02-2025,Jaipur,30.9,C,89,1.4,4.6,7.4,Sunny,N
2025-02-07,Jaipur,31.2,,46,1.3,7.9,5.8,Clear,N
2025-02-08,Jaipur,30.7,,NA,0.8,27.9,8.0,clear,N
2025-02-09,Jaipur,30.0,,90,1.1,17.8,11.1,Sunny,N
10-02-2025,Jaipur,30.2,C,82,0.2,39.4,11.9,Cloudy,N
2025-02-11,Jaipur,28.8,C,37,12.3,18.2,4.9,rain,N
2025-02-12,Jaipur,30.5,C,67,1.2,24.2,6.4,CLEAR,N
13-02-2025,Jaipur,29.6,C,59,21.5,5.2,10.6,Thunderstorm,N
14-02-2025,Jaipur,30.0,C,66,1.8,36.9,1.1,Fog,N
15-02-2025,Jaipur,28.1,,68,0.3,41.8,6.8,clear,N
16-02-2025,Jaipur,30.6,C,88,1.7,24.3,9.3,Cloudy,N
17-02-2025,Jaipur,29.3,C,68,1.5,2.6,5.6,Cloudy,N
19-02-2025,Jaipur,30.2,C,35,0.5,27.0,8.5,Cloudy,N
20-02-2025,Jaipur,25.7,C,64,0.6,35.1,7.5,Clear,N
21-02-2025,Jaipur,28.8,C,87,0.5,26.4,11.8,Cloudy,N
22-02-2025,Jaipur,30.7,,74,1.6,20.9,6.3,CLEAR,N
23-02-2025,Jaipur,33.1,C,N/A,2.0,3.5,4.0,Clear,N
24-02-2025,Jaipur,31.2,C,51,1.6,44.1,10.3,Clear,N
25-02-2025,Jaipur,30.6,C,54,0.0,10.2,11.6,CLEAR,N
26-02-2025,Jaipur,34.0,C,61,1.7,37.6,7.0,Cloudy,N
2025-02-27,Jaipur,30.0,C,  ,0.8,21.9,4.3,clear,N
2025-02-28,Jaipur,27.6,,98,1.4,6.2,5.3,Clear,N
01-03-2025,Jaipur,32.5,C,90,1.1,33.0,11.6,Clear,N
02-03-2025,Jaipur,35.9,C,41,51.8,35.6,5.1,Rain,N
03-03-2025,Jaipur,35.2,C,48,0.1,31.6,4.1,Sunny,N
2025-03-04,Jaipur,31.8,C,94,0.0,4.5,6.5,Clear,N
05-03-2025,Jaipur,34.7,C,34,68.6,30.4,5.2,Thunderstorm,
06-03-2025,Jaipur,31.0,C,77,0.4,33.6,7.8,Sunny,N
07-03-2025,Jaipur,31.7,,85,1.9,35.7,10.2,Clear,N
2025-03-08,Jaipur,26.9,C,72,0.8,32.9,7.4,Sunny,N
2025-03-09,Jaipur,28.7,C,61,0.0,12.0,10.7,Sunny,N
2025-03-10,Jaipur,31.4,,30,0.2,41.2,9.6,Clear,N
11-03-2025,Jaipur,88.3,,61,1.6,8.4,5.1,Cloudy,N
12-03-2025,Jaipur,34.5,C,48,103.1,4.4,9.4,Rain,N
13-03-2025,Jaipur,92.9,F,79,0.7,33.6,9.5,Clear,N
2025-03-14,Jaipur,34.8,C,81,1.2,25.7,10.2,clear,N
15-03-2025,Jaipur,33.2,C,55,0.7,19.2,6.5,clear,N
16-03-2025,Jaipur,32.3,,71,1.6,41.3,10.8,Clear,N
2025-03-17,Jaipur,27.7,C,37,11.8,31.7,6.1,Thunderstorm,N
2025-03-18,Jaipur,29.7,C,37,33.6,5.0,7.4,Thunderstorm,Y
2025-03-19,Jaipur,27.9,C,96,16.1,19.3,6.4,rain,N
20-03-2025,Jaipur,38.2,C,35,0.0,44.8,4.5,Clear,N
21-03-2025,Jaipur,31.8,C,64,0.3,18.1,10.9,Clear,N
22-03-2025,Jaipur,25.7,,74,0.1,27.4,12.0,Sunny,N
23-03-2025,Jaipur,35.1,C,32,1.8,3.9,6.0,Sunny,N
24-03-2025,Jaipur,31.6,C,62,112.5,44.5,9.6,Thunderstorm,
25-03-2025,Jaipur,88.3,F,85,0.5,16.8,7.5,Clear,N
26-03-2025,Jaipur,38.6,,58,0.6,8.2,11.6,Clear,N
27-03-2025,Jaipur,35.0,C,70,67.4,37.1,11.1,Heavy Rain,Y
2025-03-28,Jaipur,87.7,F,70,41.4,20.4,5.2,Rain,
2025-03-29,Jaipur,30.1,,52,71.6,25.5,11.4,Rain,N
2025-03-30,Jaipur,35.0,,91,1.3,36.5,8.6,CLEAR,N
2025-03-31,Jaipur,34.5,C,68,38.1,37.7,6.7,Rain,yes
2025-04-01,Jaipur,28.3,C,29,0.6,10.1,11.9,Cloudy,N
2025-04-02,Jaipur,35.3,,78,1.8,29.0,6.5,clear,N
03-04-2025,Jaipur,27.7,C,  ,1.6,36.5,7.7,Clear,N
04-04-2025,Jaipur,32.4,C,32,0.2,15.5,10.0,Sunny,N
05-04-2025,Jaipur,29.7,,53,0.7,40.3,4.4,Clear,N
06-04-2025,Jaipur,36.9,C,52,65.4,20.3,7.3,Thunderstorm,Y
07-04-2025,Jaipur,31.5,C,91,56.9,6.7,4.4,Thunderstorm,yes
08-04-2025,Jaipur,28.1,C,32,50.2,2.1,8.4,rain,yes
09-04-2025,Jaipur,36.0,C,62,76.0,10.9,7.5,Heavy Rain,no
10-04-2025,Jaipur,77.5,F,65,1.8,14.6,10.1,Sunny,N
2025-04-11,Jaipur,29.6,C,  ,0.8,39.6,4.5,Cloudy,N
12-04-2025,Jaipur,35.2,C,48,30.4,7.3,8.0,Rain,
13-04-2025,Jaipur,33.1,C,84,90.8,17.0,5.6,Heavy Rain,no
14-04-2025,Jaipur,33.6,C,48,1.7,30.8,11.1,Sunny,N
2025-04-15,Jaipur,34.9,,42,0.6,37.8,9.7,Clear,N
16-04-2025,Jaipur,87.7,F,85,1.3,41.7,11.4,Cloudy,N
2025-04-17,Jaipur,33.4,C,93,1.6,44.3,11.1,Clear,N
2025-04-18,Jaipur,32.8,,98,1.0,28.3,8.0,Clear,N
19-04-2025,Jaipur,36.1,C,64,0.1,2.3,11.1,Clear,N
2025-04-20,Jaipur,27.8,C,38,1.1,15.7,8.7,Cloudy,N
2025-04-21,Jaipur,31.3,,86,72.5,34.9,9.6,Rain,N
2025-04-22,Jaipur,34.1,C,73,0.5,20.3,7.4,Clear,N
2025-04-23,Jaipur,80.7,,76,1.3,24.1,7.7,clear,N
2025-04-24,Jaipur,29.8,,95,1.8,3.2,9.0,Sunny,N
2025-04-25,Jaipur,26.8,C,82,85.8,45.0,6.7,Thunderstorm,Y
26-04-2025,Jaipur,29.7,C,67,0.4,24.9,4.9,Clear,N
27-04-2025,Jaipur,29.5,C,53,0.2,6.2,7.4,Clear,N
2025-04-28,Jaipur,33.8,,59,17.6,12.9,6.0,Heavy Rain,
2025-04-29,Jaipur,32.7,C,70,118.9,42.0,8.9,Heavy Rain,Y
2025-04-30,Jaipur,30.7,C,44,1.1,31.1,11.0,Clear,N
01-05-2025,Jaipur,30.8,C,47,0.2,23.0,9.3,Clear,N
2025-05-02,Jaipur,30.3,C,85,0.5,39.8,8.8,Clear,N
03-05-2025,Jaipur,32.0,C,96,0.4,12.4,4.6,Clear,N
04-05-2025,Jaipur,30.2,C,95,51.4,9.4,10.6,Heavy Rain,Y
05-05-2025,Jaipur,82.1,,85,0.3,4.7,7.2,Cloudy,N
2025-05-06,Jaipur,33.2,,86,1.5,42.0,2.6,Fog,N
2025-05-07,Jaipur,unknown,C,67,1.8,35.1,9.1,Cloudy,N
2025-05-08,Jaipur,28.1,C,28,50.3,9.3,11.0,rain,
2025-05-09,Jaipur,27.5,C,32,48.9,19.8,7.0,Rain,N
2025-05-10,Jaipur,32.1,C,36,88.4,16.4,6.6,Heavy Rain,
11-05-2025,Jaipur,31.5,C,77,1.7,35.2,5.2,Cloudy,N
12-05-2025,Jaipur,32.1,,71,2.0,28.6,7.2,clear,N
2025-05-13,Jaipur,35.4,C,28,0.7,19.9,8.2,clear,N
14-05-2025,Jaipur,36.9,C,90,1.1,12.0,6.3,Sunny,N
15-05-2025,Jaipur,27.8,,34,1.5,21.6,9.1,CLEAR,N
16-05-2025,Jaipur,33.5,C,60,0.1,24.5,6.0,Clear,N
17-05-2025,Jaipur,31.8,C,91,0.4,12.0,9.6,Cloudy,N
18-05-2025,Jaipur,33.5,C,41,1.5,42.4,10.4,clear,N
2025-05-19,Jaipur,27.8,C,43,9.3,3.5,9.3,Rain,N
2025-05-20,Jaipur,32.8,C,43,110.2,27.3,9.7,Rain,N
21-05-2025,Jaipur,31.1,C,66,0.4,6.0,11.8,Clear,N
22-05-2025,Jaipur,33.4,C,63,81.3,4.3,7.3,Thunderstorm,N
2025-05-23,Jaipur,31.9,,98,1.3,26.1,6.5,Cloudy,N
2025-05-24,Jaipur,28.9,,90,53.3,40.7,5.6,Rain,Y
2025-05-25,Jaipur,28.0,C,92,49.4,39.7,5.0,Thunderstorm,yes
26-05-2025,Jaipur,25.3,C,81,102.0,26.5,10.1,Thunderstorm,no
27-05-2025,Jaipur,30.3,C,  ,1.8,34.1,4.1,Clear,N
28-05-2025,Jaipur,26.6,C,98,1.5,14.4,7.9,Clear,N
2025-05-29,Jaipur,28.3,,50,78.6,7.8,10.8,Rain,Y
30-05-2025,Jaipur,30.3,C,82,0.7,10.9,8.6,clear,N
31-05-2025,Jaipur,24.8,C,61,109.3,37.4,5.2,Thunderstorm,no
2025-06-01,Jaipur,28.4,C,96,0.3,37.4,7.5,Clear,N
02-06-2025,Jaipur,29.9,C,34,61.8,42.8,7.2,Thunderstorm,N
2025-06-03,Jaipur,76.4,F,58,0.8,36.4,7.6,CLEAR,N
04-06-2025,Jaipur,29.2,C,42,33.1,42.7,8.4,Rain,
05-06-2025,Jaipur,29.2,C,41,1.0,29.5,5.1,Cloudy,N
2025-06-06,Jaipur,24.0,C,73,0.8,14.0,7.4,Clear,N
07-06-2025,Jaipur,77.2,,97,0.2,,4.1,Clear,N
08-06-2025,Jaipur,23.8,C,33,40.8,28.6,9.0,rain,yes
10-06-2025,Jaipur,27.3,,65,1.9,43.1,6.8,Clear,N
11-06-2025,Jaipur,22.2,C,44,0.7,3.8,8.9,Sunny,N
2025-06-12,Jaipur,24.6,C,68,0.8,23.8,9.9,Clear,N
2025-06-13,Jaipur,23.6,C,95,1.7,10.2,2.9,Fog,N
2025-06-14,Jaipur,16.3,C,49,102.7,34.0,8.6,Thunderstorm,N
2025-06-15,Jaipur,29.3,C,44,59.0,27.5,11.4,Heavy Rain,N
2025-06-16,Jaipur,29.1,,98,1.7,38.1,4.0,Sunny,N
17-06-2025,Jaipur,25.0,C,93,0.9,18.4,6.1,Cloudy,N
2025-06-18,Jaipur,28.4,C,74,0.8,6.3,11.6,Clear,N
19-06-2025,Jaipur,21.0,,94,0.7,5.5,9.5,CLEAR,N
2025-06-20,Jaipur,unknown,C,32,1.8,36.5,1.0,Fog,N
21-06-2025,Jaipur,77.5,F,63,17.1,41.4,10.2,rain,N
22-06-2025,Jaipur,26.3,C,67,0.2,11.3,1.1,Fog,N
23-06-2025,Jaipur,76.0,F,74,2.0,16.2,2.6,Fog,N
24-06-2025,Jaipur,25.7,C,null,1.9,3.9,8.1,Clear,N
25-06-2025,Jaipur,24.4,C,37,1.8,16.4,4.4,Clear,N
26-06-2025,Jaipur,27.5,C,79,20.8,32.1,4.9,rain,N
27-06-2025,Jaipur,27.1,C,89,11.2,43.4,5.8,Rain,N
28-06-2025,Jaipur,23.7,C,86,1.5,8.4,6.0,clear,N
2025-06-29,Jaipur,24.4,,38,1.1,null,10.3,Cloudy,N
30-06-2025,Jaipur,26.2,,44,1.2,40.8,1.0,Fog,N
2025-07-01,Jaipur,N/A,C,50,0.4,15.9,2.0,Fog,N
2024-01-01,Kochi,32.7,C,84,100.2,7.8,8.0,Rain,Y
02-01-2024,Kochi,24.8,C,30,0.7,41.2,8.0,Clear,N
2024-01-03,Kochi,23.1,C,42,1.6,33.3,10.8,clear,N
04-01-2024,Kochi,29.8,C,91,0.8,37.8,0.7,Fog,N
2024-01-05,Kochi,24.2,C,83,16.3,16.7,7.4,rain,
2024-01-06,Kochi,24.0,C,68,1.0,16.1,5.0,Clear,N
2024-01-07,Kochi,25.3,,80,0.1,43.9,9.7,Clear,N
08-01-2024,Kochi,24.5,C,-,1.8,38.5,1.5,Fog,N
09-01-2024,Kochi,22.9,,56,1.8,21.0,9.2,Sunny,N
10-01-2024,Kochi,25.6,C,65,48.4,16.3,4.5,Rain,N
11-01-2024,Kochi,24.9,,87,1.8,31.9,9.2,Clear,N
2024-01-12,Kochi,82.2,,52,0.4,12.3,11.8,Cloudy,N
2024-01-13,Kochi,23.8,C,90,1.4,10.7,9.5,CLEAR,N
2024-01-14,Kochi,28.0,C,76,0.8,-,9.7,Cloudy,N
2024-01-15,Kochi,26.7,C,77,1.1,38.3,7.8,Clear,N
2024-01-16,Kochi,29.7,,66,1.1,13.4,7.3,Cloudy,N
17-01-2024,Kochi,24.7,C,48,0.5,21.0,2.9,Fog,N
2024-01-19,Kochi,26.9,C,77,1.5,28.6,11.8,Sunny,N
20-01-2024,Kochi,25.7,,58,1.9,37.8,4.5,Clear,N
21-01-2024,Kochi,84.0,,30,0.1,29.0,7.2,Cloudy,N
2024-01-22,Kochi,21.8,C,60,41.1,11.5,6.8,Thunderstorm,N
2024-01-23,Kochi,28.5,C,30,0.3,43.8,6.8,Clear,N
24-01-2024,Kochi,23.0,C,75,28.4,23.5,10.8,Rain,N
2024-01-25,Kochi,77.4,F,72,1.6,42.6,7.3,Cloudy,N
26-01-2024,Kochi,26.0,C,82,1.7,19.7,2.8,Fog,N
2024-01-27,Kochi,31.6,C,29,72.5,18.3,8.9,Rain,N
2024-01-28,Kochi,23.5,,81,0.5,42.5,6.0,Clear,N
2024-01-29,Kochi,34.1,,44,0.2,40.3,7.4,Clear,N
2024-01-30,Kochi,27.1,C,72,1.9,39.7,10.7,Cloudy,N
31-01-2024,Kochi,26.6,C,56,84.2,36.1,6.6,Heavy Rain,N
2024-02-01,Kochi,23.9,C,43,0.2,2.6,10.7,Cloudy,N
02-02-2024,Kochi,27.3,C,54,17.4,45.0,5.3,Heavy Rain,N
03-02-2024,Kochi,28.8,C,91,0.8,2.4,9.7,Clear,N
2024-02-04,Kochi,32.8,C,92,1.9,44.4,9.7,Clear,N
05-02-2024,Kochi,89.6,,63,58.5,38.1,7.2,Thunderstorm,N
06-02-2024,Kochi,31.6,C,70,1.9,21.6,11.0,Cloudy,N
07-02-2024,Kochi,90.7,F,40,1.3,34.1,4.5,Clear,N
2024-02-08,Kochi,30.6,C,62,0.1,15.4,9.4,Cloudy,N
09-02-2024,Kochi,25.7,,39,1.2,31.4,10.5,Clear,N
10-02-2024,Kochi,31.3,,53,105.1,31.9,10.1,Heavy Rain,N
11-02-2024,Kochi,32.3,,65,0.5,15.5,10.4,Sunny,N
2024-02-12,Kochi,32.1,C,78,1.5,null,7.5,Cloudy,N
2024-02-13,Kochi,32.8,,93,30.2,2.7,7.7,Thunderstorm,yes
14-02-2024,Kochi,26.3,C,35,1.2,29.8,5.9,CLEAR,N
2024-02-15,Kochi,32.6,C,35,12.8,26.5,8.8,Rain,N
2024-02-16,Kochi,85.7,F,44,1.9,17.0,11.4,Clear,N
2024-02-17,Kochi,25.6,C,97,0.7,23.8,5.8,Clear,N
18-02-2024,Kochi,30.7,C,35,1.0,34.1,6.5,Clear,N
2024-02-19,Kochi,NA,C,89,0.6,37.1,5.1,Sunny,N
2024-02-20,Kochi,33.9,C,98,85.7,21.6,8.1,Heavy Rain,
2024-02-21,Kochi,31.6,C,33,0.7,43.1,9.1,Clear,N
22-02-2024,Kochi,31.2,C,90,0.0,3.9,9.0,Sunny,N
23-02-2024,Kochi,92.1,F,65,0.8,41.7,6.3,clear,N
2024-02-24,Kochi,92.0,,66,0.6,18.7,4.6,Clear,N
2024-02-25,Kochi,31.7,C,N/A,0.0,32.1,7.6,Clear,N
2024-02-26,Kochi,77.3,,32,0.8,43.5,9.5,Clear,N
2024-02-27,Kochi,25.1,C,55,0.8,39.1,8.1,Clear,N
28-02-2024,Kochi,31.2,,81,0.7,4.7,10.2,Clear,N
29-02-2024,Kochi,26.6,C,62,0.1,14.1,6.4,Cloudy,N
01-03-2024,Kochi,89.0,F,58,1.9,44.8,11.9,clear,N
02-03-2024,Kochi,27.0,C,64,0.1,6.2,7.5,Cloudy,N
2024-03-03,Kochi,31.1,C,unknown,1.3,10.7,11.6,clear,N
04-03-2024,Kochi,26.1,C,87,10.6,22.7,6.2,Rain,N
2024-03-05,Kochi,32.1,,89,1.5,35.7,5.0,Clear,N
06-03-2024,Kochi,31.6,C,89,82.7,33.0,8.8,Rain,yes
2024-03-07,Kochi,32.1,C,47,1.2,21.5,7.5,Cloudy,N
08-03-2024,Kochi,29.2,C,84,0.5,32.9,9.1,Sunny,N
2024-03-09,Kochi,30.1,C,50,0.6,42.9,8.9,Cloudy,N
2024-03-11,Kochi,unknown,F,43,0.7,17.4,6.7,Cloudy,N
12-03-2024,Kochi,30.4,,68,95.3,43.2,8.0,Thunderstorm,no
13-03-2024,Kochi,33.1,C,92,0.6,20.1,10.6,Sunny,N
14-03-2024,Kochi,90.0,F,NA,1.7,30.3,11.8,Clear,N
2024-03-15,Kochi,34.6,C,49,1.0,18.3,8.3,CLEAR,N
16-03-2024,Kochi,90.0,F,95,0.5,18.3,6.5,Sunny,N
2024-03-17,Kochi,39.4,C,66,1.1,38.6,5.6,Sunny,N
18-03-2024,Kochi,26.2,,66,0.2,32.8,10.8,Clear,N
2024-03-19,Kochi,79.8,,69,0.5,27.9,4.3,Clear,N
2024-03-20,Kochi,36.2,,83,29.0,34.9,10.9,Rain,N
21-03-2024,Kochi,32.1,C,62,6.9,41.3,5.7,Rain,yes
2024-03-22,Kochi,33.7,C,28,0.3,43.4,4.2,clear,N
2024-03-23,Kochi,39.2,C,93,1.5,4.9,5.0,Cloudy,N
2024-03-24,Kochi,29.1,C,64,76.7,35.2,11.6,Thunderstorm,yes
2024-03-25,Kochi,32.0,,54,65.0,41.3,6.0,Rain,N
26-03-2024,Kochi,36.1,C,92,110.5,15.5,11.2,Rain,yes
2024-03-27,Kochi,29.5,C,73,41.7,29.2,8.2,Thunderstorm,N
28-03-2024,Kochi,90.9,F,66,26.7,28.3,10.6,Thunderstorm,N
2024-03-29,Kochi,32.0,C,79,1.2,10.8,6.0,Sunny,N
30-03-2024,Kochi,37.9,C,65,0.1,12.8,11.0,Clear,N
31-03-2024,Kochi,,C,70,113.0,8.3,10.3,rain,N
01-04-2024,Kochi,37.1,,38,103.8,36.5,6.8,Rain,no
02-04-2024,Kochi,33.9,C,34,1.1,3.0,8.0,Sunny,N
04-04-2024,Kochi,83.3,F,31,1.2,23.9,1.3,Fog,N
2024-04-05,Kochi,33.1,,60,0.5,30.1,10.0,Cloudy,N
06-04-2024,Kochi,32.1,,42,0.5,21.7,4.1,Cloudy,N
07-04-2024,Kochi,31.3,C,48,1.5,8.4,6.7,Cloudy,N
08-04-2024,Kochi,31.3,,41,0.7,11.3,5.9,Cloudy,N
09-04-2024,Kochi,29.5,C,72,1.7,39.1,6.7,Clear,N
2024-04-10,Kochi,36.1,,54,39.9,6.9,11.2,Rain,no
11-04-2024,Kochi,34.1,C,82,98.8,13.4,5.9,Rain,Y
2024-04-12,Kochi,34.2,C,72,1.2,40.3,4.8,Cloudy,N
13-04-2024,Kochi,31.0,C,74,0.7,21.6,11.5,Clear,N
2024-04-14,Kochi,29.0,,54,40.3,null,8.9,Heavy Rain,no
2024-04-15,Kochi,97.7,,80,18.4,14.9,8.8,Rain,N
2024-04-16,Kochi,32.7,C,73,1.4,3.8,9.5,Sunny,N
17-04-2024,Kochi,33.0,C,56,0.5,38.1,10.3,Sunny,N
18-04-2024,Kochi,32.0,C,67,1.1,40.4,7.7,Sunny,N
19-04-2024,Kochi,31.3,C,53,95.4,39.5,9.2,Thunderstorm,no
20-04-2024,Kochi,29.7,,43,0.7,5.6,4.8,Clear,N
2024-04-21,Kochi,31.0,C,38,110.9,28.9,5.4,Rain,N
2024-04-22,Kochi,30.3,C,73,7.2,32.0,4.0,Heavy Rain,Y
2024-04-23,Kochi,31.3,C,92,0.4,15.2,6.8,clear,N
2024-04-24,Kochi,33.8,,51,1.9,4.6,0.7,Fog,N
2024-04-25,Kochi,26.0,C,36,74.3,21.4,4.8,rain,yes
2024-04-26,Kochi,29.4,C,58,95.0,38.3,10.6,Rain,N
27-04-2024,Kochi,27.9,C,29,0.0,33.6,4.3,Cloudy,N
2024-04-28,Kochi,87.3,,-,75.1,7.1,11.4,Rain,
29-04-2024,Kochi,27.8,C,69,0.4,36.0,5.4,Clear,N
2024-04-30,Kochi,31.2,C,51,1.4,39.5,0.5,Fog,N
01-05-2024,Kochi,31.2,C,75,0.1,6.6,5.9,Sunny,N
2024-05-02,Kochi,34.3,C,57,1.3,27.9,4.5,Cloudy,N
03-05-2024,Kochi,85.2,F,68,1.1,24.3,5.5,Cloudy,N
2024-05-04,Kochi,28.9,C,87,1.9,28.4,4.7,Sunny,N
2024-05-05,Kochi,32.6,,74,0.6,8.2,10.7,Cloudy,N
06-05-2024,Kochi,27.0,C,29,0.7,14.3,6.8,Sunny,N
07-05-2024,Kochi,29.9,C,31,0.8,30.7,8.8,clear,N
2024-05-08,Kochi,30.3,C,64,1.9,38.7,10.4,Clear,N
09-05-2024,Kochi,28.4,C,42,1.7,33.2,9.8,CLEAR,N
10-05-2024,Kochi,28.5,C,86,0.2,7.1,4.6,clear,N
2024-05-11,Kochi,78.3,F,97,86.6,7.6,9.4,Rain,
2024-05-12,Kochi,26.2,C,76,0.4,44.1,9.2,Cloudy,N
2024-05-13,Kochi,27.0,,90,1.5,16.1,1.3,Fog,N
2024-05-14,Kochi,34.3,C,45,0.6,26.5,11.6,Clear,N
2024-05-15,Kochi,34.3,C,86,0.9,4.8,1.7,Fog,N
16-05-2024,Kochi,34.4,C,58,0.3,31.5,4.6,Sunny,N
17-05-2024,Kochi,30.8,C,78,0.7,17.9,6.4,Cloudy,N
18-05-2024,Kochi,31.7,,97,0.6,41.6,5.4,Clear,N
2024-05-19,Kochi,32.9,,40,1.6,37.6,4.2,CLEAR,N
2024-05-20,Kochi,35.5,,71,41.3,-,4.0,Rain,Y
2024-05-21,Kochi,76.2,F,95,1.4,25.5,7.5,Clear,N
22-05-2024,Kochi,24.1,C,81,1.3,2.5,8.7,Sunny,N
23-05-2024,Kochi,31.4,,90,1.1,12.3,9.0,Sunny,N
24-05-2024,Kochi,34.4,C,90,1.0,41.8,7.7,Clear,N
2024-05-25,Kochi,28.2,,28,0.9,38.5,9.6,Cloudy,N
26-05-2024,Kochi,23.2,C,89,0.5,42.2,7.5,Clear,N
2024-05-27,Kochi,26.5,C,44,0.1,11.0,8.9,Sunny,N
2024-05-28,Kochi,27.5,C,73,105.5,35.6,7.8,Heavy Rain,yes
2024-05-29,Kochi,27.2,C,52,0.7,19.1,4.8,Clear,N
2024-05-30,Kochi,28.0,C,79,0.3,28.3,7.3,Clear,N
31-05-2024,Kochi,35.4,C,79,16.2,28.5,9.0,Thunderstorm,N
01-06-2024,Kochi,30.6,C,97,0.9,18.3,6.8,Clear,N
02-06-2024,Kochi,29.0,,95,1.4,37.2,9.1,Cloudy,N
03-06-2024,Kochi,20.5,C,46,1.7,30.6,6.4,clear,N
2024-06-04,Kochi,28.1,C,unknown,1.6,39.2,6.0,Sunny,N
05-06-2024,Kochi,26.6,C,79,88.3,20.6,10.1,Rain,
06-06-2024,Kochi,29.0,C,72,1.2,17.7,11.4,Clear,N
2024-06-07,Kochi,22.9,C,37,2.0,3.9,8.0,clear,N
08-06-2024,Kochi,26.0,C,56,1.2,6.2,5.0,Cloudy,N
2024-06-09,Kochi,29.3,C,42,2.0,41.2,1.7,Fog,N
10-06-2024,Kochi,27.5,C,28,1.6,  ,10.2,Clear,N
2024-06-11,Kochi,27.0,,74,0.0,35.1,9.2,Clear,N
2024-06-12,Kochi,30.1,C,31,0.9,18.5,2.0,Fog,N
13-06-2024,Kochi,31.3,C,64,0.5,23.6,5.0,Clear,N
2024-06-14,Kochi,18.7,C,82,65.9,33.5,11.9,Heavy Rain,N
2024-06-15,Kochi,24.2,C,92,0.0,22.6,7.1,Cloudy,N
16-06-2024,Kochi,25.8,C,79,41.5,9.2,5.1,Thunderstorm,Y
2024-06-17,Kochi,27.5,C,70,1.0,33.4,4.7,Cloudy,N
2024-06-18,Kochi,75.4,F,64,0.3,38.3,6.1,Clear,N
2024-06-19,Kochi,27.3,C,82,0.3,31.2,10.9,Clear,N
2024-06-20,Kochi,75.2,,-,1.5,41.9,6.8,Cloudy,N
21-06-2024,Kochi,22.4,C,57,1.5,13.4,10.2,Cloudy,N
2024-06-22,Kochi,23.3,C,64,0.7,N/A,9.2,Clear,N
2024-06-23,Kochi,23.9,,78,1.0,28.2,6.3,Clear,N
24-06-2024,Kochi,22.5,,57,0.1,18.7,11.2,CLEAR,N
2024-06-25,Kochi,25.8,C,58,1.7,6.0,10.2,Clear,N
2024-06-26,Kochi,26.5,C,36,82.3,44.5,8.1,rain,N
27-06-2024,Kochi,77.1,F,65,97.2,38.7,4.8,Rain,N
28-06-2024,Kochi,17.8,C,70,0.1,42.2,0.3,Fog,N
2024-06-29,Kochi,22.8,C,72,1.5,44.4,6.0,Sunny,N
30-06-2024,Kochi,30.2,C,92,0.8,30.0,11.0,Clear,N
01-07-2024,Kochi,21.7,C,77,0.9,9.8,7.2,Clear,N
2024-07-02,Kochi,24.2,C,50,32.1,38.1,6.8,Thunderstorm,N
2024-07-03,Kochi,25.1,C,41,1.2,27.8,5.4,Cloudy,N
04-07-2024,Kochi,25.2,C,55,32.3,15.5,11.5,Rain,yes
05-07-2024,Kochi,21.8,C,NA,102.5,7.2,5.7,Rain,Y
2024-07-06,Kochi,18.3,,54,0.3,11.3,9.9,Clear,N
2024-07-07,Kochi,22.9,C,unknown,31.3,24.2,6.8,Heavy Rain,no
2024-07-08,Kochi,65.3,F,44,1.5,4.5,11.6,Clear,N
2024-07-09,Kochi,23.9,C,42,21.8,33.3,5.0,Rain,N
2024-07-10,Kochi,22.1,C,null,0.9,36.8,4.7,Cloudy,N
11-07-2024,Kochi,21.1,C,52,0.6,36.8,8.4,Clear,N
2024-07-12,Kochi,25.6,,77,0.4,3.0,5.5,CLEAR,N
13-07-2024,Kochi,20.6,C,58,1.7,39.0,4.2,Cloudy,N
14-07-2024,Kochi,21.4,,67,7.8,16.6,5.3,rain,N
2024-07-16,Kochi,22.7,C,30,0.4,19.2,7.0,Clear,N
17-07-2024,Kochi,74.1,F,53,0.1,18.3,9.5,Clear,N
2024-07-18,Kochi,22.5,C,94,1.7,34.5,8.2,Cloudy,N
19-07-2024,Kochi,14.8,C,80,1.8,29.9,8.0,Cloudy,N
2024-07-20,Kochi,22.9,,28,1.7,29.8,1.0,Fog,N
21-07-2024,Kochi,73.0,F,50,0.4,31.5,4.0,Sunny,N
22-07-2024,Kochi,23.7,,88,36.7,8.4,5.3,rain,Y
2024-07-23,Kochi,20.0,C,29,0.6,4.9,1.6,Fog,N
24-07-2024,Kochi,21.1,C,51,1.2,26.0,11.3,Clear,N
2024-07-25,Kochi,21.4,,48,1.3,20.5,6.9,Cloudy,N
26-07-2024,Kochi,29.7,C,57,0.8,22.9,10.4,Clear,N
2024-07-27,Kochi,unknown,C,76,1.2,8.1,10.8,Cloudy,N
28-07-2024,Kochi,19.8,C,91,1.9,18.9,6.0,Cloudy,N
29-07-2024,Kochi,17.5,C,85,0.7,13.9,9.4,Clear,N
30-07-2024,Kochi,24.3,C,86,1.2,  ,5.8,Clear,N
2024-07-31,Kochi,74.4,F,65,1.9,32.3,8.3,Cloudy,N
2024-08-01,Kochi,66.9,,45,0.5,5.5,11.7,Clear,N
02-08-2024,Kochi,21.1,C,61,1.4,37.2,4.1,Cloudy,N
2024-08-03,Kochi,23.1,C,71,1.5,35.1,9.6,Clear,N
04-08-2024,Kochi,15.5,C,71,38.9,13.2,11.8,rain,
05-08-2024,Kochi,14.0,C,72,110.9,15.2,4.4,Rain,yes
06-08-2024,Kochi,19.5,C,80,1.9,40.2,4.3,Clear,N
07-08-2024,Kochi,20.9,C,38,2.0,2.5,1.5,Fog,N
2024-08-08,Kochi,15.2,C,68,1.0,14.0,5.6,Clear,N
2024-08-09,Kochi,22.5,C,39,0.4,19.2,7.2,Sunny,N
2024-08-10,Kochi,16.1,C,89,59.6,7.2,11.4,Rain,no
2024-08-11,Kochi,15.4,C,60,67.6,6.1,4.2,Rain,N
2024-08-12,Kochi,18.9,C,79,1.8,11.4,0.6,Fog,N
13-08-2024,Kochi,18.4,C,76,1.3,40.5,5.4,Clear,N
2024-08-14,Kochi,19.3,C,74,1.4,18.1,2.8,Fog,N
2024-08-15,Kochi,22.3,,95,0.4,36.7,6.8,Clear,N
16-08-2024,Kochi,17.6,C,61,117.9,21.8,6.5,Thunderstorm,N
2024-08-17,Kochi,17.8,C,40,0.4,8.1,11.3,Clear,N
2024-08-18,Kochi,15.7,C,97,1.6,  ,4.5,Sunny,N
19-08-2024,Kochi,17.5,,35,22.9,4.1,6.4,rain,Y
20-08-2024,Kochi,13.3,C,85,1.4,22.9,1.6,Fog,N
21-08-2024,Kochi,18.0,,81,49.8,36.8,9.3,rain,N
2024-08-22,Kochi,17.3,,94,1.9,28.6,5.5,Clear,N
2024-08-23,Kochi,19.3,C,52,53.1,30.2,5.6,Thunderstorm,N
24-08-2024,Kochi,23.1,C,40,1.1,12.5,10.8,Cloudy,N
2024-08-25,Kochi,18.1,C,79,1.5,7.8,11.8,Clear,N
26-08-2024,Kochi,unknown,C,84,0.0,23.0,10.6,clear,N
27-08-2024,Kochi,20.2,C,96,2.0,24.9,0.9,Fog,N
28-08-2024,Kochi,14.6,C,55,1.3,19.9,4.2,Clear,N
29-08-2024,Kochi,13.8,,33,1.6,44.2,10.1,Cloudy,N
2024-08-30,Kochi,22.6,C,36,2.0,6.3,9.0,Cloudy,N
31-08-2024,Kochi,18.8,C,30,86.9,12.3,5.9,Rain,Y
2024-09-01,Kochi,58.2,F,71,1.1,32.4,6.8,Cloudy,N
2024-09-02,Kochi,15.4,C,46,41.3,12.5,4.1,Heavy Rain,N
03-09-2024,Kochi,17.3,C,77,0.7,18.8,9.5,Sunny,N
2024-09-04,Kochi,19.6,C,94,0.5,40.6,10.8,Clear,N
2024-09-05,Kochi,19.9,C,77,1.2,43.0,10.7,Clear,N
2024-09-06,Kochi,14.0,C,60,1.3,41.4,8.3,Sunny,N
07-09-2024,Kochi,53.0,F,37,0.9,42.3,6.2,Clear,N
08-09-2024,Kochi,15.0,C,33,0.5,37.4,11.0,Cloudy,N
2024-09-09,Kochi,19.9,,60,0.9,36.1,10.3,Sunny,N
10-09-2024,Kochi,18.0,C,null,0.7,32.1,8.3,Cloudy,N
2024-09-11,Kochi,14.1,C,61,0.3,5.1,9.3,Cloudy,N
12-09-2024,Kochi,15.1,C,43,105.2,2.9,11.1,Heavy Rain,Y
13-09-2024,Kochi,17.9,,88,43.0,42.2,5.5,Heavy Rain,Y
2024-09-14,Kochi,18.7,C,45,70.1,41.2,6.5,Thunderstorm,N
15-09-2024,Kochi,59.7,F,76,1.7,38.9,6.9,Clear,N
2024-09-16,Kochi,14.9,C,80,1.0,35.2,1.0,Fog,N
2024-09-17,Kochi,17.9,C,59,0.4,35.8,11.8,Cloudy,N
18-09-2024,Kochi,20.8,C,46,0.7,28.4,0.4,Fog,N
2024-09-19,Kochi,54.8,F,47,1.9,9.3,6.4,Clear,N
2024-09-20,Kochi,15.7,C,75,1.0,unknown,10.6,CLEAR,N
21-09-2024,Kochi,18.6,C,98,19.5,20.6,8.6,Thunderstorm,N
23-09-2024,Kochi,20.2,C,50,15.6,4.4,6.5,Thunderstorm,yes
2024-09-24,Kochi,15.5,C,61,39.4,37.0,5.0,rain,N
2024-09-25,Kochi,16.7,,39,1.8,21.9,9.0,Clear,N
26-09-2024,Kochi,17.5,C,69,0.2,9.7,1.4,Fog,N
2024-09-28,Kochi,13.6,C,58,1.6,28.3,7.1,Clear,N
2024-09-29,Kochi,69.0,F,89,2.0,23.1,5.7,Cloudy,N
30-09-2024,Kochi,16.8,C,72,1.6,23.4,5.6,Clear,N
01-10-2024,Kochi,12.4,C,60,1.9,16.7,9.9,Sunny,N
02-10-2024,Kochi,17.3,C,29,1.8,27.3,12.0,clear,N
2024-10-03,Kochi,10.2,C,85,0.4,9.2,9.0,Cloudy,N
2024-10-04,Kochi,unknown,C,84,1.5,3.2,6.4,clear,N
05-10-2024,Kochi,16.6,C,37,1.5,36.6,8.0,Cloudy,N
07-10-2024,Kochi,12.4,C,52,0.0,19.1,8.0,Sunny,N
08-10-2024,Kochi,21.4,,79,0.1,19.2,6.3,Clear,N
09-10-2024,Kochi,N/A,C,70,15.2,3.3,4.3,Thunderstorm,no
2024-10-10,Kochi,18.0,C,98,0.0,10.5,10.4,Cloudy,N
11-10-2024,Kochi,17.5,C,80,113.8,25.8,8.4,Thunderstorm,N
12-10-2024,Kochi,23.7,C,93,1.7,20.2,4.3,Clear,N
13-10-2024,Kochi,20.3,C,74,1.0,28.0,8.9,Cloudy,N
14-10-2024,Kochi,18.3,,88,0.6,39.5,6.4,Clear,N
15-10-2024,Kochi,10.6,,38,25.1,40.2,8.0,Thunderstorm,yes
2024-10-16,Kochi,11.4,C,39,63.0,27.2,6.6,Thunderstorm,
2024-10-17,Kochi,17.8,C,38,0.9,8.9,10.2,Sunny,N
2024-10-18,Kochi,22.3,C,51,1.9,44.2,6.6,clear,N
19-10-2024,Kochi,73.2,F,74,0.5,36.3,11.2,Sunny,N
2024-10-20,Kochi,14.1,C,87,0.0,12.6,4.7,Sunny,N
2024-10-21,Kochi,N/A,,38,80.4,34.1,5.9,Rain,Y
22-10-2024,Kochi,19.0,C,79,1.2,5.0,11.3,Clear,N
23-10-2024,Kochi,13.7,C,44,75.5,21.5,6.7,Heavy Rain,no
24-10-2024,Kochi,-,,96,103.1,32.4,6.2,Heavy Rain,N
2024-10-25,Kochi,53.0,F,95,1.5,11.1,10.4,Cloudy,N
2024-10-26,Kochi,14.3,,95,0.3,27.5,8.2,Clear,N
2024-10-28,Kochi,17.9,C,54,0.3,3.2,5.5,Clear,N
29-10-2024,Kochi,19.3,C,41,1.0,9.9,10.1,Clear,N
2024-10-30,Kochi,13.4,C,80,88.3,22.6,10.5,Rain,N
2024-10-31,Kochi,16.8,C,39,19.0,null,5.1,Rain,N
01-11-2024,Kochi,15.8,C,87,1.9,28.5,5.1,Cloudy,N
2024-11-03,Kochi,15.7,C,98,0.3,24.4,8.4,Sunny,N
2024-11-04,Kochi,19.8,C,80,1.7,6.0,8.5,Sunny,N
2024-11-05,Kochi,15.8,C,90,30.7,10.4,7.3,Rain,N
2024-11-06,Kochi,18.7,C,57,0.7,40.4,11.8,Sunny,N
2024-11-07,Kochi,18.6,C,82,1.0,42.6,5.3,Cloudy,N
2024-11-08,Kochi,57.6,,69,1.2,22.6,10.3,Cloudy,N
2024-11-09,Kochi,16.4,C,66,1.2,30.7,10.5,Clear,N
2024-11-10,Kochi,18.6,C,45,58.8,8.7,4.0,rain,N
2024-11-11,Kochi,19.3,C,43,47.1,24.8,6.7,Rain,N
12-11-2024,Kochi,12.8,C,77,1.5,24.6,7.1,Clear,N
2024-11-13,Kochi,15.1,C,62,1.1,14.5,2.6,Fog,N
14-11-2024,Kochi,13.3,,97,0.6,8.7,4.2,clear,N
15-11-2024,Kochi,19.9,C,51,0.9,24.5,10.7,Cloudy,N
2024-11-16,Kochi,18.4,,43,0.3,33.0,5.4,Clear,N
2024-11-17,Kochi,20.5,C,62,83.8,20.7,7.7,Rain,no
2024-11-18,Kochi,18.3,C,44,0.6,18.8,4.0,Cloudy,N
19-11-2024,Kochi,20.1,C,60,18.7,41.6,7.3,Heavy Rain,yes
20-11-2024,Kochi,19.4,,46,99.9,12.5,10.7,Rain,
21-11-2024,Kochi,16.1,C,92,0.4,31.7,10.6,Cloudy,N
2024-11-22,Kochi,16.6,C,29,1.1,8.0,1.5,Fog,N
2024-11-23,Kochi,16.4,,58,1.5,,5.4,Clear,N
2024-11-24,Kochi,60.3,F,61,49.9,15.4,10.8,Rain,no
2024-11-25,Kochi,16.0,,34,1.9,31.2,5.0,Sunny,N
26-11-2024,Kochi,22.0,,88,1.4,12.7,9.9,Clear,N
27-11-2024,Kochi,22.5,,88,0.7,7.3,10.0,CLEAR,N
2024-11-28,Kochi,18.3,C,38,32.4,40.7,6.0,Rain,N
29-11-2024,Kochi,18.0,C,48,43.3,26.6,6.4,Thunderstorm,
2024-11-30,Kochi,68.4,F,52,0.2,8.0,6.7,clear,N
2024-12-01,Kochi,24.8,C,95,0.2,30.6,10.1,Cloudy,N
02-12-2024,Kochi,19.9,,96,5.1,14.3,10.0,rain,yes
2024-12-03,Kochi,21.1,C,92,0.3,11.9,4.6,Cloudy,N
2024-12-04,Kochi,17.7,C,97,1.7,5.0,9.4,clear,N
2024-12-05,Kochi,23.9,C,46,0.7,28.9,6.9,Clear,N
06-12-2024,Kochi,14.0,,58,1.8,5.2,8.8,Clear,N
07-12-2024,Kochi,15.0,C,80,1.0,34.6,8.0,Clear,N
2024-12-08,Kochi,24.8,C,59,0.5,25.4,4.3,clear,N
09-12-2024,Kochi,23.8,C,53,1.2,44.3,4.3,Clear,N
2024-12-10,Kochi,22.0,C,79,1.6,29.9,6.8,Clear,N
2024-12-11,Kochi,23.1,C,31,1.1,4.9,10.9,Clear,N
12-12-2024,Kochi,23.6,C,74,0.5,7.1,5.5,Cloudy,N
13-12-2024,Kochi,22.8,,64,1.7,12.0,11.5,Clear,N
2024-12-14,Kochi,24.5,C,68,1.6,29.8,5.4,clear,N
2024-12-15,Kochi,27.3,C,71,0.2,42.5,6.9,Clear,N
2024-12-16,Kochi,17.6,C,75,0.5,10.4,11.3,clear,N
2024-12-17,Kochi,18.3,C,40,0.3,40.9,7.2,Clear,N
18-12-2024,Kochi,26.3,C,41,0.9,13.6,5.9,Clear,N
2024-12-19,Kochi,21.4,C,40,13.9,38.8,9.0,Rain,N
2024-12-20,Kochi,22.7,C,81,92.7,4.8,9.9,Rain,Y
21-12-2024,Kochi,23.4,C,41,0.9,27.6,2.8,Fog,N
2024-12-22,Kochi,23.8,,53,1.7,23.8,5.0,Clear,N
2024-12-23,Kochi,22.5,C,58,1.4,37.6,11.5,Clear,N
24-12-2024,Kochi,22.8,,84,50.3,33.0,10.4,Rain,N
25-12-2024,Kochi,24.1,,62,0.1,36.3,8.0,Clear,N
26-12-2024,Kochi,23.8,,90,0.3,29.8,4.8,Cloudy,N
2024-12-27,Kochi,22.1,C,57,92.6,10.7,5.1,Rain,
2024-12-28,Kochi,24.6,C,54,1.1,34.5,4.4,Cloudy,N
2024-12-29,Kochi,24.5,,80,1.5,39.0,5.9,Sunny,N
2024-12-30,Kochi,24.1,C,76,48.0,44.8,7.2,Rain,N
31-12-2024,Kochi,24.6,C,86,0.5,39.4,7.3,Clear,N
01-01-2025,Kochi,27.4,C,33,1.9,25.3,11.9,Cloudy,N
2025-01-02,Kochi,25.4,,36,1.7,44.9,7.7,Clear,N
2025-01-03,Kochi,29.5,C,39,0.4,16.1,4.7,Clear,N
04-01-2025,Kochi,21.6,C,37,81.8,2.0,9.7,Heavy Rain,N
05-01-2025,Kochi,NA,C,32,85.3,40.9,9.6,Rain,
2025-01-06,Kochi,27.6,C,NA,0.2,13.5,10.9,Cloudy,N
2025-01-07,Kochi,28.5,C,89,1.5,24.8,4.5,Clear,N
08-01-2025,Kochi,26.0,C,75,0.4,39.6,4.8,Cloudy,N
2025-01-09,Kochi,25.1,C,55,1.1,34.5,4.3,Clear,N
10-01-2025,Kochi,24.8,C,31,5.6,13.8,4.5,Rain,yes
2025-01-11,Kochi,30.3,,51,92.9,22.7,9.6,Rain,Y
12-01-2025,Kochi,,C,36,74.4,40.1,6.0,Heavy Rain,Y
13-01-2025,Kochi,28.9,C,96,1.0,9.6,4.4,clear,N
2025-01-14,Kochi,24.9,C,85,1.0,27.2,10.4,Clear,N
2025-01-15,Kochi,24.6,C,82,0.5,22.0,2.6,Fog,N
2025-01-16,Kochi,26.3,C,71,53.4,2.3,11.1,Thunderstorm,Y
2025-01-17,Kochi,25.0,C,38,0.2,17.8,7.0,clear,N
18-01-2025,Kochi,78.3,F,33,29.3,8.0,9.6,Rain,Y
19-01-2025,Kochi,25.4,,66,1.7,41.1,12.0,Clear,N
20-01-2025,Kochi,30.9,C,29,1.3,7.4,11.6,Cloudy,N
21-01-2025,Kochi,27.9,C,66,0.4,5.6,11.6,Sunny,N
2025-01-22,Kochi,28.9,C,46,0.1,6.3,10.4,clear,N
23-01-2025,Kochi,23.3,C,70,1.9,25.1,4.8,Cloudy,N
24-01-2025,Kochi,20.1,,33,0.3,24.3,5.2,clear,N
25-01-2025,Kochi,31.0,C,89,1.8,33.9,8.0,Cloudy,N
26-01-2025,Kochi,76.9,,53,0.1,13.6,4.4,Clear,N
27-01-2025,Kochi,24.4,C,89,0.5,6.1,7.0,Clear,N
28-01-2025,Kochi,23.7,,31,0.2,34.9,8.2,Clear,N
2025-01-29,Kochi,31.4,,83,0.6,5.6,2.8,Fog,N
30-01-2025,Kochi,74.0,,72,1.1,22.2,10.0,Sunny,N
2025-01-31,Kochi,31.4,C,97,1.9,9.6,7.3,Clear,N
01-02-2025,Kochi,27.0,C,68,0.4,30.0,6.8,Sunny,N
2025-02-02,Kochi,27.6,C,79,0.9,2.4,1.5,Fog,N
03-02-2025,Kochi,32.6,,87,0.1,42.6,5.6,Cloudy,N
2025-02-04,Kochi,28.0,C,98,1.2,14.9,7.7,Sunny,N
05-02-2025,Kochi,27.4,C,37,0.8,42.0,4.2,Cloudy,N
06-02-2025,Kochi,83.4,,87,1.1,6.9,6.7,CLEAR,N
2025-02-07,Kochi,27.6,,57,1.7,3.3,9.5,Clear,N
08-02-2025,Kochi,80.6,,95,64.8,16.0,7.4,Rain,no
2025-02-09,Kochi,27.1,,29,1.7,5.5,10.7,Cloudy,N
2025-02-10,Kochi,32.3,,39,1.1,25.4,4.6,Sunny,N
2025-02-12,Kochi,26.7,C,65,0.2,6.0,9.4,Clear,N
13-02-2025,Kochi,25.6,C,84,1.5,16.5,9.5,Cloudy,N
14-02-2025,Kochi,26.3,,35,0.7,23.5,4.1,clear,N
2025-02-15,Kochi,33.4,,80,57.4,31.2,4.0,Rain,yes
16-02-2025,Kochi,85.9,F,45,7.2,NA,10.9,Rain,
2025-02-17,Kochi,25.4,C,35,0.3,12.7,5.8,Sunny,N
18-02-2025,Kochi,33.7,C,92,1.5,23.1,11.9,Clear,N
2025-02-19,Kochi,33.2,C,80,1.0,15.9,6.9,Clear,N
20-02-2025,Kochi,26.7,,42,0.4,43.3,2.0,Fog,N
2025-02-21,Kochi,31.8,C,39,97.8,28.9,11.8,Rain,Y
22-02-2025,Kochi,31.1,,72,78.1,29.2,7.7,Rain,
23-02-2025,Kochi,30.8,C,82,0.7,38.9,9.8,Sunny,N
2025-02-24,Kochi,24.4,C,29,1.2,44.4,5.6,Clear,N
25-02-2025,Kochi,29.5,C,47,52.2,39.2,12.0,rain,N
26-02-2025,Kochi,33.9,C,76,0.7,31.6,10.9,Clear,N
27-02-2025,Kochi,32.2,C,89,0.1,10.4,11.5,Cloudy,N
2025-02-28,Kochi,34.4,C,64,1.3,2.6,10.1,clear,N
01-03-2025,Kochi,29.2,C,77,0.1,30.4,1.3,Fog,N
2025-03-02,Kochi,30.7,,78,1.0,42.9,8.7,clear,N
2025-03-03,Kochi,26.6,C,45,54.5,29.8,5.5,rain,N
2025-03-04,Kochi,30.3,C,40,0.6,37.7,11.9,Sunny,N
2025-03-05,Kochi,35.9,C,60,1.9,25.5,11.9,CLEAR,N
06-03-2025,Kochi,30.8,C,91,1.8,16.1,2.7,Fog,N
2025-03-07,Kochi,25.4,C,78,1.5,10.0,10.4,Cloudy,N
2025-03-08,Kochi,27.0,C,92,1.6,34.3,9.3,Cloudy,N
10-03-2025,Kochi,28.3,C,92,0.3,29.4,6.1,Sunny,N
11-03-2025,Kochi,28.0,C,42,15.2,23.9,5.8,Heavy Rain,no
2025-03-12,Kochi,87.4,F,56,1.7,28.7,7.9,Cloudy,N
13-03-2025,Kochi,32.6,,48,1.3,21.6,11.2,Cloudy,N
14-03-2025,Kochi,30.1,C,79,0.0,15.4,8.7,clear,N
15-03-2025,Kochi,24.3,C,unknown,42.3,10.4,6.0,Rain,yes
2025-03-16,Kochi,34.7,C,29,1.3,2.5,10.8,Clear,N
2025-03-17,Kochi,30.1,C,33,1.6,26.3,5.7,Clear,N
18-03-2025,Kochi,27.0,C,38,111.9,43.4,9.2,Heavy Rain,no
2025-03-19,Kochi,30.4,C,32,16.4,21.8,9.2,rain,
20-03-2025,Kochi,83.9,F,55,52.8,31.8,6.5,Rain,yes
2025-03-21,Kochi,30.9,,52,118.6,16.9,9.2,Rain,no
2025-03-22,Kochi,27.6,C,57,0.3,10.1,8.4,Sunny,N
23-03-2025,Kochi,30.2,C,79,1.9,22.4,10.8,Cloudy,N
2025-03-24,Kochi,32.4,C,62,0.7,30.0,0.9,Fog,N
25-03-2025,Kochi,27.8,C,79,74.2,40.8,7.9,Thunderstorm,N
26-03-2025,Kochi,29.5,C,34,61.1,40.1,8.0,Rain,N
2025-03-27,Kochi,25.9,C,93,43.9,30.4,9.0,Thunderstorm,N
28-03-2025,Kochi,32.3,C,76,17.0,3.0,9.1,Rain,Y
2025-03-29,Kochi,27.8,,61,47.2,16.6,6.3,Rain,
2025-03-30,Kochi,30.6,C,46,0.5,26.8,8.9,CLEAR,N
31-03-2025,Kochi,28.9,C,65,0.3,21.3,9.1,Cloudy,N
2025-04-01,Kochi,93.7,F,94,1.9,12.0,5.6,Clear,N
02-04-2025,Kochi,29.7,C,42,0.5,27.4,10.1,clear,N
2025-04-03,Kochi,33.9,C,76,0.6,12.7,6.1,Cloudy,N
04-04-2025,Kochi,35.5,C,90,73.3,27.1,9.8,Rain,N
05-04-2025,Kochi,31.8,C,62,1.1,33.7,5.5,Clear,N
06-04-2025,Kochi,30.3,C,79,84.6,15.0,8.0,Rain,Y
07-04-2025,Kochi,32.6,C,41,57.7,3.5,10.4,Heavy Rain,no
08-04-2025,Kochi,33.5,C,53,1.1,40.6,6.4,Sunny,N
2025-04-09,Kochi,32.8,C,72,0.2,42.5,12.0,Sunny,N
2025-04-10,Kochi,24.1,,83,0.0,22.6,7.6,CLEAR,N
11-04-2025,Kochi,unknown,F,30,2.0,18.8,7.8,Cloudy,N
2025-04-12,Kochi,101.7,F,78,0.2,41.2,6.7,Cloudy,N
2025-04-13,Kochi,92.6,F,37,1.5,14.1,4.5,Cloudy,N
2025-04-14,Kochi,30.6,C,47,1.3,35.5,7.2,Cloudy,N
2025-04-15,Kochi,31.9,C,69,1.0,25.3,10.2,Cloudy,N
2025-04-16,Kochi,33.7,,68,0.2,6.3,11.7,Clear,N
2025-04-17,Kochi,26.6,C,56,88.6,41.7,7.4,Rain,
2025-04-18,Kochi,33.4,,76,1.5,3.3,9.0,Sunny,N
2025-04-19,Kochi,34.7,C,77,1.8,19.6,5.4,Clear,N
2025-04-20,Kochi,92.1,F,43,81.7,11.2,4.4,Rain,yes
2025-04-21,Kochi,31.2,,37,50.0,7.8,7.1,rain,yes
2025-04-22,Kochi,27.2,C,51,102.3,5.7,5.9,Rain,N
2025-04-23,Kochi,33.6,,70,0.4,32.8,10.8,Cloudy,N
2025-04-24,Kochi,32.6,C,33,0.1,33.0,10.5,clear,N
25-04-2025,Kochi,32.7,C,55,0.9,8.4,7.1,Clear,N
2025-04-26,Kochi,27.2,,37,0.1,12.4,6.5,Sunny,N
2025-04-27,Kochi,30.2,C,46,1.7,17.6,7.7,Cloudy,N
28-04-2025,Kochi,29.4,C,31,1.9,8.3,5.4,Cloudy,N
2025-04-29,Kochi,35.0,,56,105.8,33.4,6.1,Rain,N
2025-04-30,Kochi,30.4,,94,100.4,25.2,6.5,rain,N
01-05-2025,Kochi,28.2,,70,0.3,26.8,7.1,Cloudy,N
02-05-2025,Kochi,88.8,F,41,0.8,22.4,10.8,Clear,N
03-05-2025,Kochi,30.8,C,98,0.2,27.1,6.3,Cloudy,N
04-05-2025,Kochi,84.6,F,97,1.8,44.6,10.8,Clear,N
05-05-2025,Kochi,34.1,C,60,0.2,37.9,7.8,Sunny,N
06-05-2025,Kochi,25.4,C,45,0.4,6.5,8.3,Sunny,N
2025-05-07,Kochi,90.5,F,76,0.2,31.5,5.8,clear,N
2025-05-08,Kochi,27.2,C,92,55.5,35.2,8.5,Heavy Rain,no
09-05-2025,Kochi,28.5,C,50,35.2,36.8,10.0,Heavy Rain,N
10-05-2025,Kochi,25.4,C,79,93.4,7.5,10.1,Rain,N
11-05-2025,Kochi,29.8,C,82,0.3,27.6,2.3,Fog,N
12-05-2025,Kochi,26.5,,38,1.4,2.0,5.7,Sunny,N
2025-05-13,Kochi,84.2,,70,0.6,7.1,11.0,Cloudy,N
14-05-2025,Kochi,28.8,C,67,1.4,33.4,11.8,Clear,N
2025-05-15,Kochi,32.7,C,58,2.0,37.1,5.4,Clear,N
2025-05-16,Kochi,32.9,C,35,1.0,22.0,10.8,Clear,N
2025-05-17,Kochi,32.4,,49,8.5,40.5,6.1,rain,N
18-05-2025,Kochi,30.1,C,64,58.3,37.7,9.9,Rain,
19-05-2025,Kochi,31.2,C,96,1.3,24.0,4.1,Clear,N
20-05-2025,Kochi,29.7,C,70,85.5,39.1,5.3,Rain,N
2025-05-21,Kochi,31.6,C,84,1.8,6.0,10.7,Cloudy,N
22-05-2025,Kochi,30.8,C,57,1.8,11.2,8.1,Clear,N
2025-05-23,Kochi,28.8,C,48,1.4,24.8,7.8,clear,N
24-05-2025,Kochi,29.2,C,62,0.5,40.7,7.2,Sunny,N
25-05-2025,Kochi,85.3,F,35,1.3,3.5,4.9,Cloudy,N
26-05-2025,Kochi,30.3,C,87,28.1,35.0,7.5,Rain,N
27-05-2025,Kochi,33.3,C,87,1.7,27.4,5.8,Sunny,N
2025-05-28,Kochi,82.5,,69,91.9,14.3,11.9,Rain,Y
29-05-2025,Kochi,23.9,C,83,23.9,33.9,6.9,Rain,Y
2025-05-30,Kochi,28.5,C,78,1.0,38.2,7.9,Sunny,N
2025-05-31,Kochi,25.0,C,53,1.8,2.4,10.9,Cloudy,N
01-06-2025,Kochi,26.2,C,48,0.7,2.4,11.3,clear,N
02-06-2025,Kochi,31.1,C,95,0.9,2.5,4.0,clear,N
2025-06-03,Kochi,81.3,,NA,1.6,14.7,1.6,Fog,N
04-06-2025,Kochi,25.9,C,83,1.6,27.2,5.5,Clear,N
2025-06-05,Kochi,,C,29,1.8,36.7,6.9,CLEAR,N
2025-06-06,Kochi,27.3,C,94,1.3,25.2,7.5,Cloudy,N
07-06-2025,Kochi,31.0,C,NA,81.8,27.9,10.5,Thunderstorm,
2025-06-08,Kochi,25.3,C,29,0.6,19.6,8.6,Cloudy,N
09-06-2025,Kochi,25.7,,61,0.5,15.3,5.3,Clear,N
10-06-2025,Kochi,29.3,C,,101.2,12.1,8.2,Rain,
2025-06-11,Kochi,85.2,,43,97.1,19.0,5.0,Heavy Rain,yes
2025-06-12,Kochi,26.6,,57,1.4,35.6,7.3,Clear,N
2025-06-13,Kochi,31.0,C,88,52.4,27.1,11.0,Heavy Rain,N
2025-06-14,Kochi,23.1,C,62,6.6,17.5,9.4,Heavy Rain,yes
2025-06-15,Kochi,29.2,C,null,0.9,44.3,2.4,Fog,N
2025-06-16,Kochi,27.8,C,46,61.5,18.8,7.8,rain,N
17-06-2025,Kochi,25.0,C,77,0.9,19.7,5.1,Cloudy,N
18-06-2025,Kochi,25.2,C,66,0.2,29.1,10.7,Cloudy,N
2025-06-19,Kochi,22.1,C,62,96.0,17.3,9.4,Heavy Rain,
20-06-2025,Kochi,24.2,,97,80.8,7.0,11.8,Rain,N
2025-06-21,Kochi,24.0,C,56,0.9,5.2,9.1,Clear,N
22-06-2025,Kochi,27.2,,39,0.8,6.2,11.6,Clear,N
2025-06-23,Kochi,24.2,C,76,0.7,29.6,6.4,Clear,N
2025-06-24,Kochi,24.8,C,72,1.0,33.3,1.8,Fog,N
25-06-2025,Kochi,27.9,C,40,0.7,15.1,1.1,Fog,N
26-06-2025,Kochi,26.8,,31,1.0,15.3,5.4,Clear,N
2025-06-27,Kochi,24.8,C,97,0.5,6.1,10.8,Clear,N
28-06-2025,Kochi,23.4,C,63,1.3,14.4,7.9,Cloudy,N
29-06-2025,Kochi,23.1,C,75,1.1,33.1,11.7,Cloudy,N
2025-06-30,Kochi,21.9,C,86,1.7,34.1,11.5,Clear,N
2025-07-01,Kochi,17.0,C,97,0.2,43.6,5.0,Sunny,N
2024-01-01,Lucknow,20.7,C,77,1.5,11.9,7.1,Cloudy,N
2024-01-02,Lucknow,21.4,C,36,1.8,38.8,11.1,Cloudy,N
2024-01-03,Lucknow,29.0,C,36,1.6,4.9,1.2,Fog,N
04-01-2024,Lucknow,24.2,C,36,1.0,34.4,6.4,Cloudy,N
05-01-2024,Lucknow,28.3,,87,96.0,24.0,4.2,Rain,N
2024-01-06,Lucknow,21.0,,44,0.6,21.7,5.1,Clear,N
07-01-2024,Lucknow,24.0,C,74,1.4,36.1,9.7,Sunny,N
2024-01-08,Lucknow,25.1,C,57,17.1,36.4,7.8,Rain,N
09-01-2024,Lucknow,22.2,,79,76.0,43.4,6.5,Rain,N
10-01-2024,Lucknow,24.5,C,35,0.9,11.6,10.2,Cloudy,N
2024-01-11,Lucknow,26.6,,96,9.0,28.1,9.7,Rain,N
2024-01-12,Lucknow,25.9,,-,2.0,18.8,11.7,Clear,N
2024-01-13,Lucknow,32.1,C,71,0.2,11.3,10.6,Cloudy,N
14-01-2024,Lucknow,25.7,,59,46.6,11.4,9.5,Rain,N
15-01-2024,Lucknow,30.9,C,50,1.3,24.1,7.1,Clear,N
2024-01-16,Lucknow,25.8,C,46,80.4,12.3,7.6,Rain,yes
17-01-2024,Lucknow,85.2,F,74,2.0,13.9,7.3,Sunny,N
2024-01-18,Lucknow,24.6,C,85,0.0,12.0,6.3,Cloudy,N
19-01-2024,Lucknow,25.1,C,45,1.7,33.8,6.9,Cloudy,N
2024-01-20,Lucknow,28.2,C,66,0.1,23.8,8.7,Clear,N
21-01-2024,Lucknow,82.6,F,31,114.2,40.8,5.5,Rain,N
2024-01-22,Lucknow,25.9,,79,1.0,11.5,4.4,Cloudy,N
2024-01-23,Lucknow,24.4,,38,0.3,25.1,10.8,Clear,N
2024-01-24,Lucknow,22.6,C,39,31.5,42.8,7.3,Heavy Rain,N
25-01-2024,Lucknow,27.7,C,28,0.7,13.3,4.6,Clear,N
26-01-2024,Lucknow,27.8,C,28,0.3,18.5,11.9,Cloudy,N
2024-01-27,Lucknow,28.9,C,56,5.7,21.4,5.5,rain,N
28-01-2024,Lucknow,75.2,F,92,117.7,6.5,10.9,Rain,Y
29-01-2024,Lucknow,26.4,C,93,114.0,17.6,4.1,Heavy Rain,N
30-01-2024,Lucknow,30.2,C,93,1.5,36.2,1.3,Fog,N
31-01-2024,Lucknow,29.9,C,28,1.6,43.1,8.9,Cloudy,N
2024-02-01,Lucknow,31.8,C,37,1.4,29.7,8.4,Cloudy,N
2024-02-02,Lucknow,25.4,C,65,0.9,44.2,10.7,CLEAR,N
2024-02-03,Lucknow,28.5,C,74,112.8,33.7,10.0,Heavy Rain,N
2024-02-04,Lucknow,87.9,F,76,0.7,14.2,4.5,Clear,N
05-02-2024,Lucknow,30.4,C,85,1.7,6.9,5.9,Clear,N
06-02-2024,Lucknow,88.0,F,65,0.6,33.3,1.6,Fog,N
2024-02-07,Lucknow,31.9,C,80,1.5,30.9,8.3,Sunny,N
08-02-2024,Lucknow,25.2,,94,27.3,15.4,8.7,Rain,
2024-02-09,Lucknow,32.2,,80,0.8,27.4,4.2,Clear,N
2024-02-10,Lucknow,24.6,C,81,0.2,6.5,8.6,Clear,N
11-02-2024,Lucknow,31.8,C,31,0.2,36.3,6.9,Clear,N
12-02-2024,Lucknow,30.1,,71,22.7,41.9,6.1,Heavy Rain,yes
14-02-2024,Lucknow,unknown,F,40,1.6,43.9,6.3,Sunny,N
15-02-2024,Lucknow,35.8,C,72,1.0,42.2,4.6,Clear,N
2024-02-16,Lucknow,30.6,C,34,0.7,20.9,7.5,Sunny,N
17-02-2024,Lucknow,29.3,,63,0.2,8.0,4.6,Sunny,N
2024-02-18,Lucknow,28.1,C,75,0.5,36.7,2.7,Fog,N
19-02-2024,Lucknow,33.9,C,91,1.9,43.5,11.3,Clear,N
2024-02-20,Lucknow,28.6,C,33,1.3,3.6,7.5,CLEAR,N
21-02-2024,Lucknow,86.9,F,86,0.8,27.3,10.8,Cloudy,N
2024-02-22,Lucknow,29.5,C,83,0.2,12.2,5.9,Clear,N
2024-02-23,Lucknow,27.5,,81,0.8,21.8,5.1,clear,N
2024-02-24,Lucknow,31.9,,37,1.9,4.4,2.3,Fog,N
2024-02-25,Lucknow,31.5,C,54,0.7,35.0,5.6,Cloudy,N
2024-02-26,Lucknow,27.5,C,41,114.8,4.2,6.8,rain,N
27-02-2024,Lucknow,29.1,C,58,0.1,42.1,1.0,Fog,N
28-02-2024,Lucknow,26.5,C,78,98.8,44.1,5.1,Thunderstorm,N
29-02-2024,Lucknow,30.3,C,null,76.6,42.2,7.1,Rain,N
01-03-2024,Lucknow,29.8,C,70,0.3,9.9,5.9,Sunny,N
2024-03-02,Lucknow,27.2,,50,0.5,3.2,4.0,Clear,N
03-03-2024,Lucknow,24.8,,73,1.1,6.4,11.0,CLEAR,N
04-03-2024,Lucknow,29.1,,77,119.6,11.5,6.5,Rain,
05-03-2024,Lucknow,34.2,,61,1.4,19.2,6.5,Sunny,N
06-03-2024,Lucknow,95.3,,33,0.2,22.4,10.1,Cloudy,N
07-03-2024,Lucknow,88.2,F,73,0.3,31.3,5.3,Cloudy,N
08-03-2024,Lucknow,30.4,C,28,0.1,7.9,10.3,Sunny,N
09-03-2024,Lucknow,28.5,C,72,0.0,19.1,9.0,Sunny,N
2024-03-10,Lucknow,30.3,C,65,33.6,44.8,8.9,Rain,
11-03-2024,Lucknow,32.7,,44,1.1,22.6,9.3,Cloudy,N
12-03-2024,Lucknow,29.7,,73,0.4,17.3,4.5,CLEAR,N
2024-03-13,Lucknow,33.0,C,44,0.5,24.3,8.9,clear,N
2024-03-14,Lucknow,37.3,C,68,1.0,44.7,8.6,Clear,N
2024-03-15,Lucknow,31.3,,32,1.5,11.8,10.8,Clear,N
2024-03-16,Lucknow,36.9,C,82,0.7,21.3,9.0,Clear,N
17-03-2024,Lucknow,32.1,C,40,1.7,24.6,4.8,Cloudy,N
2024-03-18,Lucknow,31.5,C,43,1.8,26.7,5.6,Cloudy,N
2024-03-19,Lucknow,33.2,C,59,1.6,24.0,7.8,Cloudy,N
20-03-2024,Lucknow,29.2,C,58,1.1,29.8,11.2,Clear,N
2024-03-21,Lucknow,36.3,C,30,52.9,3.7,6.4,Rain,N
22-03-2024,Lucknow,93.2,,42,44.1,17.4,5.6,rain,N
2024-03-23,Lucknow,31.6,C,90,53.1,41.6,11.4,Rain,no
2024-03-24,Lucknow,29.9,C,-,0.2,38.7,4.3,Cloudy,N
25-03-2024,Lucknow,35.7,,34,1.8,26.7,11.3,Clear,N
2024-03-26,Lucknow,78.5,F,76,1.6,4.6,11.8,Sunny,N
2024-03-27,Lucknow,30.6,,82,0.3,13.4,6.4,Clear,N
2024-03-28,Lucknow,32.4,C,93,1.7,16.8,9.1,Clear,N
2024-03-29,Lucknow,29.8,C,,0.5,18.5,8.4,Cloudy,N
30-03-2024,Lucknow,27.4,C,48,36.2,22.0,8.7,Rain,N
31-03-2024,Lucknow,31.6,C,75,0.4,28.3,5.4,Clear,N
01-04-2024,Lucknow,35.4,C,null,1.4,29.0,5.7,Clear,N
2024-04-02,Lucknow,35.5,C,85,103.7,2.7,4.4,Heavy Rain,yes
03-04-2024,Lucknow,93.6,F,51,1.4,34.2,8.9,Clear,N
2024-04-04,Lucknow,31.5,C,62,1.2,39.2,9.2,Cloudy,N
2024-04-05,Lucknow,79.8,F,44,1.6,3.9,9.4,CLEAR,N
06-04-2024,Lucknow,32.4,,44,1.0,21.6,9.3,clear,N
07-04-2024,Lucknow,34.1,C,51,63.4,5.6,8.1,Thunderstorm,no
08-04-2024,Lucknow,31.8,C,78,1.6,41.2,4.9,Cloudy,N
09-04-2024,Lucknow,32.0,C,93,1.1,6.1,11.0,Cloudy,N
2024-04-10,Lucknow,31.7,C,59,0.4,12.4,7.7,Clear,N
11-04-2024,Lucknow,30.2,C,29,1.4,39.1,8.1,CLEAR,N
12-04-2024,Lucknow,32.1,C,72,1.7,3.1,4.1,CLEAR,N
2024-04-13,Lucknow,37.3,C,62,0.2,unknown,5.0,Clear,N
14-04-2024,Lucknow,33.2,C,81,0.1,7.3,4.8,clear,N
15-04-2024,Lucknow,33.2,C,unknown,1.2,21.0,4.3,Sunny,N
16-04-2024,Lucknow,27.6,C,51,53.6,6.4,10.1,Rain,N
2024-04-17,Lucknow,28.9,,38,1.9,36.4,10.7,Cloudy,N
18-04-2024,Lucknow,N/A,,63,1.1,17.1,9.1,Cloudy,N
2024-04-19,Lucknow,31.6,C,46,1.0,38.5,10.1,Sunny,N
2024-04-20,Lucknow,35.9,C,90,0.7,41.1,5.3,Cloudy,N
2024-04-21,Lucknow,32.5,C,51,0.0,24.4,4.3,Cloudy,N
22-04-2024,Lucknow,35.9,C,38,0.0,25.7,0.7,Fog,N
2024-04-23,Lucknow,27.2,C,86,63.4,13.0,6.1,Rain,
2024-04-24,Lucknow,24.0,C,65,0.1,43.8,2.3,Fog,N
2024-04-25,Lucknow,33.9,C,58,1.1,4.2,11.8,Sunny,N
26-04-2024,Lucknow,26.7,C,82,1.2,44.1,8.7,Sunny,N
2024-04-27,Lucknow,36.6,,98,0.0,5.3,11.0,Cloudy,N
28-04-2024,Lucknow,85.4,F,36,0.4,32.2,7.3,Clear,N
2024-04-29,Lucknow,unknown,C,53,40.1,38.2,7.9,Rain,Y
30-04-2024,Lucknow,32.3,C,66,1.6,10.0,10.5,Sunny,N
2024-05-01,Lucknow,31.1,C,70,71.2,20.1,10.8,Thunderstorm,N
2024-05-02,Lucknow,31.6,C,43,0.8,7.3,8.0,Cloudy,N
2024-05-03,Lucknow,39.6,,NA,64.9,43.3,11.0,Rain,N
04-05-2024,Lucknow,32.3,,66,51.0,44.9,11.6,Rain,N
2024-05-05,Lucknow,28.8,C,89,61.9,15.6,11.7,Heavy Rain,
2024-05-06,Lucknow,29.8,,96,0.2,2.1,9.3,Clear,N
2024-05-07,Lucknow,35.0,,55,0.7,26.6,6.0,Clear,N
08-05-2024,Lucknow,90.0,F,69,11.2,7.9,9.7,Rain,yes
09-05-2024,Lucknow,31.8,,61,1.7,26.3,9.4,Cloudy,N
10-05-2024,Lucknow,31.8,C,36,0.4,12.5,4.8,Clear,N
11-05-2024,Lucknow,29.3,C,54,0.6,15.6,11.8,Clear,N
12-05-2024,Lucknow,29.3,C,59,0.5,14.8,10.0,Cloudy,N
13-05-2024,Lucknow,29.3,,93,1.2,18.1,9.6,Clear,N
2024-05-14,Lucknow,27.9,,52,0.9,unknown,6.8,Clear,N
15-05-2024,Lucknow,88.6,F,66,1.8,35.1,8.1,Cloudy,N
16-05-2024,Lucknow,31.2,C,53,0.1,43.8,9.8,clear,N
17-05-2024,Lucknow,88.1,F,69,1.4,5.4,6.8,Clear,N
2024-05-18,Lucknow,27.0,C,31,1.5,27.7,4.4,Clear,N
2024-05-19,Lucknow,27.9,C,45,10.5,19.9,7.8,rain,N
2024-05-20,Lucknow,29.8,C,39,1.5,44.6,6.8,Clear,N
2024-05-21,Lucknow,35.5,,40,55.1,25.2,10.7,Thunderstorm,N
22-05-2024,Lucknow,28.8,,75,1.5,28.1,9.5,Cloudy,N
23-05-2024,Lucknow,25.9,,,0.8,14.2,4.8,Cloudy,N
2024-05-24,Lucknow,25.4,C,79,1.6,unknown,4.5,Clear,N
2024-05-25,Lucknow,30.9,C,92,1.4,37.4,0.5,Fog,N
26-05-2024,Lucknow,26.7,C,48,46.0,12.5,7.9,Rain,N
2024-05-27,Lucknow,26.7,C,85,1.9,4.8,9.5,Sunny,N
28-05-2024,Lucknow,27.1,C,68,20.9,38.7,10.7,Rain,N
2024-05-29,Lucknow,32.2,,34,0.1,20.3,8.9,Sunny,N
2024-05-30,Lucknow,31.7,,87,2.0,43.9,10.1,CLEAR,N
31-05-2024,Lucknow,84.4,F,36,1.4,25.1,5.0,Clear,N
2024-06-01,Lucknow,29.1,C,42,0.1,26.1,9.3,Clear,N
02-06-2024,Lucknow,31.6,C,44,0.3,42.4,5.8,Sunny,N
2024-06-03,Lucknow,33.5,,88,1.7,43.0,10.4,Clear,N
04-06-2024,Lucknow,28.3,,40,0.9,31.2,9.9,Clear,N
2024-06-05,Lucknow,24.3,C,43,0.9,32.8,10.6,Clear,N
2024-06-06,Lucknow,  ,C,null,45.8,36.4,5.7,Rain,Y
07-06-2024,Lucknow,94.3,F,37,44.0,13.6,11.5,Rain,N
2024-06-08,Lucknow,29.0,C,89,32.2,37.2,10.6,rain,N
2024-06-09,Lucknow,24.5,,78,0.0,30.6,7.4,clear,N
10-06-2024,Lucknow,30.9,C,50,82.8,29.5,5.2,Rain,Y
2024-06-11,Lucknow,27.0,C,69,66.8,34.4,8.2,Rain,yes
2024-06-12,Lucknow,29.1,C,64,1.8,5.8,1.8,Fog,N
2024-06-13,Lucknow,27.5,C,74,0.5,7.9,6.8,CLEAR,N
14-06-2024,Lucknow,24.8,C,88,1.3,44.2,11.7,Cloudy,N
2024-06-15,Lucknow,28.2,,36,21.8,26.8,8.6,Heavy Rain,N
16-06-2024,Lucknow,28.3,C,75,1.6,24.2,10.6,Clear,N
17-06-2024,Lucknow,31.0,,37,0.7,35.6,6.1,Cloudy,N
2024-06-18,Lucknow,23.4,C,77,60.8,null,9.0,Thunderstorm,N
2024-06-19,Lucknow,23.0,C,58,0.6,35.9,4.7,Clear,N
20-06-2024,Lucknow,24.6,,34,0.7,37.1,4.4,clear,N
21-06-2024,Lucknow,25.4,,52,79.7,29.7,10.7,Rain,yes
2024-06-22,Lucknow,22.8,C,56,1.3,43.3,7.6,Clear,N
2024-06-23,Lucknow,28.6,C,80,1.5,21.8,1.8,Fog,N
2024-06-24,Lucknow,24.6,,85,1.0,20.6,5.1,Cloudy,N
2024-06-25,Lucknow,27.2,,30,95.3,35.1,4.9,Rain,
2024-06-26,Lucknow,25.8,,35,0.6,42.1,5.7,Clear,N
27-06-2024,Lucknow,17.7,,89,0.2,  ,10.7,clear,N
2024-06-28,Lucknow,25.7,C,37,58.8,40.2,5.6,Rain,no
2024-06-29,Lucknow,20.1,C,70,1.3,40.6,11.5,Cloudy,N
30-06-2024,Lucknow,  ,C,82,0.5,26.7,1.7,Fog,N
01-07-2024,Lucknow,29.5,C,88,1.8,36.5,2.3,Fog,N
02-07-2024,Lucknow,23.5,C,  ,56.0,13.8,8.3,Rain,no
03-07-2024,Lucknow,27.9,C,63,0.7,32.0,9.1,Clear,N
2024-07-04,Lucknow,20.7,,42,88.0,28.1,8.6,Rain,N
2024-07-05,Lucknow,26.9,C,70,76.2,28.2,4.2,Rain,Y
2024-07-06,Lucknow,  ,C,52,0.1,41.4,9.3,Cloudy,N
07-07-2024,Lucknow,28.3,C,28,1.2,41.1,11.3,Clear,N
08-07-2024,Lucknow,20.8,,67,1.1,18.6,11.0,Clear,N
2024-07-09,Lucknow,76.0,F,29,0.3,36.9,9.5,Sunny,N
10-07-2024,Lucknow,20.0,C,60,100.8,34.1,8.7,Heavy Rain,yes
11-07-2024,Lucknow,22.7,C,69,0.6,24.5,8.2,Cloudy,N
2024-07-12,Lucknow,20.6,,61,0.6,26.4,7.4,Cloudy,N
2024-07-13,Lucknow,21.1,,30,82.5,8.1,10.7,rain,N
2024-07-14,Lucknow,29.1,C,78,1.7,9.4,2.1,Fog,N
15-07-2024,Lucknow,27.9,C,45,52.5,9.8,4.9,Rain,Y
2024-07-16,Lucknow,23.2,,83,70.3,31.5,7.6,Rain,N
18-07-2024,Lucknow,20.6,C,34,32.9,38.8,6.9,Heavy Rain,N
2024-07-19,Lucknow,22.8,C,30,77.8,32.1,5.4,Heavy Rain,N
20-07-2024,Lucknow,19.7,,97,2.0,26.8,8.0,Clear,N
21-07-2024,Lucknow,24.1,C,64,1.2,14.6,9.1,Clear,N
22-07-2024,Lucknow,20.3,,82,1.1,30.5,0.9,Fog,N
2024-07-23,Lucknow,20.1,C,66,69.3,12.3,4.2,Rain,N
24-07-2024,Lucknow,21.2,C,71,0.4,7.9,6.7,Cloudy,N
2024-07-25,Lucknow,19.5,C,39,1.2,42.7,4.2,Clear,N
26-07-2024,Lucknow,17.1,,79,1.0,9.9,12.0,Clear,N
27-07-2024,Lucknow,76.3,F,30,0.2,39.9,4.9,Clear,N
28-07-2024,Lucknow,22.9,C,46,99.2,,10.0,Rain,no
2024-07-29,Lucknow,15.9,C,35,13.4,7.2,5.0,Thunderstorm,N
2024-07-30,Lucknow,null,C,70,1.4,27.4,9.9,Cloudy,N
31-07-2024,Lucknow,19.3,C,83,0.8,29.2,7.0,Cloudy,N
01-08-2024,Lucknow,16.2,C,37,71.6,23.6,7.9,Rain,Y
02-08-2024,Lucknow,19.0,C,46,85.4,22.4,8.3,Thunderstorm,N
2024-08-03,Lucknow,20.0,C,40,0.7,-,4.1,clear,N
2024-08-04,Lucknow,16.0,,-,0.6,37.7,5.3,Cloudy,N
05-08-2024,Lucknow,23.3,C,39,16.1,38.9,7.1,Heavy Rain,N
06-08-2024,Lucknow,12.8,,56,77.9,32.5,7.7,Rain,yes
2024-08-07,Lucknow,18.3,C,87,0.3,28.3,11.3,Sunny,N
08-08-2024,Lucknow,18.5,C,59,1.3,25.2,4.8,Sunny,N
09-08-2024,Lucknow,20.9,C,95,81.1,13.5,6.2,Rain,N
2024-08-10,Lucknow,20.7,C,42,114.2,28.0,9.9,Rain,N
11-08-2024,Lucknow,19.0,,94,1.2,5.0,4.1,Clear,N
2024-08-12,Lucknow,20.5,C,74,0.4,24.0,10.0,clear,N
2024-08-13,Lucknow,19.7,,50,44.9,41.5,8.3,Rain,
2024-08-14,Lucknow,16.1,,44,65.7,20.2,8.0,Rain,
2024-08-15,Lucknow,24.8,,91,66.4,31.1,10.8,rain,no
16-08-2024,Lucknow,16.0,C,43,0.9,43.4,9.8,CLEAR,N
2024-08-17,Lucknow,18.3,,38,98.6,20.8,5.7,Heavy Rain,N
2024-08-18,Lucknow,21.2,C,82,0.6,12.4,0.6,Fog,N
2024-08-19,Lucknow,66.9,,62,1.3,38.7,11.2,Cloudy,N
20-08-2024,Lucknow,16.2,,84,79.5,16.7,6.2,rain,Y
21-08-2024,Lucknow,14.2,C,95,2.0,17.8,7.1,Sunny,N
22-08-2024,Lucknow,71.4,F,56,0.7,40.4,5.7,Cloudy,N
23-08-2024,Lucknow,16.4,C,98,1.0,20.5,4.0,Cloudy,N
24-08-2024,Lucknow,14.9,,53,1.9,23.7,7.6,CLEAR,N
2024-08-25,Lucknow,21.5,C,62,66.0,42.3,9.1,Rain,Y
2024-08-26,Lucknow,8.7,C,40,1.2,28.1,10.9,Clear,N
2024-08-27,Lucknow,13.8,C,70,33.2,44.2,11.3,rain,N
2024-08-28,Lucknow,17.0,,64,18.4,38.0,6.0,Rain,N
29-08-2024,Lucknow,23.7,C,45,114.1,30.3,6.2,Heavy Rain,
30-08-2024,Lucknow,64.3,F,64,1.0,44.0,8.1,Clear,N
31-08-2024,Lucknow,17.4,C,96,48.3,19.5,5.7,Rain,N
2024-09-01,Lucknow,  ,C,53,1.1,22.3,0.6,Fog,N
2024-09-02,Lucknow,71.9,F,54,0.9,19.8,6.1,CLEAR,N
2024-09-03,Lucknow,14.2,C,61,0.9,36.9,6.3,Clear,N
2024-09-04,Lucknow,19.4,C,57,0.9,10.1,7.4,clear,N
2024-09-05,Lucknow,13.7,C,40,1.0,32.8,11.7,Clear,N
2024-09-06,Lucknow,13.1,C,59,0.1,38.4,10.2,Cloudy,N
07-09-2024,Lucknow,15.9,C,53,0.9,11.9,7.4,Cloudy,N
2024-09-08,Lucknow,10.7,C,94,1.8,5.6,11.4,Clear,N
2024-09-09,Lucknow,17.4,,87,0.5,7.1,6.6,Clear,N
10-09-2024,Lucknow,62.5,F,74,1.9,44.8,5.8,Clear,N
2024-09-11,Lucknow,15.3,C,76,96.0,29.5,6.3,Heavy Rain,
2024-09-12,Lucknow,16.5,C,80,1.5,12.6,6.4,Clear,N
13-09-2024,Lucknow,18.8,,46,1.3,24.1,11.6,Cloudy,N
2024-09-14,Lucknow,12.1,C,32,97.8,17.2,7.4,Rain,no
15-09-2024,Lucknow,65.4,F,66,30.7,23.2,8.3,Rain,
16-09-2024,Lucknow,66.5,,91,36.0,36.7,4.8,Rain,Y
2024-09-17,Lucknow,14.9,C,-,1.6,35.5,4.6,Cloudy,N
2024-09-18,Lucknow,16.4,C,36,0.6,20.0,8.8,Clear,N
2024-09-19,Lucknow,18.1,C,67,1.0,19.2,6.4,Clear,N
2024-09-20,Lucknow,50.2,F,52,21.5,33.8,10.0,Rain,no
2024-09-21,Lucknow,19.3,C,55,19.7,39.3,9.2,Thunderstorm,N
22-09-2024,Lucknow,47.5,,34,1.1,9.4,6.5,Cloudy,N
2024-09-23,Lucknow,70.8,F,61,0.1,23.1,6.9,Cloudy,N
2024-09-24,Lucknow,16.9,C,83,0.4,24.6,9.4,Clear,N
25-09-2024,Lucknow,21.3,C,66,0.6,3.3,6.2,Clear,N
26-09-2024,Lucknow,12.4,C,44,1.6,10.7,11.7,Cloudy,N
2024-09-27,Lucknow,74.4,F,52,1.7,17.3,5.2,CLEAR,N
28-09-2024,Lucknow,17.4,C,28,0.6,12.6,6.2,CLEAR,N
2024-09-29,Lucknow,20.4,C,37,0.9,31.3,10.2,Clear,N
30-09-2024,Lucknow,14.9,C,60,6.7,21.6,5.4,Rain,N
01-10-2024,Lucknow,17.2,,95,0.7,29.0,5.9,Cloudy,N
02-10-2024,Lucknow,67.9,F,98,0.5,35.6,0.6,Fog,N
03-10-2024,Lucknow,14.7,C,40,98.8,34.8,5.4,rain,N
04-10-2024,Lucknow,15.7,C,39,1.2,10.9,7.0,CLEAR,N
05-10-2024,Lucknow,12.0,C,54,0.5,4.8,6.4,Sunny,N
06-10-2024,Lucknow,19.4,C,42,1.6,20.5,4.2,Clear,N
07-10-2024,Lucknow,16.9,C,80,0.7,11.0,10.9,Clear,N
08-10-2024,Lucknow,17.3,C,85,1.1,5.7,8.8,Clear,N
2024-10-09,Lucknow,14.0,C,54,0.6,31.8,5.8,Clear,N
2024-10-10,Lucknow,64.1,F,89,33.1,11.9,5.6,Rain,N
11-10-2024,Lucknow,17.3,,97,0.8,29.9,4.6,Cloudy,N
12-10-2024,Lucknow,21.6,,67,0.4,5.0,6.7,Cloudy,N
2024-10-13,Lucknow,22.2,C,89,0.6,6.7,5.9,Sunny,N
14-10-2024,Lucknow,22.1,,55,0.2,5.2,2.9,Fog,N
2024-10-15,Lucknow,13.2,,49,45.6,10.4,11.3,Rain,Y
16-10-2024,Lucknow,18.0,C,59,84.8,15.3,5.3,Thunderstorm,N
2024-10-17,Lucknow,14.1,C,-,11.0,38.2,10.0,Heavy Rain,N
18-10-2024,Lucknow,15.3,C,76,0.2,8.1,4.3,Cloudy,N
2024-10-19,Lucknow,17.2,C,68,0.6,22.1,4.6,clear,N
20-10-2024,Lucknow,15.9,C,73,0.6,25.0,0.3,Fog,N
2024-10-21,Lucknow,13.0,C,73,1.9,18.0,1.4,Fog,N
2024-10-22,Lucknow,16.3,C,28,1.8,13.5,11.8,Cloudy,N
2024-10-23,Lucknow,19.3,,47,1.2,24.6,1.2,Fog,N
2024-10-24,Lucknow,21.2,,33,0.0,14.8,1.2,Fog,N
25-10-2024,Lucknow,14.7,,52,0.6,16.9,11.1,Cloudy,N
2024-10-26,Lucknow,13.8,C,63,1.5,19.0,5.2,Clear,N
27-10-2024,Lucknow,19.4,C,71,31.0,20.2,8.3,Heavy Rain,
28-10-2024,Lucknow,14.8,C,80,34.2,10.5,8.9,Rain,N
29-10-2024,Lucknow,15.7,,37,1.5,32.0,6.0,Cloudy,N
2024-10-30,Lucknow,11.1,C,52,1.9,18.7,7.9,Clear,N
2024-10-31,Lucknow,21.1,C,73,0.6,2.8,4.3,Sunny,N
01-11-2024,Lucknow,15.1,C,66,0.9,10.9,8.4,CLEAR,N
2024-11-02,Lucknow,18.3,,41,91.9,-,8.0,Rain,N
03-11-2024,Lucknow,19.2,C,48,0.5,26.4,0.8,Fog,N
2024-11-04,Lucknow,19.6,C,69,1.2,18.5,5.2,Cloudy,N
05-11-2024,Lucknow,67.7,F,85,1.1,44.2,10.7,Clear,N
2024-11-06,Lucknow,14.2,C,64,0.5,13.3,11.5,Cloudy,N
07-11-2024,Lucknow,19.2,C,78,0.0,44.4,6.4,Clear,N
2024-11-08,Lucknow,18.0,C,65,1.3,12.9,5.7,CLEAR,N
2024-11-09,Lucknow,11.9,C,60,81.7,19.3,6.9,Heavy Rain,N
10-11-2024,Lucknow,12.2,,50,49.2,6.9,4.6,Rain,yes
11-11-2024,Lucknow,64.7,F,86,102.7,15.3,10.3,Rain,yes
12-11-2024,Lucknow,17.3,C,52,73.7,11.0,7.4,Thunderstorm,N
2024-11-13,Lucknow,18.3,,36,98.4,39.2,8.9,Rain,N
14-11-2024,Lucknow,17.1,,96,0.4,43.9,6.0,Clear,N
15-11-2024,Lucknow,13.9,,32,64.7,24.7,8.5,Rain,no
16-11-2024,Lucknow,16.9,C,57,1.5,32.6,8.4,Cloudy,N
2024-11-17,Lucknow,59.7,F,88,2.0,38.9,1.7,Fog,N
18-11-2024,Lucknow,20.2,C,82,0.6,6.6,4.2,Sunny,N
19-11-2024,Lucknow,19.1,,70,1.1,37.5,6.4,Cloudy,N
2024-11-20,Lucknow,20.6,C,35,72.7,31.2,10.2,Thunderstorm,no
2024-11-21,Lucknow,15.9,C,82,1.0,38.9,11.2,Sunny,N
22-11-2024,Lucknow,17.8,C,40,1.5,35.7,11.5,Clear,N
2024-11-23,Lucknow,20.8,,47,1.2,7.4,5.1,Clear,N
24-11-2024,Lucknow,14.6,C,69,0.2,44.7,4.9,Sunny,N
25-11-2024,Lucknow,20.4,C,87,0.4,39.7,5.9,Sunny,N
2024-11-26,Lucknow,22.3,,30,20.8,34.2,7.0,Rain,N
2024-11-27,Lucknow,18.5,C,86,1.3,35.7,8.5,Cloudy,N
2024-11-28,Lucknow,15.2,C,83,78.3,18.5,9.0,Rain,
29-11-2024,Lucknow,20.7,C,65,78.7,35.6,5.7,Rain,
2024-11-30,Lucknow,25.2,C,82,1.2,30.9,8.5,Clear,N
2024-12-01,Lucknow,23.1,C,46,0.9,40.9,11.1,Clear,N
2024-12-02,Lucknow,20.6,C,73,112.4,31.7,8.8,Rain,
2024-12-03,Lucknow,17.1,,80,16.2,20.8,8.1,rain,N
04-12-2024,Lucknow,17.2,,39,120.0,31.6,11.1,Heavy Rain,no
05-12-2024,Lucknow,19.2,,90,6.1,30.5,7.4,Heavy Rain,N
2024-12-06,Lucknow,19.6,C,93,0.1,43.2,5.7,Cloudy,N
07-12-2024,Lucknow,22.5,C,97,1.1,27.1,8.5,clear,N
2024-12-08,Lucknow,20.6,C,N/A,1.2,2.0,8.6,Cloudy,N
09-12-2024,Lucknow,19.2,C,73,0.1,18.3,11.4,Clear,N
10-12-2024,Lucknow,21.1,,32,1.7,12.7,5.3,Cloudy,N
11-12-2024,Lucknow,21.0,,43,1.2,11.2,4.5,Clear,N
12-12-2024,Lucknow,28.6,C,69,111.0,32.6,11.9,Rain,N
2024-12-13,Lucknow,14.7,C,63,0.1,41.7,11.4,Cloudy,N
2024-12-14,Lucknow,20.3,,72,1.4,34.6,5.7,Cloudy,N
15-12-2024,Lucknow,21.6,C,76,1.9,30.5,7.0,Clear,N
16-12-2024,Lucknow,21.3,C,51,0.5,32.6,8.1,Cloudy,N
17-12-2024,Lucknow,27.4,C,86,24.9,24.1,9.2,Thunderstorm,Y
18-12-2024,Lucknow,68.5,F,94,0.6,5.6,5.4,Cloudy,N
19-12-2024,Lucknow,22.2,C,74,113.2,26.8,8.0,Thunderstorm,N
2024-12-20,Lucknow,25.0,C,45,64.7,31.5,5.9,Rain,
21-12-2024,Lucknow,24.4,C,56,1.2,35.6,7.4,Clear,N
2024-12-22,Lucknow,23.3,,35,0.2,36.8,5.5,Clear,N
23-12-2024,Lucknow,64.7,F,84,1.0,7.9,9.7,Clear,N
24-12-2024,Lucknow,22.1,C,49,39.2,31.2,7.0,rain,
25-12-2024,Lucknow,25.4,C,65,1.2,26.0,8.9,Clear,N
2024-12-26,Lucknow,21.9,C,86,1.9,16.7,11.1,Sunny,N
2024-12-27,Lucknow,76.9,,72,1.5,22.2,5.6,Clear,N
2024-12-28,Lucknow,77.0,F,91,1.6,13.5,6.0,Cloudy,N
29-12-2024,Lucknow,25.0,C,52,1.0,32.4,10.0,Clear,N
30-12-2024,Lucknow,29.9,C,44,0.6,16.5,5.9,Clear,N
2024-12-31,Lucknow,24.1,C,34,1.3,44.0,6.4,CLEAR,N
01-01-2025,Lucknow,72.2,F,89,83.8,13.0,11.8,rain,Y
2025-01-02,Lucknow,23.5,C,45,1.2,15.1,5.5,Sunny,N
03-01-2025,Lucknow,23.7,C,84,1.0,2.7,11.2,Sunny,N
04-01-2025,Lucknow,24.1,,65,0.8,2.2,9.8,Sunny,N
2025-01-05,Lucknow,23.9,C,71,11.0,20.8,9.0,Rain,N
2025-01-06,Lucknow,25.7,C,92,0.9,34.2,11.4,Clear,N
07-01-2025,Lucknow,82.7,F,33,0.2,29.1,10.0,Clear,N
2025-01-08,Lucknow,20.3,,82,1.2,28.7,8.7,Sunny,N
09-01-2025,Lucknow,24.3,C,68,1.3,40.1,2.5,Fog,N
2025-01-10,Lucknow,75.6,,62,0.0,39.3,0.8,Fog,N
2025-01-11,Lucknow,77.0,F,-,24.5,28.1,7.1,rain,no
12-01-2025,Lucknow,24.7,C,68,0.7,15.6,10.0,Sunny,N
13-01-2025,Lucknow,24.8,C,41,106.8,14.2,7.7,Rain,no
14-01-2025,Lucknow,26.5,,29,1.7,25.3,9.2,Sunny,N
15-01-2025,Lucknow,29.1,C,29,57.4,14.5,8.7,Thunderstorm,yes
16-01-2025,Lucknow,26.4,C,81,1.1,41.0,8.8,Cloudy,N
2025-01-17,Lucknow,22.9,C,77,1.2,35.5,10.6,Cloudy,N
2025-01-18,Lucknow,32.1,C,31,92.2,26.6,11.2,Heavy Rain,N
2025-01-19,Lucknow,22.7,C,53,0.4,3.3,11.7,clear,N
2025-01-20,Lucknow,27.5,C,31,49.5,35.9,6.9,Rain,N
2025-01-21,Lucknow,26.8,,72,66.9,29.3,5.5,Rain,Y
2025-01-22,Lucknow,25.1,C,35,89.6,23.1,9.8,Heavy Rain,N
2025-01-23,Lucknow,28.1,,66,0.9,17.0,9.8,Sunny,N
24-01-2025,Lucknow,30.8,C,62,1.3,13.4,4.1,Cloudy,N
2025-01-25,Lucknow,22.6,C,45,58.0,40.7,8.9,Rain,yes
2025-01-26,Lucknow,25.5,C,91,0.7,32.2,11.6,Sunny,N
27-01-2025,Lucknow,25.9,,89,0.6,9.3,2.8,Fog,N
28-01-2025,Lucknow,29.6,,51,73.6,37.3,8.3,Heavy Rain,yes
30-01-2025,Lucknow,21.2,,86,0.9,35.9,5.7,CLEAR,N
31-01-2025,Lucknow,25.3,C,82,102.7,21.3,6.2,Rain,N
01-02-2025,Lucknow,91.0,F,92,1.2,38.9,9.6,Cloudy,N
2025-02-02,Lucknow,29.4,C,63,1.4,11.6,4.7,Cloudy,N
03-02-2025,Lucknow,29.0,C,87,1.8,35.7,5.7,Clear,N
2025-02-04,Lucknow,85.8,,65,2.0,10.8,8.3,Sunny,N
05-02-2025,Lucknow,31.2,,35,0.1,6.6,7.8,Sunny,N
2025-02-06,Lucknow,88.9,F,96,0.5,29.0,11.7,Sunny,N
07-02-2025,Lucknow,31.9,C,86,1.9,44.1,5.1,Cloudy,N
2025-02-08,Lucknow,25.8,C,86,2.0,22.7,7.7,Sunny,N
2025-02-09,Lucknow,31.5,,83,1.2,4.7,8.2,Cloudy,N
2025-02-10,Lucknow,26.6,C,72,0.3,2.2,5.0,Cloudy,N
2025-02-11,Lucknow,30.9,C,37,1.3,24.7,7.5,CLEAR,N
12-02-2025,Lucknow,30.0,C,73,1.3,27.5,7.3,clear,N
2025-02-13,Lucknow,31.0,C,61,1.7,43.5,5.2,Sunny,N
14-02-2025,Lucknow,32.5,C,67,0.2,32.2,4.7,Cloudy,N
15-02-2025,Lucknow,30.6,C,42,1.8,33.2,11.6,Cloudy,N
2025-02-16,Lucknow,28.3,C,72,1.2,14.3,1.8,Fog,N
17-02-2025,Lucknow,32.9,C,83,0.6,21.4,8.9,Sunny,N
2025-02-19,Lucknow,31.2,C,80,0.1,19.9,10.7,CLEAR,N
20-02-2025,Lucknow,29.7,,37,0.8,4.9,10.8,Clear,N
2025-02-21,Lucknow,28.8,,67,1.7,34.0,2.6,Fog,N
22-02-2025,Lucknow,35.5,C,70,1.9,5.2,9.1,Clear,N
2025-02-23,Lucknow,32.7,C,59,39.5,20.5,9.5,rain,Y
2025-02-24,Lucknow,31.8,C,53,0.7,21.5,9.4,Cloudy,N
2025-02-25,Lucknow,27.1,C,59,16.0,38.6,6.0,Rain,N
26-02-2025,Lucknow,32.6,,72,1.5,21.0,4.6,Clear,N
27-02-2025,Lucknow,30.3,,77,0.6,31.2,5.0,Clear,N
2025-02-28,Lucknow,30.8,C,63,1.9,22.0,11.8,Clear,N
01-03-2025,Lucknow,27.5,C,66,0.5,33.5,6.4,Sunny,N
2025-03-02,Lucknow,30.6,C,31,0.5,15.0,6.4,Clear,N
03-03-2025,Lucknow,,C,58,0.7,36.3,11.3,Cloudy,N
2025-03-04,Lucknow,83.6,F,69,0.6,29.6,8.3,Clear,N
05-03-2025,Lucknow,29.0,C,80,42.6,8.4,10.4,Rain,Y
2025-03-06,Lucknow,32.4,C,80,84.8,6.5,4.0,Rain,no
07-03-2025,Lucknow,31.6,,83,0.0,2.1,8.1,Clear,N
2025-03-08,Lucknow,31.5,C,-,1.3,2.5,9.9,Clear,N
2025-03-09,Lucknow,37.5,,47,0.1,29.7,8.8,Sunny,N
10-03-2025,Lucknow,34.6,C,40,1.7,41.2,6.1,Clear,N
11-03-2025,Lucknow,33.7,C,85,0.3,29.9,10.6,Clear,N
2025-03-12,Lucknow,95.2,F,72,0.8,38.9,8.5,Sunny,N
2025-03-13,Lucknow,28.7,C,56,0.7,30.7,7.2,Clear,N
14-03-2025,Lucknow,35.2,C,69,0.3,42.8,2.0,Fog,N
15-03-2025,Lucknow,25.6,,38,32.3,25.4,11.7,Rain,N
16-03-2025,Lucknow,34.7,,81,0.2,44.3,9.5,Clear,N
17-03-2025,Lucknow,30.4,C,34,0.6,2.7,4.1,Clear,N
2025-03-18,Lucknow,28.5,C,76,0.7,18.1,0.9,Fog,N
2025-03-19,Lucknow,32.7,,77,30.3,22.1,4.6,rain,yes
20-03-2025,Lucknow,31.4,,81,102.4,14.7,8.7,Rain,yes
2025-03-21,Lucknow,29.0,,93,57.4,17.2,8.2,Thunderstorm,Y
2025-03-22,Lucknow,34.9,C,97,1.5,7.3,2.8,Fog,N
23-03-2025,Lucknow,34.0,,33,0.9,43.4,4.6,Sunny,N
2025-03-24,Lucknow,30.9,C,69,0.8,3.2,8.0,Sunny,N
25-03-2025,Lucknow,33.0,C,34,0.6,19.8,8.0,Clear,N
26-03-2025,Lucknow,34.6,C,96,1.1,4.7,6.0,Cloudy,N
2025-03-27,Lucknow,32.4,C,52,26.5,25.6,8.9,Thunderstorm,no
28-03-2025,Lucknow,33.5,,63,22.7,36.0,10.7,rain,
2025-03-29,Lucknow,32.0,,92,1.4,27.1,10.1,Sunny,N
2025-03-30,Lucknow,34.1,C,71,13.7,13.5,4.2,Heavy Rain,yes
31-03-2025,Lucknow,32.0,C,44,90.6,44.9,8.3,rain,N
01-04-2025,Lucknow,31.8,C,28,0.5,32.1,6.9,CLEAR,N
2025-04-02,Lucknow,36.4,C,50,0.5,8.2,6.4,Clear,N
2025-04-03,Lucknow,81.5,F,95,1.9,6.6,4.2,clear,N
2025-04-04,Lucknow,29.3,C,56,2.0,34.8,10.6,Cloudy,N
05-04-2025,Lucknow,35.5,C,69,0.6,37.8,10.6,Cloudy,N
2025-04-06,Lucknow,36.1,C,59,108.2,12.1,5.1,Rain,N
2025-04-07,Lucknow,35.4,C,53,0.5,29.9,7.4,Clear,N
2025-04-08,Lucknow,30.4,C,79,0.6,12.4,5.0,Cloudy,N
09-04-2025,Lucknow,35.6,C,96,0.0,14.0,7.5,Clear,N
2025-04-10,Lucknow,29.2,C,95,1.1,3.7,5.8,CLEAR,N
11-04-2025,Lucknow,34.5,C,71,0.3,26.2,4.6,Clear,N
2025-04-12,Lucknow,37.7,C,87,0.5,10.8,0.6,Fog,N
2025-04-13,Lucknow,29.9,,78,106.9,35.9,9.4,Heavy Rain,N
2025-04-14,Lucknow,25.3,C,89,1.7,14.9,10.6,Cloudy,N
15-04-2025,Lucknow,-,,79,0.8,25.7,1.6,Fog,N
2025-04-16,Lucknow,25.9,,39,52.6,39.7,4.6,Rain,N
2025-04-17,Lucknow,35.2,C,33,1.9,39.5,7.4,Cloudy,N
2025-04-18,Lucknow,92.3,F,78,1.9,32.6,8.1,Cloudy,N
19-04-2025,Lucknow,34.5,C,49,1.2,19.4,8.0,Clear,N
2025-04-20,Lucknow,33.6,C,50,23.9,32.3,9.9,rain,Y
21-04-2025,Lucknow,32.6,C,97,104.7,19.6,4.6,rain,N
2025-04-22,Lucknow,N/A,C,63,1.0,44.9,10.5,CLEAR,N
2025-04-23,Lucknow,83.7,F,81,0.9,44.8,2.2,Fog,N
2025-04-24,Lucknow,28.3,C,43,22.6,34.5,4.3,Rain,Y
25-04-2025,Lucknow,33.5,C,76,2.0,39.1,8.1,Clear,N
2025-04-26,Lucknow,35.1,C,70,47.3,40.0,7.0,Rain,N
2025-04-27,Lucknow,35.7,C,94,71.6,13.4,7.4,Rain,Y
28-04-2025,Lucknow,28.7,C,47,0.2,26.8,7.6,Clear,N
2025-04-29,Lucknow,30.9,,42,114.2,39.0,6.4,Rain,N
2025-04-30,Lucknow,29.4,C,84,12.1,31.7,10.6,rain,yes
01-05-2025,Lucknow,36.1,C,56,0.4,11.6,6.0,Cloudy,N
02-05-2025,Lucknow,22.3,C,41,84.7,5.5,4.1,Heavy Rain,no
2025-05-03,Lucknow,31.3,,34,2.0,9.0,2.7,Fog,N
2025-05-04,Lucknow,31.5,C,61,0.1,44.1,9.3,Cloudy,N
2025-05-05,Lucknow,33.4,C,32,0.8,18.1,6.4,Cloudy,N
2025-05-06,Lucknow,37.0,C,33,0.7,26.6,9.1,clear,N
07-05-2025,Lucknow,29.9,,85,0.7,23.1,8.5,Cloudy,N
08-05-2025,Lucknow,30.4,C,34,0.1,,8.0,Cloudy,N
2025-05-09,Lucknow,88.6,F,51,1.3,41.0,9.9,Cloudy,N
10-05-2025,Lucknow,33.6,C,91,0.7,29.5,9.0,Clear,N
11-05-2025,Lucknow,31.8,C,58,1.4,10.1,11.1,Sunny,N
2025-05-12,Lucknow,84.4,F,57,1.7,37.4,6.6,Cloudy,N
13-05-2025,Lucknow,76.8,F,75,0.7,7.0,10.9,Cloudy,N
14-05-2025,Lucknow,30.3,,98,1.7,5.3,6.6,clear,N
15-05-2025,Lucknow,32.3,C,77,1.3,43.6,5.4,clear,N
2025-05-16,Lucknow,32.3,C,  ,0.4,33.1,10.3,Sunny,N
17-05-2025,Lucknow,23.8,C,61,0.1,38.4,1.8,Fog,N
18-05-2025,Lucknow,31.0,C,30,0.9,11.3,11.2,Sunny,N
19-05-2025,Lucknow,86.6,F,84,1.0,41.4,11.0,Cloudy,N
20-05-2025,Lucknow,35.4,,95,1.9,27.2,10.0,Cloudy,N
2025-05-21,Lucknow,N/A,F,66,88.1,41.3,9.0,rain,
2025-05-22,Lucknow,29.9,,93,1.7,26.1,5.6,Sunny,N
2025-05-23,Lucknow,28.1,C,95,99.1,35.7,7.7,Thunderstorm,N
2025-05-24,Lucknow,29.3,,63,1.0,N/A,8.9,Clear,N
2025-05-25,Lucknow,27.2,,87,0.9,21.6,5.1,Clear,N
2025-05-26,Lucknow,27.3,C,36,0.2,15.7,7.7,Cloudy,N
27-05-2025,Lucknow,26.2,C,68,6.6,42.1,11.0,Thunderstorm,N
2025-05-28,Lucknow,23.7,C,52,0.3,29.2,4.9,clear,N
2025-05-29,Lucknow,28.1,C,33,20.9,23.0,11.1,Heavy Rain,yes
30-05-2025,Lucknow,-,C,unknown,0.2,29.1,5.6,Cloudy,N
31-05-2025,Lucknow,79.3,,46,97.1,14.6,11.4,Heavy Rain,yes
01-06-2025,Lucknow,27.3,C,88,1.1,7.2,5.2,Cloudy,N
2025-06-02,Lucknow,80.7,F,28,0.0,40.2,11.3,Clear,N
03-06-2025,Lucknow,25.3,C,83,1.0,5.3,4.6,Cloudy,N
2025-06-04,Lucknow,24.9,C,75,1.7,30.6,7.4,Cloudy,N
05-06-2025,Lucknow,25.5,C,35,46.0,3.5,10.0,Rain,Y
2025-06-06,Lucknow,86.0,,60,21.8,42.8,6.2,Thunderstorm,Y
2025-06-07,Lucknow,30.2,C,36,0.1,33.6,7.5,Cloudy,N
08-06-2025,Lucknow,25.7,,77,64.7,23.0,9.3,rain,N
2025-06-09,Lucknow,22.8,,77,0.9,32.9,5.0,Cloudy,N
2025-06-10,Lucknow,27.7,C,69,0.8,6.6,11.0,clear,N
2025-06-11,Lucknow,23.7,,98,82.6,4.5,11.2,Heavy Rain,N
2025-06-12,Lucknow,29.3,C,32,1.3,21.1,9.2,clear,N
2025-06-13,Lucknow,24.7,C,58,0.9,38.6,10.7,Clear,N
2025-06-14,Lucknow,26.8,C,30,0.3,32.3,9.7,Cloudy,N
15-06-2025,Lucknow,26.8,C,38,8.2,28.4,10.8,Rain,
16-06-2025,Lucknow,26.6,C,38,0.3,23.8,8.2,Clear,N
17-06-2025,Lucknow,25.0,C,39,1.5,8.6,7.1,clear,N
2025-06-18,Lucknow,22.2,,42,0.2,44.9,5.4,clear,N
19-06-2025,Lucknow,27.4,C,30,1.3,24.4,0.5,Fog,N
20-06-2025,Lucknow,25.2,,28,0.6,7.8,10.4,Sunny,N
21-06-2025,Lucknow,20.8,,31,72.6,12.4,4.9,Rain,yes
2025-06-22,Lucknow,31.1,,94,0.2,41.8,7.0,Cloudy,N
23-06-2025,Lucknow,23.7,C,42,0.7,35.9,6.8,Cloudy,N
2025-06-24,Lucknow,26.1,C,64,1.9,16.8,6.0,Sunny,N
2025-06-25,Lucknow,23.0,C,57,104.5,13.6,10.6,Rain,N
26-06-2025,Lucknow,17.5,C,29,0.8,31.5,7.4,Cloudy,N
27-06-2025,Lucknow,21.8,C,93,93.0,4.3,9.0,Heavy Rain,yes
2025-06-28,Lucknow,25.0,,93,0.2,27.7,5.5,Cloudy,N
2025-06-29,Lucknow,25.7,C,38,0.8,9.7,9.8,Cloudy,N
30-06-2025,Lucknow,24.2,,31,119.4,33.6,11.1,Rain,yes
2025-07-01,Lucknow,74.5,F,77,0.2,21.9,4.2,Clear,N
2024-01-01,Bhubaneswar,25.7,C,75,0.1,36.0,4.9,Clear,N
02-01-2024,Bhubaneswar,20.6,C,51,0.7,19.2,7.7,clear,N
2024-01-03,Bhubaneswar,22.3,,61,1.0,,7.0,Clear,N
04-01-2024,Bhubaneswar,26.9,C,95,1.9,15.7,4.1,clear,N
2024-01-05,Bhubaneswar,27.5,C,75,0.5,6.8,1.2,Fog,N
07-01-2024,Bhubaneswar,22.6,C,87,7.5,13.6,7.9,Heavy Rain,no
2024-01-08,Bhubaneswar,18.7,,91,0.4,null,11.3,Clear,N
09-01-2024,Bhubaneswar,26.2,C,33,51.6,29.8,9.5,rain,yes
2024-01-10,Bhubaneswar,21.3,C,75,1.8,29.4,9.9,Clear,N
11-01-2024,Bhubaneswar,26.3,C,67,51.7,42.5,11.2,Rain,N
12-01-2024,Bhubaneswar,unknown,C,91,0.2,20.8,9.6,Cloudy,N
2024-01-13,Bhubaneswar,27.8,C,44,0.0,10.7,11.3,Cloudy,N
2024-01-14,Bhubaneswar,NA,C,81,57.8,15.2,6.3,Rain,N
15-01-2024,Bhubaneswar,25.1,C,78,1.3,43.6,7.6,Cloudy,N
16-01-2024,Bhubaneswar,21.5,C,53,57.7,37.3,6.6,Thunderstorm,N
2024-01-17,Bhubaneswar,26.6,C,45,1.1,34.1,0.6,Fog,N
18-01-2024,Bhubaneswar,20.1,C,78,0.9,20.7,5.4,Clear,N
19-01-2024,Bhubaneswar,26.7,C,81,0.6,26.9,8.5,Clear,N
20-01-2024,Bhubaneswar,27.6,,75,1.1,25.4,5.8,Sunny,N
2024-01-21,Bhubaneswar,25.5,C,83,1.2,36.4,12.0,Sunny,N
22-01-2024,Bhubaneswar,25.3,,53,0.8,7.0,9.3,clear,N
23-01-2024,Bhubaneswar,30.4,C,34,1.5,6.1,4.5,clear,N
2024-01-24,Bhubaneswar,79.5,F,69,1.5,18.7,10.6,Cloudy,N
2024-01-25,Bhubaneswar,null,,95,0.9,18.1,9.0,Clear,N
26-01-2024,Bhubaneswar,29.9,C,95,6.3,8.3,5.5,rain,N
2024-01-27,Bhubaneswar,30.4,C,79,38.7,33.0,6.6,Heavy Rain,N
2024-01-28,Bhubaneswar,24.9,C,89,1.0,9.7,6.6,Sunny,N
29-01-2024,Bhubaneswar,26.6,C,69,26.5,36.7,11.2,Rain,N
2024-01-30,Bhubaneswar,81.9,F,unknown,52.4,36.7,4.7,Rain,N
2024-01-31,Bhubaneswar,29.8,C,44,0.5,30.9,8.1,Clear,N
2024-02-01,Bhubaneswar,29.8,C,76,0.1,3.6,10.0,Sunny,N
2024-02-02,Bhubaneswar,23.8,,76,1.6,37.4,7.4,Clear,N
03-02-2024,Bhubaneswar,32.0,C,75,1.0,4.0,5.5,Clear,N
2024-02-04,Bhubaneswar,24.8,C,29,0.3,40.2,9.6,Clear,N
05-02-2024,Bhubaneswar,35.3,C,87,0.6,40.1,11.1,Cloudy,N
06-02-2024,Bhubaneswar,24.9,C,30,1.1,20.7,9.9,Cloudy,N
2024-02-07,Bhubaneswar,32.0,C,94,1.9,  ,5.3,Clear,N
2024-02-08,Bhubaneswar,30.2,C,56,1.9,23.7,4.5,clear,N
2024-02-09,Bhubaneswar,26.2,C,93,49.5,41.1,10.5,Rain,N
10-02-2024,Bhubaneswar,26.8,C,75,25.2,34.0,6.6,Thunderstorm,yes
11-02-2024,Bhubaneswar,27.2,C,72,74.6,15.3,11.7,Heavy Rain,
2024-02-12,Bhubaneswar,26.8,,36,1.1,41.8,8.4,Cloudy,N
13-02-2024,Bhubaneswar,90.4,,54,93.6,8.2,9.5,rain,yes
14-02-2024,Bhubaneswar,23.9,C,79,0.8,17.2,5.4,Clear,N
15-02-2024,Bhubaneswar,26.4,,56,1.1,28.6,9.0,CLEAR,N
16-02-2024,Bhubaneswar,32.5,C,54,0.7,37.3,10.8,Cloudy,N
17-02-2024,Bhubaneswar,26.9,C,36,68.7,41.1,6.4,Heavy Rain,yes
2024-02-18,Bhubaneswar,94.7,F,38,1.2,40.5,11.6,Cloudy,N
2024-02-19,Bhubaneswar,33.6,C,68,1.9,41.7,10.0,Cloudy,N
20-02-2024,Bhubaneswar,26.7,C,72,0.0,30.3,12.0,Clear,N
21-02-2024,Bhubaneswar,29.0,,90,1.6,21.6,2.8,Fog,N
2024-02-22,Bhubaneswar,34.6,C,54,0.1,36.1,8.6,Cloudy,N
2024-02-23,Bhubaneswar,34.9,,74,1.5,2.4,4.4,clear,N
24-02-2024,Bhubaneswar,-,C,39,1.5,27.7,4.0,Clear,N
25-02-2024,Bhubaneswar,30.9,C,61,1.6,41.9,9.8,Cloudy,N
2024-02-26,Bhubaneswar,30.8,C,34,105.9,28.7,11.2,Rain,N
2024-02-27,Bhubaneswar,30.4,C,34,82.7,8.8,8.4,Thunderstorm,N
2024-02-28,Bhubaneswar,27.4,,87,1.5,11.4,11.6,Clear,N
2024-02-29,Bhubaneswar,28.9,C,70,0.5,N/A,7.7,Cloudy,N
2024-03-01,Bhubaneswar,28.9,C,86,0.4,32.5,6.8,CLEAR,N
2024-03-02,Bhubaneswar,30.7,C,79,89.2,18.0,6.7,Thunderstorm,N
2024-03-03,Bhubaneswar,34.3,C,62,41.5,13.3,6.3,Rain,N
04-03-2024,Bhubaneswar,32.8,C,67,1.9,26.8,6.6,clear,N
05-03-2024,Bhubaneswar,85.2,F,69,0.2,24.9,1.1,Fog,N
2024-03-06,Bhubaneswar,87.6,F,67,0.5,12.2,8.4,Clear,N
2024-03-07,Bhubaneswar,35.4,C,-,24.9,22.1,11.5,Thunderstorm,yes
08-03-2024,Bhubaneswar,29.1,C,90,1.9,24.0,11.8,Sunny,N
2024-03-09,Bhubaneswar,32.2,C,41,0.1,13.9,4.6,Sunny,N
2024-03-10,Bhubaneswar,31.2,C,89,1.6,4.7,2.5,Fog,N
11-03-2024,Bhubaneswar,33.7,C,84,0.5,37.8,8.8,Clear,N
2024-03-12,Bhubaneswar,28.4,,54,9.6,11.5,7.5,Rain,no
13-03-2024,Bhubaneswar,32.1,C,71,0.2,26.5,5.8,Clear,N
2024-03-14,Bhubaneswar,33.3,C,90,1.9,42.9,8.0,Clear,N
2024-03-15,Bhubaneswar,34.4,C,35,0.7,23.5,10.0,Sunny,N
2024-03-16,Bhubaneswar,  ,,35,1.2,43.4,4.2,clear,N
17-03-2024,Bhubaneswar,25.4,C,69,95.2,38.3,9.8,Rain,yes
18-03-2024,Bhubaneswar,91.4,F,31,34.0,3.5,10.4,Thunderstorm,yes
19-03-2024,Bhubaneswar,34.8,C,81,46.5,10.1,6.7,Heavy Rain,N
2024-03-20,Bhubaneswar,28.1,C,83,1.1,32.9,10.0,Cloudy,N
2024-03-21,Bhubaneswar,32.1,C,86,1.5,5.6,9.8,Clear,N
2024-03-22,Bhubaneswar,31.8,C,29,1.7,unknown,4.2,Cloudy,N
23-03-2024,Bhubaneswar,25.8,,67,0.5,18.2,7.4,Clear,N
24-03-2024,Bhubaneswar,27.9,C,73,85.5,43.9,8.9,Thunderstorm,no
25-03-2024,Bhubaneswar,31.5,C,51,53.0,44.7,5.7,Heavy Rain,N
2024-03-26,Bhubaneswar,34.8,C,45,0.2,33.3,8.3,Cloudy,N
2024-03-27,Bhubaneswar,30.9,C,48,63.9,24.7,5.7,Rain,N
28-03-2024,Bhubaneswar,  ,,74,0.8,6.9,6.0,Cloudy,N
29-03-2024,Bhubaneswar,33.4,C,58,0.5,6.3,5.5,Sunny,N
30-03-2024,Bhubaneswar,37.4,C,31,30.4,32.3,4.7,Rain,
31-03-2024,Bhubaneswar,31.7,C,74,0.1,33.3,4.2,Cloudy,N
2024-04-01,Bhubaneswar,30.7,,46,0.2,16.0,5.8,Cloudy,N
02-04-2024,Bhubaneswar,31.4,C,59,1.5,11.5,2.6,Fog,N
2024-04-03,Bhubaneswar,31.3,C,37,1.3,8.6,4.2,Sunny,N
2024-04-04,Bhubaneswar,32.0,,65,0.1,40.7,10.5,Clear,N
2024-04-05,Bhubaneswar,31.3,C,80,1.5,29.8,4.7,Clear,N
2024-04-06,Bhubaneswar,29.0,C,72,0.2,36.4,6.9,clear,N
2024-04-07,Bhubaneswar,34.1,C,50,114.5,9.5,5.3,Heavy Rain,no
08-04-2024,Bhubaneswar,29.3,C,80,71.5,17.5,9.1,rain,Y
2024-04-09,Bhubaneswar,35.2,C,94,0.4,,8.2,Clear,N
2024-04-10,Bhubaneswar,34.6,C,46,35.9,31.8,5.9,Thunderstorm,N
2024-04-11,Bhubaneswar,96.7,F,29,1.2,44.5,6.1,Clear,N
2024-04-12,Bhubaneswar,31.1,C,35,38.6,20.3,10.6,rain,yes
2024-04-13,Bhubaneswar,  ,C,42,1.2,unknown,0.6,Fog,N
2024-04-14,Bhubaneswar,30.8,,90,1.6,21.6,1.0,Fog,N
2024-04-15,Bhubaneswar,27.6,C,79,102.3,17.3,10.3,rain,
16-04-2024,Bhubaneswar,32.3,C,98,0.7,4.4,11.6,Cloudy,N
2024-04-17,Bhubaneswar,28.1,C,97,2.0,31.1,2.9,Fog,N
2024-04-18,Bhubaneswar,33.4,,90,0.3,44.1,8.5,Clear,N
2024-04-19,Bhubaneswar,34.0,C,59,0.7,44.0,6.8,CLEAR,N
2024-04-20,Bhubaneswar,32.3,C,76,1.8,39.0,5.9,Clear,N
2024-04-21,Bhubaneswar,32.8,C,90,0.9,NA,9.0,Sunny,N
22-04-2024,Bhubaneswar,31.4,C,46,1.6,2.9,4.3,Clear,N
23-04-2024,Bhubaneswar,30.8,,30,0.6,39.1,9.5,Cloudy,N
2024-04-24,Bhubaneswar,27.2,C,56,90.9,4.8,11.9,Rain,N
25-04-2024,Bhubaneswar,31.0,C,68,98.0,34.4,10.6,Rain,yes
2024-04-26,Bhubaneswar,,,68,0.3,17.9,8.5,Sunny,N
27-04-2024,Bhubaneswar,30.8,C,70,1.7,21.9,6.3,Clear,N
28-04-2024,Bhubaneswar,27.9,C,82,1.4,43.5,4.5,Cloudy,N
29-04-2024,Bhubaneswar,30.7,C,41,1.3,39.5,7.2,clear,N
30-04-2024,Bhubaneswar,36.7,C,89,1.2,23.7,5.8,Sunny,N
2024-05-01,Bhubaneswar,34.2,C,98,1.6,21.4,10.7,Cloudy,N
2024-05-02,Bhubaneswar,30.2,,34,0.6,42.0,6.2,Clear,N
03-05-2024,Bhubaneswar,28.9,,55,0.8,14.7,6.4,Clear,N
04-05-2024,Bhubaneswar,28.8,C,NA,1.9,37.3,7.9,clear,N
05-05-2024,Bhubaneswar,29.1,,41,2.0,44.0,11.4,Clear,N
2024-05-06,Bhubaneswar,27.4,,87,38.1,12.2,10.6,Thunderstorm,N
2024-05-07,Bhubaneswar,88.7,F,50,1.1,26.8,4.7,Clear,N
2024-05-08,Bhubaneswar,31.1,,81,1.5,22.1,11.1,Clear,N
09-05-2024,Bhubaneswar,24.1,C,73,1.6,14.3,2.7,Fog,N
2024-05-10,Bhubaneswar,33.6,,67,57.0,33.1,6.3,Thunderstorm,Y
2024-05-11,Bhubaneswar,28.9,C,,74.0,31.9,6.1,Rain,
12-05-2024,Bhubaneswar,27.8,C,91,1.5,6.7,11.2,Cloudy,N
2024-05-13,Bhubaneswar,26.0,,77,36.3,24.3,10.3,Heavy Rain,Y
14-05-2024,Bhubaneswar,32.0,C,95,1.7,2.3,8.0,Clear,N
15-05-2024,Bhubaneswar,31.7,C,60,89.6,3.8,5.5,Rain,N
16-05-2024,Bhubaneswar,26.0,C,32,77.4,43.1,8.4,Thunderstorm,N
2024-05-17,Bhubaneswar,29.7,,81,69.1,16.4,5.8,rain,
2024-05-18,Bhubaneswar,32.4,C,55,103.5,22.3,12.0,Rain,N
2024-05-19,Bhubaneswar,27.9,C,30,57.3,12.0,8.2,Rain,Y
20-05-2024,Bhubaneswar,31.0,,64,1.7,19.3,9.3,Clear,N
21-05-2024,Bhubaneswar,29.6,C,87,1.0,30.6,11.4,Clear,N
2024-05-22,Bhubaneswar,84.3,F,87,0.5,36.3,4.2,Cloudy,N
23-05-2024,Bhubaneswar,28.8,C,44,1.3,35.7,5.2,clear,N
2024-05-24,Bhubaneswar,35.9,,73,1.8,9.3,6.0,Cloudy,N
25-05-2024,Bhubaneswar,33.7,C,86,1.0,16.4,2.8,Fog,N
26-05-2024,Bhubaneswar,29.2,C,43,1.7,13.3,7.6,Clear,N
2024-05-27,Bhubaneswar,26.2,C,45,1.3,27.3,2.2,Fog,N
28-05-2024,Bhubaneswar,26.2,C,39,0.5,42.4,8.7,Clear,N
2024-05-29,Bhubaneswar,27.1,C,83,1.5,29.6,9.5,Cloudy,N
2024-05-30,Bhubaneswar,28.8,C,69,1.4,24.1,1.7,Fog,N
31-05-2024,Bhubaneswar,28.6,C,57,0.1,7.4,8.8,Clear,N
2024-06-01,Bhubaneswar,26.3,,35,1.5,10.3,5.9,Cloudy,N
2024-06-02,Bhubaneswar,27.7,C,41,1.9,27.3,5.6,clear,N
03-06-2024,Bhubaneswar,88.5,F,43,1.4,3.6,10.9,clear,N
2024-06-04,Bhubaneswar,29.1,C,31,2.0,18.5,7.7,clear,N
05-06-2024,Bhubaneswar,,C,31,1.4,44.7,9.4,Cloudy,N
2024-06-06,Bhubaneswar,-,,40,0.3,30.4,2.7,Fog,N
07-06-2024,Bhubaneswar,31.6,C,38,1.4,34.1,11.5,Clear,N
08-06-2024,Bhubaneswar,27.7,C,75,1.7,26.7,10.6,CLEAR,N
2024-06-09,Bhubaneswar,26.7,C,36,119.7,14.5,11.9,Rain,no
2024-06-10,Bhubaneswar,22.7,,58,0.2,6.6,4.2,Clear,N
2024-06-11,Bhubaneswar,76.2,F,65,79.8,31.2,8.3,Thunderstorm,N
2024-06-12,Bhubaneswar,27.0,C,32,1.6,26.8,4.7,Clear,N
13-06-2024,Bhubaneswar,23.4,C,61,1.2,13.9,11.6,Sunny,N
14-06-2024,Bhubaneswar,22.1,C,31,1.4,12.6,7.2,Clear,N
2024-06-15,Bhubaneswar,28.5,C,91,0.7,20.4,10.1,Sunny,N
16-06-2024,Bhubaneswar,28.3,,39,72.4,3.3,7.1,Thunderstorm,N
2024-06-17,Bhubaneswar,29.9,,53,1.8,9.6,2.9,Fog,N
18-06-2024,Bhubaneswar,23.8,C,83,1.5,-,10.6,Clear,N
19-06-2024,Bhubaneswar,73.1,F,null,0.3,23.1,5.8,Cloudy,N
2024-06-20,Bhubaneswar,29.6,C,88,1.8,38.4,5.1,Cloudy,N
21-06-2024,Bhubaneswar,88.0,F,38,1.0,18.2,11.3,Clear,N
2024-06-22,Bhubaneswar,25.6,C,90,0.1,4.3,10.4,Clear,N
23-06-2024,Bhubaneswar,19.7,,49,85.5,6.6,8.1,Heavy Rain,
2024-06-24,Bhubaneswar,28.8,,44,0.1,28.6,5.7,Clear,N
2024-06-25,Bhubaneswar,28.9,C,30,1.0,27.3,2.2,Fog,N
26-06-2024,Bhubaneswar,24.4,C,86,89.9,40.9,4.6,Heavy Rain,
27-06-2024,Bhubaneswar,28.8,,53,0.6,39.4,6.8,clear,N
2024-06-28,Bhubaneswar,26.4,C,80,0.3,36.0,8.0,Clear,N
29-06-2024,Bhubaneswar,28.1,,32,8.0,5.4,4.8,Rain,
2024-06-30,Bhubaneswar,26.1,C,30,33.2,4.5,5.8,rain,
2024-07-01,Bhubaneswar,22.9,C,,30.8,18.5,5.2,Rain,
2024-07-02,Bhubaneswar,27.0,C,77,1.2,38.9,9.9,Clear,N
2024-07-03,Bhubaneswar,22.8,C,37,0.1,N/A,9.4,Clear,N
04-07-2024,Bhubaneswar,22.6,C,35,89.9,31.7,8.4,Thunderstorm,N
2024-07-05,Bhubaneswar,23.2,,39,0.5,21.3,10.9,Cloudy,N
2024-07-06,Bhubaneswar,25.7,C,79,16.6,29.0,7.3,Heavy Rain,N
2024-07-07,Bhubaneswar,23.7,C,40,93.5,13.3,11.4,rain,no
08-07-2024,Bhubaneswar,74.4,F,51,0.0,29.4,8.8,Clear,N
2024-07-09,Bhubaneswar,23.4,C,83,1.4,7.2,0.8,Fog,N
2024-07-10,Bhubaneswar,23.5,,82,0.4,11.8,10.8,Sunny,N
2024-07-11,Bhubaneswar,25.4,,53,1.3,31.4,11.0,Clear,N
2024-07-12,Bhubaneswar,20.4,C,81,0.9,20.5,7.4,Cloudy,N
13-07-2024,Bhubaneswar,23.3,C,54,1.7,7.2,5.1,Clear,N
14-07-2024,Bhubaneswar,78.4,F,81,89.4,34.6,9.9,Rain,N
15-07-2024,Bhubaneswar,18.1,C,91,31.8,40.8,6.0,Heavy Rain,N
16-07-2024,Bhubaneswar,20.9,C,64,0.1,35.0,0.4,Fog,N
17-07-2024,Bhubaneswar,22.0,C,35,93.6,25.2,10.2,Rain,N
18-07-2024,Bhubaneswar,18.9,C,75,1.9,22.6,7.5,Cloudy,N
2024-07-19,Bhubaneswar,70.3,,95,20.5,6.5,8.5,Rain,no
2024-07-20,Bhubaneswar,23.2,C,67,1.6,27.4,11.0,Cloudy,N
21-07-2024,Bhubaneswar,26.8,C,29,15.3,27.6,11.8,Heavy Rain,N
2024-07-22,Bhubaneswar,24.1,C,88,0.2,37.7,6.0,Sunny,N
2024-07-23,Bhubaneswar,68.7,F,48,1.5,36.5,1.9,Fog,N
2024-07-24,Bhubaneswar,21.4,C,40,1.9,43.9,5.4,Sunny,N
2024-07-25,Bhubaneswar,unknown,,89,0.9,13.3,8.1,clear,N
2024-07-26,Bhubaneswar,19.8,C,72,100.7,19.6,11.0,Heavy Rain,N
2024-07-27,Bhubaneswar,26.3,,61,0.3,28.9,4.0,clear,N
28-07-2024,Bhubaneswar,65.7,F,39,82.6,15.5,11.4,Rain,no
29-07-2024,Bhubaneswar,22.8,C,37,1.5,41.0,10.5,Clear,N
30-07-2024,Bhubaneswar,26.3,C,57,0.8,20.3,11.4,Cloudy,N
2024-07-31,Bhubaneswar,13.2,,73,29.3,35.1,4.3,Rain,N
01-08-2024,Bhubaneswar,null,,41,0.0,16.9,11.7,Clear,N
02-08-2024,Bhubaneswar,26.2,C,  ,0.7,5.5,8.7,Clear,N
03-08-2024,Bhubaneswar,64.2,F,94,63.9,35.6,4.5,Rain,N
2024-08-04,Bhubaneswar,20.4,,47,74.9,27.1,10.9,Thunderstorm,no
2024-08-05,Bhubaneswar,17.4,C,80,0.8,14.4,11.8,CLEAR,N
2024-08-06,Bhubaneswar,20.4,,NA,73.2,15.2,8.6,Rain,no
2024-08-07,Bhubaneswar,20.9,C,61,0.0,10.3,9.0,Cloudy,N
2024-08-08,Bhubaneswar,19.0,C,80,11.3,34.8,11.5,Rain,yes
2024-08-09,Bhubaneswar,19.8,C,47,1.0,24.1,11.8,Cloudy,N
10-08-2024,Bhubaneswar,21.9,C,null,24.0,25.1,6.1,Thunderstorm,yes
2024-08-11,Bhubaneswar,80.3,F,72,0.6,36.6,8.0,Cloudy,N
2024-08-12,Bhubaneswar,20.5,C,73,34.8,24.6,4.3,Thunderstorm,N
13-08-2024,Bhubaneswar,17.7,,48,0.4,30.2,12.0,Sunny,N
2024-08-14,Bhubaneswar,22.2,C,52,1.2,26.4,7.2,Sunny,N
2024-08-15,Bhubaneswar,16.2,C,79,36.4,44.8,9.2,Thunderstorm,N
2024-08-16,Bhubaneswar,13.5,C,52,1.2,27.2,9.9,Clear,N
2024-08-17,Bhubaneswar,16.2,C,78,0.1,14.1,11.5,Clear,N
18-08-2024,Bhubaneswar,24.5,C,84,56.9,34.4,7.6,Rain,yes
2024-08-19,Bhubaneswar,21.4,,40,1.6,42.7,1.5,Fog,N
2024-08-20,Bhubaneswar,20.1,C,63,0.2,10.1,8.8,Sunny,N
2024-08-21,Bhubaneswar,13.7,C,,82.7,23.2,4.4,Rain,Y
22-08-2024,Bhubaneswar,17.8,C,NA,0.6,5.4,9.1,Clear,N
2024-08-23,Bhubaneswar,62.8,F,76,0.8,27.6,6.0,Clear,N
2024-08-24,Bhubaneswar,17.2,C,77,1.7,33.1,11.0,Clear,N
2024-08-25,Bhubaneswar,21.8,,91,0.7,25.3,1.6,Fog,N
26-08-2024,Bhubaneswar,18.4,C,38,0.5,28.9,4.4,Clear,N
27-08-2024,Bhubaneswar,15.7,,73,1.5,31.7,4.3,Sunny,N
28-08-2024,Bhubaneswar,17.3,C,67,39.9,44.7,9.7,rain,no
2024-08-29,Bhubaneswar,15.7,C,97,1.8,10.6,8.6,clear,N
2024-08-30,Bhubaneswar,15.6,C,61,106.7,43.9,11.0,Thunderstorm,no
2024-08-31,Bhubaneswar,51.8,F,31,0.5,14.8,4.2,Sunny,N
2024-09-01,Bhubaneswar,14.2,C,47,1.0,34.7,1.9,Fog,N
02-09-2024,Bhubaneswar,17.2,,44,1.1,43.6,4.6,Cloudy,N
2024-09-03,Bhubaneswar,14.7,,29,1.1,35.5,10.9,Clear,N
04-09-2024,Bhubaneswar,6.7,C,65,1.9,5.1,5.4,clear,N
2024-09-05,Bhubaneswar,21.3,C,47,0.7,38.9,2.1,Fog,N
06-09-2024,Bhubaneswar,15.6,C,N/A,0.2,37.7,5.1,Sunny,N
07-09-2024,Bhubaneswar,20.6,C,59,1.7,3.8,5.7,Clear,N
08-09-2024,Bhubaneswar,12.9,C,46,0.1,  ,9.0,Cloudy,N
2024-09-09,Bhubaneswar,16.2,,49,1.7,5.1,1.5,Fog,N
2024-09-10,Bhubaneswar,17.9,,59,1.1,10.6,7.3,Cloudy,N
11-09-2024,Bhubaneswar,15.6,C,84,77.3,11.2,9.7,Rain,no
2024-09-12,Bhubaneswar,11.0,C,77,1.8,37.0,1.8,Fog,N
13-09-2024,Bhubaneswar,15.5,C,35,21.1,18.3,6.8,Rain,N
2024-09-14,Bhubaneswar,12.6,C,77,116.8,8.5,8.0,Rain,N
2024-09-15,Bhubaneswar,60.1,F,unknown,1.1,26.8,4.3,Clear,N
2024-09-16,Bhubaneswar,16.8,C,32,14.8,18.1,11.5,Heavy Rain,N
2024-09-18,Bhubaneswar,12.7,C,44,1.0,41.4,10.1,Clear,N
2024-09-19,Bhubaneswar,15.2,C,46,26.7,7.8,9.5,Heavy Rain,N
2024-09-20,Bhubaneswar,13.0,C,36,0.9,6.5,8.4,Cloudy,N
21-09-2024,Bhubaneswar,63.0,,47,1.4,16.8,7.4,Cloudy,N
2024-09-22,Bhubaneswar,17.5,C,28,2.0,4.7,4.6,clear,N
2024-09-23,Bhubaneswar,19.1,C,94,35.8,38.8,6.8,Rain,N
24-09-2024,Bhubaneswar,18.9,C,45,56.5,44.7,6.4,Rain,yes
25-09-2024,Bhubaneswar,17.3,C,89,0.1,18.5,8.3,Cloudy,N
2024-09-26,Bhubaneswar,19.1,,28,1.5,12.5,9.1,Cloudy,N
2024-09-27,Bhubaneswar,15.8,C,42,0.4,4.7,7.1,Sunny,N
28-09-2024,Bhubaneswar,19.1,C,59,1.9,24.4,11.5,Clear,N
2024-09-29,Bhubaneswar,12.3,C,71,1.1,11.8,8.8,Clear,N
30-09-2024,Bhubaneswar,64.8,,80,2.0,12.0,10.6,Clear,N
01-10-2024,Bhubaneswar,16.1,C,76,0.9,41.6,8.4,Clear,N
02-10-2024,Bhubaneswar,16.8,,44,1.2,21.2,6.6,Sunny,N
2024-10-03,Bhubaneswar,14.3,C,87,84.5,10.4,5.9,Thunderstorm,Y
04-10-2024,Bhubaneswar,14.6,,50,1.0,19.9,5.8,Clear,N
2024-10-05,Bhubaneswar,19.0,C,46,1.6,42.6,5.0,Cloudy,N
06-10-2024,Bhubaneswar,16.7,C,57,1.9,6.9,5.2,clear,N
2024-10-07,Bhubaneswar,16.2,C,32,51.4,36.8,8.2,Rain,yes
08-10-2024,Bhubaneswar,15.4,C,96,1.6,37.0,7.9,Clear,N
2024-10-09,Bhubaneswar,17.2,,28,1.2,7.9,5.4,clear,N
2024-10-10,Bhubaneswar,14.3,C,66,56.3,38.2,4.7,Rain,
11-10-2024,Bhubaneswar,15.0,C,52,0.9,8.8,7.5,Cloudy,N
12-10-2024,Bhubaneswar,11.8,C,47,1.2,3.6,5.3,Clear,N
13-10-2024,Bhubaneswar,13.0,,86,30.7,43.8,9.1,Rain,Y
2024-10-14,Bhubaneswar,16.8,C,N/A,1.4,2.7,7.9,Cloudy,N
2024-10-15,Bhubaneswar,17.9,C,86,1.2,43.3,8.2,Cloudy,N
2024-10-16,Bhubaneswar,NA,C,55,97.1,25.0,4.6,Heavy Rain,N
17-10-2024,Bhubaneswar,10.8,C,92,42.3,6.6,4.5,Rain,N
2024-10-18,Bhubaneswar,18.5,C,48,1.9,11.2,9.9,Sunny,N
19-10-2024,Bhubaneswar,23.2,C,74,1.7,39.1,7.7,Clear,N
2024-10-20,Bhubaneswar,15.2,C,97,106.0,44.4,8.0,Thunderstorm,no
21-10-2024,Bhubaneswar,58.0,F,66,0.2,37.7,12.0,Clear,N
22-10-2024,Bhubaneswar,16.8,,57,0.4,44.1,10.7,Cloudy,N
2024-10-23,Bhubaneswar,18.5,C,66,2.0,26.0,4.6,Clear,N
24-10-2024,Bhubaneswar,16.7,C,41,91.7,27.7,9.1,Thunderstorm,yes
2024-10-25,Bhubaneswar,11.0,C,42,95.6,28.0,8.2,Heavy Rain,yes
2024-10-26,Bhubaneswar,24.4,,80,5.6,37.1,9.6,Rain,
27-10-2024,Bhubaneswar,16.7,C,null,1.2,43.9,6.9,Cloudy,N
28-10-2024,Bhubaneswar,15.3,C,41,88.5,6.8,6.4,Rain,no
29-10-2024,Bhubaneswar,14.2,,69,1.0,27.8,10.0,Cloudy,N
2024-10-30,Bhubaneswar,63.8,F,81,68.9,14.2,4.6,Rain,N
2024-10-31,Bhubaneswar,66.1,F,68,105.2,42.7,5.2,Heavy Rain,
2024-11-01,Bhubaneswar,17.0,,71,1.0,29.1,4.2,Clear,N
02-11-2024,Bhubaneswar,12.6,C,59,0.1,6.8,7.1,Cloudy,N
03-11-2024,Bhubaneswar,11.8,C,81,54.7,28.5,7.2,Heavy Rain,Y
2024-11-04,Bhubaneswar,21.6,C,51,1.3,4.1,10.8,Sunny,N
2024-11-05,Bhubaneswar,19.0,,86,0.9,27.4,6.5,Cloudy,N
2024-11-06,Bhubaneswar,16.6,,53,0.6,31.7,1.0,Fog,N
2024-11-07,Bhubaneswar,19.2,,76,28.9,33.0,9.3,Rain,Y
2024-11-08,Bhubaneswar,unknown,,77,0.3,13.2,9.6,clear,N
09-11-2024,Bhubaneswar,16.6,C,97,1.3,42.9,8.9,Clear,N
2024-11-10,Bhubaneswar,71.4,,39,34.1,14.3,5.5,rain,N
11-11-2024,Bhubaneswar,22.2,C,61,52.4,8.9,12.0,Heavy Rain,no
12-11-2024,Bhubaneswar,19.3,C,89,0.4,43.9,6.1,Cloudy,N
13-11-2024,Bhubaneswar,17.2,C,35,1.3,6.5,9.4,clear,N
14-11-2024,Bhubaneswar,18.5,,92,108.5,30.6,11.9,Rain,no
2024-11-15,Bhubaneswar,16.9,,45,106.6,32.5,11.5,rain,
16-11-2024,Bhubaneswar,12.4,C,76,1.4,36.7,4.3,Clear,N
17-11-2024,Bhubaneswar,17.6,C,79,0.1,35.9,10.9,Clear,N
18-11-2024,Bhubaneswar,68.1,F,60,0.0,41.3,9.3,Cloudy,N
19-11-2024,Bhubaneswar,18.2,C,63,44.7,29.9,10.0,Rain,N
2024-11-20,Bhubaneswar,17.8,C,62,0.7,36.1,10.5,Cloudy,N
2024-11-21,Bhubaneswar,19.8,C,44,0.2,11.9,8.9,CLEAR,N
2024-11-22,Bhubaneswar,16.5,C,86,0.1,24.4,11.5,clear,N
2024-11-23,Bhubaneswar,20.8,C,38,1.1,17.4,4.6,Clear,N
2024-11-24,Bhubaneswar,20.6,,91,0.0,16.8,9.7,Cloudy,N
2024-11-25,Bhubaneswar,66.8,,,1.5,16.1,2.8,Fog,N
2024-11-26,Bhubaneswar,20.6,C,58,5.9,9.8,8.4,Rain,no
2024-11-27,Bhubaneswar,17.8,C,77,112.2,39.0,7.6,Thunderstorm,N
2024-11-28,Bhubaneswar,20.7,C,49,1.7,21.8,10.2,Clear,N
29-11-2024,Bhubaneswar,20.7,C,38,1.7,11.7,4.9,Clear,N
2024-11-30,Bhubaneswar,19.4,C,80,0.9,37.9,7.1,Cloudy,N
2024-12-01,Bhubaneswar,20.0,,45,0.9,17.9,10.8,clear,N
02-12-2024,Bhubaneswar,22.9,,91,1.9,36.1,5.4,clear,N
03-12-2024,Bhubaneswar,13.0,C,72,1.9,5.4,11.6,CLEAR,N
04-12-2024,Bhubaneswar,19.4,C,28,73.9,44.3,11.7,Rain,N
2024-12-05,Bhubaneswar,61.7,F,N/A,0.7,32.7,6.3,Cloudy,N
2024-12-06,Bhubaneswar,19.9,C,57,1.5,5.8,4.6,Clear,N
2024-12-07,Bhubaneswar,23.3,C,86,1.3,38.6,12.0,Cloudy,N
2024-12-08,Bhubaneswar,68.5,F,85,0.7,18.3,4.6,Clear,N
2024-12-09,Bhubaneswar,22.8,C,NA,0.5,42.5,4.1,Clear,N
10-12-2024,Bhubaneswar,73.0,F,43,1.8,  ,11.5,CLEAR,N
2024-12-11,Bhubaneswar,23.3,,60,0.3,17.8,8.2,Clear,N
2024-12-12,Bhubaneswar,16.9,C,43,0.4,16.6,1.2,Fog,N
13-12-2024,Bhubaneswar,21.3,C,94,82.1,40.0,7.5,Rain,Y
14-12-2024,Bhubaneswar,22.0,C,89,0.3,33.6,4.5,Cloudy,N
15-12-2024,Bhubaneswar,24.0,C,83,0.4,12.1,5.8,Clear,N
16-12-2024,Bhubaneswar,18.3,C,35,0.6,24.5,1.5,Fog,N
17-12-2024,Bhubaneswar,73.3,,75,111.7,5.9,7.9,Rain,N
2024-12-18,Bhubaneswar,22.7,C,null,1.0,8.4,9.3,Clear,N
19-12-2024,Bhubaneswar,19.9,,83,0.9,22.1,9.0,Sunny,N
2024-12-20,Bhubaneswar,18.5,C,79,1.2,20.5,10.7,Cloudy,N
21-12-2024,Bhubaneswar,22.5,C,98,32.2,25.1,11.6,Heavy Rain,N
22-12-2024,Bhubaneswar,23.9,,92,115.8,44.4,10.6,Rain,Y
23-12-2024,Bhubaneswar,17.5,C,67,11.2,20.6,4.0,Heavy Rain,N
2024-12-24,Bhubaneswar,23.1,C,86,0.9,39.1,9.1,Clear,N
25-12-2024,Bhubaneswar,22.9,C,51,0.6,12.0,7.5,Clear,N
26-12-2024,Bhubaneswar,21.5,C,94,1.6,13.4,11.5,Clear,N
27-12-2024,Bhubaneswar,21.9,,81,1.9,27.6,10.8,Clear,N
2024-12-28,Bhubaneswar,30.3,C,80,0.9,22.0,7.8,Clear,N
2024-12-29,Bhubaneswar,28.7,C,97,1.6,31.8,5.1,Cloudy,N
2024-12-30,Bhubaneswar,25.1,C,90,0.0,31.0,10.2,Sunny,N
2024-12-31,Bhubaneswar,77.1,F,31,20.5,17.5,11.7,Heavy Rain,N
2025-01-01,Bhubaneswar,29.4,C,38,0.5,34.6,4.1,Cloudy,N
2025-01-02,Bhubaneswar,25.3,,97,0.8,29.7,9.2,Cloudy,N
03-01-2025,Bhubaneswar,22.4,C,58,66.0,15.3,5.0,Rain,no
04-01-2025,Bhubaneswar,30.6,,43,37.9,38.7,10.9,rain,N
2025-01-05,Bhubaneswar,30.5,C,NA,0.1,25.6,6.8,Clear,N
2025-01-06,Bhubaneswar,28.9,C,69,72.0,33.4,6.7,Heavy Rain,N
07-01-2025,Bhubaneswar,24.3,C,68,0.6,20.1,8.2,Clear,N
08-01-2025,Bhubaneswar,26.6,C,32,55.7,44.8,9.2,Rain,N
09-01-2025,Bhubaneswar,26.4,C,88,1.5,9.3,11.5,Cloudy,N
10-01-2025,Bhubaneswar,31.8,C,62,1.5,NA,5.3,Cloudy,N
2025-01-11,Bhubaneswar,null,,45,41.8,5.9,11.8,Rain,no
12-01-2025,Bhubaneswar,28.1,C,55,1.3,2.8,6.0,CLEAR,N
13-01-2025,Bhubaneswar,21.7,C,73,1.4,22.2,0.9,Fog,N
14-01-2025,Bhubaneswar,24.7,C,46,0.8,38.8,8.9,Clear,N
15-01-2025,Bhubaneswar,81.6,F,72,24.0,6.3,5.2,Rain,N
16-01-2025,Bhubaneswar,29.0,C,62,1.0,40.3,4.8,clear,N
2025-01-17,Bhubaneswar,26.5,,82,26.3,8.9,10.9,Heavy Rain,N
18-01-2025,Bhubaneswar,24.8,C,91,0.4,16.9,8.6,Clear,N
19-01-2025,Bhubaneswar,36.7,C,31,74.8,37.7,6.8,Rain,N
2025-01-20,Bhubaneswar,23.0,C,57,75.2,23.1,7.2,Rain,Y
21-01-2025,Bhubaneswar,30.3,C,80,24.8,36.8,4.6,Rain,no
22-01-2025,Bhubaneswar,24.4,C,71,1.4,25.2,2.5,Fog,N
2025-01-23,Bhubaneswar,88.0,F,37,1.4,4.6,6.9,clear,N
24-01-2025,Bhubaneswar,26.1,C,82,0.2,25.7,7.6,Cloudy,N
2025-01-25,Bhubaneswar,26.8,,54,75.5,9.5,8.4,Thunderstorm,Y
26-01-2025,Bhubaneswar,26.0,C,  ,0.2,42.2,5.7,Clear,N
2025-01-27,Bhubaneswar,107.3,F,62,5.2,31.1,5.1,Rain,N
2025-01-28,Bhubaneswar,27.0,,93,0.3,16.9,9.1,Cloudy,N
2025-01-29,Bhubaneswar,26.7,C,42,0.7,11.6,7.5,Clear,N
2025-01-30,Bhubaneswar,27.5,C,89,0.9,27.6,0.3,Fog,N
2025-01-31,Bhubaneswar,29.2,C,91,1.9,32.9,6.7,Cloudy,N
01-02-2025,Bhubaneswar,27.8,C,36,0.7,19.6,4.5,Cloudy,N
02-02-2025,Bhubaneswar,27.8,,N/A,0.2,32.5,5.1,Cloudy,N
03-02-2025,Bhubaneswar,26.6,C,31,1.2,21.5,8.1,Clear,N
2025-02-04,Bhubaneswar,24.1,C,71,108.2,6.3,10.4,Rain,Y
2025-02-05,Bhubaneswar,26.9,C,64,0.5,16.8,6.8,Cloudy,N
2025-02-06,Bhubaneswar,31.2,C,62,28.9,10.0,10.1,Thunderstorm,N
07-02-2025,Bhubaneswar,31.1,,90,75.5,4.8,5.6,rain,no
2025-02-08,Bhubaneswar,29.0,C,44,0.4,21.8,4.6,Cloudy,N
09-02-2025,Bhubaneswar,32.2,,81,2.0,7.6,8.1,Clear,N
2025-02-10,Bhubaneswar,29.8,C,59,19.6,13.8,9.3,Rain,yes
2025-02-11,Bhubaneswar,31.2,C,66,13.7,14.3,7.0,Rain,yes
2025-02-12,Bhubaneswar,27.7,C,70,43.3,15.0,6.3,Rain,N
13-02-2025,Bhubaneswar,75.2,,42,0.3,40.8,8.5,CLEAR,N
14-02-2025,Bhubaneswar,33.6,C,83,98.7,4.9,9.7,rain,Y
15-02-2025,Bhubaneswar,31.0,C,47,68.8,7.5,5.8,Rain,N
2025-02-16,Bhubaneswar,28.8,,69,0.9,27.1,10.3,Cloudy,N
17-02-2025,Bhubaneswar,24.5,,35,39.4,7.4,6.4,Heavy Rain,N
2025-02-18,Bhubaneswar,26.0,C,64,1.9,3.1,4.5,Clear,N
2025-02-19,Bhubaneswar,30.2,C,55,119.6,28.1,5.3,Heavy Rain,N
20-02-2025,Bhubaneswar,29.1,C,67,1.9,12.1,8.5,Clear,N
2025-02-21,Bhubaneswar,28.5,C,36,0.7,35.7,7.6,Cloudy,N
22-02-2025,Bhubaneswar,36.8,C,40,1.0,10.9,0.5,Fog,N
23-02-2025,Bhubaneswar,31.8,,45,1.6,11.1,10.9,Cloudy,N
24-02-2025,Bhubaneswar,34.4,,76,0.4,2.7,4.6,Clear,N
2025-02-25,Bhubaneswar,34.9,,70,0.1,5.8,10.0,Sunny,N
26-02-2025,Bhubaneswar,,C,63,1.7,40.7,2.0,Fog,N
27-02-2025,Bhubaneswar,29.7,C,69,119.5,41.9,11.4,Rain,N
28-02-2025,Bhubaneswar,32.5,C,83,0.6,27.2,1.7,Fog,N
01-03-2025,Bhubaneswar,32.8,,42,0.9,  ,10.4,Sunny,N
02-03-2025,Bhubaneswar,88.6,F,93,31.9,31.2,4.2,Heavy Rain,Y
03-03-2025,Bhubaneswar,30.4,,39,0.3,5.6,7.5,Clear,N
04-03-2025,Bhubaneswar,32.9,C,36,1.6,8.3,9.1,Clear,N
2025-03-05,Bhubaneswar,33.3,C,89,1.2,5.9,7.1,Clear,N
06-03-2025,Bhubaneswar,90.5,F,86,10.4,22.9,7.5,Rain,no
2025-03-07,Bhubaneswar,78.8,F,29,0.0,26.4,1.5,Fog,N
08-03-2025,Bhubaneswar,35.6,C,41,0.7,11.6,5.3,Clear,N
2025-03-09,Bhubaneswar,32.8,C,91,27.8,44.9,5.7,Rain,N
10-03-2025,Bhubaneswar,32.9,C,34,1.4,44.3,4.3,Clear,N
11-03-2025,Bhubaneswar,25.3,,35,109.0,35.8,4.7,Rain,Y
2025-03-12,Bhubaneswar,30.8,C,30,0.3,8.5,10.7,clear,N
13-03-2025,Bhubaneswar,29.9,,39,1.6,29.4,5.6,Cloudy,N
2025-03-14,Bhubaneswar,92.7,F,97,1.5,4.6,8.9,Clear,N
2025-03-15,Bhubaneswar,27.4,,36,0.7,29.5,10.0,Clear,N
16-03-2025,Bhubaneswar,34.9,C,,0.2,15.9,5.1,Clear,N
17-03-2025,Bhubaneswar,34.6,C,47,1.0,24.9,8.7,CLEAR,N
18-03-2025,Bhubaneswar,100.5,,41,0.9,44.0,9.2,Clear,N
2025-03-19,Bhubaneswar,31.9,C,30,46.2,35.1,9.4,rain,no
20-03-2025,Bhubaneswar,35.0,C,38,54.5,38.8,5.2,rain,N
21-03-2025,Bhubaneswar,32.6,,80,1.4,27.0,4.5,Cloudy,N
22-03-2025,Bhubaneswar,32.4,,91,111.0,32.6,6.2,Rain,Y
23-03-2025,Bhubaneswar,34.4,C,92,66.9,24.7,5.4,rain,N
24-03-2025,Bhubaneswar,32.4,,77,1.4,42.3,2.9,Fog,N
25-03-2025,Bhubaneswar,29.1,,34,0.1,17.7,1.8,Fog,N
2025-03-26,Bhubaneswar,28.9,C,92,1.6,2.1,4.1,Clear,N
27-03-2025,Bhubaneswar,32.4,,49,0.8,17.7,4.2,Cloudy,N
2025-03-28,Bhubaneswar,32.1,C,44,22.3,19.4,7.9,Rain,no
29-03-2025,Bhubaneswar,27.1,C,96,1.1,17.3,6.8,Clear,N
2025-03-30,Bhubaneswar,30.3,C,87,1.0,9.1,11.1,Sunny,N
2025-03-31,Bhubaneswar,27.9,C,54,1.8,35.9,9.6,Clear,N
2025-04-01,Bhubaneswar,30.4,C,61,0.0,35.1,9.4,Cloudy,N
02-04-2025,Bhubaneswar,92.0,F,41,0.5,32.2,5.3,Sunny,N
2025-04-03,Bhubaneswar,36.2,C,93,111.8,10.6,7.7,rain,
2025-04-04,Bhubaneswar,34.4,C,67,1.5,24.8,10.0,Cloudy,N
2025-04-05,Bhubaneswar,33.1,C,80,1.3,6.8,5.9,Cloudy,N
2025-04-06,Bhubaneswar,29.6,C,73,1.0,17.9,6.5,Clear,N
2025-04-07,Bhubaneswar,83.1,F,43,1.4,13.0,8.3,Clear,N
08-04-2025,Bhubaneswar,34.0,C,92,97.3,23.0,8.8,Heavy Rain,no
09-04-2025,Bhubaneswar,29.4,C,62,0.2,10.3,5.1,CLEAR,N
2025-04-10,Bhubaneswar,24.9,C,98,26.1,14.8,8.2,Rain,N
2025-04-11,Bhubaneswar,89.8,,33,100.6,29.2,8.2,Rain,N
2025-04-12,Bhubaneswar,27.7,C,29,1.5,41.3,2.4,Fog,N
2025-04-13,Bhubaneswar,31.5,,33,1.2,14.1,11.3,Clear,N
2025-04-14,Bhubaneswar,82.7,F,49,0.9,16.1,10.9,Sunny,N
2025-04-15,Bhubaneswar,27.4,C,83,57.8,null,4.1,Rain,Y
16-04-2025,Bhubaneswar,30.5,C,87,109.7,5.3,10.7,Heavy Rain,N
17-04-2025,Bhubaneswar,28.7,,60,81.3,3.2,4.1,Rain,N
2025-04-18,Bhubaneswar,33.8,C,97,106.4,7.9,9.5,Thunderstorm,Y
19-04-2025,Bhubaneswar,36.3,C,40,0.5,24.3,8.2,Clear,N
20-04-2025,Bhubaneswar,34.4,C,65,1.8,35.8,4.1,Sunny,N
21-04-2025,Bhubaneswar,30.1,C,80,0.9,36.7,2.6,Fog,N
2025-04-22,Bhubaneswar,24.7,,98,1.4,38.1,9.5,Sunny,N
23-04-2025,Bhubaneswar,27.9,,,1.0,25.1,7.4,Clear,N
2025-04-24,Bhubaneswar,29.7,C,56,1.2,35.2,6.4,CLEAR,N
2025-04-25,Bhubaneswar,36.1,C,68,31.6,32.8,11.6,rain,
2025-04-26,Bhubaneswar,31.5,C,56,110.7,33.3,9.5,Thunderstorm,no
2025-04-27,Bhubaneswar,30.5,C,81,40.2,33.6,10.8,Rain,Y
28-04-2025,Bhubaneswar,27.9,,28,112.5,32.4,11.5,Rain,no
29-04-2025,Bhubaneswar,90.0,F,33,71.9,15.0,6.3,Heavy Rain,
30-04-2025,Bhubaneswar,32.0,C,32,1.0,34.1,6.5,Clear,N
01-05-2025,Bhubaneswar,24.5,,52,31.6,13.6,6.8,Rain,N
02-05-2025,Bhubaneswar,29.2,C,null,89.3,2.9,5.7,Rain,N
2025-05-03,Bhubaneswar,32.0,C,63,0.5,29.6,7.0,Clear,N
04-05-2025,Bhubaneswar,33.1,,92,51.7,10.9,10.8,Thunderstorm,N
2025-05-05,Bhubaneswar,29.6,C,75,1.9,2.0,10.1,Clear,N
06-05-2025,Bhubaneswar,86.5,,30,0.9,35.3,7.4,Cloudy,N
07-05-2025,Bhubaneswar,27.6,C,94,21.3,23.2,7.7,Heavy Rain,no
08-05-2025,Bhubaneswar,29.0,C,49,0.4,16.8,9.4,Cloudy,N
2025-05-09,Bhubaneswar,80.9,F,71,1.3,25.9,11.5,Cloudy,N
10-05-2025,Bhubaneswar,34.0,C,56,0.8,28.5,9.6,Sunny,N
2025-05-11,Bhubaneswar,27.1,C,40,0.5,7.2,11.9,Sunny,N
12-05-2025,Bhubaneswar,86.2,F,28,70.9,  ,8.6,Rain,Y
14-05-2025,Bhubaneswar,27.1,,92,0.7,17.6,5.1,clear,N
15-05-2025,Bhubaneswar,81.0,F,93,1.3,16.9,11.6,Cloudy,N
2025-05-16,Bhubaneswar,27.6,,30,88.9,31.0,5.0,Heavy Rain,N
2025-05-17,Bhubaneswar,30.7,C,64,1.1,18.7,10.7,Cloudy,N
18-05-2025,Bhubaneswar,80.1,F,56,69.1,3.9,10.8,Rain,N
2025-05-19,Bhubaneswar,28.1,C,60,1.5,8.0,5.0,Cloudy,N
2025-05-20,Bhubaneswar,31.2,,89,0.9,4.5,7.7,Clear,N
21-05-2025,Bhubaneswar,22.3,C,85,1.7,27.6,7.0,Cloudy,N
2025-05-22,Bhubaneswar,31.8,C,83,0.4,7.9,9.7,CLEAR,N
2025-05-23,Bhubaneswar,29.3,C,50,1.2,35.5,8.5,Sunny,N
2025-05-24,Bhubaneswar,75.8,F,55,59.2,21.2,6.4,Rain,Y
2025-05-25,Bhubaneswar,31.1,C,93,1.3,31.4,2.4,Fog,N
2025-05-26,Bhubaneswar,77.1,F,NA,1.3,43.9,6.8,Cloudy,N
27-05-2025,Bhubaneswar,24.7,C,40,0.1,40.8,5.5,Sunny,N
2025-05-28,Bhubaneswar,27.6,,67,62.2,21.1,11.2,Thunderstorm,
2025-05-29,Bhubaneswar,25.3,C,45,0.7,27.5,9.6,Cloudy,N
30-05-2025,Bhubaneswar,28.2,C,89,105.9,9.2,6.5,rain,
31-05-2025,Bhubaneswar,29.1,C,71,0.4,19.0,8.3,Cloudy,N
01-06-2025,Bhubaneswar,22.9,,63,0.2,27.7,6.5,Clear,N
02-06-2025,Bhubaneswar,null,C,94,111.1,24.3,8.0,Thunderstorm,yes
2025-06-03,Bhubaneswar,29.7,C,77,118.1,34.3,6.4,Rain,N
2025-06-04,Bhubaneswar,30.9,C,50,1.6,3.3,7.0,Sunny,N
05-06-2025,Bhubaneswar,26.7,C,54,1.2,24.0,6.3,Clear,N
06-06-2025,Bhubaneswar,27.5,C,52,1.3,26.9,7.7,Cloudy,N
07-06-2025,Bhubaneswar,24.2,C,unknown,28.9,13.6,4.7,Heavy Rain,Y
2025-06-08,Bhubaneswar,30.4,,70,1.2,31.9,5.0,Sunny,N
2025-06-09,Bhubaneswar,32.5,C,65,0.7,34.9,9.7,Cloudy,N
10-06-2025,Bhubaneswar,80.8,F,42,0.2,37.8,8.1,Clear,N
2025-06-11,Bhubaneswar,28.9,,,1.0,36.8,11.5,Clear,N
2025-06-12,Bhubaneswar,73.3,F,86,0.7,24.4,10.6,Clear,N
2025-06-13,Bhubaneswar,25.4,C,87,1.0,44.8,6.3,Sunny,N
2025-06-14,Bhubaneswar,24.9,C,84,1.7,18.6,8.6,Clear,N
15-06-2025,Bhubaneswar,27.4,C,46,2.0,31.7,7.7,Cloudy,N
16-06-2025,Bhubaneswar,25.0,C,54,1.6,9.7,11.7,Sunny,N
17-06-2025,Bhubaneswar,27.2,C,79,1.1,2.3,4.9,Sunny,N
2025-06-18,Bhubaneswar,76.9,F,36,1.0,16.5,5.9,clear,N
2025-06-19,Bhubaneswar,22.6,C,  ,1.3,38.3,10.6,Sunny,N
20-06-2025,Bhubaneswar,27.1,C,86,20.4,22.2,8.4,Rain,
2025-06-21,Bhubaneswar,26.4,C,65,1.9,37.8,11.2,Clear,N
2025-06-22,Bhubaneswar,27.9,C,63,13.4,41.6,6.7,Thunderstorm,no
23-06-2025,Bhubaneswar,23.0,,76,0.8,40.2,7.3,clear,N
2025-06-24,Bhubaneswar,27.8,C,83,1.0,7.8,0.4,Fog,N
25-06-2025,Bhubaneswar,75.1,F,null,62.2,34.7,10.8,Rain,yes
2025-06-26,Bhubaneswar,24.9,,92,0.9,31.3,8.0,clear,N
2025-06-27,Bhubaneswar,28.2,C,60,0.0,44.7,6.5,Clear,N
28-06-2025,Bhubaneswar,25.2,C,88,0.1,12.3,8.6,Clear,N
29-06-2025,Bhubaneswar,24.4,C,37,1.6,2.7,11.3,Sunny,N
2025-06-30,Bhubaneswar,30.4,C,43,1.9,33.7,10.7,clear,N
2025-07-01,Bhubaneswar,21.6,,43,1.7,27.8,4.1,Clear,N
01-01-2024,Guwahati,25.1,C,42,1.5,41.8,7.9,clear,N
02-01-2024,Guwahati,74.5,F,79,0.1,44.6,0.9,Fog,N
03-01-2024,Guwahati,26.2,,78,0.5,13.2,6.9,Clear,N
2024-01-04,Guwahati,23.5,,45,110.8,2.4,8.9,Rain,N
2024-01-05,Guwahati,22.0,C,59,0.2,38.3,8.8,Clear,N
2024-01-06,Guwahati,23.1,C,68,1.9,31.4,5.7,Clear,N
2024-01-07,Guwahati,33.1,,67,0.8,27.4,11.1,Clear,N
08-01-2024,Guwahati,,,65,1.0,36.8,6.5,Clear,N
2024-01-09,Guwahati,25.6,C,80,0.2,32.1,4.8,Clear,N
10-01-2024,Guwahati,17.4,C,52,0.3,5.3,2.4,Fog,N
2024-01-11,Guwahati,28.2,C,73,1.0,24.4,11.8,CLEAR,N
2024-01-12,Guwahati,82.7,F,90,1.2,21.1,8.5,Sunny,N
2024-01-13,Guwahati,22.1,,34,1.6,31.9,10.2,clear,N
14-01-2024,Guwahati,26.4,C,60,1.3,13.8,8.7,Cloudy,N
15-01-2024,Guwahati,30.8,C,69,0.3,16.0,11.8,Clear,N
16-01-2024,Guwahati,23.1,C,94,75.1,23.3,10.7,Thunderstorm,
2024-01-17,Guwahati,26.1,C,34,0.5,15.3,4.6,Sunny,N
18-01-2024,Guwahati,25.5,C,76,0.9,2.4,10.5,Clear,N
2024-01-19,Guwahati,28.1,C,56,1.8,32.7,3.0,Fog,N
20-01-2024,Guwahati,28.3,C,  ,42.2,42.3,9.5,Rain,N
2024-01-21,Guwahati,84.2,,68,1.6,11.4,9.7,Cloudy,N
23-01-2024,Guwahati,29.2,,66,64.1,27.0,10.6,rain,N
24-01-2024,Guwahati,25.3,,29,1.5,41.5,8.4,Clear,N
2024-01-25,Guwahati,29.6,,55,0.1,31.5,9.5,Clear,N
26-01-2024,Guwahati,31.6,C,30,57.2,25.7,5.8,Heavy Rain,N
27-01-2024,Guwahati,23.9,C,80,0.8,12.5,7.7,Clear,N
2024-01-28,Guwahati,null,C,57,100.3,23.1,5.9,Thunderstorm,no
29-01-2024,Guwahati,30.0,C,43,1.0,35.8,8.0,Cloudy,N
2024-01-30,Guwahati,30.2,C,76,2.0,8.5,5.4,Sunny,N
31-01-2024,Guwahati,32.5,C,38,1.5,39.4,4.7,Cloudy,N
2024-02-01,Guwahati,30.3,C,81,0.5,18.7,9.1,Cloudy,N
2024-02-02,Guwahati,79.5,F,70,1.9,30.2,10.8,Clear,N
2024-02-03,Guwahati,27.2,C,51,107.0,N/A,4.8,Heavy Rain,
2024-02-04,Guwahati,30.9,,68,1.9,29.9,5.9,Clear,N
05-02-2024,Guwahati,25.9,C,79,8.4,19.1,9.0,Heavy Rain,N
06-02-2024,Guwahati,26.5,C,45,0.1,3.3,5.5,Sunny,N
08-02-2024,Guwahati,22.9,C,89,0.8,6.7,9.3,Clear,N
2024-02-09,Guwahati,30.2,C,32,62.9,6.0,8.6,Heavy Rain,N
2024-02-10,Guwahati,32.3,,29,100.3,28.4,11.0,Heavy Rain,N
2024-02-11,Guwahati,29.1,C,79,94.1,16.4,6.2,Thunderstorm,Y
12-02-2024,Guwahati,32.6,C,46,1.9,12.5,6.2,Cloudy,N
13-02-2024,Guwahati,30.6,C,59,115.7,23.1,9.1,rain,N
14-02-2024,Guwahati,28.1,C,44,60.8,41.6,6.5,Heavy Rain,N
15-02-2024,Guwahati,30.2,C,61,1.0,3.8,4.0,Clear,N
16-02-2024,Guwahati,29.5,,78,1.4,8.2,6.3,CLEAR,N
2024-02-17,Guwahati,32.8,C,95,1.1,7.7,11.5,Cloudy,N
2024-02-18,Guwahati,27.2,C,64,108.0,22.5,9.7,rain,N
2024-02-19,Guwahati,25.6,C,32,1.4,19.3,4.4,Clear,N
20-02-2024,Guwahati,27.8,,,0.9,19.6,8.1,Cloudy,N
21-02-2024,Guwahati,27.5,C,35,0.7,37.0,6.0,Cloudy,N
22-02-2024,Guwahati,31.0,C,93,1.5,20.5,6.2,Cloudy,N
23-02-2024,Guwahati,79.4,F,81,1.3,9.5,1.6,Fog,N
24-02-2024,Guwahati,30.9,,34,46.2,14.9,12.0,Heavy Rain,N
25-02-2024,Guwahati,32.7,,69,35.7,6.3,4.1,rain,N
26-02-2024,Guwahati,29.9,,90,109.6,NA,5.1,Heavy Rain,no
2024-02-27,Guwahati,31.5,,82,1.7,20.4,11.7,clear,N
28-02-2024,Guwahati,30.2,C,89,0.0,16.7,5.2,Cloudy,N
2024-02-29,Guwahati,36.7,C,77,0.5,39.7,6.7,Clear,N
2024-03-01,Guwahati,26.3,,47,0.6,30.5,4.9,Cloudy,N
2024-03-02,Guwahati,24.3,C,76,1.8,30.9,7.1,Cloudy,N
2024-03-03,Guwahati,30.0,C,46,43.4,8.3,6.0,Heavy Rain,Y
2024-03-04,Guwahati,31.1,C,34,1.3,37.1,10.5,Cloudy,N
2024-03-05,Guwahati,35.4,C,90,2.0,36.1,6.6,Clear,N
06-03-2024,Guwahati,30.5,C,45,1.3,35.6,6.7,Sunny,N
07-03-2024,Guwahati,  ,C,93,0.2,28.0,8.1,Clear,N
08-03-2024,Guwahati,96.4,F,,0.7,5.6,7.9,Cloudy,N
10-03-2024,Guwahati,32.1,C,92,0.3,18.6,6.0,Clear,N
2024-03-11,Guwahati,33.9,,89,0.9,36.4,5.8,Clear,N
2024-03-12,Guwahati,32.6,C,92,1.3,20.6,9.8,Clear,N
13-03-2024,Guwahati,89.3,,90,0.9,30.0,5.7,Sunny,N
14-03-2024,Guwahati,30.7,,50,1.6,24.2,9.4,Sunny,N
15-03-2024,Guwahati,30.4,,46,0.3,34.6,11.8,Sunny,N
2024-03-16,Guwahati,103.6,F,80,0.5,28.8,5.2,clear,N
2024-03-17,Guwahati,24.0,C,90,0.3,14.6,4.3,Clear,N
2024-03-18,Guwahati,32.5,C,67,0.2,35.1,11.6,Cloudy,N
2024-03-19,Guwahati,28.9,C,48,0.9,3.2,8.0,Clear,N
2024-03-20,Guwahati,35.6,C,71,1.4,4.8,2.1,Fog,N
21-03-2024,Guwahati,34.0,,88,1.2,32.3,11.8,Clear,N
2024-03-22,Guwahati,40.3,C,28,1.6,40.7,8.0,Clear,N
2024-03-23,Guwahati,35.2,,63,74.1,42.6,6.6,Heavy Rain,
2024-03-24,Guwahati,33.7,C,73,1.7,38.8,6.0,clear,N
25-03-2024,Guwahati,35.4,C,32,1.7,29.9,7.7,Clear,N
26-03-2024,Guwahati,87.1,F,77,109.7,34.5,10.9,Rain,yes
27-03-2024,Guwahati,28.4,C,88,1.5,17.4,4.4,Cloudy,N
2024-03-28,Guwahati,102.1,F,92,0.7,36.4,11.9,Clear,N
30-03-2024,Guwahati,29.0,C,76,17.2,20.0,4.6,Thunderstorm,yes
31-03-2024,Guwahati,31.9,C,62,1.3,6.5,6.9,Sunny,N
2024-04-01,Guwahati,30.2,C,34,119.7,16.5,5.0,Rain,Y
2024-04-02,Guwahati,32.7,C,38,110.1,17.6,5.4,Heavy Rain,N
03-04-2024,Guwahati,27.9,,  ,33.9,32.5,11.9,Thunderstorm,N
04-04-2024,Guwahati,33.6,,53,1.0,11.2,11.4,Cloudy,N
05-04-2024,Guwahati,32.9,C,50,1.1,28.8,10.2,Clear,N
2024-04-06,Guwahati,30.5,C,83,25.0,5.0,5.1,Rain,N
2024-04-07,Guwahati,29.4,C,85,75.0,9.7,11.6,Thunderstorm,Y
08-04-2024,Guwahati,87.2,,68,91.1,43.0,9.5,Rain,
2024-04-09,Guwahati,30.1,C,91,0.6,42.3,11.4,Clear,N
10-04-2024,Guwahati,33.0,,30,19.3,17.8,4.7,Rain,N
11-04-2024,Guwahati,32.0,,52,1.5,37.2,6.4,Cloudy,N
12-04-2024,Guwahati,28.9,C,33,49.7,4.5,4.0,Rain,no
2024-04-13,Guwahati,36.4,C,60,1.7,30.7,5.9,clear,N
14-04-2024,Guwahati,33.9,C,59,1.4,11.6,7.1,Clear,N
15-04-2024,Guwahati,30.6,,30,1.6,6.5,4.1,Clear,N
16-04-2024,Guwahati,32.2,,31,41.1,3.3,7.2,rain,N
2024-04-17,Guwahati,30.3,C,38,0.9,25.0,9.0,Cloudy,N
18-04-2024,Guwahati,38.8,,49,1.6,44.4,11.9,Clear,N
19-04-2024,Guwahati,28.6,C,87,35.4,38.1,10.9,rain,N
2024-04-20,Guwahati,31.5,C,unknown,1.5,N/A,5.3,Sunny,N
21-04-2024,Guwahati,30.1,,28,1.2,26.0,6.2,Cloudy,N
22-04-2024,Guwahati,31.5,,88,53.8,44.3,11.6,rain,Y
23-04-2024,Guwahati,31.3,C,73,44.9,18.7,11.5,Rain,Y
24-04-2024,Guwahati,86.4,F,73,0.3,24.1,5.5,Sunny,N
2024-04-25,Guwahati,35.9,C,29,2.0,34.2,4.7,Sunny,N
26-04-2024,Guwahati,87.2,F,49,31.7,35.3,11.8,rain,no
2024-04-27,Guwahati,28.4,C,51,0.5,11.3,11.3,Clear,N
28-04-2024,Guwahati,37.0,,45,1.1,13.0,5.7,Cloudy,N
2024-04-29,Guwahati,32.4,,53,1.1,34.1,9.8,Sunny,N
2024-04-30,Guwahati,34.7,C,95,1.5,10.7,6.3,Cloudy,N
2024-05-01,Guwahati,29.3,C,68,37.1,38.3,5.1,Rain,N
2024-05-02,Guwahati,37.5,C,65,0.5,39.2,11.4,Clear,N
2024-05-03,Guwahati,30.3,C,86,112.3,25.8,11.1,Rain,
2024-05-04,Guwahati,28.2,,61,0.4,43.9,2.9,Fog,N
2024-05-05,Guwahati,32.4,C,84,38.8,40.8,7.6,Thunderstorm,
2024-05-06,Guwahati,unknown,,88,0.6,14.1,1.0,Fog,N
2024-05-07,Guwahati,28.8,C,97,1.3,35.8,5.9,clear,N
2024-05-08,Guwahati,29.2,C,54,1.8,N/A,10.3,Sunny,N
09-05-2024,Guwahati,26.9,C,95,0.3,14.6,11.3,clear,N
2024-05-10,Guwahati,22.2,,35,84.6,13.4,8.9,Thunderstorm,no
11-05-2024,Guwahati,32.5,C,98,1.1,29.4,6.6,Sunny,N
12-05-2024,Guwahati,31.9,C,69,48.6,9.0,5.3,Rain,
13-05-2024,Guwahati,31.2,C,40,1.0,5.5,8.4,Cloudy,N
15-05-2024,Guwahati,31.9,C,57,0.8,16.5,8.7,Clear,N
16-05-2024,Guwahati,32.0,,75,0.0,4.0,8.7,Clear,N
2024-05-17,Guwahati,29.4,C,69,1.1,13.5,7.0,clear,N
2024-05-18,Guwahati,23.1,C,92,0.3,9.5,6.3,Sunny,N
2024-05-19,Guwahati,31.3,,84,1.7,7.3,6.7,Clear,N
2024-05-20,Guwahati,30.2,,72,16.8,42.8,7.7,rain,yes
2024-05-21,Guwahati,32.8,C,97,18.9,12.6,7.2,Rain,N
2024-05-22,Guwahati,30.6,C,29,53.4,13.3,7.8,Heavy Rain,Y
2024-05-23,Guwahati,89.6,F,96,1.7,32.6,2.0,Fog,N
2024-05-24,Guwahati,N/A,,29,26.8,35.8,9.6,Rain,Y
2024-05-26,Guwahati,34.4,C,28,52.2,4.4,10.3,rain,
27-05-2024,Guwahati,32.5,C,59,26.9,37.9,7.9,Heavy Rain,N
28-05-2024,Guwahati,21.5,C,84,0.1,12.3,5.2,clear,N
29-05-2024,Guwahati,31.8,C,87,1.1,23.3,8.7,Clear,N
2024-05-30,Guwahati,82.9,F,43,0.8,40.2,5.1,Cloudy,N
31-05-2024,Guwahati,28.0,C,66,119.6,34.5,9.5,Rain,
2024-06-01,Guwahati,26.8,C,65,10.7,37.4,10.7,Thunderstorm,yes
02-06-2024,Guwahati,23.8,C,35,0.3,27.0,9.3,Clear,N
03-06-2024,Guwahati,23.1,C,32,0.2,2.4,10.4,Sunny,N
04-06-2024,Guwahati,25.9,,57,0.2,3.8,10.3,Clear,N
05-06-2024,Guwahati,26.6,C,95,0.9,11.5,11.0,Clear,N
2024-06-06,Guwahati,30.7,,72,1.0,3.0,11.8,Sunny,N
07-06-2024,Guwahati,33.2,C,78,1.5,16.5,7.8,Cloudy,N
2024-06-08,Guwahati,84.9,F,55,1.1,39.6,4.8,CLEAR,N
2024-06-09,Guwahati,29.3,C,81,0.4,35.1,10.1,CLEAR,N
2024-06-10,Guwahati,29.0,C,69,1.4,20.7,9.1,Clear,N
11-06-2024,Guwahati,82.8,F,52,1.9,35.9,6.1,Sunny,N
2024-06-12,Guwahati,24.2,C,75,1.9,8.3,7.5,Sunny,N
13-06-2024,Guwahati,26.2,C,49,0.8,5.5,6.6,Cloudy,N
14-06-2024,Guwahati,32.2,C,77,64.7,27.1,6.0,Heavy Rain,no
2024-06-15,Guwahati,null,,58,94.6,26.2,8.2,Rain,yes
2024-06-16,Guwahati,76.1,,89,1.1,15.3,11.9,Clear,N
2024-06-17,Guwahati,26.9,C,52,1.4,26.9,7.1,Clear,N
2024-06-18,Guwahati,25.7,C,55,0.2,14.4,5.6,Cloudy,N
2024-06-19,Guwahati,28.7,C,56,0.6,44.0,4.3,Cloudy,N
20-06-2024,Guwahati,27.8,C,59,9.6,39.0,4.2,Thunderstorm,N
2024-06-21,Guwahati,21.9,C,91,88.1,30.8,10.2,Rain,Y
2024-06-22,Guwahati,25.9,,57,1.1,15.7,8.8,Cloudy,N
23-06-2024,Guwahati,30.9,,60,103.6,18.2,5.2,Rain,N
24-06-2024,Guwahati,20.5,C,93,0.3,31.1,2.9,Fog,N
25-06-2024,Guwahati,29.8,C,null,1.8,37.9,6.0,clear,N
26-06-2024,Guwahati,25.9,C,29,44.4,5.7,10.9,Rain,N
2024-06-27,Guwahati,23.4,C,28,109.8,28.5,6.3,Heavy Rain,
28-06-2024,Guwahati,20.6,C,64,1.0,11.2,7.0,Clear,N
29-06-2024,Guwahati,20.6,,75,1.1,26.0,6.2,Clear,N
30-06-2024,Guwahati,81.0,F,88,32.6,33.3,6.8,Rain,yes
2024-07-01,Guwahati,21.0,C,92,1.7,35.9,7.1,Clear,N
02-07-2024,Guwahati,26.9,C,70,1.0,12.3,11.1,Cloudy,N
03-07-2024,Guwahati,23.8,C,96,1.4,17.8,8.0,CLEAR,N
2024-07-04,Guwahati,27.3,C,44,1.0,40.1,11.0,Clear,N
05-07-2024,Guwahati,24.1,C,47,1.5,22.7,8.9,Clear,N
2024-07-06,Guwahati,19.9,C,68,1.8,31.4,4.6,Cloudy,N
07-07-2024,Guwahati,22.3,C,50,0.0,30.9,1.6,Fog,N
08-07-2024,Guwahati,75.3,F,83,0.4,17.7,1.0,Fog,N
09-07-2024,Guwahati,71.7,F,70,88.1,33.1,7.8,Thunderstorm,yes
2024-07-10,Guwahati,N/A,,62,1.1,14.3,9.9,Cloudy,N
2024-07-11,Guwahati,21.6,C,86,10.7,8.9,11.2,Thunderstorm,N
2024-07-13,Guwahati,19.5,C,66,0.0,40.5,2.7,Fog,N
2024-07-14,Guwahati,20.1,C,29,1.2,25.4,5.3,Cloudy,N
15-07-2024,Guwahati,23.8,C,70,97.5,24.5,10.1,Rain,
2024-07-16,Guwahati,66.2,F,62,1.3,3.7,11.0,Clear,N
2024-07-17,Guwahati,22.5,,  ,73.9,4.4,6.6,Thunderstorm,N
18-07-2024,Guwahati,20.6,,64,0.6,18.2,7.1,Clear,N
19-07-2024,Guwahati,19.8,C,95,50.8,15.2,9.0,Rain,no
20-07-2024,Guwahati,19.0,C,91,0.2,31.6,7.8,Clear,N
2024-07-21,Guwahati,26.6,C,36,0.9,27.0,9.9,Cloudy,N
22-07-2024,Guwahati,21.1,C,72,1.2,38.3,6.3,Sunny,N
2024-07-23,Guwahati,21.1,C,72,0.4,32.4,7.5,Clear,N
2024-07-24,Guwahati,68.9,F,39,1.8,21.7,10.7,Cloudy,N
2024-07-25,Guwahati,21.4,C,unknown,0.8,31.0,11.8,clear,N
2024-07-27,Guwahati,18.5,C,52,0.1,32.4,6.5,Clear,N
2024-07-28,Guwahati,20.7,C,84,0.1,18.4,10.6,Cloudy,N
2024-07-29,Guwahati,23.1,C,44,27.5,11.4,6.7,Thunderstorm,N
30-07-2024,Guwahati,75.4,F,32,0.2,33.5,10.6,Clear,N
2024-07-31,Guwahati,12.7,C,66,0.9,43.1,11.0,clear,N
01-08-2024,Guwahati,21.6,,80,1.0,30.8,4.6,Clear,N
2024-08-02,Guwahati,19.2,C,82,46.8,39.3,7.6,Rain,yes
2024-08-03,Guwahati,18.8,C,77,0.8,31.2,1.8,Fog,N
2024-08-04,Guwahati,21.3,,62,0.5,35.6,6.8,Clear,N
2024-08-05,Guwahati,24.6,C,52,80.6,6.9,4.6,Rain,N
2024-08-06,Guwahati,17.5,,87,1.9,37.8,7.3,Cloudy,N
07-08-2024,Guwahati,19.2,C,92,0.3,19.0,12.0,Cloudy,N
08-08-2024,Guwahati,18.7,C,31,102.8,17.2,4.9,Rain,no
09-08-2024,Guwahati,20.9,C,61,0.4,14.5,10.8,Clear,N
2024-08-10,Guwahati,19.9,,65,16.3,41.5,9.2,Rain,Y
11-08-2024,Guwahati,21.1,,61,115.4,12.8,5.4,Thunderstorm,no
12-08-2024,Guwahati,23.0,C,49,1.9,29.2,6.0,clear,N
13-08-2024,Guwahati,65.9,F,31,1.2,10.3,11.5,Clear,N
14-08-2024,Guwahati,13.3,C,43,70.1,4.9,11.1,Rain,Y
15-08-2024,Guwahati,20.1,C,58,0.9,21.9,5.0,Clear,N
2024-08-16,Guwahati,24.2,C,98,34.6,37.3,8.7,rain,N
2024-08-17,Guwahati,66.0,F,93,86.8,9.2,6.6,Rain,
18-08-2024,Guwahati,23.1,,75,0.8,27.3,8.1,Cloudy,N
19-08-2024,Guwahati,20.8,C,null,0.3,4.5,8.7,Cloudy,N
2024-08-20,Guwahati,15.5,,98,0.8,10.6,10.0,Clear,N
21-08-2024,Guwahati,15.8,,83,1.5,7.3,6.7,Sunny,N
22-08-2024,Guwahati,12.4,,46,39.6,14.0,5.8,Rain,Y
23-08-2024,Guwahati,20.0,C,33,0.1,43.5,11.6,Cloudy,N
24-08-2024,Guwahati,16.7,C,76,64.3,5.2,7.4,Thunderstorm,N
2024-08-25,Guwahati,11.7,C,89,0.4,22.1,5.9,CLEAR,N
2024-08-26,Guwahati,19.1,C,92,56.1,19.4,4.7,Heavy Rain,N
2024-08-27,Guwahati,19.7,C,87,0.9,38.2,10.4,Sunny,N
2024-08-28,Guwahati,16.7,C,73,60.8,14.5,8.8,Rain,no
29-08-2024,Guwahati,14.1,C,87,1.3,11.4,11.7,clear,N
30-08-2024,Guwahati,18.6,,30,0.9,19.4,1.0,Fog,N
2024-08-31,Guwahati,19.9,C,63,0.9,13.3,9.5,Clear,N
01-09-2024,Guwahati,13.6,,45,1.7,32.5,11.4,Sunny,N
02-09-2024,Guwahati,18.4,,97,1.2,3.5,10.6,Clear,N
03-09-2024,Guwahati,20.5,C,98,1.5,14.0,7.1,Clear,N
04-09-2024,Guwahati,20.6,,N/A,38.4,17.5,6.2,Rain,N
2024-09-05,Guwahati,20.5,,86,0.4,15.9,10.3,Cloudy,N
06-09-2024,Guwahati,17.6,C,40,1.0,27.1,11.4,Cloudy,N
07-09-2024,Guwahati,16.9,C,71,0.3,4.1,5.7,clear,N
08-09-2024,Guwahati,12.6,C,39,0.3,36.4,1.1,Fog,N
2024-09-09,Guwahati,unknown,C,57,0.0,44.6,9.2,clear,N
10-09-2024,Guwahati,16.5,C,65,2.0,23.1,4.3,Clear,N
11-09-2024,Guwahati,20.0,C,33,119.6,8.6,7.1,Rain,Y
12-09-2024,Guwahati,16.5,C,94,0.7,10.1,7.4,Cloudy,N
13-09-2024,Guwahati,17.1,,28,70.1,37.5,6.4,Thunderstorm,Y
14-09-2024,Guwahati,17.6,C,53,0.2,44.5,6.9,Clear,N
2024-09-15,Guwahati,12.5,C,49,0.6,5.7,11.9,Cloudy,N
2024-09-16,Guwahati,58.0,F,92,1.1,6.0,8.0,Cloudy,N
17-09-2024,Guwahati,16.8,C,69,0.7,40.1,4.5,Clear,N
18-09-2024,Guwahati,53.7,F,70,1.8,6.8,10.7,Cloudy,N
19-09-2024,Guwahati,14.5,C,71,1.9,7.0,4.9,Clear,N
2024-09-20,Guwahati,13.5,C,71,0.2,35.8,8.5,Clear,N
2024-09-21,Guwahati,59.7,F,70,0.5,6.7,4.7,Clear,N
2024-09-22,Guwahati,8.5,,51,0.4,14.4,11.7,Clear,N
23-09-2024,Guwahati,64.4,F,97,1.0,14.3,10.6,Clear,N
24-09-2024,Guwahati,62.0,,28,0.9,26.8,9.0,Clear,N
25-09-2024,Guwahati,16.7,C,61,0.7,15.6,7.8,Clear,N
2024-09-26,Guwahati,13.8,C,66,0.6,7.1,6.6,Cloudy,N
27-09-2024,Guwahati,14.3,C,68,0.5,34.3,8.6,Clear,N
28-09-2024,Guwahati,12.9,C,82,1.3,7.7,10.2,Clear,N
29-09-2024,Guwahati,15.3,,72,0.5,10.8,4.1,Cloudy,N
2024-09-30,Guwahati,65.8,,80,0.7,29.2,7.3,Cloudy,N
2024-10-01,Guwahati,14.5,,38,1.1,36.6,10.4,Clear,N
2024-10-02,Guwahati,15.0,,93,113.3,12.3,9.3,rain,
03-10-2024,Guwahati,15.0,C,77,0.4,11.2,11.5,Cloudy,N
2024-10-04,Guwahati,18.4,C,40,0.9,19.4,10.0,Clear,N
2024-10-05,Guwahati,17.1,C,38,62.1,4.3,9.6,Rain,Y
06-10-2024,Guwahati,19.6,C,61,61.2,5.7,7.6,Thunderstorm,Y
2024-10-07,Guwahati,16.1,C,69,36.9,19.0,10.7,Heavy Rain,N
08-10-2024,Guwahati,15.9,C,58,0.8,36.9,11.9,Sunny,N
09-10-2024,Guwahati,18.3,C,41,1.8,16.6,11.8,CLEAR,N
2024-10-10,Guwahati,13.1,,50,47.9,37.6,6.8,Rain,Y
2024-10-11,Guwahati,18.9,C,32,75.4,34.1,11.3,Heavy Rain,N
2024-10-12,Guwahati,16.8,C,N/A,111.3,33.1,8.8,Heavy Rain,N
13-10-2024,Guwahati,16.9,C,41,1.6,35.1,4.2,Clear,N
2024-10-14,Guwahati,15.0,C,98,1.4,42.2,11.1,Sunny,N
2024-10-15,Guwahati,14.2,C,70,52.5,44.8,4.0,Heavy Rain,N
16-10-2024,Guwahati,17.5,C,29,11.4,14.9,5.4,Heavy Rain,
17-10-2024,Guwahati,12.8,C,72,1.2,11.9,9.1,Clear,N
2024-10-18,Guwahati,13.7,C,88,2.0,27.5,4.6,Cloudy,N
19-10-2024,Guwahati,18.5,C,40,1.5,8.5,5.6,Sunny,N
2024-10-20,Guwahati,14.8,,44,1.5,8.3,6.3,CLEAR,N
2024-10-21,Guwahati,10.5,C,96,79.6,15.8,4.8,Heavy Rain,no
2024-10-22,Guwahati,65.8,F,30,1.3,22.1,11.8,Cloudy,N
2024-10-23,Guwahati,10.4,,56,1.2,30.0,9.0,Clear,N
24-10-2024,Guwahati,19.7,C,31,0.1,36.7,9.1,Sunny,N
2024-10-25,Guwahati,11.0,C,50,102.0,26.0,8.4,Thunderstorm,yes
26-10-2024,Guwahati,15.9,C,91,0.7,5.1,11.9,Clear,N
27-10-2024,Guwahati,21.1,C,51,12.1,25.7,9.5,rain,N
2024-10-28,Guwahati,65.3,F,35,1.3,18.8,5.9,Clear,N
29-10-2024,Guwahati,14.5,C,92,29.1,5.2,11.8,Rain,no
30-10-2024,Guwahati,15.3,C,90,0.9,19.8,2.0,Fog,N
31-10-2024,Guwahati,15.2,,38,1.5,15.8,6.2,CLEAR,N
01-11-2024,Guwahati,18.9,C,38,1.1,38.5,7.2,Clear,N
02-11-2024,Guwahati,17.2,,34,0.2,38.3,6.0,Sunny,N
2024-11-03,Guwahati,19.7,C,52,1.8,25.8,7.9,Clear,N
04-11-2024,Guwahati,17.2,C,60,1.1,13.0,11.1,Cloudy,N
05-11-2024,Guwahati,71.5,F,57,1.4,31.0,7.7,Clear,N
06-11-2024,Guwahati,14.5,C,86,0.6,3.2,6.6,Clear,N
2024-11-07,Guwahati,14.5,C,59,1.9,4.6,4.5,Clear,N
08-11-2024,Guwahati,15.1,C,59,1.9,31.1,5.6,Cloudy,N
2024-11-09,Guwahati,12.6,C,96,0.8,11.7,6.3,CLEAR,N
10-11-2024,Guwahati,19.7,C,66,1.4,21.9,9.9,Clear,N
11-11-2024,Guwahati,25.5,,66,1.8,40.7,7.5,Clear,N
12-11-2024,Guwahati,18.9,C,41,2.0,6.5,9.1,Clear,N
13-11-2024,Guwahati,58.7,F,62,1.2,10.5,9.2,Sunny,N
2024-11-14,Guwahati,21.7,C,78,119.3,9.0,11.2,Rain,Y
15-11-2024,Guwahati,9.9,,97,0.7,33.1,6.0,clear,N
2024-11-16,Guwahati,23.2,C,70,73.1,41.6,10.6,Thunderstorm,no
17-11-2024,Guwahati,17.5,,42,1.2,6.6,8.4,Sunny,N
18-11-2024,Guwahati,17.7,C,43,0.6,14.2,4.9,Clear,N
19-11-2024,Guwahati,20.5,C,62,70.1,44.0,10.4,rain,N
2024-11-20,Guwahati,19.3,C,84,0.5,26.3,11.9,Clear,N
21-11-2024,Guwahati,19.6,C,66,37.2,26.8,10.8,Rain,N
2024-11-22,Guwahati,21.8,C,49,103.9,24.3,5.1,Rain,
23-11-2024,Guwahati,20.6,,79,0.8,16.5,9.3,CLEAR,N
2024-11-24,Guwahati,15.1,C,28,1.1,7.0,5.3,CLEAR,N
25-11-2024,Guwahati,18.7,C,55,0.1,24.2,7.0,Sunny,N
26-11-2024,Guwahati,17.9,,62,1.2,18.4,10.0,Sunny,N
2024-11-27,Guwahati,64.0,F,91,95.5,44.3,9.9,Thunderstorm,N
2024-11-28,Guwahati,16.1,C,65,1.6,24.2,11.3,clear,N
29-11-2024,Guwahati,16.9,,62,0.3,37.4,8.9,Cloudy,N
2024-11-30,Guwahati,23.4,C,81,0.8,13.9,5.6,Clear,N
2024-12-01,Guwahati,18.0,C,28,93.7,43.7,4.1,rain,N
02-12-2024,Guwahati,77.7,F,97,0.8,3.5,5.5,Clear,N
03-12-2024,Guwahati,13.9,,83,23.2,4.2,10.5,Rain,N
2024-12-04,Guwahati,23.3,C,48,0.0,26.7,6.1,Sunny,N
05-12-2024,Guwahati,20.0,C,66,0.3,32.3,7.6,Clear,N
06-12-2024,Guwahati,69.0,F,79,1.1,10.2,10.0,Cloudy,N
2024-12-07,Guwahati,65.6,F,52,2.0,28.6,5.5,Sunny,N
08-12-2024,Guwahati,20.3,C,94,0.9,19.1,11.5,Cloudy,N
2024-12-09,Guwahati,18.3,,39,0.5,11.7,11.9,Cloudy,N
10-12-2024,Guwahati,18.9,C,57,0.4,10.9,5.8,Clear,N
2024-12-11,Guwahati,22.2,C,87,0.3,25.6,4.2,Clear,N
12-12-2024,Guwahati,17.3,C,45,2.0,44.0,11.2,clear,N
2024-12-13,Guwahati,22.6,C,49,0.6,30.2,1.5,Fog,N
14-12-2024,Guwahati,26.3,C,89,60.6,8.4,9.4,Rain,N
2024-12-15,Guwahati,19.9,C,45,0.8,38.7,10.5,CLEAR,N
16-12-2024,Guwahati,25.7,C,42,0.9,17.9,11.4,Clear,N
17-12-2024,Guwahati,16.5,C,91,0.3,39.0,4.8,Clear,N
2024-12-18,Guwahati,24.0,C,43,1.5,6.5,7.5,Clear,N
19-12-2024,Guwahati,20.8,C,49,89.5,4.3,10.8,Heavy Rain,no
2024-12-20,Guwahati,23.9,C,59,1.5,5.4,10.1,clear,N
21-12-2024,Guwahati,23.0,C,44,0.3,22.3,4.3,Clear,N
22-12-2024,Guwahati,65.6,F,94,1.8,26.7,4.7,Cloudy,N
2024-12-23,Guwahati,22.2,C,95,15.5,10.0,9.8,Heavy Rain,N
24-12-2024,Guwahati,74.4,F,47,0.5,44.5,1.5,Fog,N
2024-12-25,Guwahati,17.8,C,57,1.0,25.3,7.4,clear,N
2024-12-26,Guwahati,25.0,C,87,0.4,21.5,5.1,Cloudy,N
27-12-2024,Guwahati,28.8,,97,1.5,29.6,6.5,Cloudy,N
28-12-2024,Guwahati,null,C,85,1.6,7.8,6.5,Cloudy,N
2024-12-29,Guwahati,26.6,,60,13.0,20.2,7.2,Heavy Rain,N
30-12-2024,Guwahati,29.9,,41,0.5,39.9,8.8,Sunny,N
31-12-2024,Guwahati,23.9,C,93,2.0,15.0,4.2,Cloudy,N
2025-01-01,Guwahati,22.6,C,98,0.0,21.6,2.6,Fog,N
02-01-2025,Guwahati,23.0,C,81,0.1,29.9,4.9,Clear,N
03-01-2025,Guwahati,19.1,C,85,0.1,41.6,9.8,Sunny,N
2025-01-04,Guwahati,76.6,F,50,84.7,18.9,8.1,Thunderstorm,yes
2025-01-05,Guwahati,18.1,,93,1.4,7.8,5.3,Cloudy,N
06-01-2025,Guwahati,23.0,C,72,0.2,38.8,10.1,Cloudy,N
2025-01-07,Guwahati,23.9,C,65,0.9,41.2,9.3,Cloudy,N
08-01-2025,Guwahati,28.4,C,76,1.5,NA,8.5,Clear,N
2025-01-09,Guwahati,71.5,F,94,63.8,31.9,10.8,Heavy Rain,N
2025-01-11,Guwahati,24.4,,32,1.1,43.7,9.4,clear,N
2025-01-12,Guwahati,23.9,C,65,1.2,34.9,0.3,Fog,N
2025-01-13,Guwahati,21.5,C,80,0.3,17.3,10.0,Clear,N
2025-01-14,Guwahati,27.3,C,33,0.5,24.2,6.5,Cloudy,N
15-01-2025,Guwahati,28.4,C,88,1.2,22.2,11.4,Cloudy,N
2025-01-16,Guwahati,25.7,C,38,0.0,43.4,10.8,Clear,N
2025-01-17,Guwahati,33.0,C,87,99.6,26.1,5.8,Thunderstorm,yes
18-01-2025,Guwahati,28.5,C,33,1.3,19.4,6.2,Sunny,N
2025-01-19,Guwahati,25.6,,48,1.7,19.6,5.0,Clear,N
2025-01-20,Guwahati,24.3,C,  ,0.0,5.0,6.8,Clear,N
2025-01-21,Guwahati,26.7,,81,1.5,  ,9.9,Clear,N
22-01-2025,Guwahati,27.8,C,42,0.6,38.8,1.2,Fog,N
23-01-2025,Guwahati,78.3,F,64,1.8,32.1,6.9,CLEAR,N
24-01-2025,Guwahati,28.6,C,49,1.5,18.0,6.9,Cloudy,N
2025-01-25,Guwahati,28.2,C,50,1.0,22.4,11.2,Cloudy,N
2025-01-26,Guwahati,22.0,C,74,1.3,23.1,5.9,Clear,N
2025-01-27,Guwahati,28.7,C,43,0.1,24.7,9.2,Clear,N
28-01-2025,Guwahati,36.9,C,97,1.8,24.5,10.9,Clear,N
2025-01-29,Guwahati,27.0,C,48,6.3,26.7,8.8,Thunderstorm,yes
2025-01-30,Guwahati,23.9,,56,54.7,8.0,9.4,Heavy Rain,no
31-01-2025,Guwahati,26.5,,83,0.5,8.9,7.1,CLEAR,N
01-02-2025,Guwahati,30.7,C,29,1.1,30.1,8.2,Sunny,N
02-02-2025,Guwahati,23.1,C,38,53.8,12.4,6.4,Rain,Y
03-02-2025,Guwahati,31.6,,86,1.9,22.4,5.8,Cloudy,N
2025-02-04,Guwahati,29.6,C,49,1.9,23.0,8.0,Cloudy,N
2025-02-05,Guwahati,28.8,C,74,0.8,42.1,1.3,Fog,N
2025-02-06,Guwahati,94.1,F,82,1.0,34.6,9.5,clear,N
2025-02-07,Guwahati,27.3,C,49,27.2,43.2,6.1,Rain,N
08-02-2025,Guwahati,24.2,C,49,63.0,32.3,5.2,Rain,N
09-02-2025,Guwahati,29.6,C,38,1.0,11.1,10.6,Clear,N
2025-02-10,Guwahati,27.0,C,95,24.1,30.1,10.2,Rain,Y
11-02-2025,Guwahati,31.1,C,71,20.7,35.7,7.1,Thunderstorm,N
12-02-2025,Guwahati,89.4,F,71,50.7,38.1,11.9,Thunderstorm,no
13-02-2025,Guwahati,24.7,C,  ,0.6,36.2,2.2,Fog,N
14-02-2025,Guwahati,23.2,,91,1.4,11.6,7.8,Cloudy,N
2025-02-15,Guwahati,26.0,C,58,1.4,31.5,5.5,Cloudy,N
2025-02-16,Guwahati,28.9,C,75,1.5,14.1,7.9,Clear,N
2025-02-17,Guwahati,88.6,F,46,1.1,19.0,4.3,Clear,N
18-02-2025,Guwahati,27.2,C,33,0.7,37.6,6.3,Cloudy,N
2025-02-19,Guwahati,29.8,C,80,0.6,32.5,10.0,Clear,N
2025-02-20,Guwahati,  ,C,49,0.0,43.4,5.7,Cloudy,N
2025-02-21,Guwahati,33.5,C,85,0.9,44.7,11.4,Sunny,N
22-02-2025,Guwahati,92.7,F,90,1.6,22.7,6.3,Cloudy,N
2025-02-23,Guwahati,30.8,C,null,0.6,42.4,11.4,Clear,N
24-02-2025,Guwahati,32.9,,48,1.0,27.1,7.6,Clear,N
25-02-2025,Guwahati,N/A,C,72,106.7,25.5,11.3,Rain,N
26-02-2025,Guwahati,35.7,C,55,0.7,27.0,5.2,Sunny,N
2025-02-27,Guwahati,28.9,C,52,1.1,6.8,5.9,Clear,N
2025-02-28,Guwahati,27.9,C,45,1.5,24.3,10.7,Cloudy,N
2025-03-01,Guwahati,30.9,,79,0.5,34.8,7.5,CLEAR,N
02-03-2025,Guwahati,30.3,C,75,21.2,43.9,7.2,Thunderstorm,N
03-03-2025,Guwahati,37.4,C,79,1.8,33.7,9.1,Cloudy,N
2025-03-04,Guwahati,72.8,F,42,0.1,16.7,4.1,Sunny,N
05-03-2025,Guwahati,29.1,C,80,27.3,24.6,7.5,Rain,N
2025-03-06,Guwahati,31.7,C,62,0.1,44.1,5.8,Clear,N
2025-03-07,Guwahati,32.5,C,80,0.3,14.6,5.9,Sunny,N
08-03-2025,Guwahati,26.9,C,73,0.0,8.0,10.2,Sunny,N
2025-03-09,Guwahati,34.0,C,91,16.1,26.2,6.2,Rain,N
2025-03-10,Guwahati,32.8,C,63,63.0,34.8,9.4,Thunderstorm,N
11-03-2025,Guwahati,32.0,C,76,1.7,32.5,6.3,Cloudy,N
12-03-2025,Guwahati,28.5,C,75,1.9,22.5,7.4,CLEAR,N
13-03-2025,Guwahati,32.4,C,42,0.2,3.3,8.1,Clear,N
14-03-2025,Guwahati,32.7,,71,2.0,23.6,6.8,Clear,N
15-03-2025,Guwahati,31.1,C,83,1.8,35.3,8.1,Cloudy,N
16-03-2025,Guwahati,28.8,C,32,1.8,18.5,6.2,Clear,N
17-03-2025,Guwahati,90.3,,49,1.7,23.0,5.9,Cloudy,N
19-03-2025,Guwahati,34.6,,82,60.0,23.6,9.9,Rain,Y
2025-03-20,Guwahati,33.9,C,59,0.9,27.5,11.7,Clear,N
21-03-2025,Guwahati,NA,C,91,1.4,19.4,6.7,Clear,N
2025-03-22,Guwahati,27.7,,67,1.7,9.0,2.4,Fog,N
23-03-2025,Guwahati,32.1,,32,1.4,25.3,10.2,Clear,N
24-03-2025,Guwahati,31.7,C,85,0.1,41.3,4.6,Clear,N
2025-03-25,Guwahati,88.3,F,70,37.8,31.1,5.5,rain,Y
2025-03-26,Guwahati,29.1,C,64,42.3,42.7,4.2,Rain,N
2025-03-27,Guwahati,35.8,C,93,0.2,20.1,10.3,Cloudy,N
28-03-2025,Guwahati,35.6,,52,0.0,35.8,6.2,clear,N
2025-03-29,Guwahati,30.9,,31,1.8,2.8,4.8,Clear,N
2025-03-30,Guwahati,87.6,F,66,73.0,39.0,11.8,Heavy Rain,no
2025-03-31,Guwahati,91.2,,70,30.7,41.0,11.1,Thunderstorm,no
2025-04-01,Guwahati,28.4,C,61,1.4,27.9,5.6,Cloudy,N
2025-04-02,Guwahati,25.7,C,88,0.8,37.1,5.1,Cloudy,N
2025-04-03,Guwahati,30.2,C,66,75.7,29.0,11.8,Rain,N
04-04-2025,Guwahati,32.7,C,32,0.8,28.0,5.6,Clear,N
2025-04-05,Guwahati,87.0,,41,0.7,19.5,8.0,Cloudy,N
2025-04-06,Guwahati,29.6,C,79,0.2,41.3,5.8,Clear,N
2025-04-07,Guwahati,33.8,C,64,0.8,9.3,6.8,Clear,N
08-04-2025,Guwahati,95.1,,63,106.1,13.0,9.9,Rain,N
09-04-2025,Guwahati,30.8,C,96,0.3,7.3,5.7,Clear,N
10-04-2025,Guwahati,29.4,,83,65.0,42.9,5.2,rain,N
2025-04-11,Guwahati,34.6,,35,0.7,33.4,2.5,Fog,N
2025-04-12,Guwahati,32.2,,NA,1.0,30.5,6.0,Cloudy,N
2025-04-13,Guwahati,39.1,C,N/A,1.6,41.5,8.9,Cloudy,N
14-04-2025,Guwahati,34.4,C,45,108.9,22.1,7.4,rain,N
2025-04-15,Guwahati,33.1,C,32,79.5,7.5,8.2,rain,yes
2025-04-16,Guwahati,33.4,C,54,102.9,14.2,9.8,Rain,
17-04-2025,Guwahati,33.0,,81,1.2,37.4,6.1,Cloudy,N
2025-04-18,Guwahati,36.5,C,30,0.3,40.2,5.2,Clear,N
2025-04-19,Guwahati,29.4,C,60,1.9,21.3,8.7,Clear,N
20-04-2025,Guwahati,33.2,,47,10.5,18.5,10.2,Thunderstorm,Y
2025-04-21,Guwahati,29.0,C,94,0.1,21.5,7.5,Cloudy,N
2025-04-22,Guwahati,28.5,C,95,0.2,13.2,7.0,Cloudy,N
2025-04-23,Guwahati,32.6,,36,0.3,41.5,11.3,Sunny,N
2025-04-24,Guwahati,24.4,C,91,0.8,28.8,5.9,Cloudy,N
25-04-2025,Guwahati,34.1,C,51,2.0,44.0,4.5,Cloudy,N
2025-04-26,Guwahati,32.7,,50,77.7,22.5,5.3,Rain,Y
27-04-2025,Guwahati,32.4,,72,1.8,44.0,7.4,Clear,N
2025-04-28,Guwahati,30.8,C,86,19.8,32.3,8.8,Rain,no
29-04-2025,Guwahati,33.2,C,34,1.2,38.1,6.4,Clear,N
30-04-2025,Guwahati,32.1,C,  ,1.5,2.6,6.6,Clear,N
01-05-2025,Guwahati,34.4,C,71,15.5,24.2,9.5,Thunderstorm,no
2025-05-02,Guwahati,33.7,C,95,0.9,32.3,4.8,Clear,N
03-05-2025,Guwahati,25.0,C,30,0.2,16.1,1.6,Fog,N
2025-05-04,Guwahati,88.4,F,91,14.3,24.8,11.1,Heavy Rain,Y
05-05-2025,Guwahati,81.0,F,91,1.1,10.7,7.2,clear,N
2025-05-06,Guwahati,27.8,C,28,29.8,30.6,10.5,Rain,N
07-05-2025,Guwahati,30.2,C,95,0.6,28.3,8.9,Sunny,N
08-05-2025,Guwahati,81.1,F,46,1.1,19.0,10.7,Cloudy,N
09-05-2025,Guwahati,33.0,C,78,83.8,7.8,4.8,Rain,yes
2025-05-10,Guwahati,31.4,C,46,0.3,30.4,8.0,Clear,N
2025-05-11,Guwahati,unknown,F,78,1.3,25.9,11.4,Clear,N
2025-05-12,Guwahati,30.9,,66,0.6,31.5,4.8,CLEAR,N
2025-05-13,Guwahati,89.0,F,60,58.6,15.9,9.9,Rain,
14-05-2025,Guwahati,31.0,C,51,0.6,9.8,8.3,Cloudy,N
15-05-2025,Guwahati,29.3,C,94,0.3,16.4,8.3,Cloudy,N
16-05-2025,Guwahati,28.5,C,58,1.4,27.7,7.3,Cloudy,N
17-05-2025,Guwahati,23.9,C,48,0.4,32.8,7.1,Sunny,N
2025-05-18,Guwahati,25.6,,92,102.2,23.0,6.7,Rain,N
2025-05-19,Guwahati,30.6,C,85,0.0,9.2,8.4,Clear,N
2025-05-20,Guwahati,30.0,,96,0.5,33.6,7.6,Clear,N
21-05-2025,Guwahati,24.4,C,39,0.3,18.0,7.5,Cloudy,N
2025-05-22,Guwahati,33.7,,62,0.6,36.3,9.4,Cloudy,N
23-05-2025,Guwahati,28.0,C,49,71.8,44.1,4.4,Heavy Rain,Y
24-05-2025,Guwahati,23.9,,54,100.8,12.1,5.3,Rain,N
2025-05-25,Guwahati,24.8,C,92,0.4,11.2,7.2,Clear,N
2025-05-26,Guwahati,84.4,F,81,1.8,18.2,8.5,Sunny,N
27-05-2025,Guwahati,34.5,C,77,60.6,19.1,6.5,Rain,N
28-05-2025,Guwahati,92.5,F,30,1.0,13.0,5.9,Cloudy,N
29-05-2025,Guwahati,27.5,C,64,1.5,26.9,4.3,CLEAR,N
30-05-2025,Guwahati,27.1,C,72,0.9,35.4,4.1,Sunny,N
2025-05-31,Guwahati,84.1,F,unknown,1.4,37.8,8.8,Cloudy,N
01-06-2025,Guwahati,29.5,C,N/A,71.1,7.2,11.1,Rain,N
2025-06-02,Guwahati,26.0,C,88,0.7,11.5,7.4,Cloudy,N
2025-06-03,Guwahati,29.2,C,59,50.4,19.9,4.5,Thunderstorm,N
04-06-2025,Guwahati,27.2,C,29,1.6,26.8,1.1,Fog,N
05-06-2025,Guwahati,25.5,,47,1.0,25.5,5.7,Cloudy,N
06-06-2025,Guwahati,32.8,,81,1.2,21.5,10.3,Clear,N
2025-06-07,Guwahati,27.5,C,49,1.9,36.3,4.9,Sunny,N
2025-06-08,Guwahati,30.6,C,70,0.7,33.8,6.9,Clear,N
09-06-2025,Guwahati,20.9,C,97,1.5,27.7,8.1,Clear,N
2025-06-10,Guwahati,81.3,F,64,1.6,26.6,10.8,Sunny,N
11-06-2025,Guwahati,26.0,C,47,36.4,36.7,8.7,Rain,no
2025-06-12,Guwahati,23.1,,76,40.5,21.8,10.3,rain,N
13-06-2025,Guwahati,75.3,,33,0.8,11.7,9.8,Cloudy,N
14-06-2025,Guwahati,29.8,C,82,1.5,7.7,1.7,Fog,N
15-06-2025,Guwahati,25.5,,75,1.5,27.0,10.1,Cloudy,N
2025-06-16,Guwahati,29.5,C,96,0.7,20.8,4.7,CLEAR,N
2025-06-17,Guwahati,90.7,F,64,61.1,8.6,5.0,Heavy Rain,N
18-06-2025,Guwahati,24.1,C,30,97.9,43.0,11.9,rain,
2025-06-19,Guwahati,28.0,C,,0.2,39.4,9.4,Clear,N
2025-06-20,Guwahati,23.4,C,73,1.0,38.0,8.1,Cloudy,N
2025-06-21,Guwahati,26.1,C,66,106.8,30.7,8.7,Rain,Y
22-06-2025,Guwahati,22.2,,43,0.2,29.7,4.9,Cloudy,N
23-06-2025,Guwahati,77.6,F,59,0.3,39.7,9.8,Clear,N
25-06-2025,Guwahati,27.5,C,76,103.7,41.3,5.9,Rain,N
26-06-2025,Guwahati,31.0,C,62,0.8,40.7,7.0,Cloudy,N
2025-06-27,Guwahati,23.3,C,82,0.5,37.9,7.1,Cloudy,N
28-06-2025,Guwahati,29.6,C,94,1.4,41.6,4.2,Cloudy,N
2025-06-29,Guwahati,22.2,C,80,0.6,17.4,10.4,Sunny,N
2025-06-30,Guwahati,28.1,C,89,1.2,19.0,8.0,Clear,N
2025-07-01,Guwahati,24.4,C,91,0.4,19.9,5.3,Clear,N
2024-01-01,Nagpur,18.1,,52,0.7,41.0,6.5,Cloudy,N
02-01-2024,Nagpur,23.8,C,84,0.1,28.6,2.0,Fog,N
03-01-2024,Nagpur,29.2,C,65,0.9,2.1,10.1,Clear,N
2024-01-04,Nagpur,27.2,C,43,0.5,23.9,6.9,Clear,N
05-01-2024,Nagpur,20.8,C,85,1.7,43.4,9.0,Clear,N
2024-01-06,Nagpur,21.9,C,72,1.2,36.6,8.8,Cloudy,N
2024-01-07,Nagpur,23.5,,93,0.3,20.8,11.0,Cloudy,N
08-01-2024,Nagpur,26.7,,31,1.2,44.9,0.5,Fog,N
09-01-2024,Nagpur,25.6,C,48,1.9,38.6,4.8,Sunny,N
2024-01-10,Nagpur,27.9,C,95,2.0,10.8,1.6,Fog,N
2024-01-11,Nagpur,25.2,C,43,0.8,5.4,7.2,Cloudy,N
2024-01-13,Nagpur,29.4,C,49,0.3,4.9,2.5,Fog,N
2024-01-14,Nagpur,24.4,C,51,1.8,28.8,6.0,Clear,N
15-01-2024,Nagpur,27.9,C,90,117.3,33.7,9.2,Rain,no
2024-01-16,Nagpur,23.6,C,83,14.5,42.4,6.2,Heavy Rain,yes
2024-01-17,Nagpur,32.3,,28,0.0,25.9,9.7,Cloudy,N
18-01-2024,Nagpur,20.6,C,28,1.1,28.9,11.4,Cloudy,N
19-01-2024,Nagpur,28.6,C,52,0.6,19.7,7.0,Clear,N
2024-01-20,Nagpur,25.5,C,30,1.1,27.9,7.8,clear,N
21-01-2024,Nagpur,33.9,,42,52.3,21.1,5.2,Rain,no
22-01-2024,Nagpur,28.8,C,71,1.3,41.6,4.8,Cloudy,N
23-01-2024,Nagpur,32.3,C,89,101.3,14.8,11.2,Rain,Y
2024-01-24,Nagpur,22.1,C,51,28.2,12.9,5.5,Heavy Rain,N
2024-01-25,Nagpur,85.4,,94,45.8,39.4,7.2,Heavy Rain,no
2024-01-26,Nagpur,29.0,C,50,59.1,13.1,10.3,Rain,no
27-01-2024,Nagpur,30.5,,41,1.3,37.2,7.2,Sunny,N
2024-01-28,Nagpur,28.2,,32,0.1,43.2,5.6,Clear,N
2024-01-29,Nagpur,  ,C,31,1.2,26.9,3.0,Fog,N
30-01-2024,Nagpur,27.0,C,65,1.9,24.6,10.6,Clear,N
2024-01-31,Nagpur,26.3,,78,46.3,37.9,9.3,Rain,Y
2024-02-01,Nagpur,28.4,C,33,92.9,36.7,11.8,rain,Y
2024-02-02,Nagpur,84.9,F,65,0.6,6.8,9.6,Clear,N
2024-02-03,Nagpur,24.8,C,50,0.0,23.0,11.0,clear,N
2024-02-04,Nagpur,28.4,C,43,38.1,8.5,11.4,Heavy Rain,no
2024-02-05,Nagpur,27.8,C,79,77.7,40.9,6.0,Rain,yes
2024-02-06,Nagpur,31.0,C,37,0.5,34.2,5.8,Clear,N
07-02-2024,Nagpur,33.2,C,86,77.5,29.7,5.1,Rain,Y
08-02-2024,Nagpur,74.9,F,64,0.7,9.6,11.5,Clear,N
2024-02-09,Nagpur,87.1,F,71,96.1,10.8,6.4,Heavy Rain,N
2024-02-10,Nagpur,26.3,,46,67.4,28.7,9.7,rain,N
2024-02-11,Nagpur,87.8,F,75,1.8,8.9,9.6,Clear,N
2024-02-12,Nagpur,27.8,C,79,0.5,35.4,4.0,Cloudy,N
13-02-2024,Nagpur,32.7,C,37,115.4,37.1,7.5,Rain,Y
2024-02-14,Nagpur,23.9,C,77,0.1,35.4,7.2,Sunny,N
2024-02-15,Nagpur,87.5,F,,0.5,18.5,10.5,Clear,N
16-02-2024,Nagpur,32.7,C,76,1.5,7.0,6.4,Cloudy,N
17-02-2024,Nagpur,29.0,C,75,1.8,37.4,5.1,Cloudy,N
2024-02-18,Nagpur,32.5,C,66,1.5,30.6,11.1,clear,N
19-02-2024,Nagpur,90.6,,88,0.3,13.5,4.1,Clear,N
2024-02-20,Nagpur,29.3,C,53,97.3,36.7,6.5,Heavy Rain,N
2024-02-21,Nagpur,30.2,C,80,2.0,7.2,0.5,Fog,N
22-02-2024,Nagpur,,,42,0.1,32.2,11.0,Cloudy,N
2024-02-23,Nagpur,27.5,C,72,40.6,28.2,5.2,rain,N
24-02-2024,Nagpur,37.7,C,67,105.3,22.0,7.8,Rain,
2024-02-25,Nagpur,29.6,C,66,0.2,38.3,7.8,clear,N
26-02-2024,Nagpur,34.8,C,53,1.1,26.1,10.2,Sunny,N
2024-02-27,Nagpur,33.2,C,82,0.8,3.2,10.0,Clear,N
2024-02-28,Nagpur,31.0,C,50,0.4,11.1,1.6,Fog,N
2024-02-29,Nagpur,30.4,C,82,1.8,4.2,4.8,CLEAR,N
01-03-2024,Nagpur,NA,C,97,0.2,41.2,9.2,Clear,N
02-03-2024,Nagpur,27.4,C,31,1.9,39.1,11.5,Cloudy,N
03-03-2024,Nagpur,32.5,C,40,1.5,24.7,1.1,Fog,N
2024-03-04,Nagpur,29.0,C,34,37.3,11.6,10.5,Heavy Rain,yes
2024-03-05,Nagpur,30.2,,57,116.3,6.8,11.6,Rain,Y
06-03-2024,Nagpur,32.4,,67,108.1,15.8,10.3,Rain,N
2024-03-07,Nagpur,29.2,,72,0.9,44.2,7.2,Cloudy,N
2024-03-08,Nagpur,28.1,,50,86.7,18.8,7.0,rain,yes
2024-03-09,Nagpur,-,C,null,1.6,41.1,0.9,Fog,N
2024-03-10,Nagpur,27.2,C,43,0.6,9.8,6.7,Sunny,N
2024-03-11,Nagpur,32.6,C,66,1.6,26.6,11.6,Cloudy,N
2024-03-12,Nagpur,33.8,C,37,0.1,21.0,10.4,Clear,N
2024-03-13,Nagpur,32.2,C,97,1.0,10.5,5.7,Cloudy,N
2024-03-15,Nagpur,29.9,C,88,0.5,44.4,4.1,clear,N
16-03-2024,Nagpur,27.6,C,91,1.8,40.9,7.5,Cloudy,N
2024-03-17,Nagpur,88.9,,50,0.7,7.0,11.6,Sunny,N
2024-03-18,Nagpur,29.8,,76,1.1,  ,10.0,clear,N
2024-03-19,Nagpur,29.5,C,36,67.1,11.6,9.9,Rain,N
2024-03-20,Nagpur,28.6,C,41,0.5,23.0,6.6,Cloudy,N
2024-03-21,Nagpur,34.7,C,29,51.7,40.2,7.3,Rain,
2024-03-22,Nagpur,23.3,C,91,0.3,6.0,4.6,Sunny,N
23-03-2024,Nagpur,28.9,C,66,75.9,14.9,5.2,Heavy Rain,
24-03-2024,Nagpur,37.5,,39,114.4,33.2,9.2,Thunderstorm,N
25-03-2024,Nagpur,32.7,C,90,0.8,36.7,4.6,clear,N
2024-03-26,Nagpur,33.7,,75,0.1,36.2,11.5,Clear,N
2024-03-27,Nagpur,93.2,F,82,0.9,13.2,8.4,Cloudy,N
2024-03-28,Nagpur,29.0,,75,2.0,37.0,11.5,Sunny,N
2024-03-29,Nagpur,34.9,,55,93.5,13.7,10.9,Rain,N
30-03-2024,Nagpur,25.4,C,,1.0,8.7,9.0,Sunny,N
2024-03-31,Nagpur,29.5,C,40,1.5,20.9,11.3,Sunny,N
2024-04-01,Nagpur,null,,53,0.2,38.9,11.3,Cloudy,N
2024-04-02,Nagpur,34.3,C,74,9.8,41.5,11.9,Thunderstorm,
2024-04-03,Nagpur,31.3,C,97,114.5,8.6,4.9,Rain,
2024-04-04,Nagpur,32.7,C,77,0.8,2.8,1.0,Fog,N
05-04-2024,Nagpur,31.1,,94,1.4,18.3,5.8,Sunny,N
2024-04-06,Nagpur,26.5,,87,1.5,27.0,7.3,Clear,N
07-04-2024,Nagpur,32.1,C,58,75.0,36.5,9.7,rain,yes
08-04-2024,Nagpur,29.2,C,96,0.2,5.8,7.8,Clear,N
2024-04-09,Nagpur,35.2,C,,1.8,17.5,7.2,Clear,N
10-04-2024,Nagpur,33.8,C,67,2.0,24.4,7.1,Cloudy,N
11-04-2024,Nagpur,27.5,C,63,1.3,36.9,1.5,Fog,N
2024-04-12,Nagpur,33.1,C,41,1.4,3.8,10.5,Clear,N
2024-04-13,Nagpur,33.3,C,65,0.1,30.0,5.1,Clear,N
2024-04-14,Nagpur,33.3,C,41,110.1,21.9,9.0,Thunderstorm,
15-04-2024,Nagpur,30.4,,59,0.6,5.0,5.7,Clear,N
2024-04-16,Nagpur,34.2,C,68,0.8,39.3,10.5,Sunny,N
2024-04-17,Nagpur,31.6,C,85,0.8,7.3,2.5,Fog,N
18-04-2024,Nagpur,30.7,,98,0.5,8.8,10.0,Cloudy,N
19-04-2024,Nagpur,27.8,C,77,75.9,30.3,8.9,Rain,Y
20-04-2024,Nagpur,31.5,C,65,1.4,38.1,8.2,Clear,N
21-04-2024,Nagpur,32.3,,62,0.8,2.9,1.8,Fog,N
2024-04-22,Nagpur,89.8,F,74,1.7,38.7,6.4,Cloudy,N
23-04-2024,Nagpur,29.3,C,69,1.2,7.1,9.1,Sunny,N
25-04-2024,Nagpur,97.3,F,89,1.4,22.2,0.5,Fog,N
2024-04-26,Nagpur,32.7,C,38,119.9,35.4,7.2,Rain,no
27-04-2024,Nagpur,28.3,,74,0.7,5.7,4.9,clear,N
28-04-2024,Nagpur,30.2,,94,60.4,27.4,7.4,rain,N
29-04-2024,Nagpur,29.1,C,44,98.2,15.6,9.8,Rain,N
2024-04-30,Nagpur,35.8,,49,18.1,29.8,7.9,Thunderstorm,yes
2024-05-01,Nagpur,30.8,C,52,34.0,22.4,6.6,rain,
2024-05-02,Nagpur,NA,C,44,1.1,32.8,11.0,Cloudy,N
2024-05-03,Nagpur,27.7,C,49,64.8,24.2,9.9,Heavy Rain,N
04-05-2024,Nagpur,30.8,C,30,65.4,43.4,8.3,Heavy Rain,no
2024-05-05,Nagpur,29.9,C,32,1.9,44.6,11.5,Cloudy,N
06-05-2024,Nagpur,34.0,C,45,32.2,22.0,10.2,Thunderstorm,no
2024-05-07,Nagpur,27.4,,91,1.7,24.7,8.0,Clear,N
08-05-2024,Nagpur,32.1,C,93,0.5,28.9,8.6,Clear,N
09-05-2024,Nagpur,null,C,36,1.8,13.3,11.5,clear,N
2024-05-10,Nagpur,29.8,C,38,91.2,6.0,11.1,Rain,yes
11-05-2024,Nagpur,81.2,F,62,1.2,31.4,4.3,Clear,N
2024-05-12,Nagpur,27.9,C,41,49.0,25.5,4.2,Rain,N
13-05-2024,Nagpur,88.7,F,43,0.3,33.5,4.6,clear,N
2024-05-14,Nagpur,34.2,C,48,0.6,18.8,4.2,CLEAR,N
15-05-2024,Nagpur,36.9,C,89,34.8,19.0,10.7,Heavy Rain,N
16-05-2024,Nagpur,32.4,C,69,39.4,27.6,4.1,Rain,yes
17-05-2024,Nagpur,32.4,C,70,12.9,23.8,5.8,rain,no
2024-05-18,Nagpur,31.3,C,37,68.6,39.3,11.4,rain,
19-05-2024,Nagpur,30.9,C,84,67.9,16.2,8.1,rain,N
20-05-2024,Nagpur,NA,C,69,0.2,12.5,7.8,Clear,N
2024-05-21,Nagpur,28.0,C,55,1.8,31.5,1.7,Fog,N
22-05-2024,Nagpur,30.0,C,90,81.6,41.2,9.8,Rain,N
2024-05-23,Nagpur,31.9,C,80,58.9,17.6,5.1,Rain,N
2024-05-24,Nagpur,30.8,C,N/A,0.3,32.1,4.9,Clear,N
2024-05-25,Nagpur,25.5,C,45,54.5,7.2,11.7,Thunderstorm,N
26-05-2024,Nagpur,26.3,C,93,1.4,27.0,11.0,Cloudy,N
2024-05-27,Nagpur,30.4,C,61,46.1,14.6,8.3,Rain,yes
28-05-2024,Nagpur,87.5,F,33,1.4,8.0,6.8,Sunny,N
29-05-2024,Nagpur,27.5,,48,1.2,22.4,4.2,clear,N
2024-05-30,Nagpur,29.5,C,33,13.1,5.1,5.4,Rain,N
31-05-2024,Nagpur,29.3,,87,0.2,21.8,10.9,Cloudy,N
2024-06-01,Nagpur,24.0,C,45,39.1,11.6,7.8,rain,no
02-06-2024,Nagpur,22.1,,51,1.4,15.3,5.3,Sunny,N
03-06-2024,Nagpur,32.1,C,33,36.9,29.1,11.0,Rain,N
2024-06-04,Nagpur,28.3,C,37,1.5,32.9,7.4,Cloudy,N
2024-06-05,Nagpur,77.1,F,64,1.3,42.7,10.1,Cloudy,N
2024-06-06,Nagpur,27.2,,36,0.6,35.3,9.7,Cloudy,N
2024-06-07,Nagpur,25.6,C,69,67.3,23.7,11.0,Rain,no
08-06-2024,Nagpur,82.2,F,55,0.6,35.5,7.1,Clear,N
09-06-2024,Nagpur,27.5,C,62,103.6,14.9,4.0,rain,N
2024-06-10,Nagpur,27.2,C,86,1.5,5.9,11.5,Clear,N
11-06-2024,Nagpur,22.6,C,-,0.3,42.5,5.7,Cloudy,N
2024-06-12,Nagpur,30.6,C,52,1.7,23.1,9.2,CLEAR,N
13-06-2024,Nagpur,24.4,C,93,0.5,25.0,9.4,Clear,N
2024-06-14,Nagpur,25.9,C,55,1.3,34.7,11.9,Clear,N
15-06-2024,Nagpur,24.8,C,31,1.2,20.9,9.4,Clear,N
16-06-2024,Nagpur,30.1,C,65,10.5,39.8,10.1,Rain,
18-06-2024,Nagpur,27.4,C,33,1.2,14.5,10.5,Sunny,N
19-06-2024,Nagpur,24.2,,56,1.4,8.5,2.9,Fog,N
2024-06-20,Nagpur,26.0,C,49,1.7,28.7,2.1,Fog,N
21-06-2024,Nagpur,21.3,,47,0.3,15.5,11.5,Clear,N
2024-06-22,Nagpur,30.4,C,73,1.9,19.5,5.3,Cloudy,N
2024-06-23,Nagpur,22.9,C,36,15.5,40.5,8.7,Rain,no
2024-06-24,Nagpur,29.3,C,92,0.9,38.8,11.8,Sunny,N
2024-06-25,Nagpur,25.7,C,83,1.1,30.8,10.8,Clear,N
26-06-2024,Nagpur,25.5,C,40,1.5,5.0,5.5,clear,N
27-06-2024,Nagpur,20.0,,59,35.7,16.7,9.7,Heavy Rain,N
28-06-2024,Nagpur,23.4,,39,0.6,23.6,9.2,Cloudy,N
29-06-2024,Nagpur,22.2,,42,1.1,24.0,9.3,CLEAR,N
2024-06-30,Nagpur,27.0,,75,0.6,41.3,11.7,CLEAR,N
01-07-2024,Nagpur,21.0,C,40,63.9,2.9,6.0,Thunderstorm,N
2024-07-02,Nagpur,22.5,,34,0.9,16.5,4.3,Clear,N
2024-07-03,Nagpur,24.7,C,97,1.6,23.7,0.4,Fog,N
2024-07-04,Nagpur,21.6,C,74,114.2,31.8,10.2,Thunderstorm,N
05-07-2024,Nagpur,25.4,C,80,1.7,27.5,7.9,Clear,N
06-07-2024,Nagpur,19.0,C,51,69.2,17.6,5.8,Rain,N
07-07-2024,Nagpur,22.9,C,58,80.5,5.9,5.5,rain,Y
08-07-2024,Nagpur,33.5,C,45,1.7,43.2,6.5,Cloudy,N
09-07-2024,Nagpur,20.0,,74,1.5,24.8,8.0,Clear,N
2024-07-10,Nagpur,23.3,C,76,0.7,8.2,4.5,Cloudy,N
11-07-2024,Nagpur,19.0,C,41,69.3,14.2,4.1,Rain,no
2024-07-13,Nagpur,65.7,F,58,104.5,11.9,8.1,rain,
14-07-2024,Nagpur,23.8,C,63,97.1,5.8,11.8,Thunderstorm,Y
15-07-2024,Nagpur,20.2,C,37,104.4,35.9,7.1,Rain,no
2024-07-16,Nagpur,18.5,,67,0.5,13.9,11.7,Cloudy,N
2024-07-17,Nagpur,24.3,C,89,1.0,10.1,5.5,Sunny,N
2024-07-18,Nagpur,20.4,C,unknown,1.4,9.5,11.5,Clear,N
2024-07-19,Nagpur,22.9,C,50,1.9,16.7,11.4,Cloudy,N
20-07-2024,Nagpur,20.5,,92,51.0,25.7,4.5,Heavy Rain,Y
2024-07-21,Nagpur,22.3,C,82,1.1,11.6,1.5,Fog,N
2024-07-22,Nagpur,21.8,C,84,0.2,16.4,11.6,Cloudy,N
2024-07-23,Nagpur,17.8,C,40,90.2,  ,7.3,Thunderstorm,no
24-07-2024,Nagpur,  ,,50,1.6,39.6,9.9,Clear,N
2024-07-25,Nagpur,21.7,C,76,109.5,7.2,8.9,Rain,N
26-07-2024,Nagpur,23.2,C,74,0.4,36.0,9.6,Sunny,N
27-07-2024,Nagpur,20.1,C,35,1.8,31.8,7.4,clear,N
28-07-2024,Nagpur,20.9,C,60,1.7,20.0,7.5,Cloudy,N
2024-07-29,Nagpur,19.7,C,75,35.7,31.4,10.6,rain,N
30-07-2024,Nagpur,18.5,C,35,75.2,24.9,10.2,Rain,N
2024-07-31,Nagpur,22.9,C,  ,49.5,13.9,11.1,Heavy Rain,N
01-08-2024,Nagpur,24.3,C,68,1.0,9.6,6.9,Cloudy,N
2024-08-02,Nagpur,19.8,C,37,0.4,39.3,6.3,Clear,N
2024-08-03,Nagpur,22.7,C,83,97.2,3.7,8.3,Thunderstorm,yes
04-08-2024,Nagpur,75.5,,98,1.4,35.7,4.8,Sunny,N
2024-08-05,Nagpur,16.0,C,31,1.6,10.2,11.2,CLEAR,N
06-08-2024,Nagpur,15.1,C,43,1.2,44.2,8.4,Cloudy,N
07-08-2024,Nagpur,61.2,F,53,0.6,42.7,11.5,Clear,N
08-08-2024,Nagpur,17.8,,66,1.4,44.3,6.6,Sunny,N
2024-08-09,Nagpur,60.1,F,65,5.1,35.1,8.8,Thunderstorm,
10-08-2024,Nagpur,15.4,,30,0.2,3.9,6.6,Sunny,N
2024-08-11,Nagpur,20.4,C,46,1.6,27.2,5.1,CLEAR,N
12-08-2024,Nagpur,20.2,C,61,24.6,6.7,4.7,Rain,N
13-08-2024,Nagpur,16.3,C,71,15.5,5.1,6.3,Heavy Rain,N
2024-08-14,Nagpur,17.6,,88,16.5,25.3,5.9,Rain,yes
2024-08-15,Nagpur,17.1,C,71,0.6,20.8,6.6,Cloudy,N
16-08-2024,Nagpur,20.2,C,58,1.9,29.0,12.0,Clear,N
2024-08-17,Nagpur,unknown,C,79,1.5,43.0,8.6,Clear,N
2024-08-18,Nagpur,15.7,,86,63.4,10.9,4.4,Thunderstorm,N
20-08-2024,Nagpur,12.7,C,34,0.1,19.3,8.0,Cloudy,N
21-08-2024,Nagpur,23.8,C,28,0.3,15.0,11.1,clear,N
22-08-2024,Nagpur,15.3,,41,1.6,44.1,10.1,Clear,N
2024-08-23,Nagpur,21.9,C,50,1.8,22.2,5.3,Clear,N
2024-08-24,Nagpur,22.6,C,58,47.2,6.6,8.2,Heavy Rain,N
2024-08-25,Nagpur,14.8,C,46,1.2,17.3,7.9,Cloudy,N
26-08-2024,Nagpur,15.1,,88,1.0,null,11.6,Cloudy,N
27-08-2024,Nagpur,16.8,,71,1.8,20.0,1.8,Fog,N
2024-08-28,Nagpur,62.1,,83,72.3,43.7,8.5,Rain,N
29-08-2024,Nagpur,15.4,C,47,21.7,38.9,8.6,rain,no
2024-08-30,Nagpur,56.0,F,54,0.8,18.3,8.6,Cloudy,N
31-08-2024,Nagpur,16.3,C,33,42.8,24.2,6.2,Thunderstorm,Y
01-09-2024,Nagpur,16.0,C,59,1.4,null,10.4,CLEAR,N
2024-09-02,Nagpur,22.7,,79,1.2,11.7,2.4,Fog,N
03-09-2024,Nagpur,15.1,C,57,0.9,4.6,9.6,Clear,N
2024-09-04,Nagpur,16.1,C,51,1.4,32.0,9.8,Clear,N
05-09-2024,Nagpur,13.2,C,91,57.3,12.0,5.6,Thunderstorm,N
2024-09-06,Nagpur,14.3,C,55,41.5,28.1,5.8,Rain,yes
07-09-2024,Nagpur,62.7,F,55,21.0,10.3,5.7,Heavy Rain,N
2024-09-08,Nagpur,18.7,C,98,1.3,-,6.0,Cloudy,N
2024-09-09,Nagpur,14.7,C,71,1.9,14.6,11.7,Clear,N
2024-09-10,Nagpur,15.0,C,N/A,0.7,16.9,9.7,Sunny,N
2024-09-11,Nagpur,14.1,C,80,0.6,21.5,10.1,Clear,N
2024-09-12,Nagpur,,C,80,0.5,5.8,5.7,Clear,N
13-09-2024,Nagpur,19.0,,30,0.1,4.0,6.4,Clear,N
2024-09-14,Nagpur,15.7,,53,41.0,8.0,4.3,rain,
15-09-2024,Nagpur,8.8,C,31,104.1,38.3,4.5,Rain,N
16-09-2024,Nagpur,13.6,C,92,12.9,41.4,4.5,Rain,N
17-09-2024,Nagpur,13.0,,50,1.5,20.1,10.0,Cloudy,N
18-09-2024,Nagpur,18.7,C,71,27.1,36.5,5.7,Rain,no
2024-09-19,Nagpur,16.9,C,44,25.1,40.8,8.4,Rain,N
2024-09-20,Nagpur,67.9,,53,0.7,30.7,10.9,Clear,N
21-09-2024,Nagpur,65.2,F,31,1.2,25.5,5.5,Cloudy,N
22-09-2024,Nagpur,59.3,F,93,0.3,27.0,9.1,Sunny,N
2024-09-23,Nagpur,13.6,C,34,117.4,15.7,4.1,Rain,yes
24-09-2024,Nagpur,-,C,57,74.2,44.1,7.1,Heavy Rain,yes
2024-09-25,Nagpur,19.0,,62,0.6,8.3,10.7,Clear,N
2024-09-26,Nagpur,15.6,C,94,0.1,18.8,2.6,Fog,N
27-09-2024,Nagpur,12.8,C,96,1.5,16.7,10.6,clear,N
2024-09-28,Nagpur,13.4,C,89,1.1,30.8,9.5,Sunny,N
2024-09-29,Nagpur,12.7,C,79,1.3,35.9,10.6,Sunny,N
30-09-2024,Nagpur,17.7,C,59,17.2,26.9,6.2,Thunderstorm,yes
2024-10-01,Nagpur,67.6,,77,0.9,25.6,7.3,Clear,N
02-10-2024,Nagpur,15.0,C,52,1.5,42.5,2.8,Fog,N
03-10-2024,Nagpur,18.3,,46,1.5,32.4,8.3,Cloudy,N
04-10-2024,Nagpur,17.9,C,34,29.5,26.6,11.2,Rain,yes
2024-10-05,Nagpur,14.6,C,55,58.3,17.7,10.1,Rain,no
06-10-2024,Nagpur,19.3,,47,67.2,13.1,6.7,Heavy Rain,Y
2024-10-07,Nagpur,12.1,C,91,0.9,7.8,10.0,clear,N
08-10-2024,Nagpur,63.6,F,69,41.6,15.8,8.6,Thunderstorm,no
09-10-2024,Nagpur,16.0,C,45,1.5,30.1,7.3,Cloudy,N
2024-10-10,Nagpur,23.0,C,97,1.4,37.4,12.0,Clear,N
2024-10-11,Nagpur,14.2,C,94,0.4,34.8,10.0,Clear,N
12-10-2024,Nagpur,15.0,C,73,78.5,34.1,5.2,Rain,N
13-10-2024,Nagpur,17.1,C,81,104.8,34.3,6.4,Rain,
2024-10-14,Nagpur,51.9,F,null,1.7,26.9,10.7,Clear,N
15-10-2024,Nagpur,65.4,F,45,1.4,25.3,5.8,Cloudy,N
16-10-2024,Nagpur,14.7,C,69,0.4,43.8,10.4,Clear,N
2024-10-17,Nagpur,11.7,C,72,0.6,35.5,10.0,Cloudy,N
2024-10-18,Nagpur,20.1,,48,0.3,27.8,7.6,Cloudy,N
2024-10-19,Nagpur,15.1,C,62,51.0,24.4,9.3,Heavy Rain,Y
20-10-2024,Nagpur,14.5,C,59,55.3,5.8,10.0,Heavy Rain,Y
2024-10-21,Nagpur,22.4,,95,1.3,16.0,9.9,Cloudy,N
22-10-2024,Nagpur,18.4,C,77,0.2,38.5,9.6,Clear,N
23-10-2024,Nagpur,61.3,F,58,0.4,35.5,11.9,Cloudy,N
2024-10-24,Nagpur,18.6,C,77,2.0,10.2,4.3,Cloudy,N
25-10-2024,Nagpur,15.0,C,78,43.5,31.2,4.3,Rain,Y
2024-10-26,Nagpur,14.6,,75,0.8,4.2,5.1,Clear,N
2024-10-27,Nagpur,14.9,C,67,0.7,6.0,1.7,Fog,N
2024-10-28,Nagpur,17.1,C,53,0.6,31.2,11.6,Cloudy,N
29-10-2024,Nagpur,11.9,C,31,25.4,null,5.9,Rain,
30-10-2024,Nagpur,18.7,C,95,18.6,27.3,5.9,Heavy Rain,yes
31-10-2024,Nagpur,18.6,C,86,0.4,9.7,11.1,Cloudy,N
01-11-2024,Nagpur,16.1,,93,0.9,5.0,5.1,Clear,N
2024-11-02,Nagpur,13.9,C,72,0.7,17.4,9.6,CLEAR,N
2024-11-03,Nagpur,15.4,C,62,42.0,5.0,7.8,Rain,no
2024-11-04,Nagpur,55.1,F,83,62.5,36.2,11.5,rain,yes
2024-11-05,Nagpur,11.5,C,36,1.9,28.8,5.9,Cloudy,N
2024-11-06,Nagpur,15.1,C,31,1.3,38.0,8.2,clear,N
2024-11-07,Nagpur,20.2,,53,2.0,39.5,11.3,Clear,N
2024-11-08,Nagpur,17.3,,40,63.1,28.2,10.7,Rain,N
09-11-2024,Nagpur,64.0,F,44,39.8,31.6,7.5,Thunderstorm,no
2024-11-10,Nagpur,13.6,C,80,1.6,30.2,10.3,clear,N
2024-11-11,Nagpur,13.0,C,57,0.1,15.7,7.8,clear,N
12-11-2024,Nagpur,19.9,C,44,70.9,19.4,11.0,Rain,Y
13-11-2024,Nagpur,14.0,,63,0.3,42.9,10.5,clear,N
2024-11-14,Nagpur,19.9,C,  ,25.4,4.0,9.8,Rain,Y
15-11-2024,Nagpur,13.0,C,31,0.1,41.4,6.8,Clear,N
2024-11-16,Nagpur,22.3,,73,0.3,19.1,9.7,Sunny,N
17-11-2024,Nagpur,21.1,,-,1.7,15.1,0.7,Fog,N
2024-11-18,Nagpur,16.4,C,32,1.9,2.0,5.8,clear,N
19-11-2024,Nagpur,22.0,C,97,1.3,43.7,8.8,Clear,N
2024-11-20,Nagpur,23.3,,79,0.0,38.7,11.1,Cloudy,N
2024-11-21,Nagpur,20.0,C,31,0.2,24.0,10.0,Sunny,N
2024-11-22,Nagpur,64.9,F,48,67.5,19.4,9.1,rain,N
2024-11-23,Nagpur,18.2,C,95,36.9,41.1,5.4,rain,N
2024-11-24,Nagpur,22.1,C,98,1.9,6.7,4.7,Cloudy,N
25-11-2024,Nagpur,62.4,F,80,0.1,36.0,8.9,Cloudy,N
26-11-2024,Nagpur,20.9,,43,0.5,2.7,6.8,Sunny,N
2024-11-28,Nagpur,21.9,C,68,43.7,42.1,7.2,Heavy Rain,N
2024-11-29,Nagpur,22.1,,86,0.5,35.8,11.4,Cloudy,N
30-11-2024,Nagpur,21.8,C,35,1.3,24.0,9.7,Clear,N
2024-12-01,Nagpur,19.8,C,unknown,0.0,34.5,2.0,Fog,N
02-12-2024,Nagpur,55.3,F,34,1.4,44.6,7.9,CLEAR,N
03-12-2024,Nagpur,22.1,C,NA,0.6,12.0,8.8,clear,N
2024-12-04,Nagpur,16.8,C,55,1.3,9.5,9.8,Clear,N
2024-12-05,Nagpur,20.8,C,55,1.5,4.6,10.2,Sunny,N
06-12-2024,Nagpur,23.5,C,72,0.6,12.3,5.9,Sunny,N
07-12-2024,Nagpur,73.3,F,94,82.0,  ,6.3,Thunderstorm,
08-12-2024,Nagpur,69.4,F,82,0.8,5.7,2.1,Fog,N
2024-12-09,Nagpur,20.4,C,78,1.5,40.8,5.0,Cloudy,N
2024-12-10,Nagpur,27.3,C,74,0.3,29.8,9.4,Cloudy,N
11-12-2024,Nagpur,21.0,C,81,36.3,35.8,11.7,Rain,no
2024-12-12,Nagpur,-,,53,0.8,6.6,9.6,Cloudy,N
2024-12-13,Nagpur,22.1,C,64,1.9,33.0,11.1,Clear,N
2024-12-14,Nagpur,26.2,,unknown,108.2,21.2,5.7,Thunderstorm,N
2024-12-15,Nagpur,22.8,,61,2.0,6.8,10.0,Cloudy,N
16-12-2024,Nagpur,25.7,C,98,46.3,12.6,10.3,Thunderstorm,yes
2024-12-17,Nagpur,21.6,C,96,1.1,17.2,8.8,CLEAR,N
18-12-2024,Nagpur,20.4,C,86,1.7,15.8,9.7,Clear,N
2024-12-19,Nagpur,21.3,,33,1.8,29.4,11.5,CLEAR,N
2024-12-20,Nagpur,,C,34,1.5,31.2,8.4,Cloudy,N
2024-12-21,Nagpur,24.9,C,40,1.8,19.7,4.7,Clear,N
22-12-2024,Nagpur,16.7,,32,1.3,37.2,6.3,Clear,N
2024-12-23,Nagpur,23.9,C,37,0.8,18.4,4.5,Cloudy,N
2024-12-24,Nagpur,18.4,C,46,1.3,4.6,7.4,Sunny,N
25-12-2024,Nagpur,19.2,C,51,1.1,14.4,9.1,Cloudy,N
2024-12-26,Nagpur,26.0,C,74,1.4,18.4,11.6,Clear,N
2024-12-28,Nagpur,74.8,F,64,1.5,37.0,10.7,Clear,N
29-12-2024,Nagpur,17.0,,85,1.5,19.7,4.4,Clear,N
2024-12-30,Nagpur,25.5,C,86,0.8,36.1,9.2,Clear,N
2024-12-31,Nagpur,23.1,C,86,1.7,18.1,7.1,Clear,N
2025-01-01,Nagpur,78.7,,52,0.6,35.0,9.8,Cloudy,N
2025-01-02,Nagpur,20.2,C,69,1.3,7.1,4.7,Clear,N
2025-01-03,Nagpur,25.2,C,96,0.4,33.0,8.4,Sunny,N
2025-01-04,Nagpur,22.1,,52,12.4,8.5,8.1,Heavy Rain,N
2025-01-05,Nagpur,27.9,C,35,1.1,39.7,10.4,Sunny,N
2025-01-06,Nagpur,29.4,C,77,0.7,8.2,8.5,Clear,N
07-01-2025,Nagpur,28.1,C,36,1.8,11.3,6.7,Cloudy,N
2025-01-08,Nagpur,23.4,C,91,34.9,14.4,10.7,Rain,N
09-01-2025,Nagpur,27.4,C,85,15.4,34.5,11.9,Rain,N
2025-01-10,Nagpur,25.4,C,-,77.0,-,9.9,Rain,N
2025-01-11,Nagpur,19.2,,28,1.7,27.5,5.3,Sunny,N
12-01-2025,Nagpur,21.5,C,34,0.9,33.7,5.2,Cloudy,N
13-01-2025,Nagpur,72.3,,90,1.6,31.6,5.5,Clear,N
2025-01-14,Nagpur,30.9,C,86,96.8,15.6,10.4,Rain,N
2025-01-15,Nagpur,28.7,,73,0.6,28.3,10.8,Clear,N
16-01-2025,Nagpur,80.4,F,43,0.5,35.2,9.8,Sunny,N
17-01-2025,Nagpur,28.9,C,72,1.7,unknown,6.5,Cloudy,N
18-01-2025,Nagpur,25.2,C,52,100.2,40.3,7.1,Thunderstorm,N
2025-01-19,Nagpur,23.7,C,46,0.9,27.4,8.1,Cloudy,N
2025-01-20,Nagpur,26.3,C,74,0.5,8.9,11.1,Clear,N
21-01-2025,Nagpur,27.2,C,86,24.2,28.4,5.2,rain,Y
2025-01-22,Nagpur,-,,88,0.6,24.1,9.6,Cloudy,N
23-01-2025,Nagpur,24.0,C,55,1.4,14.4,6.0,Clear,N
24-01-2025,Nagpur,29.1,C,40,1.7,11.1,6.8,Cloudy,N
2025-01-25,Nagpur,25.3,C,51,1.7,17.8,11.3,Cloudy,N
2025-01-26,Nagpur,27.4,,34,0.1,10.8,11.2,Cloudy,N
2025-01-27,Nagpur,25.8,,59,1.1,44.3,6.2,Clear,N
2025-01-28,Nagpur,26.7,,35,78.0,24.2,6.2,Rain,N
29-01-2025,Nagpur,29.3,C,74,7.5,12.0,11.9,Thunderstorm,no
2025-01-30,Nagpur,28.5,C,47,1.2,10.9,8.3,Cloudy,N
31-01-2025,Nagpur,34.8,C,66,8.7,13.7,5.8,Rain,N
01-02-2025,Nagpur,31.3,C,79,1.6,34.4,9.9,Cloudy,N
02-02-2025,Nagpur,23.2,C,36,1.0,10.3,7.4,Clear,N
03-02-2025,Nagpur,82.4,F,86,24.7,17.6,5.1,Heavy Rain,N
2025-02-04,Nagpur,27.6,,29,0.9,17.9,9.4,Cloudy,N
2025-02-05,Nagpur,31.3,,41,0.7,21.0,6.9,CLEAR,N
2025-02-06,Nagpur,25.4,C,52,57.6,6.4,8.8,Heavy Rain,N
07-02-2025,Nagpur,28.5,C,48,0.3,34.9,6.3,Clear,N
08-02-2025,Nagpur,24.3,C,81,20.0,6.0,4.6,Heavy Rain,no
2025-02-09,Nagpur,28.0,C,86,1.9,25.5,6.1,Sunny,N
10-02-2025,Nagpur,33.8,C,46,79.6,2.2,5.3,Rain,N
11-02-2025,Nagpur,30.6,C,79,16.3,41.2,6.5,Rain,yes
12-02-2025,Nagpur,22.9,C,32,1.2,5.4,8.1,Clear,N
2025-02-13,Nagpur,31.7,C,59,11.5,3.5,8.1,Rain,Y
14-02-2025,Nagpur,79.4,F,65,1.3,30.3,8.8,Cloudy,N
2025-02-15,Nagpur,30.9,C,94,1.2,30.7,7.8,Sunny,N
16-02-2025,Nagpur,25.0,C,76,0.8,13.6,7.4,Cloudy,N
2025-02-17,Nagpur,30.6,,-,1.9,17.8,9.1,Clear,N
18-02-2025,Nagpur,28.5,C,75,33.4,4.4,11.1,Rain,
19-02-2025,Nagpur,28.0,C,93,1.6,2.9,4.1,Cloudy,N
20-02-2025,Nagpur,33.2,C,83,1.4,39.4,5.3,Clear,N
2025-02-22,Nagpur,89.3,F,71,1.9,38.1,1.6,Fog,N
2025-02-23,Nagpur,33.3,C,null,0.9,39.8,9.8,clear,N
2025-02-24,Nagpur,28.4,,94,1.5,34.4,6.8,clear,N
25-02-2025,Nagpur,28.2,,58,1.8,24.8,6.0,clear,N
26-02-2025,Nagpur,30.0,C,59,0.6,14.0,6.5,Clear,N
2025-02-27,Nagpur,86.6,F,73,55.0,29.0,11.1,Rain,N
2025-02-28,Nagpur,31.1,C,84,94.4,30.5,11.7,Rain,N
2025-03-01,Nagpur,27.4,,39,1.3,4.1,5.5,Sunny,N
2025-03-02,Nagpur,25.9,,83,1.4,unknown,7.4,Clear,N
2025-03-03,Nagpur,30.3,,-,98.0,33.5,10.0,Thunderstorm,
2025-03-04,Nagpur,92.6,F,85,1.4,null,4.5,Clear,N
05-03-2025,Nagpur,31.8,,72,2.0,18.8,8.7,Clear,N
2025-03-06,Nagpur,85.2,,45,1.9,3.7,7.5,Clear,N
07-03-2025,Nagpur,32.6,C,87,1.2,33.6,8.0,Sunny,N
08-03-2025,Nagpur,29.6,C,67,0.1,40.9,4.3,clear,N
09-03-2025,Nagpur,27.3,C,unknown,38.6,39.5,5.4,rain,N
2025-03-10,Nagpur,29.5,C,75,103.9,33.7,7.4,Rain,
11-03-2025,Nagpur,27.9,C,98,0.4,44.8,8.0,Cloudy,N
2025-03-12,Nagpur,NA,F,69,20.3,32.4,8.2,Rain,yes
2025-03-13,Nagpur,34.5,C,29,0.4,32.7,10.2,Cloudy,N
14-03-2025,Nagpur,27.0,C,44,96.5,15.7,5.9,Heavy Rain,Y
15-03-2025,Nagpur,28.7,C,69,0.8,38.5,2.0,Fog,N
2025-03-16,Nagpur,29.3,C,81,111.2,35.4,11.4,Thunderstorm,yes
17-03-2025,Nagpur,27.8,C,84,0.4,25.6,10.0,Cloudy,N
18-03-2025,Nagpur,92.3,,44,1.9,27.1,1.6,Fog,N
2025-03-19,Nagpur,35.1,,92,0.1,13.2,11.9,Clear,N
20-03-2025,Nagpur,30.2,,46,1.0,17.1,6.2,Cloudy,N
21-03-2025,Nagpur,32.2,C,71,105.8,2.3,8.0,Heavy Rain,no
2025-03-22,Nagpur,36.3,C,36,41.2,10.0,6.6,Heavy Rain,N
23-03-2025,Nagpur,31.4,C,82,1.1,10.0,7.8,Sunny,N
2025-03-24,Nagpur,28.3,,94,1.3,24.1,11.7,Sunny,N
25-03-2025,Nagpur,31.6,C,88,65.6,2.8,9.5,Rain,yes
2025-03-26,Nagpur,26.2,C,42,2.0,26.9,10.9,Cloudy,N
27-03-2025,Nagpur,87.1,F,56,64.7,43.5,7.9,Rain,N
28-03-2025,Nagpur,29.0,C,68,1.1,35.3,10.5,Clear,N
29-03-2025,Nagpur,26.4,,70,0.5,35.3,9.9,Cloudy,N
30-03-2025,Nagpur,34.8,C,39,0.8,13.2,11.3,Clear,N
2025-03-31,Nagpur,37.6,C,null,2.0,41.6,9.2,Clear,N
2025-04-01,Nagpur,85.3,,67,0.4,11.7,8.0,Cloudy,N
2025-04-02,Nagpur,29.0,C,74,1.7,12.6,10.1,Clear,N
03-04-2025,Nagpur,32.3,C,95,1.1,10.1,6.9,Clear,N
2025-04-04,Nagpur,29.8,,77,1.7,25.8,7.0,Clear,N
2025-04-05,Nagpur,33.9,,36,65.6,4.0,9.0,Rain,no
06-04-2025,Nagpur,27.6,C,32,0.4,37.8,4.2,Clear,N
07-04-2025,Nagpur,31.9,C,37,0.3,26.4,7.2,Sunny,N
08-04-2025,Nagpur,31.5,C,87,1.6,5.9,4.2,Cloudy,N
09-04-2025,Nagpur,30.5,C,95,47.9,32.3,7.0,Heavy Rain,no
10-04-2025,Nagpur,92.3,F,58,115.6,5.5,6.5,rain,yes
11-04-2025,Nagpur,25.1,C,52,1.5,42.1,6.9,Cloudy,N
12-04-2025,Nagpur,89.9,F,54,71.4,36.0,10.2,Heavy Rain,N
13-04-2025,Nagpur,38.4,C,98,0.5,33.6,7.0,Sunny,N
14-04-2025,Nagpur,31.3,,52,1.3,2.1,8.2,Sunny,N
2025-04-15,Nagpur,28.6,,98,46.2,15.0,6.4,Rain,
16-04-2025,Nagpur,36.0,C,33,1.9,14.1,11.2,Cloudy,N
2025-04-17,Nagpur,33.9,C,32,13.6,25.1,5.7,Rain,no
2025-04-18,Nagpur,90.0,F,65,0.6,13.7,5.5,Clear,N
2025-04-19,Nagpur,76.2,F,68,58.8,30.6,9.7,Rain,N
2025-04-20,Nagpur,27.5,,90,0.1,29.9,4.1,CLEAR,N
2025-04-21,Nagpur,80.4,F,43,0.5,11.1,2.1,Fog,N
2025-04-22,Nagpur,31.4,C,52,1.8,27.9,8.8,Cloudy,N
23-04-2025,Nagpur,33.4,C,33,2.0,31.6,6.4,Cloudy,N
2025-04-24,Nagpur,32.6,C,81,44.9,6.2,9.8,Rain,N
2025-04-25,Nagpur,32.3,C,89,1.5,28.6,7.2,Clear,N
26-04-2025,Nagpur,28.0,C,84,0.6,13.3,5.0,Sunny,N
27-04-2025,Nagpur,34.0,C,94,1.9,7.3,7.2,CLEAR,N
2025-04-28,Nagpur,32.8,C,73,1.5,10.1,8.3,CLEAR,N
29-04-2025,Nagpur,-,C,51,1.5,44.5,4.6,Clear,N
2025-04-30,Nagpur,26.9,,97,117.5,27.5,9.2,rain,N
01-05-2025,Nagpur,29.9,,48,34.1,22.4,7.6,Thunderstorm,yes
02-05-2025,Nagpur,27.0,C,62,1.3,N/A,9.9,Cloudy,N
03-05-2025,Nagpur,33.6,,81,0.3,40.9,9.6,Clear,N
04-05-2025,Nagpur,85.9,F,-,0.9,16.2,5.0,Sunny,N
05-05-2025,Nagpur,27.4,C,29,1.0,9.3,7.1,Cloudy,N
06-05-2025,Nagpur,32.2,C,73,0.5,8.7,11.0,Cloudy,N
07-05-2025,Nagpur,33.8,C,63,0.4,8.3,4.5,Cloudy,N
08-05-2025,Nagpur,29.4,C,78,1.7,21.7,9.9,Clear,N
2025-05-09,Nagpur,31.0,C,41,0.3,38.1,2.5,Fog,N
2025-05-10,Nagpur,31.6,C,45,1.7,19.2,6.4,clear,N
2025-05-11,Nagpur,27.7,C,84,64.1,3.2,9.8,Rain,N
12-05-2025,Nagpur,30.1,C,71,1.8,2.3,6.6,Cloudy,N
13-05-2025,Nagpur,28.6,C,51,0.3,36.3,8.3,Clear,N
14-05-2025,Nagpur,29.3,C,86,1.0,30.9,11.5,Cloudy,N
15-05-2025,Nagpur,93.8,,83,8.2,6.5,7.2,Thunderstorm,yes
16-05-2025,Nagpur,-,C,83,103.0,42.9,9.6,rain,yes
2025-05-17,Nagpur,28.0,C,62,0.7,42.3,5.9,Sunny,N
18-05-2025,Nagpur,29.9,C,30,72.7,37.4,11.9,Heavy Rain,N
19-05-2025,Nagpur,28.2,C,88,101.6,10.4,11.5,Heavy Rain,
20-05-2025,Nagpur,32.6,C,73,1.4,13.5,6.3,Clear,N
2025-05-21,Nagpur,33.7,C,41,0.7,3.3,7.9,Cloudy,N
22-05-2025,Nagpur,32.0,C,82,2.0,3.7,7.1,Cloudy,N
23-05-2025,Nagpur,92.9,F,38,23.1,44.0,10.5,Rain,N
24-05-2025,Nagpur,26.8,,93,1.6,22.0,8.4,CLEAR,N
2025-05-25,Nagpur,30.8,C,93,62.3,8.7,8.0,rain,Y
2025-05-26,Nagpur,26.5,C,32,0.7,6.9,8.2,Clear,N
2025-05-27,Nagpur,26.4,C,40,1.0,35.0,8.1,Clear,N
28-05-2025,Nagpur,29.6,C,64,0.1,39.9,7.5,Cloudy,N
2025-05-29,Nagpur,26.5,C,42,37.2,32.8,8.8,rain,Y
2025-05-30,Nagpur,32.3,C,96,0.1,32.2,7.6,CLEAR,N
2025-05-31,Nagpur,30.5,,84,0.3,39.0,7.5,Clear,N
01-06-2025,Nagpur,24.9,C,94,1.6,19.8,4.1,clear,N
2025-06-02,Nagpur,32.4,C,94,2.0,9.0,7.0,Cloudy,N
03-06-2025,Nagpur,28.7,C,51,1.8,15.7,7.4,Sunny,N
04-06-2025,Nagpur,27.3,C,64,1.2,31.0,11.1,Cloudy,N
05-06-2025,Nagpur,23.4,,30,1.3,38.9,7.0,Clear,N
2025-06-06,Nagpur,31.9,C,55,78.7,19.5,4.1,Rain,yes
07-06-2025,Nagpur,27.5,C,88,0.8,31.4,1.8,Fog,N
2025-06-08,Nagpur,83.0,F,98,1.1,11.6,6.8,CLEAR,N
2025-06-09,Nagpur,28.8,C,43,0.8,11.5,9.5,Clear,N
2025-06-10,Nagpur,23.7,,50,1.7,18.3,10.3,Cloudy,N
11-06-2025,Nagpur,25.7,,67,0.6,3.6,7.0,Clear,N
2025-06-12,Nagpur,20.5,,55,1.7,44.4,11.6,Clear,N
13-06-2025,Nagpur,19.5,C,34,109.7,40.2,9.9,Rain,
2025-06-14,Nagpur,26.4,C,68,82.3,2.8,8.6,Rain,no
2025-06-15,Nagpur,26.6,C,,72.5,26.3,6.7,Rain,yes
2025-06-16,Nagpur,26.3,C,96,1.3,25.8,5.4,Cloudy,N
17-06-2025,Nagpur,24.8,C,31,29.1,18.9,5.3,Thunderstorm,N
2025-06-18,Nagpur,81.7,F,61,21.7,25.0,6.9,Rain,N
19-06-2025,Nagpur,29.9,,88,0.1,3.1,10.4,Sunny,N
20-06-2025,Nagpur,25.4,C,41,1.6,10.7,6.4,Cloudy,N
2025-06-21,Nagpur,22.9,C,33,1.4,22.0,11.2,Clear,N
22-06-2025,Nagpur,26.6,C,84,0.8,16.5,8.8,Clear,N
2025-06-23,Nagpur,19.0,,69,1.1,8.4,5.1,Cloudy,N
2025-06-24,Nagpur,26.3,C,65,1.6,24.8,9.7,clear,N
2025-06-25,Nagpur,28.1,C,83,1.4,27.4,6.1,Sunny,N
2025-06-26,Nagpur,26.3,,44,0.8,33.1,4.5,Sunny,N
28-06-2025,Nagpur,20.5,C,54,59.3,2.8,5.0,Heavy Rain,Y
29-06-2025,Nagpur,21.2,C,42,1.0,5.8,7.1,Sunny,N
2025-06-30,Nagpur,25.6,C,85,1.4,12.4,6.3,Cloudy,N
2025-07-01,Nagpur,24.0,C,NA,1.3,10.2,8.8,Sunny,N
01-01-2024,Visakhapatnam,21.9,C,NA,0.3,36.1,7.1,Clear,N
2024-01-02,Visakhapatnam,66.7,,84,1.8,13.4,4.7,Clear,N
03-01-2024,Visakhapatnam,30.1,C,45,0.2,23.8,8.2,Clear,N
04-01-2024,Visakhapatnam,68.9,F,87,0.9,19.1,4.5,Cloudy,N
05-01-2024,Visakhapatnam,23.1,,74,0.1,23.1,7.9,Sunny,N
06-01-2024,Visakhapatnam,25.0,C,65,0.1,29.4,4.1,Sunny,N
2024-01-07,Visakhapatnam,24.2,C,86,107.7,31.2,10.8,Rain,yes
08-01-2024,Visakhapatnam,26.4,C,35,1.5,30.0,6.7,Clear,N
09-01-2024,Visakhapatnam,22.8,C,74,0.2,14.6,8.1,clear,N
10-01-2024,Visakhapatnam,75.0,,85,0.6,39.5,2.7,Fog,N
2024-01-11,Visakhapatnam,26.3,C,90,30.8,32.5,7.2,Thunderstorm,yes
2024-01-12,Visakhapatnam,17.8,,56,77.5,35.3,8.0,Rain,N
2024-01-13,Visakhapatnam,25.7,C,50,0.1,15.7,4.3,Clear,N
2024-01-14,Visakhapatnam,29.2,C,86,1.0,2.1,6.4,Sunny,N
2024-01-15,Visakhapatnam,19.9,C,92,0.4,null,0.6,Fog,N
16-01-2024,Visakhapatnam,27.1,,36,92.0,39.8,11.7,Rain,N
17-01-2024,Visakhapatnam,86.9,F,95,0.1,11.5,4.2,Clear,N
2024-01-18,Visakhapatnam,27.4,C,-,0.9,4.9,10.1,Cloudy,N
19-01-2024,Visakhapatnam,85.0,F,91,55.5,20.5,11.1,Thunderstorm,Y
20-01-2024,Visakhapatnam,23.7,C,58,1.1,29.2,8.8,Clear,N
2024-01-21,Visakhapatnam,25.4,C,37,1.6,8.3,8.4,Clear,N
22-01-2024,Visakhapatnam,28.2,C,63,0.2,19.2,5.9,Sunny,N
2024-01-23,Visakhapatnam,23.5,C,40,1.5,17.0,11.3,Clear,N
2024-01-24,Visakhapatnam,28.7,C,86,1.9,20.6,10.4,Cloudy,N
2024-01-25,Visakhapatnam,27.7,,63,1.0,-,6.2,CLEAR,N
26-01-2024,Visakhapatnam,29.4,C,84,0.5,8.9,10.0,Clear,N
2024-01-28,Visakhapatnam,78.5,F,unknown,1.9,15.5,9.1,Clear,N
29-01-2024,Visakhapatnam,72.2,F,34,1.7,6.1,7.6,Sunny,N
2024-01-30,Visakhapatnam,30.1,,57,0.8,44.3,9.6,CLEAR,N
2024-01-31,Visakhapatnam,25.4,C,86,0.9,4.1,5.5,clear,N
01-02-2024,Visakhapatnam,24.0,C,91,0.8,32.3,8.7,Sunny,N
02-02-2024,Visakhapatnam,31.5,,45,41.4,25.9,7.8,Rain,yes
03-02-2024,Visakhapatnam,30.1,C,37,106.2,8.2,5.0,Rain,N
04-02-2024,Visakhapatnam,25.8,C,35,0.1,18.0,5.9,clear,N
05-02-2024,Visakhapatnam,27.3,C,87,20.9,24.2,8.2,Heavy Rain,
06-02-2024,Visakhapatnam,28.3,,55,103.1,43.4,6.9,Rain,no
2024-02-07,Visakhapatnam,32.3,C,41,15.1,27.2,5.4,Thunderstorm,N
08-02-2024,Visakhapatnam,27.9,C,50,0.2,26.3,4.5,Clear,N
2024-02-09,Visakhapatnam,28.9,C,unknown,1.4,27.0,9.9,Cloudy,N
2024-02-10,Visakhapatnam,29.1,C,34,77.7,2.2,5.1,Thunderstorm,yes
11-02-2024,Visakhapatnam,30.6,,72,1.6,34.9,6.7,Clear,N
12-02-2024,Visakhapatnam,78.3,F,73,50.3,36.8,4.6,Rain,Y
13-02-2024,Visakhapatnam,33.2,C,33,1.4,26.7,8.2,Clear,N
2024-02-14,Visakhapatnam,29.3,C,66,0.4,15.0,11.4,Cloudy,N
2024-02-15,Visakhapatnam,28.3,C,29,1.8,14.3,4.7,Clear,N
2024-02-16,Visakhapatnam,33.5,,53,0.7,12.5,10.8,clear,N
17-02-2024,Visakhapatnam,36.5,,60,0.6,6.8,11.3,Clear,N
2024-02-18,Visakhapatnam,31.3,C,93,1.9,,5.1,clear,N
2024-02-19,Visakhapatnam,32.1,C,41,42.8,38.1,7.2,Thunderstorm,Y
2024-02-20,Visakhapatnam,28.3,C,34,0.7,15.8,11.3,clear,N
2024-02-21,Visakhapatnam,25.7,C,96,1.9,25.5,6.2,Clear,N
2024-02-22,Visakhapatnam,30.0,C,28,0.3,5.3,8.6,Cloudy,N
2024-02-23,Visakhapatnam,26.7,C,86,32.2,12.2,5.0,Thunderstorm,yes
2024-02-24,Visakhapatnam,86.1,F,43,1.9,19.4,9.8,CLEAR,N
25-02-2024,Visakhapatnam,29.6,C,71,56.6,11.3,9.4,Heavy Rain,N
26-02-2024,Visakhapatnam,36.8,C,,0.9,26.1,8.3,Clear,N
2024-02-27,Visakhapatnam,27.6,,58,1.4,5.6,7.8,clear,N
28-02-2024,Visakhapatnam,88.6,F,53,1.3,16.9,8.8,Clear,N
29-02-2024,Visakhapatnam,30.4,C,51,48.0,23.0,9.5,Rain,yes
2024-03-01,Visakhapatnam,28.6,C,49,113.8,17.7,7.4,Thunderstorm,no
02-03-2024,Visakhapatnam,unknown,C,58,1.3,43.0,5.5,CLEAR,N
03-03-2024,Visakhapatnam,31.3,C,60,75.8,15.8,11.7,Rain,N
2024-03-04,Visakhapatnam,37.0,C,95,0.6,15.3,11.3,Clear,N
05-03-2024,Visakhapatnam,31.2,C,67,13.1,35.0,10.2,Rain,
2024-03-06,Visakhapatnam,26.8,,97,0.7,15.5,2.3,Fog,N
07-03-2024,Visakhapatnam,30.5,,50,1.1,22.7,5.3,Clear,N
08-03-2024,Visakhapatnam,35.0,C,75,0.4,13.2,6.6,Cloudy,N
2024-03-10,Visakhapatnam,34.9,,49,1.7,44.6,7.1,clear,N
11-03-2024,Visakhapatnam,31.6,C,28,75.9,10.6,7.7,Rain,
12-03-2024,Visakhapatnam,25.0,C,89,70.3,31.3,7.4,Thunderstorm,yes
2024-03-13,Visakhapatnam,87.9,F,81,1.2,24.1,1.7,Fog,N
14-03-2024,Visakhapatnam,87.5,,95,1.1,19.7,0.4,Fog,N
2024-03-15,Visakhapatnam,30.9,C,37,1.3,38.5,9.1,Sunny,N
2024-03-16,Visakhapatnam,30.7,C,70,1.3,7.5,6.5,Cloudy,N
17-03-2024,Visakhapatnam,28.9,C,93,53.7,38.6,7.0,Thunderstorm,N
2024-03-18,Visakhapatnam,30.2,,60,53.5,33.7,7.7,Rain,N
2024-03-19,Visakhapatnam,30.5,C,54,0.7,6.9,7.0,Clear,N
2024-03-20,Visakhapatnam,28.3,C,29,1.9,13.9,6.2,Clear,N
21-03-2024,Visakhapatnam,34.1,,34,28.0,43.7,7.2,Rain,N
2024-03-22,Visakhapatnam,33.9,C,66,1.8,N/A,4.1,Cloudy,N
2024-03-23,Visakhapatnam,34.5,C,61,1.8,13.9,4.1,CLEAR,N
24-03-2024,Visakhapatnam,31.9,C,96,0.3,22.3,7.1,Cloudy,N
25-03-2024,Visakhapatnam,34.9,C,32,0.9,12.6,2.7,Fog,N
2024-03-26,Visakhapatnam,31.2,C,55,0.6,35.6,6.5,Cloudy,N
27-03-2024,Visakhapatnam,31.2,C,53,1.1,35.4,7.2,Clear,N
28-03-2024,Visakhapatnam,27.2,C,33,54.3,2.7,9.3,Rain,N
29-03-2024,Visakhapatnam,35.4,C,90,0.9,19.4,7.0,Clear,N
2024-03-30,Visakhapatnam,34.2,C,  ,96.7,31.5,4.2,Heavy Rain,no
31-03-2024,Visakhapatnam,33.9,,64,0.4,10.4,5.0,CLEAR,N
01-04-2024,Visakhapatnam,89.2,F,88,1.9,21.9,4.5,Cloudy,N
2024-04-02,Visakhapatnam,91.1,F,42,1.6,4.1,5.2,Clear,N
2024-04-03,Visakhapatnam,84.7,,50,1.4,17.5,10.4,Cloudy,N
04-04-2024,Visakhapatnam,30.6,C,80,53.2,21.0,4.7,Rain,N
05-04-2024,Visakhapatnam,33.1,C,44,1.2,26.8,1.1,Fog,N
06-04-2024,Visakhapatnam,35.1,C,35,1.0,31.9,9.6,Sunny,N
07-04-2024,Visakhapatnam,89.3,,52,0.6,22.7,6.3,CLEAR,N
08-04-2024,Visakhapatnam,32.6,C,34,26.1,44.1,8.7,rain,yes
2024-04-09,Visakhapatnam,28.7,C,38,0.4,29.5,5.2,Sunny,N
2024-04-11,Visakhapatnam,34.1,C,95,1.2,15.2,1.7,Fog,N
2024-04-12,Visakhapatnam,33.8,C,92,0.4,24.8,2.5,Fog,N
13-04-2024,Visakhapatnam,32.8,C,93,1.9,20.5,6.0,Sunny,N
14-04-2024,Visakhapatnam,33.3,C,52,0.8,29.6,9.8,Sunny,N
2024-04-15,Visakhapatnam,31.2,C,38,0.2,6.5,6.7,Cloudy,N
16-04-2024,Visakhapatnam,32.5,C,76,31.1,35.9,6.3,Rain,N
17-04-2024,Visakhapatnam,29.5,,31,0.3,8.2,9.0,clear,N
2024-04-18,Visakhapatnam,  ,C,31,1.8,37.6,1.5,Fog,N
2024-04-19,Visakhapatnam,NA,,64,32.9,44.7,8.8,Rain,no
20-04-2024,Visakhapatnam,26.1,C,73,1.0,9.4,4.0,Clear,N
21-04-2024,Visakhapatnam,31.7,C,97,1.1,29.5,5.5,clear,N
22-04-2024,Visakhapatnam,31.2,C,86,1.3,15.0,5.9,Clear,N
23-04-2024,Visakhapatnam,33.7,,83,89.3,40.4,11.4,Rain,no
24-04-2024,Visakhapatnam,26.8,C,66,1.4,27.1,11.6,Clear,N
2024-04-25,Visakhapatnam,34.1,C,34,1.7,15.8,4.0,Clear,N
26-04-2024,Visakhapatnam,31.6,C,44,50.7,8.3,6.7,rain,N
2024-04-27,Visakhapatnam,33.8,C,54,68.5,6.4,9.6,Heavy Rain,N
2024-04-28,Visakhapatnam,31.3,,92,0.5,38.8,6.3,Clear,N
29-04-2024,Visakhapatnam,81.0,,61,58.3,23.2,6.0,Heavy Rain,
30-04-2024,Visakhapatnam,33.3,C,69,0.1,6.1,4.7,Clear,N
01-05-2024,Visakhapatnam,32.2,,40,1.8,7.6,7.3,Cloudy,N
2024-05-02,Visakhapatnam,24.8,C,77,17.2,25.6,4.3,rain,no
03-05-2024,Visakhapatnam,29.9,C,84,0.5,22.8,11.4,Cloudy,N
04-05-2024,Visakhapatnam,33.2,,77,53.3,14.0,11.7,Rain,N
2024-05-05,Visakhapatnam,31.3,,75,0.2,7.1,5.2,Clear,N
2024-05-06,Visakhapatnam,32.9,C,34,0.4,17.6,10.8,Sunny,N
07-05-2024,Visakhapatnam,73.5,F,81,0.6,20.8,9.9,Cloudy,N
2024-05-08,Visakhapatnam,91.7,F,50,95.8,33.5,7.2,Rain,yes
09-05-2024,Visakhapatnam,94.1,F,72,1.3,26.3,6.0,Cloudy,N
10-05-2024,Visakhapatnam,87.7,F,84,1.6,35.8,0.4,Fog,N
2024-05-11,Visakhapatnam,32.0,C,38,0.3,36.6,4.6,Cloudy,N
2024-05-12,Visakhapatnam,89.3,F,73,83.2,34.6,10.4,Thunderstorm,Y
14-05-2024,Visakhapatnam,30.8,C,73,1.7,41.9,5.8,clear,N
15-05-2024,Visakhapatnam,25.5,C,66,1.1,10.7,0.5,Fog,N
2024-05-16,Visakhapatnam,25.1,C,80,0.0,7.2,4.7,Clear,N
17-05-2024,Visakhapatnam,29.0,,41,1.4,22.2,11.7,Clear,N
2024-05-18,Visakhapatnam,29.2,C,64,0.4,31.2,4.3,Cloudy,N
2024-05-19,Visakhapatnam,29.4,C,95,1.7,8.1,6.2,Cloudy,N
2024-05-20,Visakhapatnam,26.1,C,92,12.5,16.6,12.0,Thunderstorm,N
21-05-2024,Visakhapatnam,85.7,,40,0.8,9.5,11.2,Cloudy,N
22-05-2024,Visakhapatnam,32.8,C,94,71.2,18.0,10.7,Thunderstorm,
2024-05-23,Visakhapatnam,73.5,,77,0.8,6.0,9.6,Sunny,N
24-05-2024,Visakhapatnam,30.8,C,40,1.1,7.8,4.1,Clear,N
25-05-2024,Visakhapatnam,29.8,,88,0.7,9.0,6.8,Clear,N
26-05-2024,Visakhapatnam,24.7,C,30,1.0,28.5,4.3,Sunny,N
2024-05-27,Visakhapatnam,27.4,C,34,1.1,12.7,9.6,Clear,N
2024-05-28,Visakhapatnam,26.1,C,90,1.0,16.6,9.7,Cloudy,N
2024-05-30,Visakhapatnam,27.1,C,58,22.6,7.7,8.7,rain,
2024-05-31,Visakhapatnam,29.6,C,28,1.2,43.4,7.7,clear,N
2024-06-01,Visakhapatnam,86.2,F,30,0.6,15.6,10.1,Cloudy,N
02-06-2024,Visakhapatnam,null,C,76,0.6,44.5,7.6,Cloudy,N
03-06-2024,Visakhapatnam,83.3,F,61,49.9,13.6,5.1,rain,Y
2024-06-04,Visakhapatnam,29.0,C,40,0.8,42.5,7.2,Cloudy,N
05-06-2024,Visakhapatnam,31.0,C,57,0.3,16.2,5.7,Clear,N
2024-06-06,Visakhapatnam,26.9,C,-,1.1,29.3,10.6,clear,N
07-06-2024,Visakhapatnam,23.4,C,39,0.9,2.5,11.6,Clear,N
08-06-2024,Visakhapatnam,23.9,C,40,1.6,23.6,10.8,Sunny,N
09-06-2024,Visakhapatnam,74.8,F,87,0.3,42.6,11.7,Cloudy,N
10-06-2024,Visakhapatnam,31.9,C,78,1.9,26.5,8.3,Clear,N
2024-06-11,Visakhapatnam,25.9,C,89,101.9,41.9,11.5,Rain,no
2024-06-12,Visakhapatnam,23.2,C,34,1.9,43.9,4.4,Sunny,N
13-06-2024,Visakhapatnam,76.2,,44,0.3,2.3,5.2,Clear,N
2024-06-14,Visakhapatnam,23.0,C,65,1.4,2.1,6.6,Cloudy,N
15-06-2024,Visakhapatnam,21.5,C,72,101.2,3.8,10.4,rain,no
16-06-2024,Visakhapatnam,34.6,C,57,1.2,27.7,9.0,Clear,N
2024-06-17,Visakhapatnam,24.4,C,86,22.3,26.6,4.4,Rain,
2024-06-18,Visakhapatnam,22.3,C,74,0.3,39.3,10.9,Clear,N
19-06-2024,Visakhapatnam,26.9,C,34,1.7,30.6,11.9,Sunny,N
20-06-2024,Visakhapatnam,33.6,,89,119.8,29.7,5.9,Rain,N
2024-06-21,Visakhapatnam,79.2,F,69,1.0,26.1,11.5,Clear,N
2024-06-22,Visakhapatnam,23.2,C,57,0.2,27.9,5.7,clear,N
2024-06-23,Visakhapatnam,23.3,,61,0.2,19.9,7.5,Cloudy,N
2024-06-24,Visakhapatnam,27.2,C,75,1.3,36.4,9.5,Clear,N
2024-06-25,Visakhapatnam,28.6,C,53,112.4,7.3,6.5,Rain,no
26-06-2024,Visakhapatnam,27.4,,87,1.6,31.3,2.8,Fog,N
27-06-2024,Visakhapatnam,24.6,C,84,0.5,3.2,11.0,Cloudy,N
2024-06-28,Visakhapatnam,25.4,C,84,49.7,33.7,10.4,Heavy Rain,yes
29-06-2024,Visakhapatnam,20.7,C,71,1.5,24.1,7.2,Sunny,N
2024-06-30,Visakhapatnam,70.0,F,79,1.8,8.3,4.6,Cloudy,N
01-07-2024,Visakhapatnam,18.1,C,null,1.1,26.8,0.5,Fog,N
02-07-2024,Visakhapatnam,25.1,C,28,1.7,30.2,11.3,Clear,N
2024-07-03,Visakhapatnam,22.8,C,74,78.9,19.5,7.8,Rain,Y
04-07-2024,Visakhapatnam,24.3,C,94,1.3,44.1,10.5,Clear,N
2024-07-05,Visakhapatnam,24.2,C,93,0.7,17.7,0.4,Fog,N
2024-07-06,Visakhapatnam,79.3,F,62,0.4,17.4,10.1,Cloudy,N
07-07-2024,Visakhapatnam,25.2,C,33,0.9,11.5,6.8,Clear,N
2024-07-08,Visakhapatnam,29.6,C,33,17.5,42.8,11.1,rain,N
09-07-2024,Visakhapatnam,18.2,C,89,1.7,34.3,10.0,Clear,N
2024-07-10,Visakhapatnam,26.7,,71,0.2,2.9,4.6,Clear,N
11-07-2024,Visakhapatnam,18.3,,81,1.5,14.1,2.8,Fog,N
13-07-2024,Visakhapatnam,24.2,C,95,1.1,35.8,9.7,Clear,N
14-07-2024,Visakhapatnam,18.9,,51,69.0,30.8,10.6,Rain,N
15-07-2024,Visakhapatnam,19.0,C,73,0.5,8.8,9.3,Cloudy,N
16-07-2024,Visakhapatnam,  ,C,93,0.4,5.0,6.7,clear,N
2024-07-17,Visakhapatnam,26.6,C,97,0.0,29.7,10.6,Clear,N
18-07-2024,Visakhapatnam,76.8,,50,1.4,6.6,8.5,clear,N
2024-07-19,Visakhapatnam,21.0,C,unknown,0.5,41.6,9.9,Clear,N
20-07-2024,Visakhapatnam,24.3,C,79,1.4,5.8,9.8,Cloudy,N
2024-07-21,Visakhapatnam,27.0,C,null,0.6,35.9,2.9,Fog,N
2024-07-22,Visakhapatnam,18.1,C,75,0.3,10.8,4.0,Cloudy,N
23-07-2024,Visakhapatnam,23.2,,35,0.7,21.8,9.2,Cloudy,N
24-07-2024,Visakhapatnam,19.1,,61,18.4,43.4,7.4,rain,Y
2024-07-25,Visakhapatnam,16.6,C,28,0.6,13.1,9.2,Cloudy,N
26-07-2024,Visakhapatnam,23.0,C,68,23.2,16.0,4.2,Rain,Y
27-07-2024,Visakhapatnam,77.7,F,97,1.4,6.7,8.4,Clear,N
29-07-2024,Visakhapatnam,27.4,C,76,23.2,4.1,7.0,Rain,Y
2024-07-30,Visakhapatnam,23.2,C,68,15.9,6.6,8.8,Rain,Y
2024-07-31,Visakhapatnam,18.8,C,48,107.8,44.3,7.4,Rain,N
2024-08-01,Visakhapatnam,18.3,C,67,24.8,34.5,5.5,Rain,N
02-08-2024,Visakhapatnam,19.3,,82,1.8,18.9,7.7,Clear,N
2024-08-03,Visakhapatnam,22.4,C,,1.0,16.0,11.7,Clear,N
04-08-2024,Visakhapatnam,14.4,C,37,0.6,5.9,4.4,clear,N
2024-08-05,Visakhapatnam,69.4,F,43,0.4,17.8,1.9,Fog,N
06-08-2024,Visakhapatnam,21.6,C,85,41.6,19.3,11.9,Rain,N
07-08-2024,Visakhapatnam,22.3,C,41,77.2,4.9,4.1,rain,
08-08-2024,Visakhapatnam,21.9,,88,103.8,19.6,4.4,Rain,
2024-08-09,Visakhapatnam,20.8,C,95,2.0,17.2,7.0,Clear,N
10-08-2024,Visakhapatnam,58.3,F,61,0.3,32.6,11.1,Cloudy,N
2024-08-11,Visakhapatnam,70.9,F,35,1.9,27.9,10.6,Clear,N
2024-08-12,Visakhapatnam,17.2,,73,0.2,14.9,11.8,Cloudy,N
13-08-2024,Visakhapatnam,16.3,,63,1.2,22.9,5.3,Clear,N
2024-08-14,Visakhapatnam,24.2,C,87,46.2,  ,11.0,rain,N
2024-08-15,Visakhapatnam,22.3,C,88,1.4,28.7,7.0,Clear,N
2024-08-16,Visakhapatnam,20.5,C,70,68.4,3.7,6.8,Rain,N
17-08-2024,Visakhapatnam,65.6,,88,0.8,12.1,7.5,Clear,N
2024-08-18,Visakhapatnam,N/A,C,87,1.3,28.6,6.1,Sunny,N
19-08-2024,Visakhapatnam,17.2,C,49,51.2,22.6,8.2,Thunderstorm,
2024-08-20,Visakhapatnam,20.0,,51,0.6,9.5,5.3,Cloudy,N
2024-08-21,Visakhapatnam,19.4,,67,0.5,20.8,2.5,Fog,N
22-08-2024,Visakhapatnam,22.5,,43,1.5,18.8,10.6,clear,N
23-08-2024,Visakhapatnam,13.5,C,31,0.4,23.5,8.1,Cloudy,N
2024-08-24,Visakhapatnam,11.3,C,67,0.3,23.0,11.8,clear,N
25-08-2024,Visakhapatnam,17.2,C,44,82.3,29.6,4.6,Rain,N
26-08-2024,Visakhapatnam,59.4,,59,0.2,20.3,8.4,Cloudy,N
27-08-2024,Visakhapatnam,55.2,F,86,1.2,43.3,5.6,Clear,N
28-08-2024,Visakhapatnam,20.0,C,77,12.7,25.8,8.9,rain,N
29-08-2024,Visakhapatnam,59.9,F,58,0.1,14.0,6.2,Clear,N
2024-08-30,Visakhapatnam,18.4,C,88,78.7,8.8,4.6,Thunderstorm,yes
2024-08-31,Visakhapatnam,18.3,C,44,1.5,4.1,4.3,Clear,N
01-09-2024,Visakhapatnam,19.5,C,50,1.3,19.3,5.2,Clear,N
02-09-2024,Visakhapatnam,16.8,C,85,67.2,40.2,8.8,Rain,N
2024-09-03,Visakhapatnam,62.9,F,59,1.2,5.3,8.8,Clear,N
04-09-2024,Visakhapatnam,23.8,C,47,56.9,32.8,4.8,Rain,no
2024-09-05,Visakhapatnam,19.0,C,null,0.1,29.9,4.6,Clear,N
2024-09-06,Visakhapatnam,15.4,C,65,0.6,37.4,2.8,Fog,N
2024-09-07,Visakhapatnam,10.0,C,38,0.7,32.7,2.7,Fog,N
2024-09-08,Visakhapatnam,19.2,C,81,1.3,2.9,7.3,Cloudy,N
09-09-2024,Visakhapatnam,16.3,C,52,0.2,37.5,2.4,Fog,N
2024-09-10,Visakhapatnam,17.1,C,76,34.0,35.2,9.3,Rain,N
2024-09-11,Visakhapatnam,11.5,,29,0.6,39.6,11.4,Sunny,N
2024-09-12,Visakhapatnam,22.1,C,61,59.4,33.8,9.8,Thunderstorm,
2024-09-13,Visakhapatnam,12.5,C,57,1.0,5.3,9.1,CLEAR,N
14-09-2024,Visakhapatnam,17.6,,34,0.1,17.1,6.0,Clear,N
15-09-2024,Visakhapatnam,17.9,,53,0.6,43.6,8.5,Clear,N
2024-09-16,Visakhapatnam,18.6,,93,22.2,12.8,11.6,Rain,yes
2024-09-17,Visakhapatnam,19.6,,55,2.0,31.5,5.6,Clear,N
18-09-2024,Visakhapatnam,16.5,C,94,1.6,16.4,8.1,CLEAR,N
2024-09-19,Visakhapatnam,69.5,F,94,0.2,9.9,1.9,Fog,N
20-09-2024,Visakhapatnam,15.5,C,71,1.8,27.9,11.9,Clear,N
2024-09-21,Visakhapatnam,16.1,C,48,89.7,21.3,6.6,Heavy Rain,
2024-09-22,Visakhapatnam,16.9,,41,1.4,4.4,10.5,Clear,N
2024-09-23,Visakhapatnam,17.7,C,71,0.4,13.1,7.9,Cloudy,N
24-09-2024,Visakhapatnam,17.8,C,93,0.4,37.5,10.6,clear,N
2024-09-25,Visakhapatnam,17.5,,42,78.7,20.7,6.7,rain,
26-09-2024,Visakhapatnam,19.5,,40,48.1,24.6,7.2,Rain,N
27-09-2024,Visakhapatnam,12.1,C,38,0.5,13.6,8.3,clear,N
28-09-2024,Visakhapatnam,13.3,C,64,0.1,24.3,5.5,Cloudy,N
2024-09-29,Visakhapatnam,18.3,C,41,0.4,34.6,11.7,Sunny,N
30-09-2024,Visakhapatnam,17.9,C,64,119.7,15.0,6.8,Thunderstorm,N
2024-10-01,Visakhapatnam,14.3,C,97,0.4,34.2,4.3,Clear,N
2024-10-02,Visakhapatnam,16.7,C,81,15.7,27.1,4.4,Thunderstorm,no
03-10-2024,Visakhapatnam,15.8,C,42,34.4,6.6,9.6,Thunderstorm,Y
2024-10-04,Visakhapatnam,17.8,C,61,0.6,29.9,5.4,Sunny,N
2024-10-05,Visakhapatnam,16.7,C,54,32.9,null,6.5,Rain,N
2024-10-06,Visakhapatnam,12.9,,80,1.0,3.5,7.3,Cloudy,N
07-10-2024,Visakhapatnam,13.5,C,36,0.1,3.8,10.6,Cloudy,N
08-10-2024,Visakhapatnam,16.6,C,-,61.2,18.7,5.2,Heavy Rain,N
2024-10-09,Visakhapatnam,12.7,C,91,24.5,23.6,11.9,Rain,N
2024-10-10,Visakhapatnam,18.6,C,65,0.9,8.0,4.6,Clear,N
2024-10-11,Visakhapatnam,20.5,C,54,0.0,14.6,8.1,Clear,N
12-10-2024,Visakhapatnam,15.6,C,52,1.2,34.7,9.4,Clear,N
13-10-2024,Visakhapatnam,15.6,C,79,0.6,22.5,5.6,Cloudy,N
14-10-2024,Visakhapatnam,17.7,C,81,0.7,31.6,5.7,Cloudy,N
15-10-2024,Visakhapatnam,17.1,,96,0.2,34.9,6.1,Sunny,N
16-10-2024,Visakhapatnam,12.0,C,42,1.5,19.9,6.5,Cloudy,N
17-10-2024,Visakhapatnam,N/A,C,65,0.2,4.7,5.5,Cloudy,N
2024-10-18,Visakhapatnam,21.5,C,84,61.8,43.4,10.6,Rain,yes
19-10-2024,Visakhapatnam,12.5,,85,96.2,13.5,8.8,Rain,
2024-10-20,Visakhapatnam,22.4,C,77,24.1,5.6,7.0,Rain,N
21-10-2024,Visakhapatnam,12.4,C,62,1.7,29.0,7.1,Clear,N
2024-10-22,Visakhapatnam,16.2,C,67,1.6,22.0,10.8,Sunny,N
23-10-2024,Visakhapatnam,18.1,C,48,1.8,27.2,4.1,Clear,N
24-10-2024,Visakhapatnam,16.8,C,80,1.5,26.4,4.1,Cloudy,N
25-10-2024,Visakhapatnam,16.9,,75,0.2,28.5,11.6,Sunny,N
2024-10-26,Visakhapatnam,15.6,C,72,1.8,35.7,5.8,CLEAR,N
27-10-2024,Visakhapatnam,16.8,C,88,2.0,36.2,11.3,Sunny,N
2024-10-28,Visakhapatnam,15.6,C,39,1.7,24.6,11.7,Cloudy,N
2024-10-29,Visakhapatnam,19.7,C,69,0.5,29.6,7.7,Sunny,N
30-10-2024,Visakhapatnam,11.3,C,43,1.0,33.9,11.7,Clear,N
2024-10-31,Visakhapatnam,11.4,C,  ,0.9,21.8,10.8,Cloudy,N
2024-11-01,Visakhapatnam,18.7,C,91,1.8,36.6,7.9,Clear,N
2024-11-02,Visakhapatnam,15.2,C,53,2.0,40.8,10.1,Clear,N
03-11-2024,Visakhapatnam,15.7,,54,1.9,40.1,7.8,Sunny,N
04-11-2024,Visakhapatnam,16.4,,53,72.0,2.1,5.6,rain,no
05-11-2024,Visakhapatnam,19.8,C,86,34.8,34.5,6.8,Rain,yes
2024-11-06,Visakhapatnam,20.2,,92,0.2,25.9,11.7,Cloudy,N
2024-11-07,Visakhapatnam,21.6,C,86,0.7,28.6,7.2,CLEAR,N
09-11-2024,Visakhapatnam,16.8,C,86,1.7,13.4,7.8,Cloudy,N
2024-11-10,Visakhapatnam,18.6,C,36,1.6,12.9,8.1,clear,N
11-11-2024,Visakhapatnam,13.9,C,47,17.0,7.5,5.2,Rain,Y
12-11-2024,Visakhapatnam,20.6,C,84,22.5,9.7,7.4,Rain,N
2024-11-13,Visakhapatnam,20.1,C,68,0.7,42.8,0.4,Fog,N
2024-11-14,Visakhapatnam,null,,52,79.7,20.7,7.4,Rain,
2024-11-15,Visakhapatnam,17.5,,88,1.4,6.5,9.9,Sunny,N
2024-11-16,Visakhapatnam,21.0,,37,33.3,26.2,7.2,Heavy Rain,no
2024-11-17,Visakhapatnam,20.1,C,33,0.9,13.8,10.8,Sunny,N
2024-11-18,Visakhapatnam,17.8,,91,1.4,33.9,8.4,Sunny,N
2024-11-19,Visakhapatnam,16.7,C,45,2.0,32.3,11.4,Cloudy,N
20-11-2024,Visakhapatnam,18.2,C,84,21.7,29.1,9.0,Heavy Rain,N
2024-11-21,Visakhapatnam,20.4,C,34,1.9,12.1,7.1,clear,N
22-11-2024,Visakhapatnam,68.9,,58,32.8,11.4,6.1,Rain,N
23-11-2024,Visakhapatnam,12.0,,35,26.6,41.6,4.5,Heavy Rain,no
2024-11-24,Visakhapatnam,19.8,C,37,0.9,4.6,6.1,Clear,N
25-11-2024,Visakhapatnam,21.3,,93,1.8,24.7,11.1,Sunny,N
26-11-2024,Visakhapatnam,17.7,C,90,20.5,33.7,10.5,Rain,N
27-11-2024,Visakhapatnam,64.6,F,41,22.2,36.1,10.1,Rain,
29-11-2024,Visakhapatnam,20.2,C,87,0.7,34.5,10.9,Clear,N
2024-11-30,Visakhapatnam,21.6,C,55,0.8,19.4,7.0,Cloudy,N
01-12-2024,Visakhapatnam,21.7,,85,1.9,12.2,7.7,Cloudy,N
2024-12-02,Visakhapatnam,19.6,C,49,0.5,34.1,5.2,Cloudy,N
2024-12-03,Visakhapatnam,16.0,C,81,0.5,10.1,1.6,Fog,N
2024-12-04,Visakhapatnam,19.7,,94,73.3,8.4,5.5,Thunderstorm,N
05-12-2024,Visakhapatnam,22.3,C,61,108.2,24.6,4.1,Rain,no
06-12-2024,Visakhapatnam,18.9,,63,1.7,24.6,7.0,Cloudy,N
2024-12-07,Visakhapatnam,21.3,C,71,0.3,13.3,9.1,Cloudy,N
08-12-2024,Visakhapatnam,23.0,,78,0.2,40.0,0.9,Fog,N
2024-12-09,Visakhapatnam,15.7,C,75,77.5,33.9,4.9,Rain,
10-12-2024,Visakhapatnam,18.4,C,98,1.9,42.3,2.1,Fog,N
11-12-2024,Visakhapatnam,21.1,C,60,1.0,15.3,5.3,Sunny,N
12-12-2024,Visakhapatnam,28.8,C,37,1.8,27.9,5.0,clear,N
13-12-2024,Visakhapatnam,19.7,C,53,1.4,23.5,6.5,clear,N
2024-12-14,Visakhapatnam,16.4,C,34,82.6,25.2,9.8,Thunderstorm,N
2024-12-15,Visakhapatnam,18.3,C,33,0.7,27.5,4.4,clear,N
16-12-2024,Visakhapatnam,21.4,,58,1.8,18.3,5.4,Clear,N
2024-12-17,Visakhapatnam,21.3,C,77,1.7,38.3,10.1,Sunny,N
18-12-2024,Visakhapatnam,22.5,C,31,74.2,21.4,6.8,Heavy Rain,Y
19-12-2024,Visakhapatnam,24.2,C,53,1.7,31.0,10.8,Cloudy,N
20-12-2024,Visakhapatnam,15.2,C,94,0.7,3.0,4.6,Sunny,N
2024-12-21,Visakhapatnam,24.8,C,74,1.3,25.2,10.8,CLEAR,N
2024-12-22,Visakhapatnam,23.6,C,,1.7,35.8,5.5,Cloudy,N
2024-12-23,Visakhapatnam,21.5,C,36,0.1,12.8,7.9,clear,N
24-12-2024,Visakhapatnam,22.5,C,41,0.3,33.3,10.2,CLEAR,N
2024-12-25,Visakhapatnam,20.5,C,49,78.1,42.1,10.4,Heavy Rain,yes
26-12-2024,Visakhapatnam,79.0,F,28,22.6,9.9,6.8,Heavy Rain,N
2024-12-27,Visakhapatnam,25.7,C,33,53.2,29.9,4.4,Rain,Y
2024-12-28,Visakhapatnam,22.6,C,63,0.8,11.0,8.2,Clear,N
2024-12-29,Visakhapatnam,21.0,C,38,1.5,24.1,11.8,Clear,N
2024-12-30,Visakhapatnam,26.3,,41,0.6,43.9,6.8,CLEAR,N
31-12-2024,Visakhapatnam,21.6,C,76,34.0,14.9,9.6,Rain,N
2025-01-01,Visakhapatnam,23.4,C,78,1.0,26.2,4.9,Cloudy,N
2025-01-02,Visakhapatnam,22.2,C,78,1.8,31.0,11.7,Clear,N
2025-01-03,Visakhapatnam,24.5,,43,87.3,13.9,11.7,Rain,N
04-01-2025,Visakhapatnam,76.1,F,34,0.1,42.8,5.6,clear,N
2025-01-05,Visakhapatnam,23.9,C,89,1.6,23.9,7.6,Clear,N
06-01-2025,Visakhapatnam,29.3,C,75,1.1,-,2.3,Fog,N
2025-01-07,Visakhapatnam,22.1,C,84,0.7,17.4,10.9,Clear,N
08-01-2025,Visakhapatnam,30.1,C,87,1.9,37.7,7.2,Clear,N
09-01-2025,Visakhapatnam,27.5,C,49,88.3,6.8,5.6,Rain,Y
2025-01-10,Visakhapatnam,76.3,F,70,0.2,18.2,9.0,Cloudy,N
2025-01-11,Visakhapatnam,27.4,C,-,0.2,14.6,0.9,Fog,N
12-01-2025,Visakhapatnam,26.1,C,35,1.5,12.5,7.3,Clear,N
13-01-2025,Visakhapatnam,30.0,C,97,0.7,41.0,11.2,Clear,N
14-01-2025,Visakhapatnam,24.8,C,-,103.4,35.4,9.1,Heavy Rain,N
2025-01-15,Visakhapatnam,26.9,,46,69.8,33.5,10.0,Rain,
2025-01-16,Visakhapatnam,24.4,,42,0.7,7.4,10.6,clear,N
17-01-2025,Visakhapatnam,33.1,C,84,0.5,19.4,5.2,Sunny,N
2025-01-18,Visakhapatnam,28.4,C,42,0.8,28.3,6.6,Cloudy,N
19-01-2025,Visakhapatnam,23.7,C,33,1.3,10.5,9.4,Cloudy,N
2025-01-20,Visakhapatnam,26.7,C,34,99.7,29.0,10.9,Rain,yes
21-01-2025,Visakhapatnam,31.4,C,95,1.2,11.0,10.6,Sunny,N
2025-01-22,Visakhapatnam,21.8,C,69,113.7,43.5,10.4,Rain,N
2025-01-23,Visakhapatnam,29.3,C,37,1.9,33.7,8.3,Sunny,N
2025-01-24,Visakhapatnam,31.0,C,  ,18.9,31.6,11.4,Rain,yes
25-01-2025,Visakhapatnam,26.8,,50,1.3,31.5,5.2,Clear,N
26-01-2025,Visakhapatnam,31.5,C,57,1.7,38.0,6.4,Cloudy,N
27-01-2025,Visakhapatnam,25.8,,47,1.9,28.0,7.2,Clear,N
28-01-2025,Visakhapatnam,22.6,,98,14.6,N/A,10.0,Thunderstorm,
29-01-2025,Visakhapatnam,29.5,,57,1.5,34.3,7.2,clear,N
2025-01-30,Visakhapatnam,22.5,C,52,0.5,9.7,5.6,Clear,N
2025-01-31,Visakhapatnam,26.9,C,65,1.3,2.5,7.0,Cloudy,N
01-02-2025,Visakhapatnam,36.0,,36,1.3,27.2,2.3,Fog,N
2025-02-02,Visakhapatnam,81.3,F,67,118.4,34.2,7.5,Rain,Y
2025-02-03,Visakhapatnam,86.2,F,40,86.7,18.7,5.2,rain,no
2025-02-04,Visakhapatnam,26.1,C,60,1.1,44.3,5.8,Clear,N
05-02-2025,Visakhapatnam,26.3,C,58,1.1,29.5,4.9,Cloudy,N
06-02-2025,Visakhapatnam,36.2,,35,79.2,9.6,10.0,Rain,N
2025-02-07,Visakhapatnam,28.6,C,69,12.5,20.1,11.1,Thunderstorm,N
08-02-2025,Visakhapatnam,31.5,,44,0.6,27.8,4.9,clear,N
09-02-2025,Visakhapatnam,31.0,C,46,31.2,24.0,9.5,Rain,yes
10-02-2025,Visakhapatnam,30.0,C,97,0.6,27.3,10.5,Clear,N
2025-02-11,Visakhapatnam,74.3,F,29,1.5,24.6,11.5,clear,N
2025-02-12,Visakhapatnam,24.8,C,88,1.7,21.0,6.9,Clear,N
2025-02-13,Visakhapatnam,28.2,,48,0.2,32.2,11.6,Cloudy,N
14-02-2025,Visakhapatnam,29.2,C,40,47.4,6.5,10.3,Rain,N
15-02-2025,Visakhapatnam,28.0,C,79,104.0,18.9,6.0,Rain,N
16-02-2025,Visakhapatnam,30.1,,67,28.0,19.9,11.8,Rain,N
2025-02-17,Visakhapatnam,27.6,,60,1.3,N/A,4.5,clear,N
2025-02-18,Visakhapatnam,30.0,C,74,108.1,11.6,11.8,Thunderstorm,
19-02-2025,Visakhapatnam,30.5,,55,98.2,unknown,5.2,Heavy Rain,no
20-02-2025,Visakhapatnam,31.5,C,32,1.5,4.2,8.2,Clear,N
2025-02-21,Visakhapatnam,39.1,C,59,83.5,3.3,10.7,Rain,
22-02-2025,Visakhapatnam,27.5,,77,10.2,19.8,5.1,Thunderstorm,N
23-02-2025,Visakhapatnam,81.1,F,55,1.9,5.6,10.8,Sunny,N
24-02-2025,Visakhapatnam,32.7,,33,0.8,34.6,11.4,Cloudy,N
25-02-2025,Visakhapatnam,29.8,C,57,17.7,40.2,6.1,Thunderstorm,N
26-02-2025,Visakhapatnam,96.8,F,50,1.8,12.9,7.2,clear,N
2025-02-27,Visakhapatnam,32.4,C,41,14.7,35.6,7.8,rain,N
28-02-2025,Visakhapatnam,29.3,C,73,74.9,4.7,8.8,Thunderstorm,N
01-03-2025,Visakhapatnam,79.4,,28,0.6,13.3,7.1,Sunny,N
02-03-2025,Visakhapatnam,34.7,C,91,1.7,13.9,4.8,Clear,N
2025-03-03,Visakhapatnam,31.0,,41,1.5,9.1,10.5,clear,N
2025-03-04,Visakhapatnam,29.9,,89,36.8,23.8,10.1,Heavy Rain,Y
05-03-2025,Visakhapatnam,30.7,C,34,1.1,17.8,8.6,Clear,N
06-03-2025,Visakhapatnam,90.1,F,53,0.7,9.4,11.3,Clear,N
2025-03-07,Visakhapatnam,29.5,C,87,1.2,32.4,8.1,clear,N
2025-03-08,Visakhapatnam,29.9,,35,1.9,31.5,2.0,Fog,N
2025-03-09,Visakhapatnam,33.7,C,54,72.4,4.6,6.4,Rain,Y
2025-03-10,Visakhapatnam,35.9,,85,8.9,15.8,10.8,Rain,
11-03-2025,Visakhapatnam,30.3,C,96,0.4,20.7,2.5,Fog,N
12-03-2025,Visakhapatnam,28.2,,83,45.8,37.9,4.6,Heavy Rain,no
2025-03-13,Visakhapatnam,31.3,C,45,25.0,3.5,7.0,Rain,N
14-03-2025,Visakhapatnam,31.9,,51,117.1,36.2,10.2,rain,N
15-03-2025,Visakhapatnam,34.0,,97,2.0,21.9,6.6,Cloudy,N
16-03-2025,Visakhapatnam,31.3,C,78,1.3,40.4,9.0,Clear,N
17-03-2025,Visakhapatnam,31.6,,31,115.8,3.1,4.0,Heavy Rain,N
2025-03-18,Visakhapatnam,82.0,F,34,1.8,6.2,7.7,Cloudy,N
19-03-2025,Visakhapatnam,85.4,F,57,77.2,2.3,10.3,Rain,no
20-03-2025,Visakhapatnam,33.3,C,70,1.0,5.5,0.6,Fog,N
2025-03-21,Visakhapatnam,35.8,C,77,0.4,13.6,5.5,clear,N
2025-03-22,Visakhapatnam,31.4,C,38,109.1,17.5,5.5,Rain,no
2025-03-23,Visakhapatnam,83.3,F,88,0.9,23.3,9.9,clear,N
24-03-2025,Visakhapatnam,28.7,C,62,0.8,13.0,0.4,Fog,N
25-03-2025,Visakhapatnam,92.7,F,35,19.8,unknown,5.1,Heavy Rain,
26-03-2025,Visakhapatnam,95.8,F,72,1.7,23.3,7.4,Clear,N
2025-03-27,Visakhapatnam,33.5,C,81,0.5,6.6,12.0,Clear,N
2025-03-28,Visakhapatnam,26.2,C,38,1.0,40.9,9.2,CLEAR,N
29-03-2025,Visakhapatnam,37.7,C,33,57.5,43.1,7.2,Rain,N
30-03-2025,Visakhapatnam,24.8,C,94,1.5,3.4,12.0,Clear,N
31-03-2025,Visakhapatnam,29.0,,51,1.3,29.9,12.0,Cloudy,N
2025-04-01,Visakhapatnam,25.7,C,78,0.9,20.1,6.9,Clear,N
02-04-2025,Visakhapatnam,,C,77,26.1,39.4,4.5,Rain,yes
03-04-2025,Visakhapatnam,32.9,C,54,0.7,14.3,0.3,Fog,N
2025-04-04,Visakhapatnam,30.0,C,38,38.4,16.5,5.1,Rain,Y
05-04-2025,Visakhapatnam,87.4,,91,0.4,14.1,9.3,Clear,N
06-04-2025,Visakhapatnam,31.0,C,90,40.2,11.1,11.5,rain,N
07-04-2025,Visakhapatnam,unknown,C,92,0.6,24.0,6.9,Clear,N
08-04-2025,Visakhapatnam,30.0,C,86,1.8,21.1,8.5,Cloudy,N
2025-04-09,Visakhapatnam,34.1,C,86,0.3,17.3,11.9,clear,N
2025-04-10,Visakhapatnam,88.2,F,98,100.8,38.7,4.3,rain,Y
11-04-2025,Visakhapatnam,33.4,C,89,81.2,14.7,6.7,Thunderstorm,N
2025-04-12,Visakhapatnam,33.4,C,28,1.8,41.4,9.6,Clear,N
2025-04-13,Visakhapatnam,88.5,F,-,1.0,4.6,10.4,Cloudy,N
2025-04-14,Visakhapatnam,35.6,C,34,102.5,5.4,8.4,Thunderstorm,
2025-04-15,Visakhapatnam,29.2,C,50,58.1,34.3,8.5,Thunderstorm,N
2025-04-16,Visakhapatnam,31.2,,32,13.9,9.6,6.7,Heavy Rain,no
2025-04-17,Visakhapatnam,91.1,,84,72.8,32.9,10.9,Heavy Rain,N
2025-04-18,Visakhapatnam,27.9,,92,0.4,11.2,2.9,Fog,N
2025-04-19,Visakhapatnam,95.6,F,59,117.9,13.6,6.5,Rain,N
20-04-2025,Visakhapatnam,27.5,,72,87.9,21.2,11.6,Thunderstorm,N
21-04-2025,Visakhapatnam,33.8,C,95,35.3,41.5,7.7,Heavy Rain,N
2025-04-22,Visakhapatnam,25.6,C,48,100.8,44.6,9.7,Rain,no
2025-04-23,Visakhapatnam,91.8,F,43,0.1,14.8,4.1,Cloudy,N
2025-04-24,Visakhapatnam,32.6,C,45,1.2,21.2,5.3,Cloudy,N
2025-04-25,Visakhapatnam,81.2,F,70,0.1,32.0,6.8,clear,N
26-04-2025,Visakhapatnam,30.1,C,37,60.2,39.9,9.3,Rain,Y
2025-04-27,Visakhapatnam,32.3,C,42,0.7,22.9,2.5,Fog,N
28-04-2025,Visakhapatnam,25.8,C,45,110.2,5.4,7.3,Rain,yes
2025-04-29,Visakhapatnam,26.7,C,66,1.8,14.9,10.0,Clear,N
2025-04-30,Visakhapatnam,28.1,C,N/A,0.5,14.2,6.6,Cloudy,N
2025-05-01,Visakhapatnam,29.4,,94,0.5,16.7,9.7,Cloudy,N
02-05-2025,Visakhapatnam,33.3,C,84,13.1,38.6,11.1,Rain,no
2025-05-03,Visakhapatnam,27.8,C,55,25.7,42.6,5.2,Rain,no
04-05-2025,Visakhapatnam,33.2,C,91,0.6,12.1,10.5,Sunny,N
2025-05-05,Visakhapatnam,29.8,C,80,0.3,15.5,6.3,Cloudy,N
06-05-2025,Visakhapatnam,34.3,C,96,1.6,23.2,10.0,Cloudy,N
07-05-2025,Visakhapatnam,31.5,C,34,1.1,4.7,5.2,Cloudy,N
08-05-2025,Visakhapatnam,34.5,,86,1.3,21.3,4.0,Clear,N
2025-05-09,Visakhapatnam,35.4,C,52,1.2,5.1,8.3,Cloudy,N
2025-05-10,Visakhapatnam,30.8,,81,85.2,34.6,7.3,Rain,Y
11-05-2025,Visakhapatnam,37.8,,84,0.5,-,4.6,Cloudy,N
12-05-2025,Visakhapatnam,30.5,C,50,0.0,21.7,10.2,Cloudy,N
2025-05-13,Visakhapatnam,32.1,C,49,0.1,11.8,7.4,Cloudy,N
14-05-2025,Visakhapatnam,33.5,C,40,117.2,35.5,6.0,Rain,N
15-05-2025,Visakhapatnam,33.4,,91,34.8,37.1,8.0,Thunderstorm,N
16-05-2025,Visakhapatnam,37.5,,49,1.3,40.9,8.5,Cloudy,N
17-05-2025,Visakhapatnam,26.4,C,94,115.3,3.3,5.2,Thunderstorm,N
2025-05-18,Visakhapatnam,28.9,C,34,0.3,6.6,8.5,Cloudy,N
19-05-2025,Visakhapatnam,25.9,C,46,0.4,13.1,6.9,clear,N
2025-05-20,Visakhapatnam,29.8,C,89,0.1,43.7,9.0,Sunny,N
21-05-2025,Visakhapatnam,30.3,C,98,1.5,10.8,8.1,CLEAR,N
2025-05-22,Visakhapatnam,28.2,,31,0.4,-,2.0,Fog,N
2025-05-23,Visakhapatnam,31.7,C,39,0.5,15.8,6.7,Sunny,N
24-05-2025,Visakhapatnam,30.8,C,83,77.4,19.4,6.5,Heavy Rain,N
25-05-2025,Visakhapatnam,30.3,C,45,0.5,12.2,4.7,Cloudy,N
26-05-2025,Visakhapatnam,85.4,,52,0.4,9.1,6.3,CLEAR,N
2025-05-28,Visakhapatnam,31.2,C,89,1.7,39.7,6.1,Clear,N
29-05-2025,Visakhapatnam,27.1,C,48,1.6,38.9,5.9,CLEAR,N
2025-05-30,Visakhapatnam,28.2,,46,1.8,13.7,8.8,Cloudy,N
31-05-2025,Visakhapatnam,80.9,F,94,1.7,42.5,10.4,Clear,N
01-06-2025,Visakhapatnam,28.7,C,57,1.7,16.4,8.8,Cloudy,N
2025-06-02,Visakhapatnam,23.8,C,73,1.7,5.4,6.3,Clear,N
03-06-2025,Visakhapatnam,23.3,C,43,41.4,15.5,10.3,rain,N
04-06-2025,Visakhapatnam,32.0,C,62,118.0,25.4,6.3,Rain,N
2025-06-05,Visakhapatnam,30.2,C,60,79.3,22.7,8.6,rain,N
06-06-2025,Visakhapatnam,27.6,C,52,0.2,40.8,7.8,Clear,N
2025-06-07,Visakhapatnam,24.7,C,83,102.0,13.9,5.5,Heavy Rain,N
08-06-2025,Visakhapatnam,31.9,C,42,0.7,19.6,11.6,Clear,N
09-06-2025,Visakhapatnam,28.4,,46,1.0,5.7,7.4,Clear,N
10-06-2025,Visakhapatnam,72.0,F,79,1.5,36.9,10.1,Cloudy,N
2025-06-11,Visakhapatnam,26.2,C,39,0.2,36.5,6.1,Clear,N
12-06-2025,Visakhapatnam,89.0,F,91,36.5,23.7,11.0,Thunderstorm,no
2025-06-13,Visakhapatnam,23.2,C,80,0.9,37.5,6.3,Cloudy,N
2025-06-14,Visakhapatnam,77.2,F,47,7.7,N/A,4.4,Rain,N
15-06-2025,Visakhapatnam,81.8,F,41,0.1,40.5,7.8,Cloudy,N
2025-06-16,Visakhapatnam,23.7,C,54,0.8,3.9,5.2,Cloudy,N
2025-06-17,Visakhapatnam,25.0,C,91,0.9,40.0,4.9,Sunny,N
2025-06-18,Visakhapatnam,78.9,,52,97.6,43.6,7.8,Heavy Rain,N
19-06-2025,Visakhapatnam,26.4,,60,0.1,16.1,10.2,Sunny,N
2025-06-20,Visakhapatnam,32.1,C,55,1.6,21.5,8.7,Cloudy,N
21-06-2025,Visakhapatnam,28.6,C,83,0.6,36.6,10.4,Clear,N
22-06-2025,Visakhapatnam,74.7,F,80,1.1,3.7,6.2,Clear,N
23-06-2025,Visakhapatnam,23.2,C,87,32.0,5.8,5.1,Rain,N
2025-06-24,Visakhapatnam,25.2,C,54,0.1,28.8,7.8,Clear,N
2025-06-25,Visakhapatnam,26.7,C,75,0.9,35.9,11.9,clear,N
26-06-2025,Visakhapatnam,21.9,C,38,0.5,37.6,10.4,Clear,N
2025-06-27,Visakhapatnam,23.0,C,66,1.0,30.8,4.8,Clear,N
2025-06-28,Visakhapatnam,23.8,,81,1.6,32.9,10.7,Clear,N
29-06-2025,Visakhapatnam,26.0,C,32,1.1,NA,7.0,Clear,N
2025-06-30,Visakhapatnam,20.6,C,32,1.7,40.9,10.3,Clear,N
2025-07-01,Visakhapatnam,23.7,C,null,1.8,8.4,11.5,Cloudy,N
01-01-2024,Chandigarh,73.7,F,80,0.1,30.6,0.6,Fog,N
2024-01-02,Chandigarh,25.7,C,85,63.2,5.9,5.9,Rain,Y
03-01-2024,Chandigarh,78.5,,53,0.6,2.9,9.6,Sunny,N
04-01-2024,Chandigarh,21.3,C,58,1.6,19.1,9.7,Cloudy,N
05-01-2024,Chandigarh,20.2,C,45,32.7,19.2,9.2,Rain,N
06-01-2024,Chandigarh,26.4,C,61,0.6,40.9,6.2,Sunny,N
07-01-2024,Chandigarh,26.5,C,91,0.2,19.2,6.8,Cloudy,N
2024-01-08,Chandigarh,23.0,C,66,1.5,28.9,11.9,CLEAR,N
2024-01-09,Chandigarh,79.0,F,86,1.8,31.2,5.4,CLEAR,N
10-01-2024,Chandigarh,28.3,C,71,0.2,23.1,0.7,Fog,N
2024-01-11,Chandigarh,24.3,C,43,1.2,36.7,7.5,Cloudy,N
12-01-2024,Chandigarh,71.1,F,91,1.8,32.8,8.2,CLEAR,N
2024-01-13,Chandigarh,25.2,C,63,0.9,3.2,10.4,Cloudy,N
14-01-2024,Chandigarh,24.3,C,64,1.1,32.7,8.8,Clear,N
2024-01-15,Chandigarh,28.6,C,70,1.2,28.2,8.3,Cloudy,N
17-01-2024,Chandigarh,29.0,C,81,0.9,32.0,4.1,Sunny,N
18-01-2024,Chandigarh,27.9,,47,0.6,15.0,2.1,Fog,N
2024-01-19,Chandigarh,29.5,C,81,0.6,2.4,8.9,Clear,N
20-01-2024,Chandigarh,31.0,C,97,0.4,23.7,9.6,Cloudy,N
21-01-2024,Chandigarh,25.9,C,58,16.9,5.0,7.8,Rain,yes
2024-01-22,Chandigarh,78.7,F,95,52.7,13.7,9.6,Rain,N
2024-01-23,Chandigarh,29.1,C,96,0.1,34.6,7.5,CLEAR,N
24-01-2024,Chandigarh,25.0,C,78,0.2,19.1,11.4,Clear,N
25-01-2024,Chandigarh,26.7,C,83,19.8,9.1,11.8,Rain,
2024-01-26,Chandigarh,30.9,C,53,119.8,32.4,5.9,Rain,N
27-01-2024,Chandigarh,27.5,C,57,0.1,30.0,5.9,clear,N
28-01-2024,Chandigarh,35.1,C,96,12.2,23.6,9.5,Rain,N
2024-01-29,Chandigarh,25.6,C,53,0.1,14.9,6.4,Cloudy,N
30-01-2024,Chandigarh,27.8,C,68,0.5,22.6,11.4,Clear,N
2024-01-31,Chandigarh,27.4,,67,0.8,35.6,3.0,Fog,N
01-02-2024,Chandigarh,21.6,C,69,1.9,32.0,10.0,Clear,N
2024-02-02,Chandigarh,29.3,C,41,1.5,27.5,7.0,clear,N
03-02-2024,Chandigarh,25.0,,28,0.2,42.0,2.4,Fog,N
04-02-2024,Chandigarh,27.6,,92,113.4,23.0,10.0,Thunderstorm,yes
2024-02-05,Chandigarh,32.0,C,82,0.4,22.3,6.6,Sunny,N
2024-02-06,Chandigarh,31.4,C,70,1.0,5.4,7.4,Cloudy,N
07-02-2024,Chandigarh,24.2,,54,1.8,36.2,11.5,Clear,N
08-02-2024,Chandigarh,89.4,F,91,0.6,5.9,5.7,Cloudy,N
09-02-2024,Chandigarh,33.0,C,79,1.7,29.4,2.5,Fog,N
2024-02-10,Chandigarh,31.3,C,NA,0.4,29.4,11.1,Sunny,N
2024-02-11,Chandigarh,31.0,C,90,105.5,20.4,10.0,Heavy Rain,Y
2024-02-12,Chandigarh,24.6,C,96,0.2,  ,7.3,clear,N
13-02-2024,Chandigarh,28.7,,70,1.8,24.7,9.4,clear,N
14-02-2024,Chandigarh,22.9,C,63,0.9,16.3,6.5,Clear,N
15-02-2024,Chandigarh,29.6,C,65,0.0,31.4,8.7,Cloudy,N
16-02-2024,Chandigarh,29.4,C,78,1.0,28.4,9.0,clear,N
17-02-2024,Chandigarh,35.5,C,60,1.0,31.3,4.7,Clear,N
2024-02-18,Chandigarh,29.1,C,87,0.1,21.9,6.1,Cloudy,N
19-02-2024,Chandigarh,29.9,,40,0.3,32.1,0.3,Fog,N
20-02-2024,Chandigarh,26.9,C,69,1.7,16.6,5.1,Clear,N
2024-02-21,Chandigarh,33.6,C,44,1.0,5.0,6.0,Sunny,N
2024-02-22,Chandigarh,31.9,C,62,18.2,27.8,5.7,Heavy Rain,N
2024-02-23,Chandigarh,30.3,,95,1.5,42.6,7.7,Cloudy,N
24-02-2024,Chandigarh,31.7,,57,1.1,11.4,11.7,Clear,N
25-02-2024,Chandigarh,28.9,C,41,1.9,4.0,8.2,Cloudy,N
2024-02-27,Chandigarh,31.3,C,98,1.3,44.7,9.5,Clear,N
28-02-2024,Chandigarh,33.5,,59,1.6,29.7,11.9,Cloudy,N
29-02-2024,Chandigarh,25.4,C,N/A,1.2,22.2,11.7,Sunny,N
01-03-2024,Chandigarh,N/A,C,30,1.8,44.1,6.7,Clear,N
2024-03-02,Chandigarh,32.1,C,82,55.3,30.4,9.4,Rain,N
03-03-2024,Chandigarh,28.8,C,90,30.5,24.9,9.3,Rain,yes
04-03-2024,Chandigarh,30.4,C,54,96.8,7.1,11.2,Rain,N
2024-03-05,Chandigarh,31.1,C,unknown,117.2,40.4,7.9,Thunderstorm,no
2024-03-06,Chandigarh,34.8,C,93,1.8,-,0.4,Fog,N
2024-03-07,Chandigarh,38.5,C,31,1.0,36.6,10.0,Clear,N
2024-03-08,Chandigarh,86.2,,72,0.9,41.6,11.8,Clear,N
2024-03-09,Chandigarh,28.6,C,28,1.2,22.2,10.7,Clear,N
10-03-2024,Chandigarh,31.8,,96,116.8,17.1,11.3,rain,N
11-03-2024,Chandigarh,31.0,,-,1.3,2.1,6.2,Clear,N
2024-03-12,Chandigarh,28.7,C,89,0.0,31.8,7.9,Sunny,N
13-03-2024,Chandigarh,97.7,,49,0.4,7.4,6.6,Cloudy,N
2024-03-14,Chandigarh,31.6,C,38,1.9,19.3,8.6,Cloudy,N
2024-03-15,Chandigarh,34.1,C,48,6.0,37.3,8.3,rain,
2024-03-16,Chandigarh,35.8,C,34,1.9,34.6,7.9,CLEAR,N
17-03-2024,Chandigarh,85.8,F,58,1.6,25.1,0.5,Fog,N
2024-03-18,Chandigarh,31.2,C,93,109.1,5.6,6.5,Rain,yes
2024-03-19,Chandigarh,32.2,C,42,0.2,44.9,4.6,Sunny,N
20-03-2024,Chandigarh,90.1,F,46,1.2,14.5,4.5,Clear,N
2024-03-21,Chandigarh,86.9,,93,0.6,37.0,5.3,Cloudy,N
2024-03-22,Chandigarh,86.5,F,30,0.1,9.8,9.1,Clear,N
2024-03-23,Chandigarh,35.4,C,74,0.1,36.1,8.5,Clear,N
2024-03-24,Chandigarh,93.1,F,80,2.0,32.8,5.4,clear,N
2024-03-25,Chandigarh,33.9,C,42,1.4,40.7,11.1,Clear,N
2024-03-26,Chandigarh,32.9,C,39,1.8,44.7,6.6,Cloudy,N
2024-03-27,Chandigarh,98.2,F,73,93.5,5.9,10.3,Rain,yes
28-03-2024,Chandigarh,85.2,F,46,0.4,22.7,4.7,Clear,N
29-03-2024,Chandigarh,30.6,,33,1.6,43.7,7.7,Cloudy,N
30-03-2024,Chandigarh,32.8,C,63,1.2,23.0,8.0,Cloudy,N
31-03-2024,Chandigarh,32.9,,73,117.5,3.0,7.9,Heavy Rain,N
2024-04-01,Chandigarh,32.0,,41,88.7,23.0,7.9,Thunderstorm,N
2024-04-02,Chandigarh,27.5,C,96,45.2,35.5,6.4,Rain,N
2024-04-03,Chandigarh,88.1,F,53,95.2,6.3,8.6,Rain,Y
04-04-2024,Chandigarh,31.1,C,N/A,21.4,8.6,10.1,rain,yes
05-04-2024,Chandigarh,28.4,C,50,1.8,16.8,10.9,Sunny,N
2024-04-06,Chandigarh,35.1,C,76,0.3,13.3,4.6,Clear,N
2024-04-07,Chandigarh,27.5,C,52,0.7,36.6,8.5,Clear,N
2024-04-08,Chandigarh,35.0,C,-,0.4,28.9,9.9,Sunny,N
09-04-2024,Chandigarh,31.4,C,35,1.9,40.0,2.0,Fog,N
2024-04-10,Chandigarh,30.2,C,91,1.0,9.1,9.0,Clear,N
11-04-2024,Chandigarh,32.1,C,66,0.2,27.6,8.3,Cloudy,N
12-04-2024,Chandigarh,26.6,,58,104.2,23.9,9.3,Rain,
13-04-2024,Chandigarh,81.6,F,32,30.3,7.8,10.2,Rain,
2024-04-14,Chandigarh,30.6,,86,1.6,33.4,5.9,Cloudy,N
15-04-2024,Chandigarh,28.7,C,48,95.3,39.5,8.0,Heavy Rain,Y
2024-04-16,Chandigarh,89.8,F,39,0.7,14.7,11.7,Clear,N
2024-04-17,Chandigarh,80.9,,48,1.9,34.3,5.4,clear,N
18-04-2024,Chandigarh,,C,35,40.7,10.3,6.4,Heavy Rain,Y
19-04-2024,Chandigarh,37.2,,60,110.5,18.5,12.0,rain,N
20-04-2024,Chandigarh,19.8,C,57,1.1,37.1,10.0,Cloudy,N
21-04-2024,Chandigarh,28.3,C,95,1.1,19.9,7.5,Clear,N
22-04-2024,Chandigarh,31.5,C,87,0.9,42.9,4.2,Clear,N
23-04-2024,Chandigarh,86.2,,65,59.0,30.8,7.4,Heavy Rain,Y
2024-04-24,Chandigarh,35.4,C,40,0.3,36.0,4.5,Clear,N
2024-04-25,Chandigarh,32.9,C,88,0.1,16.3,7.5,Clear,N
26-04-2024,Chandigarh,28.6,C,85,112.3,43.2,6.5,rain,no
27-04-2024,Chandigarh,34.5,C,57,2.0,35.7,11.8,Sunny,N
2024-04-28,Chandigarh,33.5,C,68,1.5,24.7,10.0,Clear,N
2024-04-29,Chandigarh,81.9,F,82,0.3,26.6,6.2,Cloudy,N
2024-04-30,Chandigarh,88.5,F,58,1.5,3.7,9.9,Cloudy,N
2024-05-01,Chandigarh,39.4,C,90,0.8,16.3,7.2,Cloudy,N
02-05-2024,Chandigarh,33.5,,48,96.2,24.7,4.9,Rain,N
03-05-2024,Chandigarh,28.6,C,89,1.5,14.7,10.2,Clear,N
2024-05-04,Chandigarh,28.5,C,88,90.9,38.2,5.2,Thunderstorm,
2024-05-05,Chandigarh,32.4,C,28,0.8,36.1,2.6,Fog,N
06-05-2024,Chandigarh,30.0,C,75,21.4,22.2,10.0,Rain,Y
2024-05-07,Chandigarh,30.4,,46,0.5,16.0,8.4,Clear,N
08-05-2024,Chandigarh,27.6,C,60,1.0,5.6,11.4,Sunny,N
09-05-2024,Chandigarh,27.5,C,65,115.3,29.1,10.8,Thunderstorm,
10-05-2024,Chandigarh,31.0,C,36,1.9,16.4,11.5,Clear,N
11-05-2024,Chandigarh,87.1,,86,0.6,2.4,9.4,Clear,N
12-05-2024,Chandigarh,NA,C,54,0.2,38.4,10.3,Cloudy,N
13-05-2024,Chandigarh,30.5,C,56,0.2,28.2,8.3,Clear,N
2024-05-14,Chandigarh,31.0,C,41,0.7,25.4,7.0,Clear,N
15-05-2024,Chandigarh,35.7,C,74,89.6,7.6,5.4,Rain,Y
16-05-2024,Chandigarh,24.9,,75,0.2,12.4,6.7,Clear,N
2024-05-17,Chandigarh,28.6,C,53,1.7,36.1,4.5,Sunny,N
18-05-2024,Chandigarh,33.3,,75,86.4,4.5,7.7,Thunderstorm,N
19-05-2024,Chandigarh,29.0,C,96,69.0,36.6,5.5,Thunderstorm,no
2024-05-20,Chandigarh,35.2,C,85,93.4,25.6,9.9,Thunderstorm,N
21-05-2024,Chandigarh,26.8,C,90,1.8,43.1,10.2,Sunny,N
2024-05-22,Chandigarh,26.7,C,29,1.9,4.6,8.3,Cloudy,N
2024-05-23,Chandigarh,87.1,F,83,48.3,22.9,9.1,rain,
24-05-2024,Chandigarh,27.3,C,93,1.6,13.0,8.4,Cloudy,N
25-05-2024,Chandigarh,31.6,C,44,0.3,23.4,9.0,CLEAR,N
2024-05-26,Chandigarh,30.2,C,77,1.1,13.9,11.5,Cloudy,N
27-05-2024,Chandigarh,33.2,,74,0.7,41.7,11.5,Clear,N
28-05-2024,Chandigarh,35.0,C,67,1.3,7.5,11.9,Clear,N
29-05-2024,Chandigarh,28.5,C,74,0.1,26.9,8.8,clear,N
30-05-2024,Chandigarh,30.9,C,74,0.2,18.2,8.7,Cloudy,N
01-06-2024,Chandigarh,26.3,C,80,31.5,6.7,9.8,rain,N
02-06-2024,Chandigarh,35.6,C,83,1.2,37.7,2.9,Fog,N
03-06-2024,Chandigarh,93.8,F,54,1.6,9.2,6.5,Cloudy,N
04-06-2024,Chandigarh,30.2,,53,1.1,29.5,9.1,Clear,N
05-06-2024,Chandigarh,28.0,C,41,1.8,32.9,5.4,Cloudy,N
2024-06-06,Chandigarh,27.9,C,36,1.8,17.0,6.1,Clear,N
07-06-2024,Chandigarh,28.6,,98,1.1,28.9,11.8,Sunny,N
08-06-2024,Chandigarh,79.1,F,,47.5,16.4,10.2,Heavy Rain,
2024-06-09,Chandigarh,25.1,C,76,0.6,17.8,9.5,Sunny,N
10-06-2024,Chandigarh,24.3,C,63,1.8,23.5,9.1,Clear,N
2024-06-11,Chandigarh,21.9,C,88,0.0,null,9.8,Cloudy,N
2024-06-12,Chandigarh,23.2,,85,102.4,11.7,5.5,Heavy Rain,N
2024-06-13,Chandigarh,25.3,C,unknown,1.7,42.3,7.1,Clear,N
2024-06-14,Chandigarh,,C,88,1.5,9.8,6.5,Cloudy,N
2024-06-15,Chandigarh,26.4,C,51,1.6,NA,6.5,Cloudy,N
2024-06-16,Chandigarh,23.9,C,29,1.6,2.2,6.2,Cloudy,N
17-06-2024,Chandigarh,27.0,,N/A,0.2,29.2,4.1,Cloudy,N
18-06-2024,Chandigarh,18.0,,91,0.0,43.5,6.1,Clear,N
19-06-2024,Chandigarh,25.7,C,65,0.6,13.7,5.3,Clear,N
2024-06-20,Chandigarh,28.7,C,61,1.9,2.7,6.6,Clear,N
21-06-2024,Chandigarh,27.9,C,53,0.9,30.6,8.9,clear,N
22-06-2024,Chandigarh,26.1,C,N/A,112.5,26.0,6.5,Rain,Y
23-06-2024,Chandigarh,81.9,F,37,1.0,31.6,9.6,Clear,N
24-06-2024,Chandigarh,25.6,C,69,1.8,35.7,11.3,Clear,N
25-06-2024,Chandigarh,24.5,C,55,0.5,23.5,4.5,Clear,N
26-06-2024,Chandigarh,22.4,C,45,53.5,44.6,8.7,Rain,Y
2024-06-27,Chandigarh,28.8,,76,0.7,27.6,11.4,clear,N
2024-06-28,Chandigarh,21.1,C,35,45.7,35.6,9.7,Heavy Rain,Y
29-06-2024,Chandigarh,28.5,,34,1.2,30.1,5.8,Cloudy,N
2024-06-30,Chandigarh,25.6,C,unknown,0.2,34.6,6.0,Cloudy,N
2024-07-01,Chandigarh,73.8,F,71,47.5,30.3,6.8,Thunderstorm,N
02-07-2024,Chandigarh,26.8,,null,114.4,10.4,4.4,Heavy Rain,N
2024-07-03,Chandigarh,26.8,C,51,0.7,37.6,5.8,Cloudy,N
04-07-2024,Chandigarh,25.9,C,71,0.8,9.8,5.3,Cloudy,N
2024-07-05,Chandigarh,24.8,C,51,1.6,43.0,9.5,Clear,N
06-07-2024,Chandigarh,26.1,C,94,0.9,23.9,10.7,Clear,N
2024-07-07,Chandigarh,25.3,,84,0.6,16.1,6.7,Sunny,N
2024-07-08,Chandigarh,81.7,,33,0.1,38.9,4.2,Cloudy,N
09-07-2024,Chandigarh,22.1,C,97,1.1,31.9,10.3,CLEAR,N
10-07-2024,Chandigarh,80.1,F,64,0.6,5.0,11.5,Clear,N
11-07-2024,Chandigarh,18.2,,86,0.9,6.1,2.1,Fog,N
12-07-2024,Chandigarh,NA,C,83,1.9,3.8,6.8,Clear,N
2024-07-13,Chandigarh,24.4,C,60,1.4,9.6,2.4,Fog,N
14-07-2024,Chandigarh,19.8,C,69,63.0,34.2,7.7,rain,N
2024-07-15,Chandigarh,25.5,C,52,0.0,42.1,8.7,clear,N
2024-07-16,Chandigarh,21.9,C,69,0.1,22.9,10.8,Clear,N
2024-07-17,Chandigarh,23.3,C,50,1.6,9.5,6.1,Clear,N
18-07-2024,Chandigarh,24.1,C,N/A,0.5,5.3,9.7,Cloudy,N
19-07-2024,Chandigarh,21.1,C,36,42.1,6.3,11.2,Rain,Y
2024-07-20,Chandigarh,23.0,,90,0.5,9.9,10.1,clear,N
2024-07-21,Chandigarh,21.9,C,75,0.3,16.5,9.9,Clear,N
23-07-2024,Chandigarh,null,C,32,0.5,17.3,11.2,Cloudy,N
2024-07-24,Chandigarh,71.9,F,32,1.8,21.5,1.0,Fog,N
2024-07-25,Chandigarh,null,C,65,53.6,5.9,6.3,Rain,N
26-07-2024,Chandigarh,23.4,,76,38.7,31.8,8.6,Rain,no
2024-07-27,Chandigarh,15.0,,30,1.4,14.3,9.5,Clear,N
2024-07-28,Chandigarh,71.3,F,28,0.7,25.4,1.9,Fog,N
2024-07-29,Chandigarh,21.9,C,87,57.0,22.9,6.9,Heavy Rain,N
2024-07-30,Chandigarh,63.8,F,N/A,1.1,22.7,11.8,Cloudy,N
31-07-2024,Chandigarh,22.2,,87,2.0,44.2,9.1,clear,N
2024-08-01,Chandigarh,17.0,C,33,1.5,40.4,7.4,Clear,N
02-08-2024,Chandigarh,18.2,C,96,0.9,24.3,5.7,clear,N
03-08-2024,Chandigarh,22.4,,92,1.1,5.5,8.8,Cloudy,N
05-08-2024,Chandigarh,16.0,C,44,1.5,30.5,7.0,Clear,N
06-08-2024,Chandigarh,25.0,C,39,0.8,24.7,1.0,Fog,N
2024-08-07,Chandigarh,13.9,,38,67.0,8.5,7.3,Thunderstorm,N
09-08-2024,Chandigarh,64.5,F,59,21.2,13.1,7.7,rain,yes
2024-08-10,Chandigarh,21.1,,55,1.6,9.4,5.2,Cloudy,N
2024-08-11,Chandigarh,20.5,C,87,1.2,32.2,7.5,clear,N
2024-08-12,Chandigarh,59.3,,57,1.4,33.3,11.5,Cloudy,N
2024-08-13,Chandigarh,19.2,C,83,0.1,6.3,4.3,Clear,N
2024-08-14,Chandigarh,19.6,C,65,1.2,6.9,6.9,clear,N
2024-08-15,Chandigarh,16.5,,48,1.7,39.7,9.2,Clear,N
16-08-2024,Chandigarh,16.9,C,44,1.4,32.1,6.9,Clear,N
2024-08-17,Chandigarh,16.9,C,47,0.2,14.1,11.5,Clear,N
18-08-2024,Chandigarh,15.1,C,30,83.7,6.8,5.3,Heavy Rain,N
2024-08-19,Chandigarh,62.4,F,43,1.9,18.4,7.4,Cloudy,N
2024-08-20,Chandigarh,N/A,C,54,13.6,29.9,4.3,Heavy Rain,
21-08-2024,Chandigarh,15.6,C,43,1.3,35.5,5.5,Clear,N
2024-08-22,Chandigarh,11.4,C,85,0.6,12.0,10.4,Clear,N
2024-08-23,Chandigarh,13.4,C,77,79.0,7.5,9.3,Rain,
2024-08-24,Chandigarh,19.9,,48,1.9,5.2,4.5,Clear,N
25-08-2024,Chandigarh,20.7,C,32,1.3,34.9,6.9,Sunny,N
2024-08-26,Chandigarh,19.9,C,76,22.3,17.9,7.9,Thunderstorm,N
2024-08-27,Chandigarh,17.6,,65,1.8,11.8,9.0,Clear,N
28-08-2024,Chandigarh,19.7,C,91,1.2,6.5,8.3,Cloudy,N
2024-08-29,Chandigarh,18.2,C,35,0.8,29.2,6.1,CLEAR,N
2024-08-30,Chandigarh,17.1,C,72,0.6,9.8,11.1,CLEAR,N
2024-08-31,Chandigarh,17.5,C,76,0.4,22.3,2.7,Fog,N
01-09-2024,Chandigarh,15.0,C,64,1.4,36.6,11.5,CLEAR,N
02-09-2024,Chandigarh,19.0,C,35,1.1,12.0,0.4,Fog,N
2024-09-03,Chandigarh,59.9,,94,1.0,4.5,8.7,Cloudy,N
2024-09-04,Chandigarh,10.7,,49,96.0,37.0,11.0,rain,yes
05-09-2024,Chandigarh,53.5,F,42,1.5,16.6,2.7,Fog,N
2024-09-06,Chandigarh,67.9,F,71,0.7,29.5,6.4,Cloudy,N
2024-09-07,Chandigarh,17.8,C,-,1.2,8.3,8.6,Cloudy,N
2024-09-08,Chandigarh,58.0,F,63,0.0,11.6,10.3,Clear,N
2024-09-09,Chandigarh,17.5,C,85,1.3,11.0,5.7,Clear,N
2024-09-10,Chandigarh,20.5,C,N/A,0.7,9.2,10.8,Sunny,N
2024-09-12,Chandigarh,18.7,C,91,1.9,8.5,9.8,Cloudy,N
13-09-2024,Chandigarh,17.6,C,46,76.5,16.3,5.0,Rain,N
2024-09-14,Chandigarh,16.8,C,89,1.6,34.3,7.7,Clear,N
15-09-2024,Chandigarh,17.1,C,93,0.3,3.0,6.0,Clear,N
2024-09-16,Chandigarh,26.4,C,85,1.3,20.7,7.9,Clear,N
2024-09-17,Chandigarh,17.9,C,92,1.1,33.7,4.2,Clear,N
2024-09-18,Chandigarh,14.9,C,33,1.0,39.8,2.0,Fog,N
19-09-2024,Chandigarh,18.7,C,90,9.8,22.1,6.5,Thunderstorm,Y
2024-09-20,Chandigarh,13.2,C,47,0.9,43.0,1.6,Fog,N
21-09-2024,Chandigarh,63.1,F,45,36.7,4.7,10.9,Rain,
2024-09-22,Chandigarh,14.3,C,86,70.6,30.2,7.3,Heavy Rain,Y
2024-09-23,Chandigarh,21.0,C,45,95.8,33.2,8.2,Rain,
2024-09-24,Chandigarh,13.2,,93,1.6,38.0,6.0,Cloudy,N
25-09-2024,Chandigarh,15.3,C,80,39.4,37.2,5.5,Rain,Y
26-09-2024,Chandigarh,19.2,C,94,27.0,42.4,10.3,Rain,Y
27-09-2024,Chandigarh,17.6,C,82,0.2,33.4,6.2,Cloudy,N
2024-09-28,Chandigarh,23.3,,88,1.1,3.8,5.7,Clear,N
2024-09-29,Chandigarh,16.7,,97,0.2,11.6,11.4,Clear,N
2024-09-30,Chandigarh,10.9,,72,85.9,32.3,9.1,Rain,yes
01-10-2024,Chandigarh,66.2,F,97,1.4,27.0,10.6,Cloudy,N
02-10-2024,Chandigarh,-,C,30,57.0,38.0,7.1,Rain,Y
2024-10-03,Chandigarh,18.5,C,87,1.6,8.7,10.5,Cloudy,N
04-10-2024,Chandigarh,69.2,,68,0.2,15.4,8.0,Clear,N
2024-10-05,Chandigarh,61.8,F,76,0.9,26.4,9.6,Cloudy,N
06-10-2024,Chandigarh,N/A,C,82,21.4,22.0,8.9,Rain,
2024-10-07,Chandigarh,20.4,C,70,107.5,21.4,9.0,Rain,N
2024-10-08,Chandigarh,16.1,C,50,24.3,4.5,9.0,Rain,Y
09-10-2024,Chandigarh,60.6,,62,1.7,32.1,5.0,Sunny,N
10-10-2024,Chandigarh,10.9,C,79,18.0,33.2,4.6,Rain,Y
11-10-2024,Chandigarh,12.2,C,73,118.5,21.3,9.7,Heavy Rain,N
2024-10-12,Chandigarh,61.5,,51,17.3,17.2,10.9,Heavy Rain,N
13-10-2024,Chandigarh,14.9,C,84,2.0,33.2,7.4,Clear,N
14-10-2024,Chandigarh,19.3,C,46,11.9,6.6,4.1,Heavy Rain,Y
15-10-2024,Chandigarh,15.1,C,97,0.8,39.4,8.4,Clear,N
2024-10-16,Chandigarh,22.8,C,82,1.5,26.3,10.6,Cloudy,N
2024-10-17,Chandigarh,15.4,C,78,106.2,15.9,9.3,Rain,N
18-10-2024,Chandigarh,9.8,C,45,0.5,35.6,9.6,Cloudy,N
19-10-2024,Chandigarh,14.2,C,62,17.0,15.5,8.9,rain,no
20-10-2024,Chandigarh,21.1,C,79,0.4,11.2,5.9,Cloudy,N
21-10-2024,Chandigarh,18.2,C,34,1.3,2.6,5.1,Clear,N
23-10-2024,Chandigarh,15.5,C,98,102.2,30.6,8.9,Heavy Rain,yes
2024-10-24,Chandigarh,16.5,C,91,0.4,10.2,9.6,Sunny,N
2024-10-25,Chandigarh,21.5,C,78,1.2,41.6,5.0,clear,N
26-10-2024,Chandigarh,46.7,F,93,1.5,6.6,5.2,Sunny,N
27-10-2024,Chandigarh,14.8,C,97,34.6,26.2,10.8,Rain,N
28-10-2024,Chandigarh,19.5,C,55,54.2,17.3,8.8,Thunderstorm,
2024-10-29,Chandigarh,59.9,F,41,68.7,34.8,9.7,Heavy Rain,N
30-10-2024,Chandigarh,60.9,F,36,0.3,35.0,8.2,Cloudy,N
31-10-2024,Chandigarh,12.6,C,65,0.9,33.6,6.9,Clear,N
01-11-2024,Chandigarh,17.5,,62,1.3,21.1,2.9,Fog,N
02-11-2024,Chandigarh,14.3,C,70,1.8,18.6,7.6,Clear,N
2024-11-03,Chandigarh,17.2,,45,2.0,31.5,8.8,clear,N
2024-11-04,Chandigarh,17.2,C,50,1.8,7.2,7.3,Clear,N
05-11-2024,Chandigarh,14.3,C,92,116.0,4.2,11.3,Rain,N
06-11-2024,Chandigarh,16.8,C,97,0.7,18.8,6.6,Clear,N
07-11-2024,Chandigarh,23.6,C,31,1.4,24.5,10.9,Cloudy,N
2024-11-08,Chandigarh,63.5,,64,0.4,30.2,6.5,Clear,N
09-11-2024,Chandigarh,16.4,C,51,0.6,9.8,12.0,Clear,N
10-11-2024,Chandigarh,19.1,C,85,15.7,32.0,9.4,Rain,Y
11-11-2024,Chandigarh,12.5,C,41,0.3,16.7,7.2,Clear,N
12-11-2024,Chandigarh,17.2,,90,45.5,9.1,9.5,Rain,N
2024-11-13,Chandigarh,20.2,C,88,0.9,44.5,8.1,clear,N
2024-11-14,Chandigarh,13.3,,55,0.8,7.9,7.0,Sunny,N
2024-11-15,Chandigarh,16.4,C,  ,0.3,7.0,7.7,Cloudy,N
16-11-2024,Chandigarh,13.4,C,58,1.6,16.0,8.4,Sunny,N
17-11-2024,Chandigarh,20.1,C,86,0.8,24.6,8.6,clear,N
18-11-2024,Chandigarh,20.5,C,84,0.7,43.0,4.2,Cloudy,N
19-11-2024,Chandigarh,16.8,,65,0.2,18.6,5.0,Cloudy,N
20-11-2024,Chandigarh,19.8,C,32,0.1,37.6,1.7,Fog,N
21-11-2024,Chandigarh,19.0,C,73,0.5,33.7,8.6,CLEAR,N
2024-11-22,Chandigarh,19.1,C,98,1.8,23.9,7.6,Clear,N
2024-11-23,Chandigarh,20.6,,61,0.8,32.0,4.9,Cloudy,N
2024-11-24,Chandigarh,17.7,,87,1.6,44.4,10.0,Clear,N
25-11-2024,Chandigarh,18.3,,30,13.9,12.1,9.8,rain,no
26-11-2024,Chandigarh,21.5,C,36,1.6,11.8,11.2,CLEAR,N
2024-11-27,Chandigarh,17.4,C,74,1.9,44.8,10.4,Cloudy,N
28-11-2024,Chandigarh,21.8,C,60,44.4,24.6,5.0,Rain,
29-11-2024,Chandigarh,19.8,,71,1.5,41.9,10.6,Clear,N
30-11-2024,Chandigarh,16.0,C,61,101.7,21.3,10.5,Rain,N
2024-12-01,Chandigarh,19.4,,49,1.1,14.6,9.6,clear,N
02-12-2024,Chandigarh,69.5,,84,52.7,35.9,7.6,Rain,
2024-12-03,Chandigarh,22.3,C,33,0.9,22.1,7.1,Clear,N
2024-12-04,Chandigarh,20.8,C,45,119.6,11.0,9.7,Heavy Rain,N
05-12-2024,Chandigarh,20.1,,83,0.5,43.6,8.6,Sunny,N
2024-12-06,Chandigarh,18.0,,74,20.1,40.6,9.5,Thunderstorm,
07-12-2024,Chandigarh,20.7,C,58,9.8,16.2,4.4,Rain,Y
08-12-2024,Chandigarh,16.8,,73,30.2,43.2,9.4,Heavy Rain,N
09-12-2024,Chandigarh,17.5,,51,0.7,12.9,11.0,Cloudy,N
10-12-2024,Chandigarh,17.7,C,61,1.7,27.2,7.3,Clear,N
2024-12-11,Chandigarh,19.0,C,91,0.6,13.2,6.3,Cloudy,N
2024-12-12,Chandigarh,-,C,81,1.6,32.1,11.1,Clear,N
13-12-2024,Chandigarh,75.5,,83,0.2,11.8,10.4,CLEAR,N
14-12-2024,Chandigarh,24.2,,35,0.1,17.7,9.2,Cloudy,N
2024-12-15,Chandigarh,67.1,,80,20.1,7.9,8.8,Rain,no
2024-12-16,Chandigarh,70.4,F,40,0.3,14.2,1.3,Fog,N
17-12-2024,Chandigarh,76.5,F,32,0.1,11.9,11.4,Cloudy,N
18-12-2024,Chandigarh,23.8,C,49,0.4,17.1,4.4,Clear,N
2024-12-19,Chandigarh,22.7,,64,0.1,3.6,10.3,Clear,N
2024-12-20,Chandigarh,23.1,C,89,37.8,13.4,10.1,Rain,Y
2024-12-21,Chandigarh,23.5,,74,57.7,19.1,6.4,Rain,Y
22-12-2024,Chandigarh,20.9,C,42,2.0,25.7,2.2,Fog,N
2024-12-23,Chandigarh,16.8,C,43,0.6,22.5,8.1,clear,N
24-12-2024,Chandigarh,23.0,C,53,95.7,43.1,7.7,rain,N
25-12-2024,Chandigarh,24.6,,66,0.4,36.0,2.0,Fog,N
2024-12-26,Chandigarh,23.3,C,56,65.6,32.7,4.2,Rain,Y
27-12-2024,Chandigarh,25.6,,32,25.3,35.2,10.4,Rain,N
28-12-2024,Chandigarh,23.6,C,64,1.3,22.3,5.8,Sunny,N
29-12-2024,Chandigarh,21.4,C,65,2.0,15.9,7.4,Sunny,N
30-12-2024,Chandigarh,21.2,C,59,1.1,42.5,10.4,Cloudy,N
2024-12-31,Chandigarh,22.7,C,33,0.6,7.2,5.6,Cloudy,N
2025-01-01,Chandigarh,21.0,C,38,1.3,3.6,8.2,clear,N
2025-01-02,Chandigarh,20.9,C,85,45.7,12.3,4.6,rain,
2025-01-03,Chandigarh,76.3,F,37,78.4,17.0,8.7,Rain,N
04-01-2025,Chandigarh,27.4,C,37,0.6,32.8,5.9,Cloudy,N
05-01-2025,Chandigarh,26.7,C,72,50.9,25.5,7.9,Heavy Rain,N
06-01-2025,Chandigarh,22.1,C,49,1.2,38.3,6.2,Clear,N
07-01-2025,Chandigarh,25.8,,78,0.6,4.1,11.2,CLEAR,N
2025-01-08,Chandigarh,80.1,F,41,1.6,7.6,9.9,Sunny,N
2025-01-09,Chandigarh,27.2,C,49,1.7,44.4,1.3,Fog,N
10-01-2025,Chandigarh,28.4,C,59,69.7,15.4,10.6,Rain,yes
11-01-2025,Chandigarh,20.7,C,49,0.3,10.9,6.6,Clear,N
12-01-2025,Chandigarh,29.8,,32,1.6,26.6,10.3,Cloudy,N
2025-01-13,Chandigarh,22.6,C,58,0.8,19.7,1.7,Fog,N
14-01-2025,Chandigarh,26.4,C,60,0.1,30.7,1.8,Fog,N
15-01-2025,Chandigarh,24.5,C,94,0.5,21.3,10.9,Cloudy,N
16-01-2025,Chandigarh,29.1,C,66,0.6,7.9,8.1,Cloudy,N
17-01-2025,Chandigarh,25.9,C,29,37.5,34.6,4.6,Rain,
18-01-2025,Chandigarh,24.4,C,67,115.5,18.8,11.7,Thunderstorm,yes
19-01-2025,Chandigarh,27.2,C,34,1.3,25.7,8.2,Clear,N
20-01-2025,Chandigarh,27.4,C,70,0.6,21.4,7.4,Cloudy,N
2025-01-21,Chandigarh,22.4,C,48,0.1,7.3,5.2,Clear,N
22-01-2025,Chandigarh,28.3,,73,1.5,12.2,8.7,Clear,N
2025-01-23,Chandigarh,75.8,,46,0.9,44.9,11.5,Clear,N
24-01-2025,Chandigarh,29.5,,35,1.4,36.7,7.4,Sunny,N
25-01-2025,Chandigarh,30.6,C,65,1.7,36.3,7.2,Clear,N
26-01-2025,Chandigarh,23.4,C,88,1.3,10.1,4.9,clear,N
2025-01-27,Chandigarh,25.2,,31,0.5,29.0,9.3,Cloudy,N
28-01-2025,Chandigarh,75.7,,66,0.5,24.4,4.7,Clear,N
29-01-2025,Chandigarh,21.1,,89,1.8,4.4,5.0,Clear,N
30-01-2025,Chandigarh,31.5,,37,2.0,35.8,9.4,Cloudy,N
31-01-2025,Chandigarh,24.9,C,40,60.9,13.8,5.1,Rain,N
2025-02-01,Chandigarh,29.1,C,74,0.0,42.6,7.4,Sunny,N
2025-02-02,Chandigarh,29.1,C,66,1.2,33.1,8.5,Clear,N
03-02-2025,Chandigarh,23.8,C,32,2.0,41.6,12.0,Cloudy,N
04-02-2025,Chandigarh,32.2,C,55,0.2,35.3,0.5,Fog,N
05-02-2025,Chandigarh,25.7,C,91,0.1,29.0,4.0,Clear,N
06-02-2025,Chandigarh,31.8,C,38,0.1,40.6,6.8,Sunny,N
07-02-2025,Chandigarh,79.6,F,53,1.6,28.3,8.5,Sunny,N
08-02-2025,Chandigarh,30.5,C,54,8.8,38.4,10.3,rain,N
09-02-2025,Chandigarh,30.6,,89,16.6,35.7,6.5,rain,N
10-02-2025,Chandigarh,22.9,C,87,0.9,14.7,6.0,clear,N
11-02-2025,Chandigarh,34.0,C,80,1.9,26.2,6.3,Cloudy,N
12-02-2025,Chandigarh,31.7,C,67,0.4,29.7,11.5,Cloudy,N
13-02-2025,Chandigarh,85.4,F,46,107.3,41.9,8.6,Rain,no
2025-02-14,Chandigarh,27.0,C,62,107.2,33.2,10.7,Heavy Rain,Y
2025-02-15,Chandigarh,23.8,,69,0.7,10.9,8.5,CLEAR,N
2025-02-16,Chandigarh,23.9,C,93,0.1,38.2,11.3,Sunny,N
2025-02-17,Chandigarh,34.7,C,42,1.5,18.2,4.7,Clear,N
18-02-2025,Chandigarh,32.2,C,46,0.2,31.1,8.7,Sunny,N
2025-02-19,Chandigarh,29.4,C,38,117.0,36.5,10.6,rain,Y
20-02-2025,Chandigarh,32.8,C,64,1.1,37.5,10.4,Clear,N
21-02-2025,Chandigarh,27.6,C,71,1.5,20.9,11.3,Sunny,N
22-02-2025,Chandigarh,28.0,C,93,1.9,6.0,1.6,Fog,N
23-02-2025,Chandigarh,27.8,C,85,0.3,12.8,5.2,Cloudy,N
2025-02-24,Chandigarh,26.7,C,53,69.0,23.2,6.4,Thunderstorm,
2025-02-25,Chandigarh,27.8,C,48,0.5,42.5,9.2,Clear,N
2025-02-26,Chandigarh,28.9,C,32,0.5,17.3,9.0,Clear,N
2025-02-27,Chandigarh,33.4,C,45,0.2,25.1,8.6,Sunny,N
2025-02-28,Chandigarh,31.2,,67,37.1,39.7,10.8,Thunderstorm,N
01-03-2025,Chandigarh,88.7,F,40,1.5,28.2,9.3,Cloudy,N
2025-03-02,Chandigarh,-,C,62,90.5,19.3,10.7,Rain,yes
2025-03-03,Chandigarh,35.3,C,51,0.1,30.9,2.0,Fog,N
2025-03-04,Chandigarh,30.6,C,46,0.9,4.9,4.7,Cloudy,N
05-03-2025,Chandigarh,33.2,C,53,0.0,39.0,5.2,Cloudy,N
06-03-2025,Chandigarh,25.5,C,35,1.4,29.4,6.3,Clear,N
07-03-2025,Chandigarh,90.5,F,  ,1.7,15.7,7.5,Clear,N
2025-03-08,Chandigarh,36.3,C,55,1.2,37.0,9.8,Cloudy,N
09-03-2025,Chandigarh,36.1,C,68,1.3,14.4,9.5,Cloudy,N
2025-03-10,Chandigarh,26.6,,97,1.5,20.7,10.8,Cloudy,N
2025-03-11,Chandigarh,32.0,,31,93.9,39.4,4.0,Rain,
2025-03-12,Chandigarh,29.8,,65,0.5,25.6,4.1,Clear,N
2025-03-13,Chandigarh,32.6,C,87,0.0,23.5,7.8,clear,N
14-03-2025,Chandigarh,30.4,C,71,118.1,21.3,9.8,Rain,yes
2025-03-15,Chandigarh,30.5,,32,1.1,11.1,7.9,Cloudy,N
16-03-2025,Chandigarh,30.3,,73,1.9,16.8,5.5,Clear,N
17-03-2025,Chandigarh,  ,,72,1.2,41.2,8.0,clear,N
2025-03-18,Chandigarh,33.4,,40,63.6,20.0,8.8,Heavy Rain,Y
19-03-2025,Chandigarh,36.3,,71,0.3,12.2,2.8,Fog,N
2025-03-20,Chandigarh,31.5,C,43,1.4,40.2,7.2,Sunny,N
21-03-2025,Chandigarh,32.3,C,33,1.1,23.3,6.9,Cloudy,N
2025-03-22,Chandigarh,31.1,C,96,1.6,25.9,8.9,Sunny,N
23-03-2025,Chandigarh,29.1,C,73,0.6,7.0,5.8,Cloudy,N
2025-03-24,Chandigarh,36.6,C,91,83.9,44.9,9.4,Thunderstorm,no
25-03-2025,Chandigarh,35.9,,53,5.1,23.2,8.4,Heavy Rain,
2025-03-26,Chandigarh,32.4,C,80,0.6,30.6,11.7,Cloudy,N
27-03-2025,Chandigarh,37.7,C,97,115.4,3.8,5.9,Thunderstorm,yes
28-03-2025,Chandigarh,87.6,F,89,0.3,5.7,4.7,Cloudy,N
29-03-2025,Chandigarh,35.5,C,33,97.0,31.7,4.1,Rain,N
30-03-2025,Chandigarh,30.5,C,74,1.0,28.3,5.6,Sunny,N
31-03-2025,Chandigarh,97.5,F,81,83.3,26.3,7.0,Rain,yes
01-04-2025,Chandigarh,29.6,,60,101.6,20.8,11.1,Rain,yes
02-04-2025,Chandigarh,33.9,,47,0.5,40.9,0.6,Fog,N
03-04-2025,Chandigarh,91.1,F,78,0.4,33.1,7.2,Clear,N
04-04-2025,Chandigarh,25.5,,null,0.2,20.7,5.3,Cloudy,N
2025-04-05,Chandigarh,30.4,,53,0.9,19.0,1.4,Fog,N
06-04-2025,Chandigarh,28.0,C,70,0.8,21.4,11.2,clear,N
2025-04-07,Chandigarh,31.7,,29,0.6,28.6,4.2,Sunny,N
08-04-2025,Chandigarh,101.7,F,43,42.2,36.9,5.3,Heavy Rain,N
09-04-2025,Chandigarh,33.5,C,29,1.5,24.4,4.0,Clear,N
2025-04-10,Chandigarh,35.1,C,94,64.0,17.1,8.7,Rain,N
11-04-2025,Chandigarh,32.3,C,70,1.5,7.2,11.2,CLEAR,N
2025-04-12,Chandigarh,26.7,C,60,24.0,37.6,8.4,Rain,N
13-04-2025,Chandigarh,N/A,C,85,1.1,6.2,4.1,Clear,N
2025-04-14,Chandigarh,33.4,,92,0.7,19.5,7.4,Cloudy,N
15-04-2025,Chandigarh,35.1,C,85,98.7,27.8,6.8,Rain,N
16-04-2025,Chandigarh,37.5,C,43,0.9,32.3,9.1,CLEAR,N
17-04-2025,Chandigarh,31.6,C,67,1.9,21.9,5.2,Cloudy,N
2025-04-18,Chandigarh,33.8,C,59,109.2,39.7,8.2,Rain,N
2025-04-19,Chandigarh,,C,91,1.4,25.6,8.8,Clear,N
20-04-2025,Chandigarh,32.2,,53,1.7,5.6,9.7,Clear,N
21-04-2025,Chandigarh,30.1,C,88,108.8,8.1,4.5,Thunderstorm,yes
22-04-2025,Chandigarh,29.4,C,44,0.7,5.6,7.3,Sunny,N
23-04-2025,Chandigarh,29.7,,81,0.1,22.4,2.1,Fog,N
2025-04-24,Chandigarh,29.8,C,40,1.4,12.8,9.4,CLEAR,N
25-04-2025,Chandigarh,27.6,C,43,0.3,3.3,5.0,Clear,N
26-04-2025,Chandigarh,92.0,F,30,13.4,19.2,4.9,rain,no
27-04-2025,Chandigarh,28.7,C,36,2.0,44.4,10.1,Sunny,N
28-04-2025,Chandigarh,31.2,C,82,1.3,41.6,9.0,Clear,N
2025-04-29,Chandigarh,25.9,,91,1.0,25.0,4.4,Sunny,N
2025-04-30,Chandigarh,88.9,,28,1.1,24.0,10.8,Cloudy,N
2025-05-01,Chandigarh,30.6,C,97,1.2,32.4,10.4,Cloudy,N
2025-05-02,Chandigarh,26.4,,unknown,1.5,11.5,8.2,Clear,N
03-05-2025,Chandigarh,87.9,,45,0.5,42.6,6.8,CLEAR,N
2025-05-04,Chandigarh,28.9,C,98,0.2,2.0,0.4,Fog,N
2025-05-05,Chandigarh,32.4,,73,70.5,20.8,10.8,Rain,Y
2025-05-06,Chandigarh,77.3,F,28,0.3,41.7,11.9,Cloudy,N
07-05-2025,Chandigarh,26.9,C,82,1.1,5.1,4.3,Sunny,N
08-05-2025,Chandigarh,33.9,C,64,0.0,24.8,10.9,Clear,N
09-05-2025,Chandigarh,85.4,F,63,1.7,26.4,0.8,Fog,N
10-05-2025,Chandigarh,32.0,C,69,1.8,24.3,10.8,clear,N
2025-05-11,Chandigarh,27.7,C,31,0.0,20.7,8.3,Sunny,N
12-05-2025,Chandigarh,25.9,C,35,1.8,26.9,7.9,Cloudy,N
2025-05-13,Chandigarh,25.2,,96,1.6,3.9,4.6,Cloudy,N
2025-05-14,Chandigarh,30.7,,30,0.2,24.8,5.1,Cloudy,N
15-05-2025,Chandigarh,31.0,C,50,2.0,36.3,9.6,Cloudy,N
16-05-2025,Chandigarh,24.9,C,35,0.5,5.2,6.7,Clear,N
2025-05-17,Chandigarh,29.8,,55,78.0,18.2,4.5,Rain,
2025-05-18,Chandigarh,30.6,C,85,56.3,39.2,5.2,rain,Y
2025-05-19,Chandigarh,31.1,,66,1.7,26.0,4.2,Clear,N
2025-05-20,Chandigarh,79.5,F,29,32.7,44.7,7.4,Rain,Y
2025-05-21,Chandigarh,27.7,C,62,93.4,7.3,8.1,Rain,
2025-05-22,Chandigarh,29.5,C,32,1.6,6.8,8.9,clear,N
2025-05-23,Chandigarh,28.4,C,unknown,1.9,12.1,7.1,Clear,N
24-05-2025,Chandigarh,28.1,C,78,0.1,35.3,4.5,Cloudy,N
2025-05-25,Chandigarh,32.7,C,68,0.8,43.8,7.8,CLEAR,N
2025-05-26,Chandigarh,29.5,C,75,1.8,26.9,7.1,Cloudy,N
27-05-2025,Chandigarh,24.8,C,94,1.2,14.4,10.1,Clear,N
2025-05-28,Chandigarh,73.9,F,89,1.8,21.7,10.7,Sunny,N
2025-05-29,Chandigarh,26.6,,64,0.3,34.9,9.2,CLEAR,N
30-05-2025,Chandigarh,75.9,F,80,0.2,34.7,5.7,Clear,N
31-05-2025,Chandigarh,29.9,C,52,117.5,10.2,10.9,Thunderstorm,yes
01-06-2025,Chandigarh,25.1,C,39,0.6,26.3,10.9,Cloudy,N
2025-06-02,Chandigarh,28.8,C,67,0.4,31.4,8.9,CLEAR,N
03-06-2025,Chandigarh,28.4,C,98,58.5,-,10.4,Rain,yes
2025-06-04,Chandigarh,31.0,C,42,1.8,4.3,8.1,Clear,N
05-06-2025,Chandigarh,29.0,C,46,107.5,4.2,4.3,Rain,Y
2025-06-06,Chandigarh,26.3,C,94,0.4,11.4,3.0,Fog,N
07-06-2025,Chandigarh,28.0,C,46,63.2,11.2,10.4,rain,
08-06-2025,Chandigarh,24.3,,45,86.1,16.9,10.7,Thunderstorm,N
2025-06-09,Chandigarh,30.1,C,95,100.9,22.9,9.3,Rain,no
10-06-2025,Chandigarh,null,C,37,7.9,14.9,9.3,rain,no
11-06-2025,Chandigarh,77.1,F,78,1.6,16.6,10.7,Clear,N
12-06-2025,Chandigarh,24.8,C,95,0.9,23.0,11.1,Sunny,N
2025-06-13,Chandigarh,20.8,C,29,1.3,9.1,9.4,Cloudy,N
14-06-2025,Chandigarh,25.6,C,69,0.5,3.4,10.4,Clear,N
2025-06-15,Chandigarh,29.3,C,76,0.0,20.2,2.6,Fog,N
17-06-2025,Chandigarh,28.1,C,77,1.8,36.2,5.2,Clear,N
18-06-2025,Chandigarh,26.8,,41,0.5,28.6,11.2,Clear,N
19-06-2025,Chandigarh,28.2,C,88,1.7,43.5,6.1,Cloudy,N
2025-06-20,Chandigarh,24.0,,61,102.9,39.8,6.6,Rain,N
2025-06-21,Chandigarh,26.3,C,63,2.0,15.2,6.7,Cloudy,N
22-06-2025,Chandigarh,20.6,C,33,0.6,7.4,5.1,Clear,N
23-06-2025,Chandigarh,22.6,,88,1.6,41.4,6.9,Cloudy,N
2025-06-24,Chandigarh,24.1,C,56,1.9,32.3,8.0,Clear,N
2025-06-25,Chandigarh,28.3,C,,1.9,36.2,4.5,Clear,N
2025-06-26,Chandigarh,24.1,C,45,0.4,25.4,7.8,Cloudy,N
27-06-2025,Chandigarh,21.2,C,62,1.9,42.1,7.1,Clear,N
28-06-2025,Chandigarh,19.9,C,60,14.5,33.7,5.4,Thunderstorm,
29-06-2025,Chandigarh,27.6,C,93,6.7,2.8,7.2,Rain,N
30-06-2025,Chandigarh,64.2,F,33,1.6,22.8,11.8,Clear,N
01-07-2025,Chandigarh,26.4,C,97,1.2,43.3,4.9,Cloudy,N
21-01-2025,Hyderabad,28.0,C,79,0.4,,7.2,Clear,N
2025-02-27,Ahmedabad,28.1,C,67,65.4,12.1,10.4,Heavy Rain,N
2024-04-15,Ahmedabad,30.6,C,36,0.8,10.0,11.7,Clear,N
21-02-2025,Pune,N/A,C,62,0.9,24.9,4.8,Cloudy,N
17-09-2024,Gurugram,12.4,C,61,12.0,8.4,4.3,Thunderstorm,N
2025-06-27,Visakhapatnam,23.0,C,66,1.0,30.8,4.8,Clear,N
2025-04-26,Madurai,32.0,C,94,0.8,10.7,7.2,Clear,N
2025-01-15,Kochi,24.6,C,82,0.5,22.0,2.6,Fog,N
2024-02-22,Coimbatore,27.6,C,77,2.0,40.3,4.2,Clear,N
2025-06-15,Hyderabad,27.4,C,62,0.7,28.0,8.2,Sunny,N
06-11-2024,Guwahati,14.5,C,86,0.6,3.2,6.6,Clear,N
26-07-2024,Nagpur,23.2,C,74,0.4,36.0,9.6,Sunny,N
2024-12-12,Chandigarh,-,C,81,1.6,32.1,11.1,Clear,N
24-12-2024,Madurai,18.4,C,56,0.7,13.9,9.9,clear,N
2024-05-24,Mysuru,  ,C,41,16.4,18.8,10.5,Heavy Rain,no
2025-04-15,Kolkata,34.8,C,88,0.4,4.3,9.1,clear,N
09-03-2025,Nagpur,27.3,C,unknown,38.6,39.5,5.4,rain,N
2025-06-01,Hyderabad,24.7,C,65,0.0,36.6,11.9,Clear,N
2025-04-06,Delhi,27.9,,90,1.0,33.9,9.0,Cloudy,N
2024-08-14,Jaipur,18.7,C,85,15.4,4.4,6.8,Rain,
2024-01-04,Mysuru,26.0,C,95,1.9,43.4,4.6,Cloudy,N
2024-08-28,Ahmedabad,15.0,C,31,0.5,9.8,9.9,Cloudy,N
16-02-2025,Kolkata,29.2,C,59,1.1,19.6,5.7,CLEAR,N
2025-01-12,Hyderabad,25.9,C,89,40.3,11.6,8.3,Thunderstorm,yes
2024-06-04,Visakhapatnam,29.0,C,40,0.8,42.5,7.2,Cloudy,N
20-12-2024,Delhi,24.4,C,77,1.3,6.2,5.7,Clear,N
16-01-2024,Coimbatore,77.4,,95,0.6,16.8,6.5,Sunny,N
08-10-2024,Madurai,15.0,C,74,14.8,43.2,6.9,Heavy Rain,N
12-01-2025,Chandigarh,29.8,,32,1.6,26.6,10.3,Cloudy,N
17-12-2024,Guwahati,16.5,C,91,0.3,39.0,4.8,Clear,N
2024-11-22,Bengaluru,17.4,,71,0.2,9.9,4.9,Clear,N
05-08-2024,Mysuru,16.6,C,85,0.7,2.0,5.5,CLEAR,N
2025-05-22,Pune,32.5,,42,1.9,  ,7.8,Clear,N
2025-06-17,Visakhapatnam,25.0,C,91,0.9,40.0,4.9,Sunny,N
2025-04-08,Madurai,101.3,F,65,1.4,29.8,4.1,Cloudy,N
22-04-2025,Madurai,34.7,C,58,44.1,20.4,6.5,Rain,
12-01-2025,Gurugram,25.8,C,78,11.9,28.6,11.1,Thunderstorm,N
06-03-2025,Mysuru,33.7,,42,49.3,40.9,8.6,Rain,N
2024-10-09,Bengaluru,58.7,F,47,101.0,23.6,10.5,Rain,
2025-03-31,Pune,28.5,C,44,0.1,24.1,10.8,Clear,N
15-11-2024,Ahmedabad,15.7,C,NA,77.1,12.6,10.5,Rain,Y
17-01-2024,Chandigarh,29.0,C,81,0.9,32.0,4.1,Sunny,N
21-02-2024,Gurugram,31.3,C,95,1.9,31.6,9.0,Clear,N
2024-05-18,Hyderabad,-,C,51,0.3,27.8,7.9,Clear,N
26-06-2025,Guwahati,31.0,C,62,0.8,40.7,7.0,Cloudy,N
01-03-2024,Mysuru,36.3,C,42,1.4,9.0,10.7,Clear,N
2024-05-12,Mumbai,28.7,,57,0.1,32.0,8.6,Clear,N
05-04-2024,Kolkata,32.9,C,70,1.5,37.5,2.0,Fog,N
23-09-2024,Ahmedabad,17.6,C,80,1.6,4.2,0.7,Fog,N
2024-11-26,Ahmedabad,68.1,F,76,1.9,37.5,4.1,Cloudy,N
2025-04-12,Delhi,30.3,C,67,0.5,22.7,11.0,clear,N
2025-04-07,Lucknow,35.4,C,53,0.5,29.9,7.4,Clear,N
16-09-2024,Nagpur,13.6,C,92,12.9,41.4,4.5,Rain,N
07-03-2025,Gurugram,32.5,C,60,24.3,15.8,7.3,Rain,N
2024-12-02,Madurai,19.9,C,81,0.4,35.1,11.9,Cloudy,N
03-01-2024,Mysuru,24.7,C,53,0.0,19.1,4.8,Clear,N
09-10-2024,Chandigarh,60.6,,62,1.7,32.1,5.0,Sunny,N
03-02-2024,Kochi,28.8,C,91,0.8,2.4,9.7,Clear,N
2024-01-01,Nagpur,18.1,,52,0.7,41.0,6.5,Cloudy,N
2025-01-17,Gurugram,25.2,C,75,0.0,40.4,9.1,Clear,N
05-12-2024,Guwahati,20.0,C,66,0.3,32.3,7.6,Clear,N
2024-07-20,Jaipur,16.2,C,97,40.4,36.9,5.5,Heavy Rain,N
27-04-2024,Bhubaneswar,30.8,C,70,1.7,21.9,6.3,Clear,N
08-04-2024,Bengaluru,30.0,C,68,0.8,37.0,9.8,clear,N
2025-06-04,Ahmedabad,32.9,C,70,0.7,18.7,7.9,Clear,N
2025-04-15,Pune,35.1,C,null,0.9,21.8,10.6,Cloudy,N
22-05-2024,Kochi,24.1,C,81,1.3,2.5,8.7,Sunny,N
2024-03-20,Visakhapatnam,28.3,C,29,1.9,13.9,6.2,Clear,N
13-03-2025,Kochi,32.6,,48,1.3,21.6,11.2,Cloudy,N
2024-11-17,Kochi,20.5,C,62,83.8,20.7,7.7,Rain,no
06-01-2025,Chandigarh,22.1,C,49,1.2,38.3,6.2,Clear,N
23-06-2025,Madurai,26.2,,76,0.4,23.5,6.2,CLEAR,N
2025-02-12,Hyderabad,28.7,C,55,58.2,8.8,11.6,Heavy Rain,yes
17-04-2024,Coimbatore,34.8,,46,0.5,7.2,8.3,Clear,N
23-10-2024,Delhi,20.3,,95,99.2,21.6,11.0,Heavy Rain,N
30-05-2024,Coimbatore,23.3,C,64,1.3,,4.4,Cloudy,N
2024-06-22,Hyderabad,25.6,C,N/A,0.9,11.3,5.9,Cloudy,N
21-03-2025,Pune,32.8,,81,1.7,20.7,8.6,Sunny,N
25-01-2024,Kolkata,21.6,C,57,1.7,35.2,4.7,clear,N
19-02-2025,Hyderabad,95.6,F,28,0.7,33.9,1.6,Fog,N
2025-06-27,Hyderabad,27.3,C,85,58.1,30.0,11.0,Thunderstorm,N
2025-05-25,Chennai,31.4,C,86,0.8,25.1,10.4,Cloudy,N
2025-05-11,Chennai,35.8,C,87,106.5,36.1,7.2,Thunderstorm,N
2025-03-07,Madurai,98.0,F,78,86.3,2.5,9.9,Rain,N
02-01-2025,Guwahati,23.0,C,81,0.1,29.9,4.9,Clear,N
06-02-2025,Bengaluru,32.9,C,57,0.5,23.4,8.4,Sunny,N
31-05-2025,Jaipur,24.8,C,61,109.3,37.4,5.2,Thunderstorm,no
25-11-2024,Jaipur,20.2,C,53,0.8,null,7.7,Clear,N
2024-03-01,Jaipur,36.1,C,47,1.1,38.3,11.5,Sunny,N
01-07-2024,Ahmedabad,22.0,,93,1.8,20.2,9.9,Clear,N
28-04-2025,Kolkata,28.8,,49,0.9,44.0,11.0,Clear,N
04-06-2025,Madurai,28.1,,67,19.8,37.1,11.9,Thunderstorm,
2024-03-04,Coimbatore,32.3,C,88,1.1,39.5,11.4,Sunny,N
2024-05-05,Delhi,20.4,C,72,51.5,24.7,6.1,Rain,N
06-06-2025,Coimbatore,83.7,F,58,90.9,24.2,11.5,Rain,no
28-02-2024,Visakhapatnam,88.6,F,53,1.3,16.9,8.8,Clear,N
2025-03-22,Mysuru,34.4,C,57,1.5,30.6,5.0,Clear,N
2025-04-01,Ahmedabad,35.9,,82,66.1,20.2,5.6,Rain,yes
2025-03-19,Lucknow,32.7,,77,30.3,22.1,4.6,rain,yes
2024-01-25,Bengaluru,23.0,,49,0.0,11.1,11.9,Sunny,N
2024-06-20,Kochi,75.2,,-,1.5,41.9,6.8,Cloudy,N
11-01-2024,Mumbai,23.0,C,52,1.8,44.4,4.4,Cloudy,N
13-02-2024,Chennai,26.2,C,42,1.8,31.5,11.8,clear,N
05-01-2025,Mumbai,19.1,C,32,1.8,40.4,9.3,CLEAR,N
2025-01-22,Madurai,81.4,,  ,1.2,35.1,0.9,Fog,N
2024-01-21,Bengaluru,27.0,C,85,0.6,16.2,2.2,Fog,N
21-02-2024,Kolkata,34.4,,46,0.1,26.5,4.6,Cloudy,N
2024-08-31,Chandigarh,17.5,C,76,0.4,22.3,2.7,Fog,N
18-09-2024,Madurai,14.5,C,42,1.1,27.7,7.5,Cloudy,N
13-05-2024,Delhi,27.3,,97,1.2,7.6,6.7,Cloudy,N
01-03-2025,Bhubaneswar,32.8,,42,0.9,  ,10.4,Sunny,N
08-06-2025,Kolkata,30.6,C,72,50.3,21.5,5.1,Rain,yes
2024-09-11,Nagpur,14.1,C,80,0.6,21.5,10.1,Clear,N
23-02-2024,Kolkata,28.6,,47,17.5,4.9,10.8,Rain,no
2024-05-30,Kolkata,23.5,C,80,81.5,32.1,9.6,Rain,
2024-10-17,Madurai,16.9,,33,1.3,44.2,5.1,Cloudy,N
2024-11-06,Delhi,16.7,C,47,1.6,26.4,4.3,Cloudy,N
2025-05-02,Jaipur,30.3,C,85,0.5,39.8,8.8,Clear,N
26-06-2024,Kolkata,24.6,C,72,1.3,4.0,7.7,Sunny,N
14-05-2024,Delhi,31.7,C,54,53.3,28.5,9.4,Rain,N
2024-01-02,Visakhapatnam,66.7,,84,1.8,13.4,4.7,Clear,N
2025-04-22,Kochi,27.2,C,51,102.3,5.7,5.9,Rain,N
26-05-2024,Lucknow,26.7,C,48,46.0,12.5,7.9,Rain,N
04-04-2025,Hyderabad,35.8,C,75,0.2,18.8,8.5,clear,N
2024-08-11,Kochi,15.4,C,60,67.6,6.1,4.2,Rain,N
2024-06-07,Nagpur,25.6,C,69,67.3,23.7,11.0,Rain,no
2024-03-15,Ahmedabad,27.6,,29,1.1,4.3,6.7,Sunny,N
2025-01-18,Pune,24.5,C,64,12.7,16.4,11.0,Rain,N
28-06-2025,Kochi,23.4,C,63,1.3,14.4,7.9,Cloudy,N
2024-03-15,Visakhapatnam,30.9,C,37,1.3,38.5,9.1,Sunny,N
2024-10-10,Hyderabad,12.3,,59,0.7,28.7,6.5,Clear,N
09-04-2025,Nagpur,30.5,C,95,47.9,32.3,7.0,Heavy Rain,no
2025-03-12,Nagpur,NA,F,69,20.3,32.4,8.2,Rain,yes
08-12-2024,Kolkata,20.0,C,44,97.8,13.2,4.9,Rain,yes
22-06-2024,Delhi,22.6,C,82,0.9,17.9,10.5,Clear,N
25-03-2024,Chennai,37.1,C,93,43.9,45.0,9.3,Thunderstorm,Y
08-05-2024,Hyderabad,29.6,C,92,1.7,13.0,11.0,Clear,N
2024-04-06,Hyderabad,27.8,C,93,62.2,21.2,11.2,Thunderstorm,N
2024-09-25,Chennai,9.9,C,90,0.2,21.2,9.1,Cloudy,N
07-03-2024,Pune,27.8,,41,118.0,44.4,4.6,Thunderstorm,yes
21-11-2024,Chandigarh,19.0,C,73,0.5,33.7,8.6,CLEAR,N
2025-03-07,Coimbatore,31.3,,57,34.2,27.4,7.2,Rain,no
17-05-2025,Bengaluru,26.2,C,null,0.3,12.7,9.0,Cloudy,N
18-05-2025,Kochi,30.1,C,64,58.3,37.7,9.9,Rain,
13-06-2025,Mumbai,26.5,,73,1.1,30.9,8.6,Cloudy,N
28-04-2025,Mumbai,  ,C,NA,1.2,15.7,9.4,Sunny,N
2024-06-28,Bhubaneswar,26.4,C,80,0.3,36.0,8.0,Clear,N
2024-12-20,Coimbatore,22.2,C,92,0.8,32.6,7.7,Cloudy,N
14-01-2024,Mumbai,28.3,C,38,1.8,35.8,6.3,Sunny,N
06-06-2024,Madurai,23.4,,60,72.9,41.6,4.5,rain,yes
2024-05-31,Chennai,32.1,,74,0.9,41.4,4.1,Clear,N
16-05-2024,Pune,28.2,C,29,1.6,15.4,5.6,Cloudy,N
2025-03-08,Ahmedabad,31.1,,91,1.2,6.6,8.3,Clear,N
21-01-2025,Bhubaneswar,30.3,C,80,24.8,36.8,4.6,Rain,no
2024-09-27,Madurai,13.6,C,89,1.0,25.9,9.8,Clear,N
02-10-2024,Pune,16.8,C,56,0.5,33.6,5.0,CLEAR,N
2024-03-31,Mumbai,35.8,C,48,1.6,34.4,6.8,Clear,N
2024-01-25,Visakhapatnam,27.7,,63,1.0,-,6.2,CLEAR,N
10-12-2024,Visakhapatnam,18.4,C,98,1.9,42.3,2.1,Fog,N
2024-11-25,Kolkata,19.2,C,64,1.8,24.8,7.0,Clear,N
2024-02-29,Kolkata,30.8,C,69,1.8,16.5,11.9,clear,N
26-01-2024,Bhubaneswar,29.9,C,95,6.3,8.3,5.5,rain,N
17-05-2025,Lucknow,23.8,C,61,0.1,38.4,1.8,Fog,N
2025-05-30,Visakhapatnam,28.2,,46,1.8,13.7,8.8,Cloudy,N
2024-10-31,Gurugram,18.6,C,65,44.5,40.4,7.3,Heavy Rain,N
2024-03-05,Guwahati,35.4,C,90,2.0,36.1,6.6,Clear,N
2025-04-21,Pune,30.2,C,90,1.8,12.3,4.1,Cloudy,N
2025-04-21,Nagpur,80.4,F,43,0.5,11.1,2.1,Fog,N
18-05-2025,Ahmedabad,96.6,F,56,0.0,29.2,4.6,CLEAR,N
2025-06-09,Delhi,85.2,F,72,1.2,30.7,4.7,Clear,N
13-02-2025,Delhi,29.1,C,54,10.9,8.2,4.1,Rain,Y
17-04-2024,Madurai,unknown,C,73,0.5,34.9,7.7,clear,N
2024-10-06,Mysuru,15.1,C,75,0.3,24.9,4.5,Clear,N
2024-11-22,Guwahati,21.8,C,49,103.9,24.3,5.1,Rain,
04-04-2025,Delhi,31.5,C,80,86.1,41.8,6.5,Rain,N
11-06-2025,Bengaluru,25.0,C,44,93.3,13.2,6.3,Rain,
2024-08-14,Hyderabad,20.0,C,30,1.5,17.2,6.3,Sunny,N
10-09-2024,Lucknow,62.5,F,74,1.9,44.8,5.8,Clear,N
27-05-2025,Lucknow,26.2,C,68,6.6,42.1,11.0,Thunderstorm,N
10-03-2025,Bhubaneswar,32.9,C,34,1.4,44.3,4.3,Clear,N
30-06-2024,Madurai,28.5,C,72,30.8,24.7,4.9,Rain,yes
18-09-2024,Bengaluru,21.2,C,61,0.7,39.9,8.9,Cloudy,N
2024-02-21,Mysuru,26.4,,46,1.5,23.6,5.4,Cloudy,N
07-01-2024,Hyderabad,74.8,F,77,103.8,22.2,6.1,Rain,no
2024-10-03,Kochi,10.2,C,85,0.4,9.2,9.0,Cloudy,N
2024-11-22,Mysuru,14.5,,49,1.0,39.1,6.6,Cloudy,N
2025-02-14,Mysuru,28.1,C,82,1.2,17.9,5.6,CLEAR,N
23-05-2025,Nagpur,92.9,F,38,23.1,44.0,10.5,Rain,N
10-10-2024,Pune,11.6,,84,1.5,26.7,7.1,Clear,N
2024-06-09,Chennai,26.5,,59,105.9,23.2,7.8,Heavy Rain,
01-07-2024,Visakhapatnam,18.1,C,null,1.1,26.8,0.5,Fog,N
2024-11-20,Lucknow,20.6,C,35,72.7,31.2,10.2,Thunderstorm,no
05-06-2025,Ahmedabad,30.4,C,72,34.2,24.0,8.5,Rain,Y
21-12-2024,Lucknow,24.4,C,56,1.2,35.6,7.4,Clear,N
2025-05-26,Guwahati,84.4,F,81,1.8,18.2,8.5,Sunny,N
2025-01-02,Delhi,24.1,C,84,69.8,36.6,11.3,Heavy Rain,N
2024-03-13,Nagpur,32.2,C,97,1.0,10.5,5.7,Cloudy,N
23-01-2025,Bengaluru,78.7,F,69,1.2,13.6,10.0,Sunny,N
02-05-2025,Coimbatore,88.3,F,88,0.9,28.6,10.2,Cloudy,N
2024-08-26,Guwahati,19.1,C,92,56.1,19.4,4.7,Heavy Rain,N
2025-02-26,Hyderabad,26.6,C,48,2.0,7.1,10.4,Sunny,N
24-09-2024,Madurai,13.3,,80,1.9,36.0,1.9,Fog,N
29-07-2024,Pune,22.7,C,90,1.9,4.0,9.4,Cloudy,N
2025-01-11,Guwahati,24.4,,32,1.1,43.7,9.4,clear,N
04-04-2024,Guwahati,33.6,,53,1.0,11.2,11.4,Cloudy,N
2024-03-08,Chennai,33.4,C,57,0.5,34.7,9.2,Sunny,N
30-06-2024,Hyderabad,21.8,C,53,1.8,3.3,1.2,Fog,N
2024-01-19,Chandigarh,29.5,C,81,0.6,2.4,8.9,Clear,N
22-08-2024,Visakhapatnam,22.5,,43,1.5,18.8,10.6,clear,N
23-01-2025,Madurai,23.8,,55,71.6,5.6,9.2,Heavy Rain,yes
2024-10-20,Visakhapatnam,22.4,C,77,24.1,5.6,7.0,Rain,N
2025-04-27,Mumbai,25.9,C,85,24.6,23.2,11.2,Rain,yes
14-02-2025,Mumbai,30.6,C,68,1.6,34.1,4.8,Cloudy,N
2024-02-04,Lucknow,87.9,F,76,0.7,14.2,4.5,Clear,N
2024-08-15,Pune,74.4,,91,1.9,N/A,7.7,Cloudy,N
15-12-2024,Madurai,  ,C,40,49.6,44.1,10.1,rain,N
2025-01-21,Lucknow,26.8,,72,66.9,29.3,5.5,Rain,Y
31-01-2025,Pune,33.0,,38,0.2,2.8,11.4,Cloudy,N
2025-02-03,Delhi,77.3,F,80,0.3,21.3,9.6,Sunny,N
23-06-2025,Chennai,24.9,C,29,1.5,32.4,8.4,Cloudy,N
2024-09-04,Kochi,19.6,C,94,0.5,40.6,10.8,Clear,N
2024-06-08,Jaipur,79.7,F,32,1.7,17.0,4.1,Cloudy,N
06-12-2024,Kochi,14.0,,58,1.8,5.2,8.8,Clear,N
29-01-2025,Delhi,30.1,C,59,81.1,34.2,8.2,Rain,Y
2024-09-03,Delhi,14.3,C,89,1.7,4.0,9.8,Cloudy,N
05-11-2024,Coimbatore,13.3,,80,0.3,36.0,4.8,Clear,N
2025-03-30,Bhubaneswar,30.3,C,87,1.0,9.1,11.1,Sunny,N
2024-05-24,Jaipur,29.5,C,54,0.2,8.8,5.5,Sunny,N
05-02-2025,Delhi,28.1,C,77,27.2,11.3,5.0,Rain,Y
2025-04-30,Mysuru,31.1,,45,1.5,16.8,11.1,Sunny,N
24-06-2024,Chandigarh,25.6,C,69,1.8,35.7,11.3,Clear,N
2024-02-28,Ahmedabad,27.7,C,69,1.5,33.0,10.0,Sunny,N
14-09-2024,Jaipur,17.4,,28,0.5,39.8,4.1,Sunny,N
10-02-2024,Kolkata,33.3,C,76,5.4,38.9,5.2,Thunderstorm,
2024-03-03,Coimbatore,29.9,C,96,20.2,13.7,9.2,Rain,Y
2024-12-22,Hyderabad,23.5,,97,0.6,29.4,6.3,Clear,N
02-07-2024,Jaipur,81.2,F,42,0.4,16.6,10.9,Clear,N
2025-04-06,Lucknow,36.1,C,59,108.2,12.1,5.1,Rain,N
2025-01-24,Madurai,29.5,C,35,0.0,6.0,9.2,Sunny,N
2024-05-27,Lucknow,26.7,C,85,1.9,4.8,9.5,Sunny,N
2024-01-02,Chandigarh,25.7,C,85,63.2,5.9,5.9,Rain,Y
12-08-2024,Gurugram,19.2,C,95,1.1,20.1,11.9,Cloudy,N
2025-04-28,Guwahati,30.8,C,86,19.8,32.3,8.8,Rain,no
02-09-2024,Chandigarh,19.0,C,35,1.1,12.0,0.4,Fog,N
27-08-2024,Delhi,11.3,C,62,1.4,21.7,4.5,clear,N
17-08-2024,Hyderabad,22.3,C,33,82.1,34.3,8.3,Rain,
2024-03-10,Bengaluru,31.8,C,45,0.9,4.3,1.1,Fog,N
2025-05-07,Jaipur,unknown,C,67,1.8,35.1,9.1,Cloudy,N
24-04-2025,Kolkata,31.0,,39,0.7,15.9,1.0,Fog,N
2025-06-19,Mumbai,70.8,,93,36.8,6.7,9.4,Thunderstorm,N
07-06-2024,Madurai,23.5,C,37,0.3,16.0,10.1,Sunny,N
2024-05-14,Chennai,33.1,,76,1.7,40.9,9.7,Cloudy,N
2024-06-15,Delhi,23.6,C,N/A,0.9,27.3,5.7,Cloudy,N
14-08-2024,Ahmedabad,61.9,,84,0.8,18.4,4.5,clear,N
01-04-2024,Kochi,37.1,,38,103.8,36.5,6.8,Rain,no
27-02-2024,Lucknow,29.1,C,58,0.1,42.1,1.0,Fog,N
11-05-2024,Jaipur,29.9,C,98,1.7,36.2,8.1,Sunny,N
2024-03-15,Delhi,29.0,C,53,0.7,4.6,8.4,Clear,N
2024-01-15,Kochi,26.7,C,77,1.1,38.3,7.8,Clear,N
31-08-2024,Mumbai,16.6,C,85,1.5,17.8,5.7,Clear,N
2024-03-09,Pune,32.9,,39,1.3,29.3,6.3,Clear,N
03-03-2025,Bhubaneswar,30.4,,39,0.3,5.6,7.5,Clear,N
2024-02-15,Kochi,32.6,C,35,12.8,26.5,8.8,Rain,N
2024-11-11,Bengaluru,75.9,F,58,65.4,22.7,10.3,Heavy Rain,Y
26-05-2024,Bengaluru,31.4,C,97,0.0,23.7,8.9,Cloudy,N
16-05-2025,Madurai,37.5,C,42,59.3,18.5,5.9,Rain,N
24-12-2024,Chandigarh,23.0,C,53,95.7,43.1,7.7,rain,N
25-06-2024,Chennai,27.0,C,52,0.7,3.1,12.0,Cloudy,N
26-10-2024,Gurugram,18.9,C,40,0.4,31.4,5.9,Sunny,N
09-06-2024,Jaipur,25.5,C,81,1.1,27.2,4.4,Clear,N
2024-05-14,Lucknow,27.9,,52,0.9,unknown,6.8,Clear,N
2025-03-26,Madurai,33.2,,63,1.4,40.7,5.6,Sunny,N
17-03-2025,Chandigarh,  ,,72,1.2,41.2,8.0,clear,N
2024-12-16,Bengaluru,22.8,,59,1.7,36.7,10.7,Cloudy,N
2024-12-15,Chandigarh,67.1,,80,20.1,7.9,8.8,Rain,no
2024-10-07,Bhubaneswar,16.2,C,32,51.4,36.8,8.2,Rain,yes
05-01-2025,Delhi,24.8,C,75,40.9,null,11.2,rain,
2025-01-03,Gurugram,22.3,C,40,2.0,8.0,2.1,Fog,N
15-02-2025,Madurai,null,,58,0.9,22.2,8.6,CLEAR,N
2025-02-11,Bhubaneswar,31.2,C,66,13.7,14.3,7.0,Rain,yes
2025-02-16,Pune,37.4,C,45,1.5,43.7,10.4,Clear,N
12-11-2024,Kochi,12.8,C,77,1.5,24.6,7.1,Clear,N
2025-03-12,Gurugram,82.9,,73,68.6,17.6,10.9,rain,N
2024-03-10,Visakhapatnam,34.9,,49,1.7,44.6,7.1,clear,N
26-08-2024,Visakhapatnam,59.4,,59,0.2,20.3,8.4,Cloudy,N
2025-03-31,Jaipur,34.5,C,68,38.1,37.7,6.7,Rain,yes
2024-09-18,Bhubaneswar,12.7,C,44,1.0,41.4,10.1,Clear,N
2025-04-14,Ahmedabad,29.7,,61,0.5,NA,4.2,Sunny,N
2024-06-22,Guwahati,25.9,,57,1.1,15.7,8.8,Cloudy,N
07-05-2025,Nagpur,33.8,C,63,0.4,8.3,4.5,Cloudy,N
06-02-2025,Hyderabad,75.0,F,42,54.7,35.2,10.4,Rain,N
10-08-2024,Visakhapatnam,58.3,F,61,0.3,32.6,11.1,Cloudy,N
12-06-2025,Bengaluru,23.7,C,38,92.5,40.9,9.0,Heavy Rain,N
2024-10-31,Madurai,17.4,C,54,1.0,21.4,10.0,Clear,N
2024-08-11,Ahmedabad,20.1,,80,1.4,22.6,9.6,Clear,N
2025-05-25,Chandigarh,32.7,C,68,0.8,43.8,7.8,CLEAR,N
26-12-2024,Kolkata,22.7,C,35,99.7,32.3,9.1,Rain,N
10-02-2025,Chandigarh,22.9,C,87,0.9,14.7,6.0,clear,N
2024-08-31,Coimbatore,13.5,,51,60.0,30.7,11.2,Thunderstorm,N
2025-05-05,Coimbatore,31.8,C,94,1.7,29.6,1.5,Fog,N
2024-07-29,Hyderabad,21.6,C,82,96.5,8.1,10.8,Rain,Y
24-11-2024,Hyderabad,18.0,,31,85.0,30.7,6.4,Rain,yes
01-02-2025,Visakhapatnam,36.0,,36,1.3,27.2,2.3,Fog,N
2024-09-17,Madurai,15.4,C,33,1.4,44.5,7.6,Clear,N
20-03-2025,Mysuru,35.6,,60,0.9,17.7,10.7,Cloudy,N
12-01-2024,Mysuru,80.5,,77,0.5,8.8,5.8,CLEAR,N
2025-02-08,Pune,29.8,C,85,0.0,35.3,5.9,Clear,N
15-07-2024,Hyderabad,21.6,C,67,0.1,18.0,8.1,Cloudy,N
2024-12-03,Hyderabad,19.6,C,34,1.5,3.7,11.6,Clear,N
2024-09-23,Lucknow,70.8,F,61,0.1,23.1,6.9,Cloudy,N
23-06-2025,Bhubaneswar,23.0,,76,0.8,40.2,7.3,clear,N
26-11-2024,Guwahati,17.9,,62,1.2,18.4,10.0,Sunny,N
2025-03-02,Mysuru,39.0,C,46,1.0,6.9,11.0,Clear,N
04-04-2024,Kochi,83.3,F,31,1.2,23.9,1.3,Fog,N
14-12-2024,Chandigarh,24.2,,35,0.1,17.7,9.2,Cloudy,N
2024-01-24,Delhi,29.6,C,91,105.9,21.6,10.0,Rain,no
2024-06-16,Gurugram,24.8,C,91,0.7,42.9,8.9,Clear,N
2025-06-23,Kolkata,24.7,,97,0.7,20.0,8.9,Clear,N
11-03-2025,Guwahati,32.0,C,76,1.7,32.5,6.3,Cloudy,N
2024-10-15,Guwahati,14.2,C,70,52.5,44.8,4.0,Heavy Rain,N
2024-11-10,Delhi,19.3,,60,1.5,21.5,1.8,Fog,N
30-04-2025,Kolkata,28.1,C,49,0.0,30.4,6.0,Clear,N
2024-07-24,Gurugram,66.7,F,44,0.2,19.7,10.7,Sunny,N
2024-05-19,Visakhapatnam,29.4,C,95,1.7,8.1,6.2,Cloudy,N
2024-09-07,Chandigarh,17.8,C,-,1.2,8.3,8.6,Cloudy,N
15-11-2024,Lucknow,13.9,,32,64.7,24.7,8.5,Rain,no
2025-03-15,Mumbai,30.3,C,50,1.9,8.6,11.6,Clear,N
2024-03-18,Delhi,30.8,C,unknown,0.6,13.5,0.8,Fog,N
12-03-2025,Ahmedabad,35.2,C,84,116.4,null,11.1,Rain,
08-05-2025,Delhi,32.7,,71,1.3,8.5,7.9,Clear,N
02-05-2024,Madurai,32.5,C,55,38.3,27.3,6.1,Heavy Rain,N
2024-12-28,Lucknow,77.0,F,91,1.6,13.5,6.0,Cloudy,N
13-08-2024,Chennai,23.2,,93,0.4,3.8,4.5,Cloudy,N
29-06-2025,Chandigarh,27.6,C,93,6.7,2.8,7.2,Rain,N
2024-11-04,Nagpur,55.1,F,83,62.5,36.2,11.5,rain,yes
25-04-2024,Mumbai,37.4,C,67,1.0,13.2,11.4,Clear,N
2025-05-15,Coimbatore,25.5,C,73,1.3,21.5,9.7,CLEAR,N
2024-01-22,Pune,32.4,C,89,0.5,5.5,8.4,Clear,N
2024-02-12,Hyderabad,25.5,C,79,1.5,9.8,8.7,Cloudy,N
19-06-2024,Bhubaneswar,73.1,F,null,0.3,23.1,5.8,Cloudy,N
2024-10-23,Gurugram,25.7,C,76,9.8,4.1,8.7,Heavy Rain,
25-04-2025,Coimbatore,32.6,C,78,6.4,15.4,8.6,Rain,yes
2024-12-26,Pune,22.1,C,46,31.0,37.1,7.8,Heavy Rain,no
06-12-2024,Madurai,22.6,C,37,34.4,39.3,5.9,Rain,no
11-06-2025,Ahmedabad,22.3,C,78,27.4,3.6,6.0,Rain,yes
2024-11-07,Madurai,12.9,C,62,0.3,27.7,8.2,Clear,N
2025-05-20,Guwahati,30.0,,96,0.5,33.6,7.6,Clear,N
2024-09-01,Hyderabad,72.7,F,47,22.0,12.8,9.0,Rain,Y
18-05-2024,Bengaluru,28.8,,86,70.0,37.6,9.7,Heavy Rain,no
26-06-2025,Pune,23.8,C,29,1.0,14.7,10.1,Cloudy,N
2024-03-29,Pune,32.4,C,56,1.6,18.7,5.8,Clear,N
2025-06-26,Nagpur,26.3,,44,0.8,33.1,4.5,Sunny,N
2024-03-15,Chandigarh,34.1,C,48,6.0,37.3,8.3,rain,
15-02-2024,Delhi,32.0,C,91,70.8,2.9,7.4,Heavy Rain,N
2024-11-20,Pune,17.0,C,73,10.2,4.9,11.9,Thunderstorm,N
18-11-2024,Delhi,17.4,,32,0.9,21.9,11.1,Cloudy,N
03-09-2024,Kolkata,14.4,,73,0.8,33.0,7.2,Clear,N
19-01-2025,Delhi,26.2,C,71,78.7,42.9,6.6,Rain,Y
25-03-2025,Bengaluru,30.2,C,67,1.2,43.8,2.0,Fog,N
2024-11-08,Mumbai,19.5,,95,1.6,16.3,10.7,Sunny,N
2025-03-07,Visakhapatnam,29.5,C,87,1.2,32.4,8.1,clear,N
2024-06-26,Ahmedabad,27.3,C,58,42.8,37.3,4.7,Rain,N
2024-09-29,Lucknow,20.4,C,37,0.9,31.3,10.2,Clear,N
12-08-2024,Jaipur,20.5,C,87,1.4,27.8,6.0,Cloudy,N
2024-12-13,Pune,18.6,C,39,15.2,5.2,4.3,Rain,Y
2025-04-17,Bengaluru,29.2,C,  ,1.1,41.7,2.5,Fog,N
07-05-2024,Bengaluru,,C,85,29.9,37.0,4.4,Rain,N
29-08-2024,Kochi,13.8,,33,1.6,44.2,10.1,Cloudy,N
2024-08-22,Hyderabad,14.7,C,66,1.4,33.9,8.8,Clear,N
2024-04-25,Gurugram,30.2,C,76,63.7,40.2,7.5,Rain,N
2025-05-28,Ahmedabad,28.8,C,35,1.6,16.1,11.5,Clear,N
2024-11-16,Visakhapatnam,21.0,,37,33.3,26.2,7.2,Heavy Rain,no
2024-06-20,Pune,22.4,C,77,0.9,4.9,8.4,Clear,N
2024-03-02,Hyderabad,25.0,C,92,1.1,14.0,5.7,Cloudy,N
2024-06-06,Visakhapatnam,26.9,C,-,1.1,29.3,10.6,clear,N
21-01-2024,Delhi,26.7,C,74,112.3,42.2,8.0,Rain,yes
2025-03-25,Kolkata,30.6,,46,115.3,38.8,7.6,Heavy Rain,yes
18-04-2024,Chennai,36.6,C,46,90.9,3.4,11.0,Thunderstorm,Y
19-05-2024,Mysuru,26.8,C,40,64.6,40.5,9.7,Rain,N
2025-04-28,Mysuru,31.6,C,35,0.5,33.6,8.1,Cloudy,N
22-01-2024,Ahmedabad,26.2,C,N/A,1.9,42.3,9.1,clear,N
23-02-2025,Gurugram,90.2,F,51,1.8,17.7,6.4,Clear,N
2024-02-23,Visakhapatnam,26.7,C,86,32.2,12.2,5.0,Thunderstorm,yes
2024-10-23,Mysuru,18.4,,75,1.0,40.4,9.6,clear,N
2024-11-24,Kochi,60.3,F,61,49.9,15.4,10.8,Rain,no
2024-10-22,Lucknow,16.3,C,28,1.8,13.5,11.8,Cloudy,N
2024-09-25,Mysuru,16.0,,49,30.1,5.2,10.7,Heavy Rain,
2024-06-07,Bengaluru,79.1,F,53,1.3,9.7,5.9,clear,N
06-01-2025,Mysuru,26.4,C,70,79.7,24.0,5.2,Heavy Rain,N
26-05-2025,Gurugram,27.5,C,50,1.4,19.4,2.5,Fog,N
2025-04-29,Ahmedabad,36.5,C,76,80.8,24.4,10.1,rain,
2024-02-07,Bhubaneswar,32.0,C,94,1.9,  ,5.3,Clear,N
2025-04-30,Coimbatore,30.4,C,79,0.7,34.2,10.3,Clear,N
2024-09-13,Ahmedabad,17.3,,52,1.3,43.6,10.2,Clear,N
2024-08-13,Chandigarh,19.2,C,83,0.1,6.3,4.3,Clear,N
08-07-2024,Coimbatore,18.0,C,34,0.6,32.5,7.8,Clear,N
27-05-2025,Coimbatore,28.4,,69,92.3,42.4,11.3,rain,Y
2025-03-26,Coimbatore,33.7,C,51,37.1,31.2,6.4,Rain,
08-04-2024,Kochi,31.3,,41,0.7,11.3,5.9,Cloudy,N
13-10-2024,Madurai,12.9,C,75,1.2,13.0,4.6,Sunny,N
